time,x,y,computation_time_ms
1747530477.5402842,1.1977828733379081,-1.378524605086422,9.668350219726562
1747530477.556918,1.1572285817508061,-1.4478272995924268,6.508350372314453
1747530477.575993,0.6125343799992589,-2.2423715235491586,5.751609802246094
1747530477.5981998,1.2178225963901814,-2.631030468516868,6.60252571105957
1747530477.6132221,2.0157305702389383,-1.9167404049851107,6.545782089233398
1747530477.6382127,3.0993160744231485,-0.6740321657047228,8.04901123046875
1747530477.655203,3.523043103805518,-0.1761715717641926,5.54966926574707
1747530477.6703103,3.7744736352882566,0.12495855609699587,5.465030670166016
1747530477.6970737,3.980965364068297,0.37470435724226436,5.76472282409668
1747530477.7156053,4.120662451753278,0.5468295970822117,5.406379699707031
1747530477.7368374,3.8005485943958663,0.17936571076715255,5.617618560791016
1747530477.7560382,2.721424793712912,-1.0710468129547734,6.12187385559082
1747530477.7759423,0.46783827191080746,-3.7026150454672138,5.885839462280273
1747530477.7991426,3.355614144802745,-0.27461300991314025,7.088899612426758
1747530477.8157055,4.164942731299014,0.7131146759914421,5.8460235595703125
1747530477.8364122,4.248682790074927,0.8397052444471721,5.611896514892578
1747530477.8581343,4.252705064932123,0.8528547616401272,6.257295608520508
1747530477.8757145,4.257106852522531,0.868521444226511,5.5999755859375
1747530477.8956301,4.255927369667779,0.8758699500983049,5.8383941650390625
1747530477.9185877,4.2572756751548,0.8796569771749935,8.74638557434082
1747530477.9376774,4.252007122228792,0.886159768875955,7.750988006591797
1747530477.9678392,4.248797013899374,0.8923682132695883,12.96377182006836
1747530477.9994543,4.235966602519669,0.8977203201695093,13.448238372802734
1747530478.0201027,4.227169545811009,0.9054733520339872,7.398128509521484
1747530478.0382037,4.215688273939522,0.9137890672536954,6.965875625610352
1747530478.0508788,4.1988408720255,0.9228331087549837,5.845546722412109
1747530478.0771813,4.184088079564117,0.9328759078341087,6.808996200561523
1747530478.1026788,4.175883888578073,0.9392940995999627,9.308815002441406
1747530478.116115,4.169392465159772,0.946135836985952,5.343198776245117
1747530478.1371033,4.164133906778311,0.9521840037155427,5.494594573974609
1747530478.155479,4.153285462330705,0.9596426428276554,6.974458694458008
1747530478.1762195,4.143913793699205,0.9643450461930302,5.365610122680664
1747530478.1956933,4.139837521293976,0.9693832365979389,5.663633346557617
1747530478.2155838,4.137237194738331,0.9708206879508272,5.743741989135742
1747530478.2351992,4.135589618868586,0.9734017763935762,5.4378509521484375
1747530478.2582078,4.129290589091082,0.9781861151553938,6.055116653442383
1747530478.27501,4.12610327143999,0.9803927133067655,5.257129669189453
1747530478.2952037,4.115254220579866,0.987292920025965,5.510568618774414
1747530478.3190026,4.103294317740404,0.9887923473053268,6.818532943725586
1747530478.3311853,4.092046074178561,0.9909198144377612,5.767345428466797
1747530478.351459,4.081287579927861,0.9965401509220582,5.725860595703125
1747530478.3755825,4.075197476071488,1.001500511138156,5.7315826416015625
1747530478.397103,4.068235848850415,1.009027784398701,7.267236709594727
1747530478.410948,4.064620996797145,1.0144565905390768,5.240678787231445
1747530478.435856,4.0628221875675505,1.0174188341049302,5.455732345581055
1747530478.459428,4.040614403953985,1.0262145260961362,9.552001953125
1747530478.4738061,4.025462822351129,1.0323942105565689,5.860090255737305
1747530478.495715,4.008544263288917,1.0391370172874184,5.3253173828125
1747530478.515913,4.0102619475160015,1.0438941807495181,5.234718322753906
1747530478.5355396,4.008825599039561,1.047173963331117,5.434513092041016
1747530478.5593266,4.004642071170726,1.0511462132105878,8.94784927368164
1747530478.5792367,4.005905814875027,1.0540482024933369,9.299039840698242
1747530478.5951047,4.011777013315533,1.0558284811698366,5.416631698608398
1747530478.616162,4.007553320030604,1.061136018166669,5.073308944702148
1747530478.634958,3.995620246403526,1.0656312022427556,5.2337646484375
1747530478.6549952,3.98300720061287,1.0688034904480905,5.241870880126953
1747530478.6748471,3.967365393423886,1.0750146645631429,5.218982696533203
1747530478.6952493,3.956173206786154,1.0813558373378973,5.233049392700195
1747530478.7158265,3.9503789116629733,1.0841475301554,5.516767501831055
1747530478.7353163,3.9406025435927305,1.088521524861364,5.725860595703125
1747530478.7501519,3.93178718241326,1.094981901290914,5.138874053955078
1747530478.7749655,3.921746618257535,1.0997197421430087,5.148887634277344
1747530478.795535,3.9137610394732367,1.1041585953874244,5.454778671264648
1747530478.8155863,3.903196363299366,1.1110206390268493,5.388736724853516
1747530478.8383634,3.899543621595896,1.1147748110235571,7.087945938110352
1747530478.8572457,3.8933919581893943,1.1193318385365751,6.236076354980469
1747530478.8717806,3.88661879679904,1.1225668876800667,5.359649658203125
1747530478.895175,3.8821176092197347,1.1260492941550324,5.133628845214844
1747530478.915872,3.8774276303004536,1.1262672874878463,5.508899688720703
1747530478.9353151,3.8680892220619065,1.1283208535904383,5.462884902954102
1747530478.9589412,3.8607489711162075,1.1292410097574967,7.078409194946289
1747530478.9839795,3.844931043546372,1.1388004525360351,8.64720344543457
1747530479.000411,3.8285086085106195,1.1468913661928115,8.13603401184082
1747530479.015713,3.8130048643537156,1.1551966281250914,5.473852157592773
1747530479.0350852,3.799490512175259,1.160419600433757,5.2509307861328125
1747530479.0549686,3.780239834478269,1.1668323944609817,5.061149597167969
1747530479.074922,3.764806725879884,1.171016300129057,5.0525665283203125
1747530479.094555,3.7653732085281844,1.1771117135512459,4.960775375366211
1747530479.1158907,3.768584621611316,1.1798706576752542,5.242347717285156
1747530479.1349947,3.7666579219508236,1.1818825619164124,5.00798225402832
1747530479.155279,3.760875692372554,1.18667021851307,5.185842514038086
1747530479.1757884,3.752364627922059,1.1874730860538931,5.533695220947266
1747530479.1944692,3.744296917111739,1.1895065768918762,4.888296127319336
1747530479.214606,3.734957397532788,1.1917231299733773,4.926443099975586
1747530479.2352164,3.7342969139212077,1.1956577909347272,5.0411224365234375
1747530479.254782,3.732342316923868,1.1994938702388442,4.952430725097656
1747530479.2747426,3.7311294696389905,1.2028584715770765,4.96220588684082
1747530479.2990222,3.7240536541271636,1.2067288401770118,6.927967071533203
1747530479.3156862,3.7137825843219794,1.2112001908360253,5.967617034912109
1747530479.3347938,3.7135328235281335,1.2145224152227085,4.982233047485352
1747530479.3552427,3.713904120692762,1.2180798370212411,4.9591064453125
1747530479.3782873,3.713722616023535,1.2201244724615135,5.380392074584961
1747530479.3945572,3.6973472196331003,1.2177357900543062,5.063533782958984
1747530479.416183,3.6830226511920987,1.217377097085613,6.686925888061523
1747530479.4349384,3.6672207704727935,1.220891503690705,5.274772644042969
1747530479.4548898,3.6632127690620893,1.2253012412339097,4.907846450805664
1747530479.4750652,3.6630966633603785,1.2279857148349207,5.061149597167969
1747530479.4952292,3.6686120827417854,1.2279871883426983,5.563020706176758
1747530479.5161512,3.6724393208897097,1.2277223393264856,5.179643630981445
1747530479.5357141,3.672458307870009,1.2303147876849219,4.90880012512207
1747530479.554842,3.6741445989694275,1.2290255406090214,5.073785781860352
1747530479.5718236,3.676031638134895,1.229826167917562,4.906177520751953
1747530479.5946553,3.685837014825219,1.2263560747560502,4.946231842041016
1747530479.6145473,3.694076640776031,1.2263258601429212,4.950284957885742
1747530479.63022,3.699791048464568,1.2283026916564286,4.923582077026367
1747530479.6546338,3.708524140942612,1.226535332918025,4.943132400512695
1747530479.6715784,3.712597750616801,1.2265445459912026,4.904985427856445
1747530479.6956277,3.723917291354256,1.2202455247858346,5.389928817749023
1747530479.7150428,3.7245185686910633,1.22165980445292,5.083322525024414
1747530479.72982,3.735849805635942,1.2164771154912468,4.945993423461914
1747530479.7557237,3.740922139384024,1.2137902753311307,5.627155303955078
1747530479.7758753,3.742997228267244,1.2127659286919064,5.555629730224609
1747530479.7946422,3.749932138543874,1.2095691170460525,5.042552947998047
1747530479.8149529,3.7567833486551585,1.2060797812314321,5.018472671508789
1747530479.8349464,3.761286081906614,1.2026152008515492,4.921674728393555
1747530479.855253,3.765678475691006,1.2004798010431434,5.0449371337890625
1747530479.8712666,3.7714341661306543,1.196105430842095,6.586313247680664
1747530479.8948464,3.777009124900253,1.1915259894915553,5.038261413574219
1747530479.9147382,3.7813404506999744,1.188738260403357,4.912376403808594
1747530479.9348314,3.7856524400884135,1.1862722504706835,5.048274993896484
1747530479.954948,3.788783919728097,1.1847032385511551,4.951715469360352
1747530479.9729035,3.792789788679992,1.1826822821716978,5.597591400146484
1747530479.9947376,3.7784701543096535,1.1856353379097535,5.078792572021484
1747530480.0150397,3.7653755209104074,1.1873271634624631,5.120038986206055
1747530480.0353115,3.7564903230586393,1.1910901597806516,5.61833381652832
1747530480.0551062,3.7469466958682123,1.1971717477066348,5.244731903076172
1747530480.0783699,3.743642083026525,1.1972621444864653,5.790948867797852
1747530480.094921,3.7373768590959617,1.2004601542305409,4.87065315246582
1747530480.1144798,3.7275054741857145,1.2018561248928656,4.944324493408203
1747530480.135804,3.711163248833212,1.203322115893565,5.846261978149414
1747530480.1548424,3.6958838683046573,1.2060510653989756,4.878520965576172
1747530480.1776466,3.6838254794727145,1.2090628740736222,7.433176040649414
1747530480.1950097,3.6731309826627707,1.2123515391274047,5.207538604736328
1747530480.2109292,3.6641620031197695,1.2154952157658376,5.136728286743164
1747530480.2357929,3.656686482447133,1.218929501691041,5.769491195678711
1747530480.25484,3.647719112973435,1.2231734881460432,5.068540573120117
1747530480.2773294,3.6392133121027066,1.2255119230275484,6.078243255615234
1747530480.2991621,3.6315503109068583,1.227270498283523,8.118867874145508
1747530480.31816,3.6233807051025235,1.2304417476899407,5.448341369628906
1747530480.3352458,3.619588119396488,1.2324687203514055,5.072116851806641
1747530480.355806,3.6151084607434747,1.2334819795607936,5.519866943359375
1747530480.372791,3.6213309319613733,1.2391885338057107,6.502628326416016
1747530480.3959565,3.6304116749612922,1.2423994280485626,5.750417709350586
1747530480.4157891,3.638129964445413,1.2427808523466175,5.508184432983398
1747530480.4389234,3.6437945314876043,1.2452395709906066,7.757663726806641
1747530480.4577663,3.6536390173678615,1.2459973734315535,6.219387054443359
1747530480.4787595,3.6625531382686534,1.2442154625992323,7.183551788330078
1747530480.494471,3.6694261035237727,1.2438663895841047,4.822254180908203
1747530480.5144215,3.667120412915967,1.243156219929854,4.825353622436523
1747530480.5346775,3.6684435158847686,1.2410137372885175,4.956483840942383
1747530480.5546324,3.666821044565297,1.2412140497081035,4.954814910888672
1747530480.5749338,3.658694555049796,1.2396424209788064,5.008697509765625
1747530480.594669,3.6620835059367205,1.2386247123546177,4.891872406005859
1747530480.6095,3.663819206983186,1.2382424243018286,4.763603210449219
1747530480.6346943,3.6573942696750117,1.239674936676718,5.0563812255859375
1747530480.6553242,3.6502189275253234,1.240546218808021,5.231142044067383
1747530480.6756225,3.6466273502172313,1.240483061071019,5.013465881347656
1747530480.6918643,3.6511437148173616,1.240446493817147,6.1206817626953125
1747530480.7154467,3.64877612120913,1.2383072376502469,5.226850509643555
1747530480.7344117,3.6484769465797076,1.236844815034573,4.844188690185547
1747530480.7557917,3.6493966602820187,1.2353382671878623,4.772424697875977
1747530480.775294,3.647500364786632,1.2369830835002535,5.149364471435547
1747530480.7981226,3.647038516014079,1.23891081157408,7.803678512573242
1747530480.8180974,3.6496319158916513,1.2357248983199185,8.10551643371582
1747530480.837797,3.652374176933143,1.2385802994743136,7.126569747924805
1747530480.8576944,3.659605701854337,1.2391223174117298,6.494760513305664
1747530480.875189,3.6658726439235023,1.2390713759401102,5.178689956665039
1747530480.8907049,3.670582637170915,1.2389848893693929,5.68699836730957
1747530480.915208,3.6709887488803887,1.238497781531108,5.208492279052734
1747530480.9346137,3.6654136274885456,1.2380640000617462,4.985570907592773
1747530480.9550965,3.6678091555785417,1.2364579994160332,5.329608917236328
1747530480.9751668,3.6669780515886865,1.237886097923846,5.201816558837891
1747530480.994819,3.672925692804888,1.2368738537158417,5.039453506469727
1747530481.0149305,3.6761627494427502,1.23586914961512,5.168676376342773
1747530481.0345998,3.6686299411981027,1.2357578463659988,4.890203475952148
1747530481.0515456,3.6681005328042073,1.2344441330168012,5.127906799316406
1747530481.0744274,3.664912144951065,1.2360652196674964,4.795551300048828
1747530481.1002924,3.6575955745429525,1.2338417066138734,5.743980407714844
1747530481.1148338,3.6537424771794136,1.234192659752334,7.231473922729492
1747530481.1359384,3.6555967706289203,1.2339064091712457,8.167266845703125
1747530481.1619763,3.6617788240821696,1.23466314390145,7.758140563964844
1747530481.174869,3.673717508169083,1.2324177350321177,5.054235458374023
1747530481.194776,3.6770649082703044,1.2342195861794154,4.859685897827148
1747530481.217519,3.6805547397319107,1.2357092353000096,7.359504699707031
1747530481.235094,3.6765336966161364,1.235072447682831,5.161046981811523
1747530481.2526293,3.6720134647252,1.234249759852583,4.854679107666016
1747530481.270611,3.6691670048656317,1.2335650464938208,5.053043365478516
1747530481.2994523,3.6684634672786705,1.2335721983310473,7.775545120239258
1747530481.311754,3.668490795735155,1.233704471629064,4.960775375366211
1747530481.3373632,3.6656226293365255,1.2338313376061765,7.087945938110352
1747530481.3555818,3.6631726119530876,1.2329271175952583,5.515813827514648
1747530481.3746464,3.663609142312795,1.2318715153160134,4.911661148071289
1747530481.3945804,3.6671679155533323,1.2331069924313964,4.884004592895508
1747530481.4109333,3.667089973923192,1.234283697648183,5.048990249633789
1747530481.4344826,3.669384034156885,1.233551159402783,4.827260971069336
1747530481.4543912,3.6563232693128587,1.2359519929074132,4.8847198486328125
1747530481.4742444,3.640757276531985,1.2402291650449342,4.784107208251953
1747530481.4944353,3.6310459568531965,1.2431893903635973,4.93621826171875
1747530481.5150595,3.6306290020458185,1.2434604349096012,4.925727844238281
1747530481.5345986,3.631127663550685,1.2407072930723249,4.980325698852539
1747530481.554979,3.6309532185046085,1.240111231258929,4.936456680297852
1747530481.579384,3.6300741570186603,1.2414499452910106,8.415460586547852
1747530481.5965493,3.6394781309524675,1.2430978159648503,5.333185195922852
1747530481.6151063,3.65006601459277,1.2426079884024783,4.900217056274414
1747530481.6410522,3.6548073050771834,1.2438595777010024,7.945537567138672
1747530481.656807,3.654731937075623,1.2404385668977442,6.013154983520508
1747530481.674481,3.6531302093462634,1.23847702539171,4.863977432250977
1747530481.6908834,3.656572081406629,1.2371641339860755,5.60450553894043
1747530481.8426535,3.6541560578447196,1.2393067213622053,5.367279052734375
1747530481.8522105,3.651801691001114,1.2389511789790226,4.901885986328125
1747530481.8747423,3.6487254750397735,1.2398175289735451,4.93621826171875
1747530481.8946183,3.647685941598931,1.2395388186161524,4.990339279174805
1747530481.9162273,3.6564434625215916,1.2397354733392276,5.870342254638672
1747530481.939245,3.6665543944706607,1.237933998772325,7.027387619018555
1747530481.95642,3.6703563512632305,1.2380401033483426,6.210803985595703
1747530481.9806063,3.6574640207900595,1.2371375883917979,8.821964263916016
1747530481.996869,3.6478984687270706,1.237874531478246,6.572961807250977
1747530482.0163643,3.6380133030630404,1.2394701425785335,4.971504211425781
1747530482.0294144,3.6301784719710017,1.2398253091272808,4.726886749267578
1747530482.05686,3.6222272623055964,1.239680601617129,7.256984710693359
1747530482.074973,3.61704566646802,1.2395416893882205,5.013704299926758
1747530482.0919907,3.6102859546019244,1.2399960325777792,6.340742111206055
1747530482.113385,3.62062815774288,1.2422481201846758,6.134271621704102
1747530482.134958,3.6305606628075116,1.2415758841611173,5.06281852722168
1747530482.157285,3.6324443318519224,1.2417694873790024,7.558345794677734
1747530482.1770756,3.6406299971243676,1.2430436774401383,6.856203079223633
1747530482.1951125,3.65074078385609,1.242228221125815,5.097627639770508
1747530482.2150009,3.658587878778628,1.2411542995859044,4.935979843139648
1747530482.2296696,3.6658545048124154,1.2410954672892889,4.900455474853516
1747530482.2533708,3.670182794129267,1.2388398590806802,8.221149444580078
1747530482.2718253,3.667370615915194,1.2397149246250267,5.997180938720703
1747530482.2999332,3.664713440656219,1.2398832208525052,7.739067077636719
1747530482.3167026,3.659072024404826,1.2405775174148281,6.541967391967773
1747530482.334754,3.6580064645357937,1.2406823654185193,5.106687545776367
1747530482.3546767,3.6663230821235127,1.2392429161643626,4.98199462890625
1747530482.3743474,3.672075287468028,1.2381297461455232,4.872560501098633
1747530482.3986728,3.6752119484563837,1.2375712021708338,8.857011795043945
1747530482.414678,3.6774228101985025,1.2363258086845852,4.990339279174805
1747530482.4349096,3.6706944601478075,1.236939064419764,4.986763000488281
1747530482.456582,3.663963776708892,1.2388258778472996,6.81614875793457
1747530482.4747791,3.6552148499036656,1.2391243888973376,4.986047744750977
1747530482.4949129,3.6517882918671374,1.2386397889015242,5.239963531494141
1747530482.509752,3.6373320599613472,1.237834545863178,5.090236663818359
1747530482.535529,3.6223637204967467,1.2393596601550754,5.423784255981445
1747530482.5556226,3.6136878556951095,1.239976436646139,5.499124526977539
1747530482.5729046,3.6244718095314945,1.2433917300935355,5.754232406616211
1747530482.5947804,3.631178792232756,1.2439384503003414,4.985809326171875
1747530482.614553,3.6344802860011396,1.2435415156707699,4.886865615844727
1747530482.6302075,3.639961015882968,1.2460279502538572,4.83250617980957
1747530482.65835,3.645252755903889,1.2474184884976844,7.918596267700195
1747530482.674923,3.6501527285287647,1.2480760692536164,5.024433135986328
1747530482.695486,3.6470581228806016,1.2458383282535983,4.837512969970703
1747530482.7144046,3.641888599722727,1.245054747420022,4.767656326293945
1747530482.7360778,3.639523448839236,1.2442538123906994,6.077289581298828
1747530482.755454,3.6380373064305886,1.2437512336184484,5.561113357543945
1747530482.7756772,3.6314867373291535,1.2421243479041524,4.903554916381836
1747530482.7949572,3.623195409351984,1.2414455137104983,5.205392837524414
1747530482.8144624,3.616044225013526,1.2396064474173016,4.916906356811523
1747530482.8344705,3.6260811663821917,1.242159833918819,4.917383193969727
1747530482.854627,3.638673038416921,1.2442924169522558,4.943609237670898
1747530482.875221,3.6420314754311445,1.2478522319616734,5.530595779418945
1747530482.8943465,3.6435930368541727,1.2460623535486854,4.888296127319336
1747530482.9147403,3.643974355820768,1.2461462350305843,5.022764205932617
1747530482.9350815,3.643004772651973,1.24454626731132,5.376577377319336
1747530482.955617,3.6406081053413386,1.2437891783603223,5.585670471191406
1747530482.9748533,3.62649337321572,1.2427469515364649,4.998922348022461
1747530482.995161,3.6179907921788694,1.2419458670149441,5.24592399597168
1747530483.024807,3.6115237307960086,1.2428352916667278,11.961698532104492
1747530483.0374715,3.6195181258090634,1.2432945880317352,6.2580108642578125
1747530483.0549474,3.625855184997139,1.2431189563070044,5.138635635375977
1747530483.076426,3.634669065152825,1.2423143275811994,4.815578460693359
1747530483.0924299,3.643074520458815,1.2408017023109923,6.548881530761719
1747530483.1171575,3.6477314227804483,1.2421184457516108,7.013559341430664
1747530483.138799,3.655355499255435,1.2426606655872545,7.717132568359375
1747530483.155637,3.6592709210319767,1.2421361000750872,4.848957061767578
1747530483.1749797,3.6687144450953424,1.2405307692478709,5.123138427734375
1747530483.194851,3.681683175548054,1.2368567392790306,5.00798225402832
1747530483.2160265,3.6786733252197297,1.2384281584131465,4.876136779785156
1747530483.2354288,3.6800597775193897,1.237518051926831,5.698680877685547
1747530483.2547512,3.6780360510393555,1.2359434875567514,4.890918731689453
1747530483.2752433,3.6796520940964927,1.2337212320304338,5.100488662719727
1747530483.2906847,3.6779978154727995,1.2344142893542287,5.0334930419921875
1747530483.3155277,3.6765900515214427,1.2355370552382465,5.439519882202148
1747530483.334684,3.6719435390026014,1.2342441317039645,4.996299743652344
1747530483.3550417,3.669438328059738,1.2316187696228051,4.987239837646484
1747530483.3759573,3.668971775338535,1.2299137763304193,5.761861801147461
1747530483.394877,3.662570710097682,1.2298547278234364,4.949331283569336
1747530483.4149542,3.657475782935191,1.228943971150319,5.322694778442383
1747530483.435346,3.6552417065516276,1.2280839998358173,4.93621826171875
1747530483.454955,3.644200165842082,1.2286601706908507,5.024909973144531
1747530483.4749172,3.6381961853456053,1.2282141455193283,5.013465881347656
1747530483.4952886,3.6281108714130017,1.2298033651098625,4.992246627807617
1747530483.5156584,3.633524623376815,1.2305743031360674,5.4187774658203125
1747530483.5350306,3.635437945446235,1.2336342229217823,5.2356719970703125
1747530483.5581875,3.632972037467783,1.2365505003543433,8.488893508911133
1747530483.579043,3.637097046178691,1.2356848363341184,8.435487747192383
1747530483.5931988,3.633824889509733,1.2387229990034399,4.920482635498047
1747530483.6151698,3.6300741412583433,1.2414591096443683,5.310773849487305
1747530483.6353238,3.630203208376671,1.243622203108443,4.883766174316406
1747530483.6547444,3.6261843357087002,1.2467402796316438,5.039215087890625
1747530483.674792,3.621612842871679,1.2491654152495664,4.933595657348633
1747530483.6954813,3.61827464724955,1.2504814641841446,7.0953369140625
1747530483.7151718,3.6250417283770844,1.250685401643549,4.909753799438477
1747530483.7431579,3.632566156467682,1.2494916768646824,13.21268081665039
1747530483.754922,3.639309008088276,1.249400768983207,5.199193954467773
1747530483.7745798,3.643656601173715,1.2492006553735857,4.844188690185547
1747530483.7945766,3.6532977216112497,1.2469020373024777,4.900455474853516
1747530483.8149993,3.6678037165851,1.2439280819441043,5.169868469238281
1747530483.832652,3.6741188138393523,1.2429600938945267,6.989717483520508
1747530483.8564606,3.6690568683276346,1.241008175174038,6.613254547119141
1747530483.8704498,3.6681891517872005,1.2369500524676247,5.032777786254883
1747530483.8919463,3.6698838264606586,1.2349860303316664,5.168914794921875
1747530483.9144173,3.6491987448616663,1.237262706663327,4.8885345458984375
1747530483.9349315,3.6350305845698063,1.2379467595917464,5.220651626586914
1747530483.9549294,3.6239279970971445,1.237870303694777,4.973649978637695
1747530483.9801788,3.6155364734270035,1.2398015133782814,7.827520370483398
1747530483.9960744,3.612450907231827,1.2387701493684213,5.24139404296875
1747530484.014772,3.6074542969632097,1.2395916978640598,4.920482635498047
1747530484.0347736,3.6024198018924416,1.2403697454849514,4.972219467163086
1747530484.0551865,3.607234861666257,1.239638378237465,5.493879318237305
1747530484.075032,3.614488961758679,1.2379242086831443,5.227804183959961
1747530484.0968435,3.6202559886205,1.2354009140193731,5.988836288452148
1747530484.1155708,3.617679286298386,1.2387539241718826,5.470514297485352
1747530484.1349597,3.6161931273927297,1.2427465399442634,5.15437126159668
1747530484.1591601,3.610400894003557,1.245191657518995,6.975889205932617
1747530484.1797643,3.612960782818583,1.2470845926767045,8.357524871826172
1747530484.1951537,3.6108400046776494,1.2479926212314576,4.991769790649414
1747530484.2148974,3.607528035309885,1.2485523721048146,5.171298980712891
1747530484.2353468,3.606246394434716,1.2488958171582978,5.362749099731445
1747530484.256326,3.608195739701306,1.2503557668564045,4.864215850830078
1747530484.2707403,3.610107969617801,1.249126004478239,4.913091659545898
1747530484.294872,3.614006725207197,1.2477009923568576,5.028486251831055
1747530484.314707,3.6304628758621824,1.2479442483956378,4.979372024536133
1747530484.334605,3.643911090234917,1.2499790897733727,4.886388778686523
1747530484.3542545,3.652367809453696,1.2502737992001511,4.704475402832031
1747530484.3765342,3.659914458195666,1.2485754162236755,4.93311882019043
1747530484.3948562,3.66408576480057,1.24694168490427,5.036354064941406
1747530484.4151618,3.6685477576956296,1.2446406266254335,5.232810974121094
1747530484.4349682,3.6702642183227634,1.2412468115281843,5.167961120605469
1747530484.461113,3.671327454106413,1.2403554625460176,6.5326690673828125
1747530484.4754255,3.667477159931884,1.2405669392161123,4.792690277099609
1747530484.4948392,3.669614051067876,1.2394223081407376,4.893064498901367
1747530484.5164728,3.650246365460229,1.239932543488376,5.072355270385742
1747530484.534967,3.6385555806341614,1.2397228090740455,5.109548568725586
1747530484.5550787,3.626964526855542,1.240034511051298,5.152702331542969
1747530484.5763314,3.6447005672771717,1.2412424308267582,6.128787994384766
1747530484.5955832,3.6553718451755612,1.2405573138109267,5.347728729248047
1747530484.619751,3.6673816366736895,1.2393489726877842,7.508277893066406
1747530484.6348088,3.6705507945661546,1.2396893605473316,5.159854888916016
1747530484.6520858,3.672171461288576,1.2407123235386937,6.148099899291992
1747530484.6715457,3.674789651249817,1.2402535165193822,5.7201385498046875
1747530484.6944728,3.6721754530132134,1.240690744148006,4.8923492431640625
1747530484.7146006,3.6718005683760433,1.2401154854969338,4.988431930541992
1747530484.7343595,3.6713295299390944,1.2403204603593037,4.857540130615234
1747530484.7581205,3.6651608400709748,1.2407783340236744,8.463382720947266
1747530484.7699125,3.656693702051678,1.2387911752786434,4.864215850830078
1747530484.7913587,3.650632463795427,1.2370133064017714,6.531238555908203
1747530484.8142755,3.645682501066319,1.2358930222029796,4.847288131713867
1747530484.8351038,3.635158776396743,1.236441329352039,5.06901741027832
1747530484.8568242,3.6294440269713193,1.2354450071385157,5.303621292114258
1747530484.8730097,3.624372654032729,1.2361098796922454,4.967927932739258
1747530484.8958523,3.6327398858925264,1.2382339735993844,5.801200866699219
1747530484.9178305,3.6403854485457057,1.2389196533557068,6.326436996459961
1747530484.9347858,3.646771264367363,1.2388266254995377,4.981517791748047
1747530484.955093,3.651655672586986,1.2385483443756276,4.95147705078125
1747530484.9747086,3.6529207441248928,1.2393163645235505,4.93168830871582
1747530484.9921708,3.6557578653536074,1.240180409252996,6.549835205078125
1747530485.0237267,3.658137194271908,1.238438419565706,6.595611572265625
1747530485.0373335,3.6630215680126117,1.2354446032937456,5.74946403503418
1747530485.0559578,3.662050753399749,1.2363806519300147,5.963325500488281
1747530485.0753367,3.665645992785925,1.2355010337148613,5.478382110595703
1747530485.0953774,3.6554245196774495,1.2340517990033035,5.416154861450195
1747530485.1152582,3.6469794821708215,1.232220787573931,5.13911247253418
1747530485.1321125,3.6397432182550173,1.2310805349044913,5.385398864746094
1747530485.154541,3.6352885825857477,1.232589280935987,4.919528961181641
1747530485.1744564,3.635330456381068,1.2322049050058779,4.961729049682617
1747530485.1948307,3.634107453073668,1.2336754435676036,5.2814483642578125
1747530485.2102633,3.632323698773929,1.234663014256686,5.27644157409668
1747530485.229674,3.6308395286503785,1.2376456791403834,4.853725433349609
1747530485.2556078,3.624643942046797,1.2403952495245332,4.885196685791016
1747530485.2758827,3.6188536833070857,1.2442286125902942,4.983425140380859
1747530485.295535,3.6339958351412864,1.245049994481791,4.904270172119141
1747530485.3107784,3.6494997085465903,1.244122255852164,5.039453506469727
1747530485.3397975,3.661047238929493,1.2422934678524393,8.399724960327148
1747530485.3580918,3.673903081106028,1.238668878827465,6.066083908081055
1747530485.378446,3.6823063479664597,1.2373191666029555,6.377696990966797
1747530485.3943713,3.6965382175948034,1.2316830013893856,4.873991012573242
1747530485.415834,3.703227364964136,1.2284733896263018,6.073474884033203
1747530485.4368517,3.706622239896151,1.2286041169142627,5.90205192565918
1747530485.4557633,3.7018961881826575,1.2258109304694331,5.8574676513671875
1747530485.4783227,3.700094210611547,1.2234122464280133,6.554603576660156
1747530485.5007508,3.6970713013278043,1.2225451407784917,6.991386413574219
1747530485.5119288,3.681447349433583,1.2243446763344077,5.45048713684082
1747530485.536191,3.6642030345780796,1.2262335262718531,6.100893020629883
1747530485.5577943,3.6480712912069744,1.2287167964428112,6.198406219482422
1747530485.5772562,3.6360183836137727,1.2303067345719185,5.684375762939453
1747530485.5916905,3.623044861930726,1.2336974039544983,6.626605987548828
1747530485.6144655,3.6139349219379566,1.2350558064470796,4.865884780883789
1747530485.6344097,3.60638697603769,1.2362392527404926,4.952430725097656
1747530485.6552234,3.610945558902329,1.240240230295191,5.335330963134766
1747530485.6745958,3.6121244296346697,1.2420438278352262,4.791736602783203
1747530485.697513,3.6152049938480424,1.2439164618600878,7.302522659301758
1747530485.7144663,3.6213555292598185,1.24542232299763,4.905939102172852
1747530485.731383,3.620354260466435,1.2477773161761232,6.581306457519531
1747530485.7555978,3.619900306681257,1.2486684370295666,6.010293960571289
1747530485.7745664,3.629135631393708,1.249154248337928,4.910945892333984
1747530485.7955785,3.6363052256709936,1.2512382901806816,5.39708137512207
1747530485.8154805,3.64040981773664,1.2521370504232923,5.280256271362305
1747530485.8324673,3.646512529893591,1.2524416092069792,7.416248321533203
1747530485.8552146,3.6552018291762782,1.2511459410518728,5.054712295532227
1747530485.8747823,3.664644882945365,1.2494126601035453,4.89044189453125
1747530485.8945506,3.672702056089413,1.2448952235357469,4.882097244262695
1747530485.9143145,3.6793883565993024,1.2446049065851998,4.935741424560547
1747530485.9296007,3.6862668302377837,1.2442831405146808,4.886388778686523
1747530485.9572554,3.6936571269944727,1.2427304423951282,6.563663482666016
1747530485.9751644,3.687773880678885,1.2393286911431052,5.153179168701172
1747530485.9961617,3.68479982235573,1.23548854673463,4.919290542602539
1747530486.015446,3.6811657632272223,1.2355017464894695,5.342721939086914
1747530486.035423,3.67961622305547,1.233827412785544,5.548715591430664
1747530486.0550802,3.670710873036602,1.231659865217551,5.174875259399414
1747530486.0751288,3.6617930970624006,1.2314746167007962,5.168437957763672
1747530486.0950737,3.651474235279309,1.231597429255188,5.022525787353516
1747530486.114347,3.63907371019091,1.2331893131135723,4.920721054077148
1747530486.1389349,3.6325308981853444,1.2340615903300765,8.161544799804688
1747530486.15466,3.6260693108257684,1.234079913504718,4.937171936035156
1747530486.1747634,3.637045817314525,1.2349987213314766,5.061149597167969
1747530486.1944056,3.6484985257711617,1.2332550146982142,4.900217056274414
1747530486.2151413,3.6554418681010694,1.23221926287799,5.342721939086914
1747530486.234556,3.663823252033376,1.2344895908460123,5.054235458374023
1747530486.2547593,3.6657871735019136,1.2356134789625128,5.0907135009765625
1747530486.2748532,3.6688814874869826,1.2358274011401247,4.974842071533203
1747530486.3048773,3.6696596714513867,1.235949707697905,7.628679275512695
1747530486.3221502,3.669448923439552,1.2364376738452338,5.927324295043945
1747530486.3357341,3.673692546949759,1.2359521939079794,5.626440048217773
1747530486.3596191,3.675752944903868,1.2356816454402995,7.856607437133789
1747530486.3723118,3.6873184423158922,1.2344329215086516,7.023811340332031
1747530486.3934326,3.696919264198297,1.2318862559258565,7.2784423828125
1747530486.412713,3.7002463006043658,1.2319549057785064,6.612300872802734
1747530486.4316628,3.704900485554528,1.2309137415679003,4.755496978759766
1747530486.4510565,3.708571539745369,1.2294897093848425,5.315542221069336
1747530486.4706008,3.712777007888859,1.227801394248328,5.025386810302734
1747530486.496075,3.7080561166880353,1.226129672604404,4.967689514160156
1747530486.5098982,3.7087462451565374,1.2240787080011832,4.741430282592773
1747530486.535611,3.709073548829896,1.2230013466749745,5.40471076965332
1747530486.5547373,3.7051014723863576,1.2247486405936725,5.014896392822266
1747530486.5744066,3.703129006041308,1.2230368286504252,4.808664321899414
1747530486.5965126,3.7041103481400044,1.2219039159531964,5.653142929077148
1747530486.6172564,3.7035948205461864,1.220090436808378,5.8307647705078125
1747530486.6367583,3.682623586379424,1.22224240479433,5.830526351928711
1747530486.6547215,3.6632182760631316,1.2252790447309005,4.957914352416992
1747530486.674471,3.6479542768620443,1.2282068764007954,4.952192306518555
1747530486.694428,3.6475901021961357,1.2304818865587586,5.08570671081543
1747530486.711012,3.6434146194018306,1.2346379951573336,5.581378936767578
1747530486.7371166,3.641204757458273,1.2380897305967937,6.367921829223633
1747530486.8757846,3.6407438677303396,1.237140704050107,7.802009582519531
1747530486.897756,3.655047810629038,1.2383391430300976,6.690502166748047
1747530486.9156306,3.6762557913340905,1.2345792875526969,4.797935485839844
1747530486.9354942,3.6859492266265357,1.23183202127935,4.904031753540039
1747530486.955339,3.6743867141745077,1.2305381365015036,4.686117172241211
1747530486.9749694,3.6657116610776317,1.2301867515951475,5.029201507568359
1747530486.9898741,3.656783541326234,1.230442679178496,4.914522171020508
1747530487.0096467,3.65246142902976,1.2294219361565213,4.85682487487793
1747530487.029592,3.664874546775502,1.2323213935512107,4.696130752563477
1747530487.0496876,3.674963374291326,1.2345611724362544,4.844903945922852
1747530487.0756586,3.6802114970140773,1.2355148898891528,5.533456802368164
1747530487.0949533,3.65770131393071,1.2370325003323392,4.887819290161133
1747530487.1147568,3.6379100750530022,1.2391191088809805,4.923343658447266
1747530487.1388154,3.6272052492416322,1.2388569987689821,8.699893951416016
1747530487.1606812,3.6237606309520287,1.2423299825174503,9.097814559936523
1747530487.179469,3.6202721788807835,1.2447343461519365,7.2040557861328125
1747530487.2046742,3.6219648873817785,1.2441792676323817,8.930206298828125
1747530487.2162836,3.6303489233011406,1.2433803293982066,5.108356475830078
1747530487.2346675,3.637776738249047,1.2425481543653574,4.870891571044922
1747530487.256568,3.6445317425889145,1.242723686097179,6.666660308837891
1747530487.2769194,3.6460567328114326,1.241551536118302,6.878852844238281
1747530487.294935,3.6414077153714572,1.2401848359184742,5.074262619018555
1747530487.316379,3.6347333359375957,1.2404754917892151,5.1136016845703125
1747530487.3348062,3.627100676772398,1.2423064606287353,5.078554153442383
1747530487.3553932,3.643327264523979,1.2428996388237958,5.127429962158203
1747530487.3750064,3.6576366541712275,1.2433302147265421,5.095243453979492
1747530487.3903396,3.6650705245628017,1.2423230644824463,5.041837692260742
1747530487.4151971,3.648034757856826,1.2383625990424307,5.092382431030273
1747530487.4351912,3.6324082992304305,1.2375771357089915,5.181074142456055
1747530487.4548283,3.6253849258227637,1.2361254818813892,4.906654357910156
1747530487.4752047,3.618481349134258,1.2354831124503576,5.67173957824707
1747530487.4956644,3.620124783110103,1.240513435422726,5.384206771850586
1747530487.5146809,3.621501992881257,1.2413820754556275,5.042552947998047
1747530487.5356264,3.6233300113655984,1.243237411162759,5.41234016418457
1747530487.555659,3.634941680416895,1.2441713201402456,5.330324172973633
1747530487.5694556,3.641185542271637,1.2453409165301843,4.853487014770508
1747530487.5948539,3.649467213568476,1.2449128952393316,5.099058151245117
1747530487.6164963,3.654120664018281,1.242596259152245,6.694555282592773
1747530487.6344433,3.6562080610185155,1.2413936788255564,4.880189895629883
1747530487.6586347,3.6552497906159465,1.240177551203995,5.860567092895508
1747530487.671932,3.654748579666827,1.2395563924887814,5.682945251464844
1747530487.695683,3.6559212552984346,1.2377647652617987,5.508899688720703
1747530487.7155948,3.659040181010581,1.2395616976024197,5.18035888671875
1747530487.7347677,3.6644413825204696,1.240024308861415,4.885673522949219
1747530487.7542806,3.6665724683852345,1.2414432365915549,4.872560501098633
1747530487.774925,3.6507721166804985,1.2396189469740189,5.218982696533203
1747530487.7948532,3.637344118236172,1.2394275637064285,5.179405212402344
1747530487.8154373,3.6287231576849894,1.2395119622180668,5.034446716308594
1747530487.83579,3.619792200161277,1.2402130696108136,4.976511001586914
1747530487.8590415,3.6278652654808727,1.2452927490665548,8.151054382324219
1747530487.8781402,3.6376183143989027,1.2467866128514455,5.769252777099609
1747530487.8959413,3.6450007773579056,1.2494409314513957,5.882978439331055
1747530487.914776,3.642755621575147,1.2486455271432866,4.878520965576172
1747530487.9351125,3.6450335347197433,1.2472253081887492,5.550861358642578
1747530487.954582,3.6465481740331724,1.2472131319330937,5.035400390625
1747530487.974647,3.6295890916881843,1.245161902765744,4.848480224609375
1747530487.995714,3.6183499683443583,1.2450150757263034,4.819631576538086
1747530488.014417,3.6137557630555395,1.2437381458583203,4.851818084716797
1747530488.0344646,3.612317905602785,1.24516471992905,4.873752593994141
1747530488.0543518,3.6170693972728833,1.2445554719788279,4.8084259033203125
1747530488.0744371,3.6152715226287877,1.246057230944481,4.932403564453125
1747530488.0948865,3.614005622765684,1.246821451414024,5.188226699829102
1747530488.11441,3.6251750710146666,1.2488877409743493,4.8675537109375
1747530488.135115,3.6366820317149187,1.2508218538979927,5.105733871459961
1747530488.1547318,3.6472230912842267,1.2487012390470287,5.019664764404297
1747530488.1764913,3.639892092071527,1.2464000927606047,6.37507438659668
1747530488.1952755,3.62975255944283,1.2449775251940727,5.0640106201171875
1747530488.2150939,3.6182995355489598,1.2455993748444802,5.149364471435547
1747530488.2349792,3.6119347119132623,1.2433273822605913,5.02777099609375
1747530488.2596757,3.608327919007103,1.2405809269782493,9.750843048095703
1747530488.2744613,3.6078779761543487,1.2387380432156088,4.863262176513672
1747530488.2991774,3.617475266508985,1.2409218250694052,6.55055046081543
1747530488.3195515,3.622111005917054,1.2430370694685304,8.263587951660156
1747530488.3354588,3.62285028238267,1.2437149124970193,5.353450775146484
1747530488.359574,3.6206449933746034,1.2448208920900925,9.504079818725586
1747530488.376226,3.6414353826315,1.2444386942573433,5.946159362792969
1747530488.4039388,3.6583718586696823,1.2426837040337702,11.343002319335938
1747530488.4271486,3.6669549522342817,1.241306877777234,9.014368057250977
1747530488.4465544,3.653181623516524,1.2403709599192707,7.560491561889648
1747530488.4573355,3.6454832126216368,1.2395466005828872,5.27644157409668
1747530488.4757855,3.6383241286457046,1.2372089694579287,4.883766174316406
1747530488.49091,3.6351743123079876,1.2350555152356184,5.61070442199707
1747530488.51769,3.647263855481098,1.239662346830818,5.229473114013672
1747530488.5350208,3.658060038689809,1.2396139343277457,5.116701126098633
1747530488.555426,3.6740521880481887,1.2373059021681132,5.120038986206055
1747530488.575833,3.659273538456446,1.2356384027627278,5.707979202270508
1747530488.590139,3.6445410696471634,1.2358340183000578,4.82940673828125
1747530488.6184747,3.637631022007345,1.2323815882308111,6.408452987670898
1747530488.6347516,3.6489129008644685,1.2373453592453683,5.116701126098633
1747530488.655548,3.6659855440135702,1.236444578448372,5.171537399291992
1747530488.6752584,3.6754816980713643,1.237183657013369,5.120038986206055
1747530488.6955087,3.668871657912943,1.2348163509481076,5.579233169555664
1747530488.7149596,3.6550684968862264,1.234674479040901,5.054235458374023
1747530488.7347918,3.644521888312283,1.23270957765012,5.07354736328125
1747530488.751927,3.633201912772379,1.2332706574513608,4.9686431884765625
1747530488.7777734,3.630440874018886,1.2371236599557507,5.434751510620117
1747530488.7948194,3.634976715359302,1.2398587248862378,5.13458251953125
1747530488.822805,3.6475857073951645,1.2417226973528515,5.278110504150391
1747530488.8352535,3.657699791082199,1.242035539014589,4.981756210327148
1747530488.8564396,3.6596631341344588,1.242104896617473,5.7353973388671875
1747530488.8759024,3.6626710119429706,1.2418876908579728,5.0373077392578125
1747530488.8898444,3.666987106246129,1.242302037029015,4.754066467285156
1747530488.910423,3.6783992025967542,1.2393914318279962,5.0048828125
1747530488.9347637,3.6925102643998997,1.235074124898379,4.976749420166016
1747530488.95731,3.6804902483112985,1.2326929085987768,5.734443664550781
1747530488.9744368,3.666417244136863,1.2318565175109235,4.904747009277344
1747530488.9944346,3.6557181560357046,1.2327240171889267,4.896640777587891
1747530489.017105,3.64510601275141,1.2338198915398388,6.8683624267578125
1747530489.0450442,3.64974785659627,1.2313980516366219,5.2947998046875
1747530489.0546818,3.6503814245377013,1.2330455514914829,5.197048187255859
1747530489.0757263,3.6511425025182405,1.2314314876609331,4.965543746948242
1747530489.0906782,3.6559793411780306,1.2351470556589002,5.120277404785156
1747530489.1101682,3.665397593560257,1.2372183685130553,5.125522613525391
1747530489.1317222,3.673012170378326,1.237468544254567,6.501436233520508
1747530489.1592164,3.6616637039072653,1.2360899316378486,7.114410400390625
1747530489.177115,3.6501886781639206,1.2352355595866522,5.738496780395508
1747530489.1915934,3.6390420006840634,1.235911235449933,4.913806915283203
1747530489.2156706,3.6357975863269165,1.2370349136653878,5.4645538330078125
1747530489.2353137,3.632021284207002,1.2407675696580063,5.393743515014648
1747530489.2550027,3.627260651708415,1.2430034858605643,5.314111709594727
1747530489.2751818,3.6271667057495764,1.2427967307000256,5.443811416625977
1747530489.2908225,3.6147925092907025,1.243481749873511,5.118608474731445
1747530489.3161523,3.606701821673959,1.24292449869328,4.985332489013672
1747530489.339365,3.602750443418967,1.2428269344289127,9.851932525634766
1747530489.3547897,3.5999155101542675,1.2458094508127902,5.039453506469727
1747530489.3788674,3.5988710604394063,1.2486379816717086,6.664037704467773
1747530489.3947802,3.6000788580040184,1.2503707329834015,6.508588790893555
1747530489.4149663,3.5937813736169333,1.2487527883123204,5.284786224365234
1747530489.4347277,3.591617097589387,1.246238039875136,4.939556121826172
1747530489.4549258,3.5872082521693405,1.2461361825240667,4.909992218017578
1747530489.475227,3.6022830907102596,1.2511784755139919,4.862785339355469
1747530489.4949267,3.615453374889755,1.2527657222251198,4.929542541503906
1747530489.5147011,3.6250596354162563,1.2524247227245804,4.855155944824219
1747530489.535017,3.6398644463939402,1.2517776220143695,5.123615264892578
1747530489.5503821,3.6372249071744744,1.2473878635674287,5.547285079956055
1747530489.5762403,3.6284163597521037,1.247232283042896,5.604267120361328
1747530489.5949185,3.628170643789761,1.2438308334001722,5.063533782958984
1747530489.6153522,3.6357884501754563,1.243904909934965,5.115032196044922
1747530489.6321242,3.6402345448818787,1.2443541054832934,4.8675537109375
1747530489.6587694,3.6432717481062302,1.2431021787828165,7.419347763061523
1747530489.675379,3.6390166524936287,1.2452964665044395,5.7697296142578125
1747530489.6947956,3.6345222183312433,1.2454823495481002,5.169153213500977
1747530489.7155435,3.6321846531485495,1.2462015056310045,5.568981170654297
1747530489.73645,3.6270545339975953,1.24776237685424,5.144596099853516
1747530489.755206,3.6196397421616306,1.2457860319680523,5.200624465942383
1747530489.774827,3.612182975240315,1.243690692009408,5.03849983215332
1747530489.7987154,3.604919508579807,1.241503932612333,8.74638557434082
1747530489.814891,3.611551923683498,1.2462339783270198,5.138874053955078
1747530489.8389757,3.6136455909891203,1.2469990737755647,5.707502365112305
1747530489.8555737,3.6158221588953965,1.2478803570884118,5.156517028808594
1747530489.8748176,3.631092123877059,1.2482723692904059,4.995584487915039
1747530489.8946168,3.6444693118945772,1.2463537215084113,4.887819290161133
1747530489.9144604,3.655025299585583,1.2453066960705044,4.870414733886719
1747530489.935019,3.6542438557771577,1.2424549928625854,5.0601959228515625
1747530489.9542887,3.651064314049928,1.2407256330575709,4.834651947021484
1747530489.975504,3.650872071760102,1.2401666582683906,5.610942840576172
1747530489.9944596,3.648618013311552,1.2388717855795472,4.860401153564453
1747530490.0143354,3.649387884551644,1.2370506662348293,4.896879196166992
1747530490.0358949,3.6418190277436473,1.238667980331803,4.940271377563477
1747530490.054559,3.6333714839851257,1.2415944038844675,4.869699478149414
1747530490.0749316,3.6286245773623804,1.244645117891308,5.060911178588867
1747530490.0950215,3.627123226031742,1.245666671894484,5.193471908569336
1747530490.1150439,3.638814032495857,1.245829888380159,5.148649215698242
1747530490.1351142,3.6537551460402606,1.2454309067535894,5.344390869140625
1747530490.1502035,3.66666001096264,1.2414023639403584,4.84776496887207
1747530490.1746035,3.6480428961614186,1.2406437431585269,4.927873611450195
1747530490.19504,3.6257689056675715,1.242224071032889,4.9915313720703125
1747530490.215145,3.6141527026066975,1.2430715874547738,4.99272346496582
1747530490.2373886,3.6203618850332933,1.2434420805833908,7.3451995849609375
1747530490.2550619,3.6203962782088044,1.2450260641593636,5.155324935913086
1747530490.2753117,3.6147548686066284,1.2473370044485816,5.420923233032227
1747530490.2958891,3.6377878490008535,1.2459318742745404,5.294084548950195
1747530490.318209,3.653824199852646,1.2426698612635192,7.578611373901367
1747530490.3375192,3.663435817732877,1.2411047996337827,7.267236709594727
1747530490.3546078,3.6730430227281756,1.2392196326071017,4.928827285766602
1747530490.3745625,3.658194946773009,1.2396694793025276,4.997491836547852
1747530490.3945796,3.645095514594923,1.2385012854192596,4.939556121826172
1747530490.4146385,3.6323971948780587,1.2382254246012172,5.085229873657227
1747530490.4343646,3.6332744752108512,1.2389259413554907,4.973649978637695
1747530490.4563937,3.6378033133208567,1.2382491617965838,6.806373596191406
1747530490.4744656,3.639754119064206,1.238920033393166,4.902124404907227
1747530490.4944663,3.6320316530425054,1.24144607815109,4.937887191772461
1747530490.5145416,3.6248801906714263,1.2448073810856155,4.997730255126953
1747530490.5345516,3.6200433360152355,1.2468417027512235,4.9953460693359375
1747530490.5562184,3.6140261287387707,1.2480090649479225,5.758762359619141
1747530490.573975,3.6182832100049245,1.2471998429994828,5.980968475341797
1747530490.600128,3.6187904572723606,1.2459998013016595,6.962776184082031
1747530490.6176512,3.6212455352931543,1.2451264725810556,6.783246994018555
1747530490.6301243,3.6340457656239518,1.2456102614362141,4.7779083251953125
1747530490.6564257,3.644379823272908,1.2469248167336637,6.714105606079102
1747530490.6750607,3.651591016518718,1.2462144299630005,5.057334899902344
1747530490.7067864,3.6549449275907833,1.245741369803264,15.075445175170898
1747530490.7195425,3.6588209928564854,1.2441255122313362,7.232666015625
1747530490.743329,3.6573540873828567,1.244036881525797,12.027263641357422
1747530490.7610219,3.6634456444112646,1.2441428886992825,8.111953735351562
1747530490.7752604,3.675957809607114,1.240766463106551,5.389928817749023
1747530490.7964191,3.6823556030143187,1.2388611150866513,5.377769470214844
1747530490.816229,3.6891258795542754,1.236397791788804,5.398988723754883
1747530490.8347945,3.685268461598828,1.2330931268644456,5.030155181884766
1747530490.8549035,3.681271769053939,1.2305592388002518,5.28264045715332
1747530490.8744087,3.6843982302576923,1.2271596668739115,4.961252212524414
1747530490.896038,3.661144197808798,1.2280925089867343,5.008697509765625
1747530490.914818,3.646697025683706,1.2285472986390444,4.884243011474609
1747530490.9351583,3.6320170784739823,1.232111184285951,5.000114440917969
1747530490.9508402,3.635490709726991,1.2332467536267437,5.095481872558594
1747530490.9744806,3.632612628629202,1.2353970348064753,4.842519760131836
1747530490.990671,3.6357387355851496,1.2352055781214266,5.369663238525391
1747530491.0104313,3.636486136956286,1.233835642310015,5.536794662475586
1747530491.0348155,3.63522819348842,1.2367461475782793,5.064487457275391
1747530491.05562,3.6348235665550006,1.2381267173240083,5.251646041870117
1747530491.0747895,3.636019228274387,1.2388105439109038,5.144357681274414
1747530491.0965095,3.6432514545516135,1.2405917379979168,4.898548126220703
1747530491.1152663,3.645680767035987,1.2450539847259081,5.110979080200195
1747530491.1352675,3.650060546483483,1.2482261067639133,5.262613296508789
1747530491.1559777,3.650283891922655,1.245373817353487,5.814075469970703
1747530491.1774855,3.648848251944201,1.2447901285308074,7.5397491455078125
1747530491.1955745,3.654361298679617,1.2421495502785083,5.897045135498047
1747530491.215855,3.6455822120548493,1.2399310122738763,4.926919937133789
1747530491.238837,3.6313826385140455,1.238052627381634,7.468700408935547
1747530491.2528763,3.6226927636661093,1.2379705097103748,4.996776580810547
1747530491.278741,3.6148488364181914,1.2374234782509734,8.968830108642578
1747530491.2950633,3.617644600571411,1.2351905244674026,5.2738189697265625
1747530491.310431,3.6226283303874602,1.2325563413483163,5.015373229980469
1747530491.3355503,3.6280200336239994,1.2308136606583127,4.986763000488281
1747530491.3575938,3.6290275148255047,1.2348959607759546,6.537199020385742
1747530491.3747659,3.625988145803956,1.237963727325297,5.126237869262695
1747530491.3896236,3.6189257583167516,1.241686800724236,4.966497421264648
1747530491.4150784,3.6296819827092115,1.2435597267924068,5.134105682373047
1747530491.4342098,3.640053453511223,1.2446936520286227,4.817724227905273
1747530491.455419,3.651162192319369,1.24411764602286,5.356550216674805
1747530491.4748678,3.6610661138723306,1.24184558140036,4.93931770324707
1747530491.4960606,3.6611944283651696,1.2426448487349,6.34765625
1747530491.5155036,3.665954649613071,1.2412938878065833,5.470037460327148
1747530491.5351841,3.671497409821843,1.2410363310227872,5.607843399047852
1747530491.5550904,3.66507670381844,1.239027869785126,5.0678253173828125
1747530491.5750997,3.6568202613522254,1.2402076241772348,5.044460296630859
1747530491.5955756,3.6529540162513823,1.2409301972815305,5.09190559387207
1747530491.6143749,3.6516304588649193,1.2423890739432206,4.85992431640625
1747530491.6349432,3.6543565857020637,1.2419864391483542,5.078315734863281
1747530491.6558375,3.6548449867698545,1.2423754845903323,4.9343109130859375
1747530491.672402,3.654619009968374,1.2415190342025881,5.2471160888671875
1747530491.695021,3.6599744555532276,1.2388162361115547,5.150556564331055
1747530491.711142,3.6567616764219446,1.2394477866056426,5.040884017944336
1747530491.7310915,3.6586360733201606,1.2373440377990015,5.095005035400391
1747530491.8759577,3.660017175053736,1.237027286054824,6.0443878173828125
1747530491.8895824,3.6639410903663783,1.2354195092936944,7.34257698059082
1747530491.9026718,3.6627724137707824,1.2363796651678425,5.583047866821289
1747530491.9131365,3.6605742840037854,1.2368344772278494,4.915714263916016
1747530491.9353602,3.6657082364298716,1.2334490563427922,5.04302978515625
1747530491.9555259,3.6659681690585533,1.2305810668568227,5.245685577392578
1747530491.9725335,3.6659773157944966,1.2300586211906517,6.363153457641602
1747530491.997433,3.6524466914996907,1.2287662174819274,5.578517913818359
1747530492.0170321,3.641261465640297,1.2313887614976613,6.931781768798828
1747530492.0354457,3.6292302028535097,1.2339529611303306,5.507230758666992
1747530492.0528402,3.6196998214375578,1.2358303198579355,6.489276885986328
1747530492.0755424,3.628600432234184,1.24184704782654,5.233526229858398
1747530492.092175,3.640103874214508,1.2412448522397028,5.337953567504883
1747530492.1151662,3.644451921754024,1.240906093114512,5.074501037597656
1747530492.1353297,3.646541408724227,1.2406516008752628,5.141258239746094
1747530492.1582806,3.645680434750754,1.2428976757623573,8.014440536499023
1747530492.1837614,3.6509318931269945,1.2438012952949309,8.633136749267578
1747530492.198445,3.659677444824124,1.2428593452945382,6.244897842407227
1747530492.220303,3.6663349422423845,1.241521441838922,10.448694229125977
1747530492.235002,3.662823107089675,1.240360321707383,4.951000213623047
1747530492.2544618,3.6612857875212677,1.2401330842587674,4.974126815795898
1747530492.2743397,3.6591340617959385,1.242042348166556,4.857063293457031
1747530492.2948263,3.657554070115059,1.2405716125481359,5.056142807006836
1747530492.3155825,3.659834234939777,1.2379382636608014,5.25665283203125
1747530492.3380618,3.659604165988057,1.2361378309760571,6.263494491577148
1747530492.3596942,3.6586456766590936,1.2341854953499518,8.250713348388672
1747530492.37755,3.6466470453089856,1.232056240546681,6.744861602783203
1747530492.3945448,3.632805901377664,1.2336995546234237,4.949092864990234
1747530492.41659,3.62822459323212,1.2329104806774884,6.448984146118164
1747530492.437652,3.6364346237988037,1.2342432248932205,7.572174072265625
1747530492.4577968,3.645783204421681,1.2347496749441376,7.399320602416992
1747530492.4761124,3.652106485146363,1.234968025579144,5.788087844848633
1747530492.5032344,3.6593119494298674,1.2355622873735532,9.624242782592773
1747530492.5157948,3.6624211547926424,1.2379738255230055,6.000518798828125
1747530492.5395365,3.662105085152884,1.2396979105756385,7.557392120361328
1747530492.555535,3.657332673273052,1.2413399989528653,5.074739456176758
1747530492.5700343,3.6564075465924195,1.241419614454861,4.7817230224609375
1747530492.59461,3.654310833044304,1.2401908629672254,4.94074821472168
1747530492.6149392,3.6476915999478443,1.2410370877486823,5.111932754516602
1747530492.6354144,3.636493716586352,1.2406144272038429,5.573034286499023
1747530492.6556156,3.6282770023023296,1.2404796227773012,5.373716354370117
1747530492.6740987,3.6217406375342986,1.2394927741269302,4.9953460693359375
1747530492.6993756,3.6289590653850134,1.2416688483551992,9.093046188354492
1747530492.7151525,3.632111386637835,1.2453419423778203,5.074262619018555
1747530492.735558,3.631295460202733,1.2477868341969356,5.244731903076172
1747530492.7549548,3.63881041663801,1.2497025144454548,5.094766616821289
1747530492.774386,3.649187008249167,1.2478148516190837,4.759311676025391
1747530492.794699,3.654510080362826,1.2474961431948426,5.05828857421875
1747530492.8150442,3.659531621881996,1.244768895987506,4.888296127319336
1747530492.8349936,3.667425962909538,1.2419131555234386,5.131721496582031
1747530492.8547955,3.671456305654382,1.2392865310076067,5.157470703125
1747530492.8748384,3.676040148947785,1.237849568059059,4.966497421264648
1747530492.8908641,3.682239056414393,1.2346284588958032,4.810810089111328
1747530492.9145753,3.683882914628411,1.2333152777572978,4.9991607666015625
1747530492.934322,3.6933378230268605,1.2302488393134665,4.88591194152832
1747530492.9547715,3.693659455337824,1.2297689454809317,4.905939102172852
1747530492.9800456,3.687007685697325,1.2314293801608103,7.981538772583008
1747530492.995615,3.6805354408336415,1.2338631376123965,5.659580230712891
1747530493.0182455,3.6693481740394676,1.234236836128602,6.514072418212891
1747530493.0347323,3.662709731584177,1.2317657009808374,7.176399230957031
1747530493.054666,3.656919740708388,1.23383170350355,4.960060119628906
1747530493.0717435,3.661683524263512,1.2306848407982613,5.009174346923828
1747530493.0955114,3.6638398747041614,1.23218731381774,5.541801452636719
1747530493.114865,3.6588928588827794,1.2346759544498096,4.942417144775391
1747530493.1388853,3.6564045504600378,1.2360189083972768,6.305456161499023
1747530493.1494672,3.653337758294926,1.2365374044780866,4.927635192871094
1747530493.176591,3.6490703274772294,1.2388814294815498,5.311489105224609
1747530493.1949239,3.6449707901301904,1.2387992302406374,5.073070526123047
1747530493.215724,3.6590941444123075,1.237544826877035,4.944562911987305
1747530493.234596,3.6719863191305073,1.2358195234870202,4.966020584106445
1747530493.2543857,3.6822740355205674,1.2355995440364442,4.858255386352539
1747530493.2744823,3.666336174460028,1.236785624258111,4.862070083618164
1747530493.2962763,3.649278876040126,1.2375897290958233,5.238533020019531
1747530493.3145957,3.63339257379874,1.2390803091735703,5.061864852905273
1747530493.3346548,3.6262241752104094,1.2388077434651392,4.973411560058594
1747530493.3543258,3.62702789515455,1.2406349036406596,4.824161529541016
1747530493.3756363,3.628935499823454,1.2408535306715724,5.308866500854492
1747530493.3945878,3.630311285222432,1.2405339265826345,5.023479461669922
1747530493.4148116,3.6326928725988568,1.2425922755574603,5.13768196105957
1747530493.437327,3.636894940402441,1.24244908975821,5.778312683105469
1747530493.4559553,3.637928992776854,1.2426841955980132,5.358457565307617
1747530493.475627,3.638759066077007,1.2425728404200018,5.556583404541016
1747530493.493583,3.643125237774844,1.2420469775257008,4.853010177612305
1747530493.5149033,3.640420912378021,1.243278381812231,4.969120025634766
1747530493.5353081,3.642005016763324,1.243843328951552,5.321979522705078
1747530493.5544698,3.6484047542165636,1.2407757605415877,4.932641983032227
1747530493.5757067,3.6520574030515442,1.2395958783363688,5.379199981689453
1747530493.5958035,3.655481034634286,1.237688669955695,5.442142486572266
1747530493.615799,3.6406845156891614,1.2371941086693186,5.12385368347168
1747530493.6353207,3.624908743349467,1.2402012707440349,5.094289779663086
1747530493.6548915,3.616806291892291,1.2410625939639615,5.042076110839844
1747530493.6757634,3.6270721879107515,1.2430959438422535,5.953073501586914
1747530493.6927948,3.6402491190770423,1.2416164725875747,5.921602249145508
1747530493.717323,3.6429110565143157,1.242720415211777,9.410381317138672
1747530493.7357483,3.6448421612698643,1.2437565502931665,5.631208419799805
1747530493.7536077,3.650328403413918,1.2441934467550573,4.821538925170898
1747530493.77712,3.6571818077473925,1.2432537925223055,6.053686141967773
1747530493.7945514,3.6638811125281907,1.2415817726728402,4.993915557861328
1747530493.8143833,3.6598196728273473,1.2423705080241534,4.890680313110352
1747530493.8345985,3.6543041778395073,1.241742677464394,5.058526992797852
1747530493.8541918,3.6542419633973267,1.242460727223734,4.799604415893555
1747530493.8746567,3.6424404839972433,1.2413582071420028,5.052804946899414
1747530493.8956673,3.6285954505156566,1.2429409082683123,5.261659622192383
1747530493.9154117,3.6239506450862473,1.2412888431275562,5.013465881347656
1747530493.9299724,3.619477162222209,1.2461648238967962,5.058050155639648
1747530493.955132,3.617580042103796,1.2478125256691417,5.200624465942383
1747530493.9749832,3.6148364959824444,1.2488085314306399,5.009651184082031
1747530493.9953516,3.605687417416762,1.250273878491072,5.164623260498047
1747530494.0147133,3.6032364610972225,1.2508169972846401,5.043745040893555
1747530494.035119,3.5997837995453414,1.2528399664747139,5.078792572021484
1747530494.0582767,3.59483369967742,1.2528418047893213,5.274057388305664
1747530494.0750751,3.6039683119540142,1.249507429611991,5.033254623413086
1747530494.0998895,3.6076308015742318,1.248777073955549,7.245779037475586
1747530494.1160223,3.6107253156280827,1.2473079299863181,7.530927658081055
1747530494.1366665,3.6093585153306136,1.2442216438636855,6.205081939697266
1747530494.158681,3.606185761994037,1.2419885673674826,7.2574615478515625
1747530494.176787,3.606165027716298,1.241331221346915,6.722927093505859
1747530494.1952806,3.61612597124021,1.2481151946200852,4.975795745849609
1747530494.2169616,3.6252474011436866,1.2491383142099124,6.82830810546875
1747530494.23902,3.6324587116656772,1.2482379186451131,6.675004959106445
1747530494.2544549,3.6354183379574283,1.248119114249008,4.814624786376953
1747530494.2746053,3.6392539569540983,1.247250114842058,4.866838455200195
1747530494.2925935,3.6490150663731336,1.2466107632392944,6.676912307739258
1747530494.3142545,3.6533834807926158,1.2463257085049333,4.790544509887695
1747530494.3343925,3.657379513413585,1.2453705818027865,4.778861999511719
1747530494.3555236,3.6622430582784857,1.2442339163877598,5.375146865844727
1747530494.3745525,3.664361042987346,1.2452847674282295,5.028247833251953
1747530494.3944826,3.670415751474203,1.24256227922475,4.973649978637695
1747530494.4178762,3.6738279371414957,1.2417342456388718,7.401466369628906
1747530494.4344277,3.6807545314561745,1.2396560314138656,4.822969436645508
1747530494.4547546,3.682795023917691,1.2381053916696996,4.990577697753906
1747530494.4746275,3.6869091780510224,1.2355223955879306,5.003929138183594
1747530494.4971824,3.68992876071184,1.233221399763319,6.996393203735352
1747530494.5161235,3.688596725419885,1.2342968548917501,6.035327911376953
1747530494.535062,3.6792242973751272,1.235494708589876,5.177497863769531
1747530494.5555162,3.663259063655451,1.2358246679209166,5.5408477783203125
1747530494.5750506,3.661146270405036,1.2356705637324183,5.260467529296875
1747530494.5976434,3.655777897795135,1.2365493766369335,7.549524307250977
1747530494.6170948,3.6570837781771233,1.2362221124484314,6.526708602905273
1747530494.6353638,3.641681146232514,1.237494528204595,5.202770233154297
1747530494.6554372,3.63160556600367,1.238258721592514,5.026817321777344
1747530494.6743984,3.625443997556769,1.2367568453325173,4.838705062866211
1747530494.6955843,3.6231181209998344,1.2356640258661518,5.819797515869141
1747530494.7102253,3.617650570517263,1.2362188842444994,4.776954650878906
1747530494.7394285,3.6138435022772986,1.2380413050408545,5.287408828735352
1747530494.7530293,3.611426713518912,1.2384167234167278,5.059957504272461
1747530494.7716663,3.607833728407986,1.2390566462144486,6.012201309204102
1747530494.7928052,3.6019498126631637,1.239937013949304,5.023002624511719
1747530494.8186727,3.5986826482661787,1.241299345648358,8.229732513427734
1747530494.8364403,3.593542958588929,1.2426911199706328,5.622386932373047
1747530494.8600254,3.593069942416742,1.2437752038445378,9.435653686523438
1747530494.8805246,3.5892528212093207,1.2450127098153434,8.278608322143555
1747530494.9034908,3.5958002207725235,1.2449231762293544,11.089086532592773
1747530494.9153478,3.5995301037315786,1.246676674269755,5.272865295410156
1747530494.935317,3.5984237787801185,1.2483179049767263,5.132198333740234
1747530494.9568233,3.6015908006589523,1.2496756886836902,4.806995391845703
1747530494.974349,3.605025045355709,1.2501851624773122,4.78672981262207
1747530494.9953332,3.6044797902496137,1.252497287219534,5.207538604736328
1747530495.0172834,3.6157057100630547,1.2531100484950581,6.961822509765625
1747530495.031654,3.6299872950672274,1.2507534646403184,5.352258682250977
1747530495.0511463,3.6421212481528786,1.2496399399724911,5.812168121337891
1747530495.0774019,3.6344708118464193,1.2486683807399497,5.590915679931641
1747530495.097913,3.6268899022480197,1.2473885331726644,7.5092315673828125
1747530495.114822,3.624520529020876,1.2456640393906677,4.978418350219727
1747530495.1352658,3.6228123416099125,1.2435812244835578,5.113363265991211
1747530495.1564178,3.621061947978173,1.243523067696014,6.6547393798828125
1747530495.1746554,3.6196036364856283,1.244791927655261,4.905939102172852
1747530495.1905751,3.6199121911928027,1.2451833962415149,5.313396453857422
1747530495.2146113,3.6340423322204196,1.2449569160898004,4.847288131713867
1747530495.234647,3.644961668085207,1.2434848407952508,4.898309707641602
1747530495.255459,3.6523259279496254,1.2432411788422602,5.531787872314453
1747530495.2743056,3.6453878464960447,1.2403902338523134,4.778146743774414
1747530495.2946396,3.6330208753546933,1.2385623742889922,5.059957504272461
1747530495.3174326,3.6293705161404493,1.2383330182755854,5.433559417724609
1747530495.3393848,3.621736672352714,1.236849617885026,8.173942565917969
1747530495.362988,3.623263169854454,1.2362219465145152,12.370586395263672
1747530495.375245,3.6230658083849017,1.2373037096689155,5.144834518432617
1747530495.3947995,3.6267696336282604,1.2363513064891105,4.993438720703125
1747530495.4155018,3.6262995369746487,1.238393824313942,4.918575286865234
1747530495.4346447,3.6235734435076417,1.2408111801578108,5.037784576416016
1747530495.4552848,3.6202519931529378,1.244462883789374,5.454540252685547
1747530495.4752502,3.635232729877495,1.2460432580194576,5.478143692016602
1747530495.4922223,3.647298620121961,1.2456340579277858,4.964590072631836
1747530495.5141895,3.6576912661844916,1.2454526607976535,9.133338928222656
1747530495.5387728,3.6614846649267454,1.2453638400045368,7.89642333984375
1747530495.5601618,3.662332692940203,1.245425476729656,10.241270065307617
1747530495.5792382,3.6629292864508334,1.2451305442171665,6.208658218383789
1747530495.5899446,3.6604694788415477,1.244786534957109,4.818916320800781
1747530495.6124372,3.66553786680894,1.2462305631514012,6.263256072998047
1747530495.6347153,3.666789064848575,1.2457571901130517,4.878520965576172
1747530495.6520834,3.670669390921858,1.2440328757914112,6.1092376708984375
1747530495.6744506,3.676464738091796,1.2415023399502274,4.825353622436523
1747530495.6952384,3.6835284004607765,1.2384066468677235,4.964590072631836
1747530495.714216,3.6918285702849256,1.2365603353820465,4.734277725219727
1747530495.734635,3.689374974650376,1.2340492008871327,4.873752593994141
1747530495.7507174,3.689403073328472,1.2306812421208948,5.104541778564453
1747530495.7745385,3.690349135357714,1.230017081276383,4.956483840942383
1747530495.7947717,3.690669512789352,1.2275455421726542,4.89354133605957
1747530495.8157492,3.690109903077122,1.2259833987817765,6.222963333129883
1747530495.8369215,3.6900898403816385,1.223854988615326,6.552219390869141
1747530495.8569665,3.691272030010032,1.2227280688419686,6.751298904418945
1747530495.8752,3.6823327238925776,1.2233004676477612,5.213737487792969
1747530495.8961124,3.668315210950843,1.2238909925914456,5.537748336791992
1747530495.915067,3.653879503401378,1.226590788731298,5.484342575073242
1747530495.9432664,3.656010267795176,1.2262384074088217,13.552427291870117
1747530495.9595344,3.657584124356703,1.2266896384505268,7.8067779541015625
1747530495.9697723,3.662312537963227,1.2274206296091643,4.925966262817383
1747530495.9947271,3.669081348773432,1.228205805225672,5.036830902099609
1747530496.0116203,3.6690029837255747,1.2283273592261112,6.829023361206055
1747530496.0357995,3.6676132337871796,1.2288931242094419,5.072832107543945
1747530496.0549366,3.66820201329068,1.2301790158439714,4.992485046386719
1747530496.0756798,3.660241667453364,1.2305105531876026,5.537509918212891
1747530496.0923843,3.6573412522291746,1.2295891508562902,4.90117073059082
1747530496.114551,3.656831837813156,1.228421106511659,4.944562911987305
1747530496.129548,3.652976723837934,1.230977629937626,4.717826843261719
1747530496.1552842,3.657527667357063,1.2329431196440626,5.639791488647461
1747530496.1762397,3.6591841312189484,1.2346995061230408,4.971742630004883
1747530496.1949863,3.6598866316100653,1.2361977491513882,4.93621826171875
1747530496.2147732,3.6593476384748653,1.236146790781134,4.940271377563477
1747530496.236379,3.6571766138368824,1.2375293595005221,4.853725433349609
1747530496.2553146,3.663890738626237,1.2368142718333528,5.09190559387207
1747530496.2743692,3.666614397792602,1.2369364100024576,4.925966262817383
1747530496.3037846,3.674215236771431,1.2360019479605853,8.196353912353516
1747530496.3157194,3.6809443307617005,1.23522737032325,5.401611328125
1747530496.3394897,3.6713019878901445,1.2335228387775925,7.342100143432617
1747530496.3551621,3.6649402855839375,1.23320881394844,5.1364898681640625
1747530496.375005,3.6648554159619042,1.231314758146912,5.168914794921875
1747530496.3945851,3.6590825462496084,1.230840843236572,4.981279373168945
1747530496.4156544,3.6522263724433137,1.2325224157094894,5.9661865234375
1747530496.4357877,3.655164640491213,1.2326795339786938,5.710840225219727
1747530496.4560444,3.660886370377417,1.232034500093077,5.80906867980957
1747530496.475677,3.663337045476513,1.2318203003546115,5.711078643798828
1747530496.494904,3.670622013583321,1.2349500870739814,5.038022994995117
1747530496.515015,3.67910550010018,1.2346777137278888,4.951000213623047
1747530496.5356092,3.6814361709613945,1.2360739383390424,5.831003189086914
1747530496.5548012,3.681228841551088,1.237037597073143,5.194902420043945
1747530496.5749674,3.678994682234434,1.2368699438277477,4.960298538208008
1747530496.5949466,3.676674212113098,1.2366178293359595,5.032777786254883
1747530496.6178145,3.658718434058575,1.2340729080187844,6.703376770019531
1747530496.6355953,3.6444855734028514,1.2332663544782259,5.240678787231445
1747530496.6545267,3.630964123170264,1.2366481377352805,4.901885986328125
1747530496.6789074,3.6229925343675347,1.2369474942351633,7.733583450317383
1747530496.6949596,3.6372611279848552,1.2380584721048413,5.277395248413086
1747530496.7145574,3.6503342667871737,1.2397974861543264,5.026578903198242
1747530496.7348826,3.6619599197952946,1.2404302737888333,4.940509796142578
1747530496.7499745,3.658727319376212,1.240050955912411,4.930734634399414
1747530496.8929899,3.659236558014305,1.2368591781746516,8.177995681762695
1747530496.9087386,3.6562072677913373,1.238847184504876,6.70933723449707
1747530496.9226787,3.6555453173909833,1.238110299093852,8.30078125
1747530496.9388912,3.65299211728669,1.2402930091539093,8.199930191040039
1747530496.9551165,3.659865484469908,1.240613814627777,4.994630813598633
1747530496.9705448,3.6706759601012973,1.2381004886015712,5.815982818603516
1747530496.9990733,3.674019843215691,1.238480028320708,6.458282470703125
1747530497.0143955,3.6729579727758965,1.2379377853111815,4.856109619140625
1747530497.0382135,3.6703323791372906,1.2367676928269358,8.263111114501953
1747530497.0543358,3.664564833255033,1.2395591859969488,4.813909530639648
1747530497.0745459,3.643146129849721,1.2399691485997077,4.943132400512695
1747530497.098976,3.6249421290853467,1.2412491471078848,6.340742111206055
1747530497.1146145,3.6101372784688546,1.2434903899444505,5.0907135009765625
1747530497.134807,3.603011175651711,1.2441059967949997,5.013942718505859
1747530497.1548312,3.6201186261034595,1.244276359139065,5.095720291137695
1747530497.1747355,3.6240915611388616,1.2466728638265208,5.220174789428711
1747530497.1947904,3.6345641025158786,1.2456517068235522,4.972934722900391
1747530497.2131643,3.643217067819673,1.24551897351106,4.950284957885742
1747530497.2348967,3.650284300472431,1.2473124177838764,4.989385604858398
1747530497.2510746,3.6561452499376474,1.2480869875475669,5.147218704223633
1747530497.2752993,3.6483076877894995,1.2465536296321535,5.1422119140625
1747530497.2961414,3.6465070817017406,1.2435077485425006,5.157947540283203
1747530497.314968,3.6513546402900525,1.2390338112075565,5.031585693359375
1747530497.3364115,3.641361130726285,1.2420556710986261,5.175590515136719
1747530497.3551514,3.6450880770074052,1.2427175778938095,5.265474319458008
1747530497.3786645,3.6468393014755036,1.243286049014981,7.282018661499023
1747530497.3976743,3.6493285094279564,1.2431775979835897,6.604194641113281
1747530497.41542,3.6459424162638268,1.2438796044548406,5.299091339111328
1747530497.4395573,0.578598786309717,0.01639310630272391,5.924463272094727
1747530497.4549937,0.5695167798017139,0.021560547414325375,4.929304122924805
1747530497.47705,0.5846149073146041,0.016741354015746373,5.650997161865234
1747530497.4960346,0.5911999723579566,0.014092900455692088,5.268096923828125
1747530497.5167296,0.5957185218272748,0.00561097370489031,5.58924674987793
1747530497.5343165,0.6021966045686685,0.010258852823174987,4.818439483642578
1747530497.556534,0.6033377108952424,0.011514537665931107,6.221532821655273
1747530497.5752025,0.6058515478107833,0.0168098108127873,5.149364471435547
1747530497.594762,0.6126447444642598,0.02181027942905682,4.906177520751953
1747530497.614423,0.6109932811444077,0.019058357936522198,4.7969818115234375
1747530497.634175,0.6133821244074242,0.017332911197022394,4.692792892456055
1747530497.6543322,0.6076150334527236,0.01483486545527408,4.925966262817383
1747530497.6745863,0.6105517885670682,0.014857461300101467,4.895925521850586
1747530497.6902623,0.6121712547403988,0.01655624575212057,4.733800888061523
1747530497.716856,0.6165434997434809,0.017192569645474044,6.614923477172852
1747530497.7344835,0.6234540520675109,0.015114331462922435,4.875898361206055
1747530497.7600412,0.629301964430397,0.013311008471005279,7.7114105224609375
1747530497.7747872,0.6329311107177406,0.013006359931913986,4.991054534912109
1747530497.795021,0.6178658344470014,0.016011621704254016,4.998207092285156
1747530497.814121,0.5928233306176276,0.012010253204279035,4.726409912109375
1747530497.834597,0.571688325012463,0.0056378090776974645,5.1441192626953125
1747530497.8575141,0.5539937303231274,0.001714851812228333,6.914377212524414
1747530497.8743494,0.5680963424658378,0.017394242407976428,4.881620407104492
1747530497.895603,0.582016107228032,0.02764680929519915,5.201816558837891
1747530497.91472,0.6005136297578347,0.02957227624336525,5.081653594970703
1747530497.9347613,0.6168027261978122,0.0244925202144319,5.109071731567383
1747530497.957584,0.6231029136663293,0.02099805543498073,6.091117858886719
1747530497.9750822,0.631096984028997,0.021389519208258975,5.326032638549805
1747530497.9943416,0.6364940296151493,0.020429675244791706,5.857229232788086
1747530498.0142086,0.6352908586500445,0.018149716142040088,4.772663116455078
1747530498.034431,0.6380357459425083,0.016455802536903066,4.875898361206055
1747530498.0558882,0.6162503662727965,0.01377086610070816,4.785060882568359
1747530498.0742173,0.5860210849614066,0.006117373124907044,4.719972610473633
1747530498.0948136,0.5706131260679151,0.0014159133333916767,4.853248596191406
1747530498.1141443,0.5596762573301013,-0.005416730494703334,4.866361618041992
1747530498.129478,0.5870522594436196,0.0017032984868709795,4.823207855224609
1747530498.154661,0.6197998118144136,0.013575470956467425,4.813671112060547
1747530498.1744545,0.6320296069883898,0.01903121836044047,4.887104034423828
1747530498.1942081,0.6437863578332265,0.018740705119521518,4.7397613525390625
1747530498.2206159,0.6498504687136263,0.014729734167650173,6.858110427856445
1747530498.2363586,0.6536290527234757,0.014425929923420244,6.185293197631836
1747530498.2518234,0.6532283175795381,0.009296930137515348,6.058216094970703
1747530498.2749004,0.654238119446744,0.006253445387294385,5.045652389526367
1747530498.2949522,0.6222830858634397,-0.00039277960126631294,4.8503875732421875
1747530498.3157086,0.5874843985313241,-0.007918982195104203,4.99415397644043
1747530498.3346586,0.5682577716789329,-0.013115480676847995,4.9991607666015625
1747530498.3564787,0.5809845957462735,-0.009473918995125995,4.921197891235352
1747530498.3720548,0.5993287218947358,-0.0007561171016217334,6.35838508605957
1747530498.3978434,0.6139894715336537,0.007017794833594682,6.002664566040039
1747530498.4158764,0.621378847128209,0.012320616740908478,6.028175354003906
1747530498.4297051,0.5905931422820999,0.0067279656835885155,4.78363037109375
1747530498.4556375,0.5681488749152988,0.0004383722433876619,5.639791488647461
1747530498.4758477,0.5572970607883433,-0.0021468596233652133,4.805564880371094
1747530498.4943678,0.5691237718847693,-0.010671345134210166,4.850625991821289
1747530498.5146203,0.5736947679204711,-0.016283122515451238,4.868745803833008
1747530498.5350852,0.5843739284171479,-0.01941023346414785,8.640289306640625
1747530498.5562646,0.590144807106993,-0.01388401265149612,5.877971649169922
1747530498.5794861,0.5957702150862842,-0.0095085180628213,8.304834365844727
1747530498.5960362,0.6110439255946468,-0.000606904002785654,4.729509353637695
1747530498.6149197,0.5860306016386848,-0.006677808502271912,4.8370361328125
1747530498.6347003,0.5650516559639877,-0.010169785378861708,4.959344863891602
1747530498.650179,0.5532034736984323,-0.013300707436513345,4.869222640991211
1747530498.675084,0.5352481780747882,-0.013695338016205434,5.283355712890625
1747530498.695219,0.539843064877871,-0.014769090881553404,5.217552185058594
1747530498.7132614,0.5447490053646001,-0.014184442074322316,4.914522171020508
1747530498.7302265,0.5474264718173435,-0.013021380673978863,4.994630813598633
1747530498.7555466,0.5556966264241832,-0.01216646108446198,5.802392959594727
1747530498.7696543,0.5708786365427009,-0.007914345347190644,5.028247833251953
1747530498.7948484,0.5818339650061666,-0.004835182447121231,5.045652389526367
1747530498.8158543,0.6117929360148583,0.003089658091754001,4.878520965576172
1747530498.8360422,0.6489562907571536,0.015910358256289385,5.19561767578125
1747530498.8550131,0.6689945656849076,0.028490147993877113,4.981279373168945
1747530498.8802803,0.6410682582982534,0.02251360163032744,8.722782135009766
1747530498.895096,0.5791240125482187,0.0038244980054061343,5.069255828857422
1747530498.9156928,0.5525458171215685,-0.006570602193019536,5.328893661499023
1747530498.9343133,0.5444419169699501,-0.011086851115566083,4.906654357910156
1747530498.954047,0.5562639897791385,-0.010380137527210028,4.779577255249023
1747530498.9748564,0.5731086434416863,-0.004508616583665313,5.4836273193359375
1747530498.9945831,0.5930480168061516,0.0027471235020114716,4.888296127319336
1747530499.0096488,0.6180664707288768,0.006971315144214642,4.90260124206543
1747530499.037233,0.6286707105575168,0.00708934085978567,7.822990417480469
1747530499.0542839,0.6392796717849432,0.007808663582086978,4.790544509887695
1747530499.0743744,0.6113171564429387,0.004388618911265965,4.782676696777344
1747530499.0941937,0.5822529158143919,-0.0013937202624539028,4.762887954711914
1747530499.1144755,0.5666092168364592,-0.00945774777934312,4.851102828979492
1747530499.137615,0.5581983130581318,-0.012778564952855379,6.720304489135742
1747530499.1757886,0.5767908402421029,-0.01963732417555406,6.763458251953125
1747530499.186707,0.592842264699333,-0.021775279209303323,6.067037582397461
1747530499.1996818,0.5985408697120307,-0.021601215283244237,4.822492599487305
1747530499.2121081,0.5892448678519392,-0.018262595200861972,4.961967468261719
1747530499.2394195,0.5882742067649328,-0.016857519690866015,6.8359375
1747530499.2563229,0.5824810799001535,-0.016060084581319644,4.997491836547852
1747530499.274874,0.5914312047301524,-0.012792946263004127,4.921674728393555
1747530499.3047109,0.6030790054216845,-0.007307640583609648,5.237340927124023
1747530499.316153,0.6062162011188363,-0.004528457935238814,5.5999755859375
1747530499.3377624,0.5976873974890186,8.942230237944372e-05,6.01959228515625
1747530499.3573778,0.5960969856480672,0.0015307967933448725,5.595922470092773
1747530499.375843,0.5913504218150171,0.002428342152253995,5.071163177490234
1747530499.394625,0.5875661366576872,0.002848313416841144,4.8809051513671875
1747530499.4095035,0.5741327473812027,0.0013915912873787087,4.971504211425781
1747530499.4349024,0.568388498704321,-0.003476404549691419,5.290508270263672
1747530499.4536858,0.5670359973981741,-0.0035175058310926554,4.776239395141602
1747530499.474594,0.5768522402787565,-0.004532346255622572,4.929065704345703
1747530499.494368,0.5873077029521441,5.732119950301225e-05,4.839897155761719
1747530499.514251,0.601167616680379,0.005135858771363739,4.799842834472656
1747530499.5345972,0.5894202213536672,0.0028536558600494835,4.90117073059082
1747530499.5546315,0.5717907651437314,-0.001942224074551183,5.14531135559082
1747530499.5758603,0.5595201606443178,-0.007620682382922521,5.106925964355469
1747530499.5974615,0.5577520160258896,-0.008314142602149112,6.586790084838867
1747530499.6155276,0.5559709889883746,-0.009033954943174534,5.447864532470703
1747530499.6347017,0.5548873186051172,-0.009972027051668813,5.078792572021484
1747530499.6544487,0.5497645441914651,-0.010602041783562048,4.841804504394531
1747530499.6746547,0.5773361913632413,-0.0026931452989802664,5.048513412475586
1747530499.694935,0.5984885995984165,0.0033827402579811017,5.169868469238281
1747530499.7173986,0.6120498020751627,0.006703695352295935,5.645513534545898
1747530499.736922,0.612502028725538,0.006215907651044668,5.884647369384766
1747530499.7549813,0.6134776168355731,0.005006940055767637,5.327701568603516
1747530499.7750528,0.6166803746064174,0.003958429062570208,5.316495895385742
1747530499.7945879,0.6146167938846707,0.011280828927780283,4.990100860595703
1747530499.8149545,0.6132316413390584,0.016865007258077453,5.012989044189453
1747530499.8359106,0.6089539943098086,0.02016601513348605,4.951953887939453
1747530499.855451,0.6104030696065783,0.023665415626927432,5.117654800415039
1747530499.8745797,0.6087717953243753,0.0121352282765756,4.840612411499023
1747530499.8940778,0.597476172739123,0.0003920843361516971,4.712581634521484
1747530499.9170244,0.578927985673552,-0.01007335798826737,5.303621292114258
1747530499.9355295,0.5853388743928586,-0.007769800684713383,5.377054214477539
1747530499.9555767,0.592909092803954,-0.005824270565127555,4.6672821044921875
1747530499.9743872,0.5993691061786979,-0.0034568823059405933,4.771232604980469
1747530499.994281,0.5993911940957841,0.004196845239690644,4.746437072753906
1747530500.014976,0.5960371329422031,0.0039923845440934976,5.096912384033203
1747530500.0350103,0.5983347885819355,0.006185321622477776,5.217790603637695
1747530500.0550952,0.6100403007155072,0.0005687218880166716,4.942178726196289
1747530500.0793283,0.6150367044954967,-0.005470437711098065,6.848573684692383
1747530500.0893886,0.6169092875937418,-0.008604167006436536,4.659891128540039
1747530500.1144571,0.620666608003705,-0.010595519358297344,4.87828254699707
1747530500.1378791,0.6151930815206524,-0.009009971014274353,5.728006362915039
1747530500.1556408,0.6041478880371701,-0.012232724753677504,5.160093307495117
1747530500.1776903,0.5918169053968181,-0.014308631206926678,7.649898529052734
1747530500.195756,0.5898436694136533,-0.015043376632299087,5.613088607788086
1747530500.2158136,0.5823972539905107,-0.014606971208478479,4.848718643188477
1747530500.2316136,0.5811506536801573,-0.012863052284304956,5.479097366333008
1747530500.2557433,0.5785292260773998,-0.012756933043285592,5.290031433105469
1747530500.2751045,0.5744338879197811,-0.011101269304474928,5.141496658325195
1747530500.2953985,0.5849036289849318,-0.00433521738641173,5.602121353149414
1747530500.3144317,0.5901875818098076,-3.4568656972780503e-06,4.774332046508789
1747530500.3353016,0.5944338301940886,0.003408642340581841,5.133390426635742
1747530500.3541737,0.6102264011883943,0.021422994554076202,4.828214645385742
1747530500.3744755,0.6169059228591293,0.030101816181714564,5.043506622314453
1747530500.3943436,0.6150827447868227,0.03497333095608293,4.857778549194336
1747530500.4143274,0.6127393450413824,0.026990116509236658,4.876613616943359
1747530500.4348743,0.6123618005993824,0.020887739328967533,4.90880012512207
1747530500.4549906,0.6113924915450839,0.013849313343721024,5.484819412231445
1747530500.4746704,0.609798610575279,0.011027957117930845,5.05828857421875
1747530500.4944031,0.6060357425688536,0.011444484487070245,4.767656326293945
1747530500.5206816,0.5920976378896898,0.013334071979263357,6.937265396118164
1747530500.5344567,0.5862760208074141,0.01564316343456229,4.845380783081055
1747530500.5544014,0.5854411151685576,0.020063764027763546,4.848480224609375
1747530500.5743232,0.5914506213543527,0.024216022013396336,4.825592041015625
1747530500.5953858,0.5867221675895798,0.026612190156989422,5.532503128051758
1747530500.6149166,0.5908073730350325,0.02306062360936522,5.290746688842773
1747530500.6387944,0.5894901221024821,0.017035359275298406,6.850719451904297
1747530500.655329,0.5880642995936486,0.009983465117555148,5.034923553466797
1747530500.6718798,0.585209228573083,0.006187477077338978,6.931304931640625
1747530500.6980317,0.5883264601244181,0.0028182332048065136,6.785392761230469
1747530500.71968,0.5919717887455807,0.0014431283204500006,9.028911590576172
1747530500.7346916,0.5955882263357177,0.0007379737192887345,4.89044189453125
1747530500.7542703,0.6161422416874398,0.004211056562565418,4.819393157958984
1747530500.7743926,0.6341894586674863,0.008933319425123711,4.883527755737305
1747530500.7943223,0.6413117052891731,0.014349366248599086,4.809856414794922
1747530500.814406,0.6314578540087971,0.010766900365164188,4.954814910888672
1747530500.8347502,0.6168885998286645,0.007737491893987387,5.190610885620117
1747530500.8544424,0.6124374022249607,0.005018761398318756,4.91786003112793
1747530500.8742213,0.6136001936065228,0.006354006848158295,4.820823669433594
1747530500.8941221,0.6074198304471171,0.010821123171910856,4.809379577636719
1747530500.9143956,0.5991264410499838,0.011684127283008959,5.020856857299805
1747530500.9378257,0.5955250279456235,0.013966564657314053,5.915164947509766
1747530500.954838,0.5904330377827247,0.0032186486861559677,5.011081695556641
1747530500.9755578,0.5832159472188766,-0.0033446958993202927,5.499124526977539
1747530500.9944136,0.5772250960560684,-0.008353644468249096,4.771947860717773
1747530501.0144787,0.5985502396567954,-0.005245836195583903,4.930734634399414
1747530501.0342133,0.6208927265042967,0.00039077773598208786,4.7664642333984375
1747530501.0604362,0.6392916793081141,0.0067074285439483825,8.009910583496094
1747530501.072693,0.6216235302542911,0.010420061273318654,5.286931991577148
1747530501.0915475,0.6050075849391203,0.012150792200419919,5.9528350830078125
1747530501.1145875,0.5918494647780925,0.014236468985209198,4.923105239868164
1747530501.1350276,0.5759228829629116,-0.003907246734405007,5.044221878051758
1747530501.155613,0.5650672893300526,-0.011019614755535164,5.965948104858398
1747530501.1701393,0.5605252818527806,-0.014873615012817224,4.82177734375
1747530501.1942427,0.5576415516624361,-0.016455159191161202,4.737377166748047
1747530501.2111592,0.5683320803105975,-0.014643649382744222,5.77545166015625
1747530501.234987,0.5744222034381249,-0.012047340845633381,4.907131195068359
1747530501.2546275,0.5837127373575592,-0.01024204493975176,5.015373229980469
1747530501.2758152,0.5807085982403257,-0.014501348810527934,4.9571990966796875
1747530501.2944298,0.5761421713944817,-0.02000094766853027,4.672765731811523
1747530501.3094285,0.5701068007804834,-0.022808480884888033,4.880189895629883
1747530501.334374,0.5735267509452896,-0.016429385782499254,4.883050918579102
1747530501.3499885,0.5740152100069396,-0.013716687364907167,4.7016143798828125
1747530501.377243,0.5799483809150949,-0.01242653721588402,7.124423980712891
1747530501.3970923,0.5794399641671508,-0.010231469306096856,7.06028938293457
1747530501.4184642,0.5687222919657093,-0.000401019833206305,8.399486541748047
1747530501.4347,0.5598064981527264,0.009608774824043657,4.995584487915039
1747530501.4540849,0.5411183784586401,0.018641875643089376,4.745244979858398
1747530501.4755292,0.5528837501550129,0.012752111800024755,6.015777587890625
1747530501.4950945,0.5659384690177891,0.011260398568108855,5.1937103271484375
1747530501.5153022,0.574972498611577,0.01164043483869179,5.574464797973633
1747530501.5373108,0.5842416284605996,0.009024812382201996,7.472515106201172
1747530501.5568547,0.586220634075372,0.005035978922114286,6.412982940673828
1747530501.5778728,0.5861726206312038,0.0005113956383100882,5.335092544555664
1747530501.5969875,0.5950532537861442,-0.0010374019333095066,6.530284881591797
1747530501.6149998,0.599606254749793,-0.004153473288667245,5.014181137084961
1747530501.6362414,0.6026999866909029,-0.007323672402304834,4.889726638793945
1747530501.654823,0.6037047215889376,-0.00759645244036322,5.135774612426758
1747530501.6761634,0.5948023328142579,-0.0001830112501829111,6.655693054199219
1747530501.696067,0.5773668831616761,0.009373995746831008,6.585359573364258
1747530501.7143364,0.5596927358438182,0.012458854217640309,4.813194274902344
1747530501.7341793,0.5501188623767985,0.012494615228591499,4.877567291259766
1747530501.7544615,0.5387703763079066,0.01040328398385207,4.780054092407227
1747530501.887694,0.5596722683563219,0.0067576323842917525,6.085395812988281
1747530501.9033806,0.6057557198508617,0.008404287211270412,6.635904312133789
1747530501.915083,0.6299725400450302,0.013083175697423378,5.208253860473633
1747530501.9351606,0.6192711456866065,0.0007821264331445702,5.35273551940918
1747530501.9544256,0.6016684761447694,-0.0094377889302964,4.783868789672852
1747530501.9742072,0.5947560837801392,-0.018006897596762807,4.886388778686523
1747530501.9919724,0.5803897204072997,-0.020895506601600014,5.353450775146484
1747530502.0148573,0.5690546921356887,-0.023849057453148862,5.135774612426758
1747530502.0351684,0.5632364563995593,-0.024627762185498503,5.286216735839844
1747530502.054659,0.5710397328891212,-0.019336883322001373,4.945278167724609
1747530502.0746694,0.5689798547452986,-0.01674069073429718,4.983425140380859
1747530502.0962698,0.5777255301607988,-0.013822276470475688,5.867719650268555
1747530502.1150503,0.5941742587407872,-0.010965864989729818,4.9495697021484375
1747530502.1314073,0.5972391373542757,-0.007576426664832881,6.806850433349609
1747530502.154291,0.6075066901937196,-0.004762948802585252,4.747152328491211
1747530502.169544,0.6109238702399311,-0.00251784890917185,4.748821258544922
1747530502.1940467,0.6153489613046794,0.00011269760151415631,4.72569465637207
1747530502.2142715,0.6165367104483842,0.0013664745083880796,4.777669906616211
1747530502.2344494,0.6178653357197607,0.001515501420719298,4.829645156860352
1747530502.2497637,0.6144417774050274,0.005025335131675203,4.839897155761719
1747530502.2743201,0.6086925088924539,0.008576718998480911,4.819154739379883
1747530502.295511,0.5943057519984208,0.01371112550293345,5.045890808105469
1747530502.3096938,0.5717564384484125,0.016083189019072228,5.091428756713867
1747530502.3346822,0.5942033304531507,0.014795089151457635,4.819631576538086
1747530502.351253,0.5973074089513177,0.012329928438253583,5.3462982177734375
1747530502.3700821,0.5914318817663025,0.009913155827872938,5.13768196105957
1747530502.3960083,0.5869744549248599,0.010065036674268365,5.723237991333008
1747530502.4143796,0.6018223220266995,0.005242921170344249,4.868507385253906
1747530502.435237,0.6169300641787139,0.0029150294679977738,5.724191665649414
1747530502.4545982,0.6241518789189796,0.0015825854159864918,4.966259002685547
1747530502.4703214,0.6299017262673317,0.0006571208647701103,5.261898040771484
1747530502.4898791,0.6175253434150729,-0.0010229184675674384,4.826784133911133
1747530502.5103478,0.6119377516858917,-0.0030344136303411796,4.892826080322266
1747530502.5302298,0.6081835110074754,-0.003900203983323694,5.322456359863281
1747530502.5544405,0.6016924360270629,0.002354890974375708,5.021810531616211
1747530502.5698574,0.599386777933633,0.009736089595140903,4.799604415893555
1747530502.5947413,0.5962977800476831,0.019496013214571343,5.035877227783203
1747530502.6148643,0.6159032897634402,0.01563560524000315,4.915714263916016
1747530502.6309607,0.6207684361419774,0.01473736901550256,6.417751312255859
1747530502.6548169,0.621747719901777,0.010717676105835044,5.14674186706543
1747530502.6742194,0.6157555816311161,0.008020458697237496,4.797458648681641
1747530502.6943583,0.6080502325778308,0.005857755230916627,4.904985427856445
1747530502.7140105,0.6048791068990891,-0.00028158564188691205,4.709959030151367
1747530502.7341056,0.5969498480518918,-0.00010315656813438853,4.813909530639648
1747530502.7502759,0.5854576828905437,0.001358057069742598,4.928112030029297
1747530502.7741342,0.5738146256849058,0.0043039213156773745,4.829883575439453
1747530502.7940917,0.5680267003719486,0.002953881603194311,4.750728607177734
1747530502.810346,0.5937190281890978,-0.004655327015079069,5.082845687866211
1747530502.8349414,0.6020544160341554,-0.009170213219037741,5.058526992797852
1747530502.856281,0.616263858652598,-0.0074687429227805364,5.461215972900391
1747530502.8711262,0.6134954452403576,0.00476004798963244,5.362033843994141
1747530502.889524,0.5999403311452176,0.018605019804885586,4.890918731689453
1747530502.9149568,0.5854767482569374,0.029267546548660008,5.520343780517578
1747530502.929587,0.5750031713888483,0.033631910787998334,4.9076080322265625
1747530502.9573312,0.5994927411895324,0.027561029486224898,5.434751510620117
1747530502.974808,0.617208779952746,0.020677791306697085,5.06901741027832
1747530502.9988108,0.6276059884537368,0.022013697276277826,8.983850479125977
1747530503.019349,0.6033222274430997,0.009393580417055736,5.521059036254883
1747530503.029523,0.5910759515035344,0.001685443662297693,4.725456237792969
1747530503.0607169,0.5828202541055365,-0.0005842928727241469,6.454706192016602
1747530503.0778706,0.581111198135147,-0.0023905169415213514,7.745504379272461
1747530503.0944183,0.5823375864785222,-0.0023524470991752606,4.895687103271484
1747530503.1142786,0.5771893892265499,-0.00242875032921242,4.859447479248047
1747530503.1344242,0.589009954587859,-0.0033975218784316843,4.803895950317383
1747530503.1561341,0.6016704721900573,0.001732412393644442,6.374120712280273
1747530503.174389,0.6105864870133396,0.00526972882447674,5.088567733764648
1747530503.1949146,0.621319957875266,0.006915928462273321,5.221843719482422
1747530503.2142904,0.6094447592699704,0.007999209022438,4.660129547119141
1747530503.234343,0.5898268973026434,0.010874403336961713,4.798650741577148
1747530503.2566066,0.543158866824636,0.010230468021015631,7.050037384033203
1747530503.2713711,0.5865635143593774,-0.005707843265608944,6.133079528808594
1747530503.29837,0.5917594869767641,-0.013725446100328446,6.625652313232422
1747530503.3189774,0.5951085464207325,-0.01584715829201724,8.710622787475586
1747530503.3355243,0.5945264695536683,-0.011552497315385893,5.387544631958008
1747530503.3512433,0.5885884982613152,-0.007298010595725122,4.892110824584961
1747530503.3743546,0.5886024235169498,-0.003153056668957942,4.80961799621582
1747530503.3950105,0.5897117328821762,-0.01305036911907874,4.969358444213867
1747530503.409834,0.5843157920736192,-0.016194808900474242,4.805326461791992
1747530503.4298935,0.5815681613057828,-0.019540807512229,5.03849983215332
1747530503.4556918,0.5763368312012837,-0.02347882467920851,5.487918853759766
1747530503.470313,0.5807711065567278,-0.017988980073161378,4.834651947021484
1747530503.4899445,0.5861246609633206,-0.013390624195140538,4.814624786376953
1747530503.5195034,0.5909061107870799,-0.010806395200276426,9.548187255859375
1747530503.5357122,0.5884160423164364,-0.007820702760893852,5.753993988037109
1747530503.5498912,0.5843448232043567,-0.0045153573847459836,4.83393669128418
1747530503.5744174,0.5851080199293563,-0.0029401662469734384,4.783868789672852
1747530503.5945365,0.6069310536740372,0.005290396843520272,4.866361618041992
1747530503.6142023,0.6240325405503517,0.016975967702117283,4.676342010498047
1747530503.6342216,0.6400438619861911,0.023624492528082464,4.767179489135742
1747530503.659216,0.6527534838607775,0.0258654045302207,5.810737609863281
1747530503.6741533,0.6416751961653242,0.02067114313119258,4.788875579833984
1747530503.6949782,0.6310536444090514,0.01322889033314135,4.904270172119141
1747530503.7177572,0.611698515185901,0.007836381285483446,6.967067718505859
1747530503.7343612,0.5944511033972903,0.018314957960774484,4.751682281494141
1747530503.7717297,0.5891248957620729,0.0247344592355882,17.8680419921875
1747530503.7838883,0.5801784443652073,0.033670942772806675,5.128622055053711
1747530503.801325,0.5854235415206697,0.01284306251364715,8.371591567993164
1747530503.8148625,0.5738757725007206,-0.010652341913105774,5.071163177490234
1747530503.837577,0.5646667700337678,-0.019683778754003938,7.356405258178711
1747530503.8552084,0.5723868570610204,-0.020122494083009815,5.027294158935547
1747530503.8742862,0.5731663924490742,-0.019321339363299665,4.911899566650391
1747530503.901309,0.5739123276069754,-0.01841735676033156,11.319875717163086
1747530503.9159596,0.56894923838457,-0.017142179366260234,6.277322769165039
1747530503.9326122,0.5659443318621884,-0.02423454488350472,4.851341247558594
1747530503.9574857,0.5600192683070297,-0.028955709407099045,7.76982307434082
1747530503.9780383,0.5566422521510482,-0.03125950732525275,8.129358291625977
1747530503.9946709,0.5538912874282302,-0.021658293828883228,4.904031753540039
1747530504.0161629,0.5483849633229136,-0.013341812550271993,6.47735595703125
1747530504.0374558,0.5444734343541717,-0.004909217651554217,6.714820861816406
1747530504.0568066,0.5597592813950081,-0.014820297339309537,5.491018295288086
1747530504.0776505,0.56775054999365,-0.022595079542015534,4.961252212524414
1747530504.0943816,0.5677336598107967,-0.024494762717453183,4.85992431640625
1747530504.1150064,0.555125237022273,-0.017607960010310574,4.7740936279296875
1747530504.1341257,0.533321931906162,-0.010142686652904496,4.859447479248047
1747530504.154293,0.5098040517050354,0.00232151510450217,4.893064498901367
1747530504.1774054,0.4866803119561627,0.010384904332368532,5.709409713745117
1747530504.1945872,0.5224714278308291,-0.006187096117984619,4.865884780883789
1747530504.2142372,0.5423125124551943,-0.018980510491523727,4.816770553588867
1747530504.2346683,0.5520335145077466,-0.022245672758718544,4.776239395141602
1747530504.2506764,0.5316487894199797,-0.01929909983096891,4.981279373168945
1747530504.2755437,0.5116034728804906,-0.018897697113249637,5.295038223266602
1747530504.2993906,0.48963013970194763,-0.016054796413232996,8.160591125488281
1747530504.3227146,0.526563958374538,-0.014813812466762074,8.434057235717773
1747530504.337197,0.5569650870187796,-0.015101107049287982,5.697727203369141
1747530504.3549697,0.5756644388714037,-0.013418055959146497,5.049705505371094
1747530504.3774292,0.5954249480081852,-0.010351160579702177,6.856679916381836
1747530504.394721,0.5862423678450643,-0.007516187479920258,5.0296783447265625
1747530504.414992,0.5740533146657189,-0.0004910500480944238,4.895210266113281
1747530504.4383373,0.5618918548502047,0.005588803561192823,8.102893829345703
1747530504.4545577,0.5767139898101905,-0.004541122179022579,4.891395568847656
1747530504.4779778,0.5867790971008943,-0.0063811412984148995,8.188962936401367
1747530504.495302,0.5900040425907012,-0.008760065908235797,6.9866180419921875
1747530504.5142648,0.5784695640394129,-0.01629405661817377,4.791259765625
1747530504.5343604,0.5783154163456967,-0.01929516946483213,4.861116409301758
1747530504.5541258,0.5763594931011395,-0.020086503678053088,4.812479019165039
1747530504.5742793,0.5671759039010037,-0.02329618876761261,4.748106002807617
1747530504.598853,0.560968603826009,-0.024132131611111236,6.567239761352539
1747530504.6144404,0.5567789910242787,-0.024277482739810848,4.769802093505859
1747530504.6345682,0.5550358472239417,-0.025808866160196845,4.96673583984375
1747530504.654415,0.5694281130967724,-0.0177564417670889,4.829645156860352
1747530504.6752372,0.579147473794655,-0.00996592761074847,5.304098129272461
1747530504.6927524,0.5881504958619046,-0.007316500358810756,4.957675933837891
1747530504.7145336,0.5866562875990209,0.006290505476086907,4.866123199462891
1747530504.7356117,0.5927784346776303,0.01783901935007667,5.968332290649414
1747530504.7547653,0.5833331752034783,0.022004536252093372,4.914283752441406
1747530504.774271,0.5792502389888935,0.023674493761220845,4.919528961181641
1747530504.7944484,0.569129063283254,0.024941670244264993,4.876852035522461
1747530504.8147154,0.6013446134824822,0.014043248187499897,5.085229873657227
1747530504.8423657,0.6237248434060912,0.01028244327184952,12.21323013305664
1747530504.8548462,0.6373895425835514,0.008401790170867767,5.00178337097168
1747530504.8755977,0.6278614456698638,0.012052705087210736,5.243539810180664
1747530504.8956056,0.62052170286379,0.013411267396084076,5.637884140014648
1747530504.9149287,0.6113000351795708,0.01404109579855325,4.985570907592773
1747530504.9353604,0.6428701877273383,0.0184491488138889,5.518913269042969
1747530504.954183,0.6554966165997609,0.02259356277451926,4.800081253051758
1747530504.974202,0.6536082805204644,0.02483047154504124,4.7931671142578125
1747530504.997021,0.6555492592092071,0.027724811022318385,6.779193878173828
1747530505.014095,0.6381398876321844,0.025779994953703648,4.62651252746582
1747530505.0355208,0.6221226879214682,0.025393547759397735,5.921363830566406
1747530505.0547721,0.5895805722946538,0.027249726626851604,4.958152770996094
1747530505.0746322,0.5927264715542256,0.02524085000154235,5.057573318481445
1747530505.0945818,0.5921192743565459,0.023150224978107238,4.870176315307617
1747530505.1147225,0.591953837792967,0.02002889426099397,4.919767379760742
1747530505.131586,0.5934191297406355,0.013788128680551619,5.176067352294922
1747530505.1568305,0.5947262328758506,0.0073252719029819864,6.262779235839844
1747530505.1704724,0.5883892266898217,-2.9643653115606408e-05,5.191802978515625
1747530505.1918457,0.5813170987402575,-0.003054602408869486,6.931066513061523
1747530505.214242,0.5776820430074032,-0.003886771883530493,4.823923110961914
1747530505.234481,0.5764990369448171,-0.004275201262279258,5.014896392822266
1747530505.2552154,0.5732731596800433,-0.004460214748931123,5.189180374145508
1747530505.2756839,0.5634532188520505,-0.009098501624691622,5.760908126831055
1747530505.2952695,0.5611616754291584,-0.012066293406828061,5.144596099853516
1747530505.3152466,0.5590525040971448,-0.013098817158578876,5.301475524902344
1747530505.3347125,0.5714018779110217,-0.011106246093206724,4.915475845336914
1747530505.3526852,0.578931560553472,-0.01009340298143975,5.377769470214844
1747530505.374979,0.5883511504731423,-0.00978421856420904,5.154848098754883
1747530505.395081,0.5907648670453055,-0.006353172184941421,5.706787109375
1747530505.4141178,0.5846452959653747,-0.006962643678807636,4.7512054443359375
1747530505.4341648,0.5805121750943626,-0.0057424665840373045,4.773139953613281
1747530505.4576,0.5814802216406958,-0.004667403707622098,5.8994293212890625
1747530505.4742277,0.5876142071337775,-0.00932775228869177,4.771232604980469
1747530505.4947267,0.584799332265413,-0.01282524811124054,4.929065704345703
1747530505.5142708,0.5857429981124677,-0.014777863428526246,4.678964614868164
1747530505.5341434,0.5684079764368035,-0.007964120399091062,4.752397537231445
1747530505.5549695,0.5637831564456938,0.0010769216932327314,4.880189895629883
1747530505.5745854,0.5519396410294527,0.007787984061319014,5.021095275878906
1747530505.5977983,0.573022539351051,0.004048205999661936,5.17725944519043
1747530505.6153882,0.5820255206439845,-0.0016389884495154928,5.127906799316406
1747530505.634978,0.5908687173283546,-0.004344243694667407,4.937887191772461
1747530505.6549,0.5905433790765888,-0.009854965022231212,5.084037780761719
1747530505.6741097,0.5944821309724718,-0.012314129900662711,4.742145538330078
1747530505.6940296,0.5936907038367215,-0.014844860177614959,4.720926284790039
1747530505.7150424,0.5950039832669224,-0.015426205611829414,5.170583724975586
1747530505.7315812,0.580446062231078,-0.014974292637746111,6.676197052001953
1747530505.7577543,0.5698796892266936,-0.015217285173750712,6.783723831176758
1747530505.7751982,0.5680475478565447,-0.015380554858740453,5.120754241943359
1747530505.7951505,0.5653948128901334,-0.01394918700758569,5.333662033081055
1747530505.8131177,0.5600721467509393,-0.013545976929411138,7.135629653930664
1747530505.8369946,0.558134391461521,-0.01356670765100147,6.355524063110352
1747530505.8551903,0.5762058973712928,-0.011058880351543588,5.202770233154297
1747530505.874469,0.5898589909514538,-0.011307326559620244,4.847526550292969
1747530505.8894973,0.6087541798445856,-0.007296698488316349,4.82487678527832
1747530505.9116366,0.6100282827033636,-0.00640207307929219,5.294561386108398
1747530505.9342449,0.6049012647682249,0.0031218493696651365,4.944324493408203
1747530505.9539678,0.6084185670941719,0.014641036353794776,4.661798477172852
1747530505.9767208,0.6056475785098756,0.019908189387039442,6.998777389526367
1747530505.9939897,0.6100168035230759,0.018921157664194093,4.684686660766602
1747530506.0145943,0.6119254121812645,0.016881180040899814,4.860639572143555
1747530506.0339992,0.6121734381419823,0.015162970790452705,4.666805267333984
1747530506.0551732,0.6203623116813162,0.017406077761213137,5.269050598144531
1747530506.0744762,0.6206915865538292,0.01744812029210383,4.886627197265625
1747530506.0969353,0.6225886555997592,0.01455052614882852,7.210493087768555
1747530506.116846,0.6196054097574505,0.013353976076490635,6.364345550537109
1747530506.1346295,0.6183279420941723,0.012123022628533193,5.024909973144531
1747530506.1562107,0.6200820005751138,0.014146027654154505,6.743669509887695
1747530506.1795018,0.6201385525943754,0.014808086604053052,9.872913360595703
1747530506.1941922,0.6201595992996964,0.008770215306593191,4.771709442138672
1747530506.2172728,0.6193234747871349,0.0043341581631336,7.446765899658203
1747530506.2346473,0.6163792247815745,-0.0005258043031827259,5.22613525390625
1747530506.2511518,0.6231846495665179,-0.0010436988358824856,5.272150039672852
1747530506.2723925,0.6236782149953138,-0.004909050666970041,5.215644836425781
1747530506.2922018,0.6287896011551047,-0.005235808861742536,6.171941757202148
1747530506.317664,0.6180955418433479,-0.004301811739118466,8.065462112426758
1747530506.3340683,0.6110984167310644,-0.003937848706244426,4.716396331787109
1747530506.3544087,0.6010135263497379,-0.0011407822000959415,4.883050918579102
1747530506.3762305,0.591627577226442,-0.00411682419183223,5.764245986938477
1747530506.3942108,0.5816893240166843,-0.005765666206649887,4.822731018066406
1747530506.4142585,0.5692328180793359,-0.008155759127192313,4.767417907714844
1747530506.4362857,0.5634613921058729,-0.00741086470957253,5.067586898803711
1747530506.4567344,0.5621055734583374,-0.006102757818161603,6.288290023803711
1747530506.4743063,0.5595158905206905,-0.00895341617937712,4.994869232177734
1747530506.497241,0.5605080688643271,-0.009089839446023465,6.036043167114258
1747530506.5143445,0.5677558949466325,-0.010130999457330038,4.877328872680664
1747530506.5304842,0.5733164266041119,-0.010154096588465692,5.578517913818359
1747530506.5551126,0.5806099361055597,-0.010657942485112055,4.9648284912109375
1747530506.5743873,0.5683362526338158,-0.008964654182620418,5.048274993896484
1747530506.5949073,0.5649957401542717,-0.007296970704001547,4.973173141479492
1747530506.6149557,0.5636931007886472,-0.007586284264775283,5.125999450683594
1747530506.63589,0.5647637566934784,-0.007718642436917527,5.714178085327148
1747530506.654436,0.568922219922424,-0.003028685760161173,4.902124404907227
1747530506.6779044,0.5747961383955966,0.0014130499712785142,5.109310150146484
1747530506.6954324,0.5769648874124147,0.004783739478884484,5.419254302978516
1747530506.7155912,0.5786683951071285,0.006857660275188019,5.905389785766602
1747530506.7349026,0.5789205627272506,0.0069456111859867815,5.079746246337891
1747530506.7549736,0.5862962604043517,0.006548043134511929,5.379438400268555
1747530506.779098,0.5891173568955925,0.005458478169381831,7.320165634155273
1747530506.912022,0.5794923327283947,-0.001212096022436297,5.810022354125977
1747530506.9231176,0.575107911328463,-0.004192836959852375,7.007598876953125
1747530506.9433463,0.5693273359031549,-0.008257805392363624,13.20338249206543
1747530506.9567778,0.5653761034770147,-0.011831922188868325,5.682229995727539
1747530506.977194,0.5631315719270668,-0.013500606490776652,6.791114807128906
1747530506.9919631,0.5566347351023158,-0.01402788299228682,4.9457550048828125
1747530507.0101624,0.569790370793514,-0.016655009049259987,5.008935928344727
1747530507.034543,0.5759297611444001,-0.019437478292248348,4.880666732788086
1747530507.0543587,0.5748288416393106,-0.022637904159868005,4.825592041015625
1747530507.0752482,0.5826907134040109,-0.015540348076979368,5.173683166503906
1747530507.0958247,0.5917865692035441,-0.010190738996168172,5.632162094116211
1747530507.1157365,0.5995718350717917,-0.005035687843598187,5.635976791381836
1747530507.131791,0.5841068217727543,-0.018034180463792363,6.640434265136719
1747530507.151349,0.5733852495348448,-0.022012925912009394,6.44683837890625
1747530507.1749547,0.563085480692371,-0.023906661953235278,5.103588104248047
1747530507.1947935,0.5717544945997458,-0.021541351123952238,4.895210266113281
1747530507.214247,0.5848198520092298,-0.019431250767914545,4.768610000610352
1747530507.2348518,0.5946442840329234,-0.016477771146420107,5.095481872558594
1747530507.2542293,0.5998079612279344,-0.015555199952870904,4.821538925170898
1747530507.2743123,0.6079425777793457,-0.010370704299260307,4.802227020263672
1747530507.294729,0.6086355503510932,-0.00880893581954105,5.248785018920898
1747530507.3152108,0.6176127657780447,-0.003692472369980116,4.839181900024414
1747530507.3341367,0.6209829283191198,-0.002546275342040744,4.76384162902832
1747530507.3498957,0.615418843155812,0.0012675734475384776,4.731416702270508
1747530507.3747444,0.6150587601265093,0.003616011323135463,4.931449890136719
1747530507.3949015,0.6056306407317664,0.011755937053350216,5.024194717407227
1747530507.4146898,0.5922220225951841,0.016172243540891872,4.887104034423828
1747530507.4348335,0.5729825364834019,0.019961681388583265,4.845380783081055
1747530507.454726,0.556304734816792,0.020485808239279382,4.997968673706055
1747530507.474807,0.5381528552384423,0.023283157722797446,5.318164825439453
1747530507.4944339,0.5307195389199622,0.022539913530529417,4.863262176513672
1747530507.518799,0.529406340399376,0.02323366087970587,6.685495376586914
1747530507.5300426,0.5569682823169252,0.02754544477250541,4.915714263916016
1747530507.55563,0.5728592922407174,0.030409999484964822,5.021095275878906
1747530507.5705628,0.5773797432322115,0.030029703255776297,5.33604621887207
1747530507.5916731,0.5803143222103432,0.020211836437263556,5.0811767578125
1747530507.6185956,0.5810820162424426,0.011457076619820056,6.135225296020508
1747530507.6301525,0.5808343060626145,0.006136203295849939,5.003213882446289
1747530507.655375,0.5850773190812515,0.0036070595932312793,5.8231353759765625
1747530507.6745834,0.5925275570465612,-0.0008417439006280795,5.074977874755859
1747530507.6942174,0.5979915080930968,-0.0016322600839339676,4.828214645385742
1747530507.7165956,0.5998941962447115,-0.003468018825161912,4.955291748046875
1747530507.7341738,0.6148531720893816,0.005441803740170956,4.717588424682617
1747530507.7540581,0.6234100162065416,0.009487905747130852,4.72569465637207
1747530507.7741947,0.6300106183899048,0.013906546170647235,4.835605621337891
1747530507.7942376,0.643894705322828,0.012403883330606939,4.842519760131836
1747530507.8141406,0.6522540476256444,0.007916250344518603,4.791736602783203
1747530507.8343694,0.6590228865525788,0.008985852303786481,4.80341911315918
1747530507.8550448,0.666576156034639,0.009128905808642217,5.0811767578125
1747530507.874865,0.6826445341979689,0.010911338894627639,5.044221878051758
1747530507.8945768,0.6938195921755518,0.013450006120477477,5.005121231079102
1747530507.914118,0.7232377932819606,0.022610143851739213,4.714488983154297
1747530507.93412,0.7423354002685008,0.026073537279880835,4.642009735107422
1747530507.954291,0.7565523045723996,0.02751919897260352,4.886388778686523
1747530507.9749594,0.7734929584822956,0.029395199897517772,5.025386810302734
1747530508.0074987,0.8031500745782425,0.029864241384498565,13.869047164916992
1747530508.0237467,0.8378874960128749,0.033879872956147174,7.853031158447266
1747530508.0423744,0.85177736518695,0.03539156129403505,8.908271789550781
1747530508.0593355,0.893129539159768,0.04341924181263707,6.969213485717773
1747530508.0710123,0.9309419499516638,0.045579471810234355,5.223989486694336
1747530508.0956392,0.9750057132289163,0.050851128854047835,4.655599594116211
1747530508.114393,1.0364730034380965,0.04729083796132704,4.673480987548828
1747530508.134057,1.0915265542746473,0.04781320555996718,4.621982574462891
1747530508.1540844,1.130321977840034,0.05053473785890635,4.599332809448242
1747530508.1747038,1.1632983559001526,0.04925760631733509,4.649877548217773
1747530508.195628,1.2125698517769627,0.05235395560835872,4.969596862792969
1747530508.2142212,1.2425439431502459,0.0560119826251927,4.633665084838867
1747530508.2340596,1.2636384029457648,0.0563166079231324,4.703044891357422
1747530508.2542686,1.315750826375,0.04139107217156928,4.6176910400390625
1747530508.27395,1.34890801888951,0.03614704901122154,4.587888717651367
1747530508.2941601,1.3783553208532122,0.03398665141498306,4.666328430175781
1747530508.31434,1.4342385476431385,0.02533072641702806,4.7245025634765625
1747530508.3343644,1.4673898782809094,0.01715694767141778,4.690885543823242
1747530508.3582938,1.496195351624436,0.008907050083859704,7.889986038208008
1747530508.3772953,1.567134505053696,-0.002407297336747232,6.124019622802734
1747530508.3942015,1.6307221237915503,-0.01300552905483552,4.553318023681641
1747530508.4162607,1.6592198018171322,-0.015430964267634253,6.190299987792969
1747530508.4364336,1.6888850186269129,-0.020774293833633748,5.7525634765625
1747530508.455639,1.717027293418341,-0.02324871981884322,4.611968994140625
1747530508.4747624,1.7652588317165347,-0.03837093569121526,4.727602005004883
1747530508.4945927,1.810625889114146,-0.05199318851763127,4.814386367797852
1747530508.5147586,1.832554260224688,-0.05956762602746942,4.82940673828125
1747530508.5349452,1.8550433054656505,-0.06748372259512372,4.836082458496094
1747530508.5540893,1.8979594617725741,-0.09013705664454016,4.604339599609375
1747530508.574022,1.9265133069663603,-0.10975243335220389,4.706144332885742
1747530508.5906522,1.9380765859130555,-0.11986197279003326,4.902839660644531
1747530508.6147149,1.9889459124911486,-0.1315646722759823,4.884958267211914
1747530508.6347044,2.0148055712825808,-0.1353584300925508,4.966020584106445
1747530508.6547704,2.0375270123986238,-0.140046806024072,4.732370376586914
1747530508.6744707,2.0835694031650576,-0.1493032467618333,4.694700241088867
1747530508.694589,2.1196748838088544,-0.1621793013222445,5.136728286743164
1747530508.714239,2.1443472523467797,-0.17332341185538183,4.913806915283203
1747530508.735771,2.1748573097611263,-0.2002897134376611,5.357265472412109
1747530508.7595754,2.2212036321605804,-0.24726918877673423,8.604288101196289
1747530508.775908,2.264573025682783,-0.291315856452841,5.43665885925293
1747530508.7969222,2.3041394506389943,-0.32621752871920046,5.667924880981445
1747530508.8147562,2.355501655795256,-0.36615104077190613,5.263566970825195
1747530508.8353527,2.3906917302140176,-0.39846893408621614,5.443811416625977
1747530508.8555827,2.4157402642655295,-0.424483445302141,5.3195953369140625
1747530508.871941,2.437587232168107,-0.47770806898782037,6.134033203125
1747530508.8950849,2.4552371105490867,-0.5259379432158231,5.360841751098633
1747530508.9155958,2.4669674729357682,-0.5596771567653004,5.843162536621094
1747530508.9354663,2.49304607212731,-0.604296029220476,5.452632904052734
1747530508.9555886,2.514189345041992,-0.6338040796924035,7.307767868041992
1747530508.9784148,2.547782104372376,-0.6740379126226078,6.144523620605469
1747530508.9964,2.557600024510392,-0.7341431451831892,5.665063858032227
1747530509.015546,2.553794732392,-0.7790231602739497,6.003618240356445
1747530509.035175,2.562584653963565,-0.8150008104973339,5.665779113769531
1747530509.0550752,2.5754765754501463,-0.8470725461684541,5.655050277709961
1747530509.075695,2.6105406346109272,-0.8893042328873171,5.914211273193359
1747530509.0955594,2.6281208388240014,-0.9416193767724487,5.824089050292969
1747530509.115474,2.6386583971276365,-0.9826536489961912,5.740880966186523
1747530509.1304128,2.6455888355476342,-1.03556315940321,5.725622177124023
1747530509.1519914,2.653295841840817,-1.0776363180207658,7.430791854858398
1747530509.1704185,2.6542060100395664,-1.1153941886875471,5.667209625244141
1747530509.1909795,2.650890035656336,-1.146379982645139,5.644559860229492
1747530509.216128,2.672591588153966,-1.209560662336781,5.275964736938477
1747530509.2348013,2.682956073742126,-1.2485063411709523,5.1860809326171875
1747530509.254618,2.6890148675593726,-1.2865261930422904,4.972219467163086
1747530509.2744389,2.6953722979837886,-1.3216913484223345,4.901885986328125
1747530509.2970822,2.713453098133064,-1.3610366475593927,7.615089416503906
1747530509.3171024,2.723501709179401,-1.3895800144978168,7.473945617675781
1747530509.3355274,2.7316066219798847,-1.4009472099268714,7.05718994140625
1747530509.352722,2.7385220616267003,-1.4204559508937302,6.649494171142578
1747530509.3777223,2.7309877232372974,-1.4735183757362056,6.57200813293457
1747530509.3994906,2.7254090780685933,-1.506463538736931,6.468296051025391
1747530509.4148707,2.7282570288616017,-1.5340610077572354,4.937887191772461
1747530509.4343216,2.7184979630349484,-1.5799450584900916,4.6710968017578125
1747530509.4561484,2.71680576148254,-1.6188514627353598,6.36744499206543
1747530509.4700246,2.715399580623776,-1.6443098121003272,4.661083221435547
1747530509.4960585,2.7131396536871395,-1.7174537734692457,4.842519760131836
1747530509.513908,2.7084758314010275,-1.7733537306482767,4.662990570068359
1747530509.5337858,2.707318246279903,-1.8173113625441504,4.584312438964844
1747530509.5552604,2.7061435340634357,-1.8583120467829022,4.839658737182617
1747530509.575724,2.716212771217205,-1.9047890228217377,4.976034164428711
1747530509.5899758,2.7109199937147874,-1.934821722677506,4.723787307739258
1747530509.6146963,2.7090388866862294,-1.9840247614105075,4.887580871582031
1747530509.6342008,2.6654167344138977,-2.041074120017464,4.847049713134766
1747530509.65423,2.6366091884683547,-2.0928659930553875,4.960536956787109
1747530509.6747823,2.6218843410540216,-2.1321461041079584,5.476236343383789
1747530509.6912863,2.5994858797093774,-2.178556506392784,6.709098815917969
1747530509.7145913,2.5874488874659733,-2.246185310971828,5.021333694458008
1747530509.734297,2.5795431037214422,-2.2962605771402504,4.792213439941406
1747530509.757674,2.572373722873972,-2.3679987273417966,7.655143737792969
1747530509.7748504,2.564548376486784,-2.422433805720703,5.152463912963867
1747530509.79071,2.559208181673021,-2.4599720023290805,5.038738250732422
1747530509.8152325,2.548413228377506,-2.5328256981421595,5.110025405883789
1747530509.8356845,2.5336504985810318,-2.5927754934913283,5.378007888793945
1747530509.8549895,2.5247598966581912,-2.62737952784391,8.849620819091797
1747530509.8795338,2.5055674128067995,-2.679060520084128,7.451534271240234
1747530509.899317,2.525423477785733,-2.7391126038376745,7.916688919067383
1747530509.9104087,2.5359979657561804,-2.783297043955702,5.020856857299805
1747530509.9346519,2.5310558177304965,-2.831461481468009,5.012273788452148
1747530509.9540784,2.5493520659745617,-2.9060405376744756,4.864692687988281
1747530509.9744308,2.5647433194230995,-2.9773895463231272,4.841804504394531
1747530509.9947674,2.578986705737262,-3.0390227520857316,5.031585693359375
1747530510.0144076,2.593219365365162,-3.1133240378783333,4.980325698852539
1747530510.0344372,2.611275159215532,-3.179943172144513,5.065441131591797
1747530510.0544474,2.6240830465028946,-3.233156765284973,5.013704299926758
1747530510.080767,2.6305027296584402,-3.2753338005951043,9.053468704223633
1747530510.094744,2.6571546557086534,-3.340564490624272,4.9648284912109375
1747530510.1153345,2.6896690549232076,-3.3981211083490743,5.322933197021484
1747530510.1350584,2.7128754049246524,-3.4457104023202523,5.318880081176758
1747530510.1559117,2.7321002527704525,-3.515945017372843,5.328655242919922
1747530510.1748457,2.745701681785642,-3.567362295061395,5.006551742553711
1747530510.19464,2.7718089719122423,-3.6161154939191658,5.20634651184082
1747530510.214304,2.8136625183776456,-3.690726228613677,4.998207092285156
1747530510.2348077,2.8411976896692233,-3.7483391621965545,5.1631927490234375
1747530510.255602,2.8896506876186514,-3.812960536675378,5.998134613037109
1747530510.27487,2.95605807765075,-3.8958914294497013,5.23066520690918
1747530510.2947423,3.0009157527769568,-3.946696231313029,5.014657974243164
1747530510.3156261,3.043124149333431,-3.99078974379054,4.902839660644531
1747530510.3345716,3.063368515554079,-4.022610421337104,4.975795745849609
1747530510.351581,3.0769830289551425,-4.045093691036113,5.153417587280273
1747530510.374679,3.104828554609691,-4.104672080028049,7.739543914794922
1747530510.3921287,3.1662579921584935,-4.163362979654151,4.960298538208008
1747530510.4149108,3.225767555439216,-4.2086215911639036,5.145072937011719
1747530510.4347088,3.2668879183864177,-4.237360119716127,4.840612411499023
1747530510.454158,3.2676130267129344,-4.279228354867083,4.883527755737305
1747530510.4744227,3.2818222009924796,-4.311862818090127,5.015373229980469
1747530510.4944656,3.299742711640201,-4.335730416258979,4.854679107666016
1747530510.514883,3.343488413309767,-4.406954534760131,4.894018173217773
1747530510.534005,3.3696956249400287,-4.453732023631698,4.715681076049805
1747530510.5543253,3.39106099524998,-4.483282657589308,4.921913146972656
1747530510.5740054,3.4551000464546737,-4.547839649309672,4.761219024658203
1747530510.59643,3.4915178639135425,-4.591306490341347,4.830598831176758
1747530510.6189566,3.507820978217498,-4.6214943202848096,5.906105041503906
1747530510.635585,3.524210557974868,-4.675823315316032,5.696296691894531
1747530510.658188,3.5359269336304187,-4.716422429505862,8.506536483764648
1747530510.6722445,3.5420650027668144,-4.74478229476503,5.388498306274414
1747530510.694905,3.559167221263816,-4.790097468178517,5.382061004638672
1747530510.7147686,3.5832831628706634,-4.851979854265392,5.084514617919922
1747530510.7355695,3.600358866509486,-4.908588537187903,5.603313446044922
1747530510.755288,3.605271195598448,-4.953055657147892,5.266904830932617
1747530510.7756903,3.6261146095876153,-5.021389412539758,5.087614059448242
1747530510.8008735,3.6300524847341737,-5.0629396810899525,5.578756332397461
1747530510.815809,3.637396642687512,-5.119187528591677,5.040168762207031
1747530510.8355172,3.6498631479713644,-5.196253678523337,5.428791046142578
1747530510.8559897,3.648518417361638,-5.249684470373835,6.132841110229492
1747530510.8755317,3.6454842185505973,-5.294122208920702,5.705356597900391
1747530510.8959162,3.6792244543205133,-5.349928826449045,5.456209182739258
1747530510.915373,3.6783062794803114,-5.393577203451806,5.931615829467773
1747530510.9351332,3.6734011634767154,-5.428203432071747,5.8650970458984375
1747530510.952797,3.6601562643330032,-5.454535341219583,6.522417068481445
1747530510.9781024,3.6454790407954962,-5.493042764978972,6.906747817993164
1747530510.9970675,3.642317004168515,-5.535161969495561,6.193637847900391
1747530511.01562,3.6279105383498824,-5.574018112870898,6.186246871948242
1747530511.0350966,3.609261852924309,-5.608732352124187,5.815267562866211
1747530511.0555809,3.585425916799523,-5.6390932616355025,6.215572357177734
1747530511.074774,3.583328372804414,-5.682034952949924,5.443572998046875
1747530511.0924065,3.5792633344698133,-5.705023878103353,5.370616912841797
1747530511.1157007,3.5678868931950567,-5.729262603383369,5.939245223999023
1747530511.1348488,3.554440393731936,-5.767379996707056,5.203485488891602
1747530511.1516793,3.5450299779153114,-5.789946053934109,7.017612457275391
1747530511.1745658,3.5207749996181197,-5.819724954862749,5.10096549987793
1747530511.194555,3.4995622967059687,-5.851842530092619,5.25665283203125
1747530511.2138512,3.4737668601530607,-5.875629588349932,4.770994186401367
1747530511.235077,3.445533874107018,-5.899605225706003,5.340814590454102
1747530511.255808,3.40840921424363,-5.942130553632022,4.922628402709961
1747530511.27743,3.3713949312091778,-5.975936183202611,6.059408187866211
1747530511.2949357,3.3388743017798643,-6.004477764422857,5.166769027709961
1747530511.3168936,3.305424781748996,-6.029814612479639,7.163047790527344
1747530511.3351364,3.2877348354620426,-6.048067852055831,5.314350128173828
1747530511.3549864,3.260049345431541,-6.065616258551791,5.172014236450195
1747530511.3745925,3.231680591760588,-6.0817994720476785,5.131244659423828
1747530511.3905563,3.1815819601382564,-6.106810142104597,4.870176315307617
1747530511.4160821,3.1317984819273823,-6.1283311236698905,5.443334579467773
1747530511.434679,3.0917166675391083,-6.146322800371384,5.141735076904297
1747530511.4541001,3.0373053081469275,-6.183898257396894,4.813671112060547
1747530511.4742696,2.975746277283141,-6.211821953542605,4.930973052978516
1747530511.494235,2.93705373209265,-6.227765986533115,4.862546920776367
1747530511.514401,2.895212383067332,-6.240145316577498,4.764318466186523
1747530511.5341592,2.8204364138500333,-6.261878780644909,4.79435920715332
1747530511.5540612,2.714691765644507,-6.278522762052125,4.7607421875
1747530511.575687,2.6115370396119513,-6.292156361268285,6.132602691650391
1747530511.595335,2.5601519423544845,-6.312395548016544,5.002260208129883
1747530511.6149724,2.515979228290143,-6.329321542229763,4.982948303222656
1747530511.6358588,2.4828558006216443,-6.343395819898499,5.019664764404297
1747530511.654152,2.4415490997872187,-6.355517624506827,4.736661911010742
1747530511.6739438,2.396125684003293,-6.366875199869152,4.700183868408203
1747530511.6938837,2.35955053381965,-6.374924050593267,4.667758941650391
1747530511.7146046,2.3207154095446043,-6.38047904120698,4.906654357910156
1747530511.734936,2.272409169631998,-6.3864692290836675,5.3653717041015625
1747530511.7551432,2.228523663132569,-6.39066787366611,5.429744720458984
1747530511.7713368,2.191902700781653,-6.390456780322326,5.569219589233398
1747530511.9177947,1.8350303562670525,-6.4539206332663035,5.643367767333984
1747530511.9339383,1.7872389221984135,-6.457685544178893,4.598140716552734
1747530511.954112,1.7364243311507652,-6.463539470361838,4.792928695678711
1747530511.9741392,1.671928474504128,-6.467161720324186,4.8236846923828125
1747530511.994056,1.607067177952892,-6.470014237270693,4.681587219238281
1747530512.014004,1.5311535338793418,-6.473846044945777,4.775524139404297
1747530512.0346036,1.4638036797039806,-6.4740622837105,5.087852478027344
1747530512.0541308,1.4038422009714846,-6.475821161819066,4.765033721923828
1747530512.07494,1.3703894802061496,-6.48121451185098,5.0525665283203125
1747530512.0950286,1.3216605388978473,-6.484106969373753,5.035877227783203
1747530512.114455,1.2240746297595866,-6.4889686461555804,4.750967025756836
1747530512.1395388,1.1255613665221762,-6.49172970942987,6.541728973388672
1747530512.1548586,1.097596604886984,-6.492651512589691,5.221366882324219
1747530512.1746805,1.0766161871617101,-6.491205472865846,5.443811416625977
1747530512.1942158,1.0545467299707154,-6.487640599275605,4.882574081420898
1747530512.2102396,1.168500554763917,-6.467265867974282,4.877805709838867
1747530512.2358131,1.127066470276119,-6.464928129850478,5.927085876464844
1747530512.2549188,1.103216537010092,-6.467200860261092,5.08427619934082
1747530512.2746582,0.9984475123131331,-6.443978103045034,4.857778549194336
1747530512.2966373,0.9230369411328322,-6.426776088198803,6.829738616943359
1747530512.3190935,0.865449443523154,-6.41952191430285,6.456851959228516
1747530512.335736,0.8005838727723981,-6.401562119629689,4.806280136108398
1747530512.3544095,0.7441767151072501,-6.388640100275428,4.931449890136719
1747530512.3746488,0.6924681656234233,-6.3807538775457475,4.940986633300781
1747530512.394191,0.6400498221565696,-6.376155014300752,4.925012588500977
1747530512.414362,0.5634493985282322,-6.349995008144821,4.8828125
1747530512.4351616,0.5097140338520324,-6.326411187433121,5.544424057006836
1747530512.4548497,0.4819015603229733,-6.306397285148985,5.203962326049805
1747530512.4741986,0.42639363789141366,-6.288649072746083,4.870176315307617
1747530512.4941857,0.36678702828936877,-6.276942419630928,4.92548942565918
1747530512.5144444,0.3155391037150879,-6.265978417958832,5.032539367675781
1747530512.534293,0.3045812148154228,-6.215466085547005,5.073070526123047
1747530512.5546012,0.27015907925356075,-6.184543140149955,5.251646041870117
1747530512.574919,0.1972512901052995,-6.1630413898471135,5.16963005065918
1747530512.595618,0.14080669110301908,-6.14655072438947,5.855798721313477
1747530512.6153536,0.09024118599312049,-6.109141330059597,5.730867385864258
1747530512.635816,0.08563851511757663,-6.07597575356385,5.538225173950195
1747530512.6547134,0.10860681806051017,-6.036760864521471,5.393028259277344
1747530512.674448,0.12184964879336616,-5.998552016102254,5.248069763183594
1747530512.6950564,0.10702910405919998,-5.97216002896485,5.435705184936523
1747530512.7197378,0.11221861231738242,-5.939107334139762,6.7958831787109375
1747530512.7352695,0.08207583123590527,-5.918345477725214,5.565643310546875
1747530512.758911,0.041584666928755044,-5.890194135369074,8.69894027709961
1747530512.7722645,0.05388090685759358,-5.862101437251537,7.186174392700195
1747530512.7955415,0.04479314989545756,-5.831058507457725,5.5408477783203125
1747530512.8151758,0.027465022008674653,-5.8063261500498475,5.535125732421875
1747530512.8309138,-0.008096224863537676,-5.779626835525558,5.723476409912109
1747530512.8560123,-0.0641713242323834,-5.747646632580318,6.717205047607422
1747530512.8751752,-0.09747709504631477,-5.722513763230492,5.953550338745117
1747530512.895533,-0.15897584299849363,-5.676987559897659,6.100177764892578
1747530512.9157438,-0.2230892623767597,-5.630234366800022,6.342649459838867
1747530512.9359214,-0.24899150859086547,-5.594611461157159,6.448984146118164
1747530512.9560416,-0.26775976832423115,-5.56604465651758,6.810665130615234
1747530512.97558,-0.3572695975639323,-5.523682471146011,6.27899169921875
1747530512.9955873,-0.41261263730475073,-5.489437105628077,6.323337554931641
1747530513.0157354,-0.44783972713911774,-5.4615661308996355,6.165742874145508
1747530513.0352235,-0.5087685932906387,-5.403572309836705,5.936622619628906
1747530513.0556924,-0.5486245262157099,-5.358070502214833,5.893230438232422
1747530513.0757282,-0.5758427098155942,-5.31703318354558,6.033897399902344
1747530513.0953982,-0.6555811802506949,-5.272904649351981,5.644321441650391
1747530513.1107438,-0.6878007757803817,-5.237317090028613,5.383968353271484
1747530513.1348333,-0.7236934952256023,-5.190697793560726,5.363941192626953
1747530513.1557045,-0.784094957966481,-5.135847729260568,5.690574645996094
1747530513.174815,-0.8219310139911522,-5.0871921551321595,5.215883255004883
1747530513.194636,-0.8526929039371784,-5.039748887453803,5.081892013549805
1747530513.2164738,-0.8694881944762013,-4.99911981450848,6.52623176574707
1747530513.2342827,-0.9678425196913635,-4.9436625974192046,4.889011383056641
1747530513.2549741,-1.0200165094300389,-4.890070793587534,5.16200065612793
1747530513.2754831,-1.0514897579507148,-4.844894272177392,5.278348922729492
1747530513.2942665,-1.163358063546285,-4.768966303726961,4.859209060668945
1747530513.3157287,-1.2162333191157184,-4.704722199243926,4.7607421875
1747530513.3341455,-1.2353001307181852,-4.6548803150279054,4.894733428955078
1747530513.3515687,-1.2480193287630406,-4.611787951514949,5.548715591430664
1747530513.375926,-1.3271798787709534,-4.544473105557708,4.796504974365234
1747530513.3900487,-1.3598328333720517,-4.504607614952452,4.733085632324219
1747530513.4093828,-1.3801521432209634,-4.467659848282143,4.869937896728516
1747530513.434159,-1.4624134310824017,-4.376843347570538,4.724740982055664
1747530513.4544644,-1.4978190488328254,-4.305932880596521,4.800081253051758
1747530513.4775724,-1.5055813244418084,-4.2536355585128485,8.001089096069336
1747530513.4922273,-1.5163506442592058,-4.192050405935908,6.176233291625977
1747530513.5199177,-1.5915357213560501,-4.124188752337561,8.299827575683594
1747530513.5377758,-1.6128964063164168,-4.073075718857661,6.225109100341797
1747530513.5494118,-1.6229992535022741,-4.028856899261824,4.864215850830078
1747530513.5701046,-1.6302275545547318,-3.949467026270223,4.93311882019043
1747530513.599144,-1.6938025440612456,-3.882620606242913,7.016420364379883
1747530513.6147785,-1.7150248253678877,-3.811342243349774,4.906415939331055
1747530513.6297536,-1.7229315494732176,-3.7583365995226177,4.801511764526367
1747530513.6562836,-1.7587109949189164,-3.6945763480597082,6.157875061035156
1747530513.6769707,-1.7680606801751306,-3.649792995559049,6.656408309936523
1747530513.6947896,-1.7731656267464184,-3.5979352885282894,5.119800567626953
1747530513.7117302,-1.7746840919103275,-3.558150878018415,7.017850875854492
1747530513.7344398,-1.8122794120338679,-3.496282435213444,5.182743072509766
1747530513.7545702,-1.8290087512163706,-3.4406881121188473,5.229473114013672
1747530513.7746499,-1.8366190143164238,-3.3777442688228163,5.196809768676758
1747530513.7949173,-1.8289092552768345,-3.296284144521463,5.326271057128906
1747530513.8097103,-1.8226799891255339,-3.2146718978586395,5.101442337036133
1747530513.8298938,-1.8276074552669062,-3.151125798789254,5.138158798217773
1747530513.8573318,-1.8243076697471328,-3.0787850431670196,7.034063339233398
1747530513.8794014,-1.822377620692935,-3.0113793523333188,8.998632431030273
1747530513.896369,-1.8267298656395874,-2.913008535436965,6.039857864379883
1747530513.913762,-1.824870230871342,-2.79802489526529,6.308317184448242
1747530513.9382248,-1.821495921219082,-2.71650460133909,6.210565567016602
1747530513.95297,-1.8268902080097238,-2.683696197119976,6.97636604309082
1747530513.9747076,-1.8041965654220673,-2.587939093188667,5.39851188659668
1747530513.9948585,-1.7975080885705041,-2.5216514932926635,5.168437957763672
1747530514.012251,-1.7965537922310106,-2.4866867334012626,6.036281585693359
1747530514.0356238,-1.7946837381767966,-2.4218568359046384,5.68842887878418
1747530514.0550182,-1.7501380020070079,-2.342486431025104,5.479574203491211
1747530514.071182,-1.7339515645062302,-2.2943343378762835,5.369901657104492
1747530514.0925944,-1.7277833306342727,-2.2292291019914883,6.915569305419922
1747530514.1153467,-1.6814872037718502,-2.140206559500266,5.435466766357422
1747530514.136766,-1.656169923412782,-2.0819819213323,6.583929061889648
1747530514.1558359,-1.6424496325872018,-2.0234352451247952,6.165981292724609
1747530514.174847,-1.591458270582161,-1.9329101931954933,5.21087646484375
1747530514.1944563,-1.5827098155741604,-1.863985855652033,4.996776580810547
1747530514.2143304,-1.5713534648816108,-1.8028640615816975,5.046844482421875
1747530514.2384503,-1.562819682013124,-1.738428246429239,9.08350944519043
1747530514.2551315,-1.555735018402475,-1.6800628983664543,5.034446716308594
1747530514.2701232,-1.5154106445024584,-1.622951936313419,5.031585693359375
1747530514.2947588,-1.4824837609985964,-1.5400470120220489,5.40471076965332
1747530514.3116055,-1.471311360480978,-1.4889053121275109,5.020380020141602
1747530514.3350427,-1.4145265625510086,-1.4066789791205627,5.462169647216797
1747530514.3551376,-1.3814662007572767,-1.3396867871943734,5.408525466918945
1747530514.3748448,-1.3601784214562225,-1.2881387931400847,5.61976432800293
1747530514.3904722,-1.3471790075432166,-1.2508102368566236,5.239009857177734
1747530514.4147763,-1.2778488026325712,-1.1799122569720026,5.269527435302734
1747530514.4356341,-1.2389785969381313,-1.119989251715868,5.654335021972656
1747530514.4557421,-1.2123144625384503,-1.0742932920593153,5.73420524597168
1747530514.4754894,-1.153663630878796,-1.0105470616680967,5.651712417602539
1747530514.49017,-1.1227772910527636,-0.9650093850880285,5.419492721557617
1747530514.5152874,-1.0856119189569349,-0.9067117765627817,5.873680114746094
1747530514.5374265,-1.029487931229393,-0.8483047916366838,7.206916809082031
1747530514.5560684,-0.9769348894291049,-0.7936838379419575,6.215572357177734
1747530514.5763614,-0.9296617590483363,-0.7464340059278463,6.314516067504883
1747530514.5964322,-0.8915199653143789,-0.7063810030087249,6.547689437866211
1747530514.616131,-0.8159562369906914,-0.6602540781609996,6.209611892700195
1747530514.6357865,-0.7649612674118493,-0.6215229443809999,5.911350250244141
1747530514.6509295,-0.7386166088458348,-0.5993850143716996,5.9413909912109375
1747530514.6765826,-0.6900143858958733,-0.5339560482602155,6.341457366943359
1747530514.6952739,-0.64704752807318,-0.4793838854714688,5.5484771728515625
1747530514.715257,-0.6061882488803073,-0.4377900203712499,5.526542663574219
1747530514.7347975,-0.5189407195341935,-0.3785072533771468,5.469322204589844
1747530514.755213,-0.4605777338615211,-0.3389980952660553,5.38945198059082
1747530514.7773657,-0.4236200304251102,-0.3116826524505844,5.962848663330078
1747530514.7948022,-0.36435594800183957,-0.23899908957074495,5.405426025390625
1747530514.8147573,-0.34037082740168495,-0.18130049943940157,5.242109298706055
1747530514.835176,-0.322767378154494,-0.14289459540186972,5.234241485595703
1747530514.8551745,-0.3074790260021563,-0.11820310779597798,5.575656890869141
1747530514.874633,-0.20745393909282978,-0.08678875620759004,5.288362503051758
1747530514.8943055,-0.13373980593442725,-0.06845166544795285,5.228996276855469
1747530514.9161775,-0.08160988856408341,-0.04894627823415358,5.604743957519531
1747530514.9357536,-0.004522889593056915,-0.004338165408907697,5.982398986816406
1747530514.9557247,0.0620004203710307,0.032048399304391156,5.566596984863281
1747530514.9753494,0.12956065871141725,0.06401397061232525,5.374431610107422
1747530514.9911816,0.134527323086772,0.08649352578026583,5.591392517089844
1747530515.0144095,0.16404685315320316,0.10713609433010882,4.949331283569336
1747530515.0351214,0.1867385745689315,0.11922013842554147,5.369663238525391
1747530515.0544007,0.21900188735314147,0.13426968416997223,4.936933517456055
1747530515.0752387,0.24175555199098092,0.14668953885316122,5.19251823425293
1747530515.094655,0.3007357670838891,0.1512831359801891,5.116701126098633
1747530515.1107411,0.3462948898543309,0.14915972289932275,5.015373229980469
1747530515.1395319,0.4044899035946957,0.15833126820920668,8.129358291625977
1747530515.1580076,0.4550599726104886,0.18032415532350898,5.69605827331543
1747530515.1754906,0.4966830391478701,0.1926519205243074,5.176305770874023
1747530515.1942012,0.5337336304433274,0.20299663957274322,4.869937896728516
1747530515.214782,0.5590607550805093,0.20671558514891125,5.356788635253906
1747530515.2341332,0.6258105606400332,0.22187823334801235,4.916191101074219
1747530515.2541423,0.6724382367505327,0.23174922847461255,4.799365997314453
1747530515.274337,0.69997237056731,0.23602312066949432,4.828691482543945
1747530515.2990031,0.7977025194667489,0.2459478679695125,6.525754928588867
1747530515.3144827,0.8894227600051955,0.25093938181429226,4.912853240966797
1747530515.334159,0.9627875143307572,0.25675438193685646,4.692792892456055
1747530515.353952,1.0436403792239703,0.2570749047038357,4.759550094604492
1747530515.3743944,1.1065672398706163,0.2583059114070476,4.7817230224609375
1747530515.3948312,1.1566559520645707,0.25999511744497933,4.897832870483398
1747530515.4156222,1.2490996568246633,0.25704232400621907,4.9800872802734375
1747530515.435424,1.315573154277182,0.24787603114910325,5.561590194702148
1747530515.4542382,1.376983241535598,0.2403480764593542,4.611730575561523
1747530515.473883,1.4268091501065254,0.23487267495109987,4.614830017089844
1747530515.4941745,1.4762280838877913,0.22434942157204793,4.787683486938477
1747530515.515005,1.5227998212747231,0.21403548458556793,4.976749420166016
1747530515.536074,1.564931690409493,0.20431464575293187,5.401372909545898
1747530515.5543783,1.6849455917594525,0.18196880466634463,4.786014556884766
1747530515.5744116,1.7689306587694158,0.1649077212747033,4.882335662841797
1747530515.59461,1.8134814003197586,0.1545863497796794,4.871845245361328
1747530515.6125338,1.8421757991751742,0.11993263306674488,5.174398422241211
1747530515.6353073,1.8750104397643967,0.08787899174425653,4.861116409301758
1747530515.6511092,1.883551355206893,0.07399932160817882,4.783153533935547
1747530515.673884,1.9061065861537907,0.05383409073023772,4.554510116577148
1747530515.6939692,1.9455331755799603,0.026718649185725005,4.698753356933594
1747530515.7151904,1.9775109607882349,0.009791448158797364,5.07807731628418
1747530515.734763,2.003833437341393,-0.0034600734271522824,5.091190338134766
1747530515.756724,2.042806998998679,-0.019942292596164857,7.30133056640625
1747530515.774421,2.0780332430126114,-0.027990883533815777,4.839658737182617
1747530515.7941942,2.0945929640831915,-0.03556737800510731,4.832267761230469
1747530515.8142388,2.1274639898668606,-0.06792710769199692,4.994869232177734
1747530515.8343804,2.160574760960388,-0.0999334096656351,5.0868988037109375
1747530515.854293,2.1860794345546943,-0.1324183307535969,5.0449371337890625
1747530515.8755436,2.239217992205731,-0.18233687521699352,5.1727294921875
1747530515.8945925,2.279277403884262,-0.21758794657760172,5.1975250244140625
1747530515.9209485,2.3090667414496746,-0.24476911386583597,8.766412734985352
1747530515.939794,2.3370706968264883,-0.26853798391174527,7.1563720703125
1747530515.9569592,2.35509232682477,-0.2829107252483786,6.214141845703125
1747530515.9766412,2.4101185663845937,-0.2964386947615419,6.623268127441406
1747530516.0004961,2.448007440045064,-0.3130734359377363,9.383916854858398
1747530516.014759,2.482762430164784,-0.3358318336061157,5.232095718383789
1747530516.0356035,2.51139051542465,-0.35674383216718547,5.357027053833008
1747530516.0554235,2.5348021690664426,-0.43587327386906155,5.635499954223633
1747530516.0752783,2.554077530136376,-0.5008364677206673,5.509138107299805
1747530516.0959957,2.5597867838931685,-0.5197562326593099,5.428314208984375
1747530516.1163309,2.6149436463730673,-0.5839524553059642,5.399942398071289
1747530516.1342432,2.6487586641918046,-0.6169950265492581,6.074428558349609
1747530516.1554043,2.6840684505426298,-0.6511748540251926,5.794286727905273
1747530516.1758761,2.688836190869592,-0.7086322782180052,5.867958068847656
1747530516.1954958,2.6815691517999465,-0.7484183059662599,6.314516067504883
1747530516.2152057,2.6716979448847464,-0.774976626950036,5.846500396728516
1747530516.2348697,2.706348609965061,-0.8121858181686864,5.694866180419922
1747530516.2552648,2.723433630906788,-0.8444805464976978,5.9299468994140625
1747530516.2754436,2.7347282808842954,-0.8779331535698066,5.920171737670898
1747530516.2947774,2.7416247989556797,-0.9088858938931461,5.492448806762695
1747530516.315554,2.743322190705827,-0.9614484190196696,5.564689636230469
1747530516.334869,2.738122382664371,-1.0127656751233811,5.463123321533203
1747530516.3512566,2.7316243983990716,-1.0454667639850148,5.76019287109375
1747530516.3755844,2.744021429925856,-1.120019059926932,5.706787109375
1747530516.3902473,2.746205285241002,-1.1622225667802202,5.492687225341797
1747530516.415448,2.7486615225779154,-1.2099197443725183,5.5828094482421875
1747530516.4342752,2.7823335272361613,-1.2651971835958007,5.003452301025391
1747530516.454086,2.7972587520962153,-1.3137352125458872,4.900693893432617
1747530516.474721,2.8107903519500965,-1.360751125218986,5.138874053955078
1747530516.4966707,2.79637193190514,-1.415579709847796,4.889965057373047
1747530516.5156453,2.789214068013941,-1.457326632911969,6.951093673706055
1747530516.5349407,2.788308451414593,-1.5052494311622642,4.897356033325195
1747530516.556824,2.7887274601736807,-1.5350463698756824,6.964921951293945
1747530516.5741808,2.786480310587514,-1.5888110152572998,4.659175872802734
1747530516.595615,2.779707418284229,-1.6414814614394329,4.882574081420898
1747530516.6151683,2.7762733831126574,-1.678667471847203,5.113363265991211
1747530516.6346042,2.778509842088393,-1.7377985599635655,4.804134368896484
1747530516.65557,2.7734960858124507,-1.7868710202158078,6.240367889404297
1747530516.6738691,2.7703467199372422,-1.8324984376388254,4.533290863037109
1747530516.695626,2.7617359300534066,-1.8937218435765277,5.896568298339844
1747530516.7165809,2.7543710536405275,-1.9458756228367773,6.241798400878906
1747530516.7364209,2.7449947969584896,-1.9879973371552415,6.494998931884766
1747530516.7548275,2.733888531068838,-2.0237506843561825,5.123138427734375
1747530516.7759593,2.717215004295333,-2.0796309355124305,4.889488220214844
1747530516.91458,2.6802628194123743,-2.398220493629439,7.784605026245117
1747530516.9354856,2.649370551676725,-2.5003020828318068,5.113840103149414
1747530516.9556208,2.6271642786305414,-2.544206484302148,5.43975830078125
1747530516.9784164,2.6219654027346184,-2.5709425078263695,6.825685501098633
1747530516.994763,2.631517100941156,-2.633963172409933,5.115985870361328
1747530517.0158713,2.6455644588902176,-2.6929510564126615,5.057096481323242
1747530517.032767,2.649710511700059,-2.7258731253224284,4.852056503295898
1747530517.0547023,2.650962568038727,-2.793797286002038,4.955053329467773
1747530517.0771048,2.653957251879657,-2.851650024993122,6.77490234375
1747530517.094242,2.6578264405617507,-2.898181793624187,4.790544509887695
1747530517.1140234,2.657105223632883,-2.940263167651378,4.878520965576172
1747530517.1342938,2.6671321020939405,-3.0145158421574876,4.898786544799805
1747530517.150217,2.6761259663161967,-3.0721785955841923,5.615949630737305
1747530517.175499,2.678330161085529,-3.143777145078409,5.611658096313477
1747530517.194705,2.7085958879752736,-3.2194062398785053,5.467414855957031
1747530517.214331,2.722757792589104,-3.281999443255063,4.99725341796875
1747530517.2358215,2.7419920600583634,-3.3399686361444503,4.993677139282227
1747530517.2544067,2.77756312920893,-3.4142598205446366,4.9304962158203125
1747530517.2776725,2.802315469701002,-3.4714174569389304,8.307933807373047
1747530517.2949514,2.8199631584001494,-3.5123825411444325,5.330085754394531
1747530517.3203633,2.8588758251670914,-3.596315646032003,8.465766906738281
1747530517.3350728,2.89147407357103,-3.6574282425479905,4.854440689086914
1747530517.3558223,2.9096889621741413,-3.699933172157583,6.508350372314453
1747530517.374441,2.9257067731239,-3.7281694658635254,5.097866058349609
1747530517.3939462,2.9729096444655565,-3.8082770730353235,4.775524139404297
1747530517.4142551,3.018501756688182,-3.8650303746826276,4.900693893432617
1747530517.434796,3.0569930792023543,-3.911341170809723,5.3043365478515625
1747530517.4543967,3.0694327492076208,-3.9707684923104383,4.913806915283203
1747530517.4760442,3.091397515866763,-4.016997375301727,5.125522613525391
1747530517.4952483,3.1151133820006147,-4.054276186492878,5.461931228637695
1747530517.515134,3.183846801514165,-4.135692230620504,5.472898483276367
1747530517.5346632,3.237016373519927,-4.192431179214404,5.025625228881836
1747530517.5551717,3.284704156893665,-4.235896883278034,5.464792251586914
1747530517.5747528,3.314238154940368,-4.263163201212433,5.000114440917969
1747530517.594083,3.3291390700635106,-4.313158898319643,4.921674728393555
1747530517.6138062,3.3450945280214412,-4.343083382845096,4.633188247680664
1747530517.630848,3.352534516819077,-4.359138323684909,5.176305770874023
1747530517.6540477,3.3854605246122893,-4.453661931670696,4.752874374389648
1747530517.6756206,3.4303660346249587,-4.5161583433720365,6.134271621704102
1747530517.694192,3.4642735585865756,-4.5600056288109725,4.87518310546875
1747530517.714263,3.52813333106658,-4.631747029879703,4.971742630004883
1747530517.7344146,3.558802251825875,-4.685708776060431,5.009174346923828
1747530517.754269,3.5748711144592757,-4.728954470155219,5.014181137084961
1747530517.7695868,3.5775943013416374,-4.753174491564038,5.0830841064453125
1747530517.7950578,3.5812815227500687,-4.789452550086955,5.149602890014648
1747530517.815103,3.608702523283747,-4.838176203197767,5.638360977172852
1747530517.835082,3.6257099285584724,-4.880822473110137,5.177974700927734
1747530517.8547132,3.6344773779319013,-4.915767324670264,5.209445953369141
1747530517.8748524,3.6704675972474003,-4.967612850418951,5.311489105224609
1747530517.8945594,3.696324981020006,-5.022035300188747,5.076408386230469
1747530517.915973,3.696892152011551,-5.065556192698055,6.114482879638672
1747530517.9359958,3.6907896247312006,-5.088552051842973,5.554676055908203
1747530517.955606,3.6994972366637477,-5.144116407638195,5.693912506103516
1747530517.975261,3.7037942391809455,-5.1816262213065505,5.530834197998047
1747530517.9973688,3.7080346184936728,-5.206459420046348,7.279157638549805
1747530518.0153935,3.7407030202379716,-5.273246528768513,5.480766296386719
1747530518.0352964,3.7527453633855385,-5.32452390028927,5.554676055908203
1747530518.0556974,3.75937903213374,-5.364356606640866,5.817651748657227
1747530518.075926,3.7741516757687306,-5.424223592648037,5.928277969360352
1747530518.0927796,3.7688082880097356,-5.47072107673465,5.852699279785156
1747530518.1156576,3.7660184190300914,-5.522914767201082,6.20722770690918
1747530518.1363144,3.7714460525612212,-5.573163150318479,5.956888198852539
1747530518.1574078,3.765663517127323,-5.615608512800998,6.365299224853516
1747530518.1753805,3.751690204763706,-5.649072852615153,5.800962448120117
1747530518.195587,3.735881864288762,-5.677175726180027,6.006956100463867
1747530518.2152586,3.730434892794745,-5.7247607756754695,5.602121353149414
1747530518.2348697,3.7199019450665998,-5.762106839586906,5.552768707275391
1747530518.254882,3.701990271471617,-5.793323299528451,5.500555038452148
1747530518.2755394,3.7002707654493396,-5.835562138712375,5.632638931274414
1747530518.2958992,3.686867099805578,-5.8709803628887425,6.371021270751953
1747530518.315133,3.6709426689402385,-5.896195589762547,5.485057830810547
1747530518.336271,3.652941198805518,-5.934287601443713,6.880521774291992
1747530518.3544593,3.6259485563409957,-5.96655472924619,5.133628845214844
1747530518.3746395,3.5931678363567285,-5.994084465155959,5.244255065917969
1747530518.395266,3.567374240438215,-6.041934536286117,5.116939544677734
1747530518.4154348,3.5339612390549693,-6.076318368548683,5.277872085571289
1747530518.4335928,3.5081218263493015,-6.0977917902984435,5.180120468139648
1747530518.4520085,3.481289204069685,-6.118121783292936,6.838083267211914
1747530518.471979,3.4545539176013316,-6.139384479946848,6.03175163269043
1747530518.4992185,3.4059390941171745,-6.174569744922451,8.42905044555664
1747530518.5151908,3.3626601028106635,-6.198634944470765,5.282163619995117
1747530518.5357518,3.332978554981942,-6.212197593668992,5.112171173095703
1747530518.5546715,3.310915780553667,-6.223200201458573,5.154132843017578
1747530518.5743606,3.28396262703532,-6.241376985614145,5.019903182983398
1747530518.5944052,3.2465340236350344,-6.2590127247358165,5.075216293334961
1747530518.6144288,3.209195824907162,-6.2730754184921755,4.955291748046875
1747530518.6360905,3.1314461949224035,-6.308816660788725,5.048513412475586
1747530518.654397,3.0733558549380993,-6.32934357081874,5.031585693359375
1747530518.6743243,3.03557375491412,-6.344211054736952,5.017757415771484
1747530518.6945844,2.9872543862268377,-6.366112942280577,5.148172378540039
1747530518.7147615,2.9483332649044898,-6.379378740885881,5.2127838134765625
1747530518.737346,2.90363573844162,-6.389757532313745,7.866859436035156
1747530518.7586143,2.8333735958626893,-6.4079185605631865,7.4253082275390625
1747530518.779919,2.759688760784583,-6.421163565577149,7.474184036254883
1747530518.7950163,2.6930706942828633,-6.427936886985956,5.189657211303711
1747530518.81456,2.630141165203403,-6.432597818930402,5.145549774169922
1747530518.8366802,2.5840199491818034,-6.433555637163701,5.824089050292969
1747530518.8547053,2.5506414022797546,-6.440441341188417,5.193948745727539
1747530518.8752003,2.5220873698439603,-6.444458842269607,5.09190559387207
1747530518.8959806,2.480434465052345,-6.4458510175302175,6.500959396362305
1747530518.9152653,2.4514408727906196,-6.4478372424577755,5.005121231079102
1747530518.9359004,2.408267184428025,-6.449872960947641,5.952119827270508
1747530518.9555967,2.3561436334318486,-6.454988360926847,5.742549896240234
1747530518.9752896,2.3062699525227526,-6.4561349705817745,5.218744277954102
1747530518.9947498,2.257949936243254,-6.454686213430903,5.074739456176758
1747530519.0100896,2.222840965431577,-6.4516575320905,5.012035369873047
1747530519.0338266,2.1580513961821315,-6.440711055002854,4.699468612670898
1747530519.0542965,2.114785862861441,-6.435912495040503,4.790782928466797
1747530519.0741856,2.0802495227535487,-6.432357922572237,4.802465438842773
1747530519.0941482,2.0437715077075786,-6.442734051543985,4.7817230224609375
1747530519.1146748,2.005343440941831,-6.452821239466718,5.113124847412109
1747530519.1340766,1.9606626674381193,-6.458170224155105,4.898548126220703
1747530519.1539683,1.8957852541096245,-6.4628302818576495,4.771947860717773
1747530519.1743362,1.8538678951639649,-6.464724959257063,4.960775375366211
1747530519.1947248,1.8322382758796112,-6.466766959913482,5.009889602661133
1747530519.2143726,1.771311474911926,-6.45068974168769,4.828214645385742
1747530519.2343962,1.736177809851782,-6.439543170507408,4.823207855224609
1747530519.2547035,1.7037423946918828,-6.430746437540897,5.061626434326172
1747530519.2745473,1.676173245137433,-6.425008194417788,4.927635192871094
1747530519.2938905,1.6191336820065665,-6.423523178872825,4.703521728515625
1747530519.3153505,1.5590471301006563,-6.42129198548696,4.991054534912109
1747530519.33432,1.5024208158255814,-6.422969734769508,4.854917526245117
1747530519.355736,1.4444627170340822,-6.423143406866491,4.888772964477539
1747530519.3774292,1.3971691473248453,-6.425488104967046,7.126569747924805
1747530519.397497,1.3529063756931587,-6.434594197573424,6.727457046508789
1747530519.415654,1.3181851814078953,-6.442589561841197,5.229711532592773
1747530519.4390526,1.2821227236006465,-6.447249092663908,7.551670074462891
1747530519.4555182,1.1929426442885624,-6.445684270290203,5.118608474731445
1747530519.4741094,1.1186107125851261,-6.444811646224021,4.60505485534668
1747530519.4940147,1.068406037164382,-6.442343684790747,4.660844802856445
1747530519.5142674,1.0299209624762395,-6.424066372268214,4.752397537231445
1747530519.5344694,0.9854889533550117,-6.409728628805737,4.769802093505859
1747530519.5541399,0.9247595817635493,-6.399929774561698,4.673957824707031
1747530519.5747566,0.828772408760061,-6.394176077510857,4.861354827880859
1747530519.5945864,0.7296396637709499,-6.389031956832618,5.003213882446289
1747530519.614854,0.6682163075965151,-6.385119806291094,5.417346954345703
1747530519.6357408,0.6295456408849084,-6.380804048738383,5.712270736694336
1747530519.6541276,0.5543572627052722,-6.366615044272514,4.792213439941406
1747530519.6756158,0.47968035306170514,-6.357055505991983,5.370140075683594
1747530519.6946697,0.42156499827619104,-6.35165228620913,5.26118278503418
1747530519.715965,0.3581334466752379,-6.323149769095276,5.349397659301758
1747530519.7356074,0.3037843756212896,-6.305220885497579,5.484342575073242
1747530519.7543726,0.25001208293607813,-6.29124150345446,5.036830902099609
1747530519.7742946,0.18264020486130828,-6.26028570888741,5.150079727172852
1747530519.7952204,0.12715059123656197,-6.237890048788231,5.484342575073242
1747530519.812965,0.08786301978061789,-6.224877918822711,5.544424057006836
1747530519.8392296,0.07171332879045667,-6.1937999111508795,8.61501693725586
1747530519.856561,0.09221024274998389,-6.171905709402788,6.933450698852539
1747530519.879673,0.07012203551877368,-6.142048866615747,8.285045623779297
1747530519.897005,0.03630337328931875,-6.105739563981954,5.97691535949707
1747530519.9161818,0.01995377910630727,-6.070684488689767,5.72514533996582
1747530519.9299986,0.007491213488394773,-6.049571328419376,5.344152450561523
1747530519.9516218,-0.02518411585111834,-6.0307184506763845,5.712270736694336
1747530519.970279,-0.04541524548575003,-5.986147124658151,5.674839019775391
1747530519.9921756,-0.0762353099109692,-5.960057982420155,7.54857063293457
1747530520.0157127,-0.1186222402739464,-5.9317649391241165,6.606101989746094
1747530520.0322645,-0.15723081978470344,-5.89561029243595,5.65028190612793
1747530520.0504735,-0.2095746085686281,-5.8553319771786505,5.734682083129883
1747530520.0784461,-0.2588601175055461,-5.814796408925708,7.317781448364258
1747530520.097839,-0.2807892124166256,-5.786334475243401,7.0743560791015625
1747530520.1166544,-0.3105554699268041,-5.754126870123932,7.12895393371582
1747530520.1361315,-0.3564234528095906,-5.719852725780587,6.193399429321289
1747530520.159143,-0.39014021495583195,-5.690240560603453,9.315729141235352
1747530520.1767163,-0.44114387683453377,-5.646879421099246,8.94618034362793
1747530520.197963,-0.48550026537524066,-5.593420762121294,7.726430892944336
1747530520.2162406,-0.5087920641196618,-5.553157729993924,6.595611572265625
1747530520.2355556,-0.5269462476853324,-5.517790142374473,6.085395812988281
1747530520.2574768,-0.5418579097828514,-5.4934343324145685,7.017374038696289
1747530520.276678,-0.5873037927946119,-5.448673383148255,7.047176361083984
1747530520.2964718,-0.6228248267664226,-5.4060580572281465,5.916595458984375
1747530520.3161364,-0.6437300079434503,-5.367506884519529,6.449222564697266
1747530520.3358335,-0.7133591090977879,-5.327230525094961,5.573034286499023
1747530520.355055,-0.759348169358912,-5.277786112555779,5.425691604614258
1747530520.3767636,-0.7912109814269194,-5.2339051898691435,6.981134414672852
1747530520.3950067,-0.8748951515815132,-5.180886528514063,5.558967590332031
1747530520.4172807,-0.9233437474947144,-5.125795082520358,7.108211517333984
1747530520.4359677,-0.9506554832446112,-5.0779160071014875,5.048513412475586
1747530520.4540193,-0.9683053165269584,-5.04054263033735,4.904031753540039
1747530520.4748251,-1.0368436555379,-4.974096895134808,5.0220489501953125
1747530520.494067,-1.0730962680603162,-4.91589086364434,4.810094833374023
1747530520.5147867,-1.0969813031205673,-4.867197784484769,5.270481109619141
1747530520.5345376,-1.1864927907926466,-4.798711163290872,4.874944686889648
1747530520.5543823,-1.2361281016076497,-4.744646859066514,5.125761032104492
1747530520.5741708,-1.2602960781243855,-4.693827988089046,4.869937896728516
1747530520.5915146,-1.3169913750784372,-4.641524311661653,5.1021575927734375
1747530520.614754,-1.3510149649238437,-4.5585232128364765,5.224466323852539
1747530520.634656,-1.3700244529387888,-4.497766553464074,5.197286605834961
1747530520.6549752,-1.4365673560134,-4.44010161611382,4.77290153503418
1747530520.6746933,-1.461937825815519,-4.378448182619394,5.015373229980469
1747530520.6949716,-1.4822272195520847,-4.313081087999786,5.148410797119141
1747530520.7098455,-1.4923098020287622,-4.268409811464459,4.800558090209961
1747530520.734429,-1.5445041612717392,-4.182421264178094,4.961490631103516
1747530520.7549918,-1.5649805639923222,-4.114516188549666,5.484580993652344
1747530520.7750387,-1.5806649526988406,-4.060068849057343,5.246639251708984
1747530520.7950196,-1.620100272332467,-3.9904493773661307,4.953861236572266
1747530520.8157642,-1.6409344124155618,-3.9166201250532184,6.06083869934082
1747530520.8370743,-1.654081136320194,-3.8354630942835497,5.877256393432617
1747530520.8568354,-1.7029237164367679,-3.7686495546517604,6.436347961425781
1747530520.8740666,-1.7269522175692935,-3.7155053466349286,4.809379577636719
1747530520.8939092,-1.7367421636838434,-3.6719061893473786,4.8046112060546875
1747530520.9143355,-1.7469760106572358,-3.6149704170154795,4.909753799438477
1747530520.9347527,-1.755122971414851,-3.5401740519062455,5.513191223144531
1747530520.954222,-1.760221825577158,-3.466046835652848,4.980564117431641
1747530520.9746013,-1.7643222667045197,-3.389783332032713,5.280256271362305
1747530520.9946043,-1.7652411090767934,-3.3039294986794636,4.95600700378418
1747530521.0142996,-1.7651643113986994,-3.24185472823958,4.919767379760742
1747530521.0316613,-1.770652149513754,-3.188777627065814,5.500555038452148
1747530521.055457,-1.780794929813697,-3.107037391476478,5.717992782592773
1747530521.0756843,-1.7860481329379212,-3.0302277928547037,5.507946014404297
1747530521.0950282,-1.790568535529817,-2.9641311567754447,5.326271057128906
1747530521.1170788,-1.7995694894708616,-2.888667948727444,6.864786148071289
1747530521.1353014,-1.8090341066563982,-2.8252096183335094,5.397558212280273
1747530521.155879,-1.789266623809383,-2.753557790127936,5.14984130859375
1747530521.1752946,-1.7835358358062892,-2.6863814982428047,5.814552307128906
1747530521.196026,-1.783598383515688,-2.628401555815587,6.382465362548828
1747530521.2147422,-1.771333868669655,-2.5548282559441433,5.269050598144531
1747530521.2354066,-1.76706119972678,-2.484777909970019,5.383491516113281
1747530521.2557323,-1.7805793814673547,-2.4219046050414827,5.936622619628906
1747530521.2758508,-1.7957753437358719,-2.369034728853332,5.152463912963867
1747530521.2986372,-1.7508915210134177,-2.285000400798254,8.699893951416016
1747530521.3147857,-1.7329062485762199,-2.2122873485677284,5.187511444091797
1747530521.3343737,-1.726161330538418,-2.1563224396761935,4.957675933837891
1747530521.3543358,-1.6708547192616006,-2.060848972018295,5.028963088989258
1747530521.3745708,-1.6435308529073538,-1.984933255646495,5.044221878051758
1747530521.3944206,-1.6324580090037235,-1.9140133372115251,5.10859489440918
1747530521.414583,-1.590108312435459,-1.8292850728842978,5.137443542480469
1747530521.4364705,-1.5638611213208833,-1.7485174912470243,6.685495376586914
1747530521.4540987,-1.552048397159706,-1.6806978548971023,4.89354133605957
1747530521.4753072,-1.5048117313597795,-1.591964228071306,5.521297454833984
1747530521.494327,-1.4809506546126951,-1.5177398988329325,5.038022994995117
1747530521.5149832,-1.4781182807576816,-1.454482120764068,5.239725112915039
1747530521.5371704,-1.474696972235243,-1.3971960866205408,7.670402526855469
1747530521.5548658,-1.3968338585252484,-1.331293118606487,5.238533020019531
1747530521.574807,-1.3564507032692716,-1.270868788144714,5.277156829833984
1747530521.5946538,-1.3314640933874249,-1.2190679496403651,5.369663238525391
1747530521.61613,-1.2754456470438138,-1.1496868110621048,6.928920745849609
1747530521.6411257,-1.2342203953993827,-1.078772428956763,7.321596145629883
1747530521.6559653,-1.1968714839471066,-1.0232409852875257,6.319284439086914
1747530521.6756954,-1.1229222933059857,-0.9499680550776016,5.71894645690918
1747530521.6952147,-1.0677336390382346,-0.891708809015447,5.684137344360352
1747530521.7176688,-1.023119166781497,-0.8371525559830559,6.933689117431641
1747530521.7360966,-0.9980283948681549,-0.8033381646035984,9.983062744140625
1747530521.7578154,-0.9168644630503889,-0.726189606189742,7.427692413330078
1747530521.778982,-0.8735841019215455,-0.6750323735093553,7.272481918334961
1747530521.791405,-0.8545602418339496,-0.6454294827617685,6.073474884033203
1747530521.933489,-0.5300476338767605,-0.38052537133607245,7.295370101928711
1747530521.9489653,-0.5096940566169118,-0.35211668156611214,6.098508834838867
1747530521.9602664,-0.4801407464742153,-0.3220525976436307,5.210399627685547
1747530521.9748921,-0.42735329814513384,-0.2835973545202355,5.303859710693359
1747530521.9975073,-0.3783107021959614,-0.2515408807353464,7.078647613525391
1747530522.016564,-0.33037782764824125,-0.22709126571451344,5.862236022949219
1747530522.0349069,-0.2757024493056662,-0.17170797523645984,5.275487899780273
1747530522.0567188,-0.21567931213617283,-0.12876280023073466,7.02214241027832
1747530522.0780036,-0.17258676992224914,-0.09524121840242068,6.771087646484375
1747530522.0984838,-0.12040724830154428,-0.04603756564097669,6.319284439086914
1747530522.1165247,-0.07842538133309296,-0.01581562432627071,6.171941757202148
1747530522.1348958,-0.02468186903847513,0.014994890117627365,5.452632904052734
1747530522.151267,0.040093918290714035,0.05635055791404052,6.783008575439453
1747530522.174401,0.10605013738436214,0.08020212936140521,5.101680755615234
1747530522.1948643,0.1570695052018862,0.09067684364341301,5.518198013305664
1747530522.2143903,0.2119516969360978,0.09976756194362739,4.996776580810547
1747530522.2356129,0.20468939440066775,0.12410115196093055,5.34367561340332
1747530522.2544212,0.19490002738507964,0.1354231572654649,4.940032958984375
1747530522.2745843,0.22121205383790463,0.15130388700416825,5.089044570922852
1747530522.294287,0.27128272719237934,0.1723294740400067,4.980325698852539
1747530522.3154874,0.33083003205249073,0.18328655342419597,5.324602127075195
1747530522.3368814,0.39969264885745415,0.19805824737581335,5.85174560546875
1747530522.354415,0.4662669775353958,0.21470326331563042,4.932880401611328
1747530522.374432,0.5269559543101147,0.2343737859456332,4.94837760925293
1747530522.3942833,0.5886380120003463,0.254543481998057,4.969358444213867
1747530522.414315,0.6375517054264378,0.27232178294153186,4.909515380859375
1747530522.4343555,0.6838869603186146,0.28761111562611147,4.8656463623046875
1747530522.454297,0.7232783327304382,0.29262092187956334,4.871606826782227
1747530522.4745457,0.7695852888580899,0.30036921594983473,5.050897598266602
1747530522.4941607,0.8736732249537582,0.31889707796201927,4.8770904541015625
1747530522.5150404,0.9532344402943594,0.33432974474042454,5.518674850463867
1747530522.5352423,1.0107968703280046,0.3405737039411083,4.9304962158203125
1747530522.5547419,1.085170496162441,0.33588293262330793,4.929780960083008
1747530522.5738864,1.138506404549894,0.3292080678144463,4.701137542724609
1747530522.5941317,1.1960393658065087,0.32286560250990876,4.735708236694336
1747530522.6144552,1.2488730486282376,0.32133560911914744,4.853725433349609
1747530522.6354842,1.297593738859595,0.31855682396054746,5.236625671386719
1747530522.654897,1.3674787633475356,0.3021251893720646,4.964590072631836
1747530522.676068,1.4436774459868758,0.2888972689186137,6.425619125366211
1747530522.694568,1.4811714546718266,0.2796267416373405,4.802227020263672
1747530522.7151644,1.504686718219889,0.27366109583487064,8.002281188964844
1747530522.7390223,1.5529029167757247,0.26302451112068004,8.659601211547852
1747530522.7540948,1.596994834307882,0.2515908719293938,4.896640777587891
1747530522.7744417,1.628049363259576,0.2495497039783335,5.146265029907227
1747530522.7938135,1.6817506484237765,0.21150697808785746,4.613637924194336
1747530522.8155684,1.7382353301116729,0.1841775361737316,6.393671035766602
1747530522.8339093,1.7904790734333598,0.16159341334484364,4.628658294677734
1747530522.8540137,1.847887672883509,0.14189198415900192,4.667997360229492
1747530522.8737438,1.8901482550287292,0.12977472177341823,4.657983779907227
1747530522.8947628,1.9321177010018298,0.117943077833829,5.394458770751953
1747530522.9143887,1.9760939467263454,0.08780833276110223,4.766702651977539
1747530522.9357576,2.0108797329696415,0.06516485596704169,5.059480667114258
1747530522.9543202,2.033174115273031,0.04530391687160032,4.736423492431641
1747530522.9743564,2.057679401113225,0.029060796838048575,4.7588348388671875
1747530522.995622,2.105531462316289,-0.016146747955654926,6.376743316650391
1747530523.0191646,2.130562841541766,-0.050219061693406564,9.410381317138672
1747530523.034842,2.1581661974910964,-0.07495530746135226,5.311727523803711
1747530523.055187,2.184793492585194,-0.09972728005754265,5.565643310546875
1747530523.074836,2.2143239384034152,-0.12168739776046725,5.0907135009765625
1747530523.0944195,2.239309931165946,-0.13968993296468563,5.026578903198242
1747530523.1160066,2.304260734493636,-0.19914710706070815,6.668806076049805
1747530523.136551,2.355074750742041,-0.2368524338686323,6.682157516479492
1747530523.1555462,2.390469214985273,-0.26371481341703806,5.593776702880859
1747530523.1773212,2.4208208828054048,-0.2879670542211521,7.070302963256836
1747530523.1919606,2.4497325262002456,-0.30785104104235056,5.4874420166015625
1747530523.215278,2.480570646438239,-0.3390191001547724,5.454063415527344
1747530523.2355976,2.498373195777002,-0.35808771304052023,5.699396133422852
1747530523.256698,2.528359193652825,-0.4099749357267404,6.833791732788086
1747530523.2746036,2.55715680904687,-0.45230153054028044,5.253791809082031
1747530523.2944582,2.581108015556223,-0.4820582359960193,5.216836929321289
1747530523.3146558,2.6185704834594423,-0.5458025031983403,5.355358123779297
1747530523.332119,2.646640497839327,-0.5878227983513132,5.347490310668945
1747530523.3562176,2.6854883493795634,-0.6356755746874881,7.018804550170898
1747530523.374941,2.71452453818457,-0.6789687075124953,5.715847015380859
1747530523.3950257,2.728789521756791,-0.7145634846745458,5.864858627319336
1747530523.4187274,2.740882563547739,-0.7419524439742645,8.828401565551758
1747530523.435315,2.7505260539029286,-0.7684397824392681,5.871295928955078
1747530523.4551098,2.7596453926947544,-0.7897225411404531,5.928754806518555
1747530523.4782903,2.779783623200936,-0.8284129260467706,8.158206939697266
1747530523.495727,2.79332890837098,-0.868637214528385,5.666971206665039
1747530523.5156128,2.8052352197230483,-0.9050213212443053,6.115913391113281
1747530523.5359895,2.8171398038075215,-0.9360197820884214,7.082700729370117
1747530523.5547347,2.803086642390533,-0.9857731078147389,5.506277084350586
1747530523.5743768,2.7868182301382056,-1.024602825722218,5.257129669189453
1747530523.6008844,2.7734648394782893,-1.064134684076567,8.099079132080078
1747530523.6149554,2.7765685026093454,-1.1390678103926501,5.447149276733398
1747530523.6385813,2.7835840009056323,-1.1954863243955087,5.430459976196289
1747530523.6563587,2.7867440342943692,-1.2357433263910211,6.629228591918945
1747530523.6794884,2.7961639755829415,-1.2797131097022398,9.247064590454102
1747530523.6954799,2.8003632691546354,-1.3178829696991121,5.20777702331543
1747530523.711577,2.80312328153178,-1.3417465975913316,5.462646484375
1747530523.7343,2.7991262307740676,-1.4059514270850357,5.101680755615234
1747530523.7537086,2.797065717239869,-1.4577755564647041,4.57000732421875
1747530523.7787976,2.794362322138058,-1.5073620858341101,5.682468414306641
1747530523.7939591,2.7915425199107475,-1.547307055224154,4.653215408325195
1747530523.8140357,2.8087921650888856,-1.6032832402956636,4.655122756958008
1747530523.834173,2.8243800183223966,-1.6505066504334938,4.841089248657227
1747530523.853934,2.8350270226402676,-1.6816791609396358,4.617214202880859
1747530523.8736198,2.812002816729571,-1.75250378689174,4.470348358154297
1747530523.8938684,2.7980590386832946,-1.8094396641599986,4.569530487060547
1747530523.9155588,2.7879703360518797,-1.8545084031459902,6.318569183349609
1747530523.9308789,2.796025008521513,-1.909841781945008,4.813909530639648
1747530523.957321,2.7917283125868337,-1.9774634605487489,7.735967636108398
1747530523.9763463,2.7834523940292697,-2.0222251024727074,6.478548049926758
1747530523.9985995,2.7755118591045513,-2.061322879875447,7.055044174194336
1747530524.0183723,2.7512205814285178,-2.1146092119234767,8.067607879638672
1747530524.0342555,2.7355803430646626,-2.1532156392643187,4.936695098876953
1747530524.0543113,2.7347056084252137,-2.1903852065551486,4.875659942626953
1747530524.0758028,2.714973462931918,-2.2576001577569484,6.520509719848633
1747530524.0915673,2.7050704141111837,-2.3020722114071197,5.516767501831055
1747530524.1156235,2.697060603725799,-2.3600018160362715,5.601406097412109
1747530524.138791,2.679798492632853,-2.4327455179203303,5.977630615234375
1747530524.158452,2.676192468376484,-2.4945022382785056,6.877899169921875
1747530524.1778991,2.6717176306850536,-2.5413537024781516,8.382320404052734
1747530524.1958442,2.6655745321646585,-2.612723365744132,5.913496017456055
1747530524.215162,2.66317051598697,-2.683314454480779,4.936933517456055
1747530524.2346632,2.6648031336220788,-2.736496661673197,4.978179931640625
1747530524.2563865,2.6649570398885953,-2.779481040590224,6.544828414916992
1747530524.2740133,2.667314900093516,-2.841041097482835,4.770994186401367
1747530524.295767,2.670089764423861,-2.8932124383083346,6.369590759277344
1747530524.3141787,2.6718200580185285,-2.9432672297916516,4.834413528442383
1747530524.3350134,2.6982311271370802,-3.0213197720710814,5.171298980712891
1747530524.354317,2.7199367492805475,-3.0843583423251,5.033969879150391
1747530524.374347,2.7300742883773625,-3.151376489751437,5.095243453979492
1747530524.394188,2.743006559187943,-3.229624557755997,4.927873611450195
1747530524.4156067,2.762453846976273,-3.293648174542471,5.798101425170898
1747530524.435598,2.777005356800216,-3.3454541409112055,5.443096160888672
1747530524.457646,2.8063650041345944,-3.410270291952033,6.678104400634766
1747530524.4759724,2.838051114559806,-3.469192796564043,5.370616912841797
1747530524.4943647,2.8563642889509318,-3.5171252140617626,4.930973052978516
1747530524.5137866,2.870579330915535,-3.560566424521713,4.73475456237793
1747530524.5346193,2.8873101347026013,-3.5981680202106787,5.185127258300781
1747530524.554652,2.903538531442237,-3.667426092853083,4.958629608154297
1747530524.5748363,2.9396161780928356,-3.7336074123233343,5.15294075012207
1747530524.5957425,2.9647826348593385,-3.7788931870617017,5.996942520141602
1747530524.6158555,2.9822377211066136,-3.805791555618173,5.514860153198242
1747530524.6353946,3.0167816477205425,-3.867346126560366,4.828929901123047
1747530524.6556523,3.058805970113324,-3.916063086767529,5.3844451904296875
1747530524.674748,3.0867478006365614,-3.9524897954823928,4.908323287963867
1747530524.6969178,3.1185342621934775,-4.019633589353792,5.789518356323242
1747530524.7146215,3.153660053563882,-4.073665408803312,5.045652389526367
1747530524.7307844,3.177397247044378,-4.106587280485017,5.003929138183594
1747530524.7545865,3.2165621416714663,-4.18495096251351,5.129814147949219
1747530524.7742434,3.257719670331361,-4.237669852683528,4.860639572143555
1747530524.7941852,3.2945357973991287,-4.276582633487267,4.885435104370117
1747530524.8143766,3.3457089208812874,-4.347293897568604,4.858493804931641
1747530524.8355613,3.371695473201231,-4.399096733909903,5.238533020019531
1747530524.854053,3.392111619690904,-4.438704026091341,4.933595657348633
1747530524.8748193,3.4017874964822026,-4.4624340337308155,5.097866058349609
1747530524.8958702,3.4377679254882563,-4.517787861471094,5.128383636474609
1747530524.9152496,3.45816862968762,-4.560537131477051,5.183696746826172
1747530524.9358375,3.4727551677551327,-4.5952828002915,5.639791488647461
1747530524.9548244,3.490525204803626,-4.649233577115081,5.194425582885742
1747530524.9747925,3.5068741899581264,-4.699927372862777,5.145072937011719
1747530524.994348,3.5280057081553924,-4.752493306009045,5.061626434326172
1747530525.0146523,3.5637636486414217,-4.825103210658,5.231142044067383
1747530525.035942,3.591865414038409,-4.8905465825419245,5.867719650268555
1747530525.0555644,3.6137777066932126,-4.946064510297656,5.8383941650390625
1747530525.078466,3.628760554145368,-4.993546232907287,7.37452507019043
1747530525.0955548,3.6460210054866526,-5.070822493273424,5.440235137939453
1747530525.1148849,3.640659850461435,-5.1200583994788635,5.272865295410156
1747530525.1380196,3.6379029832663394,-5.164685756403437,6.793498992919922
1747530525.1577458,3.6608977455048866,-5.210947994441632,7.999897003173828
1747530525.1750913,3.6677670257816866,-5.258017546679534,5.825042724609375
1747530525.1950572,3.664933044360042,-5.292462932846878,5.56492805480957
1747530525.2149072,3.659561986906176,-5.323783057586026,5.509853363037109
1747530525.2351155,3.648818413289529,-5.351877809412339,5.793333053588867
1747530525.2555525,3.676340470261039,-5.392369798316758,5.974054336547852
1747530525.2756119,3.676216917082427,-5.419167360709918,5.953550338745117
1747530525.2963674,3.6795054244083194,-5.442668966514591,6.796121597290039
1747530525.321244,3.673646147035254,-5.50017640973287,8.10098648071289
1747530525.336365,3.6601139141404677,-5.544848357951899,6.2160491943359375
1747530525.3567996,3.64939776128134,-5.572326321847371,5.953550338745117
1747530525.375732,3.6402070451515587,-5.623753531703313,6.126880645751953
1747530525.3955593,3.619975631763248,-5.665312318911745,5.827903747558594
1747530525.4201992,3.6022805158585633,-5.696743863804562,7.3299407958984375
1747530525.4353,3.591211553842131,-5.718862701759297,5.451440811157227
1747530525.4548182,3.582929274886038,-5.756206423491464,5.471229553222656
1747530525.4792235,3.5722574031597505,-5.779564044651917,9.665250778198242
1747530525.4955356,3.5589271215026543,-5.8021730580081465,5.915164947509766
1747530525.5111842,3.53152236306407,-5.832007414314944,5.507469177246094
1747530525.5384476,3.4954729306052785,-5.869067911950221,8.732318878173828
1747530525.5547552,3.4766283955594695,-5.8879887494501295,5.124092102050781
1747530525.5746472,3.449979925392065,-5.926368169218925,5.090236663818359
1747530525.5915935,3.427737348527524,-5.949072510842028,5.188703536987305
1747530525.615687,3.3912014368608734,-5.977145258916082,5.116701126098633
1747530525.6347468,3.345250238866926,-6.010785187882794,5.228519439697266
1747530525.6540613,3.3021987154170835,-6.038728483436101,4.800081253051758
1747530525.6742327,3.268173989903793,-6.056730447018204,4.8961639404296875
1747530525.6948755,3.2329574779855768,-6.074715080470098,5.506038665771484
1747530525.7148342,3.1921192768084006,-6.099686078780321,4.838466644287109
1747530525.7308166,3.1567511010692484,-6.114957775647338,4.875898361206055
1747530525.7542937,3.110442571981447,-6.135867145031488,4.840850830078125
1747530525.7739294,3.064717280256381,-6.173102764430308,4.684925079345703
1747530525.7940102,2.9909823270410887,-6.204045031812208,4.754543304443359
1747530525.8143926,2.913480496023238,-6.229769729257907,4.948616027832031
1747530525.8427336,2.8627880792585305,-6.2497454215724195,6.12950325012207
1747530525.8547742,2.7995959276569766,-6.268428599620919,5.00798225402832
1747530525.8758907,2.7478551989140314,-6.283467191272351,5.6705474853515625
1747530525.8967392,2.7021875534805195,-6.294436051750958,6.346464157104492
1747530525.913915,2.6275507586622697,-6.300428136267806,4.661798477172852
1747530525.934608,2.5620234153661445,-6.3127610205074705,5.142450332641602
1747530525.9543815,2.5019468046298394,-6.322614010598193,4.866123199462891
1747530525.9742317,2.4674944855209286,-6.330343000835832,4.834175109863281
1747530525.9948242,2.3950614973671116,-6.3466834873440625,5.10406494140625
1747530526.0209918,2.347386325332061,-6.358191261445871,10.921478271484375
1747530526.0312214,2.325183534153035,-6.361661981479563,4.636526107788086
1747530526.0543795,2.284707549232984,-6.370206792307211,4.857063293457031
1747530526.0743368,2.231937555549273,-6.388349309595902,4.721164703369141
1747530526.0942137,2.1821231124441245,-6.402887098584182,4.696130752563477
1747530526.1140025,2.13569968352802,-6.411498948294219,4.684925079345703
1747530526.1339612,2.0947901595055063,-6.424192427614675,4.699945449829102
1747530526.1539695,2.0597605865648516,-6.434024591001091,4.766225814819336
1747530526.1737103,2.019065009767031,-6.440974301624294,4.655122756958008
1747530526.1939855,1.9906119612919015,-6.44981325935892,4.902839660644531
1747530526.2143888,1.9630767604161712,-6.457451762314746,5.065441131591797
1747530526.234457,1.8924631138112273,-6.461692528143565,4.889011383056641
1747530526.2573545,1.8513663227416728,-6.467645220319496,4.955291748046875
1747530526.2766125,1.824826499151018,-6.470268691741305,6.600379943847656
1747530526.2967098,1.7985865800458034,-6.472294961156353,6.451845169067383
1747530526.3172123,1.7618995585831267,-6.4730466419621875,5.511283874511719
1747530526.330981,1.7096033861580457,-6.475154664128731,4.935503005981445
1747530526.3542752,1.6277166981922333,-6.4778383956730465,4.823207855224609
1747530526.3740442,1.5226737164172446,-6.483303871297653,4.786968231201172
1747530526.3941853,1.517493030361345,-6.490608265842245,4.846096038818359
1747530526.4139283,1.484712696912748,-6.500965917818818,4.778146743774414
1747530526.4351342,1.4524769466142744,-6.5073631716480795,5.007266998291016
1747530526.4589264,1.3855547705308284,-6.507872259939942,7.750034332275391
1747530526.4748213,1.3331315663774033,-6.5066878502491186,4.97746467590332
1747530526.4951265,1.2867395384935982,-6.5080910793678886,5.307674407958984
1747530526.5155947,1.2383340115779768,-6.5080149795587845,5.28717041015625
1747530526.5408797,1.1672788782650436,-6.497840093896118,7.763862609863281
1747530526.5508676,1.1096551335008442,-6.486660568385969,4.826784133911133
1747530526.5750422,1.0378404694540215,-6.478937730754952,4.870176315307617
1747530526.5890284,0.9874228358345044,-6.46524663889847,4.73785400390625
1747530526.6138368,0.9169276276761679,-6.452637451786455,4.773616790771484
1747530526.6338687,0.8596795785246959,-6.445239841341755,4.6787261962890625
1747530526.6549683,0.7859044891834756,-6.427644485439267,4.91642951965332
1747530526.6742563,0.7221680831209915,-6.411357080576042,4.951000213623047
1747530526.6940901,0.6648258994493406,-6.397553670140096,4.802227020263672
1747530526.7138999,0.5841516138557471,-6.370908223480405,4.845619201660156
1747530526.734202,0.522942244815418,-6.35038864083755,4.917621612548828
1747530526.7570038,0.4859292416266558,-6.339068394076681,6.669759750366211
1747530526.7707977,0.4550931741907005,-6.335268723359286,5.2890777587890625
1747530526.7962313,0.38020886065355647,-6.301316963849892,6.412982940673828
1747530526.8150911,0.32720595647359507,-6.2749328879853365,5.485057830810547
1747530526.9528513,-0.012056846879519367,-6.0961566772122,6.127119064331055
1747530526.9636192,-0.06549260567509464,-6.062319524666467,6.409406661987305
1747530526.9793897,-0.13227467825393788,-6.027637449061174,7.210731506347656
1747530526.9965253,-0.21961079132114164,-5.986537674250687,6.531000137329102
1747530527.0152044,-0.2060984549016928,-5.96124821057806,5.963325500488281
1747530527.035551,-0.21883084260698807,-5.94987993503518,5.995273590087891
1747530527.055249,-0.2557874983265052,-5.921504075596554,5.985498428344727
1747530527.0757475,-0.27224463772117496,-5.876090185666373,6.020545959472656
1747530527.0955482,-0.3017639368679638,-5.8344591516923545,6.090641021728516
1747530527.1155353,-0.33649671425015676,-5.799730568814944,6.058692932128906
1747530527.1364212,-0.3762451033729141,-5.760594494974743,6.307840347290039
1747530527.1594245,-0.364818278314346,-5.709652251035851,7.0896148681640625
1747530527.17562,-0.3715035953256461,-5.668035756993478,6.337404251098633
1747530527.1963136,-0.38868122695957763,-5.632814254165052,7.033348083496094
1747530527.2123039,-0.38696965426896685,-5.611240311580689,6.532192230224609
1747530527.2393641,-0.41759894078286774,-5.570999137634898,7.681369781494141
1747530527.2566116,-0.4432270312962778,-5.530377301979828,6.689310073852539
1747530527.2770042,-0.46876821476195,-5.488599008470791,6.707429885864258
1747530527.2977471,-0.49256033559834234,-5.454691834315083,7.728338241577148
1747530527.3191283,-0.5208763540832716,-5.416022330014638,7.0018768310546875
1747530527.3301997,-0.5426686423844516,-5.393040967688532,5.978584289550781
1747530527.3511636,-0.5951273075415753,-5.348507023515318,5.689859390258789
1747530527.372322,-0.6338235354956168,-5.307036012858827,5.645036697387695
1747530527.3953114,-0.6732931712352426,-5.25366856498356,5.534887313842773
1747530527.4099317,-0.7265031678104912,-5.220350532865785,5.524158477783203
1747530527.4320583,-0.7842921420177354,-5.175950257270661,6.060600280761719
1747530527.4508185,-0.8241008458028836,-5.132833392174553,5.996465682983398
1747530527.470474,-0.8854769868660881,-5.073820923879147,5.191802978515625
1747530527.4950588,-0.9270446544894946,-5.017361115825447,5.126476287841797
1747530527.5145469,-0.9469054707524661,-4.979406677874798,5.060434341430664
1747530527.53423,-1.02853885641092,-4.928826282273735,4.990100860595703
1747530527.5494878,-1.0664319556895836,-4.892903922163004,4.82177734375
1747530527.5697844,-1.094536678046424,-4.849780755552,4.925966262817383
1747530527.59043,-1.1160423713108103,-4.802707698485783,4.970788955688477
1747530527.614156,-1.2151685897644382,-4.739445362079097,4.897356033325195
1747530527.6344824,-1.2527853348463593,-4.696763012828115,4.76384162902832
1747530527.6541421,-1.2733369321357348,-4.654851880034614,4.950523376464844
1747530527.6739872,-1.2827392836845088,-4.619405263469362,4.825592041015625
1747530527.695282,-1.2916711249691863,-4.572278154166981,5.105733871459961
1747530527.7147615,-1.353911954732939,-4.515345234249513,5.2089691162109375
1747530527.7358766,-1.3892027389906225,-4.464411855378356,4.832267761230469
1747530527.7544026,-1.4110413629106466,-4.419193029943257,5.059003829956055
1747530527.7736807,-1.4850939681878685,-4.363898261382495,4.760980606079102
1747530527.7946997,-1.5238079832563092,-4.30629609911147,5.168437957763672
1747530527.8147867,-1.5375150381505136,-4.242623287790579,5.256891250610352
1747530527.8354316,-1.6080954522432642,-4.190657649675312,4.989862442016602
1747530527.8544397,-1.637891996122563,-4.1288422879262505,4.943132400512695
1747530527.8757176,-1.6495598092664683,-4.081929321035216,5.592584609985352
1747530527.8938184,-1.6525012293563264,-4.043927228561172,7.609128952026367
1747530527.9190047,-1.722135956126371,-3.9614178786917633,9.196281433105469
1747530527.9350014,-1.7447679830085838,-3.901267520569266,5.627870559692383
1747530527.9542391,-1.755739022078718,-3.8447004546561514,4.899501800537109
1747530527.9739292,-1.7874918882241515,-3.7812700378363266,4.851579666137695
1747530527.9893513,-1.795279710016017,-3.7311053665276175,5.075216293334961
1747530528.0140197,-1.8038658409436108,-3.6561077860749776,4.844903945922852
1747530528.0376575,-1.8468819427096974,-3.5829590949538628,7.416486740112305
1747530528.0544136,-1.8637980140077064,-3.5186734004932756,5.068778991699219
1747530528.0744238,-1.8745025665911499,-3.448970652912194,5.210161209106445
1747530528.0950181,-1.856744057921204,-3.3373435106174325,5.247831344604492
1747530528.1144843,-1.8456256392755377,-3.2509417274355346,5.27501106262207
1747530528.1363008,-1.8484772656745885,-3.172519943549492,6.85429573059082
1747530528.154877,-1.856346750463584,-3.100927312407393,5.334138870239258
1747530528.1747193,-1.854527165187885,-3.011366547945254,5.429267883300781
1747530528.1948016,-1.8597471256481872,-2.933396662921395,5.442142486572266
1747530528.214884,-1.8615322237092982,-2.8766502594831445,5.42449951171875
1747530528.2366695,-1.8492010907950853,-2.7947712857122005,7.1563720703125
1747530528.2546904,-1.848778830626242,-2.7158165650282844,5.470037460327148
1747530528.2743385,-1.8515973465486004,-2.6439940948995604,5.279779434204102
1747530528.2961016,-1.8344596602727874,-2.554496129606227,6.420373916625977
1747530528.3158038,-1.8264569523016447,-2.490190026744295,5.320072174072266
1747530528.3343937,-1.8255430581449381,-2.4366192028576488,5.200624465942383
1747530528.355234,-1.767243489079378,-2.3589437852687722,5.58924674987793
1747530528.3755128,-1.751357841978368,-2.2748491805053814,5.56492805480957
1747530528.3977427,-1.7402449312092914,-2.200898469825539,7.599830627441406
1747530528.4157126,-1.738429455691598,-2.14502894443523,5.286455154418945
1747530528.43582,-1.7417491663433224,-2.0804192743712426,6.134271621704102
1747530528.45427,-1.709338432336368,-2.0111734010972095,5.052328109741211
1747530528.4754252,-1.693479267427818,-1.9424582312527223,6.297826766967773
1747530528.4943666,-1.685300940761549,-1.8830931516522713,5.129814147949219
1747530528.5142863,-1.6839093334075483,-1.8373374236557178,5.043745040893555
1747530528.534222,-1.6490969557863284,-1.7734065833462753,5.072116851806641
1747530528.5546048,-1.6198146742450854,-1.7121420240775604,5.370378494262695
1747530528.574448,-1.594481237117829,-1.6524188474361656,5.030393600463867
1747530528.5950487,-1.533635548494222,-1.569865118801549,5.348920822143555
1747530528.6140468,-1.504804958540393,-1.4974643410644113,4.856109619140625
1747530528.6352954,-1.48653698426829,-1.4284305954864018,5.021333694458008
1747530528.6559079,-1.4377884414149702,-1.3582173558991184,5.214214324951172
1747530528.6707628,-1.4112213403049647,-1.3100090446835466,5.171775817871094
1747530528.6950946,-1.3791659937503922,-1.2385792209702735,5.655050277709961
1747530528.7151058,-1.3190942969494852,-1.1661627295989798,5.854129791259766
1747530528.734404,-1.2737752276011205,-1.104272730243197,5.323171615600586
1747530528.7546992,-1.2378597639080866,-1.0480299010358405,5.511999130249023
1747530528.7854183,-1.1662840371862337,-0.9680413763395415,5.705595016479492
1747530528.8081634,-1.1280077021274793,-0.9180209366675411,7.085084915161133
1747530528.8218625,-1.1018884276144232,-0.8797611099633932,8.158445358276367
1747530528.8393748,-1.0520734971019683,-0.822367841319854,7.499217987060547
1747530528.855565,-1.001555474564021,-0.7643118305065935,6.031990051269531
1747530528.8709815,-0.9739223677133191,-0.7260861176523052,5.9375762939453125
1747530528.8957024,-0.924159249361457,-0.6694796209197565,6.086826324462891
1747530528.9156692,-0.8781964465739379,-0.6127681912457219,6.301641464233398
1747530528.935964,-0.8282173222376715,-0.5604340133496917,5.8193206787109375
1747530528.9555368,-0.7923958855834947,-0.5236205441029389,5.929470062255859
1747530528.9755712,-0.7146517957838161,-0.4709953542933253,5.964994430541992
1747530528.9899318,-0.6543667704142236,-0.43096331158160156,5.405664443969727
1747530529.0150316,-0.5961877971166948,-0.3900227430939804,5.478382110595703
1747530529.03065,-0.5636517279503906,-0.36931353076975937,5.362510681152344
1747530529.0546,-0.4950523148603956,-0.29981668338021733,5.232334136962891
1747530529.0744734,-0.4516567993790285,-0.2552183790143632,5.076169967651367
1747530529.0959468,-0.4277972160547188,-0.22185688949052657,6.665468215942383
1747530529.1153123,-0.3359619920076207,-0.17695453115481072,5.298614501953125
1747530529.1300552,-0.27093064453865473,-0.14255534054491506,5.302190780639648
1747530529.1525528,-0.22193550396831765,-0.08187913010231823,7.187366485595703
1747530529.175645,-0.16223113161523736,-0.03060085162974698,5.945682525634766
1747530529.1897893,-0.1364847199678251,-0.014096616771326448,5.257606506347656
1747530529.210106,-0.09333434924899522,-4.977563740986348e-05,5.263566970825195
1747530529.2339113,-0.03872887889426841,0.004390172696598839,6.904125213623047
1747530529.2556155,0.057528614567880686,0.018295815696278594,5.5828094482421875
1747530529.2830374,0.06365462010857827,0.04184895560341608,9.227275848388672
1747530529.3003151,0.1139711300744108,0.06231457584859113,8.821249008178711
1747530529.3156133,0.2146557832470721,0.08701245694719217,5.200624465942383
1747530529.3398194,0.22059483726624257,0.11043989361334454,7.6141357421875
1747530529.3571486,0.2418206263435595,0.12356244412555305,7.218837738037109
1747530529.3763967,0.29313313319358814,0.14001444573871877,5.174398422241211
1747530529.3948448,0.44104602943733545,0.18154106521902041,5.21087646484375
1747530529.4145708,0.31204044206916703,0.16454937675343342,5.014896392822266
1747530529.432157,0.3265517459718867,0.17884645036449642,5.044698715209961
1747530529.4544704,0.35628679328987667,0.19309505264353954,4.942178726196289
1747530529.4766204,0.4291096346590937,0.20908391912823965,5.488157272338867
1747530529.4943752,0.4820651778947162,0.22833688025969853,5.072593688964844
1747530529.5155973,0.5459690843212354,0.2510725327134702,5.67173957824707
1747530529.5338767,0.6289008524518276,0.25083368159034974,4.886150360107422
1747530529.5538642,0.684907122086891,0.2530579433090115,4.745721817016602
1747530529.575021,0.7502274238327016,0.26185621512857404,5.078792572021484
1747530529.5963736,0.8324182376868375,0.2771756865286186,4.816293716430664
1747530529.6138384,0.9466313165710237,0.28061771092447074,4.601001739501953
1747530529.6367874,1.013269052236299,0.2811150086923943,7.205486297607422
1747530529.6606529,1.0682473183904568,0.2812216378851816,10.94675064086914
1747530529.6751864,1.1446336838932223,0.2833570464621491,5.2089691162109375
1747530529.694988,1.2180052352178223,0.2874936882574504,5.4950714111328125
1747530529.7148566,1.2671387840376713,0.29241283244788113,5.052328109741211
1747530529.7343037,1.332753364683692,0.2800369316166588,4.6939849853515625
1747530529.7537766,1.379655435026779,0.2726250649043835,4.631280899047852
1747530529.7759647,1.4148016745441923,0.2686122306149578,6.378889083862305
1747530529.7940893,1.5122367729354127,0.23861884854957893,4.729747772216797
1747530529.8174949,1.5684101022869206,0.2215518325577277,7.314443588256836
1747530529.8389387,1.5984693180484593,0.2079773715731141,6.327390670776367
1747530529.8502052,1.6215434732373641,0.19971514232008483,4.707574844360352
1747530529.8760173,1.672353161642182,0.17328836422405638,5.665302276611328
1747530529.895745,1.7030660819335959,0.15497656177983224,5.513668060302734
1747530529.9150538,1.7265551361720042,0.1443013233231901,4.987239837646484
1747530529.9335065,1.7840329032926312,0.11198013295306614,4.591703414916992
1747530529.953671,1.824068654697378,0.09179636421691421,4.5032501220703125
1747530529.9737065,1.8525868666875611,0.0764846091779098,4.5070648193359375
1747530529.9935665,1.8684728538068522,0.06478484400930418,4.477024078369141
1747530530.013712,1.881844854515912,0.0564250597812603,4.514455795288086
1747530530.034138,1.9513180738265417,0.042266626935108846,4.602670669555664
1747530530.054167,1.9968088362136411,0.02741481634606839,4.663228988647461
1747530530.0752385,2.0348969282311273,0.014820240096635514,4.804134368896484
1747530530.0950158,2.082834060053666,-0.021119334780057814,4.899740219116211
1747530530.114918,2.128083575619878,-0.0492611277168701,5.041837692260742
1747530530.1367364,2.153398630551678,-0.06487734473864362,5.004405975341797
1747530530.156082,2.217379311789367,-0.10478195125433395,4.963159561157227
1747530530.1748571,2.2814666550765033,-0.1411153909684374,5.833148956298828
1747530530.194219,2.313807987272797,-0.16129661147449306,5.013704299926758
1747530530.2149782,2.3359923865604326,-0.17762184012369553,5.424022674560547
1747530530.235687,2.363346069116414,-0.22639807515703106,5.385160446166992
1747530530.2563236,2.376990697221238,-0.2666242757268038,6.759881973266602
1747530530.2751648,2.391982547536748,-0.2968860866562027,5.626440048217773
1747530530.2896063,2.44817863212595,-0.3154724075600194,5.167245864868164
1747530530.316024,2.4954097735813874,-0.34960754715276443,6.189107894897461
1747530530.3300807,2.5199754156702654,-0.36271769514728736,5.269527435302734
1747530530.3513186,2.540532012985606,-0.4099249365138533,5.408287048339844
1747530530.3744602,2.5554969928149798,-0.46160422647140265,5.198001861572266
1747530530.3948882,2.5686879421054867,-0.5022380765644706,5.374431610107422
1747530530.415136,2.6211696560641338,-0.5367339555859604,5.281209945678711
1747530530.4359028,2.6770820289673987,-0.5859305494892961,5.278348922729492
1747530530.454594,2.7110850730876064,-0.6198868553878467,5.441904067993164
1747530530.4747822,2.7400511695700005,-0.6540498932172112,5.700826644897461
1747530530.4953663,2.7290886293992536,-0.7087464626575743,6.083488464355469
1747530530.5155272,2.7060370142193984,-0.7398856351035122,6.265401840209961
1747530530.5349894,2.7030680299963,-0.7740374763025619,5.917549133300781
1747530530.5548646,2.717814106243222,-0.8235123469636688,5.744695663452148
1747530530.5757596,2.7317584093566714,-0.87923556776168,5.862236022949219
1747530530.6123328,2.741769269782034,-0.9230092009461315,7.098913192749023
1747530530.6287842,2.769545551673348,-0.9647660223955007,7.551908493041992
1747530530.644156,2.785179056233607,-1.00816176920131,6.037473678588867
1747530530.6565428,2.7982067679583555,-1.0653451662572475,7.041454315185547
1747530530.6749346,2.808099651268993,-1.1014796620974714,5.533933639526367
1747530530.6947913,2.807233753716744,-1.150209314830045,5.407094955444336
1747530530.7152004,2.8043265589884507,-1.1902643155149553,5.229949951171875
1747530530.7397325,2.8011791843915383,-1.2158046672822966,5.293130874633789
1747530530.7556849,2.806882679390884,-1.2652238813914547,5.322456359863281
1747530530.7764473,2.808207770865336,-1.3084136564328173,4.94384765625
1747530530.7945688,2.8118244272989426,-1.3467362954989432,4.940271377563477
1747530530.8147922,2.811414639966176,-1.385482131255376,5.167484283447266
1747530530.8361015,2.809679056407833,-1.417773084741518,5.792379379272461
1747530530.853858,2.8163219566180673,-1.4733425800905744,4.5566558837890625
1747530530.8737447,2.8112415441678955,-1.519252084340267,4.716396331787109
1747530530.8939235,2.804723941705156,-1.5582643420797644,4.588842391967773
1747530530.9139473,2.8041871426774745,-1.6155951818029042,4.572868347167969
1747530530.933985,2.8008471997970696,-1.6609154768770586,4.682779312133789
1747530530.9540427,2.796759642660127,-1.6995728529396668,4.496574401855469
1747530530.9737544,2.777357083536697,-1.7557234043704846,4.535675048828125
1747530530.9940424,2.765074602176241,-1.805130478699176,4.828691482543945
1747530531.0147827,2.75873147721534,-1.8453854798203428,5.577564239501953
1747530531.030837,2.7530856447655325,-1.8702408264955113,4.785776138305664
1747530531.0571258,2.739789202254643,-1.934643739477994,7.200479507446289
1747530531.0747817,2.725882765352688,-1.9854192011043152,4.853010177612305
1747530531.0919342,2.7216125793281654,-2.016804851889817,6.443262100219727
1747530531.1159956,2.6849039528644263,-2.0890838049758464,5.161285400390625
1747530531.1344435,2.6718113857038515,-2.1371371691914236,4.876136779785156
1747530531.154328,2.666032079460665,-2.182088711512797,4.941701889038086
1747530531.1743875,2.6339862108862446,-2.248442497063801,5.005836486816406
1747530531.1964066,2.610210990836536,-2.3128694702800625,6.436586380004883
1747530531.216392,2.604701282099517,-2.3525808526592376,6.657838821411133
1747530531.2389374,2.598438825723996,-2.421812775285122,6.440877914428711
1747530531.2551816,2.594103967879598,-2.477234659060475,5.394935607910156
1747530531.2750762,2.5918294064878373,-2.5247612544769167,5.0525665283203125
1747530531.2957296,2.5920454981816103,-2.5584321852529355,5.54347038269043
1747530531.3184612,2.5823450293125045,-2.6215144170575204,7.786989212036133
1747530531.3355699,2.5806541384499675,-2.669771907934489,5.51605224609375
1747530531.3541121,2.5723200845469543,-2.709390560468342,4.807472229003906
1747530531.3740935,2.5671499235886315,-2.786365326312264,4.854917526245117
1747530531.393847,2.570875306012933,-2.849530126459426,4.746437072753906
1747530531.4159508,2.567903687836953,-2.897206549075457,6.489992141723633
1747530531.4347427,2.59167156983714,-2.9705598645465487,5.159139633178711
1747530531.4541535,2.6116267415893,-3.0361586570669497,4.868268966674805
1747530531.474229,2.621928578943901,-3.0982891274394233,4.945278167724609
1747530531.4950836,2.6306300670106033,-3.144340511801844,5.328893661499023
1747530531.5157578,2.651957710266422,-3.2097880106662116,5.041360855102539
1747530531.5343194,2.679976052837359,-3.27060805016876,4.929065704345703
1747530531.5543613,2.6947454907869335,-3.333012619879717,5.094051361083984
1747530531.5754287,2.7040332963385074,-3.3974061757009943,5.163669586181641
1747530531.5981584,2.7112250393498742,-3.4544005163086746,6.058216094970703
1747530531.6177354,2.7249464286299263,-3.5072351409132723,6.274700164794922
1747530531.6351914,2.755300300856504,-3.5784692887506013,5.382537841796875
1747530531.6542459,2.794823459229042,-3.6410597886161438,4.93931770324707
1747530531.674398,2.8381363858072763,-3.700376971511701,5.0106048583984375
1747530531.6951296,2.877821352716287,-3.7771792423984465,5.477666854858398
1747530531.7151363,2.914228637994947,-3.8350733751819575,4.957675933837891
1747530531.7347748,2.956155541543217,-3.8942784128028123,5.133867263793945
1747530531.7588105,2.9845578549344687,-3.940564255324951,9.124755859375
1747530531.7725194,3.0014326113892325,-3.985573873408997,5.578756332397461
1747530531.795042,3.0689248691605737,-4.053808193037473,5.38325309753418
1747530531.8146806,3.1181027744092455,-4.099446991141644,5.075216293334961
1747530531.833473,3.1611600613702913,-4.165567762203226,5.5065155029296875
1747530531.9730458,3.3568893653742635,-4.43107884575182,5.392313003540039
1747530531.984327,3.392445999776619,-4.464597964325113,5.3997039794921875
1747530531.9956086,3.424580774253589,-4.523567211164262,4.70733642578125
1747530532.0149744,3.439749780073151,-4.5627764561183835,4.94837760925293
1747530532.034618,3.4520224231235037,-4.59647019807147,5.189180374145508
1747530532.0549452,3.498084698705625,-4.6466194549503355,5.204916000366211
1747530532.075252,3.5355157344294654,-4.690978405779897,5.513191223144531
1747530532.100796,3.556141489882575,-4.735651587772381,9.611129760742188
1747530532.1152956,3.5663194080423746,-4.776235073113643,5.612611770629883
1747530532.1355217,3.606400022711279,-4.826528346666934,5.196809768676758
1747530532.1541772,3.627608779522074,-4.876672221981657,4.914760589599609
1747530532.1746266,3.633919069828692,-4.9249714314011,5.083322525024414
1747530532.197698,3.6571426495336485,-4.981973770423206,7.426023483276367
1747530532.2161455,3.676292318852625,-5.030909247218388,6.148099899291992
1747530532.2350295,3.6788866010295878,-5.07028224768921,5.405664443969727
1747530532.2569642,3.675965572134177,-5.143382194720353,7.410287857055664
1747530532.2747712,3.6628907587353146,-5.19869109102348,5.367040634155273
1747530532.3019423,3.6541657212165894,-5.249610301904445,9.305238723754883
1747530532.3222594,3.6678927864748636,-5.29649877919585,10.104179382324219
1747530532.3472288,3.6739595029681764,-5.3419097199261385,10.395526885986328
1747530532.3598423,3.657989359244807,-5.389239004746998,5.807161331176758
1747530532.3769112,3.644232702292412,-5.42990882837303,6.0176849365234375
1747530532.395636,3.6714640531483487,-5.480727754867667,6.267786026000977
1747530532.4164786,3.6714915592488677,-5.528119918782464,6.690025329589844
1747530532.4329467,3.66557284965313,-5.555538625634743,7.678747177124023
1747530532.4563818,3.664834708884123,-5.617465797338227,6.028652191162109
1747530532.4752502,3.659924489248718,-5.658207226054151,5.633831024169922
1747530532.4967914,3.644572090477703,-5.690205774103076,6.452322006225586
1747530532.5153153,3.628833762969885,-5.71457442774148,5.571603775024414
1747530532.5318694,3.613471361219821,-5.734416846194713,5.466699600219727
1747530532.5569856,3.599306310883151,-5.77651852494881,6.12950325012207
1747530532.5775244,3.5788983628884417,-5.808368678219745,6.041526794433594
1747530532.5957973,3.5547190922562226,-5.837601373935357,5.677223205566406
1747530532.6160312,3.5527072519510092,-5.872775976666854,5.301713943481445
1747530532.6352184,3.5471192267480416,-5.895774154255531,5.2852630615234375
1747530532.650045,3.5364685934718776,-5.9074499995595335,4.968404769897461
1747530532.6725404,3.5187103022610984,-5.92806842930495,7.483243942260742
1747530532.6959383,3.491649589081554,-5.968749675411927,5.506753921508789
1747530532.7173495,3.4755448683058847,-5.988853826966376,6.873607635498047
1747530532.7413545,3.453248836191308,-6.00632523138227,8.774995803833008
1747530532.7591517,3.4249429228972335,-6.043553025967533,6.717920303344727
1747530532.7777514,3.4013209466940166,-6.067993053521596,7.698535919189453
1747530532.7972832,3.3686174931505963,-6.090473831194313,6.8683624267578125
1747530532.8155608,3.325987087967168,-6.122586873122465,5.542993545532227
1747530532.8347983,3.263440245502997,-6.15708103468085,5.180835723876953
1747530532.855607,3.215374831191501,-6.183616697544368,4.909992218017578
1747530532.8743453,3.1733471158593027,-6.217661857357247,4.978418350219727
1747530532.8947184,3.1344853877640433,-6.240848234984779,5.019187927246094
1747530532.9147067,3.079092016306524,-6.260630974372515,5.114316940307617
1747530532.9348702,3.0253679792608197,-6.276825507023859,5.48243522644043
1747530532.954564,2.973259287659452,-6.281004117657845,5.019187927246094
1747530532.9747646,2.931585906530841,-6.286363009970316,5.552053451538086
1747530532.994097,2.8798723497679624,-6.295239437007096,4.894018173217773
1747530533.0141723,2.7972725733449084,-6.322448223833612,4.905939102172852
1747530533.033934,2.710466092203516,-6.346919497392967,4.76384162902832
1747530533.0548127,2.642470484446172,-6.366123366609863,5.049705505371094
1747530533.0746725,2.5989651160799823,-6.368194485833759,6.342649459838867
1747530533.0949311,2.5295284669831304,-6.3765338754208525,5.047082901000977
1747530533.114742,2.485301787835837,-6.383608128153057,5.073070526123047
1747530533.1377718,2.4409063763632686,-6.391355873380351,6.748676300048828
1747530533.1515968,2.405269115139071,-6.395283375862496,6.828546524047852
1747530533.175657,2.3469898111008485,-6.403633877637871,6.012678146362305
1747530533.1952233,2.28621067679422,-6.407825295754425,5.419254302978516
1747530533.210963,2.2736685978622257,-6.413483558984119,4.842996597290039
1747530533.2343478,2.2401642981841983,-6.421795181426041,4.897832870483398
1747530533.2548096,2.199141868994789,-6.425092174121147,5.213737487792969
1747530533.2748277,2.128635061891364,-6.42808651616783,5.313873291015625
1747530533.295777,1.9923759998528154,-6.442135434592848,5.939006805419922
1747530533.3152885,1.875495742008454,-6.454705022794714,5.695343017578125
1747530533.3331249,1.823279805536533,-6.459049253334371,5.517482757568359
1747530533.349376,1.7819297429781071,-6.460548695337312,4.657268524169922
1747530533.3739688,1.7698044904131527,-6.460532556454251,4.746675491333008
1747530533.3940344,1.8645648625973867,-6.453510103862404,4.723072052001953
1747530533.4139733,1.8752806795033166,-6.453610247100925,4.754304885864258
1747530533.429443,1.846619080820414,-6.457643523383481,4.71806526184082
1747530533.4540575,1.796035952213329,-6.464162876907496,4.77290153503418
1747530533.4738812,1.7631655972174032,-6.468097794499234,4.724025726318359
1747530533.4953017,1.6831552562086627,-6.4735001315426866,5.3424835205078125
1747530533.5139184,1.6301327463748516,-6.476075716249505,4.68134880065918
1747530533.5342963,1.5802767111206206,-6.477774061088356,4.795074462890625
1747530533.554346,1.548150686046086,-6.479514828403052,5.025625228881836
1747530533.5744088,1.490121795352063,-6.481847271323898,4.90117073059082
1747530533.5962954,1.4310767197970065,-6.483899027191,6.565570831298828
1747530533.6143541,1.374313003178512,-6.484917134439185,4.698276519775391
1747530533.6339352,1.3192363465958616,-6.480974713163069,4.713296890258789
1747530533.6538596,1.270673998873599,-6.477173965758592,4.656076431274414
1747530533.6747475,1.2272232984437106,-6.476180527498018,4.941701889038086
1747530533.695492,1.128261924048083,-6.464344037248906,5.953073501586914
1747530533.7148383,1.062489830508667,-6.456297752370438,5.23829460144043
1747530533.7350986,1.0190194718500551,-6.453294483698079,5.0868988037109375
1747530533.7516363,0.9914539540790875,-6.452928214634789,6.68644905090332
1747530533.7836485,0.9125818975592463,-6.444638042549364,14.136552810668945
1747530533.7960038,0.8671163135437558,-6.438456884761741,6.008625030517578
1747530533.814801,0.8281863949270574,-6.434341996390996,4.991054534912109
1747530533.83412,0.743062692978144,-6.423218365060569,4.824399948120117
1747530533.854629,0.6839852649391714,-6.410103480969026,5.413532257080078
1747530533.874256,0.6561358442035433,-6.4053830197717625,4.975318908691406
1747530533.894728,0.5865150849566796,-6.360149692175323,5.405426025390625
1747530533.914249,0.5326206752847538,-6.340464502413519,4.921674728393555
1747530533.935083,0.48237152556192625,-6.329384479227307,5.104303359985352
1747530533.9541128,0.3997996394615026,-6.307867483375812,4.951715469360352
1747530533.9746304,0.3239725606319148,-6.291913505766264,5.161762237548828
1747530533.9945934,0.2700659417731816,-6.284050924086409,5.390167236328125
1747530534.0145414,0.22675998901905048,-6.277275097797628,5.347251892089844
1747530534.0355775,0.15042485342755668,-6.230126117489485,5.8307647705078125
1747530534.059941,0.062019452657352675,-6.200570626319755,7.50732421875
1747530534.075728,0.01641844523112008,-6.188976197938637,5.838155746459961
1747530534.0955944,0.014256439705918073,-6.160916877651159,5.588293075561523
1747530534.1147752,0.010018021869092175,-6.1308397633892975,5.468130111694336
1747530534.1372414,-0.018169791795100677,-6.102404208197562,5.6858062744140625
1747530534.159016,-0.011670514829612193,-6.046624154958237,6.88624382019043
1747530534.1759148,-0.025114955823689503,-6.011605899433582,5.673885345458984
1747530534.1913054,-0.01863268969540033,-5.994688157347057,5.8116912841796875
1747530534.2162156,-0.08091736568607331,-5.943119225741005,5.622386932373047
1747530534.235694,-0.12251186536640818,-5.908051686432772,5.969524383544922
1747530534.2557323,-0.15449885447494788,-5.88049129630564,5.953788757324219
1747530534.2763476,-0.12892990313615066,-5.8747477960746926,6.175756454467773
1747530534.2956471,-0.14973728805406633,-5.856328264263744,6.211996078491211
1747530534.3159306,-0.1584739453520516,-5.8128562185978465,6.041049957275391
1747530534.3316839,-0.1652152625696734,-5.779749979166698,6.010770797729492
1747530534.355514,-0.21222090457460574,-5.730219571066136,6.083011627197266
1747530534.3765395,-0.2448870653588432,-5.692534268391748,6.420135498046875
1747530534.3954763,-0.31947366434391095,-5.666444428886088,6.367683410644531
1747530534.4157288,-0.37144921281150456,-5.632974479847958,6.624937057495117
1747530534.4362614,-0.4149731372991541,-5.595647256967305,6.872653961181641
1747530534.455796,-0.4610118564586829,-5.5507798628010185,6.436586380004883
1747530534.479061,-0.5003629128873537,-5.509379553162987,6.520509719848633
1747530534.4964235,-0.5248548502836912,-5.467309693137865,6.464481353759766
1747530534.5163014,-0.5801723039715426,-5.390146360686373,6.1817169189453125
1747530534.5388293,-0.6209553545860922,-5.332441601477327,8.56924057006836
1747530534.5518935,-0.6402611274849767,-5.302654110678911,7.014036178588867
1747530534.5752065,-0.7231926132810758,-5.235548791368884,5.419731140136719
1747530534.5950804,-0.7678771466815254,-5.1820124051328875,5.584001541137695
1747530534.6148438,-0.7981154768534277,-5.128819376105288,5.4225921630859375
1747530534.6356423,-0.816703065407541,-5.077081433593883,5.5789947509765625
1747530534.654811,-0.898566753198486,-5.018961107340516,5.248308181762695
1747530534.6751802,-0.9348638640448078,-4.973756724751698,5.141019821166992
1747530534.6949258,-0.9574571307815801,-4.9282567856384425,5.234241485595703
1747530534.7175539,-1.0237824140848475,-4.878907008077205,9.292125701904297
1747530534.7383187,-1.0761893533870506,-4.81044911763667,5.794286727905273
1747530534.7555737,-1.0945229597457862,-4.751639175573027,5.555868148803711
1747530534.7755888,-1.1697880981669873,-4.69663664452972,5.250692367553711
1747530534.7950997,-1.2106395619428933,-4.638601827320102,4.952907562255859
1747530534.8141787,-1.2291404233663146,-4.5809762443607545,4.711151123046875
1747530534.835081,-1.2389523067964432,-4.540510061254392,4.889011383056641
1747530534.854369,-1.3071690926680772,-4.472602353403988,5.013465881347656
1747530534.8750448,-1.340019150230311,-4.404195491774418,4.984140396118164
1747530534.8947449,-1.3569027108317537,-4.344496399199605,5.461692810058594
1747530534.914366,-1.4203463992635068,-4.269119980690112,4.940032958984375
1747530534.9350264,-1.454263619369229,-4.2096166719869785,5.114555358886719
1747530534.9549384,-1.4675672157650774,-4.154880904855758,5.387544631958008
1747530534.9762638,-1.5274374115921527,-4.084614760117816,6.404399871826172
1747530534.9947624,-1.5506910296137784,-4.004561434970784,5.106449127197266
1747530535.0110703,-1.561451101673181,-3.95236897483658,6.355524063110352
1747530535.0344226,-1.6045752855806301,-3.857798776894453,4.8675537109375
1747530535.054793,-1.6257863003483477,-3.7886547867072218,5.072355270385742
1747530535.0751727,-1.6313781156776304,-3.734021206587908,5.5027008056640625
1747530535.0998883,-1.6388929830601267,-3.679139047368418,7.554531097412109
1747530535.1146853,-1.6707233745729084,-3.5999338684661826,5.133152008056641
1747530535.1362555,-1.6862156161271245,-3.5197308038235904,5.283832550048828
1747530535.1525626,-1.6938900505118473,-3.4605803883240465,5.715847015380859
1747530535.1792793,-1.7047158475009065,-3.371236272395222,7.477521896362305
1747530535.1966984,-1.7108753254577245,-3.3064541467105575,5.9146881103515625
1747530535.2143662,-1.7265841020306962,-3.2536526139909823,5.021572113037109
1747530535.2343209,-1.732201679650847,-3.232682081310484,4.914522171020508
1747530535.2548895,-1.7315891452535477,-3.2277594682699227,5.393505096435547
1747530535.2769213,-1.7493072422193765,-3.1429647678747576,6.842374801635742
1747530535.289664,-1.7581297696104878,-3.083396431239699,4.965543746948242
1747530535.3143191,-1.7661638599814649,-3.005416984277687,5.023717880249023
1747530535.3362606,-1.7462235381235278,-2.899678498208222,5.368947982788086
1747530535.3540032,-1.7410005255516559,-2.839138735669716,4.840373992919922
1747530535.3743558,-1.7443667894847936,-2.781892585979832,5.060672760009766
1747530535.3947742,-1.7410027656519274,-2.69748258150808,5.165576934814453
1747530535.4144394,-1.7374288721087268,-2.619992136075158,5.1174163818359375
1747530535.434985,-1.7407413797331082,-2.5545877432662687,5.4378509521484375
1747530535.4558716,-1.739679472112661,-2.4935956676265123,6.160736083984375
1747530535.4748755,-1.72380882991461,-2.4236536570835256,5.70988655090332
1747530535.4944115,-1.7161604902367267,-2.351276533634098,5.11622428894043
1747530535.5151746,-1.7122177335827693,-2.2869787494139384,5.3863525390625
1747530535.5357225,-1.67859941593719,-2.202672268026196,5.454301834106445
1747530535.554787,-1.6655063740683858,-2.129078761226471,5.117654800415039
1747530535.5751145,-1.6595698590426011,-2.056730162130742,5.367040634155273
1747530535.594893,-1.6500764336041038,-1.9865080561042963,5.3157806396484375
1747530535.6144516,-1.6505261948944892,-1.9223753109011377,5.028963088989258
1747530535.634988,-1.645065261258223,-1.8588295713844722,5.156278610229492
1747530535.656804,-1.5574815742231765,-1.780305674101676,5.61833381652832
1747530535.6747346,-1.5245373986095165,-1.6894822962516085,5.246162414550781
1747530535.6942055,-1.5034508932517276,-1.6093316687992003,4.992961883544922
1747530535.7145464,-1.4921442856608855,-1.5415092576216805,5.142688751220703
1747530535.729948,-1.4468273991652971,-1.4712478142839132,5.18798828125
1747530535.7542357,-1.4101568386777035,-1.3834477166608699,5.019426345825195
1747530535.7744164,-1.3925759055113829,-1.319754675429216,5.14984130859375
1747530535.7957082,-1.3487169685016482,-1.2419163276382688,6.237268447875977
1747530535.8133698,-1.3179829204729014,-1.187639484012583,6.063938140869141
1747530535.8352387,-1.2679306405540849,-1.1101695049743172,5.499124526977539
1747530535.8548772,-1.213060552733927,-1.0454357024089729,5.415439605712891
1747530535.8782077,-1.1736807109169547,-0.9682674333864274,8.79812240600586
1747530535.8976822,-1.1436971010591834,-0.9198187823305376,7.346630096435547
1747530535.9157267,-1.117473576968527,-0.8720685452142255,6.323337554931641
1747530535.938804,-1.0851885450016232,-0.827385049258346,7.668972015380859
1747530535.9530833,-1.0281848226804582,-0.7872346637783254,6.376504898071289
1747530535.9755192,-0.964366585393407,-0.7310826433672306,6.058454513549805
1747530535.9955862,-0.943608357769475,-0.6981419564374092,6.335258483886719
1747530536.0191526,-0.887962602387394,-0.6402111205563686,6.351947784423828
1747530536.0343316,-0.8500967793189161,-0.597847393605964,5.871295928955078
1747530536.0557384,-0.8125896331353878,-0.5523889720153414,6.242990493774414
1747530536.0751967,-0.788346601094837,-0.52659632468345,5.872488021850586
1747530536.0958607,-0.7370599708841434,-0.4644328128540966,5.9604644775390625
1747530536.1157548,-0.6873862191070308,-0.41558055507369274,6.077766418457031
1747530536.1394362,-0.6476908664524196,-0.3823910068043336,7.854700088500977
1747530536.159213,-0.587389971947805,-0.3272583633936968,5.616188049316406
1747530536.170472,-0.5487432638984598,-0.2964109632029058,5.413293838500977
1747530536.194959,-0.4910691399952486,-0.2579499305714021,5.19108772277832
1747530536.2113457,-0.4289617921480717,-0.20997706026938526,5.247592926025391
1747530536.2344418,-0.3601103386259673,-0.15755484225471228,5.127191543579102
1747530536.254963,-0.3166308217494548,-0.11767442303149746,5.5942535400390625
1747530536.275658,-0.28260387000606496,-0.07806188596262718,5.464076995849609
1747530536.2959902,-0.1739238059523731,-0.05380880389898446,6.852388381958008
1747530536.3147175,-0.10050312447274469,-0.033174698010982724,5.158424377441406
1747530536.335468,-0.05307707330671872,-0.017398226864281646,5.550146102905273
1747530536.354459,0.00817658862149064,0.018716994739482826,5.107641220092773
1747530536.3743577,0.06512841324909259,0.07450321472049473,5.06138801574707
1747530536.3964868,0.09872147763387025,0.1241363284743467,5.611181259155273
1747530536.4155204,0.12343374184204343,0.13858497362012065,5.845308303833008
1747530536.4357557,0.1585944417302291,0.1417667700778837,5.342721939086914
1747530536.454693,0.21110018811521455,0.146569779281316,5.08570671081543
1747530536.4753106,0.2241465873029304,0.1682878437013385,5.796909332275391
1747530536.4946785,0.24274611067537083,0.1841832692023382,5.227804183959961
1747530536.5153017,0.2828143259074129,0.19972849472731188,5.111455917358398
1747530536.5346782,0.3061084151157345,0.20761219841119685,5.257368087768555
1747530536.5544024,0.37249421170190145,0.2296167853338037,5.039691925048828
1747530536.5747979,0.41842720145454054,0.24286684647651033,5.544900894165039
1747530536.594605,0.46701121977355636,0.2609973760109005,5.131006240844727
1747530536.6150024,0.5378605388625447,0.2653125633007476,5.253076553344727
1747530536.635252,0.5936210421407886,0.27037186261004553,5.450725555419922
1747530536.6542723,0.6364679312592089,0.2746837442791103,4.901885986328125
1747530536.6756754,0.7179579173812249,0.27476457222291084,6.44230842590332
1747530536.6941478,0.8034563508732487,0.27738190651983047,4.813194274902344
1747530536.7143106,0.8695642235051035,0.28465530128802646,4.822969436645508
1747530536.7311845,0.9224107731336252,0.2903304840623827,5.217075347900391
1747530536.75431,0.9893388658911138,0.29345453684469913,4.745006561279297
1747530536.7750146,1.0924673726633698,0.29326262292554206,4.807472229003906
1747530536.7893493,1.1751780107383993,0.29876820969703577,4.736185073852539
1747530536.8097594,1.255769413701605,0.3020888494621463,4.799127578735352
1747530536.8345895,1.321331671241518,0.29235892316132683,4.770517349243164
1747530536.8555467,1.3697176876664192,0.28562943327555523,5.4340362548828125
1747530536.9919684,1.6325322174196806,0.21858185264657154,10.24484634399414
1747530537.0081184,1.6816618748998573,0.22003199610691565,7.105588912963867
1747530537.018738,1.719861586120359,0.22190912835812687,6.386756896972656
1747530537.0341275,1.7722226286730425,0.21223327671135775,4.838466644287109
1747530537.0551639,1.8199653867692394,0.19653588294698696,4.832744598388672
1747530537.0789666,1.8792016473924797,0.18528401636897301,6.880283355712891
1747530537.0982065,1.943282418268852,0.17369450045389317,5.845069885253906
1747530537.1198678,1.9807025111759624,0.1522026557057601,7.036924362182617
1747530537.132604,2.005194528291808,0.1413580357329364,4.60052490234375
1747530537.1493862,2.0286503502833204,0.13370053034867002,4.712820053100586
1747530537.175498,2.059281026445029,0.12587103478016518,6.211280822753906
1747530537.1939301,2.084696256238627,0.11913602078505696,4.723072052001953
1747530537.2094297,2.0944327860699805,0.11753500228936595,4.72259521484375
1747530537.234176,2.1251437232510026,0.1042773098130408,5.031824111938477
1747530537.2497149,2.1553891416387536,0.09653378466725566,5.006313323974609
1747530537.2696815,2.1961002473307842,0.0855702659051956,5.002498626708984
1747530537.2948503,2.216779296518061,0.09183638308211366,5.473136901855469
1747530537.317835,2.221833129620314,0.09763522609952723,6.577253341674805
1747530537.3375165,2.243980856771395,0.09572139325349305,6.732463836669922
1747530537.355557,2.3128155675302993,0.08314767335318457,5.698919296264648
1747530537.375232,2.3783022615154077,0.06490645121155025,5.51605224609375
1747530537.3946295,2.4145095413524693,0.04958405868689476,5.154132843017578
1747530537.415057,2.4337357507125863,0.042535521951504174,5.367040634155273
1747530537.4377,2.4586754055382953,0.031462823530097696,7.533550262451172
1747530537.4573545,2.4818922648708184,0.025039741536228052,7.793664932250977
1747530537.4747787,2.5049837272921027,0.019751611809965024,5.328893661499023
1747530537.4902375,2.467972584064203,0.023709858785525905,5.049705505371094
1747530537.5151415,2.4149661868223893,0.03518774991277834,5.182743072509766
1747530537.5372705,2.39534478065441,0.04082952159116194,6.939888000488281
1747530537.5561538,2.4038459261104923,0.04286884848978815,5.114078521728516
1747530537.5738904,2.411098753582162,0.046020664305899954,4.768133163452148
1747530537.5941463,2.419244696603714,0.042632028394589384,4.96220588684082
1747530537.6139302,2.437121471587565,0.03537821438652975,4.819393157958984
1747530537.6347985,2.381343170782356,0.05400513197485107,5.3920745849609375
1747530537.6546874,2.3571143185606744,0.061244745813185446,5.4683685302734375
1747530537.674419,2.338321249451825,0.06537166883597145,4.940032958984375
1747530537.6947165,2.3211376861411974,0.07180339828062528,5.311489105224609
1747530537.7098842,2.313649532527353,0.07661129035041074,5.033016204833984
1747530537.7300968,2.3028405686231124,0.07770348397463993,5.168676376342773
1747530537.7498908,2.2945717766317326,0.07929982077429584,5.136966705322266
1747530537.7698727,2.2887959550028234,0.08129746959340824,5.237102508544922
1747530537.7990177,2.2862775498597543,0.08144087686417119,7.951974868774414
1747530537.8151531,2.2635169817783787,0.08501594895785836,5.256891250610352
1747530537.8316782,2.2397920489159597,0.08815722748912497,5.978822708129883
1747530537.8550515,2.2258963731994816,0.09557849892808477,5.2127838134765625
1747530537.8703523,2.217461742634233,0.10012262875575381,5.185842514038086
1747530537.891808,2.210474417293373,0.10367958300149811,6.757259368896484
1747530537.9178348,2.159096384809856,0.11850534777568669,5.098104476928711
1747530537.93879,2.129751664986311,0.12591749733711327,6.988525390625
1747530537.9551723,2.106409776644643,0.1311369270270239,5.13911247253418
1747530537.9749317,2.0882581478803246,0.13603900785657974,5.204916000366211
1747530537.995039,2.066440549214738,0.13731628043680535,5.303621292114258
1747530538.0150726,2.0543764343388884,0.13714103217732748,5.143880844116211
1747530538.0358412,2.046388019920973,0.13678032173021065,5.083322525024414
1747530538.054236,2.07271614445178,0.14184082725931357,4.907131195068359
1747530538.073991,2.0928456774073654,0.14302524101839165,4.784584045410156
1747530538.0955763,2.1108712555685583,0.14478644421583828,5.2318572998046875
1747530538.111579,2.1285462950955636,0.14365695783689947,6.9675445556640625
1747530538.137188,2.081861953806232,0.13861039031937253,7.252931594848633
1747530538.154127,2.0677189929777984,0.13717147682575054,4.8160552978515625
1747530538.1746254,2.0593782465830874,0.1365002662753492,5.065679550170898
1747530538.193894,2.0872018664656524,0.13470178904813185,4.788875579833984
1747530538.2154083,2.104483592601287,0.1325405649996676,5.167245864868164
1747530538.234766,2.1135662500626347,0.1322691330730447,5.0563812255859375
1747530538.255649,2.1148256199413504,0.1325230424608049,5.779504776000977
1747530538.275514,2.1179354834182442,0.13023856986763124,5.232810974121094
1747530538.2950826,2.119539569162209,0.12903800582017153,5.359888076782227
1747530538.3144681,2.1218916361045537,0.12973505356714174,5.007505416870117
1747530538.3393157,2.1197038619417437,0.13082520950271362,9.01651382446289
1747530538.3546233,2.117604934029663,0.1325908611641396,5.078315734863281
1747530538.375201,2.1056966210896846,0.1398755301598564,5.08427619934082
1747530538.395042,2.1018018172361015,0.14302073153157127,5.070924758911133
1747530538.4097424,2.100324072029015,0.1446390570645338,5.005836486816406
1747530538.442975,2.0925533072169493,0.14644390846314845,12.248754501342773
1747530538.458321,2.089358172012003,0.13528193880258954,6.5326690673828125
1747530538.4747305,2.090119233209348,0.13055987632054125,4.939794540405273
1747530538.4949794,2.088882781669358,0.127798561767316,5.594015121459961
1747530538.514099,2.087519161448787,0.1341396342064695,4.896640777587891
1747530538.5305848,2.086106105603387,0.138928273367642,5.047321319580078
1747530538.5546434,2.0885288520188823,0.14101093126153336,5.134105682373047
1747530538.5738814,2.088664196819894,0.13685413471680813,4.74095344543457
1747530538.5940828,2.093504917440778,0.13562162826823376,4.8694610595703125
1747530538.6139405,2.0933225950049996,0.13526249890110142,4.81867790222168
1747530538.6347997,2.0896610103165494,0.13871136483325833,5.053520202636719
1747530538.6530316,2.087630489341829,0.13826700934635244,4.960060119628906
1747530538.673913,2.084767438132786,0.14032860704864264,4.7321319580078125
1747530538.703716,2.0916881489850825,0.13506448955111555,7.02357292175293
1747530538.7155592,2.091295464660161,0.13358682348308534,5.363225936889648
1747530538.735716,2.0913439005884387,0.13235172089888678,5.6438446044921875
1747530538.7547588,2.0901286279336513,0.133149551232138,5.201578140258789
1747530538.7774043,2.0923129237672273,0.13277923308632647,6.968975067138672
1747530538.7954743,2.091696178173394,0.1331885127590096,5.172967910766602
1747530538.813839,2.093707088159489,0.1326201824562373,4.734516143798828
1747530538.8359082,2.0929289292053737,0.1338173652361749,5.133628845214844
1747530538.8522682,2.09196273758327,0.13541676216303497,5.62739372253418
1747530538.8749535,2.0921168792210247,0.13614881144426266,5.073070526123047
1747530538.8949585,2.0956523320707907,0.1366729335248945,5.246400833129883
1747530538.9144475,2.0977932192668214,0.1353880471161896,5.139589309692383
1747530538.9370859,2.099161588939219,0.13465859569611047,6.048679351806641
1747530538.95492,2.105211240014921,0.13448131698218985,6.333112716674805
1747530538.9748642,2.1052860892784,0.13469561878033934,5.317926406860352
1747530538.9968178,2.1050146086615458,0.13331169416748626,7.372379302978516
1747530539.0141482,2.1001217622811157,0.13078789425606752,4.984378814697266
1747530539.0343058,2.0967767216423403,0.1287521852956599,5.095958709716797
1747530539.0549152,2.093719653873506,0.12768367691524182,5.007266998291016
1747530539.074082,2.091098442956013,0.12970036396248888,4.831790924072266
1747530539.0944204,2.092437475013545,0.1300631013981992,5.028009414672852
1747530539.1139994,2.0897900036529222,0.13186349156294272,4.82177734375
1747530539.1347635,2.090868761914817,0.13573176263754796,5.023717880249023
1747530539.1570082,2.096812464717889,0.13712024871903813,6.032705307006836
1747530539.175008,2.0960713048767867,0.13719199266223459,5.690097808837891
1747530539.1951365,2.0995333363374273,0.13644751512445402,5.697011947631836
1747530539.2178855,2.0992868795957684,0.13565775559793736,5.365610122680664
1747530539.2349782,2.1002810198302493,0.13413603967968954,5.554676055908203
1747530539.254748,2.1041336264907367,0.13367045932386407,5.339622497558594
1747530539.2744093,2.096278913909764,0.1353812128563487,4.997491836547852
1747530539.2959657,2.089558457354975,0.13721636722674424,6.6471099853515625
1747530539.3193223,2.08454567009723,0.13911961539203202,9.34147834777832
1747530539.3349295,2.08057824087748,0.13876927171303247,5.115270614624023
1747530539.3603003,2.0855633561362157,0.1367356365563058,10.687828063964844
1747530539.374888,2.0812671881757154,0.13371785282391646,5.001068115234375
1747530539.3953874,2.1015337649286345,0.12930705655646238,5.435705184936523
1747530539.4145617,2.106031000837659,0.12669470263974034,4.945993423461914
1747530539.4328728,2.1096102790599636,0.12729212383937816,4.889726638793945
1747530539.4546666,2.1042171141347863,0.13143290396600366,5.086421966552734
1747530539.4747825,2.1032809847259126,0.1335087253508487,5.2032470703125
1747530539.4940982,2.095455804926492,0.1356348710537679,4.834890365600586
1747530539.5142043,2.093224938921147,0.13640995024414634,4.972934722900391
1747530539.5344348,2.093895740477558,0.13469712903465558,4.896402359008789
1747530539.554595,2.096853757688061,0.13306325276087277,5.341768264770508
1747530539.5741515,2.096019177929336,0.13194264040769058,4.903554916381836
1747530539.5945585,2.0952286472930433,0.13336876655429558,5.0487518310546875
1747530539.6141524,2.102786941990268,0.13517453914403932,4.871368408203125
1747530539.631498,2.107931047898053,0.13444428042927742,5.65791130065918
1747530539.6549208,2.105833248642336,0.1331819434487331,5.405664443969727
1747530539.6760716,2.1089568997998325,0.13287851260810365,6.104946136474609
1747530539.6955142,2.105955997676789,0.1336961442210934,5.276203155517578
1747530539.7148633,2.105414901040889,0.13327484664743278,5.09333610534668
1747530539.7340825,2.1006914000025607,0.13575099468582227,4.909753799438477
1747530539.7575204,2.0910317742889486,0.13575431569503973,6.037235260009766
1747530539.774424,2.0939159289343685,0.13679139904506593,5.087852478027344
1747530539.7944255,2.0850228309599608,0.136091971527106,4.99272346496582
1747530539.814359,2.0802010262160104,0.1387595800257159,4.915952682495117
1747530539.8355596,2.0777060865839165,0.13956311800563323,5.2433013916015625
1747530539.8544803,2.077120666583038,0.13888575377891088,4.965305328369141
1747530539.8771942,2.0753911474669433,0.13986605917753311,6.74748420715332
1747530539.8949,2.0710492159538973,0.14026368439246986,5.288362503051758
1747530539.91556,2.071584907556616,0.14001593876280996,5.579710006713867
1747530539.9340537,2.066989926857905,0.14022079952057231,4.888057708740234
1747530539.954008,2.068455318092045,0.1409149068377546,4.839181900024414
1747530539.9738913,2.069519211560499,0.14201659471609307,4.776954650878906
1747530539.9941535,2.0676551791307007,0.1415968131961042,4.87518310546875
1747530540.0142505,2.06708830638247,0.14134291451398007,4.834413528442383
1747530540.0341978,2.069115287882161,0.14182651323478238,4.8542022705078125
1747530540.053786,2.065298002329658,0.1423672726757598,4.615306854248047
1747530540.0697167,2.0700004814991635,0.14295896529607033,5.087614059448242
1747530540.094975,2.069930628288222,0.14145198852436547,5.007266998291016
1747530540.114941,2.068284577244175,0.14124392565064564,5.087852478027344
1747530540.1349165,2.070239772001925,0.13954619285581019,4.9686431884765625
1747530540.1548634,2.0778606624374665,0.13792748146559833,5.043745040893555
1747530540.1778142,2.079637231116446,0.1369283995004775,8.220434188842773
1747530540.194652,2.083023532243352,0.13568338988247575,5.082607269287109
1747530540.2144368,2.088525360159454,0.1344749636705102,4.903554916381836
1747530540.234271,2.087813170433278,0.13340668007203818,4.989147186279297
1747530540.2536366,2.087482927127651,0.13374147871295544,5.190134048461914
1747530540.2778187,2.0867444721084003,0.13595062233224678,5.954504013061523
1747530540.2950392,2.0886464716791138,0.1371482674776303,5.275487899780273
1747530540.3154697,2.08679908849574,0.1372061408695707,4.892587661743164
1747530540.3312967,2.084549281441135,0.1379048947343095,5.577325820922852
1747530540.3548782,2.0824912017103943,0.1388175869373532,5.002498626708984
1747530540.3767931,2.080808834341332,0.13815883925773118,7.290124893188477
1747530540.3941815,2.078540657368825,0.13879245308172822,4.845380783081055
1747530540.4145987,2.0806083848982655,0.1380206706282385,5.008697509765625
1747530540.4354806,2.0835084845095846,0.1366915479528325,5.409955978393555
1747530540.4542,2.082204327625797,0.13640994847462837,5.031585693359375
1747530540.4740007,2.0841918981452046,0.13553698901603323,4.8065185546875
1747530540.4899416,2.0822196960745467,0.134569750834261,4.97746467590332
1747530540.514179,2.083266647992553,0.13365219677188708,4.8961639404296875
1747530540.5354536,2.086529770130992,0.1352372085089857,5.003690719604492
1747530540.5537684,2.0905070366178724,0.1361763007663385,4.643440246582031
1747530540.5738523,2.0945397816019353,0.13819980686694977,4.698991775512695
1747530540.5962203,2.0969472831578844,0.1378155354565467,5.398035049438477
1747530540.6145523,2.1007225832647016,0.1370563293376431,5.087137222290039
1747530540.6399395,2.1035471255609326,0.13794196853492782,7.000207901000977
1747530540.6571574,2.1065781071762895,0.13787390936770083,6.678104400634766
1747530540.6769063,2.0983522396845147,0.13692698476596474,6.685733795166016
1747530540.6939788,2.098459062180918,0.1351923290654116,4.8542022705078125
1747530540.716082,2.1013966925820875,0.13453901383752923,6.431818008422852
1747530540.7306926,2.095051380146317,0.13532156521166802,5.179166793823242
1747530540.754812,2.1113635961824766,0.13213978544462476,4.934549331665039
1747530540.7754333,2.122865746528049,0.1278595393838056,5.247354507446289
1747530540.7952433,2.128768104329127,0.12676603874305636,5.185127258300781
1747530540.8149278,2.1240649683619366,0.12810096962152073,5.116939544677734
1747530540.8311458,2.1235072670676876,0.1294340499807935,5.135297775268555
1747530540.8548515,2.1156969134781796,0.13033951382300754,5.10716438293457
1747530540.8743281,2.101191065017579,0.13170504379618142,4.994392395019531
1747530540.8959925,2.099307174534473,0.13227847298620027,6.865978240966797
1747530540.9141145,2.0993945113653023,0.1321872913737177,4.8961639404296875
1747530540.9342465,2.093555370830312,0.13393955141134606,4.976034164428711
1747530540.9542348,2.0890905770456514,0.13510287080378683,4.903078079223633
1747530540.9755065,2.0868121397681185,0.13735459689471446,6.374359130859375
1747530540.9940233,2.08826115474239,0.13489046687423129,4.827022552490234
1747530541.0142071,2.092806041954327,0.13212568162405552,4.836320877075195
1747530541.0357676,2.0993719476575423,0.12946127227826412,5.341291427612305
1747530541.0561519,2.1016949034304244,0.12762519270086842,6.831169128417969
1747530541.0767052,2.092024857997853,0.13032282580568777,5.80143928527832
1747530541.0957427,2.08783995262969,0.13150855001405873,6.316900253295898
1747530541.1136363,2.088724303666492,0.13153542328290155,7.177591323852539
1747530541.1363301,2.0832399072916097,0.12664603056348503,5.116701126098633
1747530541.155817,2.0782904794667783,0.12274966038122899,6.155729293823242
1747530541.1716135,2.0703879193332653,0.1217805398904151,6.594181060791016
1747530541.1916819,2.069358285163042,0.1314125668442025,6.70933723449707
1747530541.2166934,2.068662052743852,0.1351083702652918,6.74891471862793
1747530541.2357411,2.0620753573362967,0.13796812687418442,5.033969879150391
1747530541.2501035,2.0640182311956257,0.1406627465700687,4.926204681396484
1747530541.277063,2.0821885932167583,0.1353158313668884,5.842685699462891
1747530541.2977462,2.095303426681468,0.131728300246706,5.789041519165039
1747530541.314708,2.1027320439888832,0.1302636222900149,5.1021575927734375
1747530541.3368907,2.105419697322694,0.13103527110196903,4.983186721801758
1747530541.350046,2.101953831087409,0.13173034258443678,5.159854888916016
1747530541.3698268,2.1022055907943087,0.13164425536334923,4.814386367797852
1747530541.3925905,2.108453207740011,0.13088342406779263,6.715059280395508
1747530541.4162664,2.112219932141245,0.13143666955902764,6.062507629394531
1747530541.4336896,2.115544991198642,0.1303493751141002,6.360292434692383
1747530541.4496846,2.1116283630790442,0.13133033403739355,4.922389984130859
1747530541.4744282,2.1011340013405806,0.1325578726276981,5.087137222290039
1747530541.4904187,2.096071656401826,0.1324437637944294,5.312204360961914
1747530541.515252,2.0935947772783527,0.132410823595598,5.460977554321289
1747530541.5355775,2.0925935571786223,0.1358658489340027,6.087064743041992
1747530541.5553896,2.0903869065903944,0.1374755492934344,5.886077880859375
1747530541.5744061,2.0905962121054165,0.1386597918166809,4.952907562255859
1747530541.594784,2.1010513776477544,0.13429776736590987,5.079507827758789
1747530541.614649,2.105802444863664,0.1332175285289398,5.022287368774414
1747530541.6347766,2.1065726256737527,0.1338926487046361,5.176544189453125
1747530541.6545885,2.1077678273307376,0.13396910682312058,5.03993034362793
1747530541.6747618,2.1051682023936147,0.1341700356352453,5.164146423339844
1747530541.6945906,2.1035991029180683,0.1335886952316711,5.038738250732422
1747530541.7094884,2.102122783118234,0.13492723511780064,5.002498626708984
1747530541.730008,2.1012515110729417,0.13768816969026476,5.060434341430664
1747530541.7529774,2.098619204504255,0.1398477464855229,7.337331771850586
1747530541.779841,2.090679447156239,0.14102170671089134,8.722305297851562
1747530541.794301,2.0851618624076966,0.14236043411588098,4.93168830871582
1747530541.8140926,2.0796826473611874,0.14454041952674082,4.849672317504883
1747530541.8349369,2.079187480647712,0.14619362586848092,5.015373229980469
1747530541.8511405,2.078287186434858,0.14389381610457805,6.579875946044922
1747530541.8698757,2.078334665861023,0.1426805171210176,4.910707473754883
1747530541.8908205,2.0819979118953844,0.14112198604099377,5.000829696655273
1747530542.024984,2.0933456565022723,0.13614886833027165,6.200551986694336
1747530542.0426087,2.0979222884943267,0.13608241623801132,7.858991622924805
