time,x,y,computation_time_ms
1747533084.043832,-2.1908655093270823,-7.41998806785786,8.99958610534668
1747533084.0658944,-2.2895281054330234,-7.423196866310422,8.837699890136719
1747533084.082685,-2.294666568893306,-7.422575876883864,6.782054901123047
1747533084.0992239,-2.2864901562146787,-7.4223334333622875,6.374120712280273
1747533084.121871,-2.1832576751443913,-7.421363763468903,8.139848709106445
1747533084.139573,-1.423796752282182,-7.4185581786433055,6.32476806640625
1747533084.163433,0.7748647837899721,0.8126507618880995,5.642890930175781
1747533084.178397,0.7651835759193185,0.5698526168568513,4.1408538818359375
1747533084.1983085,0.7231727583211982,0.04378941884615395,4.754781723022461
1747533084.2266636,0.7348685751603282,-0.016754079135982067,5.2738189697265625
1747533084.248083,0.7426101906177507,-0.03842445125371345,5.135297775268555
1747533084.263309,0.7499564571447864,-0.055748014313628344,4.85992431640625
1747533084.2795956,0.7540789166361928,-0.06271485500898545,4.837989807128906
1747533084.2977223,0.759455653510026,-0.06996273632846343,4.781246185302734
1747533084.319588,0.7611525549043995,-0.07270615776427934,5.89442253112793
1747533084.340292,0.765294424212394,-0.07406897295008096,5.645990371704102
1747533084.3631408,0.9290305571417069,0.020637894707523568,6.381988525390625
1747533084.3813543,0.9150001666407346,0.009681389281404827,4.945516586303711
1747533084.3988514,0.8776670569295197,-0.004979061056947062,4.848003387451172
1747533084.4179163,0.8913087043858225,0.006448678421528291,4.890203475952148
1747533084.43804,0.8876649947156942,0.010763419721909384,4.8828125
1747533084.4577293,0.8871594364961474,0.01125400821084153,4.748821258544922
1747533084.479814,0.8816749950322794,0.009361097895377361,6.327390670776367
1747533084.4990811,0.892438318005171,0.009141198872519815,4.9228668212890625
1747533084.5186026,0.8912868166244206,0.009118011561647248,5.417585372924805
1747533084.5425985,0.8931346836156132,0.008718977800235433,8.780479431152344
1747533084.5585792,0.8760739005127092,-0.006644688588663154,4.860401153564453
1747533084.5849938,0.596097476850337,-0.08731260965609935,5.051136016845703
1747533084.5990884,0.7167552697656233,-0.09792518571386986,4.71806526184082
1747533084.6176996,0.7693286510794894,-0.09428233416086135,4.813432693481445
1747533084.6446278,0.7732739781155469,-0.08558401275873985,5.374670028686523
1747533084.664132,0.7656568407636054,-0.07765315336609276,6.646156311035156
1747533084.6835814,0.7609642531267884,-0.06374181179108739,7.606744766235352
1747533084.700167,0.7617592154122715,-0.05672880405766907,5.243778228759766
1747533084.7191083,0.7655130721334958,-0.05249291472957068,5.846261978149414
1747533084.7411234,0.7707314048863124,-0.048825909698859624,7.139444351196289
1747533084.7574008,0.7736912531646916,-0.059960556778169624,4.692792892456055
1747533084.7792568,0.8381811955497004,0.10506680430864485,5.338907241821289
1747533084.7945266,0.8013393358927063,-0.07616472419660654,4.467248916625977
1747533084.8178542,0.7696485406186592,-0.08853221467836947,4.85539436340332
1747533084.8377361,0.7596127375501894,-0.083477636462722,4.852056503295898
1747533084.8577096,0.7616323145607236,-0.07985145865883231,4.809856414794922
1747533084.8776855,0.7590760556114342,-0.07708115673499515,4.887580871582031
1747533084.8975246,0.7580970068744911,-0.0757437478893712,4.728078842163086
1747533084.9176228,0.7572464042733518,-0.07451105284385512,4.817724227905273
1747533084.9333313,0.7572498410480637,-0.07370383294341565,4.855632781982422
1747533084.9555266,0.6594024917497233,-0.12064760642287733,5.273580551147461
1747533084.9775763,0.6537267444077598,-0.12335559786323765,4.655361175537109
1747533085.0008526,0.653281510099708,-0.11928297717951175,7.856130599975586
1747533085.0230024,0.6675567023112842,-0.1120907408039036,7.016897201538086
1747533085.0449886,0.683597284671399,-0.1062235654503486,5.673408508300781
1747533085.0614727,0.6980137193704962,-0.09982987476412962,5.240440368652344
1747533085.0791068,0.7096333358860075,-0.09606128445901359,5.223274230957031
1747533085.09785,0.7202736867857769,-0.08839201043606325,4.886150360107422
1747533085.118265,0.7371525697303047,-0.07869054563629799,5.143880844116211
1747533085.1441686,0.7451638873986457,-0.07124420276163868,5.566835403442383
1747533085.1643035,0.7561797039387844,-0.06728320357583409,5.277395248413086
1747533085.1909766,0.7775669054901204,-0.07335176314164313,6.05010986328125
1747533085.2088244,0.777601932180008,-0.07276569872150314,4.637479782104492
1747533085.226636,0.7724673124331801,-0.0683204721198598,4.764080047607422
1747533085.2499933,0.7690550672831888,-0.06461874005176035,7.930517196655273
1747533085.266122,0.7684015228932194,-0.06269707029516222,5.755424499511719
1747533085.2818131,0.7669499853500649,-0.06680723266773794,4.993200302124023
1747533085.2989488,0.7647940629473188,-0.06976377484855684,5.477428436279297
1747533085.318098,0.7689199257955056,-0.0704948219720073,5.022764205932617
1747533085.3328257,0.7701263362975939,-0.07762737779867421,4.640340805053711
1747533085.3567367,0.6384966243582616,0.558009342619924,5.008459091186523
1747533085.3773918,0.6900664693404762,0.3193064846329659,4.288673400878906
1747533085.3982718,0.7475686490214132,-0.05541431783697548,4.766225814819336
1747533085.4177508,0.7160777427318455,-0.06628199219056674,4.696130752563477
1747533085.4382713,0.6987572549448522,-0.06983365400606663,4.839420318603516
1747533085.4577396,0.695717380005063,-0.07203959414085488,4.848718643188477
1747533085.4781477,0.7128032525673668,-0.07105024041739956,4.745960235595703
1747533085.498184,0.7266801645698098,-0.0679727354239376,5.019426345825195
1747533085.5178921,0.7402013789686176,-0.06647048087912774,4.880428314208984
1747533085.541937,0.7358722241446344,-0.07179065626525709,8.429765701293945
1747533085.5607882,0.7351125296450625,-0.07431770076095037,5.599260330200195
1747533085.592539,0.7307710298638652,-0.0758241839326112,4.930734634399414
1747533085.615603,0.7523046845658293,-0.0719419170741405,5.067348480224609
1747533085.6394916,0.7676900283081354,-0.07095200875919616,5.747795104980469
1747533085.6643038,0.7706124347860737,-0.07248281684685026,4.888296127319336
1747533085.6850386,0.7742827211269159,-0.07168825717212728,4.946470260620117
1747533085.709867,0.774369538526495,-0.072406550476491,7.431268692016602
1747533085.7289834,0.7667711389831995,-0.07120237769381021,6.651639938354492
1747533085.748064,0.7565655030664384,-0.07170575054563726,5.176305770874023
1747533085.77121,0.7519307950713509,-0.0712468758395708,4.993915557861328
1747533085.7905848,0.748113377769683,-0.07096196916208768,5.747795104980469
1747533085.807729,0.7606048427781885,-0.06970352935263907,6.54911994934082
1747533085.8210642,0.7697630138103922,-0.06905508763733967,4.677772521972656
1747533085.834415,0.7740141615130287,-0.07044154205688928,4.475593566894531
1747533085.853254,0.77496110099343,-0.07131103469256088,4.965305328369141
1747533085.8777328,0.7719427888137321,-0.07633384362521586,4.734277725219727
1747533085.8980024,0.7672354788964194,-0.07703906109282989,4.79578971862793
1747533085.9142144,0.7675498736272535,-0.07726973042116955,4.8351287841796875
1747533085.9377775,0.7680340143457562,-0.06950812169856559,4.809856414794922
1747533086.0913026,0.7659788749713223,-0.0703463943357327,4.597663879394531
1747533086.1064973,0.7610285081373931,-0.07233856506132065,5.118370056152344
1747533086.123091,0.7588616028101689,-0.07830571622622229,4.766225814819336
1747533086.137886,0.7532619721474634,-0.08380617361874707,4.767179489135742
1747533086.1537642,0.7374933472304773,-0.09008452792587397,4.904508590698242
1747533086.1750135,0.7210940973667458,-0.09645198749428266,5.0640106201171875
1747533086.1988237,0.7256483087432022,-0.08998882708360398,5.299091339111328
1747533086.21336,0.7367079956952904,-0.08036826792436774,4.651069641113281
1747533086.2336795,0.7389936914198781,-0.07614468645749818,4.75764274597168
1747533086.2538378,0.7409712480795362,-0.07311510716768681,4.947423934936523
1747533086.2782564,0.7361019465308885,-0.07169250081058941,4.8084259033203125
1747533086.2975442,0.7338656903185784,-0.07068313747348341,4.625558853149414
1747533086.3127267,0.7315518027199348,-0.07049512049288732,4.5413970947265625
1747533086.337734,0.7446671068120063,-0.06669450655397638,4.766225814819336
1747533086.3582802,0.7597322824827828,-0.06219829612800251,4.847288131713867
1747533086.377826,0.7722163020142989,-0.0613212535966979,4.769563674926758
1747533086.393135,0.7712413492811104,-0.06616545523083237,4.662513732910156
1747533086.4183426,0.769498945620251,-0.06835655735648119,5.482912063598633
1747533086.4333253,0.7690514263677377,-0.0699796708732464,4.657983779907227
1747533086.4581156,0.7664690008382118,-0.07361821917585837,4.800319671630859
1747533086.4779131,0.7643695852368921,-0.07516629417513916,4.778623580932617
1747533086.4980538,0.7580481714137481,-0.07655256485983601,4.881143569946289
1747533086.5140867,0.7484452002734349,-0.07304304177257966,4.715442657470703
1747533086.533133,0.7413145608382883,-0.0698215592126668,4.770755767822266
1747533086.5583577,0.7350580007987475,-0.0692565747104741,5.125284194946289
1747533086.5805259,0.7504737266029733,-0.06478319446599494,4.845857620239258
1747533086.597749,0.7698168543388964,-0.06163669263696799,4.729032516479492
1747533086.613159,0.7745158992084943,-0.05895179068609673,4.748106002807617
1747533086.6337378,0.7785149116653803,-0.05623742910491384,4.932403564453125
1747533086.6586652,0.7726330887503933,-0.06567832548801787,5.40614128112793
1747533086.6815732,0.7694924415124988,-0.07154549245154546,6.269693374633789
1747533086.7040303,0.7659076726654255,-0.07385456348828547,7.38525390625
1747533086.7312624,0.7689497612187497,-0.07444771292431025,10.098695755004883
1747533086.7502928,0.77245481223662,-0.07448009482659848,5.666494369506836
1747533086.7642128,0.7731288408459689,-0.07592059687608992,4.540920257568359
1747533086.783732,0.7747343800564827,-0.07981765185618761,4.5757293701171875
1747533086.7988398,0.7760500151219025,-0.08516461395316705,4.682779312133789
1747533086.818707,0.7784113812792451,-0.08720822092303472,4.78672981262207
1747533086.8328671,0.7752910269907738,-0.08892221908526854,4.7702789306640625
1747533086.858334,0.771114362649134,-0.07875166805767991,4.978179931640625
1747533086.8782823,0.7696989061039912,-0.07272546665557444,5.166769027709961
1747533086.897729,0.7631997726187382,-0.07278179618375835,4.758596420288086
1747533086.91748,0.7686412779705748,-0.06978988967754716,4.57453727722168
1747533086.9375489,0.7721488528629222,-0.06694972597940133,4.697322845458984
1747533086.9590662,0.7731249334680305,-0.06351738825104612,5.828380584716797
1747533086.9890163,0.77468639224431,-0.060144473116147956,6.365299224853516
1747533087.0076597,0.7805586402082895,-0.05632720556875544,4.808664321899414
1747533087.032121,0.7803593451346152,-0.05515947010853709,9.141921997070312
1747533087.0466287,0.7671153649388046,-0.06055400306813969,4.532575607299805
1747533087.061846,0.7612386207688213,-0.061897718398334516,6.488323211669922
1747533087.0824945,0.7598224120714688,-0.06320138099689263,8.983612060546875
1747533087.1014183,0.7595203726333696,-0.0647916388177878,5.04302978515625
1747533087.1190803,0.7565032967249922,-0.06487230209119868,4.703283309936523
1747533087.1435316,0.7507912872897317,-0.06512405729546038,7.9193115234375
1747533087.1625104,0.743469399995172,-0.0648162560396372,5.903482437133789
1747533087.1898484,0.7332957854364544,-0.07038546019035447,6.206274032592773
1747533087.2047343,0.7252865829399987,-0.07242253751541188,4.633665084838867
1747533087.2194269,0.7237914106142851,-0.0737446616831347,4.619598388671875
1747533087.2345417,0.7238899512604711,-0.07595527855412354,4.990100860595703
1747533087.2578213,0.7344199439118877,-0.07613841330391946,4.777669906616211
1747533087.278656,0.7421718559414903,-0.07689145869882359,5.822896957397461
1747533087.2975056,0.7391783491688746,-0.07154793148287829,4.67371940612793
1747533087.3178306,0.7386201741455308,-0.06824032980354534,4.70423698425293
1747533087.3376617,0.7420309278657249,-0.06440555068975799,4.762172698974609
1747533087.358602,0.7376764491462025,-0.05897482045063443,5.507230758666992
1747533087.3784878,0.7556075157970945,-0.06265362952886781,5.4264068603515625
1747533087.3975778,0.7653671286777317,-0.06383912829011605,4.706382751464844
1747533087.4126024,0.7660452570489666,-0.06493186390979243,4.583835601806641
1747533087.437771,0.7618781835857825,-0.06447796362670277,4.685640335083008
1747533087.4582062,0.7530506439264129,-0.06406060067696757,5.287885665893555
1747533087.4783518,0.7461873059908275,-0.06299607489836674,5.340814590454102
1747533087.499236,0.7515473999173325,-0.07441071781457419,4.689693450927734
1747533087.5186257,0.7520899547894633,-0.07753861091444238,4.875421524047852
1747533087.5388715,0.7573355431018887,-0.07770952691304804,5.390644073486328
1747533087.5574436,0.760362432365395,-0.07961791315034761,4.582405090332031
1747533087.577826,0.7649635920016928,-0.07164042046037908,4.826545715332031
1747533087.5989435,0.7686064328646538,-0.06569721649547838,4.90260124206543
1747533087.6182997,0.7656016130043515,-0.06312180407912588,5.277872085571289
1747533087.635082,0.7508736807973834,-0.06695644487223247,5.323886871337891
1747533087.6588898,0.7366660100978442,-0.06946937562715436,5.341053009033203
1747533087.6785347,0.7272185681256892,-0.07151870142960728,5.317449569702148
1747533087.7000914,0.7309109196461699,-0.07640503729542994,5.236387252807617
1747533087.718774,0.729388763222761,-0.0799168750662206,5.351543426513672
1747533087.734035,0.7309148915303642,-0.08142663119517725,5.472898483276367
1747533087.757761,0.7449744131692089,-0.07680029951594385,4.787683486938477
1747533087.7748628,0.7459499885517664,-0.07144880753847586,4.581689834594727
1747533087.7979543,0.7521081254277716,-0.06906121743860735,4.889965057373047
1747533087.8186617,0.7546040688568137,-0.06619246381110966,5.584478378295898
1747533087.8398225,0.7517165350946399,-0.0687060420867894,6.513833999633789
1747533087.857982,0.7452857583401474,-0.07173199908024472,4.723310470581055
1747533087.8776789,0.7394373240633045,-0.07391436310812484,4.567384719848633
1747533087.893645,0.7520397352522825,-0.0770599978896699,4.779815673828125
1747533087.9177697,0.7565263478657271,-0.07985987007078985,4.802703857421875
1747533087.939661,0.7626379718790164,-0.0806121657224959,6.558656692504883
1747533087.9576783,0.7633335971218133,-0.08038249261237138,4.790306091308594
1747533087.9764524,0.7653854954702259,-0.08009993879090722,4.675865173339844
1747533087.9948113,0.7705483540721868,-0.08431584262332463,4.900932312011719
1747533088.023366,0.7711331207037198,-0.07552354368523682,6.762266159057617
1747533088.044003,0.7672422127650638,-0.07091473897707791,7.772207260131836
1747533088.0594757,0.7736506365052177,-0.06917355027435193,4.754543304443359
1747533088.0781465,0.7760753609258467,-0.06787291927092974,5.209207534790039
1747533088.0946019,0.761209832641764,-0.07197871781368186,4.667520523071289
1747533088.1242409,0.7413459079167258,-0.07478756772850682,7.7114105224609375
1747533088.1462939,0.7299595338946244,-0.07676966937583433,9.36579704284668
1747533088.1661427,0.7338423487121764,-0.07679338287080803,7.05409049987793
1747533088.1910064,0.7305018533369251,-0.07876623337931679,8.622884750366211
1747533088.210561,0.7241345766265012,-0.07797852990007638,6.277799606323242
1747533088.2296748,0.7497939414903425,-0.07349498535055703,5.80143928527832
1747533088.2470696,0.7647800237679995,-0.06849042303686317,5.532741546630859
1747533088.2608354,0.7718646205462687,-0.06649501740428124,4.496574401855469
1747533088.2789836,0.7758773039956963,-0.06567480904052529,4.981517791748047
1747533088.300172,0.7624727299615772,-0.07080030061456834,5.4168701171875
1747533088.313997,0.7527785728914934,-0.07215105442119142,4.7283172607421875
1747533088.3376958,0.740913220143186,-0.07290182048655522,4.7779083251953125
1747533088.3573992,0.7416829735104413,-0.074633649527201,4.750967025756836
1747533088.378026,0.747723801296975,-0.07722062536456713,4.751443862915039
1747533088.3988187,0.7569501713825076,-0.07711198164822686,4.652976989746094
1747533088.4182673,0.759078095990137,-0.07628038342539069,4.853725433349609
1747533088.4329824,0.7571482192298484,-0.07397142334728392,4.608869552612305
1747533088.4577599,0.7548947774732584,-0.07138852609781558,4.698276519775391
1747533088.4794624,0.7659728629265559,-0.06837991656317552,4.766225814819336
1747533088.498594,0.7725393488789795,-0.06741939176198974,5.299091339111328
1747533088.5189955,0.776476379003139,-0.06572841694580053,4.835367202758789
1747533088.537746,0.7760128758904818,-0.06432735712672993,4.765748977661133
1747533088.5580282,0.7747354877840349,-0.06288335682958231,4.778623580932617
1747533088.5786614,0.7770152479925873,-0.0615960877634835,5.498170852661133
1747533088.5979033,0.7790227820498853,-0.06118482624727966,4.7760009765625
1747533088.6187704,0.7720837516194874,-0.06389350792591306,5.666494369506836
1747533088.65167,0.7693863548935226,-0.06740521306140812,7.017374038696289
1747533088.6687953,0.7682442846220484,-0.06914294699802483,5.081415176391602
1747533088.6865163,0.7664189540846561,-0.06837905724998763,7.119894027709961
1747533088.7030282,0.7650596940285073,-0.07064516304210583,6.611347198486328
1747533088.7176578,0.7543093482264487,-0.07524388414161721,4.677295684814453
1747533088.7332935,0.7410669540532083,-0.07876259692146581,4.743337631225586
1747533088.7577422,0.7274859636637084,-0.08159285360789743,4.7855377197265625
1747533088.7798016,0.722970955107946,-0.08317736221381739,6.241083145141602
1747533088.7974539,0.7193012515015447,-0.08827999574926353,4.74238395690918
1747533088.8155618,0.7185754980193066,-0.08932083056700003,4.676580429077148
1747533088.8379953,0.7202067568221433,-0.08695062364150932,4.822969436645508
1747533088.8530684,0.7220622355218572,-0.08645847617471861,4.610538482666016
1747533088.8774748,0.7249364269505816,-0.08885073303403304,4.682064056396484
1747533088.8976777,0.7277783539696447,-0.09091002063488425,4.774808883666992
1747533088.9227066,0.7341491874074849,-0.09015530360779224,7.797002792358398
1747533088.9473255,0.7440184188914251,-0.08751926208891059,7.9975128173828125
1747533088.9613516,0.7533844763506011,-0.08026367924682652,4.939079284667969
1747533088.9796607,0.758655550264998,-0.06353056951684938,4.6405792236328125
1747533088.9973056,0.7619980039303264,-0.05861959653270024,4.6787261962890625
1747533089.0248115,0.7616902697186344,-0.05530966150780702,8.423089981079102
1747533089.0399728,0.7836316356426211,-0.06105025858329562,4.726886749267578
1747533089.060201,0.793028242148125,-0.06176898654512026,6.241083145141602
1747533089.0765176,0.7995808766004826,-0.06430766312296511,4.681825637817383
1747533089.0987928,0.814664597706137,-0.06618951968530257,4.638195037841797
1747533089.1178913,0.8242420664331562,-0.06634107055492316,4.827737808227539
1747533089.1384661,0.8241889809590762,-0.06664908550338018,5.121946334838867
1747533089.1577895,0.8227478946042174,-0.06732441048752312,4.8007965087890625
1747533089.1744506,0.8472098443467089,-0.06798627030677344,4.541873931884766
1747533089.1975503,0.8860042746094341,-0.06818863419118042,4.717588424682617
1747533089.2174735,0.9082403556787191,-0.06620176253617506,4.617929458618164
1747533089.237674,0.9594596950896701,-0.06100167498962038,4.913568496704102
1747533089.25227,0.9845592357105735,-0.05918120860148716,4.548549652099609
1747533089.2773428,1.0202641853062093,-0.05697917500902602,4.662036895751953
1747533089.297356,1.0545349998406481,-0.04965078838219299,4.52876091003418
1747533089.3224218,1.0800265691948767,-0.041719600933128535,9.469032287597656
1747533089.3519905,1.1049783652470597,-0.03559604049236343,8.04758071899414
1747533089.3842413,1.1821284663111011,-0.019822599658414323,7.097005844116211
1747533089.409336,1.2480620923648975,-0.010900593393838054,6.331205368041992
1747533089.4264894,1.2823962775193827,-0.009525746258872436,6.490230560302734
1747533089.441005,1.3575719218855433,0.006728511627654804,4.65083122253418
1747533089.4613712,1.4202453819172651,0.019164037440450338,7.384538650512695
1747533089.4778235,1.4661324667015019,0.029153812023299634,4.6443939208984375
1747533089.4974616,1.5343454234879703,0.02771541350714362,4.5680999755859375
1747533089.5190384,1.5935342667740091,0.02511127975942882,5.234956741333008
1747533089.5391245,1.6538882354640516,0.020589820865103053,4.806041717529297
1747533089.5591636,1.7173543337375827,0.017550374026607637,5.118131637573242
1747533089.578173,1.7580544917121175,0.016334205734316622,4.534006118774414
1747533089.597493,1.7944698280750362,0.014803409650548258,4.665136337280273
1747533089.613383,1.8314425484771624,0.01424549494213736,4.666805267333984
1747533089.640003,1.8861736533637217,0.021144704414706714,4.782676696777344
1747533089.6604245,1.9145371656078256,0.02454782000443758,6.750345230102539
1747533089.6747012,1.9264714883701088,0.025532606887180006,4.525184631347656
1747533089.6993406,2.013318057330456,-0.012395143320718187,5.344152450561523
1747533089.7188134,2.057003884244059,-0.04133362685597466,4.634857177734375
1747533089.7380135,2.0804707707666914,-0.06145226064673945,5.092144012451172
1747533089.757704,2.1182601553416136,-0.08386949896474485,4.856348037719727
1747533089.7734518,2.153300898229846,-0.10337797499098692,4.929542541503906
1747533089.798325,2.2029410624938257,-0.1271463944369233,5.097627639770508
1747533089.8206215,2.2593090408060776,-0.1549285153591558,5.570411682128906
1747533089.8383415,2.3007393867247616,-0.1761467412694769,5.40924072265625
1747533089.853493,2.330047987734947,-0.19059720463863886,4.953622817993164
1747533089.8749754,2.36461581151254,-0.2099762123338919,5.053281784057617
1747533089.8992343,2.392721698127049,-0.2318494719378394,6.310939788818359
1747533089.9227848,2.4165120404080707,-0.2585975952339867,6.424903869628906
1747533089.9403865,2.4200940348891287,-0.27588754312174824,5.26738166809082
1747533089.9586177,2.45110869168503,-0.31720701866088213,5.918741226196289
1747533089.979288,2.5218754643184855,-0.3767641865396029,6.32476806640625
1747533090.002274,2.554403536590359,-0.40637563756242456,7.0438385009765625
1747533090.0253363,2.5876411725676154,-0.45168900840653403,9.923934936523438
1747533090.044537,2.6111195620239216,-0.4800217810879004,7.610321044921875
1747533090.0647311,2.6354705894884183,-0.5036513491993109,8.30841064453125
1747533090.0801802,2.6515195528736104,-0.521720020306417,5.403280258178711
1747533090.0991008,2.6623237942794122,-0.5302301466177999,5.350589752197266
1747533090.1193178,2.667202866966766,-0.5744016756487251,5.676984786987305
1747533090.141394,2.6801481864641756,-0.60526184641034,6.706953048706055
1747533090.159663,2.688060810313473,-0.6293271148787333,5.467653274536133
1747533090.178512,2.693862228500109,-0.6402815997053544,5.74946403503418
1747533090.1975768,2.7053267469179914,-0.681738089368076,5.737543106079102
1747533090.2188094,2.7192452649962386,-0.7237127795696131,5.991935729980469
1747533090.2387345,2.729748148728556,-0.7492758171128738,5.968809127807617
1747533090.2594087,2.7315876931091045,-0.7853610144475547,6.078004837036133
1747533090.2755692,2.7291608424047857,-0.8171758685611543,5.736827850341797
1747533090.2986858,2.7198578231482324,-0.8759233257240019,5.701780319213867
1747533090.3148599,2.7164090175055007,-0.9195072758368897,5.769491195678711
1747533090.3383608,2.7211930712713217,-0.9744895264517995,5.557537078857422
1747533090.3582757,2.7158195859033247,-1.0160918606404332,5.624294281005859
1747533090.3786478,2.7045633828003233,-1.07501802560729,5.849123001098633
1747533090.399936,2.692436553269731,-1.1300990664734045,5.666971206665039
1747533090.4188783,2.6826126033960054,-1.171825362842419,5.775213241577148
1747533090.4388657,2.687081180145729,-1.2036276232010865,5.766868591308594
1747533090.458531,2.704011656884451,-1.2533247283806934,5.310535430908203
1747533090.47812,2.70679108975145,-1.2974844106786398,5.258321762084961
1747533090.4978416,2.705994625631927,-1.333682368917956,4.998683929443359
1747533090.5191674,2.7041883190388534,-1.3842306748997701,5.771160125732422
1747533090.5385873,2.700964636751509,-1.4276610553460736,5.499124526977539
1747533090.558602,2.699647634568621,-1.460927857403048,5.528450012207031
1747533090.5791202,2.69741426630894,-1.5123173888155372,5.583286285400391
1747533090.604963,2.696660460964937,-1.5540121841841408,5.532264709472656
1747533090.6228702,2.6942981902408456,-1.581481477390483,5.827188491821289
1747533090.641223,2.6957103093150643,-1.6348280356938998,5.715608596801758
1747533090.6585984,2.6938729562665222,-1.6891198436851542,4.680395126342773
1747533090.674303,2.6953539448682515,-1.7160374013963444,4.572153091430664
1747533090.6927683,2.695506263596699,-1.7543000542705232,4.577398300170898
1747533090.7224522,2.6668171488414933,-1.8199288751864058,5.573749542236328
1747533090.7385,2.6421462905928683,-1.8709587133168644,5.433797836303711
1747533090.757787,2.6318155269944463,-1.9195247412496932,4.8694610595703125
1747533090.7787025,2.611838969590634,-1.9722371231406748,5.499124526977539
1747533090.7975721,2.6014123274827843,-2.0034413273914815,4.894495010375977
1747533090.8187253,2.5916321274213727,-2.044145060279032,5.706548690795898
1747533090.838565,2.5652789288103386,-2.112205383077521,5.592823028564453
1747533090.8577445,2.5438047073413412,-2.1729765810583497,4.950046539306641
1747533090.8790712,2.5306850164383983,-2.2223415433800624,6.015777587890625
1747533090.8991551,2.5182721282620713,-2.2660073142790225,5.691766738891602
1747533090.9192135,2.4849743548126946,-2.3082488045584277,5.800485610961914
1747533090.9438388,2.4628478301642103,-2.3448252991250658,10.31637191772461
1747533091.0986934,2.440751109186927,-2.741746425038252,5.971193313598633
1747533091.1138203,2.44868561233633,-2.804969864399782,5.348682403564453
1747533091.1312478,2.456177249894153,-2.8596408554840997,5.126953125
1747533091.145943,2.4628100765368877,-2.90937355489188,5.5999755859375
1747533091.160839,2.4670374003867406,-2.94281396579678,5.002260208129883
1747533091.1764627,2.4843561288265765,-3.0124354390159973,4.758358001708984
1747533091.1995926,2.498976020702341,-3.0844982232296005,5.895376205444336
1747533091.2224917,2.50852661649183,-3.131681284231401,7.39598274230957
1747533091.2385352,2.526757808788615,-3.205952675683946,4.976749420166016
1747533091.2579393,2.547408820371504,-3.2680452419765165,5.05828857421875
1747533091.2787187,2.5715010988050695,-3.3191375456119876,5.436182022094727
1747533091.297832,2.611346493557416,-3.38042245789828,4.952192306518555
1747533091.318972,2.6446686801720145,-3.4400550136958983,5.008935928344727
1747533091.3377268,2.677448008457996,-3.49124695916131,4.893302917480469
1747533091.3587592,2.7132186695575524,-3.5478865824268357,5.482912063598633
1747533091.377558,2.744327993201807,-3.596276402256222,4.812002182006836
1747533091.3986077,2.768361691200703,-3.6359829872210945,5.4607391357421875
1747533091.4191995,2.785590557025457,-3.6676054399376397,5.150794982910156
1747533091.442472,2.83468504806074,-3.7447513756765427,7.755041122436523
1747533091.4585261,2.876770190523164,-3.79803061753463,5.011558532714844
1747533091.4780343,2.9110066602873226,-3.8379667903449097,4.8828125
1747533091.4978611,2.936439105359195,-3.8642153972640285,4.8236846923828125
1747533091.5259442,2.9749598677857705,-3.9182787664481435,7.8563690185546875
1747533091.5430741,3.028322305048006,-3.9647536919276165,5.698204040527344
1747533091.5622163,3.0798354882176673,-4.005305091325835,7.091760635375977
1747533091.57777,3.105281136320427,-4.029555882984412,5.063533782958984
1747533091.598258,3.1483754260351,-4.078749825387956,5.00035285949707
1747533091.6197844,3.176127843370365,-4.1068119239910486,6.486415863037109
1747533091.6380908,3.1972105341583195,-4.1266487249009325,5.056142807006836
1747533091.6581068,3.28990865495861,-4.178269660705483,5.08570671081543
1747533091.6774244,3.339083093816239,-4.2148991354997944,4.608154296875
1747533091.699091,3.3640366544824816,-4.240067496679876,5.665063858032227
1747533091.7241488,3.4295000810198326,-4.295394739251629,6.379842758178711
1747533091.738768,3.4671410985605333,-4.332785822145137,4.553079605102539
1747533091.7573059,3.4892461489666746,-4.360112288373298,4.551410675048828
1747533091.7772646,3.507233544810982,-4.379868995258532,4.469633102416992
1747533091.7973354,3.5828766826922496,-4.416905843685285,4.584312438964844
1747533091.814303,3.6257982282449275,-4.444882546923479,4.453897476196289
1747533091.8374715,3.6583309863089255,-4.481669400236361,4.661083221435547
1747533091.8541846,3.6890732724709183,-4.53251075615994,4.698753356933594
1747533091.8791292,3.722270000989371,-4.585532057220206,5.421638488769531
1747533091.9147382,3.735246837836376,-4.621219183594137,15.841484069824219
1747533091.9427245,3.8146599162035986,-4.690770018038461,5.944252014160156
1747533091.9576948,3.8778603366955693,-4.748578173597739,4.838466644287109
1747533091.9743009,3.903980045036033,-4.788933247443475,6.125688552856445
1747533091.998194,3.9539069296987877,-4.857269502303538,4.938602447509766
1747533092.0141733,3.9736803406302115,-4.8972054159749225,5.10096549987793
1747533092.0331793,3.9883819852718463,-4.942347183263906,4.973411560058594
1747533092.053916,4.023659760003494,-4.991221317378661,5.113840103149414
1747533092.0748808,4.037737560153985,-5.038695870310981,6.785392761230469
1747533092.1072657,4.044906218766812,-5.093856374007746,9.465217590332031
1747533092.125075,4.069069548944705,-5.125955607865478,6.565332412719727
1747533092.1423798,4.0840830405465685,-5.161892431609138,5.281925201416016
1747533092.1568131,4.0882876051427575,-5.1905141259330465,5.083799362182617
1747533092.1780758,4.112168741137864,-5.251152641729625,5.30695915222168
1747533092.1982908,4.1187882304645,-5.304653259924314,5.2623748779296875
1747533092.2183077,4.118695357567357,-5.352525605036104,5.247831344604492
1747533092.238464,4.114111835952936,-5.3892929743446185,5.517721176147461
1747533092.258459,4.113691961829635,-5.416756526625483,5.515813827514648
1747533092.278286,4.120826948904284,-5.45785104469805,5.612611770629883
1747533092.2998838,4.116925392861817,-5.495646701863927,6.597995758056641
1747533092.321189,4.1042287341845345,-5.527514719028274,7.421255111694336
1747533092.3426464,4.098660939589041,-5.568838199168412,5.900382995605469
1747533092.362508,4.094210531432857,-5.600250091113634,9.112834930419922
1747533092.380561,4.088842476458714,-5.626975004341239,6.7157745361328125
1747533092.3988638,4.076938177004776,-5.650174850582002,5.633354187011719
1747533092.4186652,4.067837851904251,-5.693359256750008,5.443334579467773
1747533092.4383526,4.056063851579781,-5.731097412892416,5.544424057006836
1747533092.4585168,4.0440669041328885,-5.760285563067733,5.4035186767578125
1747533092.4869494,4.04086570084166,-5.7889292139185535,6.370306015014648
1747533092.5022233,4.031031564618306,-5.816211524013601,5.397319793701172
1747533092.5182676,4.020655485387032,-5.835987798045855,5.150079727172852
1747533092.5375705,4.005475824359901,-5.862688374965126,5.2776336669921875
1747533092.5585084,3.984407171362308,-5.893249797470295,5.260229110717773
1747533092.5786388,3.96919897596064,-5.914591383161239,5.453824996948242
1747533092.6026635,3.954561019763023,-5.933387005771526,5.446434020996094
1747533092.6186547,3.9160180520211285,-5.973860885477106,5.260705947875977
1747533092.6349885,3.879324528445489,-6.00845187798169,5.109071731567383
1747533092.658377,3.84256983244864,-6.044533073717122,5.356550216674805
1747533092.6798856,3.80869809308735,-6.0717332519160445,6.450653076171875
1747533092.7021291,3.7800139786531886,-6.09453443611381,6.378889083862305
1747533092.7234533,3.750491556863843,-6.110843820390976,7.740974426269531
1747533092.7475252,3.7372993535015597,-6.12088753223404,8.617639541625977
1747533092.7637868,3.7237125186140405,-6.132587284722478,6.761074066162109
1747533092.7782393,3.705419559953378,-6.142630484421759,5.132198333740234
1747533092.7998264,3.67016779311843,-6.164816387525113,5.193948745727539
1747533092.819412,3.6297128772868086,-6.184736027954605,5.101680755615234
1747533092.8380027,3.583620044428362,-6.203488562420901,5.215167999267578
1747533092.8653212,3.5396090620063645,-6.2189586984880805,12.547492980957031
1747533092.883243,3.5151400443477034,-6.236151064444899,5.929231643676758
1747533092.8987076,3.4822944685065647,-6.251246474044327,5.157947540283203
1747533092.9179802,3.4491865112725737,-6.265163586930617,5.11932373046875
1747533092.9421484,3.4245929212325312,-6.260991572263407,7.310628890991211
1747533092.9590936,3.3913479951091587,-6.263895858748962,5.849361419677734
1747533092.9791112,3.3711096685530166,-6.265710916663041,5.095958709716797
1747533092.9989018,3.313996403788653,-6.2648874610172145,5.389690399169922
1747533093.0188816,3.253647062616245,-6.272191795342626,5.4988861083984375
1747533093.038278,3.2050717948845753,-6.279159058240937,5.1441192626953125
1747533093.0582705,3.167678330080807,-6.287792042113946,5.410194396972656
1747533093.077743,3.1139290916730467,-6.295906188611954,4.999876022338867
1747533093.0980225,3.037712695603441,-6.310723361301793,5.250692367553711
1747533093.1276631,2.8967793053505946,-6.340271344284657,8.931398391723633
1747533093.1540003,2.8232364252650504,-6.349535993688974,5.390167236328125
1747533093.169974,2.792599758098901,-6.347403909430348,5.009889602661133
1747533093.1843464,2.76688521335308,-6.347364719539903,5.135059356689453
1747533093.1990976,2.766457525915699,-6.3368066031949954,4.697084426879883
1747533093.217868,2.7597805144432517,-6.332362176827862,4.948139190673828
1747533093.233368,2.7561210220104275,-6.329157416728119,4.861354827880859
1747533093.2522707,2.7462158963581973,-6.324398379515136,4.740238189697266
1747533093.277645,2.7184497776689796,-6.32681365875209,4.924774169921875
1747533093.2988389,2.691508189670158,-6.338994925353531,6.130218505859375
1747533093.319116,2.669101363108721,-6.354399648312671,5.850791931152344
1747533093.3425827,2.6420988869425517,-6.369755081566442,6.870746612548828
1747533093.3642652,2.571625201938127,-6.376122319972441,8.097410202026367
1747533093.3793828,2.522455125522647,-6.3858838415698855,4.792690277099609
1747533093.397895,2.4816095416941866,-6.397287323525038,4.841804504394531
1747533093.418168,2.450731669081524,-6.410077515706956,4.921436309814453
1747533093.4378233,2.3887426364758073,-6.419992879520932,4.970073699951172
1747533093.4579003,2.347114388046338,-6.426461292358261,5.00035285949707
1747533093.4781952,2.3116334853914884,-6.431284732207824,5.05518913269043
1747533093.4981046,2.257975691885782,-6.446777461975026,4.942893981933594
1747533093.517912,2.195946037464786,-6.461966148049474,4.984617233276367
1747533093.5425184,2.1355116183146787,-6.473343221849413,6.878852844238281
1747533093.567448,2.065088022376162,-6.496696840645993,6.531000137329102
1747533093.5870214,1.9745125974619115,-6.525124633512317,4.791736602783203
1747533093.6011896,1.925815215853285,-6.539608350656003,4.94384765625
1747533093.619023,1.8635856470296728,-6.56516393320835,4.870891571044922
1747533093.6364872,1.8228092193519776,-6.5767423773501115,4.731655120849609
1747533093.6578012,1.7571888451863793,-6.592893842040605,4.924774169921875
1747533093.6778452,1.7038665805123079,-6.603907878431165,5.035161972045898
1747533093.6977534,1.6463884671914903,-6.61263551771694,4.946708679199219
1747533093.7179601,1.5909212272407738,-6.621967477396929,5.011796951293945
1747533093.7393475,1.5357147750499542,-6.629460653384327,4.961252212524414
1747533093.7554612,1.4893442023288783,-6.636203292227597,4.983425140380859
1747533093.7787657,1.4195019245759788,-6.645646804736516,5.574464797973633
1747533093.7980645,1.3687519912604733,-6.654269738259642,5.093812942504883
1747533093.818222,1.2975460907586718,-6.669586414337703,5.083799362182617
1747533093.8380804,1.2536514178374987,-6.674108800775908,5.049467086791992
1747533093.8577416,1.2145270334387765,-6.676673954802476,4.885196685791016
1747533093.8777034,1.1839931469626923,-6.677621842365837,4.947662353515625
1747533093.9024987,1.119121807969103,-6.6770849866990245,8.296728134155273
1747533093.9192636,1.0504744984029626,-6.67394402027503,5.0373077392578125
1747533093.9459705,0.994639030679803,-6.669420620420752,8.461713790893555
1747533093.966195,0.9306217092091963,-6.649110684263117,7.984638214111328
1747533093.9870512,0.8718675337777106,-6.628395713852729,5.039691925048828
1747533094.0058994,0.8162592606242485,-6.613142147068353,7.355451583862305
1747533094.0205855,0.7455832792634779,-6.592217676113623,5.09953498840332
1747533094.0380113,0.6854152537382422,-6.5609180240161145,5.11479377746582
1747533094.0578156,0.6188651741234544,-6.5395996898414825,5.0640106201171875
1747533094.079597,0.5968995757923135,-6.510406801483108,6.182193756103516
1747533094.0978036,0.5715379929682769,-6.483126697451623,5.038261413574219
1747533094.1178463,0.5160432313025114,-6.463867049847719,4.95147705078125
1747533094.143166,0.461947572741193,-6.447829716236991,10.102987289428711
1747533094.1641421,0.454298567548878,-6.3885575839091535,5.279779434204102
1747533094.1799052,0.40552231405673894,-6.352387302976453,5.236148834228516
1747533094.1980693,0.344923081472599,-6.333719068057754,5.222082138061523
1747533094.217964,0.5260245765420523,-6.228182968882135,5.095481872558594
1747533094.238806,0.5243398668699315,-6.183070846301455,5.392551422119141
1747533094.2588186,0.4955537356821686,-6.152000976493093,5.646228790283203
1747533094.2802532,0.4836033301424118,-6.114339485923018,5.410194396972656
1747533094.3026233,0.4539131731592045,-6.079450996116266,7.545709609985352
1747533094.3220708,0.4564692975686898,-6.069698132263675,7.159948348999023
1747533094.3387818,0.42075867746990914,-6.043258839173552,4.820108413696289
1747533094.3583736,0.3780786859263026,-5.99488197977983,5.226850509643555
1747533094.3782132,0.3419991500846272,-5.969378267334692,5.225419998168945
1747533094.3997152,0.32557852769749623,-5.938853535633341,5.8650970458984375
1747533094.419866,0.3110837064011153,-5.922224492594768,6.9026947021484375
1747533094.4383109,0.2536598874969378,-5.8792110762707726,5.118370056152344
1747533094.4603205,0.21308496923067205,-5.842935337569322,6.219625473022461
1747533094.4824696,0.1946975248237991,-5.82672868606894,7.446050643920898
1747533094.5025249,0.17997852920488142,-5.800778667508861,7.778406143188477
1747533094.5227582,0.09375918767194141,-5.75583191938264,7.150411605834961
1747533094.5423024,0.053949454553806536,-5.730423012161101,5.74183464050293
1747533094.5576441,0.026851305411901207,-5.708424616153115,5.516290664672852
1747533094.5795405,-0.032714586990768985,-5.639463376357731,6.63447380065918
1747533094.5991826,-0.07696287123569612,-5.604260825462431,6.222963333129883
1747533094.6195319,-0.13190819240824317,-5.577919390995311,6.459712982177734
1747533094.6407096,-0.20751075121657608,-5.524000484853767,7.358074188232422
1747533094.6587827,-0.25686063013056876,-5.4842729359095275,6.422281265258789
1747533094.679057,-0.31245782715191256,-5.441369793881493,6.286382675170898
1747533094.6992753,-0.3353542424996792,-5.397599020701264,6.2656402587890625
1747533094.7201877,-0.37924622419585946,-5.345367526418936,7.070302963256836
1747533094.740899,-0.4022860499012874,-5.308494755549983,6.608247756958008
1747533094.7702975,-0.44416954825532884,-5.251825388106448,11.523008346557617
1747533094.7919288,-0.5283941202992054,-5.203337358348586,6.479740142822266
1747533094.8094609,-0.5738181414253222,-5.17189659070139,6.740570068359375
1747533094.8264418,-0.6166262532315215,-5.1213226944812575,7.773876190185547
1747533094.8419726,-0.7077801015547581,-5.065521839523315,6.117343902587891
1747533094.8665922,-0.7649873448925308,-5.026257316943059,8.422613143920898
1747533094.8842163,-0.795952742199204,-4.990959121306766,6.790637969970703
1747533094.9039242,-0.8723036783152304,-4.958797293697468,6.882905960083008
1747533094.9238775,-0.9401642696547317,-4.918480759681249,6.713151931762695
1747533094.9479823,-0.970251650894813,-4.885333968976122,5.013704299926758
1747533094.967114,-1.103905802007772,-4.850111007321877,4.918336868286133
1747533094.9834964,-1.1565118533701055,-4.79961841633449,5.588531494140625
1747533095.0018706,-1.1815783504292459,-4.754974002851155,6.075382232666016
1747533095.0179079,-1.2054096024365177,-4.710746280978942,4.866600036621094
1747533095.0411065,-1.2974187306831184,-4.672198049990655,6.523370742797852
1747533095.0561712,-1.3488634444352305,-4.62957493748117,4.67228889465332
1747533095.0780494,-1.3801226415114651,-4.574751309161889,4.921674728393555
1747533095.0978184,-1.4821861593195,-4.533970754555236,4.832744598388672
1747533095.1178403,-1.5192957675762722,-4.4805600629370765,4.930734634399414
1747533095.1377504,-1.5437613953661513,-4.435492257893161,4.909515380859375
1747533095.1538517,-1.5519368080081093,-4.396757909593535,5.410671234130859
1747533095.178803,-1.6457715620265114,-4.330584237648518,5.285978317260742
1747533095.2023451,-1.6829209965470913,-4.269149194930036,7.040739059448242
1747533095.2271407,-1.7620992637726103,-4.209503304706605,6.182432174682617
1747533095.2410352,-1.7971827508776732,-4.1491732965405,5.325794219970703
1747533095.2589645,-1.8089391562003547,-4.090872253350171,5.124807357788086
1747533095.2781954,-1.8172882904964993,-4.033776081150198,5.323648452758789
1747533095.298133,-1.8601448831337966,-3.972432085060358,5.293130874633789
1747533095.3181489,-1.881152425947047,-3.9088488701141255,5.209684371948242
1747533095.3388255,-1.8888095632803812,-3.8311175331706275,5.377054214477539
1747533095.3602693,-1.8973970670713018,-3.761814252906468,6.008386611938477
1747533095.3803315,-1.8995296301247249,-3.691928498865328,6.321191787719727
1747533095.3958092,-1.9137796017138353,-3.6399007643776375,5.179643630981445
1747533095.4187799,-1.9243667746262945,-3.5674810810421547,5.427360534667969
1747533095.4388018,-1.929943826747241,-3.5198934419352867,5.45191764831543
1747533095.455927,-1.9502186697869541,-3.462968994570192,5.36799430847168
1747533095.4783504,-1.9523197547284226,-3.383109947160612,5.393266677856445
1747533095.4983127,-1.947617812818697,-3.32346706291677,5.419492721557617
1747533095.5182612,-1.9174508180812693,-3.231426815890975,5.385637283325195
1747533095.5400279,-1.9083440831449263,-3.173884471173139,6.16765022277832
1747533095.558877,-1.9142929272630025,-3.107180293877884,6.090879440307617
1747533095.5781717,-1.9253200737294867,-3.0454030319642045,5.324840545654297
1747533095.598777,-1.8947162612145911,-2.973358586747563,5.514621734619141
1747533095.6188836,-1.8820357086083908,-2.9095373269928237,5.38325309753418
1747533095.6385574,-1.8813317445147726,-2.8474810529257972,5.792856216430664
1747533095.6585069,-1.8629682432173913,-2.776804784531071,5.846500396728516
1747533095.6781256,-1.862586917287902,-2.712111569525153,5.359888076782227
1747533095.70173,-1.8698486015048086,-2.6528332350408963,6.513833999633789
1747533095.7192507,-1.7894438624015534,-2.588582280045484,5.450725555419922
1747533095.7461782,-1.7607956911546876,-2.515355908506385,6.315946578979492
1747533095.7620575,-1.7543747683740165,-2.4670727598190707,6.807804107666016
1747533095.7782986,-1.751002567338283,-2.393252932508173,5.519866943359375
1747533095.798951,-1.714971714184672,-2.3264864383398636,5.397319793701172
1747533095.822942,-1.699635675955362,-2.2801711507089966,7.610082626342773
1747533095.8424456,-1.6918452454570385,-2.235531908955905,6.277322769165039
1747533095.8668156,-1.6392528291099988,-2.171128227807217,11.996984481811523
1747533095.884481,-1.6172178347396662,-2.1098906722113413,6.932973861694336
1747533095.90275,-1.5968813253192018,-2.0662757503437303,6.181001663208008
1747533095.924445,-1.5523718578567356,-1.9964829898231933,7.623434066772461
1747533095.9469004,-1.5246100771255253,-1.9377249290773428,4.948616027832031
1747533096.0954945,-1.244167379843187,-1.5393063765776676,5.619525909423828
1747533096.1120484,-1.1745454682430496,-1.4415854042006508,5.553483963012695
1747533096.1285691,-1.130521115547806,-1.3721427737230902,5.331277847290039
1747533096.1504,-1.1066881385975393,-1.3222372879676796,13.07988166809082
1747533096.169017,-1.0810669452971162,-1.2684811903063604,6.180047988891602
1747533096.189682,-1.015668337490626,-1.1986065296476995,5.973100662231445
1747533096.2098927,-0.9647851750724107,-1.1227907758716105,6.173610687255859
1747533096.2257829,-0.9252261148479041,-1.0644158344597887,6.742000579833984
1747533096.2421367,-0.8695359901396492,-1.015534473884839,5.973577499389648
1747533096.262698,-0.8126628726426735,-0.9456588948846825,8.456230163574219
1747533096.2861197,-0.7711598406709489,-0.8971265993695369,7.459163665771484
1747533096.3012733,-0.7352837995033491,-0.8543473575620009,6.140947341918945
1747533096.316801,-0.7092642427719782,-0.825536159180555,6.150484085083008
1747533096.338214,-0.6767876976567803,-0.7873834243070934,7.164716720581055
1747533096.3551219,-0.6418622309937551,-0.7445088283546845,6.063699722290039
1747533096.3747652,-0.622987289859478,-0.6995848328044162,6.179571151733398
1747533096.3938365,-0.58839667181521,-0.6581987810969483,5.647420883178711
1747533096.4202304,-0.5119964189934978,-0.5909067560519351,6.363391876220703
1747533096.43859,-0.45989878998817074,-0.5469560973826418,5.496978759765625
1747533096.4600253,-0.4206822274659989,-0.5098951707912159,6.2732696533203125
1747533096.4832354,-0.34547184882629556,-0.44360724432303245,7.993221282958984
1747533096.5030386,-0.3118504175371577,-0.40780087988904695,6.103754043579102
1747533096.5184226,-0.251784702416589,-0.358721179459548,5.2738189697265625
1747533096.5353534,-0.19681726485091106,-0.3159437929849799,5.211353302001953
1747533096.558344,-0.1434747425243405,-0.2740147212888711,5.557060241699219
1747533096.5742924,-0.1131376421805388,-0.25154376314917737,5.41377067565918
1747533096.5986543,-0.04460185556143589,-0.18222922911447267,5.122900009155273
1747533096.618118,-0.0005127270092399483,-0.14122136693263135,5.178689956665039
1747533096.6332932,0.01109443357276475,-0.11804558462573495,5.059242248535156
1747533096.6582046,0.06652016495773216,-0.0738780074270688,5.073785781860352
1747533096.6778595,0.13732212471779467,-0.0031766931513407576,4.945039749145508
1747533096.6979516,0.2171923926598942,0.040245522775755736,4.8828125
1747533096.7174766,0.2920530230234912,0.06986565629944594,4.886388778686523
1747533096.7379694,0.3464852304534739,0.10457732905268734,4.858255386352539
1747533096.7578344,0.3894363187650563,0.12044009394725212,4.960298538208008
1747533096.7780774,0.42885121404304527,0.1287427526805278,5.051374435424805
1747533096.7980533,0.4626088447848952,0.18200198779163593,4.912614822387695
1747533096.819565,0.4774769823920002,0.2056128243489511,4.880428314208984
1747533096.8388178,0.518590437352285,0.2298412135471267,4.962921142578125
1747533096.8581874,0.5329133901563622,0.23718109825963116,5.028963088989258
1747533096.873016,0.5763143447816215,0.24670950858630777,4.7607421875
1747533096.89775,0.6466383391350066,0.2609949989011968,4.889965057373047
1747533096.9176593,0.7226391084209655,0.27154972357721896,4.81414794921875
1747533096.9380589,0.7229942932654857,0.27919187783091437,4.9152374267578125
1747533096.9575696,0.7569993231144924,0.2871965447805241,4.771232604980469
1747533096.977493,0.7883805621137923,0.2944344829304741,4.761457443237305
1747533096.9926026,0.8450096441841347,0.28180462232078823,4.729270935058594
1747533097.0195994,0.9045135292693491,0.27574771246741686,6.913661956787109
1747533097.037891,0.9444426193096737,0.2745477994898179,5.046367645263672
1747533097.057489,0.9859033725792896,0.26826123332460433,4.774332046508789
1747533097.0808148,1.0196579575348712,0.26211265149403995,5.951642990112305
1747533097.099148,1.044995799809369,0.25893721289264243,5.049705505371094
1747533097.1137168,1.0555052567345662,0.25800573376865055,4.790306091308594
1747533097.138058,1.1229516453433115,0.25499903520750905,4.9152374267578125
1747533097.1590142,1.1790324116142208,0.2533000836790387,5.214214324951172
1747533097.1775756,1.2296876693422358,0.25053264517861845,4.736423492431641
1747533097.197873,1.2737947505245057,0.25014789208823124,4.868030548095703
1747533097.2185006,1.3114509919054211,0.2531995290595163,5.221128463745117
1747533097.237499,1.37438099638437,0.253219930639076,4.592657089233398
1747533097.2594655,1.438574662454448,0.2502861481353488,4.591226577758789
1747533097.2782857,1.4800628671117861,0.24824063840718602,4.709482192993164
1747533097.2949584,1.5489491195470972,0.2327899866054878,4.755496978759766
1747533097.3148005,1.6210582668240754,0.22092051523556366,5.554437637329102
1747533097.3392549,1.6844561696503215,0.20451734262717888,5.72514533996582
1747533097.3581338,1.765595537553778,0.17005070043999027,4.761219024658203
1747533097.377686,1.8118492706870186,0.14531964906361716,4.734277725219727
1747533097.3976874,1.8453202159485866,0.1259435653637886,4.667997360229492
1747533097.413896,1.8616900388440187,0.11908995323136855,4.619598388671875
1747533097.433111,1.9189054952551259,0.09133961171235983,4.558324813842773
1747533097.4578416,1.9707147463174652,0.06997552551906673,4.787206649780273
1747533097.4783154,2.0000839365578993,0.05781009343019566,4.906654357910156
1747533097.4980183,2.0390953664212508,0.03088728849192978,5.104303359985352
1747533097.5141494,2.062904601390486,0.016403336755899604,4.698753356933594
1747533097.5375278,2.0967434502041296,-0.005233772186375534,4.734516143798828
1747533097.558152,2.151521937881092,-0.02802085799378,5.030393600463867
1747533097.573531,2.186807925548098,-0.04010803180116463,4.91642951965332
1747533097.6020606,2.2333427455835517,-0.06564905628245145,8.157014846801758
1747533097.620439,2.297864337933082,-0.09884699390446985,5.367755889892578
1747533097.6381536,2.3484977259302453,-0.1334536479301,5.146026611328125
1747533097.6578627,2.3757879964228286,-0.15176680845785184,5.019664764404297
1747533097.6743095,2.4002511308245196,-0.17131423110835922,5.322456359863281
1747533097.698431,2.447705902253065,-0.19775203123292062,5.1021575927734375
1747533097.7199202,2.4703092699785447,-0.21253059053811751,5.042314529418945
1747533097.7388964,2.4773228617758734,-0.2189689614451492,5.028247833251953
1747533097.758235,2.520008448718545,-0.2606353664764971,5.196571350097656
1747533097.7749958,2.5568062413525716,-0.2984415862563387,5.084514617919922
1747533097.79399,2.586964652871399,-0.3318168474160124,5.148887634277344
1747533097.815682,2.6002194142091137,-0.400975997461725,5.020856857299805
1747533097.833996,2.6220443556260613,-0.45279309518321964,5.299568176269531
1747533097.8537319,2.677156866776368,-0.5012379962258023,5.407094955444336
1747533097.8782358,2.6831029679117506,-0.5489885337289087,5.451202392578125
1747533097.898227,2.6728683835913456,-0.585045421129536,5.422115325927734
1747533097.9185867,2.6704831623320024,-0.6185477784541152,5.623102188110352
1747533097.9347868,2.6610209492230945,-0.6351530199066233,5.703210830688477
1747533097.9585328,2.692634177741736,-0.7083121236619551,5.762338638305664
1747533097.978626,2.708973492884915,-0.7640147423638675,5.92803955078125
1747533097.9987195,2.7138503659111155,-0.8048437981985095,5.755901336669922
1747533098.0156152,2.7505477119683577,-0.8471021460300168,5.578041076660156
1747533098.0396764,2.7692136170383828,-0.9032801575066406,5.415439605712891
1747533098.0617,2.7700600811108043,-0.9398583506990857,6.164789199829102
1747533098.079087,2.747824718136214,-0.9948618270513038,5.592823028564453
1747533098.099434,2.738513367161656,-1.0540294406967097,5.640506744384766
1747533098.1200204,2.72632462356017,-1.097037889713883,5.42759895324707
1747533098.1390998,2.7177749452650453,-1.143948701443261,5.35893440246582
1747533098.1580467,2.7129712125632497,-1.1903383131711527,5.205392837524414
1747533098.1783066,2.7124851881080336,-1.2274385509959556,5.220174789428711
1747533098.1979735,2.7109599477216184,-1.2596987647227154,5.016565322875977
1747533098.217995,2.703885038707875,-1.2864111517073442,4.9591064453125
1747533098.2379658,2.697469386085399,-1.3347396723274072,4.957675933837891
1747533098.2589028,2.6873819806335977,-1.3766500235354249,4.713773727416992
1747533098.2780898,2.684106044241477,-1.4137277749054853,4.883766174316406
1747533098.29789,2.6731487998281644,-1.4490655648940136,4.735231399536133
1747533098.3128152,2.6542118651998234,-1.4832583051001347,4.695892333984375
1747533098.3376725,2.6494293813140595,-1.5363451888579827,4.924297332763672
1747533098.3574755,2.645481124054613,-1.563737872844947,4.707574844360352
1747533098.3779073,2.6263382202475203,-1.6231793250250455,4.873037338256836
1747533098.3977978,2.6291617401692338,-1.6612454138537445,4.836320877075195
1747533098.4174733,2.634483516143045,-1.6978729460097204,4.725933074951172
1747533098.43754,2.635862448182313,-1.759161045928475,4.714727401733398
1747533098.457963,2.637331030312422,-1.811239067882828,4.952192306518555
1747533098.4776943,2.6399455081520538,-1.8474994137997411,4.807233810424805
1747533098.5010066,2.6011363901047684,-1.906578243037467,6.319284439086914
1747533098.5195274,2.5780821391647746,-1.9572564567111999,4.835367202758789
1747533098.5429544,2.5703330124604182,-1.9884573497484823,7.202863693237305
1747533098.5604239,2.56268287843502,-2.028931310446565,5.22923469543457
1747533098.5784655,2.53608646396051,-2.09780706204183,4.91786003112793
1747533098.598349,2.524891508695696,-2.1465629724774664,4.874467849731445
1747533098.6183214,2.5188601416779086,-2.190421946976679,5.203962326049805
1747533098.6382961,2.4826874240025227,-2.2557847399142177,5.196571350097656
1747533098.658458,2.4650909644468544,-2.3165299346818573,4.923343658447266
1747533098.6799097,2.456659682720947,-2.367307684077232,4.913330078125
1747533098.6986325,2.4412787358002883,-2.408696360220938,5.520820617675781
1747533098.7183018,2.434849026792026,-2.4575008814602497,5.0678253173828125
1747533098.7385967,2.42781692071994,-2.4928666670502073,5.122184753417969
1747533098.758935,2.423575434067024,-2.529370309896637,4.948139190673828
1747533098.7784362,2.4211815606859104,-2.58734010666087,5.643606185913086
1747533098.798913,2.420528612775123,-2.6415789169378807,4.767179489135742
1747533098.8204775,2.4235042241787763,-2.682862488518101,5.585432052612305
1747533098.8382492,2.448217689514468,-2.754609153143634,4.780769348144531
1747533098.8578255,2.4615526082199812,-2.807601376452089,4.998922348022461
1747533098.8780882,2.4680178508715804,-2.8495070729611554,5.070209503173828
1747533098.8979921,2.4876976547001446,-2.925196180305904,4.998922348022461
1747533098.9178526,2.49695426864934,-3.0025020699809657,4.790782928466797
1747533098.9377036,2.5023883144470402,-3.0597294625218163,4.806756973266602
1747533098.957672,2.5495648470572743,-3.1332617604700093,4.908323287963867
1747533098.9744165,2.5741949188215743,-3.184215975869217,5.015134811401367
1747533098.998213,2.599619546004872,-3.253414027783758,5.076885223388672
1747533099.0158157,2.612086015942432,-3.2882626121871965,5.484342575073242
1747533099.0410137,2.6498978797479062,-3.3710566245875673,5.349636077880859
1747533099.0616472,2.6851756861324314,-3.4341877271848755,5.318880081176758
1747533099.0783267,2.7024761447634056,-3.4708847891057535,4.942178726196289
1747533099.094453,2.7449252812998854,-3.5360206898208375,5.051612854003906
1747533099.1186483,2.7761320239098923,-3.596889077454439,4.903078079223633
1747533099.1389368,2.8176396582017653,-3.648603956310706,5.134105682373047
1747533099.1585808,2.8902684449811313,-3.7276941743722993,5.35273551940918
1747533099.177934,2.927913844999926,-3.7844956497515807,4.8389434814453125
1747533099.1990044,2.95205512530863,-3.8263889066834085,5.872488021850586
1747533099.2181873,2.9687666463053093,-3.853625453134869,4.779577255249023
1747533099.2382305,3.0345259216814147,-3.9110865856248673,4.88734245300293
1747533099.2566895,3.083833289503691,-3.9446276555167663,4.730463027954102
1747533099.2781403,3.122057347252024,-3.9795763251173684,5.240917205810547
1747533099.2977285,3.184141325660627,-4.041914055154732,4.829645156860352
1747533099.3175225,3.236072994686875,-4.0869366141986845,4.829883575439453
1747533099.3380427,3.2696662493241915,-4.117034275317354,4.900455474853516
1747533099.357546,3.3296219081078,-4.181295188316452,4.746437072753906
1747533099.3773282,3.3737244224580314,-4.223881525530248,4.574775695800781
1747533099.3979383,3.4047887363550444,-4.25495124175043,4.967689514160156
1747533099.4174397,3.4915754742144753,-4.305420638224956,4.569053649902344
1747533099.4389343,3.539577365840885,-4.341468137286631,5.74946403503418
1747533099.4695368,3.561666965171474,-4.3717215027928,5.412578582763672
1747533099.4927158,3.572775036372825,-4.38965141729042,4.708528518676758
1747533099.5109353,3.586117716895172,-4.405733824840729,4.990577697753906
1747533099.529087,3.657153161603689,-4.463874981767618,6.292104721069336
1747533099.543231,3.6797396292019076,-4.493798081454643,5.285978317260742
1747533099.5591745,3.7086138666927386,-4.538665639041973,5.663633346557617
1747533099.579482,3.7553264057202305,-4.578430677938514,4.8580169677734375
1747533099.6051767,3.79831933581215,-4.62943562398977,7.713794708251953
1747533099.6303837,3.819760468998029,-4.65929386619604,9.51385498046875
1747533099.6543021,3.8652321967306484,-4.7494857629869145,5.065679550170898
1747533099.6795344,3.877853105441889,-4.8018627548873045,5.044460296630859
1747533099.6991196,3.885114207749906,-4.842083630888607,5.767822265625
1747533099.7182922,3.8879779179803524,-4.895695314230399,5.150079727172852
1747533099.7406883,3.8933702102283503,-4.938882538439207,6.464242935180664
1747533099.758114,3.8937812474831253,-4.979570079259777,5.038738250732422
1747533099.7782578,3.914341264297671,-5.035942603979664,5.013227462768555
1747533099.7983851,3.917097242462431,-5.090000943078519,5.22160530090332
1747533099.8183498,3.9205075545319885,-5.138268724310934,5.280494689941406
1747533099.833819,3.920292651634138,-5.17033786527106,5.343437194824219
1747533099.8583655,3.917638483530981,-5.232611894583174,5.340576171875
1747533099.8766832,3.8987884779655633,-5.273449319528003,5.153179168701172
1747533099.8996997,3.8863431992981297,-5.321897359404004,5.317449569702148
1747533099.9192348,3.9003558434611176,-5.369533074312425,5.3691864013671875
1747533099.9397879,3.9009193609578476,-5.4137701941921845,6.490230560302734
1747533099.9597569,3.890563662698815,-5.453584067121046,5.719661712646484
1747533099.978766,3.8797609236931114,-5.487706811218404,5.980730056762695
1747533099.9989598,3.86648116501527,-5.533657406723139,5.921840667724609
1747533100.0259836,3.852523809388459,-5.57047203766152,12.9852294921875
1747533100.0510972,3.8417379116147026,-5.608606849970066,8.259057998657227
1747533100.072607,3.825996845250497,-5.639388763882546,7.212400436401367
1747533100.1011083,3.806665640600245,-5.66047996671979,6.961822509765625
1747533100.12223,3.7564739095930197,-5.71849947837868,6.191492080688477
1747533100.139547,3.719782873933883,-5.752253798767162,5.497217178344727
1747533100.1591666,3.6884516836619197,-5.7734545816381155,5.417108535766602
1747533100.1785395,3.67099025091359,-5.785996607086609,5.538463592529297
1747533100.198574,3.6549407720821137,-5.80116479905675,5.660295486450195
1747533100.2180078,3.6229076054871263,-5.82069910559326,5.141496658325195
1747533100.238109,3.5992367176539304,-5.837677892248159,5.111455917358398
1747533100.2579591,3.578904313078367,-5.850888788518683,5.156517028808594
1747533100.2774217,3.5523070010651367,-5.867711416579008,4.8847198486328125
1747533100.2934217,3.541606494719086,-5.875379501564353,4.901647567749023
1747533100.317888,3.509695478535836,-5.899315532865031,5.014657974243164
1747533100.3375227,3.474494447929252,-5.927019738069341,4.946708679199219
1747533100.3588264,3.451261112509446,-5.946391507694538,4.99272346496582
1747533100.378171,3.426888391988845,-5.9662031475856745,4.880666732788086
1747533100.3982131,3.3687795057138747,-5.987613338022523,4.976987838745117
1747533100.4180863,3.3330392062761858,-6.003697586575576,4.925251007080078
1747533100.437786,3.2926468483092073,-6.018886836456967,5.016088485717773
1747533100.4582176,3.257897172342585,-6.033336331147669,5.442380905151367
1747533100.4792237,3.209344821497576,-6.060217882544048,5.520105361938477
1747533100.501899,3.156189550700361,-6.07858030890993,6.947755813598633
1747533100.519412,3.0976071980245057,-6.101763397651452,4.872798919677734
1747533100.537451,3.0248775616055243,-6.137439301711114,4.962921142578125
1747533100.568937,2.9702634172259885,-6.1646325844125425,6.750583648681641
1747533100.588286,2.9288146352111175,-6.179715981978966,4.8828125
1747533100.6089542,2.8910589370363757,-6.198878199051993,6.854772567749023
1747533100.6262789,2.8427742917069914,-6.215128311149333,5.431413650512695
1747533100.6406412,2.7615284027992173,-6.230393523571092,4.900455474853516
1747533100.6588924,2.7090675032872333,-6.240001778393448,5.542755126953125
1747533100.6774569,2.684845408094881,-6.264157495628106,4.69970703125
1747533100.6987667,2.6537238853028384,-6.287503459600508,4.891157150268555
1747533100.7177272,2.620567450063513,-6.30197724914963,4.844427108764648
1747533100.7376919,2.6036293089550693,-6.327144330432602,4.8427581787109375
1747533100.7575035,2.5872449838634894,-6.34692988810768,4.718780517578125
1747533100.7776237,2.562300231004566,-6.363115576111474,4.880428314208984
1747533100.7976346,2.5268137788946348,-6.3920504823358595,4.893779754638672
1747533100.8178818,2.470503633967529,-6.417424774437872,4.957675933837891
1747533100.8376637,2.428275741103691,-6.43197024090703,4.9114227294921875
1747533100.8585382,2.391254373493382,-6.4587589269390255,5.572080612182617
1747533100.874925,2.3558688471234634,-6.473450939111569,4.920721054077148
1747533100.898203,2.296887723993446,-6.491505821635363,5.193233489990234
1747533100.91821,2.251889922823697,-6.50031949099792,5.424261093139648
1747533100.9376566,2.2013738554890754,-6.522213325778778,4.942417144775391
1747533101.093231,1.8414602057141487,-6.623497968536997,5.077838897705078
1747533101.1067514,1.7552539804308362,-6.627755553248722,5.068063735961914
1747533101.1212306,1.6779846025312972,-6.638073782985225,5.249500274658203
1747533101.1377387,1.6168484096219509,-6.639720565084044,4.943609237670898
1747533101.152715,1.5566906893473822,-6.641401747570597,4.894495010375977
1747533101.178573,1.4517189255244778,-6.647446736807943,5.671024322509766
1747533101.1977935,1.3943059638186872,-6.66835033043567,4.992961883544922
1747533101.2189682,1.3342271350429664,-6.676848987889997,5.7830810546875
1747533101.2385218,1.2703884804797978,-6.683938096422012,5.593061447143555
1747533101.2553108,1.2308098001432788,-6.676262479850932,5.036354064941406
1747533101.2790513,1.1529462624818203,-6.66905859352531,6.106853485107422
1747533101.298584,1.0864159285509456,-6.6666156531701,5.411386489868164
1747533101.318308,1.0262908877094945,-6.6649377856144705,5.154132843017578
1747533101.337977,0.9612983691620959,-6.6661939385943105,5.002498626708984
1747533101.358464,0.891124646102038,-6.646978416302587,5.648612976074219
1747533101.37801,0.8326186885902388,-6.62921980512139,5.041837692260742
1747533101.3989007,0.7759453894443475,-6.6195212240299455,5.640506744384766
1747533101.423223,0.732421948041412,-6.592223485444597,5.765676498413086
1747533101.4427214,0.6835762456937948,-6.568222118125314,6.079673767089844
1747533101.4634082,0.6287178241003447,-6.551789593434058,6.079435348510742
1747533101.4790363,0.5654575583573193,-6.490320415418973,5.12242317199707
1747533101.495278,0.5272682843114043,-6.466279103948695,5.164384841918945
1747533101.5185494,0.48186353810707605,-6.453265453934931,5.471229553222656
1747533101.5382884,0.458133251073593,-6.445650305468279,5.3081512451171875
1747533101.5579355,0.4156314571989083,-6.4195324108653,5.339860916137695
1747533101.5786111,0.3731744013275596,-6.399870959324368,5.49626350402832
1747533101.5980897,0.3241520881233697,-6.38554554030194,5.321741104125977
1747533101.6184325,0.2752458938651855,-6.327497332121288,5.462646484375
1747533101.6388648,0.23533223880935775,-6.287779108189337,5.154132843017578
1747533101.6545591,0.2076943981622462,-6.270142335275335,5.297660827636719
1747533101.6780374,0.14478553412244807,-6.201307368043067,5.192041397094727
1747533101.6983225,0.10258831662781226,-6.154754905823102,5.293846130371094
1747533101.7181673,0.06560502699916737,-6.125535329883166,5.385160446166992
1747533101.7385886,0.01106706149207773,-6.100362454917943,5.684137344360352
1747533101.7582574,-0.015041653972153497,-6.048091159238902,5.501508712768555
1747533101.7835808,-0.054392922759243546,-5.999717396209741,8.23974609375
1747533101.803676,-0.09184505218973114,-5.9700789777478445,7.286310195922852
1747533101.833172,-0.11728881640635323,-5.911780194348304,9.21010971069336
1747533101.8493726,-0.14789451026186934,-5.868526397943199,5.670070648193359
1747533101.86682,-0.19051868734523322,-5.83199350159419,7.236719131469727
1747533101.8835566,-0.17282059048086681,-5.7742612566434195,7.33637809753418
1747533101.9017353,-0.18000597382917427,-5.723321582829468,7.755517959594727
1747533101.920546,-0.20095159942783294,-5.675646158996265,7.310152053833008
1747533101.942483,-0.19450876338559,-5.624584807246247,7.276058197021484
1747533101.9646757,-0.2171296722963356,-5.573987385830553,10.057449340820312
1747533101.9829578,-0.2570205997875364,-5.509275737602866,6.516218185424805
1747533102.0068944,-0.29902628911139506,-5.442133436848793,9.989023208618164
1747533102.0422885,-0.2505663550002368,-5.41953375875735,6.659507751464844
1747533102.059456,-0.233101698400589,-5.384635034900137,6.090641021728516
1747533102.0797338,-0.24373637566740894,-5.337496676822277,6.003141403198242
1747533102.1014712,-0.25958752430305937,-5.284523096558556,6.8607330322265625
1747533102.120163,-0.2640223072770971,-5.241913235389195,6.22105598449707
1747533102.1389875,-0.31800482179175926,-5.174478772468497,6.033897399902344
1747533102.1588395,-0.3429372664404316,-5.132957745781996,6.174325942993164
1747533102.1787794,-0.3757085833215565,-5.074244117664446,5.959749221801758
1747533102.198969,-0.4003052087796613,-5.032540377976351,6.154537200927734
1747533102.2189186,-0.4634437857895572,-4.981862664720222,6.066799163818359
1747533102.2389088,-0.5065500171430796,-4.93593322404873,5.833864212036133
1747533102.2613223,-0.5276594001454102,-4.8956137303293525,6.515741348266602
1747533102.2787497,-0.6003899016040422,-4.861762790343664,5.65028190612793
1747533102.301264,-0.6546534334010673,-4.831367348462615,7.967710494995117
1747533102.3183987,-0.688433994232454,-4.796117911815966,5.500555038452148
1747533102.3383398,-0.7775220573447434,-4.748012449143565,5.417108535766602
1747533102.3577156,-0.8225585601596332,-4.706276189511824,4.9724578857421875
1747533102.3827586,-0.8420399385382117,-4.6785497314593325,7.891178131103516
1747533102.4026246,-0.9485729751996306,-4.632101536527787,7.437229156494141
1747533102.4190853,-1.0050978262442838,-4.5923718187298155,4.911661148071289
1747533102.442737,-1.0360077701584425,-4.554511408725818,7.650852203369141
1747533102.459155,-1.0528597535780617,-4.518531115862212,4.897594451904297
1747533102.478818,-1.06936848961067,-4.482991795172046,5.676746368408203
1747533102.49923,-1.1689136464916874,-4.445576799754634,5.514621734619141
1747533102.5185645,-1.21431364704853,-4.411678167668066,5.043983459472656
1747533102.5374644,-1.233252587520508,-4.383780097777774,4.6939849853515625
1747533102.55786,-1.2505840688290946,-4.345187608923399,4.839658737182617
1747533102.577705,-1.342526924095518,-4.3056652186563875,4.693508148193359
1747533102.5977824,-1.3869863006291472,-4.264234254379141,4.854917526245117
1747533102.6174154,-1.4034029876902878,-4.2319944286285445,4.764795303344727
1747533102.637934,-1.5193016595744764,-4.160074929550735,4.95600700378418
1747533102.6575475,-1.5517616602051312,-4.111555110293851,4.728794097900391
1747533102.6733954,-1.5620470430318565,-4.068637264176838,4.738807678222656
1747533102.6976733,-1.6508696669462077,-3.9941042861867917,4.843711853027344
1747533102.7189996,-1.6814408656835027,-3.928900551908836,6.093740463256836
1747533102.7392266,-1.6971465357365014,-3.8530588608048784,5.2089691162109375
1747533102.7608097,-1.7577131677965603,-3.7929419060215745,6.190776824951172
1747533102.7803037,-1.7792546279018902,-3.7461428340388556,5.852699279785156
1747533102.7979486,-1.793619947069967,-3.667751634098554,5.060672760009766
1747533102.8183267,-1.7996990807644548,-3.608331442873297,5.486965179443359
1747533102.83964,-1.8238404022972308,-3.5306585809128967,4.962682723999023
1747533102.8592308,-1.8277370770042483,-3.4671829263592566,5.051612854003906
1747533102.8793163,-1.8339981809262411,-3.4005357199672193,5.6171417236328125
1747533102.9008043,-1.855147830265477,-3.31719833356946,6.312131881713867
1747533102.9191403,-1.8666768598543964,-3.2462936786741023,5.198478698730469
1747533102.9390938,-1.8823137932799703,-3.18327270576329,5.573034286499023
1747533102.9632022,-1.8777272873228388,-3.1184272630111014,6.114959716796875
1747533102.9813216,-1.8791309919494965,-3.0333933814230143,5.366086959838867
1747533102.9981241,-1.893768942682366,-2.953830717492211,5.383729934692383
1747533103.01882,-1.9059605053193005,-2.8825381924966704,5.91278076171875
1747533103.042777,-1.8734140209510681,-2.785943889918495,5.735874176025391
1747533103.0584705,-1.8510176352225758,-2.708279324998207,5.375146865844727
1747533103.078157,-1.8606468115472028,-2.656049993081417,5.337953567504883
1747533103.0980792,-1.8444826058879893,-2.5925215208228574,5.240201950073242
1747533103.1148002,-1.8373790763243392,-2.5478216274550682,5.333900451660156
1747533103.1384463,-1.8358666700143393,-2.484243273225575,5.362033843994141
1747533103.1580827,-1.7993796428606326,-2.380860385064727,5.234241485595703
1747533103.1778977,-1.78610506372398,-2.3109298255205113,5.069732666015625
1747533103.1978428,-1.7904087204722081,-2.2478427701417227,5.106687545776367
1747533103.2224476,-1.8074224287418246,-2.1583770179538257,6.985902786254883
1747533103.2425735,-1.8100765552337788,-2.1144874195412875,6.777524948120117
1747533103.2585711,-1.7518654966684406,-2.053453164529029,5.493640899658203
1747533103.2786236,-1.7238683840104494,-1.9954087543215344,5.699872970581055
1747533103.297813,-1.7104312576043375,-1.9418985882537703,4.986286163330078
1747533103.3186731,-1.6453145659591077,-1.8830803217005683,5.64265251159668
1747533103.3385618,-1.6046242556819652,-1.8329551513810511,5.527496337890625
1747533103.3586283,-1.5784384998618328,-1.782008014794626,5.609989166259766
1747533103.3792386,-1.509386271220031,-1.7431527776524545,5.340337753295898
1747533103.399278,-1.4741620568585718,-1.7147113470590765,6.0214996337890625
1747533103.41942,-1.4591994244925481,-1.7050441825775995,5.025148391723633
1747533103.4426503,-1.4483368605092686,-1.6806108739778165,7.529258728027344
1747533103.459066,-1.3754420977590613,-1.6034123053479266,5.629539489746094
1747533103.4793732,-1.3390151707461544,-1.549559156469046,6.038904190063477
1747533103.4980705,-1.3219491447328235,-1.499287912991506,5.196809768676758
1747533103.5186741,-1.2599681655219277,-1.4351535749112962,5.661725997924805
1747533103.5384965,-1.2245491890283569,-1.3775334179361456,5.660295486450195
1747533103.558644,-1.203452051198803,-1.3292995115042705,5.695819854736328
1747533103.578798,-1.1306564089973528,-1.2645620922452743,5.859136581420898
1747533103.5986898,-1.0825475612512214,-1.2008069177441458,5.884647369384766
1747533103.6136708,-1.0578105657231718,-1.1553513771150674,5.566835403442383
1747533103.6394303,-1.0199536674461926,-1.0901708749088295,5.657672882080078
1747533103.6587803,-0.9485927448620091,-1.029731023089135,5.878448486328125
1747533103.6787362,-0.8916484011451756,-0.970464539801323,5.998849868774414
1747533103.6993136,-0.8552494833765014,-0.9242871801609498,6.469011306762695
1747533103.7265816,-0.775146472270941,-0.8682114667584399,7.709503173828125
1747533103.7472544,-0.7174599717800012,-0.8155941212536711,8.370161056518555
1747533103.7624326,-0.6788711761467341,-0.7757366929074034,6.356954574584961
1747533103.7793882,-0.6219909042410596,-0.7071599446547808,6.29425048828125
1747533103.7984545,-0.5771642276321,-0.6459013857353169,5.867719650268555
1747533103.813999,-0.5486466952756175,-0.6045624156906227,5.560874938964844
1747533103.838906,-0.4696784961101537,-0.5275414089295094,5.80596923828125
1747533103.858487,-0.40695757825551704,-0.4714994334892591,5.532026290893555
1747533103.8762465,-0.36560171144522036,-0.4365320196162365,6.398200988769531
1747533103.8970127,-0.32553642477543643,-0.40100536546592036,6.335735321044922
1747533103.920572,-0.2552395190695801,-0.34563161947804927,6.514549255371094
1747533103.940959,-0.19680524962949683,-0.30982812632751977,6.082057952880859
1747533103.9580708,-0.14602099714248845,-0.27880111524241113,5.3462982177734375
1747533103.9782863,-0.10764731881488683,-0.22070151098192692,5.313634872436523
1747533103.998049,-0.05306779552796014,-0.17459680818707418,5.245208740234375
1747533104.0185635,0.002457244285915652,-0.1428237382074421,5.670785903930664
1747533104.0406175,0.07262378573693555,-0.08243137046225861,5.039691925048828
1747533104.0579093,0.15991550904434024,-0.026151657577255533,5.049228668212891
1747533104.0779748,0.2133062073275073,0.008024584503465574,4.940271377563477
1747533104.0931525,0.255419458554092,0.022312973678657144,5.04755973815918
1747533104.117538,0.2863373226907005,0.07198519401039413,4.851579666137695
1747533104.139502,0.32765435125916914,0.10046962978608978,5.487918853759766
1747533104.1553404,0.3556459471637628,0.11887714405921143,4.894495010375977
1747533104.1780868,0.4189604754079084,0.15843919048545085,4.938840866088867
1747533104.1983294,0.468553492608103,0.17760644791080257,4.922628402709961
1747533104.2181144,0.5322819723761996,0.19494740643652492,5.1116943359375
1747533104.2383487,0.6473155160882145,0.2282655660664239,4.930019378662109
1747533104.2573144,0.7871263649271019,0.2601653087945806,4.759550094604492
1747533104.2778835,0.895824150330547,0.2945342010960827,4.916906356811523
1747533104.2988946,0.9789155772524823,0.32629960613625586,4.899740219116211
1747533104.318059,1.0500736566654676,0.3470820963545431,4.940986633300781
1747533104.3414795,1.1034931153389334,0.37453376497018065,5.5999755859375
1747533104.3570313,1.1073881592732202,0.3840809868560086,4.805088043212891
1747533104.3779023,1.1603272938319547,0.3907583988334055,4.934072494506836
1747533104.3978121,1.2420056077453376,0.38089107772197717,5.000829696655273
1747533104.4197118,1.3324352140102762,0.3733300326483944,5.642890930175781
1747533104.442593,1.4101240964668587,0.3685667236970142,5.550384521484375
1747533104.4595335,1.46326806189428,0.34201719033901856,4.692792892456055
1747533104.4762418,1.4906378612281728,0.3227008390653457,4.57000732421875
1747533104.4929135,1.521348882533989,0.3030082154419193,4.689931869506836
1747533104.5174594,1.5679064321736196,0.2838154728996378,4.759550094604492
1747533104.5376902,1.5832928126306933,0.27120277321645186,4.95600700378418
1747533104.5576787,1.635377910833774,0.2578663180408042,4.727363586425781
1747533104.5773857,1.6849338616758935,0.2425340185123986,4.580974578857422
1747533104.5975027,1.6802282167239018,0.22547817765034275,4.691123962402344
1747533104.617703,1.7043345790151905,0.21197404417447627,4.9114227294921875
1747533104.6428404,1.7655900472500918,0.19229265251020358,7.412910461425781
1747533104.6620882,1.7043234036581545,0.1799769213157497,6.300449371337891
1747533104.6773922,1.739165891983959,0.1501474373736253,4.601001739501953
1747533104.6989532,1.7659072930791848,0.13496636202697082,4.654645919799805
1747533104.7183905,1.789223812880352,0.12333596198178827,4.865407943725586
1747533104.7376707,1.7793786389800408,0.09342834241628128,4.838466644287109
1747533104.7577326,1.7901093972525053,0.0736232111280565,4.781961441040039
1747533104.7777252,1.7801995196047904,0.06435084809682318,4.884958267211914
1747533104.798938,1.8221008644941419,0.04206764998631436,4.58979606628418
1747533104.8191917,1.8558475897547952,0.02774791187632708,4.590511322021484
1747533104.8378334,1.8865295593609288,0.021809314544400597,4.8046112060546875
1747533104.8533719,1.9301352644659764,-0.0010962830789459676,4.7245025634765625
1747533104.8778827,1.9720775929169316,-0.02283478630051452,4.912137985229492
1747533104.8982296,1.9941607441307134,-0.03708354592729684,4.66609001159668
1747533104.9178882,2.033902121517299,-0.0710868356613947,4.703760147094727
1747533104.9332836,2.06217056970416,-0.09080197140923614,4.732370376586914
1747533104.9529908,2.091074128493427,-0.11093691505350718,4.728078842163086
1747533104.9783874,2.128883271863893,-0.131304396418652,4.919290542602539
1747533104.9934766,2.1795537710744535,-0.15443574142385894,4.931211471557617
1747533105.0131702,2.227393449495338,-0.17731429582342653,4.986763000488281
1747533105.0357356,2.258748844992746,-0.19434102134939119,5.523681640625
1747533105.0583222,2.3108660051972745,-0.2351387010666396,5.329370498657227
1747533105.0766978,2.345972126268407,-0.2637397537941499,5.149126052856445
1747533105.1000285,2.3930896056178685,-0.2949715496559218,5.875825881958008
1747533105.1200097,2.437164382714144,-0.31917108783991033,5.65028190612793
1747533105.1383219,2.4726447771381386,-0.34179711967649073,5.101919174194336
1747533105.1563275,2.5005257753028296,-0.3561041783950497,5.29932975769043
1747533105.1782734,2.5262169892349373,-0.37690279469440086,5.1364898681640625
1747533105.1935046,2.5808962898000085,-0.4384492520725821,5.201578140258789
1747533105.2188847,2.6261935612969562,-0.48882784324541545,5.53584098815918
1747533105.2417262,2.656420938562109,-0.5228006954656502,6.290674209594727
1747533105.2599685,2.6787187278809963,-0.5462920720534693,5.391359329223633
1747533105.2789958,2.6976698045389345,-0.5888389462964096,5.619525909423828
1747533105.3009248,2.713567595875775,-0.6286327946426302,6.5765380859375
1747533105.322621,2.7291897585660196,-0.663193194377433,6.73365592956543
1747533105.3438056,2.743334371927817,-0.6935047841706865,6.963014602661133
1747533105.3606048,2.731512573202165,-0.7490959418844972,6.201982498168945
1747533105.3786418,2.6801944084795264,-0.7813141954291565,5.875349044799805
1747533105.398579,2.659366408112664,-0.8065139573138607,6.019353866577148
1747533105.4184098,2.704974173213955,-0.8404305566521474,5.52678108215332
1747533105.438261,2.7459405324938677,-0.8717447555732118,5.517005920410156
1747533105.4582958,2.7839080776410863,-0.8972584604340467,5.404233932495117
1747533105.4781916,2.795881479859257,-0.9368208384869898,5.487680435180664
1747533105.5000935,2.793639215373076,-0.9827072990151874,7.158994674682617
1747533105.518626,2.782911200801394,-1.0442069124267144,5.299806594848633
1747533105.5406654,2.784144189409443,-1.089210301911326,6.503105163574219
1747533105.5621054,2.7924660868378215,-1.1443359895559828,6.654262542724609
1747533105.5832705,2.795105947994015,-1.1821292483470744,6.05463981628418
1747533105.6001651,2.791732357913932,-1.2139627219717861,5.076885223388672
1747533105.617972,2.78409729444974,-1.2748476482641609,4.902124404907227
1747533105.6381352,2.779241394861311,-1.324843164032973,5.133867263793945
1747533105.658901,2.7782161674650334,-1.3646409140428355,5.199193954467773
1747533105.6782346,2.790785033073086,-1.4206061375223038,5.372285842895508
1747533105.6983457,2.7927640715933024,-1.4682218604888388,5.211114883422852
1747533105.71788,2.7914134240543342,-1.5086918203222506,4.749536514282227
1747533105.7393374,2.78951683297104,-1.5696690767257966,5.482196807861328
1747533105.7586572,2.7817068173733754,-1.6125113345989464,5.464076995849609
1747533105.7806368,2.7745529523969226,-1.6660120559585834,7.152318954467773
1747533105.7974224,2.7647589655553166,-1.702400132896491,4.624366760253906
1747533105.8172846,2.7343594598244563,-1.7672837759920754,4.610538482666016
1747533105.83881,2.708434657005858,-1.8180610785980715,5.44428825378418
1747533105.857404,2.6806683484002365,-1.8641032323233713,4.690885543823242
1747533105.8783488,2.648940669026303,-1.92203341563985,5.461692810058594
1747533105.897804,2.6288615084860685,-1.9716778887211492,4.837512969970703
1747533105.9131498,2.6184597347760303,-1.9986430999543978,4.75764274597168
1747533105.934202,2.5991405114609116,-2.0579534873562926,5.022764205932617
1747533105.9613845,2.59255487676475,-2.1229814879279196,5.213737487792969
1747533106.0952647,2.495358056063805,-2.4410579369616894,5.263805389404297
1747533106.1133113,2.469882352613237,-2.501160336024889,5.051612854003906
1747533106.1285446,2.463107695491181,-2.5338216030268743,4.718542098999023
1747533106.1487572,2.4530208205347788,-2.5908504691046215,5.104541778564453
1747533106.1721702,2.449026174529802,-2.6381503194140934,5.83338737487793
1747533106.1924922,2.4414892099239265,-2.6736505197320106,5.795955657958984
1747533106.216185,2.436608473132983,-2.7440952511144343,6.226062774658203
1747533106.2368984,2.441254382841258,-2.8083060754042286,5.920648574829102
1747533106.2626133,2.442026503037102,-2.903944958215987,6.531238555908203
1747533106.2785091,2.452355847032554,-2.970564160581278,4.68754768371582
1747533106.2975588,2.455601750183474,-3.029592748908338,4.6234130859375
1747533106.3128083,2.4564038836755304,-3.0687555559343527,4.61268424987793
1747533106.337715,2.4803114086059637,-3.1475538162390095,4.846096038818359
1747533106.358407,2.4949505548771995,-3.208039021620725,5.494832992553711
1747533106.3785222,2.5048212188766428,-3.2585584449521874,5.49626350402832
1747533106.397748,2.549160179031364,-3.3356451468201143,4.870891571044922
1747533106.4179966,2.5829854147465308,-3.403268717724348,5.016565322875977
1747533106.4378428,2.606673684618869,-3.462394821836686,4.922628402709961
1747533106.4580145,2.637402684892829,-3.5282940471865367,4.966259002685547
1747533106.4787714,2.672649341367078,-3.5848946562207593,5.106925964355469
1747533106.4981246,2.701455543713293,-3.626745589738261,4.990339279174805
1747533106.5183117,2.723053820925355,-3.6589378307265887,5.055665969848633
1747533106.5379856,2.7687271361682098,-3.7220656999333057,4.935979843139648
1747533106.5590658,2.801364379928528,-3.7693947197745628,5.987882614135742
1747533106.5778694,2.831277058057058,-3.8079483547442954,4.939079284667969
1747533106.5988328,2.893567503992625,-3.893194218928783,4.828691482543945
1747533106.618009,2.935524643956962,-3.9434312483164504,4.755735397338867
1747533106.6382878,2.9814555832730574,-3.981244398041512,5.019664764404297
1747533106.6582513,3.0191859282621456,-4.009941936296649,5.004405975341797
1747533106.6781514,3.0429892479866747,-4.027215020104873,4.95600700378418
1747533106.6981783,3.0616366838053763,-4.070941842755549,4.984617233276367
1747533106.7189415,3.088027186007341,-4.103015002650015,5.4683685302734375
1747533106.738854,3.1122642931686593,-4.131626076343777,5.660772323608398
1747533106.7597444,3.1821205121286478,-4.1864763139519185,5.04302978515625
1747533106.778458,3.241698009366491,-4.225282603012214,5.403041839599609
1747533106.7979097,3.289808248549417,-4.2620868976722335,4.860877990722656
1747533106.8177748,3.355996751767233,-4.316229120766111,4.784822463989258
1747533106.8375456,3.3932140503343042,-4.3546122059184835,4.634857177734375
1747533106.8574884,3.4126990697324686,-4.377871693583884,4.60052490234375
1747533106.873908,3.4239557949280743,-4.388611822551389,4.7607421875
1747533106.8976583,3.504623101180612,-4.439694280731865,4.666566848754883
1747533106.9176826,3.5427569814282664,-4.474156883274505,4.579305648803711
1747533106.9338272,3.561483845377146,-4.497309156357939,4.671335220336914
1747533106.953156,3.613690817286072,-4.547920609978201,4.639387130737305
1747533106.9784417,3.6650302534717265,-4.598817659486294,5.038261413574219
1747533106.9983869,3.6944386325362375,-4.640569925577971,5.2738189697265625
1747533107.0188224,3.7295419715266087,-4.693508024807553,5.172252655029297
1747533107.0518038,3.7519611022880786,-4.738161289092792,5.385875701904297
1747533107.067292,3.7726563954834447,-4.782333207984203,5.060911178588867
1747533107.0831783,3.823173656665933,-4.856070130205282,5.360126495361328
1747533107.0991945,3.844961739621958,-4.913574164992679,4.707813262939453
1747533107.1149848,3.85231496091508,-4.948195956778827,4.812479019165039
1747533107.1384976,3.8555144794298495,-4.991584443234922,5.153656005859375
1747533107.158489,3.8684384655675457,-5.060547455342397,5.065441131591797
1747533107.1782868,3.8695439522603277,-5.108706010803608,5.228281021118164
1747533107.1983588,3.8647455056973627,-5.150606701412692,5.272150039672852
1747533107.2184474,3.9062265520941817,-5.206486099170055,5.496501922607422
1747533107.2390807,3.9333687146481204,-5.25713396717907,5.389928817749023
1747533107.2602975,3.942667658204802,-5.296048961241186,6.95037841796875
1747533107.2786427,3.9403732127846616,-5.3306822251191,5.490303039550781
1747533107.2991364,3.9312914686318514,-5.360507576654744,5.583286285400391
1747533107.3184104,3.9283999542343504,-5.409743123987487,5.472660064697266
1747533107.338501,3.913064054349522,-5.446831188984441,5.694866180419922
1747533107.3595104,3.902967869780584,-5.483331831869932,5.734920501708984
1747533107.3788495,3.9085565400155953,-5.523813546226027,5.881786346435547
1747533107.398911,3.904059424392611,-5.557705194688499,5.855560302734375
1747533107.418495,3.898010380734643,-5.584418925152744,5.743980407714844
1747533107.4383307,3.8911260673195582,-5.608596920627504,5.63359260559082
1747533107.4582632,3.882388742818493,-5.63859839738405,5.6781768798828125
1747533107.4801288,3.865141899330759,-5.673461459036526,6.736993789672852
1747533107.498986,3.845790748148783,-5.706373192721041,5.877256393432617
1747533107.5189624,3.840693378316199,-5.744467527685149,5.74040412902832
1747533107.538542,3.8332254760937348,-5.768092791326076,6.104946136474609
1747533107.5576763,3.8217922814558025,-5.78969618793738,5.387067794799805
1747533107.5784247,3.8088161865951573,-5.837537054562373,5.481958389282227
1747533107.5985653,3.794664567918386,-5.863733161356623,5.654335021972656
1747533107.616172,3.7847854074934046,-5.8783706744691715,5.23066520690918
1747533107.6459646,3.737825302101816,-5.917195231593237,8.249521255493164
1747533107.661153,3.70027767484627,-5.938890523976331,5.350351333618164
1747533107.6795182,3.6697339218951006,-5.9536308614043705,5.116939544677734
1747533107.6984165,3.636179120343008,-5.972202693082132,5.047798156738281
1747533107.7163851,3.619866657402934,-5.99726511486153,5.011081695556641
1747533107.7375689,3.6013641064498674,-6.015818646992698,4.978179931640625
1747533107.758357,3.5615971128575836,-6.043844078481484,5.106687545776367
1747533107.777565,3.5252825838559323,-6.065199582247632,4.8351287841796875
1747533107.7997658,3.486983912474341,-6.081368832012376,6.478071212768555
1747533107.8194783,3.4556195738250977,-6.095418022229548,4.975795745849609
1747533107.8376899,3.4097034677729057,-6.1140049031327,6.355047225952148
1747533107.8574479,3.3826356092702814,-6.131460580556429,7.487773895263672
1747533107.8778756,3.348924597786474,-6.150497043789029,5.0220489501953125
1747533107.8987021,3.303691610825567,-6.167937926168598,4.894018173217773
1747533107.9176464,3.2562347657121133,-6.18293961558492,4.8542022705078125
1747533107.939401,3.2100210597096623,-6.194800425759591,6.4849853515625
1747533107.964222,3.1562751969833154,-6.21045615796517,8.040666580200195
1747533107.9823794,3.092999552669378,-6.220534117615342,6.11567497253418
1747533107.9991431,3.0326283080776304,-6.234471383516448,4.830837249755859
1747533108.0176773,2.983183035938797,-6.243620294417002,4.918098449707031
1747533108.0376616,2.939223711267243,-6.263940784892494,4.872798919677734
1747533108.0631955,2.899585956401215,-6.279876946808018,6.614923477172852
1747533108.0790222,2.8576672344176686,-6.294479230392484,5.310535430908203
1747533108.105238,2.8008176086139343,-6.303904074127706,6.56580924987793
1747533108.1220021,2.7476947751559715,-6.308598673598754,6.020069122314453
1747533108.1402442,2.6897548175999635,-6.319525718705029,5.8193206787109375
1747533108.1625543,2.675224501493833,-6.310895440382595,5.927801132202148
1747533108.1780946,2.6166438810263393,-6.315539358937547,4.778385162353516
1747533108.1978788,2.533482800132996,-6.320912997443513,4.929065704345703
1747533108.2178483,2.463760153070686,-6.3280260987891,4.880428314208984
1747533108.237357,2.4027558758038694,-6.346069578904845,4.717588424682617
1747533108.257438,2.362701663532462,-6.363097533651083,4.652976989746094
1747533108.2775269,2.3350848568927978,-6.373267779583871,4.660129547119141
1747533108.2989957,2.287045582682616,-6.378414572622427,5.011558532714844
1747533108.3174639,2.2433426646312618,-6.380616926448058,4.643917083740234
1747533108.3374023,2.204094924901143,-6.385131649194826,4.660129547119141
1747533108.3574636,2.178321322869458,-6.389423547326426,6.1092376708984375
1747533108.3776972,2.1290145090148003,-6.396090275094478,4.801511764526367
1747533108.3980033,2.1042578470633053,-6.415441783072243,4.858255386352539
1747533108.41664,2.0866021027860957,-6.432512573273035,5.363225936889648
1747533108.4401004,2.050518843318421,-6.454208325257273,6.715536117553711
1747533108.4628654,2.001029708932222,-6.464027524925462,6.03795051574707
1747533108.479522,1.9428195848482264,-6.463120411803884,4.677295684814453
1747533108.498446,1.8822540000694221,-6.4641644215569825,4.672050476074219
1747533108.5181239,1.8218647625823856,-6.465755084826071,5.389928817749023
1747533108.5344534,1.7864992869639067,-6.480550469924828,4.905462265014648
1747533108.557776,1.7348054457067121,-6.492227025424927,4.773378372192383
1747533108.5778484,1.694955831465734,-6.4977520929188834,4.783153533935547
1747533108.5941489,1.6400713134484421,-6.507724025706161,4.713535308837891
1747533108.6176708,1.563491088327899,-6.519229431158427,4.8351287841796875
1747533108.641144,1.5082512049530714,-6.525294993990075,8.475542068481445
1747533108.6626465,1.477636000399114,-6.535980082471276,7.216930389404297
1747533108.683035,1.5125000688504668,-6.511425559856333,6.605386734008789
1747533108.7005386,1.4902466571037423,-6.4955190161783944,4.685401916503906
1747533108.7174935,1.2386751884850893,-6.55667957597434,4.644155502319336
1747533108.7376492,1.2128183216148987,-6.566769959534737,4.69207763671875
1747533108.7551475,1.1958889170276512,-6.572463878820076,4.621028900146484
1747533108.7774205,1.1509504503027153,-6.574407242815236,4.783153533935547
1747533108.7977316,1.086335754394358,-6.5746456003078695,4.846096038818359
1747533108.8174784,1.0237703247218775,-6.5725158175019205,4.787683486938477
1747533108.837836,0.9565204655146599,-6.572902240799039,4.914522171020508
1747533108.8575342,0.8789077668410412,-6.57166780196859,4.763603210449219
1747533108.8726,0.8341775463828859,-6.57076993442436,4.714250564575195
1747533108.9029126,0.7544242069132587,-6.565357891103127,6.47735595703125
1747533108.9191897,0.6619012067410358,-6.537045604241072,5.0067901611328125
1747533108.9381537,0.5833260489875948,-6.518913094786739,5.032777786254883
1747533108.957401,0.5440389344672948,-6.506898346526752,6.594657897949219
1747533108.9780567,0.4848912234461396,-6.4960904724944495,5.139350891113281
1747533108.9981923,0.44252792479204084,-6.473665476402606,5.205392837524414
1747533109.0180378,0.39057792765045946,-6.450836689433934,5.124092102050781
1747533109.0383954,0.356017216713745,-6.435565762541207,5.258083343505859
1747533109.066187,0.3145939875983423,-6.405142959982362,6.903886795043945
1747533109.0821874,0.2574451080585962,-6.380182560264573,5.414485931396484
1747533109.1005957,0.19131089113027513,-6.363602468058821,7.036447525024414
1747533109.1226935,0.32709471739406587,-6.308046882091649,8.570671081542969
1747533109.1404245,0.31993397689396297,-6.269100252122278,5.173206329345703
1747533109.1627066,0.3126653836273574,-6.2549816070428,6.860017776489258
1747533109.1783574,0.29422175407250506,-6.19314202816138,5.129337310791016
1747533109.1979814,0.27936468897600286,-6.150416281401099,5.080223083496094
1747533109.2178745,0.2647069946557854,-6.10857205216482,5.145072937011719
1747533109.2382505,0.24929231668516372,-6.068684443232563,5.40614128112793
1747533109.253447,0.21374131943878757,-6.035822126632226,5.026340484619141
1747533109.277694,0.17033902388113276,-5.9978887680254775,5.192995071411133
1747533109.298444,0.1340985716168943,-5.9713114795425755,5.432844161987305
1747533109.3183281,0.07802149356668092,-5.929627466347933,5.475044250488281
1747533109.3383684,0.03775845839931695,-5.904575589922037,5.6400299072265625
1747533109.363879,0.0015554708318750307,-5.87768546133409,9.555816650390625
1747533109.3828683,-0.08374911547478466,-5.823779413644474,6.482601165771484
1747533109.4024665,-0.14198117386752526,-5.7817363153205905,6.7806243896484375
1747533109.420076,-0.18321028769312886,-5.7502813970923405,5.726099014282227
1747533109.4393635,-0.2632872699086729,-5.693863018823127,6.163597106933594
1747533109.4593015,-0.31578106798648553,-5.642130961212909,6.434202194213867
1747533109.479232,-0.36142288955974206,-5.596974283152038,7.306098937988281
1747533109.5020926,-0.387806883643622,-5.558040691771716,9.064674377441406
1747533109.5226214,-0.4084760702469272,-5.521158082252791,7.924079895019531
1747533109.5431447,-0.47675085366488,-5.478608653867405,8.12840461730957
1747533109.5657244,-0.5253267306526798,-5.439247976582149,8.548736572265625
1747533109.585724,-0.5584382419183359,-5.40226159857442,8.44264030456543
1747533109.6099787,-0.6138787649386447,-5.352681873772126,7.921695709228516
1747533109.6257477,-0.65247460316836,-5.310025689814217,6.010532379150391
1747533109.640366,-0.6673847228260326,-5.288859982059707,5.241155624389648
1747533109.6581998,-0.6965397863240383,-5.254497195441856,5.301475524902344
1747533109.6801493,-0.7797191218291006,-5.222080463937305,7.1849822998046875
1747533109.697928,-0.8290954682263771,-5.182852578228674,5.237340927124023
1747533109.714448,-0.8527094812373414,-5.1563062985427734,5.2471160888671875
1747533109.7337632,-0.9533836759403492,-5.097094496270047,5.1593780517578125
1747533109.7579455,-1.0147049477814434,-5.04687263221531,5.158662796020508
1747533109.7779887,-1.0468470683192554,-5.0101140886413855,5.120992660522461
1747533109.7985654,-1.1469192653801834,-4.964616940614918,5.214929580688477
1747533109.8169894,-1.1862937867462546,-4.924366578952677,6.3114166259765625
1747533109.8379698,-1.231204339680146,-4.870807648611324,5.014657974243164
1747533109.8578537,-1.2459921407601722,-4.835925559129225,4.951238632202148
1747533109.87941,-1.3195082147332455,-4.787403596081948,6.493091583251953
1747533109.898621,-1.3618126797402088,-4.737660152526032,5.540609359741211
1747533109.9183848,-1.3868274407159602,-4.698278552672554,5.525350570678711
1747533109.9378881,-1.468866319583339,-4.637079695972867,4.955530166625977
1747533109.958626,-1.5044111735149341,-4.570494555267842,5.252361297607422
1747533109.9786494,-1.521978574469594,-4.512790623913421,5.58161735534668
1747533109.998201,-1.5981370944012463,-4.4678846366475655,5.442142486572266
1747533110.0187669,-1.6432464039639019,-4.401903413071252,5.769491195678711
1747533110.0439012,-1.6559106615327084,-4.338598696321805,6.712913513183594
1747533110.0645592,-1.733855688510317,-4.294690880970313,6.675481796264648
1747533110.0864906,-1.756652927325922,-4.255196496091046,7.398366928100586
1747533110.106449,-1.7710578558698817,-4.165977443889868,7.567882537841797
1747533110.1227312,-1.773504235054054,-4.084353994527923,6.301403045654297
1747533110.139001,-1.8133248340577295,-4.019350616446133,4.9533843994140625
1747533110.1613142,-1.8266927481065176,-3.956069993330751,5.627632141113281
1747533110.1780376,-1.833739728987477,-3.8839913129653265,5.130529403686523
1747533110.1959522,-1.8341498261810256,-3.8309849993698117,5.076885223388672
1747533110.2181027,-1.8393889180127396,-3.730669529161098,5.179405212402344
1747533110.2383072,-1.842069409681434,-3.657234989367271,5.118846893310547
1747533110.257824,-1.849486799485887,-3.5774259427334365,5.048513412475586
1747533110.2777627,-1.8465981541353924,-3.49567623404032,5.046606063842773
1747533110.2978966,-1.8446923310826033,-3.412044003509162,5.117893218994141
1747533110.3178732,-1.8455776889533324,-3.340087127667932,5.182981491088867
1747533110.3400018,-1.822185179993211,-3.257114921403601,6.737232208251953
1747533110.3655767,-1.8099118644335028,-3.178557678968992,10.147571563720703
1747533110.3841057,-1.810892823788731,-3.109267872969476,6.934642791748047
1747533110.402325,-1.8178754966845605,-3.062237765779782,6.034374237060547
1747533110.4223182,-1.791025675400023,-2.9819362617630727,6.932973861694336
1747533110.4385943,-1.78771558805924,-2.917663495630161,5.145072937011719
1747533110.4578195,-1.7865029868262696,-2.8561756893193775,4.995822906494141
1747533110.4799829,-1.7877074326108908,-2.7964352252069142,6.681203842163086
1747533110.4985917,-1.7450952507693644,-2.7284564328331156,5.4264068603515625
1747533110.5184145,-1.722188341324611,-2.668837613424088,5.381345748901367
1747533110.539656,-1.7180200807557342,-2.6068199562679406,6.581306457519531
1747533110.5646715,-1.6867687084342582,-2.528411615284733,6.745100021362305
1747533110.5852733,-1.679609842520709,-2.4629365301025508,7.489204406738281
1747533110.6090665,-1.6703870150592568,-2.4098679007282087,8.256673812866211
1747533110.6248024,-1.6066478829231967,-2.342772271426718,4.888057708740234
1747533110.6401381,-1.5769000292977564,-2.284173296068998,4.915952682495117
1747533110.6589887,-1.5612843791839046,-2.229911213779742,5.83195686340332
1747533110.6779826,-1.555711269540515,-2.173487126279801,5.070209503173828
1747533110.6979425,-1.4776492842742919,-2.100234084424748,5.000591278076172
1747533110.717635,-1.4521710878645064,-2.0483241206107037,4.841327667236328
1747533110.7380111,-1.4386168487870366,-1.9979612781027742,4.952669143676758
1747533110.7584224,-1.3904872726056707,-1.9526599884087583,5.004644393920898
1747533110.774913,-1.3670730423340283,-1.89385542986586,4.827737808227539
1747533110.7993038,-1.3491682550604218,-1.8235172908858164,4.982709884643555
1747533110.8194232,-1.2976439299222267,-1.7505805749668246,4.919528961181641
1747533110.8380547,-1.2712277283300208,-1.6849259124637748,5.0525665283203125
1747533110.8540022,-1.262207222422162,-1.6373366512868128,5.246877670288086
1747533110.8786983,-1.1961837576284748,-1.5488788465226346,5.138397216796875
1747533110.8991935,-1.165715074126681,-1.4824277959792964,5.302190780639648
1747533110.9188106,-1.1454229272041745,-1.4261456186208348,5.599737167358398
1747533110.9382594,-1.13152052703559,-1.3650047339763591,5.276918411254883
1747533111.103901,-0.774644660010237,-0.8976664693662365,7.833242416381836
1747533111.1222112,-0.7463422239014936,-0.8458439006600544,7.74383544921875
1747533111.1405044,-0.7122888920599661,-0.7964042456185139,6.0787200927734375
1747533111.162351,-0.6356172244713449,-0.7060520952598849,6.351470947265625
1747533111.1822968,-0.5960416317986958,-0.6536607109829612,8.321762084960938
1747533111.1988285,-0.5549930366858293,-0.6020457427050496,5.614280700683594
1747533111.218319,-0.4968644216562463,-0.5216355484206853,5.420684814453125
1747533111.238788,-0.4406859387224933,-0.45778213452896493,5.816459655761719
1747533111.258192,-0.3971624376759464,-0.4179672871432457,5.371809005737305
1747533111.278246,-0.32907496430866723,-0.3363602450138924,5.37109375
1747533111.3011858,-0.28772250234925956,-0.2805501414870381,7.327556610107422
1747533111.3183117,-0.248144573797407,-0.23300870050487174,5.357503890991211
1747533111.3398526,-0.21054796080338722,-0.16602369806242465,6.568431854248047
1747533111.3585951,-0.1687137974357196,-0.11735314911727036,5.29026985168457
1747533111.3828197,-0.11866084135340951,-0.0757045917805474,6.35838508605957
1747533111.4034784,-0.10060388764916518,-0.05954948473222701,9.250402450561523
1747533111.4225945,-0.025481298436251798,0.008847503168036118,7.231712341308594
1747533111.4407442,0.035914731831824094,0.05451692342968936,5.734443664550781
1747533111.4582074,0.09256548607129463,0.08634957610207754,5.020856857299805
1747533111.4777849,0.1372196697019051,0.11324119212343084,4.981040954589844
1747533111.500743,0.17984156816283203,0.12596686197212392,8.814096450805664
1747533111.5194986,0.2614038075935325,0.18626654604566228,6.560564041137695
1747533111.539598,0.3410200021304415,0.22318864964107923,6.496429443359375
1747533111.5615242,0.4901652463155029,0.2623485551038229,8.502721786499023
1747533111.5789099,0.48098294178979895,0.28111547115370483,4.949092864990234
1747533111.599331,0.5320612815312354,0.2984730270028322,4.918575286865234
1747533111.621541,0.5510194206542155,0.3078948220576062,7.45844841003418
1747533111.6394641,0.5410003377860796,0.31845891218863454,4.830598831176758
1747533111.6577666,0.5881512520384627,0.3275471626791483,4.904031753540039
1747533111.6778672,0.6173779374879509,0.3302298169471966,4.950284957885742
1747533111.69784,0.6287934209029876,0.3405360696160537,4.830360412597656
1747533111.7151775,0.6365241882144855,0.3394978457052572,6.371498107910156
1747533111.7376668,0.6728679981628629,0.3396668483853989,4.84156608581543
1747533111.7577982,0.7009050691474296,0.34075882581864203,4.967689514160156
1747533111.7763991,0.7465380471464002,0.33604074286916985,4.966020584106445
1747533111.793726,0.7972473400329129,0.33360377635756727,4.964113235473633
1747533111.8181384,0.8533992100723629,0.3377236453858743,4.838228225708008
1747533111.8379533,0.8762048891145745,0.3318438908456421,4.929542541503906
1747533111.8578012,0.8949930366310733,0.32075998667839883,4.915714263916016
1747533111.8778112,0.8908110529678224,0.3041225380446622,4.90880012512207
1747533111.8980336,0.9397651483426777,0.3054491444677742,5.032777786254883
1747533111.917923,1.0221739200565256,0.29495308405150855,4.860877990722656
1747533111.937855,1.0846324750851837,0.284082061855954,4.818916320800781
1747533111.958393,1.1258101280793795,0.2689001584581071,4.845857620239258
1747533111.977451,1.1647274597064718,0.27395899408875507,4.606962203979492
1747533111.9974484,1.202448888382197,0.2797205057812857,4.6291351318359375
1747533112.018672,1.2382178475512753,0.2842772240887052,5.465030670166016
1747533112.042201,1.3185055640619374,0.2770689454490197,5.554914474487305
1747533112.0588987,1.3747842494331304,0.2737025638335861,4.8980712890625
1747533112.0807486,1.4210809565245703,0.26088362870248005,7.447004318237305
1747533112.1070457,1.4834740906252686,0.2320795479951709,5.532979965209961
1747533112.1282218,1.526805615216843,0.2084832623537831,5.018711090087891
1747533112.1475897,1.567271003763315,0.19345903328959152,4.963159561157227
1747533112.1697855,1.6509532224801102,0.16715883575569065,6.381750106811523
1747533112.1860318,1.7157547549949912,0.14574325867665072,5.14984130859375
1747533112.2007284,1.7709424879628108,0.12909462788400944,5.063772201538086
1747533112.2174594,1.8103547927244965,0.11694783078803397,4.606008529663086
1747533112.2372851,1.8502569603491719,0.09161388218495256,4.567146301269531
1747533112.2577238,1.881420804762741,0.07832963213975568,5.002260208129883
1747533112.2773273,1.9074139300623965,0.06660459393729945,4.552364349365234
1747533112.2979515,1.9837070850709175,0.033684165633497104,4.757165908813477
1747533112.3179305,2.0256690784801825,0.015903851503948237,4.743337631225586
1747533112.3373535,2.0509806296424364,0.002946021142129612,4.5986175537109375
1747533112.3541586,2.089792721684076,-0.021870643051576377,4.700422286987305
1747533112.3780413,2.148478310567639,-0.05193879613664597,4.945039749145508
1747533112.404642,2.1808380406971493,-0.06954986531705663,9.778976440429688
1747533112.432141,2.2252598437239564,-0.10035338454105257,7.342338562011719
1747533112.4536867,2.267237055530917,-0.1280140025356329,5.428075790405273
1747533112.4711778,2.300349315159604,-0.1498591370676781,5.0201416015625
1747533112.487516,2.327757546196022,-0.1665277313686106,5.2127838134765625
1747533112.5137184,2.352061303718513,-0.17999709285554236,12.1917724609375
1747533112.5301144,2.4102255659996707,-0.21693155756369095,5.054235458374023
1747533112.5462694,2.4487388862899007,-0.24908001631061208,5.383729934692383
1747533112.5632536,2.4869447388090697,-0.2752996418304798,7.309198379516602
1747533112.58003,2.522173235260364,-0.2969953343815418,5.334377288818359
1747533112.5971997,2.570835428292759,-0.3307884721262734,6.832122802734375
1747533112.6227417,2.626990329024819,-0.3780123416055839,5.8116912841796875
1747533112.6385083,2.668934139246939,-0.4027417716226249,5.420207977294922
1747533112.6585793,2.691982109460755,-0.4478262506223766,5.548715591430664
1747533112.6785014,2.7146102425127023,-0.4856726842175099,5.544424057006836
1747533112.6984937,2.7360972665172527,-0.5183382574861727,5.585193634033203
1747533112.7184658,2.7553801717916278,-0.5569978292469681,5.402326583862305
1747533112.7382545,2.776888555716887,-0.5953698230479837,5.498170852661133
1747533112.7583299,2.793667188129912,-0.6332406575221252,5.482196807861328
1747533112.7792542,2.784384933379489,-0.6901926627954234,5.5694580078125
1747533112.7986877,2.7854182565533154,-0.7306921735519464,5.731821060180664
1747533112.8189044,2.7900682003140416,-0.7655214210117489,6.101131439208984
1747533112.838686,2.7956459937537987,-0.7962390645415429,6.032228469848633
1747533112.858832,2.805200076676198,-0.8496163596502831,5.899667739868164
1747533112.878623,2.8094819221061407,-0.8879760663524464,5.611181259155273
1747533112.89929,2.8100365942303043,-0.915382427341749,5.383729934692383
1747533112.9184904,2.7930007712139653,-0.9990686586252008,5.425453186035156
1747533112.9382877,2.79542964555716,-1.0612108082493075,5.4111480712890625
1747533112.9582026,2.7998865841807836,-1.0931776315481392,5.29026985168457
1747533112.9815178,2.8008345626521294,-1.152655349368549,6.98089599609375
1747533112.9990463,2.8013709080887614,-1.2000609777849844,6.007194519042969
1747533113.0189292,2.7984787871188805,-1.237980875824008,5.644083023071289
1747533113.0473633,2.8083339043949906,-1.2985815184031693,5.595922470092773
1747533113.0690424,2.809681248034719,-1.3353168093006929,5.4111480712890625
1747533113.0908492,2.8092738451863513,-1.3714488701084733,6.412744522094727
1747533113.113693,2.8024392835500342,-1.4333134657812927,7.332324981689453
1747533113.1281326,2.7934946714924145,-1.4709096918823468,4.55164909362793
1747533113.1422625,2.7862567065790684,-1.5146558300924204,5.143404006958008
1747533113.1578972,2.787956695857431,-1.5374301005692597,4.796504974365234
1747533113.1778455,2.768822619387889,-1.6033453520548262,4.636287689208984
1747533113.1973355,2.7616046101797194,-1.6562904909329073,4.576206207275391
1747533113.2192798,2.7569080951553357,-1.697468204833873,5.440711975097656
1747533113.2376766,2.7497079996933063,-1.7541570246434088,4.661798477172852
1747533113.2575417,2.7353261762445427,-1.8077070885135298,4.617929458618164
1747533113.2773151,2.7240187195679146,-1.8477581089377664,4.603862762451172
1747533113.2984405,2.7177643959348843,-1.8825851178464297,5.072116851806641
1747533113.3173869,2.6785852278562743,-1.939330337567855,4.640102386474609
1747533113.3377945,2.657423226803988,-1.983124757618065,4.8618316650390625
1747533113.3640258,2.651467666919035,-2.017781368149924,7.434844970703125
1747533113.3828483,2.6359615607011486,-2.0847348138711923,6.633996963500977
1747533113.402754,2.6202527345945623,-2.1363086897348698,7.449865341186523
1747533113.4223888,2.606258176118076,-2.1802502843965077,7.025957107543945
1747533113.4384487,2.578723881051513,-2.237621493591427,5.117893218994141
1747533113.4582133,2.552219540102805,-2.293079660359015,4.831075668334961
1747533113.4800081,2.54152879152513,-2.341526301604831,4.996061325073242
1747533113.5014923,2.5366775968620607,-2.3889017661129,5.211114883422852
1747533113.5188637,2.5335289866541078,-2.424936305273501,5.362987518310547
1747533113.537827,2.496614342340578,-2.4705706792528024,4.902124404907227
1747533113.5578165,2.486621118292793,-2.5112420027724993,4.847526550292969
1747533113.5777318,2.472576410159203,-2.554387742502519,4.871606826782227
1747533113.593779,2.4675085153661853,-2.5822924183884766,4.987239837646484
1747533113.613041,2.4705268007563657,-2.6348813900271546,4.948854446411133
1747533113.6381826,2.4663881742360165,-2.694547755136904,5.416393280029297
1747533113.6536891,2.4665871717133854,-2.7205765302166873,4.851102828979492
1747533113.6780128,2.465631134791109,-2.7947994769232447,4.973173141479492
1747533113.6968381,2.4674567422178293,-2.840955818736231,4.709959030151367
1747533113.7142031,2.467061411490798,-2.885021279655775,4.861354827880859
1747533113.7379272,2.484333034576859,-2.9640249795384617,4.936695098876953
1747533113.7573574,2.496520613658202,-3.027515952103714,4.676580429077148
1747533113.7777262,2.5051312424974492,-3.083236528704947,4.950523376464844
1747533113.796021,2.524184503113784,-3.1468831348230175,6.692171096801758
1747533113.8138611,2.5421072657124935,-3.2204497207826184,5.711555480957031
1747533113.8380964,2.5658757653405346,-3.2869301126106714,5.291461944580078
1747533113.8591301,2.58920591745385,-3.3327876869718054,6.176948547363281
1747533113.8785694,2.629629608278883,-3.382244825213775,4.915952682495117
1747533113.8990154,2.6679128451978036,-3.447646060407637,4.969120025634766
1747533113.9184933,2.698430988389397,-3.5040687763404548,5.527973175048828
1747533113.941132,2.7481733816491913,-3.571515997264437,8.402585983276367
1747533113.9679272,2.7845826055782834,-3.624377143328085,11.45625114440918
1747533113.98972,2.802749816863218,-3.644527516132974,8.329153060913086
1747533114.0148861,2.881364012948274,-3.7663172185410336,5.551576614379883
1747533114.0444632,2.9199103859771083,-3.8083871969098375,5.685567855834961
1747533114.0634553,2.987801714974794,-3.891207659736377,5.209922790527344
1747533114.0793128,3.0322833960430913,-3.9404910321581443,4.731655120849609
1747533114.097862,3.070241381244039,-3.9781099822839896,4.823446273803711
1747533114.117868,3.097022759841805,-3.9983693559160685,4.926919937133789
1747533114.1384916,3.1479885530572806,-4.043966531472619,5.060434341430664
1747533114.1562963,3.1818150657086006,-4.068551697884229,4.985570907592773
1747533114.1776989,3.2223051324525276,-4.105281021932383,4.975080490112305
1747533114.1980293,3.2985624616478404,-4.181255923443501,4.7855377197265625
1747533114.2194283,3.3436540645035486,-4.224031345681074,6.196022033691406
1747533114.2382188,3.37831749052322,-4.255775207467406,5.195856094360352
1747533114.258334,3.47712304958874,-4.309876946948273,5.096435546875
1747533114.2785287,3.518067888764384,-4.343647832381579,5.341768264770508
1747533114.2985787,3.542994089883299,-4.372252543306082,5.363941192626953
1747533114.3217683,3.6079638875651696,-4.420280597694115,6.697416305541992
1747533114.339288,3.669156709420132,-4.466431683559559,4.636049270629883
1747533114.3586283,3.707123359647463,-4.506143435601491,5.346775054931641
1747533114.375071,3.725414758680165,-4.529349226743231,4.543066024780273
1747533114.3927116,3.7763788712075375,-4.572815193584485,4.659175872802734
1747533114.4181292,3.814927092573975,-4.617730651410583,4.900932312011719
1747533114.4346883,3.8314067109829306,-4.639712294947142,4.76527214050293
1747533114.4591608,3.8926605591245234,-4.698360008607561,5.72967529296875
1747533114.4813468,3.9319363920189803,-4.748938983197904,7.604837417602539
1747533114.4991317,3.959879541413629,-4.800884940408381,5.167484283447266
1747533114.5218363,3.9767962721487877,-4.846711386539105,5.869150161743164
1747533114.541872,3.9854135838034885,-4.875860797225161,5.867242813110352
1747533114.560781,3.9955675387723244,-4.935866542298429,5.974292755126953
1747533114.5783153,4.006609813011133,-5.003798356150975,5.267143249511719
1747533114.5985186,4.014889693641213,-5.042788325459882,5.5866241455078125
1747533114.6189241,4.028673656442748,-5.097735756529013,5.816459655761719
1747533114.6381836,4.032811833301224,-5.145806485196289,5.1422119140625
1747533114.6560414,4.034072038219161,-5.178980718819506,5.462408065795898
1747533114.6789887,4.036341382435042,-5.244421575078101,5.244016647338867
1747533114.698393,4.034516539582982,-5.2967000992842665,5.476713180541992
1747533114.716645,4.024910342172394,-5.340330516111876,5.222797393798828
1747533114.7383108,4.012170427586295,-5.396638107488218,5.399465560913086
1747533114.7549706,4.006455942060568,-5.435124223906128,5.584239959716797
1747533114.779666,4.000079361448494,-5.472705388365102,5.88679313659668
1747533114.799051,3.987277436682361,-5.494990718331562,6.04248046875
1747533114.8197005,3.9838579418720528,-5.525697542406697,5.815267562866211
1747533114.8393335,3.9821065558323783,-5.55438278804148,5.929470062255859
1747533114.8566828,3.976670143108932,-5.573985845249198,5.5789947509765625
1747533114.878835,3.9549939525329236,-5.620580907561317,5.816936492919922
1747533114.8988724,3.93365476655039,-5.65565529113076,5.682706832885742
1747533114.9176586,3.9212468726298915,-5.677028272202771,5.548954010009766
1747533114.9390404,3.906753910196077,-5.704240499203267,5.5904388427734375
1747533114.959271,3.8973272942545676,-5.7340225315466595,5.375862121582031
1747533114.97909,3.886254217444458,-5.752597722314044,5.654573440551758
1747533114.999428,3.872935352501979,-5.776641446158521,5.556821823120117
1747533115.019345,3.8465020794129607,-5.805959771805228,5.468606948852539
1747533115.0481725,3.8241373692188017,-5.832583097593805,8.342742919921875
1747533115.067532,3.8141074044069843,-5.842943163355741,5.422830581665039
1747533115.0834575,3.7769265965295453,-5.867891614551016,6.075143814086914
1747533115.0982237,3.748145371644517,-5.8847701017682015,5.20777702331543
1747533115.1189606,3.7116734868727526,-5.908654228523518,5.427122116088867
1747533115.1386502,3.6659891182413955,-5.93689012484693,5.685091018676758
1747533115.1590724,3.6247104750643575,-5.964927709778838,5.301952362060547
1747533115.1785038,3.591704860647176,-5.987726330736083,5.481243133544922
1747533115.1977212,3.567639573384259,-6.001612362135959,5.013704299926758
1747533115.213396,3.5410239731898203,-6.015592983049058,4.921674728393555
1747533115.2376995,3.5029889800091687,-6.035751722316405,4.915475845336914
1747533115.2586718,3.473085795579628,-6.048334644971886,5.452156066894531
1747533115.2787414,3.4507825081841177,-6.060475676505324,5.031108856201172
1747533115.299097,3.429154498869215,-6.070887042093448,5.008935928344727
1747533115.3265893,3.3829817957168857,-6.0835481429242,5.06591796875
1747533115.3412046,3.3433045060623776,-6.098371474500004,4.939079284667969
1747533115.3576527,3.3096248836524054,-6.11067425303685,4.80961799621582
1747533115.373879,3.2911152966533033,-6.11949734484268,5.0868988037109375
1747533115.398696,3.2612222061369818,-6.133840852613314,5.411386489868164
1747533115.419853,3.241262069109348,-6.144218698612177,5.25355339050293
1747533115.439224,3.18238115312502,-6.160677828219713,5.262851715087891
1747533115.4590733,3.1475479760003156,-6.173482650414153,5.65028190612793
1747533115.4793377,3.108531933453432,-6.182537768479001,6.00433349609375
1747533115.4990733,3.0370135938341307,-6.196487871021266,5.255460739135742
1747533115.524749,2.971494115816524,-6.206488669710907,5.607366561889648
1747533115.539069,2.9007567829040983,-6.221804836202559,4.747629165649414
1747533115.558648,2.8368485443998535,-6.232443825048822,5.499362945556641
1747533115.5785968,2.769822096325043,-6.261722888126494,5.272388458251953
1747533115.599068,2.7135600691922077,-6.2852060371739045,6.043910980224609
1747533115.6140192,2.6796222882384613,-6.298839345085028,4.876375198364258
1747533115.639437,2.6261569887774336,-6.312150811925106,5.256175994873047
1747533115.6587842,2.574536119268079,-6.321541902537613,5.882978439331055
1747533115.67858,2.543569245277821,-6.325373694301693,4.8274993896484375
1747533115.698297,2.502916236157724,-6.356513659744994,5.459070205688477
1747533115.717853,2.464105689627497,-6.379473320761062,4.881381988525391
1747533115.7376578,2.4310345253747094,-6.395748001009468,4.809141159057617
1747533115.7529356,2.4110533914205776,-6.404171993635601,4.785060882568359
1747533115.7780845,2.3535853802900766,-6.41718443950307,4.991054534912109
1747533115.7981486,2.3114692481717407,-6.42856486361893,4.961967468261719
1747533115.8180895,2.2583078699727057,-6.4395337443781,5.008697509765625
1747533115.8379252,2.2139260254030297,-6.4622771960039405,5.0029754638671875
1747533115.8574934,2.166704546641668,-6.477902032706631,4.752635955810547
1747533115.8787339,2.1224327557537745,-6.490983526493907,4.8542022705078125
1747533115.898807,2.0608321184217506,-6.509950482187657,5.690813064575195
1747533115.925036,2.009266613317836,-6.523387151876053,5.652427673339844
1747533115.9477699,1.9533876764186742,-6.538087919101127,8.941173553466797
1747533116.102452,1.4943335667222137,-6.619932788405228,7.132530212402344
1747533116.1188812,1.4408588471583297,-6.626462849272546,4.970550537109375
1747533116.1353793,1.400841821714936,-6.628520641196767,4.765510559082031
1747533116.1578157,1.3097249085233587,-6.6353273570462274,4.97889518737793
1747533116.1784394,1.2387266968186128,-6.643163489037547,5.810022354125977
1747533116.1975734,1.1777982792939707,-6.651270316593173,4.781246185302734
1747533116.2200801,1.1066894823701539,-6.658429650275572,6.598949432373047
1747533116.2394426,1.0495837949799383,-6.659650754520936,6.201744079589844
1747533116.2636073,0.9842493468826604,-6.661292321973879,5.873203277587891
1747533116.2790034,0.9023817778932199,-6.658137611662421,5.031108856201172
1747533116.2979057,0.8296222239840543,-6.644665933073043,5.14674186706543
1747533116.3180892,0.7661267326478639,-6.628100880638455,5.072116851806641
1747533116.3380752,0.7090074127270305,-6.619015114522217,5.159139633178711
1747533116.353227,0.6674553855191291,-6.592074392516716,5.022287368774414
1747533116.3793588,0.6107082498677733,-6.56757330317726,5.1441192626953125
1747533116.3982782,0.5688220866286162,-6.551189931363319,5.283117294311523
1747533116.4197295,0.499152967440795,-6.528075127963121,6.004095077514648
1747533116.4399097,0.42780536790153545,-6.50101375925696,6.0062408447265625
1747533116.4659646,0.36422369542977706,-6.47524865677441,6.350278854370117
1747533116.4799457,0.3238839659998655,-6.4551531634299595,5.127429962158203
1747533116.498692,0.2785930691937642,-6.434272540318066,5.254507064819336
1747533116.5178232,0.253000364910471,-6.409664219236251,5.185127258300781
1747533116.5381756,0.24547115074200668,-6.387834342337319,5.170106887817383
1747533116.55781,0.23778378594905603,-6.368324839288411,5.175352096557617
1747533116.5782747,0.21701842231278415,-6.316102466043594,5.345344543457031
1747533116.5979733,0.19129110308947292,-6.2741499944409584,5.237102508544922
1747533116.6179826,0.17145813968720464,-6.248438853520355,5.237102508544922
1747533116.639137,0.15283430255400568,-6.22690122093817,5.707740783691406
1747533116.6557193,0.16535786971950228,-6.198247456527062,5.036115646362305
1747533116.6782398,0.15620651700250637,-6.148628212688045,5.212545394897461
1747533116.6982017,0.15069681279351085,-6.112140247835763,5.345821380615234
1747533116.72177,0.1737000793943593,-6.064596831961008,6.240606307983398
1747533116.7392766,0.18379637565707718,-6.024824071153311,5.133628845214844
1747533116.7581785,0.19061684112471342,-5.99275697721736,5.294561386108398
1747533116.7781463,0.15046143778895735,-5.933585326097221,5.32984733581543
1747533116.7995512,0.1179232676144428,-5.887378237120232,5.306720733642578
1747533116.816867,0.10696206358324699,-5.868113101406184,6.257295608520508
1747533116.8388972,0.07766592508787487,-5.834444033170275,5.635261535644531
1747533116.8590684,0.014823251536353789,-5.7881705567297645,5.50532341003418
1747533116.8790317,-0.03035865391029908,-5.747570952720075,5.698204040527344
1747533116.8989115,-0.06753714292987324,-5.719289103570267,6.004095077514648
1747533116.9188447,-0.1252910976664417,-5.663204709705984,6.017923355102539
1747533116.9389648,-0.17441623017286317,-5.620760118805023,6.2465667724609375
1747533116.9564111,-0.20281283751327725,-5.594529971936734,6.647348403930664
1747533116.9794948,-0.26740599880184696,-5.530350863663394,6.58726692199707
1747533116.9981601,-0.30797244287524644,-5.497579093346411,6.403684616088867
1747533117.0191298,-0.34644338594669605,-5.461751315007673,6.310462951660156
1747533117.043449,-0.42434984421482036,-5.405037517920641,6.522417068481445
1747533117.065658,-0.46965742306994007,-5.339590247633963,8.275270462036133
1747533117.0825014,-0.49748111797570127,-5.291159831232018,6.271600723266602
1747533117.1002517,-0.5166141223032578,-5.255874700365973,6.330966949462891
1747533117.119037,-0.624175880491224,-5.209507551225817,5.8441162109375
1747533117.1393435,-0.6794561860670483,-5.165350905949803,5.418062210083008
1747533117.1567843,-0.7093639864419876,-5.131785276413837,5.36346435546875
1747533117.1781297,-0.7971387946203629,-5.079022109790154,5.202293395996094
1747533117.1942108,-0.8349364484188504,-5.052692842229644,5.188703536987305
1747533117.2177205,-0.8742190486143553,-5.012507990292057,5.018949508666992
1747533117.2346704,-0.9804385999692175,-4.980100457013272,5.231380462646484
1747533117.2585962,-1.0444302434719566,-4.938950020218538,5.3253173828125
1747533117.281895,-1.0713303606699804,-4.909395296979609,7.789850234985352
1747533117.3023968,-1.1689356382919258,-4.866210866836,6.475210189819336
1747533117.3189726,-1.2276392577937385,-4.822209451616032,5.036830902099609
1747533117.3347275,-1.2451739324064865,-4.79797567951168,4.872560501098633
1747533117.3605576,-1.265461566682724,-4.767179804636004,6.2808990478515625
1747533117.3781147,-1.3977936367960224,-4.702196304574438,5.041360855102539
1747533117.396644,-1.4323094891630659,-4.662015214876303,4.787206649780273
1747533117.417945,-1.4602392133228808,-4.596356370176487,4.938364028930664
1747533117.4382954,-1.5348064514574893,-4.542330598307517,5.205869674682617
1747533117.4573724,-1.5643655433034915,-4.499610844238464,4.88734245300293
1747533117.4785848,-1.590967606313762,-4.431407454550744,5.341768264770508
1747533117.4948766,-1.6776225822506399,-4.393469595795453,4.85992431640625
1747533117.5181458,-1.7294143423299049,-4.325574639430783,5.145549774169922
1747533117.5383253,-1.7529188993193645,-4.2749734092527545,5.156517028808594
1747533117.5580976,-1.7667756323847297,-4.2177115809462125,5.187034606933594
1747533117.5818477,-1.7627989044559005,-4.148700982946708,6.12950325012207
1747533117.5999646,-1.8066667653049397,-4.104394638425672,5.058050155639648
1747533117.6189506,-1.8331533291484312,-4.033338752610394,5.22303581237793
1747533117.6388004,-1.843585336468526,-3.9735421882331137,5.484580993652344
1747533117.6596677,-1.8713482519631348,-3.909332647971358,5.152702331542969
1747533117.6781287,-1.8808847925489798,-3.8490291522279323,5.229711532592773
1747533117.6997156,-1.8880248579485266,-3.7920936170676436,5.457162857055664
1747533117.718625,-1.8918228494067337,-3.7380427358458506,5.504846572875977
1747533117.7392848,-1.9122385872606338,-3.6737892548480864,5.135297775268555
1747533117.7586527,-1.9158298917373429,-3.598189236116898,5.547523498535156
1747533117.7783415,-1.9192037063399223,-3.520109047236143,5.283594131469727
1747533117.8013432,-1.9158023376777467,-3.4387856436052378,8.126974105834961
1747533117.8186994,-1.8878015274244666,-3.3240909806393875,5.547761917114258
1747533117.841344,-1.8916096687299915,-3.2475495313889557,8.247852325439453
1747533117.861227,-1.8668373019799678,-3.160571289957131,5.669832229614258
1747533117.8783457,-1.8544663086408575,-3.088473996089266,5.414247512817383
1747533117.9002419,-1.8563735387561269,-3.0255434309276708,7.321357727050781
1747533117.9187317,-1.8681048958562234,-2.965592238613424,5.025386810302734
1747533117.9379892,-1.825171968115666,-2.898788702829889,5.152225494384766
1747533117.9579983,-1.7996577517011578,-2.841140296030514,5.180597305297852
1747533117.9780304,-1.7897615980602497,-2.7960473130306696,5.0640106201171875
1747533117.9980822,-1.7597176006552775,-2.7221707566511815,5.191802978515625
1747533118.0179908,-1.7522957525238947,-2.660435437428847,5.101919174194336
1747533118.0395923,-1.7515608409214736,-2.6132424600360964,5.086183547973633
1747533118.059046,-1.696448445249252,-2.5506383042392504,5.15437126159668
1747533118.0808113,-1.6734806790189904,-2.4786195570950253,7.580041885375977
1747533118.1005816,-1.6649867342337836,-2.4136691608253713,5.718469619750977
1747533118.1183288,-1.6128226164435693,-2.3503808124185164,5.149602890014648
1747533118.1384232,-1.5873182862835555,-2.3049212851211953,5.178928375244141
1747533118.1579483,-1.574240368331157,-2.2560662112777914,5.090236663818359
1747533118.1778653,-1.5731164675325175,-2.206651381610417,5.002737045288086
1747533118.1995828,-1.5009882232761382,-2.138231503906139,6.276845932006836
1747533118.2188642,-1.4738251995620377,-2.083202202290992,4.911899566650391
1747533118.2386334,-1.4584645299545782,-2.0507823171401065,5.473613739013672
1747533118.261447,-1.3949111878225158,-1.9724784058211253,5.911350250244141
1747533118.2788978,-1.363679130429465,-1.9070641972728202,5.564451217651367
1747533118.2980976,-1.3488766651915982,-1.841612541736721,5.02467155456543
1747533118.31834,-1.2919535988835003,-1.7514816142992895,5.034685134887695
1747533118.3379064,-1.264777163277542,-1.6845167558588183,4.952430725097656
1747533118.3579085,-1.2444807711721009,-1.6250636168967496,4.984378814697266
1747533118.3787932,-1.2382401524912159,-1.5753840789887468,5.537271499633789
1747533118.398228,-1.179008923072296,-1.5106580423459046,5.433320999145508
1747533118.4149866,-1.149427433285974,-1.464311130802962,5.202770233154297
1747533118.4390426,-1.1233536325962779,-1.390313251410856,5.864620208740234
1747533118.4589634,-1.0645916673715765,-1.331065691811778,5.487918853759766
1747533118.4790413,-1.0192902084067506,-1.2565320241350995,6.056547164916992
1747533118.4986193,-0.9859580122533003,-1.2075991907324954,5.725383758544922
1747533118.5190444,-0.932475293913472,-1.1289971194709918,5.79380989074707
1747533118.5390422,-0.8924955364708783,-1.0583337234996948,6.134510040283203
1747533118.5565267,-0.8682452634180433,-1.0117450510892236,5.959272384643555
1747533118.5792062,-0.8206849219290491,-0.944936175235895,6.178379058837891
1747533118.599527,-0.793831888317499,-0.9077432431122763,6.229400634765625
1747533118.620636,-0.7525616278614523,-0.8529796706715808,7.817745208740234
1747533118.6399274,-0.7169693949625874,-0.7999885128616209,6.470680236816406
1747533118.6640491,-0.6835749904637282,-0.7505431489336202,7.261514663696289
1747533118.6867404,-0.6471935975234872,-0.6901568229858489,7.455348968505859
1747533118.710587,-0.5875192850415055,-0.6084765366724045,8.655548095703125
1747533118.7369843,-0.5496837926368641,-0.5590226339771875,7.804393768310547
1747533118.7593193,-0.45030855443846457,-0.44254146697014735,5.4378509521484375
1747533118.778956,-0.411248836996553,-0.39532887775776915,5.823612213134766
1747533118.799034,-0.36811436334993103,-0.35281374460147136,5.47337532043457
1747533118.8191798,-0.3314755681270795,-0.2959843332819839,5.644321441650391
1747533118.8399081,-0.29080263393308015,-0.25682067933167874,6.931781768798828
1747533118.858641,-0.25781025382434974,-0.2239054848696488,5.757570266723633
1747533118.8804147,-0.20358557883391407,-0.1610957600005116,5.981922149658203
1747533118.8983428,-0.15997350461368232,-0.11486955286465768,5.304574966430664
1747533118.9185295,-0.10271382046715988,-0.07486856029131606,5.492210388183594
1747533118.9379728,-0.031071579868717444,-0.007370822997468589,5.226850509643555
1747533118.9583066,0.03747893871071658,0.04022168976524105,5.179405212402344
1747533118.9778755,0.09981454543280703,0.07133352786224086,5.105018615722656
1747533118.9991696,0.14642376573052673,0.09479444757015337,5.760908126831055
1747533119.0224364,0.20141638289148256,0.1361000411424946,7.329463958740234
1747533119.0546563,0.23764897388900597,0.15662967926484073,5.741119384765625
1747533119.0734286,0.34986770240826026,0.21277165418016566,4.984617233276367
1747533119.09925,0.4051579762276099,0.2345486994314095,4.890680313110352
1747533119.1182125,0.4465928606312873,0.24718724856712976,5.144834518432617
1747533119.138379,0.44939703657897795,0.27378124252514224,5.097627639770508
1747533119.1589804,0.4731182888787704,0.28946315346131224,4.982233047485352
1747533119.1743062,0.4876143904754341,0.29604854900148675,4.920005798339844
1747533119.199231,0.559153598488058,0.30136938362785975,5.189657211303711
1747533119.2186852,0.6135327678566468,0.30682483813437056,4.944801330566406
1747533119.2346895,0.6500017551524817,0.3101829479982252,5.158424377441406
1747533119.2585983,0.7100835234678109,0.31835116389898194,5.172967910766602
1747533119.278075,0.7505370040835081,0.3223497591998614,4.995107650756836
1747533119.2959304,0.7746922579388352,0.32023879941079475,4.747867584228516
1747533119.3125741,0.8074158337811121,0.3176512955425402,4.718303680419922
1747533119.3381906,0.8794649189211556,0.3147045779645955,5.059719085693359
1747533119.3577037,0.926398014627698,0.3129102532714026,4.854440689086914
1747533119.3775346,0.9693268788557676,0.31382228966302633,4.776239395141602
1747533119.3979988,1.0369372393932372,0.30072305318376114,4.956483840942383
1747533119.4179103,1.088178154784691,0.29021746572671536,4.939079284667969
1747533119.4382398,1.1293236086027136,0.28305027165671703,4.941463470458984
1747533119.459682,1.167267444447897,0.2799082163537855,5.468845367431641
1747533119.4790478,1.241091275878738,0.2891739778473581,5.308866500854492
1747533119.5066001,1.2960411404156413,0.29365207576902547,6.487131118774414
1747533119.5270605,1.3745676386488348,0.28342683997393486,4.735231399536133
1747533119.54085,1.4400713971773897,0.27389899138136725,4.64630126953125
1747533119.5578756,1.4838460894625118,0.2703198425527375,4.95147705078125
1747533119.5790584,1.513296399848357,0.26587590073227524,5.633354187011719
1747533119.5991592,1.5431394635179967,0.2682135315430586,5.956888198852539
1747533119.6193113,1.5691031471756358,0.2663475484687324,4.839658737182617
1747533119.638463,1.6220144133082535,0.24869061013292024,5.119085311889648
1747533119.658602,1.660462132413964,0.23821326700210013,5.199193954467773
1747533119.6787062,1.6904266409898605,0.22975674245374472,5.386829376220703
1747533119.702264,1.7310949670153246,0.21373174489823984,5.62596321105957
1747533119.7201056,1.7653016110164008,0.20221647873195614,4.676580429077148
1747533119.7377813,1.800225020225574,0.19435647906142686,4.744529724121094
1747533119.7576313,1.8424754870761706,0.178233163718267,4.621744155883789
1747533119.777432,1.8765775425550268,0.17173163427515728,4.638433456420898
1747533119.798957,1.903815327235356,0.16229245014768887,4.585504531860352
1747533119.8217125,1.9225053318873049,0.12555856852746713,5.004167556762695
1747533119.8375754,1.9387767646759484,0.09763082984296739,4.547119140625
1747533119.858734,1.9595074358426454,0.07839316723223566,5.780458450317383
1747533119.875255,1.9900201276084204,0.06738170953476212,4.56547737121582
1747533119.8928685,2.030486629505356,0.05583060239720641,4.630327224731445
1747533119.9183826,2.0598229441491447,0.042371234456674595,4.6749114990234375
1747533119.9378183,2.0803616161522656,0.033644175552766546,4.769802093505859
1747533119.9581532,2.0999093067098986,0.028553316418342852,4.934549331665039
1747533119.9777954,2.1254302807727625,0.02253038356664272,4.941701889038086
1747533119.9940383,2.1460175055467046,0.018194696755434663,5.375146865844727
1747533120.0196362,2.1437226243868026,0.013572755516343361,6.417036056518555
1747533120.0419884,2.1353955749452935,0.011187501704360083,5.550146102905273
1747533120.058688,2.127406849551031,0.010269173520216654,5.128383636474609
1747533120.0782268,2.116507419891913,0.009535206125729867,5.045890808105469
1747533120.0981374,2.1596468186328486,0.00019594577725599854,5.300045013427734
1747533120.1213493,2.2215245621075432,-0.0144687282994665,8.245229721069336
1747533120.1410985,2.2749259352864812,-0.02844537925062412,6.344795227050781
1747533120.161079,2.26859202617459,-0.032178942552633996,5.9909820556640625
1747533120.181651,2.26444172953886,-0.0355851245304749,5.288124084472656
1747533120.199613,2.2642453666429314,-0.03362083482852644,5.163908004760742
1747533120.218943,2.279329476039062,-0.03238165016224333,5.285739898681641
1747533120.2410936,2.2850517990827885,-0.03282239111431628,5.9680938720703125
1747533120.2582016,2.2880910411099933,-0.03347144633107315,4.936456680297852
1747533120.2804859,2.3048574707025247,-0.037271696273217324,7.100343704223633
1747533120.298985,2.323193500839637,-0.03684050455208845,5.127668380737305
1747533120.317887,2.3312781823340964,-0.03777498975856844,5.028963088989258
1747533120.3380654,2.338623348598035,-0.039069200761283764,5.326032638549805
1747533120.3579109,2.3448391060482976,-0.040635269948313985,5.087614059448242
1747533120.3782825,2.348351603559651,-0.0417592796231608,5.360841751098633
1747533120.3980265,2.3447923275060103,-0.04255111914034458,5.007266998291016
1747533120.4181662,2.327259830446803,-0.03709738252630333,5.170583724975586
1747533120.4381616,2.310771475546982,-0.031645320713330385,5.427360534667969
1747533120.4580388,2.2881815729414843,-0.025649674024376318,5.0811767578125
1747533120.4795885,2.254975503208919,-0.02666336879053679,6.660699844360352
1747533120.5030398,2.2310816239402342,-0.023428313610538074,5.117893218994141
1747533120.5194485,2.217772071013241,-0.020856585451809795,5.152463912963867
1747533120.5387945,2.2102145877709254,-0.020510592634708603,5.489110946655273
1747533120.5599704,2.2048766414102525,-0.013686136088544524,5.9413909912109375
1747533120.5781662,2.2058056249051,-0.008600865897048554,5.175352096557617
1747533120.5981922,2.2126157292359006,-0.007113412576161733,4.972696304321289
1747533120.6187575,2.1967540847707747,-0.002525197279929018,5.318164825439453
1747533120.6406994,2.187741800854546,-8.02151492869051e-05,6.9789886474609375
1747533120.6582923,2.1779903370271056,0.004653007208862868,5.125761032104492
1747533120.6782453,2.164224315772855,0.01633109052341494,5.236148834228516
1747533120.700582,2.1496833245859976,0.02684803886036225,5.337715148925781
1747533120.718278,2.140872843288212,0.03353348386966751,5.141258239746094
1747533120.7405837,2.133430808337556,0.02722897259595693,5.66864013671875
1747533120.7579675,2.1280799575768907,0.023882692808554935,4.990816116333008
1747533120.7779102,2.1223676278700143,0.022616959007086792,4.961729049682617
1747533120.7983236,2.1246510148616484,0.02039658828128844,5.040645599365234
1747533120.8181727,2.1333287623847665,0.021517516553071964,4.966497421264648
1747533120.8337948,2.138486595558532,0.02317952822622083,5.850553512573242
1747533120.8581126,2.142922674708129,0.023185892748886258,5.041360855102539
1747533120.8779294,2.143005966965278,0.030091408153570396,4.893779754638672
1747533120.8978708,2.1420975687549557,0.03385774468872874,5.0144195556640625
1747533120.9177501,2.1433879805717817,0.03705816889384728,4.957914352416992
1747533120.9383447,2.1367569283858754,0.03211487878175495,5.3920745849609375
1747533120.9578006,2.136432959822968,0.02697772459483433,4.875421524047852
1747533121.101202,2.1373913991058555,0.021978154556608946,5.268573760986328
1747533121.1185787,2.135959939611909,0.02003644570319026,5.258321762084961
1747533121.1382217,2.137275536211546,0.017908091552864415,5.292415618896484
1747533121.158319,2.1399666043334995,0.015266595862473618,5.118370056152344
1747533121.178222,2.1342792136558937,0.015902510128312983,5.08880615234375
1747533121.198345,2.1300153928745154,0.017228568531494487,5.393743515014648
1747533121.2185378,2.1306448413816392,0.016968478257329184,5.0525665283203125
1747533121.2391725,2.14928551688618,0.01251515710450436,5.226373672485352
1747533121.26035,2.1666019105981316,0.008385191336188124,5.867958068847656
1747533121.279534,2.1864461918356484,0.006206060658762348,5.11479377746582
1747533121.2981563,2.1608205771773656,0.007501816280822906,5.2852630615234375
1747533121.3184555,2.150732465883452,0.007135877782232207,5.146265029907227
1747533121.3336492,2.14029594531212,0.009571826276893439,5.078315734863281
1747533121.3580456,2.132853470005811,0.008963896223683617,5.185842514038086
1747533121.377934,2.1236429870899802,0.01699544314444021,4.998922348022461
1747533121.3980587,2.115204394923544,0.02235380274579175,5.212306976318359
1747533121.4177818,2.11358857021571,0.025386802590628296,4.88734245300293
1747533121.4377787,2.1190664646477675,0.032312283041624985,5.005598068237305
1747533121.457735,2.122879333418963,0.03719680708704901,5.004405975341797
1747533121.4778209,2.1236033624891593,0.03874623400929306,5.003929138183594
1747533121.4990134,2.1254963743325246,0.037314826746841306,5.018711090087891
1747533121.5182128,2.1281364941399774,0.03321612429583006,5.100488662719727
1747533121.5385253,2.1294034140482307,0.029828763626148027,5.228996276855469
1747533121.5578651,2.1218797577752895,0.03386761111502661,4.9648284912109375
1747533121.5780969,2.1134472846514227,0.038856221118734,4.968881607055664
1747533121.5930896,2.108309316356145,0.03955043331682598,5.079507827758789
1747533121.6184375,2.10167545948127,0.04072544200224762,5.096197128295898
1747533121.634122,2.11213134028824,0.03415641104477898,5.025386810302734
1747533121.653974,2.122597649266433,0.030341229039529707,5.086421966552734
1747533121.6730745,2.12698548868827,0.027466132662583062,4.948616027832031
1747533121.693266,2.1316793309365547,0.029718842280741883,5.084991455078125
1747533121.718281,2.1346036834456363,0.033590795960757654,5.123376846313477
1747533121.737914,2.1301057544665953,0.03767676006957823,5.040645599365234
1747533121.7529712,2.126371560659384,0.041037595211968925,4.8847198486328125
1747533121.778028,2.1268405581798304,0.04083587045039361,5.008459091186523
1747533121.800035,2.1228018777861406,0.04004318168966627,7.161855697631836
1747533121.818656,2.121205392313502,0.037181679700592864,5.013227462768555
1747533121.8375452,2.117698879426347,0.033927430854899895,4.898786544799805
1747533121.8589892,2.1165259411179913,0.0320694454215141,5.592823028564453
1747533121.8792427,2.116682853574755,0.03157965210198468,5.77855110168457
1747533121.8986325,2.1278820828807237,0.03400504056825391,4.971742630004883
1747533121.91413,2.137847428661952,0.03426614333149448,6.217002868652344
1747533121.9377344,2.1457701473417643,0.035495046756010264,4.990339279174805
1747533121.958686,2.138502028175772,0.03715468179077022,5.204677581787109
1747533121.981846,2.132984913605015,0.0394649693852798,5.513191223144531
1747533121.9988744,2.1277662168953255,0.04035249663537814,5.435705184936523
1747533122.0188463,2.1263626182140967,0.03675868593246951,4.975795745849609
1747533122.0430994,2.127453467115824,0.03340801631602666,5.264043807983398
1747533122.0589035,2.1303673621556785,0.030090504241616727,4.873991012573242
1747533122.079033,2.1310586302745547,0.029173836384092162,5.714893341064453
1747533122.0989015,2.127692430555182,0.0278734091335749,5.903959274291992
1747533122.118588,2.128152153557937,0.027441052728218677,5.235195159912109
1747533122.1390038,2.12684265304177,0.026625513113627736,5.892038345336914
1747533122.1581721,2.129303837842451,0.024449587922735754,5.055665969848633
1747533122.1781964,2.127292603883884,0.022988677076968726,5.048513412475586
1747533122.1984322,2.125576863363329,0.02256530009984316,5.178689956665039
1747533122.222045,2.125260248713907,0.024814584508618488,5.467653274536133
1747533122.2380834,2.123160743326562,0.02950268592136433,4.906177520751953
1747533122.260371,2.1258128370389158,0.029343657894076402,5.593061447143555
1747533122.2777953,2.1261445353541544,0.0262049526791665,4.938840866088867
1747533122.297995,2.129047049448298,0.024415071350896857,5.06138801574707
1747533122.3180277,2.1350366542367163,0.021943087864430232,4.867792129516602
1747533122.333316,2.1351127251104214,0.01859324867438917,4.932641983032227
1747533122.3575664,2.1366274830941254,0.021666585402685228,4.830121994018555
1747533122.3782697,2.1318203658280535,0.02430923644067614,5.121707916259766
1747533122.3984149,2.1302417775505855,0.026815459023151723,5.266904830932617
1747533122.4178314,2.1356999504558627,0.03167421737450951,4.940986633300781
1747533122.4339046,2.1340747091573373,0.03403748400242404,4.960775375366211
1747533122.4612095,2.1316554137140873,0.035516252015273385,7.071733474731445
1747533122.4787793,2.128793896432969,0.029119734382165877,5.662202835083008
1747533122.4952621,2.1300908416069553,0.025058305320264082,4.8389434814453125
1747533122.5182524,2.129700702031992,0.021465682100070684,5.160093307495117
1747533122.5390644,2.11963275864568,0.023891935751331795,4.955768585205078
1747533122.557565,2.1182139580626047,0.02454595851386741,4.778861999511719
1747533122.5783565,2.1146060304205885,0.02679658867671476,5.157232284545898
1747533122.5981936,2.112785717166381,0.02807912392139296,5.173444747924805
1747533122.622248,2.1122253608883503,0.02836952629756546,6.639242172241211
1747533122.6421156,2.114036520683326,0.028864869587993808,7.451772689819336
1747533122.6625736,2.1152793110242003,0.030364493393091867,6.889104843139648
1747533122.681109,2.118496931900324,0.02436209381429236,5.088567733764648
1747533122.6981096,2.1218508317361926,0.02023872369229183,4.95147705078125
1747533122.7182617,2.1273836924413247,0.015987907199082822,5.011558532714844
1747533122.7338905,2.135578753222892,0.012265661422542222,4.932403564453125
1747533122.7580845,2.1285911681258107,0.013385336633976824,5.026340484619141
1747533122.7777994,2.122922513484893,0.01529254432111573,4.922151565551758
1747533122.799176,2.117387007154819,0.01812548012522067,4.8274993896484375
1747533122.819199,2.1134485417692073,0.02439092076710903,4.808902740478516
1747533122.837847,2.109515156107985,0.0283602385505704,4.902124404907227
1747533122.8542004,2.1104475697996303,0.030467229565175905,5.68699836730957
1747533122.879042,2.1198790321474688,0.02510016844938367,4.917144775390625
1747533122.8935595,2.1226250194152034,0.02237913719762473,4.791498184204102
1747533122.9143023,2.1259672326157086,0.01849457818297331,4.997491836547852
1747533122.9331732,2.127715905697991,0.019470208570313275,5.037069320678711
1747533122.9552977,2.1285658803672503,0.021093902613218987,5.622386932373047
1747533122.9787257,2.128159592136736,0.022489512358675093,5.461692810058594
1747533122.9987314,2.1213928150119603,0.02233285288683041,5.341768264770508
1747533123.018672,2.1168185434211475,0.01928221313109009,5.2165985107421875
1747533123.0376506,2.114478947926163,0.016730417641486126,4.8427581787109375
1747533123.0621922,2.115166854859725,0.014898905445330301,13.419389724731445
1747533123.080362,2.1156976709868367,0.019409743199186286,6.447315216064453
