time,x,y,computation_time_ms
1747533004.961322,3.6572235175374503,-1.320754605550917,12.198448181152344
1747533005.0439706,3.669923650517067,-4.852399748817734,7.864952087402344
1747533005.0708258,0.7385224482680254,0.051555767728261696,7.061004638671875
1747533005.08784,0.749742076155068,0.03770787365876231,6.447076797485352
1747533005.103585,0.7472014791440964,0.03393769961592609,6.6204071044921875
1747533005.1256387,0.7428595153970715,0.03808037175387313,6.890058517456055
1747533005.1411722,0.7337489322419972,0.040770329574550825,5.888700485229492
1747533005.1588826,0.7247511902837239,0.04048843854656978,5.814552307128906
1747533005.177752,0.7196313408585522,0.03972023138657629,5.056142807006836
1747533005.193729,0.7172635504179818,0.033775163162917274,4.918098449707031
1747533005.2237544,0.7061533263435209,0.04095841986781267,6.54292106628418
1747533005.2389607,0.7007944936235605,-0.009634986681736242,5.619287490844727
1747533005.2552936,0.6941883940018171,0.2032345645366565,4.775524139404297
1747533005.2788408,0.7739691309473506,0.9430767151552562,5.300998687744141
1747533005.297032,0.841375945003211,1.3395585043540938,4.003047943115234
1747533005.3186755,0.8496320416389553,1.4047698039086385,5.788326263427734
1747533005.3329022,0.8351275391093955,1.3086053062090643,3.5190582275390625
1747533005.3526156,0.8006308410771485,1.0723094869441696,3.820180892944336
1747533005.3734727,0.7280232820199006,0.5340567454569443,4.266500473022461
1747533005.3978622,0.6710851703680494,0.14588235510589098,4.897356033325195
1747533005.4181082,0.634163594685033,0.03795915584838206,6.306648254394531
1747533005.4390662,0.6325301995474152,0.11147920123879662,5.087137222290039
1747533005.4531047,0.6469047231593871,0.05846580084414036,4.740238189697266
1747533005.475899,0.6486694148001838,0.050642528160375525,5.045413970947266
1747533005.4931095,0.6514695452917595,0.04692239656071398,4.844903945922852
1747533005.5197651,0.6523506388513595,0.04062111864879905,6.775617599487305
1747533005.5345707,0.644460227412436,0.035833488478930364,4.839420318603516
1747533005.5578256,0.6436217438275033,0.03060699919800641,4.930734634399414
1747533005.574288,0.6416026851851436,0.028031695236429677,6.124973297119141
1747533005.5987122,0.6464339758877681,0.026400603741399475,5.207538604736328
1747533005.6270142,0.4665680432256743,0.021925938314578477,5.117654800415039
1747533005.640967,0.45418354417291174,0.018594614818500034,4.951238632202148
1747533005.654593,0.45883422220806314,0.01740131974472144,5.0258636474609375
1747533005.6783054,0.4615591420897299,0.016292222135162134,5.055904388427734
1747533005.693151,0.5123658137063151,-0.013626588814183247,5.0411224365234375
1747533005.7129438,0.5457671537363042,-0.022377715164238133,4.897117614746094
1747533005.732889,0.556415500518438,-0.024357044321307867,4.984855651855469
1747533005.757852,0.5894077387769421,-0.02228292495288451,4.980802536010742
1747533005.7789066,0.6070345294962234,-0.02279935275188335,4.967451095581055
1747533005.8006947,0.6199223018594082,-0.017061734355566932,6.3228607177734375
1747533005.8317122,0.6234925992715485,-0.0029541323459548077,5.5751800537109375
1747533005.8535151,0.7273298716470881,0.27939694570782153,5.197286605834961
1747533005.8694918,0.7801631056555095,0.11107182589274917,4.873514175415039
1747533005.8865712,0.7840353604612209,0.08957284350579425,4.711389541625977
1747533005.9010212,0.7793125243585283,0.0828862238554321,4.963874816894531
1747533005.9190836,0.7779159269213133,0.07940022816963235,5.588769912719727
1747533005.936533,0.7739997309316158,0.07721838814861763,5.263328552246094
1747533005.9585695,0.7737349847640181,0.0781687032263763,4.853487014770508
1747533005.9898496,0.7698910549269931,0.07837990984514108,13.49782943725586
1747533006.0083327,0.7669790305285031,0.07793791231149191,5.543947219848633
1747533006.0327985,0.7684498930962502,0.07831527663296133,4.861354827880859
1747533006.059234,0.6639728320380098,0.27380631601480904,4.998445510864258
1747533006.078791,0.7267657215818211,0.0820521134745716,5.527973175048828
1747533006.098249,0.7288620369370542,0.04917361106904951,4.857540130615234
1747533006.1184778,0.7162764234753293,0.037908656130256686,5.329370498657227
1747533006.1388257,0.7093855260485303,0.03309312193440795,5.757331848144531
1747533006.1588316,0.7038443001591382,0.0316293283442363,4.776239395141602
1747533006.1782048,0.6989609412074321,0.02926624407624035,4.867076873779297
1747533006.194604,0.690803992554601,0.02907320284660061,4.697084426879883
1747533006.2194984,0.8037506669266079,0.9884898323728347,5.039691925048828
1747533006.2356906,0.7728708952257586,1.2083178363790077,3.862619400024414
1747533006.2577136,0.7724510594437572,1.2666058297956821,3.592252731323242
1747533006.2766898,0.7387929242690996,0.02801098709161568,3.5851001739501953
1747533006.2986162,0.7166210162763846,0.02127669072048483,5.108118057250977
1747533006.3185573,0.6939464750898225,0.01766718895098078,5.599260330200195
1747533006.3397722,0.6805812181341304,0.018765825838091384,6.983757019042969
1747533006.357957,0.6677619394539668,0.018972636059081515,4.912853240966797
1747533006.374308,0.6529325485683418,0.018202113628745697,5.309820175170898
1747533006.398957,0.639989374754283,0.01720415612266698,6.510019302368164
1747533006.4308488,0.631307840817234,0.02008332727180213,14.829158782958984
1747533006.465827,0.6261549085962961,0.023508442021715745,10.588884353637695
1747533006.4961388,0.6222556492611168,0.025656907100030248,9.694337844848633
1747533006.520453,0.6218708963331644,0.026203674565162625,5.836248397827148
1747533006.5356293,0.6231469653584196,0.025622996811557653,5.014181137084961
1747533006.5536528,0.6241900800982751,0.026774566291261535,5.055427551269531
1747533006.5737052,0.6312510940626579,0.02682483948078351,4.976034164428711
1747533006.5991404,0.6463110143057521,0.01954206980377935,5.178689956665039
1747533006.618208,0.6562298413471105,0.016173519449476766,4.950523376464844
1747533006.6381462,0.6614437205094085,0.01458003668430177,5.028963088989258
1747533006.657882,0.6732026103320095,0.015709756253739784,5.316019058227539
1747533006.6778529,0.6741366759516837,0.013697798503073717,4.757881164550781
1747533006.6951296,0.6638968980989758,0.006022379371569823,6.675243377685547
1747533006.712778,0.6593589533883921,0.004741980637152055,4.61888313293457
1747533006.7389572,0.6542654659230394,0.005647985331571604,5.921363830566406
1747533006.759031,0.652899930862306,0.005910414612133979,5.718469619750977
1747533006.7791185,0.6518234073819984,0.007566863490933632,5.890130996704102
1747533006.79979,0.6595717326947093,0.010402991029969628,4.806041717529297
1747533006.8178558,0.6705183322807691,0.014285438473626483,4.773139953613281
1747533006.8325098,0.6818816274600945,0.018566171561161134,4.716157913208008
1747533006.8588352,0.6659544954755041,0.022327008680091617,4.826784133911133
1747533006.8773,0.6517319067500705,0.02475659465630327,4.796266555786133
1747533006.89598,0.6378598587212692,0.02653343490098134,6.558418273925781
1747533006.9128678,0.6340362267015656,0.027203684296709794,4.657268524169922
1747533006.933433,0.6310627483786508,0.021994531234071045,5.058526992797852
1747533006.9553797,0.6290818721832275,0.017648274548506707,4.796266555786133
1747533006.9804125,0.6297016013011113,0.015449457830179347,7.26008415222168
1747533007.0009925,0.6277214451997319,0.016607003060323824,4.868030548095703
1747533007.0173647,0.6274822014140379,0.015814164302677958,4.629850387573242
1747533007.0322988,0.6272197740953873,0.016353808169165505,4.660844802856445
1747533007.0577307,0.6318445291076198,0.014738146911795704,4.830598831176758
1747533007.0747747,0.6321814240815993,0.010155434094046257,4.747629165649414
1747533007.0926034,0.6315581139263322,0.005379735462492299,4.695653915405273
1747533007.1182592,0.631636161812173,0.003072151119819294,5.344867706298828
1747533007.1373537,0.6323578226120119,0.015358033868457415,4.745244979858398
1747533007.1579494,0.62916472418538,0.0214294924560209,5.0983428955078125
1747533007.1729906,0.6283226123445447,0.026566839961260812,4.723072052001953
1747533007.192845,0.6351078043345277,0.02930593876688825,4.834413528442383
1747533007.2183502,0.6383220924946901,0.03355100001560074,5.005836486816406
1747533007.2382565,0.644199594530358,0.03533599373662772,4.942417144775391
1747533007.257969,0.6507167279589231,0.028911591995368028,4.912376403808594
1747533007.277755,0.6483982887978639,0.027306862014900873,4.738330841064453
1747533007.2983282,0.6448632118224065,0.026948299086984415,5.11622428894043
1747533007.322132,0.6441089751209284,0.02111931716911665,7.413625717163086
1747533007.341235,0.6461929716571676,0.017527131843896426,5.888223648071289
1747533007.3625245,0.6411273098322604,0.011687870396976188,6.219387054443359
1747533007.3809986,0.6366802480466358,0.009065769711881735,5.226373672485352
1747533007.3958623,0.6318477091365111,0.01517701307038718,4.70423698425293
1747533007.419741,0.6307016299229127,0.018544089219674605,4.897356033325195
1747533007.4337628,0.6305191305152889,0.022418235802227852,4.784345626831055
1747533007.4536722,0.6393668029115894,0.030833861462116086,5.343914031982422
1747533007.472879,0.6528769263081081,0.03829303435526,4.721164703369141
1747533007.4951878,0.6683923522587157,0.04877989207073506,5.878210067749023
1747533007.5139427,0.6509116184876232,0.026472121915936363,4.834890365600586
1747533007.532532,0.6438318531367501,0.01647850986656082,4.516363143920898
1747533007.55435,0.636785231980968,0.013655671161555364,6.409883499145508
1747533007.5781682,0.6326742021690904,0.015181682663731861,4.792451858520508
1747533007.5927048,0.6264647264883947,0.01588855559380479,4.63104248046875
1747533007.6182477,0.6218794715705543,0.017313778989206757,5.238056182861328
1747533007.6380339,0.6200695030308118,0.017552527270301134,4.975318908691406
1747533007.6582024,0.6085979598184528,0.020627348441937837,8.282184600830078
1747533007.6878433,0.6084097546557453,0.023494205832893376,4.996538162231445
1747533007.7015495,0.6021911359926724,0.02422783950437117,4.755973815917969
1747533007.718681,0.6149349084408579,0.01966554164626848,4.920244216918945
1747533007.7335773,0.6206085382271466,0.017814838743817295,5.120754241943359
1747533007.7552743,0.6215149137609851,0.01703772845273534,6.712436676025391
1747533007.7824256,0.6322527328845693,0.018513823178021943,6.1206817626953125
1747533007.800595,0.6358402847094858,0.021369329764767905,6.722211837768555
1747533007.8220024,0.6377120139833812,0.023445875551272605,6.642341613769531
1747533007.8390033,0.6387847186040653,0.0262171766695114,5.150079727172852
1747533007.8619955,0.6384305485398823,0.027395075209138427,9.02414321899414
1747533007.885945,0.6374949941727459,0.02823564547988109,6.720781326293945
1747533007.9060867,0.637275403619084,0.02924148532112973,5.726337432861328
1747533007.9206107,0.6399395553709045,0.027081313433122214,5.236148834228516
1747533007.934086,0.641114347439868,0.025580734180977158,4.780292510986328
1747533007.952418,0.6410277126564314,0.024199605695278452,4.62794303894043
1747533007.9726746,0.6408094566055546,0.01937862798697694,4.667997360229492
1747533007.9982977,0.6442396113307357,0.01719599236764155,5.159854888916016
1747533008.015083,0.6457813206176248,0.014225059250886499,4.709959030151367
1747533008.032497,0.6386970420955314,0.008855454693575756,4.689216613769531
1747533008.059826,0.6318213892071762,0.019788656617083313,6.815910339355469
1747533008.084435,0.6259989183860749,0.025058297922163263,6.224393844604492
1747533008.1025953,0.6243449279356098,0.026694040894010777,5.536317825317383
1747533008.1175199,0.6322376275875868,0.02985918051947494,5.110740661621094
1747533008.1329095,0.6416947338649817,0.03341239288477322,4.698276519775391
1747533008.1528883,0.6583663556974603,0.03565621948055793,4.71806526184082
1747533008.1737406,0.647640992723173,0.028486610096149636,5.019903182983398
1747533008.1977816,0.6406918005076635,0.022247468643718984,4.888772964477539
1747533008.2131188,0.6368880183140396,0.01907548506479193,5.06591796875
1747533008.2376785,0.6422497490486646,0.016705332145696396,4.826545715332031
1747533008.2537255,0.6435509496747202,0.013155784900450725,4.867076873779297
1747533008.279465,0.6426270443853429,0.006716064532220704,5.340814590454102
1747533008.2936625,0.6451249726076863,0.005575080921249885,5.0449371337890625
1747533008.3129752,0.6382577944923638,0.0031425197799021132,4.705190658569336
1747533008.3342025,0.6331508150302367,0.011154888677375262,4.828929901123047
1747533008.3591135,0.629058146715712,0.016552887146934443,5.464076995849609
1747533008.3809981,0.6320853558211335,0.02196754523685125,5.790472030639648
1747533008.3947537,0.6301810945013212,0.023466604278203795,5.190372467041016
1747533008.4178467,0.6429874197318193,0.02323761629751297,4.844903945922852
1747533008.43755,0.6510061926736125,0.02260708979281707,4.761695861816406
1747533008.4527059,0.6567291528876459,0.022908998043337923,4.6176910400390625
1747533008.4792693,0.6465662347604743,0.023323912667932153,4.737615585327148
1747533008.4928174,0.6417001916375497,0.024352435031224792,4.579782485961914
1747533008.5177474,0.6356259867700745,0.022170508741890586,4.773616790771484
1747533008.5374577,0.6353233192337128,0.020231286111253754,4.723310470581055
1747533008.557892,0.6398154059391143,0.020379228224087755,4.872798919677734
1747533008.5796936,0.6424541466584054,0.018535216757577556,6.043434143066406
1747533008.5980463,0.6340037520324235,0.020999976381428698,5.097150802612305
1747533008.618154,0.6258638553011928,0.021865068901912504,5.096673965454102
1747533008.6365383,0.6216704924609368,0.022946731627254448,4.714727401733398
1747533008.652813,0.6177484636243812,0.022886269886558574,4.657745361328125
1747533008.680535,0.6330192467249087,0.019467518338749462,7.469415664672852
1747533008.7018545,0.6387357493559804,0.015707491458446708,5.678892135620117
1747533008.717876,0.6434902731038473,0.015931989312792,4.819631576538086
1747533008.7387288,0.6434382231246211,0.0199934518062617,5.564212799072266
1747533008.7596805,0.6407820025299878,0.022287014922903293,5.678653717041016
1747533008.7802334,0.6390326533273126,0.020289828580873553,6.192922592163086
1747533008.7971478,0.624777241621983,0.012261205600524891,4.7626495361328125
1747533008.8137493,0.6155133972779822,0.00835475599627502,4.917383193969727
1747533008.8342562,0.6114442203227377,0.005785845419178134,4.817485809326172
1747533008.8533647,0.6077210891686353,0.0060315292473129495,5.41996955871582
1747533008.87299,0.6248642122799664,0.012517514690667591,4.691600799560547
1747533008.8928294,0.6347994931353524,0.01928128914922203,4.734277725219727
1747533008.9126487,0.6382711677337078,0.02228816713256855,4.6787261962890625
1747533008.9337037,0.6431377645855175,0.0248823785629251,5.239725112915039
1747533008.9576876,0.6442687773740258,0.027122442331497205,4.863739013671875
1747533008.9777606,0.643530060621085,0.02694396092635139,4.789829254150391
1747533008.9990072,0.6442519449516014,0.02538897615164298,4.714250564575195
1747533009.0192583,0.6454178026708851,0.022584349389565005,5.479097366333008
1747533009.034211,0.650833811976615,0.02060175119850369,5.00798225402832
1747533009.057844,0.6514313681225058,0.01980259360176803,4.863739013671875
1747533009.0749557,0.6502583859667975,0.020254356739695997,4.80961799621582
1747533009.0935555,0.6506999805570048,0.018668609714866436,4.955291748046875
1747533009.1179698,0.6483913179019064,0.0200618429386531,4.86445426940918
1747533009.1326103,0.6509621855703706,0.021054895448228906,4.844903945922852
1747533009.1581137,0.6542362245354253,0.024720277752737812,4.911661148071289
1747533009.1780314,0.6528476183482619,0.02509969543768697,4.928112030029297
1747533009.1990156,0.6408393964097774,0.018264534611975386,4.878520965576172
1747533009.2141051,0.630994370858941,0.012693824033049639,5.066394805908203
1747533009.2392468,0.6232480580862712,0.006698499248002428,5.494117736816406
1747533009.2608993,0.6268502622025018,0.008021140160065452,6.219387054443359
1747533009.2781599,0.6319837613665109,0.009837357158180474,4.778146743774414
1747533009.2977161,0.6304200813127437,0.012528687530771012,4.780769348144531
1747533009.3179114,0.629052659523588,0.02096979829047028,4.9762725830078125
1747533009.337516,0.6312204241591579,0.024015379116708677,4.762887954711914
1747533009.3578146,0.6346287690591684,0.024117605080468143,4.970550537109375
1747533009.3778005,0.6391142815354331,0.026466432269407307,4.916667938232422
1747533009.3926299,0.6461830752994222,0.02507938171491375,4.595756530761719
1747533009.4176445,0.647913668558639,0.024647408009787156,4.825830459594727
1747533009.4374917,0.6490436167141971,0.021637169657678156,4.681587219238281
1747533009.4574482,0.6468598267293841,0.0250533854546808,4.739522933959961
1747533009.4782403,0.6538485960480187,0.030855809891439698,5.528926849365234
1747533009.49749,0.6647572968414608,0.03654339522938355,4.866600036621094
1747533009.5185437,0.6395750470887718,0.02016273983178542,5.72514533996582
1747533009.5385277,0.6359462186195686,0.01562877880732866,5.391120910644531
1747533009.5584583,0.6345342224637158,0.012920256458596614,5.458831787109375
1747533009.578148,0.6339788892832838,0.012952474001670563,5.359411239624023
1747533009.5985918,0.6347412914384651,0.016219507463114943,5.431413650512695
1747533009.6143456,0.6337574309310221,0.01473952327311576,4.546642303466797
1747533009.633186,0.634670131722328,0.017028122056034913,4.766225814819336
1747533009.6587095,0.6355743014927142,0.010842336747167464,5.184173583984375
1747533009.681533,0.6411234268303305,0.003884613553079992,5.743265151977539
1747533009.6986957,0.6477541355645965,-0.00402642995770525,5.602121353149414
1747533009.7212508,0.6508532811767676,-0.00873544990770575,6.485700607299805
1747533009.738673,0.6471723310729258,-0.013098533505773878,5.415439605712891
1747533009.7585719,0.6480561085955335,-0.014960243158988046,5.347013473510742
1747533009.7801273,0.6452755486080488,0.0038114242243007758,5.47480583190918
1747533009.797656,0.6465043651180482,0.012936464772415553,4.741430282592773
1747533009.8149018,0.6491220109471262,0.017915628039255196,5.444049835205078
1747533009.838537,0.6779794790549963,0.016365468496759843,4.776239395141602
1747533009.857419,0.7036682842372428,0.013318226515751411,4.634618759155273
1747533009.8755248,0.72430639238462,0.015533342946920803,4.680871963500977
1747533009.8979366,0.7403888448434796,0.015470889443375838,4.9381256103515625
1747533009.9188473,0.7619618668775802,0.022064988926326898,5.777597427368164
1747533010.0556643,0.911835559394483,0.02954707712740559,5.754709243774414
1747533010.0784225,0.9202702905273069,0.030073531336222273,9.659051895141602
1747533010.0941064,0.932524818943622,0.030853802577458928,4.67991828918457
1747533010.1083198,0.9681487880439538,0.032620383933078104,4.5604705810546875
1747533010.122904,0.9910579056044314,0.03310192069248118,5.109548568725586
1747533010.1383686,1.0149813561163148,0.034830978150562075,5.169153213500977
1747533010.16975,1.0375580100218857,0.038978501603651926,9.358406066894531
1747533010.199967,1.1169634861548463,0.04771206041380067,5.587577819824219
1747533010.2197413,1.160386221761343,0.06173125972355997,5.459308624267578
1747533010.2362657,1.2182269805674353,0.07158398301289864,4.503011703491211
1747533010.2532408,1.2596837064161261,0.07855578028472766,4.6977996826171875
1747533010.2787867,1.3106206945899266,0.0831877620123707,4.629611968994141
1747533010.297818,1.3866623019035442,0.08390093667189558,4.784584045410156
1747533010.3177183,1.4370608141309706,0.08402650354128961,4.760265350341797
1747533010.3374686,1.4929547537232977,0.08635805715648105,4.678964614868164
1747533010.3523395,1.5184938628873021,0.08561489312166651,4.528522491455078
1747533010.377356,1.5841498879466518,0.0822516084757944,4.681825637817383
1747533010.393338,1.6181772131684327,0.08015284804608265,4.659891128540039
1747533010.4212744,1.6698781393760669,0.07696145433570577,5.658388137817383
1747533010.436587,1.727365994920972,0.07656461056445997,4.520416259765625
1747533010.4573176,1.785485770428502,0.07620950731413458,4.64177131652832
1747533010.4774964,1.8222430850928175,0.07473019139071282,4.645109176635742
1747533010.4978342,1.8480764742702909,0.07273693118725155,4.839181900024414
1747533010.5179145,1.8700400920202416,0.06974925462642757,4.731416702270508
1747533010.5431225,1.9067608932113418,0.06346251541759435,8.054018020629883
1747533010.5640817,1.9354165107754406,0.05758603150129426,7.474184036254883
1747533010.584138,1.9581356662236757,0.05081259859583727,7.9021453857421875
1747533010.6041048,2.0244003634446517,0.019386666311462363,5.629301071166992
1747533010.6188838,2.0743154147259313,-0.007960428307980265,4.701852798461914
1747533010.6464696,2.1174977761735376,-0.029577331598563676,7.071495056152344
1747533010.6658256,2.1652359264487524,-0.0671721097286664,7.152795791625977
1747533010.6830583,2.205729710845163,-0.09614023210788952,7.328033447265625
1747533010.700634,2.2337080770684756,-0.1181102070083055,6.002902984619141
1747533010.7191124,2.2540870747828587,-0.13231505139756644,4.982233047485352
1747533010.742357,2.2981288153965265,-0.1667362043653443,6.539106369018555
1747533010.760236,2.3269584624088,-0.19280185494535582,5.790472030639648
1747533010.7789936,2.3472607877823912,-0.21308018872452134,5.506277084350586
1747533010.7980375,2.3719579216439035,-0.24850754021455387,5.320310592651367
1747533010.8130553,2.398815681037582,-0.27744275953807446,4.927873611450195
1747533010.838202,2.4506005005792018,-0.31102003225277813,5.301713943481445
1747533010.8582866,2.4572081495033196,-0.3390158668042378,5.315542221069336
1747533010.873726,2.4563934396363445,-0.3527385879699405,5.387544631958008
1747533010.8986564,2.46904927964658,-0.376462691047632,5.571126937866211
1747533010.918798,2.477067624979547,-0.39447126904477753,5.801916122436523
1747533010.9386396,2.5182635915620666,-0.4494745240689397,5.560636520385742
1747533010.9592392,2.5449943693524117,-0.4929299669433379,6.25920295715332
1747533010.9791107,2.56467171758122,-0.5220532133585917,6.163120269775391
1747533011.002482,2.5810501423927565,-0.5577621246499198,5.907773971557617
1747533011.017064,2.5899607862538123,-0.5725784155770351,5.384922027587891
1747533011.0357678,2.5971280075045944,-0.5864857798913339,6.695985794067383
1747533011.0572681,2.6157985169268048,-0.641547161446808,6.8225860595703125
1747533011.0755913,2.629250841376535,-0.6800409961825847,6.613254547119141
1747533011.0997267,2.64304665414438,-0.716047535886109,5.821943283081055
1747533011.119971,2.6557976403847117,-0.7462787972457179,6.409645080566406
1747533011.1389868,2.66483681660565,-0.7662787114552208,8.472919464111328
1747533011.1593442,2.671467936565225,-0.7976297104089364,5.96308708190918
1747533011.1759775,2.6725289417654303,-0.8090695701121228,5.761861801147461
1747533011.2027504,2.6771717149183765,-0.9014675874050917,6.5765380859375
1747533011.2191067,2.6726663153188825,-0.9666530542384248,5.821704864501953
1747533011.23604,2.6705835527018094,-1.0116822065988975,5.592584609985352
1747533011.2554579,2.671384380352935,-1.0665124631764769,7.282257080078125
1747533011.2783852,2.6836831370706173,-1.1198946557650198,5.453348159790039
1747533011.2982705,2.681905777618715,-1.1597793817204036,5.436420440673828
1747533011.3180652,2.698886943873415,-1.21652847469325,5.372762680053711
1747533011.334951,2.71262325640444,-1.2603155110874147,6.67572021484375
1747533011.3531165,2.7129802339456597,-1.2927955405106686,4.984378814697266
1747533011.377861,2.7196345575596927,-1.3672188685636597,4.966497421264648
1747533011.3933384,2.7208838543101583,-1.405381571638495,4.835844039916992
1747533011.4176974,2.728911592380429,-1.4444169599618464,4.833221435546875
1747533011.4330235,2.735820377747601,-1.4669976117882735,4.833459854125977
1747533011.4628851,2.739270555659391,-1.5067692278830134,5.95545768737793
1747533011.4762821,2.74198514738765,-1.5210636434428475,4.748821258544922
1747533011.4943175,2.7409228405272805,-1.5635886630974876,4.806041717529297
1747533011.5131233,2.737282411003193,-1.604387935736594,4.683732986450195
1747533011.53755,2.735733206134214,-1.64947392860957,4.718542098999023
1747533011.5581539,2.7382897021412167,-1.699864864038557,4.762172698974609
1747533011.5786266,2.721527914011983,-1.7444901437670346,5.182504653930664
1747533011.6065183,2.705348610743871,-1.7864600540038809,9.123802185058594
1747533011.6238036,2.69146930664127,-1.8427954025518114,5.689382553100586
1747533011.6434953,2.689534141968537,-1.8853258944858413,5.780220031738281
1747533011.6581862,2.681417214512483,-1.9176165675741186,4.929542541503906
1747533011.6748455,2.6796653238293913,-1.966029191820831,5.172014236450195
1747533011.6938615,2.6680994762953683,-2.0194088989106334,5.401849746704102
1747533011.715022,2.6560744997587666,-2.062658005461619,5.187034606933594
1747533011.7388608,2.626301112631381,-2.1411934330902214,5.034208297729492
1747533011.7583134,2.6036181747760985,-2.1964161076750703,4.942655563354492
1747533011.774179,2.5856216129311633,-2.2357279747581407,4.830360412597656
1747533011.7943118,2.5701009220806115,-2.276251006783371,4.973649978637695
1747533011.8188426,2.532954790589594,-2.347856743300187,4.969358444213867
1747533011.8377502,2.5152092766231067,-2.39587582543771,4.976034164428711
1747533011.854338,2.509816860393956,-2.4284407464449758,5.104303359985352
1747533011.8777978,2.474742204144577,-2.4891497170755796,5.820989608764648
1747533011.8988214,2.4589089002595865,-2.551633082870688,5.620718002319336
1747533011.9175491,2.451970289462055,-2.5894335150319696,4.778146743774414
1747533011.933837,2.449649286316165,-2.615816613052009,5.063056945800781
1747533011.9591439,2.435018119558599,-2.6822545337444637,5.991458892822266
1747533011.983639,2.42889419020152,-2.73295591605406,10.602235794067383
1747533012.0134983,2.419958075610381,-2.7882369245921494,4.926443099975586
1747533012.028072,2.4153995892537155,-2.861913308971852,4.791498184204102
1747533012.0412138,2.4174268836790773,-2.9017495863029743,4.731893539428711
1747533012.0579927,2.412924409638287,-2.958380537301515,5.1364898681640625
1747533012.0792356,2.426274382282347,-3.0116930162779934,5.009889602661133
1747533012.1058216,2.4426900416840023,-3.093082460350529,9.046554565429688
1747533012.1213663,2.453428477827673,-3.145390050616809,5.1250457763671875
1747533012.1374505,2.483347419840547,-3.2022167411127778,4.9610137939453125
1747533012.153922,2.508933369467964,-3.2669044470233084,5.0220489501953125
1747533012.177983,2.5245846424743514,-3.3274843367965783,5.014181137084961
1747533012.1981258,2.5553931271237,-3.392301872421934,5.017280578613281
1747533012.2180939,2.5959409664073094,-3.4570762141843563,5.299568176269531
1747533012.237486,2.6348743734685316,-3.5154159610322098,4.887104034423828
1747533012.2583997,2.65299522744024,-3.560135307860804,5.021095275878906
1747533012.2774985,2.6945928778410044,-3.6142514508493693,4.859685897827148
1747533012.2978942,2.7207330192314774,-3.6541246853999154,4.989862442016602
1747533012.3176816,2.745802546487238,-3.6856932973079974,4.875659942626953
1747533012.3332233,2.7970328975838794,-3.7472446476826025,4.764795303344727
1747533012.3577042,2.845372604857259,-3.8074409711816095,4.827976226806641
1747533012.3777575,2.870299989809459,-3.842792794003772,4.96220588684082
1747533012.3954842,2.900510911599212,-3.8907513687985906,4.908323287963867
1747533012.4194324,2.95288917250009,-3.940483769001571,5.607128143310547
1747533012.439478,2.9994831022338313,-3.9775600298015825,5.669116973876953
1747533012.4572864,3.026553968978598,-3.997355896139132,4.740715026855469
1747533012.4781854,3.0916944679325975,-4.067582039656029,5.097627639770508
1747533012.4990253,3.1299049939717696,-4.104233428705782,5.49626350402832
1747533012.5189812,3.1523010277466454,-4.124588976969372,5.47337532043457
1747533012.5390553,3.2207918170672603,-4.167652595057271,5.840063095092773
1747533012.559021,3.2838334366674204,-4.218122830994823,5.096912384033203
1747533012.579238,3.3176410738059494,-4.248216428455177,5.400896072387695
1747533012.609358,3.3856159119938156,-4.313633481478903,5.306720733642578
1747533012.6285596,3.423663577571155,-4.353017448300912,4.915475845336914
1747533012.643009,3.445005688410569,-4.377777283954491,4.720449447631836
1747533012.6588314,3.4720072027127276,-4.407825865567754,4.737615585327148
1747533012.6777887,3.4858931594994473,-4.422105514884766,4.707813262939453
1747533012.693411,3.546633930185659,-4.454449303990502,4.749059677124023
1747533012.7134824,3.581593930957926,-4.488665875992296,4.584789276123047
1747533012.737391,3.608088833695646,-4.5236807895797755,4.642248153686523
1747533012.7585568,3.6534867327459013,-4.570095928046722,5.401372909545898
1747533012.7776964,3.681262500814296,-4.61003937286526,4.822731018066406
1747533012.7995512,3.7024018618374206,-4.646600466887562,4.831075668334961
1747533012.817034,3.707593636342651,-4.664331642978272,4.735231399536133
1747533012.8335161,3.755864476052033,-4.703620883572544,4.944324493408203
1747533012.8593836,3.789746793177067,-4.760502387888438,5.347251892089844
1747533012.8789837,3.802268086125452,-4.796428340816796,5.4645538330078125
1747533012.9035244,3.8351487038017384,-4.859004127737541,7.451295852661133
1747533012.920706,3.8503267076925267,-4.907625959231532,5.06138801574707
1747533012.9379056,3.8628156045073463,-4.954573244663998,4.929065704345703
1747533012.9545674,3.8835165321959737,-5.004842489635237,5.146265029907227
1747533012.9735625,3.8973716182391382,-5.051525092699347,5.038261413574219
1747533012.998777,3.903462543209467,-5.0975834600675105,6.509304046630859
1747533013.02025,3.925538280789299,-5.1622898602509615,6.854057312011719
1747533013.0580587,3.927020497297932,-5.217408902032199,8.602619171142578
1747533013.0768862,3.9258460466591565,-5.252704818782249,6.82520866394043
1747533013.0971901,3.9335732750104118,-5.334897202108172,5.414724349975586
1747533013.1273727,3.9263276514621084,-5.3909546470122,9.962797164916992
1747533013.152563,3.9254394605268224,-5.445050289334184,6.12950325012207
1747533013.1770737,3.9152300726238325,-5.488122931833125,7.982730865478516
1747533013.1937728,3.9077450366665634,-5.516980679071991,6.309032440185547
1747533013.2090232,3.900669157070461,-5.536485908866283,6.040334701538086
1747533013.2291427,3.8781813507008445,-5.5784600266466855,6.052970886230469
1747533013.24594,3.8619675895412464,-5.600976946352146,8.108854293823242
1747533013.2627363,3.8472337964009546,-5.634032419632295,7.296562194824219
1747533013.2792017,3.8340342885918353,-5.658148406598154,5.409479141235352
1747533013.2952032,3.8191063749269216,-5.672980551906482,5.492687225341797
1747533013.3188753,3.795489360601536,-5.7131990145548075,5.528926849365234
1747533013.3353398,3.7768300200296947,-5.733812133915914,5.272626876831055
1747533013.3589406,3.7558030315406654,-5.760412473703865,5.741357803344727
1747533013.3872313,3.7387667710019823,-5.79342579005122,6.097316741943359
1747533013.4048567,3.728577064918164,-5.809304794079185,7.770776748657227
1747533013.4300914,3.715815966105721,-5.830566781087652,6.270170211791992
1747533013.452296,3.6954417738656358,-5.8583452159136655,6.768465042114258
1747533013.467953,3.666268662611338,-5.887567453593471,5.284786224365234
1747533013.4813879,3.6482100944361804,-5.9018822601690255,5.016326904296875
1747533013.4979568,3.6200477494217735,-5.924432289176692,5.122661590576172
1747533013.5185668,3.5944326570282996,-5.94876605478899,5.464076995849609
1747533013.5387661,3.573695875305685,-5.968716355137039,5.699872970581055
1747533013.560371,3.55061450230503,-5.988582676590442,7.089376449584961
1747533013.5827768,3.516947283871086,-5.9987138838672855,7.633447647094727
1747533013.5964057,3.476313112432742,-6.015183848143532,4.915475845336914
1747533013.6135435,3.4381691503564857,-6.034293276752235,5.164384841918945
1747533013.6427133,3.410584674380258,-6.051457753806431,5.6247711181640625
1747533013.657919,3.3836921764604204,-6.060699218469145,4.92405891418457
1747533013.677772,3.3429116866355733,-6.073994700491202,4.974842071533203
1747533013.6933763,3.29936933580795,-6.085456481923559,4.820585250854492
1747533013.717997,3.279645771013672,-6.108507895871018,5.112648010253906
1747533013.7376819,3.2775689477100487,-6.122875441371423,4.9152374267578125
1747533013.757797,3.2674801927943062,-6.134982546486887,4.981756210327148
1747533013.7776492,3.196065998255628,-6.151242122356283,4.927873611450195
1747533013.7932417,3.1152568845169983,-6.164305468096327,4.8847198486328125
1747533013.8187008,2.9843244618856803,-6.1791620519242105,5.824565887451172
1747533013.8376873,2.919334173134438,-6.195611088306193,4.929780960083008
1747533013.8588912,2.880735536452539,-6.2068247354223445,5.852460861206055
1747533013.8789818,2.8345689813222137,-6.218449778249886,5.671977996826172
1747533013.8991437,2.7825309810040784,-6.22593006244607,5.789279937744141
1747533013.922387,2.744690344795556,-6.24768188684773,7.957935333251953
1747533013.9380853,2.7206188805526264,-6.257647007142904,5.336761474609375
1747533013.9575353,2.702469030915633,-6.264061560026427,4.7512054443359375
1747533013.9736469,2.6665981897544477,-6.274117103821791,4.887104034423828
1747533013.9950104,2.621899617310086,-6.288209959528668,5.547046661376953
1747533014.018081,2.5675402358995054,-6.305254497221939,5.162477493286133
1747533014.0380807,2.5195459216674947,-6.323911955645589,5.017518997192383
1747533014.058553,2.4540560058112453,-6.342858054097723,5.269289016723633
1747533014.0790663,2.390106880228389,-6.358495337161907,5.7373046875
1747533014.1019735,2.3290120283530795,-6.384263808684298,7.016658782958984
1747533014.1180885,2.2910030062883524,-6.400574957817305,4.940271377563477
1747533014.1379726,2.2487096404391633,-6.412487690222857,4.962682723999023
1747533014.1533074,2.217046034273278,-6.418850149140847,5.031585693359375
1747533014.1793213,2.181181928233865,-6.4401264438815895,5.893945693969727
1747533014.1955504,2.161519453666509,-6.45124067948903,4.744529724121094
1747533014.2181916,2.1197396816219314,-6.464868760117767,5.011796951293945
1747533014.2381988,2.057537397013543,-6.496255232850543,4.906892776489258
1747533014.257527,2.007070186437318,-6.51643893451933,4.7588348388671875
1747533014.2774482,1.9587425130375733,-6.53113561763906,4.773378372192383
1747533014.298166,1.916598647695302,-6.542909602291067,5.130290985107422
1747533014.3176708,1.8673606948460622,-6.553546774105046,4.909515380859375
1747533014.3387043,1.8217702835839813,-6.560893304848126,5.159139633178711
1747533014.3553538,1.7795706725362275,-6.5641353437328505,4.816532135009766
1747533014.373001,1.7308859188731294,-6.5709500287360205,4.761695861816406
1747533014.3981547,1.637274599682684,-6.594736198996869,5.290746688842773
1747533014.4191775,1.5725319379760896,-6.603345506015089,5.140542984008789
1747533014.4387016,1.5108361853279961,-6.608003729958278,5.695343017578125
1747533014.4541523,1.4508891254934952,-6.6107664747106725,4.987239837646484
1747533014.4730394,1.4183244304517224,-6.623135401853876,4.8236846923828125
1747533014.493294,1.3666350165821175,-6.630376985426819,4.997014999389648
1747533014.5134969,1.3132484572477172,-6.637182961516069,5.065202713012695
1747533014.5380962,1.2570486200798248,-6.638216157372319,5.179643630981445
1747533014.5578392,1.2067065768443495,-6.632411623561071,5.087614059448242
1747533014.5777574,1.1746070762690366,-6.631213551538233,4.953145980834961
1747533014.5950944,1.0944712719664909,-6.635170468011893,5.436897277832031
1747533014.617723,1.006557961906995,-6.631091419181486,5.085945129394531
1747533014.6378458,0.9616513456917147,-6.631502178314387,5.0201416015625
1747533014.657769,0.8878370112993178,-6.61552984280034,5.181550979614258
1747533014.6757753,0.8328956929416388,-6.605790934385992,5.017757415771484
1747533014.6983225,0.7460723650432981,-6.592461908417986,5.323648452758789
1747533014.7189977,0.6809495840678603,-6.5685257252730525,5.103111267089844
1747533014.7381046,0.6384996426345022,-6.541355058182767,5.381584167480469
1747533014.757909,0.6045268422892207,-6.5290623696903864,5.163669586181641
1747533014.7779124,0.5666680260221668,-6.521510176794952,5.236387252807617
1747533014.7978294,0.5462220715751074,-6.484430271145303,5.170583724975586
1747533014.8228672,0.5252017196660669,-6.454631641430067,8.188009262084961
1747533014.8438425,0.5194064202781851,-6.441371467935448,6.780147552490234
1747533014.8666315,0.4946084254645005,-6.4114308485232625,8.227109909057617
1747533014.8865616,0.4852727697472368,-6.372049879612091,7.193803787231445
1747533014.906342,0.45499291645783585,-6.336267329370144,7.097005844116211
1747533014.9211507,0.4772338780160112,-6.284882918980699,5.0334930419921875
1747533014.9512775,0.4941104332082199,-6.243444826595523,7.416486740112305
1747533015.0834606,0.18485659255243658,-5.963660757417233,6.815433502197266
1747533015.10574,0.14093970100954,-5.920319370962407,7.901191711425781
1747533015.1244469,0.12062133177378395,-5.885309818628104,7.837772369384766
1747533015.1470473,0.08532370520642056,-5.852181870054469,9.049177169799805
1747533015.1634073,0.035969480687368355,-5.817412157316951,6.710290908813477
1747533015.1787732,-0.00047416422170951924,-5.784096350060075,5.596399307250977
1747533015.198804,-0.03161513549679242,-5.7588516840221935,5.996465682983398
1747533015.2186987,-0.08387776392199169,-5.733709103518309,5.91731071472168
1747533015.2389824,-0.13441322888160046,-5.707276974097384,6.054878234863281
1747533015.2556438,-0.16576989200016484,-5.675282546926387,6.205081939697266
1747533015.2792127,-0.22359392089687538,-5.623669052534335,6.362199783325195
1747533015.2993383,-0.24123482488821096,-5.600690232657017,6.630659103393555
1747533015.3205445,-0.30485319080543066,-5.572781685178312,7.647991180419922
1747533015.3428025,-0.3607377474222009,-5.548222024194062,6.871938705444336
1747533015.3603392,-0.4051357270880702,-5.527338840745454,7.171630859375
1747533015.379984,-0.437200882229271,-5.503117547530478,6.452798843383789
1747533015.3995266,-0.4644546070731172,-5.476345999927181,6.595373153686523
1747533015.419298,-0.5209558948397789,-5.455549530391025,6.354093551635742
1747533015.4409068,-0.5650900113610082,-5.427889557777958,6.860256195068359
1747533015.4614286,-0.587742865719794,-5.410357031668897,6.3304901123046875
1747533015.4802508,-0.6764454398145402,-5.376837630996691,6.947755813598633
1747533015.498985,-0.7284475317074434,-5.352509868121051,5.825042724609375
1747533015.5188324,-0.7648036556530386,-5.324572821524619,5.821943283081055
1747533015.545077,-0.8478269780369666,-5.28808030565606,7.941246032714844
1747533015.5621257,-0.8986215675770806,-5.259206951291536,5.962610244750977
1747533015.5812004,-0.9554180726944779,-5.2149957221645495,5.730628967285156
1747533015.5990064,-0.9832120989807486,-5.177037632192166,5.958795547485352
1747533015.6184244,-1.0708334510141237,-5.145728782834756,5.542516708374023
1747533015.6380475,-1.1010460488410592,-5.11036892361302,5.11622428894043
1747533015.6531067,-1.1167166168206777,-5.083643346432822,4.800558090209961
1747533015.6779196,-1.2143717706953872,-5.035992865983155,4.997491836547852
1747533015.6977513,-1.2624128897723632,-4.9918330462363105,5.031108856201172
1747533015.7177885,-1.2873251148014964,-4.947076376680492,4.998922348022461
1747533015.7379415,-1.3576391640831529,-4.892926753628903,4.891395568847656
1747533015.7530825,-1.4010923283017835,-4.850687134485637,4.968881607055664
1747533015.7779024,-1.4449956113714135,-4.78967478550448,5.116462707519531
1747533015.798274,-1.473099684905354,-4.738973705823128,5.056142807006836
1747533015.8184452,-1.538846832872424,-4.685544009774567,5.4073333740234375
1747533015.8382864,-1.5659094419501152,-4.6206052727953075,5.188941955566406
1747533015.8592653,-1.5796592746514515,-4.56218402912514,5.276918411254883
1747533015.8744924,-1.6423325442882908,-4.5011757960227,5.239725112915039
1747533015.8934639,-1.676952515110702,-4.432523610671054,5.06901741027832
1747533015.9178674,-1.6986729129354166,-4.351573721920542,5.1593780517578125
1747533015.9357316,-1.7413051897308347,-4.308345653493084,5.0296783447265625
1747533015.959954,-1.7623502181931807,-4.238998339310984,5.141258239746094
1747533015.9784594,-1.770061030675621,-4.186099611510854,5.143404006958008
1747533015.997223,-1.7691690707122838,-4.112238555757508,5.20014762878418
1747533016.0182304,-1.787860925248681,-4.0252347197365,5.222797393798828
1747533016.0383346,-1.7924629577258882,-3.940997220316497,5.225658416748047
1747533016.0584843,-1.7999986937383547,-3.88074087460135,5.456447601318359
1747533016.0792742,-1.8099855881494673,-3.811734472138472,5.961179733276367
1747533016.0955172,-1.8167771456597144,-3.7493806244587207,5.036592483520508
1747533016.118086,-1.8247946932403367,-3.6644370274225286,5.192995071411133
1747533016.1387296,-1.833494338120284,-3.608647235341406,5.086660385131836
1747533016.1585684,-1.844807780702309,-3.5623698167493885,5.466699600219727
1747533016.17785,-1.840616572351654,-3.5031632232235554,5.107641220092773
1747533016.1980135,-1.8386958212737097,-3.4446934670973737,5.083560943603516
1747533016.2182295,-1.8392494651791913,-3.383204338340614,5.319356918334961
1747533016.2385871,-1.803769799988576,-3.296963590371956,5.689144134521484
1747533016.255644,-1.7916127390362815,-3.2320553591187418,5.100250244140625
1747533016.2736742,-1.784997203213832,-3.172373272715563,5.117177963256836
1747533016.2980518,-1.735780101312228,-3.0792011586361516,5.138635635375977
1747533016.318168,-1.7204978945317035,-3.018580051418287,5.058765411376953
1747533016.3352349,-1.7231155182743734,-2.977311120612492,4.973173141479492
1747533016.3591013,-1.6808603221488458,-2.9005420708475884,5.7659149169921875
1747533016.3781354,-1.6649398667938289,-2.8402644160997568,5.077838897705078
1747533016.3987787,-1.6584350333403202,-2.791569668123689,5.639553070068359
1747533016.4169,-1.6653710637669357,-2.762903156092755,6.971120834350586
1747533016.43424,-1.5884525638593154,-2.678421910736248,5.104780197143555
1747533016.455697,-1.5690477965621696,-2.631141837172686,5.110740661621094
1747533016.4740367,-1.5600398976982193,-2.5824723499182327,5.079984664916992
1747533016.4982328,-1.5104715657518908,-2.493716764384198,5.165815353393555
1747533016.5181878,-1.4914776755866164,-2.4332591779698602,5.185365676879883
1747533016.5386949,-1.4853027053225663,-2.372590767272722,4.966259002685547
1747533016.557733,-1.4238776620679934,-2.300955959857331,4.944324493408203
1747533016.5782418,-1.402069798368407,-2.2389746899839253,5.066871643066406
1747533016.5984652,-1.3954188771841847,-2.188149599440629,5.340337753295898
1747533016.6188695,-1.35300867654005,-2.119607947554743,5.069494247436523
1747533016.6341631,-1.3371714181343644,-2.0716514652166333,4.898309707641602
1747533016.6578932,-1.3220606878583592,-1.9986365769199304,5.088329315185547
1747533016.6778717,-1.3143495399969174,-1.9497637613153544,5.138874053955078
1747533016.6990232,-1.2674909948375928,-1.8688854626790818,5.110502243041992
1747533016.7188082,-1.2425892827622036,-1.8091979803213716,5.6304931640625
1747533016.73877,-1.2305609336783225,-1.7427189643723617,5.70988655090332
1747533016.758752,-1.17924989540057,-1.6565442361469538,5.636453628540039
1747533016.778298,-1.1550206797426772,-1.5779869655061258,5.430936813354492
1747533016.7980082,-1.1407044531751118,-1.5190371204178912,5.293130874633789
1747533016.81812,-1.0889978448313025,-1.4325283305734744,5.376338958740234
1747533016.8387446,-1.0552818293133617,-1.3508229545568315,5.503177642822266
1747533016.856686,-1.0404105956386918,-1.296321575995164,5.772590637207031
1747533016.8789082,-1.0157012776785044,-1.2200740786989968,5.556821823120117
1747533016.903532,-0.9604439767084961,-1.1576337302591684,7.62486457824707
1747533016.9279156,-0.9158756437502392,-1.08079474027526,7.678508758544922
1747533016.9476078,-0.853944728232209,-0.9995763935753541,6.501674652099609
1747533016.9628146,-0.8038622250439806,-0.9275784390823857,6.155252456665039
1747533016.9812582,-0.7765021714566178,-0.8785999725352485,6.900548934936523
1747533017.003157,-0.7424469007421273,-0.8178443739982845,6.316661834716797
1747533017.0194898,-0.7022069577126919,-0.7450098066669358,6.124019622802734
1747533017.0350306,-0.6706785032091548,-0.668281781547815,5.843877792358398
1747533017.0534356,-0.6474998573369931,-0.5998121879821493,5.63502311706543
1747533017.078112,-0.6196860252648886,-0.4986101649699706,5.554914474487305
1747533017.09833,-0.5902435932863838,-0.421178938956546,5.4111480712890625
1747533017.1182592,-0.5514574223001154,-0.3678954441788823,5.35893440246582
1747533017.137352,-0.521941874377905,-0.3356187586804084,5.14984130859375
1747533017.1533523,-0.5006113603016825,-0.313926893243657,5.172014236450195
1747533017.1781318,-0.4184144935171158,-0.26516575599983166,5.616188049316406
1747533017.1952143,-0.35417451899171015,-0.23215808378941685,5.120515823364258
1747533017.2138774,-0.3106434311197749,-0.1993508362024718,5.355119705200195
1747533017.2333944,-0.266338922023694,-0.1665319708713558,5.203485488891602
1747533017.258084,-0.21734664457035544,-0.11630081306517177,5.312681198120117
1747533017.2739155,-0.20030054511127804,-0.10021137252304427,5.106210708618164
1747533017.298174,-0.14687381511013547,-0.0657528018079788,5.323648452758789
1747533017.3186517,-0.11322340108874074,-0.019533160925373508,5.612850189208984
1747533017.3401446,-0.08156212021747963,0.012050181597568146,5.584239959716797
1747533017.3553803,-0.07884224950498053,0.023228344684970478,4.970312118530273
1747533017.374853,-0.01560182472961448,0.0604147532576614,5.121707916259766
1747533017.4041193,0.06378378682752076,0.09123545634444163,11.044025421142578
1747533017.422041,0.1165583444158286,0.10704616253841008,5.58781623840332
1747533017.4381187,0.16404719457390332,0.13583562334038693,5.080699920654297
1747533017.458045,0.21264081396080364,0.15597572285285313,4.969596862792969
1747533017.478251,0.25594266657134696,0.17282166510421634,5.045413970947266
1747533017.4982471,0.299862850312018,0.18923565464661482,5.298376083374023
1747533017.5181634,0.35719603546751727,0.20511209895673027,5.225181579589844
1747533017.5389287,0.41561135428282114,0.21340493156534865,5.5828094482421875
1747533017.554377,0.4522267086070077,0.21664065804552535,4.6710968017578125
1747533017.573234,0.4663241975686513,0.2256267207180593,5.177021026611328
1747533017.5988665,0.4874236969515077,0.2291927527065226,5.47337532043457
1747533017.6178195,0.4803409551786723,0.23457056807424345,5.084037780761719
1747533017.634654,0.5521492140760601,0.22927576591315899,4.910469055175781
1747533017.6582508,0.6237434273400472,0.2221981616142109,4.999876022338867
1747533017.6732268,0.6427623293990707,0.2189139787753395,4.847526550292969
1747533017.697875,0.677646518262626,0.2109011361974454,4.798650741577148
1747533017.717414,0.7311662530504995,0.21457369759010983,4.846334457397461
1747533017.7341776,0.7660290958389838,0.2211119478450072,4.801034927368164
1747533017.752793,0.803206609489708,0.22672674595194872,4.773855209350586
1747533017.7740045,0.9411558258366011,0.261986810031983,4.94694709777832
1747533017.8004954,1.0138983639963952,0.2650626581644733,5.988597869873047
1747533017.817507,1.0390379926912974,0.27152951487636845,4.829645156860352
1747533017.836299,1.0941190780897923,0.2630672576173067,6.422758102416992
1747533017.854435,1.1393391081280733,0.2589225470636381,6.215333938598633
1747533017.8785496,1.1962613399481783,0.25512580408805413,5.639791488647461
1747533017.8938563,1.2234211267140582,0.2569733079602632,4.845142364501953
1747533017.9126117,1.3069770844655053,0.25083802904060926,4.695653915405273
1747533017.9326305,1.3617718640940188,0.2472976850535134,4.63104248046875
1747533017.9587846,1.408914494848242,0.23663940402280076,4.927635192871094
1747533017.9783087,1.4772733597616217,0.22065404671662425,5.7773590087890625
1747533018.001099,1.5261579059164196,0.20995440526536038,7.871150970458984
1747533018.0174398,1.5884282362268682,0.19839943632181853,4.611730575561523
1747533018.0373313,1.6621906976891223,0.19032540496626327,4.611492156982422
1747533018.0574725,1.7288712760920113,0.18178151203252188,4.606485366821289
1747533018.0775561,1.7782285586669833,0.17164881063623455,4.607439041137695
1747533018.1016617,1.8046126952273336,0.16205314933649068,7.666587829589844
1747533018.1218853,1.8264567713130713,0.1541607390868205,7.785320281982422
1747533018.1426268,1.873437604773412,0.1291192743586971,5.610466003417969
1747533018.158871,1.9168585604191815,0.10814733600526595,4.916191101074219
1747533018.178266,1.9534764990867561,0.09134929226042598,5.377054214477539
1747533018.19803,2.014876139073363,0.05619203488664815,4.820823669433594
1747533018.2176428,2.0579222517040012,0.03236068582186031,4.803180694580078
1747533018.2385585,2.0883559975919863,0.01692412726097753,5.665063858032227
1747533018.2590222,2.152720797344093,-0.023797172965480336,5.096435546875
1747533018.2813814,2.2033372589060702,-0.05860483424509754,6.988286972045898
1747533018.2990441,2.2489750293843365,-0.08943708344425509,5.349159240722656
1747533018.3213558,2.279790500796587,-0.11271209263992507,7.504463195800781
1747533018.3493629,2.3153935688487155,-0.1375936350806866,8.729934692382812
1747533018.3724842,2.349917414313015,-0.16136286031038885,7.277488708496094
1747533018.3930483,2.3770988678810276,-0.1844714047876274,5.1097869873046875
1747533018.4106927,2.394957890435951,-0.19653782116772398,6.605386734008789
1747533018.426171,2.411033680916176,-0.21063358707798152,7.068395614624023
1747533018.4422586,2.438419636076787,-0.22958882087989707,6.084442138671875
1747533018.4586115,2.506733671995711,-0.2838326471903626,5.194425582885742
1747533018.4751813,2.5365844002388833,-0.31643571660598335,5.0048828125
1747533018.4934602,2.5659101007383067,-0.3503000944545581,5.158901214599609
1747533018.5184479,2.572381831256439,-0.40432960234928444,5.361080169677734
1747533018.5401618,2.5783072709868913,-0.43933273159237474,7.369756698608398
1747533018.55998,2.596711794768848,-0.48068766522755263,6.995201110839844
1747533018.578172,2.6146125063930117,-0.5097414372770447,5.240678787231445
1747533018.5984168,2.6336481315518787,-0.5657148123116941,5.451202392578125
1747533018.6190553,2.653552448124478,-0.6065023741927084,5.568981170654297
1747533018.6418808,2.670405135600037,-0.6407749723523489,8.54039192199707
1747533018.66193,2.708095010601749,-0.6831383155031584,7.91621208190918
1747533018.6792014,2.723080733359085,-0.7178737668006686,6.003379821777344
1747533018.6991076,2.735545149802,-0.7502556228823878,6.078243255615234
1747533018.7187958,2.770198098762409,-0.8021395082155582,5.9757232666015625
1747533018.74065,2.7888058833919533,-0.853111862073068,6.299257278442383
1747533018.765844,2.7989314881110214,-0.8939479160701724,6.747007369995117
1747533018.7847183,2.797133949622974,-0.9658223545048094,7.56382942199707
1747533018.8028495,2.7908735635683297,-1.021354772733789,7.020711898803711
1747533018.8211606,2.782969553261004,-1.0600445363190687,7.607698440551758
1747533018.8387,2.789203345236473,-1.1134659438134968,5.866527557373047
1747533018.858625,2.7932222421945774,-1.1735971078469982,6.032466888427734
1747533018.8783264,2.788595318463646,-1.2217149538617798,5.565643310546875
1747533018.8980794,2.7856115437641193,-1.258539015478923,5.064249038696289
1747533018.9180348,2.7952517931929464,-1.3151544351631166,5.0048828125
1747533018.93611,2.80596141776788,-1.3545579380540407,5.755186080932617
1747533018.9583802,2.8131978615122417,-1.4039492884776126,5.351543426513672
1747533018.9778283,2.810669739805225,-1.4328260887296924,4.809379577636719
1747533018.9963956,2.809799860255672,-1.4464602260476969,6.32023811340332
1747533019.0184817,2.810651263604003,-1.5031994590810471,5.202054977416992
1747533019.0327835,2.8106703385437437,-1.5328779740179566,4.511594772338867
1747533019.0581553,2.816366553046198,-1.5696743591241804,4.948139190673828
1747533019.0774746,2.7991764241879142,-1.6195287439963957,4.530906677246094
1747533019.0933416,2.78392254046816,-1.6551289343860276,4.743099212646484
1747533019.1196501,2.7744866285955125,-1.7043302587236366,6.395578384399414
1747533019.144267,2.769722414817177,-1.7616368569353982,7.427692413330078
1747533019.1644967,2.7643391290523947,-1.8121650687089932,6.226778030395508
1747533019.1790495,2.759653334502713,-1.8491067436821147,4.581928253173828
1747533019.1977034,2.757092969193485,-1.876590466450363,4.960775375366211
1747533019.215043,2.7249813155965312,-1.9217039885377885,6.564617156982422
1747533019.2379332,2.698844658822693,-1.9836791902257678,4.841804504394531
1747533019.252941,2.6902882930572503,-2.0147379314379843,4.832744598388672
1747533019.278048,2.6412480003532957,-2.0901950626143337,5.0563812255859375
1747533019.2934117,2.596550330672635,-2.129364331870581,4.939079284667969
1747533019.3134143,2.580686598088333,-2.1722690520205665,5.00798225402832
1747533019.334754,2.5711852942187554,-2.2112392128325036,4.758358001708984
1747533019.3551242,2.519878210816775,-2.271072876670164,4.853963851928711
1747533019.3732526,2.5022917166629206,-2.311834908452735,4.919528961181641
1747533019.3928373,2.494489500981733,-2.347371057205286,4.879474639892578
1747533019.4195445,2.4629317335320327,-2.419391594231979,4.914522171020508
1747533019.4393988,2.4449508479740225,-2.4758019593641953,6.540536880493164
1747533019.4574566,2.429685135828176,-2.516210957474297,4.799127578735352
1747533019.4774616,2.39778804537434,-2.578432919115581,4.725217819213867
1747533019.4927661,2.3831813465759053,-2.618948158427194,4.661321640014648
1747533019.5131822,2.3659579242332405,-2.663609944602195,4.9152374267578125
1747533019.5340917,2.3595925943382916,-2.73165924450969,4.942893981933594
1747533019.552885,2.35645963648273,-2.7886751858727905,4.753828048706055
1747533019.5776541,2.3520159221331727,-2.8510751285070337,4.87208366394043
1747533019.5983043,2.375745720618739,-2.9219630028664794,4.81867790222168
1747533019.6179395,2.382460973509068,-2.9816487141400536,4.899263381958008
1747533019.637924,2.384913602668401,-3.031315476799661,4.863977432250977
1747533019.6583147,2.3826152528761524,-3.073291665135025,5.158662796020508
1747533019.6799057,2.4134723225494277,-3.1370441579797004,6.613969802856445
1747533019.6938431,2.4310304996359826,-3.2028848846954023,5.072116851806641
1747533019.7193637,2.443571625761864,-3.2633159117334327,6.005287170410156
1747533019.744393,2.4733494048765206,-3.33183719239519,5.876779556274414
1747533019.7586784,2.5044414666420227,-3.383560318262857,5.1670074462890625
1747533019.7782376,2.5410042320044997,-3.4543312224424447,5.275726318359375
1747533019.7978513,2.574716084319247,-3.5151377704225184,5.132913589477539
1747533019.8197973,2.610145039576658,-3.57407492074563,6.7615509033203125
1747533019.8380725,2.636138749482913,-3.624502781462583,4.861116409301758
1747533019.85744,2.6549504444540073,-3.6649731418365312,4.845857620239258
1747533019.8736653,2.69098892762514,-3.713133655680395,4.9991607666015625
1747533019.8988457,2.7368774095606216,-3.7776470992174778,5.014657974243164
1747533019.9143782,2.76130571300339,-3.811815874586312,4.624843597412109
1747533019.932726,2.803955614187611,-3.858358088652321,4.633903503417969
1747533019.9579601,2.8563366226357925,-3.907193783812088,4.815340042114258
1747533020.1148062,3.148642499026068,-4.181452296230036,5.523443222045898
1747533020.135539,3.268508436581234,-4.234577266365977,6.649017333984375
1747533020.1551325,3.328792842127303,-4.266526915068628,5.671501159667969
1747533020.1755881,3.3889067982774415,-4.309911632094562,7.361888885498047
1747533020.197875,3.3981657776842074,-4.3311919121084115,4.79578971862793
1747533020.2141845,3.399171654947478,-4.342270913296531,5.042552947998047
1747533020.2343993,3.4709840961910157,-4.370863326452065,4.923582077026367
1747533020.2556748,3.5184411000491034,-4.392488807038962,5.934238433837891
1747533020.2802737,3.548558871708867,-4.410658157204115,4.997014999389648
1747533020.297371,3.617978616366727,-4.4453934387666525,4.558563232421875
1747533020.312577,3.6565691976295147,-4.459671897052434,4.448652267456055
1747533020.3376794,3.693626767119213,-4.483604350846138,4.731416702270508
1747533020.3544621,3.774233325463944,-4.516469629167314,5.47337532043457
1747533020.3780372,3.8338302364622745,-4.562491776236356,4.791259765625
1747533020.394853,3.854756007662482,-4.589567989378793,4.680871963500977
1747533020.4174104,3.918300395825827,-4.633186371246028,4.621267318725586
1747533020.437678,3.9610781569177136,-4.668698596275554,4.685401916503906
1747533020.4578109,3.996222320316124,-4.710095210955462,4.833459854125977
1747533020.4780948,4.018518844204691,-4.74591141541222,5.011081695556641
1747533020.500325,4.06783214119763,-4.799879409699734,5.561113357543945
1747533020.5182712,4.087047538836045,-4.835223159791294,5.280256271362305
1747533020.5357928,4.098813239298102,-4.86714352735649,4.899740219116211
1747533020.5534701,4.136441140922869,-4.91011970776695,5.045175552368164
1747533020.5741737,4.1568666184511045,-4.952895562020922,5.7849884033203125
1747533020.5934622,4.164787896328378,-5.0038223212743045,5.168676376342773
1747533020.61381,4.165626331241619,-5.051596786667253,5.352020263671875
1747533020.6381736,4.211446062893508,-5.110417073360825,5.350828170776367
1747533020.6550171,4.234754883988577,-5.161246206658843,5.160808563232422
1747533020.6781666,4.248574098889566,-5.219774357911192,5.359411239624023
1747533020.696198,4.294197112101107,-5.268874187426744,5.120515823364258
1747533020.7165213,4.306056106188015,-5.319441271880333,5.499124526977539
1747533020.7367392,4.305172501577676,-5.369682974055027,5.276203155517578
1747533020.7597451,4.323572224697893,-5.4235333690444545,6.349802017211914
1747533020.775126,4.323738886116326,-5.45702712649445,5.763769149780273
1747533020.7989798,4.3198080049515974,-5.50288237971076,5.879640579223633
1747533020.8222342,4.304855619475437,-5.541658740887191,7.140636444091797
1747533020.840419,4.289620621670182,-5.568749709327578,7.362604141235352
1747533020.859891,4.293464474448823,-5.611294233145782,6.432533264160156
1747533020.879118,4.290681036658996,-5.645366065092335,5.87773323059082
1747533020.8984873,4.28346954227349,-5.6762250279820705,5.703210830688477
1747533020.9184856,4.286380241143544,-5.714533442490156,5.772590637207031
1747533020.9347477,4.284471604768919,-5.7361279687759765,5.538463592529297
1747533020.9540048,4.273313426994035,-5.760583176943323,5.423307418823242
1747533020.978763,4.261085929580826,-5.801342763917905,5.8307647705078125
1747533021.004561,4.247400707150315,-5.827164766800545,6.657600402832031
1747533021.020446,4.230115311802009,-5.851236112979622,5.496025085449219
1747533021.0384245,4.214060850890418,-5.8770223089894555,5.230188369750977
1747533021.057957,4.201330106454914,-5.9126631397691956,5.24139404296875
1747533021.0793867,4.183149415938543,-5.943120596286748,5.264997482299805
1747533021.0992942,4.165660247241821,-5.968654055962363,6.1931610107421875
1747533021.118307,4.1492520427898985,-5.997342847934049,5.343198776245117
1747533021.138347,4.131900357193792,-6.019786070186345,5.451679229736328
1747533021.158348,4.1161339969267,-6.039700352175817,5.453586578369141
1747533021.1752527,4.100915244172152,-6.069036585382884,5.397558212280273
1747533021.194558,4.067150920299668,-6.100498267202579,5.721569061279297
1747533021.2188492,4.035186702861715,-6.1310123065243705,5.783557891845703
1747533021.23879,4.015532064277836,-6.161723069240634,5.5675506591796875
1747533021.2614899,3.993369062197031,-6.182435975612734,7.447719573974609
1747533021.2819388,3.970718160278273,-6.1983940234530035,7.235288619995117
1747533021.2994199,3.9459795893486707,-6.2128571568606485,5.60450553894043
1747533021.3183064,3.9307207991449213,-6.222653781502088,5.607128143310547
1747533021.3387892,3.902736678868203,-6.235810999589284,5.755424499511719
1747533021.3586943,3.8793595677649595,-6.244895480634606,5.866050720214844
1747533021.3761737,3.870174093740477,-6.255707000916961,5.6247711181640625
1747533021.3986356,3.834391198097863,-6.275425605697338,5.757331848144531
1747533021.4191186,3.808958096226966,-6.286416593766425,6.269216537475586
1747533021.4425387,3.7806478960380816,-6.291832597169434,7.967233657836914
1747533021.4627929,3.7518410904104593,-6.298200234440982,7.525444030761719
1747533021.4920082,3.720607847604992,-6.307068760235314,6.308078765869141
1747533021.5089622,3.671715539351924,-6.314662194303599,5.4454803466796875
1747533021.527145,3.635171797435187,-6.3240064961764775,5.818605422973633
1747533021.5432565,3.6027021830480184,-6.331292081845544,7.053613662719727
1747533021.559731,3.570622366992152,-6.338571384698358,5.3691864013671875
1747533021.5791173,3.516395978928838,-6.354410221148646,5.741596221923828
1747533021.602845,3.4705595155020084,-6.367923536147606,9.463787078857422
1747533021.618696,3.444066525503912,-6.3774237317731,5.446672439575195
1747533021.635595,3.3936761224595835,-6.37758789670036,5.310297012329102
1747533021.65907,3.3218728765897976,-6.379290080634513,6.025075912475586
1747533021.6799185,3.2761074542296407,-6.367948632854616,5.356311798095703
1747533021.6991336,3.2196117425117174,-6.370963538154676,6.498098373413086
1747533021.718701,3.1625923214177845,-6.374023843781888,5.427360534667969
1747533021.7346654,3.108143532247575,-6.379510468564488,5.324363708496094
1747533021.7533247,3.043638155224624,-6.385525437786886,5.092620849609375
1747533021.7779446,2.9725628982199623,-6.394854123946784,5.203485488891602
1747533021.7982934,2.9317560415722226,-6.392017180199276,5.333185195922852
1747533021.817895,2.8848809770457886,-6.391314893972347,5.103111267089844
1747533021.8382764,2.825558013384945,-6.394615978638112,5.264520645141602
1747533021.8587923,2.761413758174035,-6.39620917012984,5.119800567626953
1747533021.8809822,2.734298714451375,-6.392385466209967,5.753278732299805
1747533021.897815,2.7150078873913115,-6.394378811489461,5.073785781860352
1747533021.9147563,2.702738443283598,-6.3949875937157,4.930257797241211
1747533021.9389906,2.643601444511013,-6.377822652622639,6.020069122314453
1747533021.959159,2.610613259137862,-6.369900184285833,5.844354629516602
1747533021.979607,2.589324908215619,-6.364558420426242,4.9076080322265625
1747533021.9996064,2.5513426461377087,-6.359194441151428,4.908323287963867
1747533022.0178828,2.493011716039738,-6.358602235249585,5.022764205932617
1747533022.0391219,2.460780186624927,-6.3574147824904905,5.8803558349609375
1747533022.059044,2.402876007596839,-6.367054280816775,5.348920822143555
1747533022.0838752,2.356705992137909,-6.374856574853913,6.790399551391602
1747533022.1035037,2.3211672313212697,-6.378566971666092,8.127212524414062
1747533022.122971,2.2895370611149723,-6.382631448782276,7.332086563110352
1747533022.1424112,2.230784411545831,-6.392868767588704,7.391691207885742
1747533022.1591473,2.180937370145107,-6.407264140703826,5.796670913696289
1747533022.1785514,2.152021141116214,-6.414686182103611,5.469799041748047
1747533022.19805,2.082569953677191,-6.434982151478474,4.940986633300781
1747533022.217972,2.027408804883401,-6.4568719385828315,4.967451095581055
1747533022.2374597,1.9863461082610927,-6.469862101178945,4.712581634521484
1747533022.2526844,1.9222567068644045,-6.486023317918272,4.749298095703125
1747533022.2776625,1.8477603698853964,-6.506206555559139,4.884004592895508
1747533022.297753,1.7865731281973924,-6.519333847587535,5.00798225402832
1747533022.3177297,1.7190066528096843,-6.532563082788357,4.950761795043945
1747533022.3374896,1.6545403431980015,-6.542289105304115,4.7435760498046875
1747533022.3526316,1.598107883351144,-6.551444648185135,4.828453063964844
1747533022.3776224,1.5051562547402615,-6.565607967689142,4.974126815795898
1747533022.3933926,1.477146551248843,-6.576570154207985,4.785060882568359
1747533022.4225843,1.414687362052658,-6.58937760072583,7.04646110534668
1747533022.443344,1.3846154999667564,-6.593053556380486,8.175849914550781
1747533022.4630737,1.2996798321324226,-6.62720203242597,6.317138671875
1747533022.4821074,1.245435861251921,-6.635244393901599,5.303859710693359
1747533022.4978678,1.202360916728275,-6.639677957452594,4.9839019775390625
1747533022.5179057,1.1392140916333593,-6.652805880140395,5.054235458374023
1747533022.538576,1.074479905688573,-6.66362332307948,5.544900894165039
1747533022.5597503,1.012220850657312,-6.668788827497288,6.640195846557617
1747533022.579131,1.0273021730233698,-6.651929098774981,5.1937103271484375
1747533022.5993168,1.0308335161320374,-6.630421752968657,6.251096725463867
1747533022.619758,1.0024557738976267,-6.616170643224277,5.272626876831055
1747533022.6380534,0.9673728234969147,-6.600818681821093,5.144357681274414
1747533022.6580095,0.9272524107383211,-6.593321175283806,5.116939544677734
1747533022.678704,0.870320777966735,-6.590372339482453,4.940509796142578
1747533022.69784,0.7843216692740327,-6.583104856863841,5.033254623413086
1747533022.7180169,0.8822725303169098,-6.563215784950258,5.012273788452148
1747533022.737564,0.8736731744829388,-6.534343760110429,4.8809051513671875
1747533022.7576628,0.8501754759082436,-6.515442462915794,4.996299743652344
1747533022.7778356,0.7910379776974533,-6.482835803401701,5.005836486816406
1747533022.7978299,0.7494731602169454,-6.45733548129529,5.024194717407227
1747533022.818171,0.7142515600494156,-6.432602827071107,4.961490631103516
1747533022.8384101,0.6883160529926547,-6.4147813470894395,5.563259124755859
1747533022.8577387,0.6346078954856802,-6.385402575729223,4.992246627807617
1747533022.877692,0.5902213903369604,-6.3687420882262185,5.074501037597656
1747533022.8980787,0.5491965831780791,-6.3475008710394745,5.068302154541016
1747533022.919955,0.5105912070524026,-6.323931095030769,5.0563812255859375
1747533022.9382105,0.48210286064474916,-6.30311553475075,5.128622055053711
1747533022.957812,0.4313156052105811,-6.270815302289447,5.036115646362305
1747533022.9778352,0.3963468379595011,-6.241515707429749,5.125999450683594
1747533023.0032072,0.3669492179194324,-6.227259311234495,6.9980621337890625
1747533023.026413,0.29355353619673447,-6.19279553081598,8.58163833618164
1747533023.0461502,0.24235077843611416,-6.16241192949518,8.049726486206055
1747533023.0666912,0.22879677183365943,-6.143479553709047,8.29172134399414
1747533023.0888064,0.1444769330939826,-6.101482004743301,5.3119659423828125
1747533023.1071193,0.10870277856615863,-6.075939892266217,6.77943229675293
1747533023.1268032,0.08273226012161539,-6.0607738150093375,7.742881774902344
1747533023.1501975,-0.04510115729130589,-5.997758758660226,6.045103073120117
1747533023.167048,-0.12741721917721874,-5.973830998784666,7.085561752319336
1747533023.1828268,-0.19096235584725946,-5.952402869717866,5.681753158569336
1747533023.1991012,-0.21332252568684124,-5.934032250871253,6.282567977905273
1747533023.2188005,-0.2699792448561334,-5.895833479625791,6.016016006469727
1747533023.238899,-0.3156185563596384,-5.868559122117696,6.163597106933594
1747533023.258787,-0.36326346448415664,-5.841556081684932,6.052255630493164
1747533023.2800932,-0.41291513502472854,-5.810589953064976,5.906105041503906
1747533023.2987366,-0.4729398703736248,-5.775677975883918,5.892276763916016
1747533023.3154318,-0.5014045393299773,-5.758292254533991,5.768060684204102
1747533023.339171,-0.6019315659766409,-5.7151083818006905,6.437540054321289
1747533023.3590221,-0.6725850026104958,-5.675733973830343,6.014347076416016
1747533023.379153,-0.722339244764676,-5.636355119966985,6.241321563720703
1747533023.4017253,-0.8003382570475341,-5.571700586917291,7.294416427612305
1747533023.4190428,-0.8508059577324146,-5.521539747810836,6.02269172668457
1747533023.439398,-0.888430069750792,-5.4772032956619,5.625247955322266
1747533023.4585571,-0.9229431800740973,-5.441008645643941,5.748510360717773
1747533023.479403,-1.0108045110502473,-5.394849289025209,5.492925643920898
1747533023.4948227,-1.044798935330881,-5.361883641209209,5.494594573974609
1747533023.5185893,-1.0805423978889475,-5.303810594534391,5.5522918701171875
1747533023.5389204,-1.1792333875711272,-5.258596344503985,5.762338638305664
1747533023.5586734,-1.2261844440847378,-5.213816191271098,5.471944808959961
1747533023.5926764,-1.254719164066309,-5.169500102539787,19.61970329284668
1747533023.6187682,-1.3179721224301455,-5.100513174685316,6.323575973510742
1747533023.6352892,-1.3734970515961502,-5.000425310918123,6.222009658813477
1747533023.6630294,-1.4465583234372816,-4.928292308389633,6.8149566650390625
1747533023.683799,-1.4753618272659175,-4.869804124916917,6.585359573364258
1747533023.7119813,-1.4923883422392743,-4.807256050003491,6.222248077392578
1747533023.7334676,-1.553291526564445,-4.753449466117746,6.120204925537109
1747533023.7529886,-1.5785347263442167,-4.693370161985167,6.247520446777344
1747533023.7729578,-1.5910824127733105,-4.633901029499383,6.123065948486328
1747533023.7882822,-1.5960879371017784,-4.5873352698960295,6.626367568969727
1747533023.8014936,-1.6037082262888775,-4.541857639591019,5.10716438293457
1747533023.8227148,-1.6151957359189364,-4.49278541791806,7.316350936889648
1747533023.8387003,-1.6481524876695546,-4.441332610803462,5.595684051513672
1747533023.8549354,-1.6717618401697887,-4.379916543840334,5.126476287841797
1747533023.8779123,-1.6819917782699116,-4.300413384038594,5.162715911865234
1747533023.8990107,-1.6911418924694692,-4.256464291808587,5.081415176391602
1747533023.9178488,-1.701360578031779,-4.187447475674894,5.045890808105469
1747533023.9396272,-1.7047941958650483,-4.123472313218957,6.659984588623047
1747533023.958776,-1.7215171520980783,-4.0637123484783855,5.542516708374023
1747533023.9787326,-1.7294948598720508,-4.00174065416062,5.675077438354492
1747533024.0066884,-1.7340023872798938,-3.95110303594248,5.920886993408203
1747533024.0264292,-1.726469446814208,-3.8624001475275707,6.231546401977539
1747533024.0461247,-1.7201161655119852,-3.794210604622817,6.604194641113281
1747533024.065533,-1.7049135973902716,-3.707402755844661,7.225990295410156
1747533024.0860271,-1.6882234067407658,-3.6120027214156845,8.707046508789062
1747533024.106132,-1.6604282269164627,-3.5328983624066757,5.8841705322265625
1747533024.1199415,-1.6441349694358478,-3.4557996709816794,4.903554916381836
1747533024.1385307,-1.6427437520237012,-3.3936475522497713,5.407094955444336
1747533024.1579018,-1.6434928608632307,-3.328578381451451,5.0144195556640625
1747533024.177659,-1.6450713532684376,-3.26579593142891,4.81414794921875
1747533024.192501,-1.6469188501782115,-3.2277722657778813,4.617214202880859
1747533024.2177215,-1.5369294165516625,-3.140376387444232,4.848003387451172
1747533024.2375643,-1.520590957648497,-3.07610204328773,4.7168731689453125
1747533024.2576625,-1.512688954727118,-3.009902452337255,4.851102828979492
1747533024.2789736,-1.516622872155086,-2.966731835184167,6.037235260009766
1747533024.299532,-1.481428449069246,-2.9066355741752905,4.787206649780273
1747533024.3189056,-1.4707665332435935,-2.8350212433162687,5.510568618774414
1747533024.3340182,-1.470407857771035,-2.801086145628443,4.917383193969727
1747533024.3579915,-1.4110570916728422,-2.7107812810796603,4.943370819091797
1747533024.3729615,-1.3965564374482529,-2.670013064184348,4.7702789306640625
1747533024.3980443,-1.3815468754806235,-2.605730309455168,5.119562149047852
1747533024.4181828,-1.3446521376884828,-2.5349587492361576,5.179405212402344
1747533024.4382608,-1.3362957021532884,-2.4428929937166113,5.339145660400391
1747533024.4593077,-1.3443550940186046,-2.355975195695743,5.1136016845703125
1747533024.4803326,-1.2910046070722252,-2.281626973299578,6.844997406005859
1747533024.5074866,-1.2752019132201144,-2.214676872192058,8.338212966918945
1747533024.5273461,-1.264125204295219,-2.129706512960055,7.204532623291016
1747533024.546004,-1.2479246122413208,-2.0835231792205153,6.801128387451172
1747533024.5625565,-1.2314054274253348,-1.9951136502134232,5.890607833862305
1747533024.578037,-1.224702753936198,-1.909818398816252,5.011320114135742
1747533024.5980697,-1.2231438481408836,-1.84704378892794,5.242586135864258
1747533024.6179812,-1.1922499057666358,-1.7436489366128691,5.266427993774414
1747533024.6378303,-1.1738267037224257,-1.6506841179542024,5.156993865966797
1747533024.6588264,-1.1582614367502106,-1.574240280543651,5.489110946655273
1747533024.6783712,-1.1223905834800743,-1.4771765312610572,5.4836273193359375
1747533024.696618,-1.0981856777619161,-1.3987884831941977,5.089998245239258
1747533024.7186122,-1.0767626008888351,-1.3047369349170848,5.496978759765625
1747533024.7385318,-1.0534899522795642,-1.232124004300789,5.803346633911133
1747533024.7583358,-0.9956071505409037,-1.1468306169694074,5.666494369506836
1747533024.778646,-0.9565290760062222,-1.0746977568772016,5.840063095092773
1747533024.7996325,-0.9313854149531383,-1.0228023661591268,6.524801254272461
1747533024.8204672,-0.9234164601451161,-0.9627560237484463,5.954742431640625
1747533024.8387554,-0.8961989545340734,-0.8845476280872278,5.890130996704102
1747533024.8587925,-0.8805829943406362,-0.8316960436553132,6.114006042480469
1747533024.879342,-0.854133320798578,-0.787465826395739,6.525993347167969
1747533024.9031181,-0.8236712621447366,-0.7484290108507528,8.13436508178711
1747533024.922529,-0.7910392085589497,-0.6905824455347551,6.978750228881836
1747533024.941147,-0.7665253315237609,-0.6499962435256817,6.810903549194336
1747533024.9602516,-0.7294594809130195,-0.5897528181830648,6.1664581298828125
1747533024.9915464,-0.6700664181696288,-0.5105222458181125,7.615089416503906
1747533025.1207106,-0.3159094214386958,-0.1727202193586443,6.345272064208984
1747533025.1357834,-0.30599560325701813,-0.13806153652361405,5.263566970825195
1747533025.1581657,-0.2665435170758552,-0.0963625376688487,5.450725555419922
1747533025.1782281,-0.21669619390917627,-0.04048264606437784,5.36799430847168
1747533025.1985354,-0.1666318238367968,0.0080745597731002,5.687236785888672
1747533025.21909,-0.12229707094875855,0.0448290965437459,5.218505859375
1747533025.2386048,-0.0579999303732248,0.07681230667521641,5.774021148681641
1747533025.2585728,0.021058116106984947,0.09741373768703969,5.417823791503906
1747533025.2794554,0.0779213071865617,0.11139529573099625,5.094051361083984
1747533025.298888,0.11413995478454841,0.14478614432300355,5.060434341430664
1747533025.3187525,0.1532918325558984,0.16746833506575803,5.648374557495117
1747533025.3377151,0.18584541520303677,0.1880837817612143,4.957914352416992
1747533025.3583207,0.23785090838753728,0.2060466488307875,5.554676055908203
1747533025.3846765,0.28111273909272005,0.22286777271976427,5.545377731323242
1747533025.4008794,0.31789247878635957,0.23164006927215297,5.19561767578125
1747533025.427944,0.37833672527453593,0.24270938902046457,7.74073600769043
1747533025.446296,0.37832117177827235,0.24723337992055822,5.639076232910156
1747533025.4663334,0.3904765049145544,0.252272222779309,9.168624877929688
1747533025.4807825,0.40148994974444213,0.2557518006867332,5.412578582763672
1747533025.4978454,0.45738371238560316,0.2591334719090628,4.950523376464844
1747533025.5178788,0.497549123934589,0.2583447073156867,5.100250244140625
1747533025.5337577,0.51984993270296,0.2552250787254387,4.989147186279297
1747533025.5596445,0.566487921905713,0.2566829725131701,5.268573760986328
1747533025.5778575,0.642874723934183,0.2537148666605153,5.100011825561523
1747533025.5985227,0.6825100931146687,0.25217487672439864,5.549192428588867
1747533025.6196864,0.717236230106827,0.2529440025426231,4.88591194152832
1747533025.6377783,0.7938762400753856,0.25221877201541715,4.853248596191406
1747533025.6585217,0.863933267340176,0.2632461553911621,5.866527557373047
1747533025.6780906,0.9246282923409321,0.2717245236844961,5.028963088989258
1747533025.697736,1.0223417001512765,0.2769608869575584,4.913568496704102
1747533025.717561,1.0870424581751825,0.27801213059800045,4.66609001159668
1747533025.7429092,1.1403538405311224,0.2777112237861263,7.512092590332031
1747533025.7603357,1.173380505758102,0.28367555483312734,4.984378814697266
1747533025.7779167,1.2211709046752854,0.28137488176460773,4.844188690185547
1747533025.7979026,1.278621031740059,0.2643774532889187,4.904270172119141
1747533025.8177109,1.3261945030081104,0.25361998426161203,4.845619201660156
1747533025.8378294,1.3722588577010342,0.25101026272244065,4.840612411499023
1747533025.8546045,1.4800040457993542,0.24541688659473654,5.131006240844727
1747533025.8834217,1.553835723360712,0.23305676233054157,10.373592376708984
1747533025.9042363,1.5850701853336469,0.22586727920619012,9.095907211303711
1747533025.9258702,1.6463760563588237,0.20832955184254814,9.091854095458984
1747533025.9490204,1.6898035862621146,0.19941837390972045,9.639501571655273
1747533025.966955,1.7347436807597463,0.18942505814693722,6.510257720947266
1747533025.9811635,1.7676240755967334,0.18044598452595348,4.8542022705078125
1747533025.998656,1.8037536710583966,0.1587616018957958,5.702733993530273
1747533026.019311,1.8428382432489692,0.14208527860835435,4.648447036743164
1747533026.0378268,1.848780036846313,0.1356357252321592,4.713535308837891
1747533026.0573964,1.9273714803066249,0.1058658731454496,4.622936248779297
1747533026.0774136,1.9846468833885689,0.08670771187904709,4.7512054443359375
1747533026.0978906,2.0239639214070193,0.0726573920079061,4.757881164550781
1747533026.1154299,2.043446349878979,0.06585053139537417,4.939079284667969
1747533026.1385298,2.1119408238414614,0.028864664533899492,5.309820175170898
1747533026.1581247,2.166828490515428,0.00442478891792239,5.290985107421875
1747533026.1789963,2.2198679530374967,-0.0179417576062583,5.818367004394531
1747533026.1987312,2.298144539756604,-0.05201079983409092,5.868673324584961
1747533026.2218268,2.3416336633438184,-0.07305792730953871,5.967140197753906
1747533026.2433078,2.369267186334609,-0.09153672546643805,8.03828239440918
1747533026.2629182,2.4152512705416824,-0.1420760108770214,5.377054214477539
1747533026.2777686,2.441142620062427,-0.1724089756973552,5.00035285949707
1747533026.2944684,2.468903724720158,-0.20182595723090405,4.966974258422852
1747533026.3186264,2.522521407440905,-0.22124346342225662,5.669593811035156
1747533026.3417544,2.5513523197469126,-0.23229353056673033,6.453037261962891
1747533026.3617942,2.569998951944107,-0.2399478018151101,5.781412124633789
1747533026.3785076,2.6103425376060927,-0.27236801147309364,5.437374114990234
1747533026.400248,2.6323324725747788,-0.32740715236074935,6.366729736328125
1747533026.4257348,2.6441459194271473,-0.37194660235895427,6.456136703491211
1747533026.4458828,2.6598971275972922,-0.41240490964791543,6.663322448730469
1747533026.4623876,2.6701792583771753,-0.44299461902922754,6.052732467651367
1747533026.478595,2.679369445565641,-0.4691020444855564,5.461692810058594
1747533026.498604,2.6893241059310085,-0.4882787968886782,5.567073822021484
1747533026.5182476,2.705530442711398,-0.5414817834306007,5.476236343383789
1747533026.538237,2.7070093672680673,-0.5850048069178682,5.567312240600586
1747533026.558339,2.711986716196469,-0.6244966220186167,5.635738372802734
1747533026.5790975,2.723632596185954,-0.6839453816289842,5.739450454711914
1747533026.598862,2.7286725451119835,-0.7431365345763687,6.116390228271484
1747533026.6200922,2.7323696675003166,-0.7921508190195543,6.533384323120117
1747533026.6389754,2.7299826375559064,-0.8291953274666223,6.215572357177734
1747533026.658908,2.746172498062197,-0.8861955166869011,5.832195281982422
1747533026.6784773,2.75362976533762,-0.9294834437884816,5.5694580078125
1747533026.7122111,2.759906919978528,-0.9789562663864638,5.831241607666016
1747533026.728044,2.7588987789389683,-0.986869273822179,6.047725677490234
1747533026.7431233,2.7730769568289553,-1.038421053523382,6.152629852294922
1747533026.7573304,2.7779306601547997,-1.0807271128179525,5.4035186767578125
1747533026.774611,2.7753583865948284,-1.1134851414165285,5.9566497802734375
1747533026.79486,2.7750984153897833,-1.1397533918370912,5.42449951171875
1747533026.8189752,2.7518524575963683,-1.1955054988303728,5.760431289672852
1747533026.8380296,2.723875608266272,-1.2346670936908068,5.267620086669922
1747533026.8594372,2.703174653824007,-1.256806471401979,5.179882049560547
1747533026.8783326,2.6916710545332787,-1.3134059208595776,5.326747894287109
1747533026.8991835,2.685569182233322,-1.3629301110951553,5.74183464050293
1747533026.917574,2.6800503215007243,-1.4013599983400977,4.791498184204102
1747533026.9377131,2.661240159377558,-1.4811290858011645,4.886865615844727
1747533026.9576533,2.6472826304064774,-1.5417823488386344,4.823446273803711
1747533026.9779294,2.644954260703818,-1.5784595332614229,4.881143569946289
1747533026.9990118,2.6435121323261357,-1.60445669283053,5.234956741333008
1747533027.0156496,2.6156853643302918,-1.6421873565354286,4.666805267333984
1747533027.0377645,2.585548175021769,-1.6783572081527607,4.825115203857422
1747533027.0576532,2.564709169699863,-1.698795962059552,4.899024963378906
1747533027.0775187,2.475953402985666,-1.6712831512207573,4.859209060668945
1747533027.0988853,2.445106532259341,-1.683418714591079,4.988193511962891
1747533027.1182983,2.4311004889257246,-1.7063711826782233,5.375385284423828
1747533027.1398454,2.39719970040526,-1.7283189980252855,6.093740463256836
1747533027.1622195,2.3735389487969303,-1.7483181402807406,6.216287612915039
1747533027.1785648,2.3502992543979673,-1.768548476266503,5.224466323852539
1747533027.1939178,2.334423402129787,-1.7850217129308543,5.489349365234375
1747533027.2181628,2.3146750798658613,-1.8327221973241434,5.359411239624023
1747533027.235631,2.3047318710856457,-1.8713141856391395,5.202293395996094
1747533027.255126,2.293862795836073,-1.905466237855938,5.237340927124023
1747533027.2784882,2.2861737421191433,-1.9363550538473038,5.243539810180664
1747533027.2988355,2.2792121960392233,-1.9573470481000188,5.549430847167969
1747533027.3184433,2.2720846111827075,-1.973210259111332,5.2776336669921875
1747533027.3388336,2.2576265069805226,-1.9838437160944142,5.494356155395508
1747533027.358323,2.250091187498021,-1.9993797840394776,5.176782608032227
1747533027.3784456,2.2451642965000165,-2.010704487234559,5.362987518310547
1747533027.3978777,2.2284480459182303,-2.023795716893886,5.153179168701172
1747533027.4180202,2.2189455486271203,-2.033505163923267,5.134820938110352
1747533027.4380531,2.20984170066097,-2.0449828053946386,5.260705947875977
1747533027.4587183,2.2079709573518183,-2.0513734820945615,5.369424819946289
1747533027.479991,2.1891056445824413,-2.0664456988261977,5.97691535949707
1747533027.5018704,2.1785711886331622,-2.0806154427612493,8.020639419555664
1747533027.518149,2.1703148822603375,-2.0927170442428307,5.178928375244141
1747533027.5379412,2.179732778434407,-2.098738037079524,5.126476287841797
1747533027.560403,2.1853608622749787,-2.1030970443821886,6.599664688110352
1747533027.5785882,2.1857664664102026,-2.107115498189886,5.5103302001953125
1747533027.598381,2.1747500773862196,-2.1187624253262793,5.277872085571289
1747533027.6183703,2.1633869984395537,-2.1309126705798533,5.3348541259765625
1747533027.6381767,2.1521303704082166,-2.1481599588146616,5.139350891113281
1747533027.6580932,2.1478203295920717,-2.151040870774327,5.181550979614258
1747533027.676424,2.1498485183276776,-2.148383164538209,6.201744079589844
1747533027.6985993,2.1478717386239063,-2.150377743899094,5.566835403442383
1747533027.7195609,2.150981340529921,-2.147316267120972,6.321907043457031
1747533027.7402754,2.1299728493039436,-2.1531569446648864,6.155967712402344
1747533027.7634473,2.121016284852926,-2.159052787749884,7.313251495361328
1747533027.7836766,2.11709153341121,-2.1622628631547443,6.292104721069336
1747533027.803445,2.116453484665463,-2.164893872615932,6.373167037963867
1747533027.8213882,2.119722187842944,-2.161347550226213,5.103111267089844
1747533027.838206,2.121210864676767,-2.157156121060118,5.305290222167969
1747533027.8585603,2.1228415891110477,-2.1530158294463138,5.410909652709961
1747533027.8782134,2.1261529863441386,-2.1497558283878964,5.247354507446289
1747533027.8999472,2.119512284411242,-2.141029063385059,5.838632583618164
1747533027.9190564,2.1128432412643376,-2.1347909471711275,5.179166793823242
1747533027.938763,2.110159113939799,-2.1310847018046544,5.770206451416016
1747533027.9588666,2.1056768448234684,-2.1348022349414495,5.956411361694336
1747533027.9788325,2.101184187902684,-2.137863525116878,5.918025970458984
1747533027.995863,2.098803427393637,-2.1421237381682623,5.745887756347656
1747533028.023557,2.1119042882063037,-2.1376731896168844,6.18290901184082
1747533028.0388713,2.119671349736782,-2.1332806060881153,5.3501129150390625
1747533028.0585933,2.126778971780287,-2.1277234400975287,5.2623748779296875
1747533028.075055,2.131096017275041,-2.1185951582191143,5.205631256103516
1747533028.0982826,2.1244183462116144,-2.1140328271393374,5.245685577392578
1747533028.120124,2.120117145797966,-2.113459928845353,6.466388702392578
1747533028.1405773,2.117967343603939,-2.1127776203900193,6.064414978027344
1747533028.1603947,2.12957439958375,-2.1034921872515433,6.238460540771484
1747533028.1831045,2.1389619195497085,-2.0908345441699576,7.757902145385742
1747533028.1985168,2.1428693512553365,-2.082992867450684,5.622386932373047
1747533028.216802,2.1504723629261777,-2.077689888260685,5.273342132568359
1747533028.2406154,2.154567540608614,-2.07363185754413,5.927801132202148
1747533028.2586043,2.156056311906505,-2.07297907773076,5.8574676513671875
1747533028.2788165,2.159594965189963,-2.068509458316348,5.39708137512207
1747533028.2982388,2.159778614951731,-2.0686024107997016,5.340099334716797
1747533028.3188465,2.159629579116271,-2.070292570384599,5.211353302001953
1747533028.3405094,2.160727703385276,-2.0692004937319552,6.06846809387207
1747533028.35659,2.159594875157607,-2.079822537006898,5.1555633544921875
1747533028.3736506,2.1588165175694076,-2.0837895334912977,5.255699157714844
1747533028.3980958,2.1567371318009823,-2.0878540611849075,5.2700042724609375
1747533028.4191098,2.1642713846408883,-2.082747743857687,5.357265472412109
1747533028.4411438,2.168616921497676,-2.0822871731476327,7.024288177490234
1747533028.462065,2.1711175024066045,-2.0747532847407593,7.128238677978516
1747533028.4857566,2.1603975110882097,-2.071627596192679,8.853435516357422
1747533028.5068169,2.1583254256931257,-2.073374923548728,8.394241333007812
1747533028.5257833,2.156090403311083,-2.077427886492022,8.341789245605469
1747533028.5422337,2.1752294737061044,-2.071133391981125,5.482196807861328
1747533028.55795,2.1845347585668433,-2.0703304258026,5.097627639770508
1747533028.578951,2.1914206130572635,-2.0690029234857854,5.588054656982422
1747533028.5989578,2.1971293435656727,-2.06626965627443,5.84101676940918
1747533028.6210132,2.188007846098474,-2.0738443485507365,5.481958389282227
1747533028.6410642,2.182150275546092,-2.081779522901769,5.683422088623047
1747533028.6615627,2.1755213798533033,-2.0894157361738657,5.948066711425781
1747533028.6790957,2.1811892784206326,-2.0892673682375635,5.615472793579102
1747533028.700469,2.1795619096440753,-2.091627117873997,7.68280029296875
1747533028.7182138,2.179586734997161,-2.09006082061282,5.27191162109375
1747533028.7399137,2.198211990221187,-2.0898727268314303,7.070064544677734
1747533028.757784,2.2072622036391953,-2.0845968819826597,5.002737045288086
1747533028.7791064,2.216198354912562,-2.0800804232311334,6.180763244628906
1747533028.7992473,2.222705555665152,-2.0726857883504564,5.531072616577148
1747533028.816826,2.2175367164182846,-2.0713441196170623,4.889011383056641
1747533028.8380764,2.219913730144557,-2.0661008484241212,5.138397216796875
1747533028.8546257,2.2203569779988936,-2.0647721115788924,5.110025405883789
1747533028.8728697,2.2572048356871868,-2.058093439156797,4.990577697753906
1747533028.9003794,2.2758720474440675,-2.047925909355963,5.864381790161133
1747533028.9190688,2.2820192899893823,-2.0417871379581043,5.348443984985352
1747533028.941534,2.3071853927339308,-2.027112580122363,8.304357528686523
1747533028.9592147,2.3210278450023796,-2.019682625051125,4.886865615844727
1747533028.978929,2.3316983317173436,-2.0122314522526232,5.3558349609375
1747533029.0022204,2.334699073364148,-2.0085667089242656,5.27191162109375
1747533029.0191457,2.341682516810427,-1.9999227989216213,5.164861679077148
1747533029.037872,2.3583175202557305,-2.0009152469698646,4.948616027832031
1747533029.0583596,2.3654729333209303,-1.994275844537998,5.3386688232421875
1747533029.0779586,2.369566246530767,-1.9886488682747967,5.04302978515625
1747533029.1024358,2.423232727658372,-1.9759965521356282,7.5397491455078125
1747533029.1172104,2.451778754617094,-1.963880466567839,4.945516586303711
1747533029.1384993,2.468593967679812,-1.9498846991281886,5.058050155639648
1747533029.1586902,2.4835025113794535,-1.9376160730703316,5.600214004516602
1747533029.1742716,2.4955165162098187,-1.9219240553580215,5.202054977416992
1747533029.201847,2.507667736635433,-1.9064299794283885,6.351947784423828
1747533029.2204695,2.51562935058789,-1.894668156638232,5.418300628662109
1747533029.2378988,2.5515223655349883,-1.8835095325750482,4.982233047485352
1747533029.2586036,2.5652732742613593,-1.8738983826997992,5.137205123901367
1747533029.2776637,2.5690574380972113,-1.8679942922287038,4.899740219116211
1747533029.2995365,2.60150372048845,-1.852846975727862,6.710529327392578
1747533029.3177214,2.6244422049640797,-1.8387805154941639,4.843235015869141
1747533029.3327007,2.6409345565832187,-1.828741197602198,4.65846061706543
1747533029.3582962,2.6864224490111295,-1.8017162523535906,4.91786003112793
1747533029.3775575,2.70296734327889,-1.7874284410932735,4.706382751464844
1747533029.3925855,2.707846406881319,-1.779558046832521,4.526615142822266
1747533029.4130616,2.7128785547247087,-1.7696549791567877,4.714488983154297
1747533029.438262,2.753423313950203,-1.7492659163200874,5.218744277954102
1747533029.4585972,2.770528853122462,-1.7360365901369899,4.73475456237793
1747533029.4778466,2.7805036202611726,-1.725944084963298,4.5833587646484375
1747533029.4976363,2.8094606738276844,-1.703156557992842,4.805088043212891
1747533029.517308,2.828302118191196,-1.682982694626243,4.516124725341797
1747533029.5384464,2.84188328036632,-1.6681120467540524,5.104780197143555
1747533029.560304,2.8737999704299484,-1.6522613062133502,5.459785461425781
1747533029.5790327,2.888622149177081,-1.6395029322539987,4.935264587402344
1747533029.5984724,2.8974073863828362,-1.6300670820925691,4.952669143676758
1747533029.6239324,2.9135419890826912,-1.6089576340052427,5.035638809204102
1747533029.6420455,2.923218190238076,-1.5939349057523822,5.248069763183594
1747533029.6608646,2.9269431832761206,-1.5822563563743093,5.3997039794921875
1747533029.677658,2.930200891719536,-1.5723614905475365,4.652976989746094
1747533029.697679,2.96279384333644,-1.543907306105696,4.74858283996582
1747533029.7209215,2.972899155671684,-1.5213419942783306,5.933284759521484
1747533029.7375183,2.9810409102592583,-1.506204400786048,4.599571228027344
1747533029.7585902,2.9891179388208498,-1.4855030388680723,5.346536636352539
1747533029.7775135,2.9947164821459493,-1.4685008172288607,4.675149917602539
1747533029.7976534,2.9980129607510664,-1.451213391510139,4.722118377685547
1747533029.8195174,3.033898821617818,-1.4321644928160069,4.773378372192383
1747533029.837692,3.049881301404632,-1.4144090494186006,4.791975021362305
1747533029.8612592,3.061447506534948,-1.399076267676288,5.885839462280273
1747533029.878292,3.0656235493867316,-1.3844922554763377,5.071878433227539
1747533029.898064,3.05733756015929,-1.3584218269490447,5.025148391723633
1747533029.9180992,3.055865960912036,-1.3436618088392602,5.105257034301758
1747533029.9384503,3.0537376383270116,-1.3290339295651454,5.277872085571289
1747533029.958837,3.0771314791084388,-1.3031891599233647,5.562067031860352
1747533029.9828548,3.0810301829533686,-1.2797781464294566,6.611347198486328
1747533030.1635723,3.087958887696209,-1.1063669314947722,5.40614128112793
1747533030.180834,3.1012841246002125,-1.089337939896338,5.03849983215332
1747533030.1982555,3.111583936892342,-1.0737002112859522,6.0405731201171875
1747533030.2186215,3.1090163446288726,-1.0466878138608464,5.27501106262207
1747533030.2381713,3.117271614143786,-1.021438217200329,5.2623748779296875
1747533030.2578304,3.1172666622803895,-1.0008233345073398,5.028486251831055
1747533030.2779617,3.1045165586329566,-0.9931344143369338,5.167245864868164
1747533030.2978814,3.097564825000731,-0.983394762716675,5.083560943603516
1747533030.3130612,3.090503336121583,-0.9795082217397386,4.909276962280273
1747533030.3413396,3.087227318546096,-0.9780136168351925,7.808923721313477
1747533030.3580296,3.0957717011471213,-0.9673061150365337,5.038738250732422
1747533030.3787785,3.1058843815987154,-0.9629896677746588,5.124092102050781
1747533030.3989148,3.1112796003370007,-0.9558064578591878,5.155324935913086
1747533030.4180183,3.1165111274031805,-0.9506743718182094,5.037546157836914
1747533030.4331,3.1213076773368633,-0.9449782693923027,4.980325698852539
1747533030.453443,3.1096932031876676,-0.950926206475158,5.161523818969727
1747533030.4779735,3.10091471268769,-0.9580613396498011,5.152225494384766
1747533030.5000796,3.0965478266923974,-0.962211417472618,6.307840347290039
1747533030.5180604,3.0880044261972803,-0.9590279400328938,5.1136016845703125
1747533030.5380805,3.0756582136897945,-0.9450793598327131,5.2013397216796875
1747533030.5582464,3.072304178862206,-0.929619363842399,5.286216735839844
1747533030.5786936,3.073700263939192,-0.9181066568557725,5.44285774230957
1747533030.6013865,3.075233368040195,-0.9135689330489865,8.009195327758789
1747533030.6183221,3.075442823720266,-0.9093647222821931,5.110979080200195
1747533030.6393647,3.068379360101476,-0.8986025258518661,5.99980354309082
1747533030.657996,3.067869882349187,-0.8909512717588178,5.151987075805664
1747533030.678257,3.0652878545305176,-0.8923983053940425,5.15294075012207
1747533030.6938782,3.0647097182779,-0.8898247837204628,5.329608917236328
1747533030.7204607,3.0805292402848687,-0.8910396568174932,6.319761276245117
1747533030.737803,3.0838094933788494,-0.8894610936922949,5.131959915161133
1747533030.757901,3.087582899909739,-0.8858412376820823,5.1898956298828125
1747533030.778702,3.0795445826914514,-0.8855381112643994,5.728960037231445
1747533030.8037164,3.0729968951745454,-0.8838250602198713,7.393598556518555
1747533030.8237102,3.0673613054488933,-0.8853546948209461,6.621599197387695
1747533030.8393416,3.076854242291139,-0.8871600511037652,5.098581314086914
1747533030.8598297,3.0789919448891676,-0.887842285853354,5.292654037475586
1747533030.8731759,3.0786544852824274,-0.8872657619417147,4.973649978637695
1747533030.899032,3.0737290326497866,-0.8843864798554559,5.869150161743164
1747533030.919041,3.06821770283413,-0.8839826879771835,5.955696105957031
1747533030.939021,3.0672971573147443,-0.8833935402502772,5.768299102783203
1747533030.958165,3.0680962869159885,-0.8876566889291264,5.395650863647461
1747533030.978694,3.0737197987128404,-0.8896047136261436,5.454778671264648
1747533031.0042672,3.0817018465769244,-0.8923232921154197,9.835481643676758
1747533031.020152,3.079933644863436,-0.8974068813530529,5.238533020019531
1747533031.0385313,3.0739667740329857,-0.8985979820776314,5.371570587158203
1747533031.0585067,3.0705022885606374,-0.8981361724241455,5.369901657104492
1747533031.0779648,3.066464120327517,-0.8983430523291736,5.169391632080078
1747533031.098207,3.078275687557444,-0.8979704079114624,5.41377067565918
1747533031.1183984,3.082817435310374,-0.9000495270767532,5.3424835205078125
1747533031.138214,3.083539158982587,-0.9016192956874398,5.355596542358398
1747533031.1533523,3.0831836763077445,-0.9036475443941131,5.626440048217773
1747533031.178119,3.0844830519758197,-0.9035208459751521,5.280971527099609
1747533031.1985848,3.0911767903345795,-0.9034961559137625,5.398035049438477
1747533031.2185206,3.0944280883987574,-0.9032121001357671,5.671262741088867
1747533031.238134,3.0811357680134837,-0.902738643528237,5.220174789428711
1747533031.261412,3.0745928148363655,-0.8987902786111075,5.6476593017578125
1747533031.278816,3.076093388171149,-0.895393273180841,5.387067794799805
1747533031.299007,3.071105224306363,-0.8935889461858497,5.460262298583984
1747533031.3185575,3.0661440749098765,-0.8888694801048792,5.480766296386719
1747533031.3379538,3.0647150261660316,-0.8887263671186204,5.158662796020508
1747533031.3591316,3.0697839045498245,-0.8936133375693578,6.237983703613281
1747533031.3814185,3.0712190745597687,-0.8947386063196353,5.486965179443359
1747533031.3986917,3.067679262027291,-0.8990867616738798,5.50532341003418
1747533031.4191701,3.066128018962934,-0.9051683847748054,7.395505905151367
1747533031.4407232,3.074158219590053,-0.9038366767843479,6.140947341918945
1747533031.4603283,3.0799892583103805,-0.9010856341460033,7.133960723876953
1747533031.4788334,3.084893080773614,-0.8969283999557673,5.435466766357422
1747533031.4992442,3.080110876972073,-0.8903396500972119,5.381107330322266
1747533031.5191507,3.077331910939102,-0.8863115162863504,5.238056182861328
1747533031.5381007,3.0736205771345415,-0.884974642565841,5.085229873657227
1747533031.5591543,3.072209346218395,-0.886263908117097,6.161689758300781
1747533031.5771055,3.076100876233787,-0.8873968596677155,5.043268203735352
1747533031.5980957,3.0795938278170536,-0.8890023282079634,5.307435989379883
1747533031.6185765,3.0807295985060774,-0.891994083589902,5.385875701904297
1747533031.6384807,3.080661594951536,-0.8925276901002668,5.320310592651367
1747533031.6592634,3.07998591750506,-0.897694094922211,6.325960159301758
1747533031.6781049,3.0759007565656495,-0.8987442420913422,5.359649658203125
1747533031.6990101,3.076538550771556,-0.8996019010181775,5.553960800170898
1747533031.7205606,3.0769289603844494,-0.9014148601098284,6.368875503540039
1747533031.7407718,3.076959556953232,-0.8988937824807388,6.773471832275391
1747533031.759417,3.0740752557516844,-0.8970240125897924,5.053520202636719
1747533031.775526,3.0712833587875332,-0.894695170840792,5.054473876953125
1747533031.7983172,3.0711107181359534,-0.8903963454104689,5.652666091918945
1747533031.818665,3.078234149197844,-0.8912359020161598,5.715608596801758
1747533031.8417444,3.083126235163936,-0.8923091571801608,8.795499801635742
1747533031.859287,3.0848884191449266,-0.8875226729838851,5.424022674560547
1747533031.879174,3.0876223668344713,-0.8858987465871566,5.269527435302734
1747533031.8993196,3.08277096804504,-0.883636658191657,6.166219711303711
1747533031.9200377,3.0796017418123283,-0.8828433826436357,5.38945198059082
1747533031.93911,3.081310726282904,-0.8789874264516743,5.993843078613281
1747533031.9588315,3.081927636124716,-0.8840057101616304,5.4874420166015625
1747533031.9788644,3.0813543276975826,-0.8889255551197958,5.125999450683594
1747533031.9979012,3.0788285653520853,-0.8903693362981289,5.190134048461914
1747533032.0183496,3.082592544305265,-0.8849927749809234,5.307435989379883
1747533032.0378318,3.082870236829187,-0.8823172370329928,5.15294075012207
1747533032.0580244,3.0846874160954845,-0.8824183359748978,5.259990692138672
1747533032.084317,3.084892838574821,-0.882074671491215,9.605646133422852
1747533032.100116,3.0807254362893515,-0.8797736297513082,5.640268325805664
1747533032.1187232,3.0823960054989,-0.8801967958143218,6.013154983520508
1747533032.1398163,3.0821287501191805,-0.8820709010177549,6.9732666015625
1747533032.1584132,3.0763783614801063,-0.883522705414671,5.529880523681641
1747533032.178501,3.068791735011066,-0.8805906352297833,5.412817001342773
1747533032.193477,3.0686299412339357,-0.8788494900922613,5.284309387207031
1747533032.2186248,3.078505306489144,-0.8764208904227555,5.514383316040039
1747533032.2387123,3.086957952225584,-0.8798190438434651,5.872964859008789
1747533032.258641,3.09552969719946,-0.8807514096628069,5.640983581542969
1747533032.2782896,3.0953615210882686,-0.8795476982446904,5.6285858154296875
1747533032.2979763,3.0978812188455986,-0.8780157193841063,5.169868469238281
1747533032.3154395,3.0900454594545557,-0.8737498822504751,7.1544647216796875
1747533032.3390775,3.0875618796882316,-0.8699037940815393,6.033182144165039
1747533032.355264,3.0867733429740887,-0.8676044801143449,5.234718322753906
1747533032.3784468,3.0823918645316906,-0.8760422826502091,5.375862121582031
1747533032.3992295,3.0808561324040857,-0.8829358560930466,5.988121032714844
1747533032.420069,3.0824800568460966,-0.8901446729194059,6.966352462768555
1747533032.4387996,3.0828226937651055,-0.894372420866866,5.340337753295898
1747533032.4591255,3.085025889573184,-0.9016072484235427,6.174802780151367
1747533032.474393,3.085297866170758,-0.9075778996010346,5.169391632080078
1747533032.4995542,3.088577408888767,-0.9104576716880574,5.510568618774414
1747533032.5181184,3.08752860586321,-0.9064416290193354,5.272865295410156
1747533032.5379202,3.0859879494726825,-0.9015805815513532,5.172967910766602
1747533032.552936,3.082784979787938,-0.8939152541654837,5.160331726074219
1747533032.5787249,3.1047477834616046,-0.8922496172475332,5.570411682128906
1747533032.59824,3.1198011959943277,-0.8904113438890353,5.098104476928711
1747533032.6181664,3.127417353877829,-0.8902115036763705,5.141019821166992
1747533032.6378918,3.1218711219837885,-0.8901132633507346,5.22160530090332
1747533032.6576889,3.119895336934679,-0.8872076654921699,5.132913589477539
1747533032.67831,3.1182420407825084,-0.8853340835850398,5.26738166809082
1747533032.699114,3.1122054038319704,-0.8851711844185302,5.182027816772461
1747533032.721308,3.1087004149175477,-0.8825698952371926,8.379220962524414
1747533032.7385957,3.1086563826689404,-0.8793804117270434,5.232334136962891
1747533032.7585413,3.108792301685719,-0.8776639484586513,5.523443222045898
1747533032.7809138,3.1016499401592497,-0.880404555894333,5.579471588134766
1747533032.8002362,3.0948564716980305,-0.886343615118801,7.374048233032227
1747533032.8183765,3.0918482287473563,-0.8870773312025402,5.4149627685546875
1747533032.838725,3.085806874203121,-0.8898422811434694,5.560636520385742
1747533032.859144,3.080740968275859,-0.8954716917645643,5.650997161865234
1747533032.8782508,3.076324653536924,-0.8972759883749712,5.341529846191406
1747533032.898913,3.075551233388786,-0.898084573806568,5.149126052856445
1747533032.9184005,3.072768571829777,-0.8955002101431756,5.261898040771484
1747533032.9388738,3.0706939720277466,-0.8915293331714494,5.457401275634766
1747533032.9585085,3.0675285222871134,-0.8912199896354339,5.560874938964844
1747533032.9784765,3.08705296822689,-0.8869754803513857,5.660057067871094
1747533033.005225,3.1020427352246247,-0.8856908706222925,9.249448776245117
1747533033.0203052,3.1109537181141267,-0.8838122037773305,5.240440368652344
1747533033.0358822,3.0965973389982584,-0.8865373374369647,5.066156387329102
1747533033.057856,3.0900345540191414,-0.888649344062879,5.165338516235352
1747533033.0780475,3.0885864987969898,-0.8906083106558162,5.420207977294922
1747533033.0986733,3.0911429514481106,-0.8909350506313514,5.453586578369141
1747533033.1178267,3.090868150360848,-0.884784324257055,5.162954330444336
1747533033.1394577,3.088103792577365,-0.8807447696009044,5.103826522827148
1747533033.1585958,3.0857367752854334,-0.8830557279345184,5.124568939208984
1747533033.1784148,3.085848737651088,-0.8892644252353071,5.306005477905273
1747533033.1945236,3.0821403210128904,-0.8903658372755757,5.192995071411133
1747533033.2183206,3.0794181988635634,-0.8951021093940241,5.381584167480469
1747533033.2424037,3.083421812608393,-0.8925212866922416,9.303569793701172
1747533033.26004,3.084270798719136,-0.8883050470164386,5.354881286621094
1747533033.2780664,3.0834247611467327,-0.8848290226027182,5.152702331542969
1747533033.2981791,3.08238415864224,-0.8913628610750186,5.252599716186523
1747533033.3182707,3.077132994885219,-0.891280303337482,5.375146865844727
1747533033.3380952,3.076190253320895,-0.895803384737422,5.26738166809082
1747533033.3539386,3.0766323920595444,-0.8970207622114736,5.18488883972168
1747533033.378082,3.092525714987554,-0.894489671983622,5.207538604736328
1747533033.3932934,3.104594367000723,-0.8986084876944502,5.13458251953125
1747533033.4178445,3.1143416891005145,-0.8979070316827517,5.141496658325195
1747533033.433757,3.097150593215439,-0.9022599454751643,5.235195159912109
1747533033.457864,3.086199841066264,-0.8986990422069673,5.101680755615234
1747533033.4778638,3.0811902521357717,-0.9008722284210484,5.109071731567383
1747533033.4986057,3.092743994345988,-0.8975120449241445,5.633115768432617
1747533033.518154,3.0976701638919697,-0.896451110758835,5.164623260498047
1747533033.5382085,3.104130480658797,-0.8954670443615268,5.401849746704102
1747533033.55799,3.0941623864890606,-0.9025957130861727,5.171537399291992
1747533033.5772681,3.089101504572529,-0.9022728223782612,5.12385368347168
1747533033.5980866,3.0871477288464257,-0.9004029386188762,5.148172378540039
1747533033.618746,3.0817304658298355,-0.9006410378588561,5.43975830078125
1747533033.6380856,3.0792797518699935,-0.9011678355227108,5.173444747924805
1747533033.6594038,3.079031757028788,-0.900440349982562,5.211591720581055
1747533033.6788957,3.077881845917507,-0.9001919234977755,5.708932876586914
1747533033.698257,3.0877348851208226,-0.898619916112341,5.358219146728516
1747533033.7208304,3.09650525035135,-0.898083455954456,6.784915924072266
1747533033.7362468,3.101151655638507,-0.898218505819248,5.407094955444336
1747533033.7639124,3.105748224359126,-0.8941773290964351,7.925748825073242
1747533033.7851622,3.1099674908125405,-0.890956490522412,5.171775817871094
1747533033.8013096,3.1082829437154036,-0.8873803934734988,6.64830207824707
1747533033.8185525,3.0945566108097142,-0.8931710841150876,5.379199981689453
1747533033.8381305,3.088673499744234,-0.8937888630198327,5.155324935913086
1747533033.8627546,3.087721288993621,-0.8953694269864676,7.966518402099609
1747533033.8795753,3.077002296032943,-0.8949300574882495,5.100250244140625
1747533033.899093,3.0691107849466017,-0.8940883242878868,5.223751068115234
1747533033.9181175,3.0625523686014957,-0.8950175621568573,5.356788635253906
1747533033.9381406,3.0580581533286755,-0.8962252086054056,5.195140838623047
1747533033.9535747,3.0808325717010403,-0.8916081398442979,4.988670349121094
1747533033.9781525,3.0964993923858026,-0.8921141449584921,5.142450332641602
1747533033.997876,3.1048894419971202,-0.8898101085946171,5.076885223388672
1747533034.018101,3.0909324969115883,-0.8873495647581492,5.162954330444336
1747533034.0379643,3.0863037543119844,-0.8879939093717972,5.156993865966797
1747533034.0577416,3.0846201665052946,-0.8898958593300643,5.000829696655273
1747533034.0779674,3.0836986327353344,-0.8876356750795896,5.16963005065918
1747533034.1039536,3.081574385231048,-0.8853706037254508,8.358955383300781
1747533034.128447,3.0823151039784076,-0.8824036467760216,7.121562957763672
1747533034.153947,3.0808247482884763,-0.8806088512709048,6.948947906494141
1747533034.1698754,3.079178339373863,-0.8801595294023451,6.557226181030273
1747533034.187151,3.081675647787391,-0.8815916823909264,5.112648010253906
1747533034.20254,3.0847377325639194,-0.8859191092976131,6.569385528564453
1747533034.219644,3.0875471309827454,-0.885487823801046,5.185604095458984
1747533034.2388358,3.0875182827278804,-0.8839712463282241,5.842447280883789
1747533034.2619956,3.090456794870434,-0.8850193329003924,7.725954055786133
1747533034.280913,3.091069114747651,-0.8908710950689351,6.23774528503418
1747533034.3007934,3.0906858374737753,-0.8898993565074242,7.7991485595703125
1747533034.3191507,3.0891481013165687,-0.8920900791371598,5.889654159545898
1747533034.3391685,3.088457138181795,-0.8896979427265391,5.611658096313477
1747533034.3586435,3.0862962587454357,-0.8863045441363888,5.568742752075195
1747533034.37969,3.0872173658244764,-0.8807269452465324,6.711244583129883
1747533034.3984437,3.0871795687236885,-0.8762153061960646,5.50389289855957
1747533034.4189453,3.074653746498596,-0.8794668228813494,6.223917007446289
1747533034.4381285,3.0712897750634522,-0.8806884599203852,5.279541015625
1747533034.4578955,3.069110863716454,-0.8831504293644176,5.194902420043945
1747533034.4778433,3.08914121281198,-0.8815406620314167,5.0640106201171875
1747533034.498097,3.1043123740529506,-0.880576606071637,5.213022232055664
1747533034.518537,3.1133297920970744,-0.8799226317091978,5.408763885498047
1747533034.538413,3.09366797582201,-0.8862808427591521,5.4721832275390625
1747533034.5608716,3.0851301936362217,-0.8877730078882443,7.770299911499023
1747533034.582302,3.075088998820968,-0.8917928911641569,7.010459899902344
1747533034.6007948,3.0687932340210673,-0.8977166347597436,7.513761520385742
1747533034.6189508,3.0863374180481578,-0.899339074173125,5.737066268920898
1747533034.6381752,3.103349744851865,-0.9040154980731513,5.307435989379883
1747533034.6578815,3.108851757307367,-0.9049348817936892,5.100011825561523
1747533034.6787047,3.096600688658429,-0.8986634952401868,6.051063537597656
1747533034.7002742,3.0890390337687954,-0.895497961417261,7.489442825317383
1747533034.7182903,3.0809918064204456,-0.8929120545702225,5.484104156494141
1747533034.7396626,3.0828826805384186,-0.8919876457712881,6.801366806030273
1747533034.7603655,3.082741945084061,-0.8944760468272405,5.138635635375977
1747533034.7820327,3.083723357008883,-0.8897107140167685,5.406618118286133
1747533034.7982175,3.097828117041091,-0.8913015109798197,5.661487579345703
1747533034.8140109,3.1049389886528123,-0.8919955630045088,5.632638931274414
1747533034.838315,3.111272652302576,-0.8907683158422104,5.200862884521484
1747533034.8579643,3.114551693842736,-0.8933935144786168,5.219936370849609
1747533034.8777587,3.1041286444901557,-0.8919486928974605,5.198240280151367
1747533034.8982718,3.094814332596038,-0.8908792276324624,5.16057014465332
1747533034.918102,3.0906197655456755,-0.8907853421360703,5.194664001464844
1747533034.9332342,3.085163769390917,-0.890809506338193,4.958152770996094
1747533034.9530993,3.082528729143475,-0.8897167286822079,5.115270614624023
1747533034.972997,3.0842547753516185,-0.8873335261883895,5.067586898803711
1747533034.993795,3.094191899014248,-0.8948699570099303,5.281925201416016
1747533035.053635,3.095801324919357,-0.8986265966618945,5.605936050415039
1747533035.1564543,3.0832937962671645,-0.8934062886282005,6.2046051025390625
1747533035.1725872,3.076876403982557,-0.8904625210717415,5.28407096862793
1747533035.190543,3.077294617218651,-0.8900709106356062,5.921125411987305
1747533035.2066274,3.0767246290184245,-0.8876493842626485,6.033658981323242
1747533035.2223313,3.081081637075789,-0.890241986089146,5.254030227661133
1747533035.2394469,3.0796330254082362,-0.8912575414704967,5.235910415649414
1747533035.2582238,3.0801144897750565,-0.8913684428632943,5.113124847412109
1747533035.2783568,3.0805448840644423,-0.8899222039614898,5.548238754272461
1747533035.2979527,3.0791793890308417,-0.8912074274090792,5.251884460449219
1747533035.3209112,3.080705316320579,-0.8900366777252922,7.747888565063477
1747533035.3380854,3.084048240476442,-0.8873880632442745,5.215167999267578
1747533035.3530998,3.0846963790677275,-0.8948731058836056,4.969596862792969
1747533035.3729982,3.084865392654833,-0.898173083145715,4.996538162231445
1747533035.3981967,3.0874671367683257,-0.9001083040048403,5.16963005065918
1747533035.418258,3.086366026134092,-0.8990415988788693,5.120515823364258
1747533035.4388773,3.0885478656132177,-0.8998153140811096,5.373716354370117
1747533035.4532344,3.0899144649775154,-0.9019429086947383,5.01251220703125
1747533035.4785402,3.0919880756674853,-0.9036087283385023,5.450725555419922
1747533035.498363,3.0932378958052746,-0.9076776968823195,5.453348159790039
