time,x,y,computation_time_ms
1747533171.9746788,4.090906856843612,-0.9344809389735887,9.788990020751953
1747533172.0019886,4.10368517013024,-5.024976682663014,9.774446487426758
1747533172.026225,0.4271833250224096,0.11834514914168892,5.237340927124023
1747533172.1857035,0.5511495504311426,-0.06747175215175429,7.216691970825195
1747533172.2106133,0.7345138676969895,0.5608901012304949,6.096839904785156
1747533172.2241387,0.6375063664416954,0.12924461236226553,4.2552947998046875
1747533172.2390196,0.604870335716631,-0.0372357578881323,4.930019378662109
1747533172.259698,0.6142644067063696,-0.04950965667482205,5.904197692871094
1747533172.27887,0.6214509374876599,-0.048931195838758615,5.71751594543457
1747533172.2986863,0.6225447934030877,-0.05178340414395865,5.351781845092773
1747533172.3197224,0.6152437543798772,-0.05372315765180315,4.826784133911133
1747533172.336526,0.6419669282818057,-0.04131951702044801,4.827976226806641
1747533172.3612504,0.4335682004036074,1.1734341207502863,5.45811653137207
1747533172.3782382,0.4123717123677024,1.343763137833975,3.8356781005859375
1747533172.395664,0.5996110442723306,0.040835630465185214,6.572484970092773
1747533172.4143374,0.6014334142341021,-0.044661895057570275,5.141735076904297
1747533172.4408994,0.6003118668126053,-0.047640424367103036,5.408763885498047
1747533172.466488,0.5911972023055798,-0.05590033197720747,6.531000137329102
1747533172.4868798,0.5765466947480529,-0.06271362636155041,6.177186965942383
1747533172.5145574,0.5628277633020498,-0.06544906887585848,10.596513748168945
1747533172.5347815,0.5586481194577544,-0.06560983142720755,5.860805511474609
1747533172.5493627,0.5485177690332735,-0.06579920266208666,5.093097686767578
1747533172.57883,0.562197830228244,-0.013449002721458051,5.846738815307617
1747533172.6060274,0.5685094992032641,-0.005783321095079895,6.620883941650391
1747533172.6230912,0.5808511766835476,0.04366869961642624,4.885196685791016
1747533172.643434,0.5962997168879063,0.11424007000675544,5.640983581542969
1747533172.6631548,0.6094990335164334,0.08208250992506382,6.588220596313477
1747533172.683654,0.6205985133786069,0.03419896641370794,4.790306091308594
1747533172.7020695,0.6223938891767815,0.004154413809475561,6.458759307861328
1747533172.7220173,0.6178191625112096,-0.03548425248025231,4.837989807128906
1747533172.747709,0.6099682379911724,-0.041870085239930514,4.836559295654297
1747533172.770928,0.686530826470063,0.045113024602249696,5.871057510375977
1747533172.7877665,0.6892083055200858,0.02386229317298572,6.786584854125977
1747533172.802606,0.6975577769701687,0.017706703768779496,5.4779052734375
1747533172.818934,0.7013501986896775,0.00502140554608034,4.708051681518555
1747533172.838314,0.6966567001217389,-0.005721153106118512,4.799127578735352
1747533172.854242,0.690107669442582,-0.017919520885128003,5.160331726074219
1747533172.8777547,0.6837730182365519,-0.02540915576330131,4.855871200561523
1747533172.90397,0.6405311119316397,-0.03815183719630544,9.066104888916016
1747533172.9317904,0.600667228692256,-0.04866917598243148,9.257316589355469
1747533172.9528306,0.5821841291583627,-0.05507163847738062,5.153417587280273
1747533172.9751444,0.5768971146066997,-0.0557061159554556,6.702184677124023
1747533172.995668,0.570937565066774,-0.05723536349027777,7.498025894165039
1747533173.016167,0.5701976638037831,-0.05801321449390106,7.0743560791015625
1747533173.035722,0.5696170716407787,-0.059609246207214986,7.218837738037109
1747533173.0534112,0.5727238654986656,-0.059373652159589056,5.634069442749023
1747533173.0751944,0.5759163254202269,-0.05758215208943765,6.716728210449219
1747533173.091483,0.5784745280161616,-0.056254342665553396,6.450891494750977
1747533173.1154177,0.5775712382048802,-0.05798192259406944,9.95326042175293
1747533173.1387267,0.5797526035201628,-0.05988594647228617,10.209798812866211
1747533173.165273,0.5806578034979679,-0.06016575945300028,8.08858871459961
1747533173.196034,0.5843393136381162,-0.059668352095038166,8.728265762329102
1747533173.2150607,0.5827079406140389,-0.060202937654673216,6.346940994262695
1747533173.2411005,0.5886817477584002,-0.056625410952117115,5.941152572631836
1747533173.2605438,0.593940688601434,-0.051143616132100736,5.124330520629883
1747533173.2821288,0.6032456329843241,-0.04403963982067179,5.063772201538086
1747533173.2965083,0.6177040093047671,-0.03407173565011504,4.690885543823242
1747533173.3188055,0.6159636140036565,-0.04142228979983799,5.866527557373047
1747533173.334496,0.6156696526736605,-0.048480492650722684,5.412817001342773
1747533173.3594396,0.609096380211236,-0.05562063260797088,5.384922027587891
1747533173.3787181,0.5938959347717635,-0.05548926313053434,5.490303039550781
1747533173.3985608,0.5844002027827954,-0.05508202755063472,5.692958831787109
1747533173.4178722,0.5715116654737473,-0.056775299965353354,4.917383193969727
1747533173.437921,0.5721892227064127,-0.05978906884394673,5.151510238647461
1747533173.4578896,0.5711053843106147,-0.06318716136595112,4.907369613647461
1747533173.474585,0.5652121686514269,-0.0640369341208506,5.932331085205078
1747533173.4981222,0.555727192499536,-0.06561810240936526,5.30242919921875
1747533173.519174,0.5489589059957498,-0.06237644680863843,6.095170974731445
1747533173.5387342,0.5456993251564551,-0.05943456986282846,5.383014678955078
1747533173.555309,0.5503461097748711,-0.0545192037565574,4.7969818115234375
1747533173.5793557,0.5387814250634501,-0.05811897621684497,4.900217056274414
1747533173.598656,0.5267668193557036,-0.06091012087067226,5.70368766784668
1747533173.6180565,0.5202778105636253,-0.061080839258511946,4.84013557434082
1747533173.6435912,0.525778270425558,-0.06744362661822512,6.232500076293945
1747533173.6638951,0.5293739501140431,-0.07105154227917865,6.103038787841797
1747533173.679737,0.5357269533907795,-0.0727598077461401,4.861116409301758
1747533173.6991835,0.5633580619285807,-0.06383351048047184,4.861593246459961
1747533173.7199836,0.5772977957518849,-0.0573140646400602,4.786968231201172
1747533173.7352948,0.5925792272734655,-0.04919475417469472,5.636692047119141
1747533173.7591975,0.6088694754636861,-0.041571193893052964,5.357503890991211
1747533173.7802072,0.6113376902017195,-0.0402644608791468,4.956245422363281
1747533173.7947643,0.6223629352290465,-0.035199459690558814,5.104303359985352
1747533173.8188548,0.6280782531024763,-0.03484955955956855,6.135225296020508
1747533173.8380065,0.6193982241914788,-0.03999307869140963,5.073785781860352
1747533173.857787,0.6265698591556289,-0.03640576256946581,4.7893524169921875
1747533173.8739312,0.6006088623074493,-0.04520351803087009,4.88591194152832
1747533173.898035,0.5871299056352169,-0.05193915964180556,4.8961639404296875
1747533173.9146373,0.5879641185401622,-0.054016808223510536,4.681587219238281
1747533173.934438,0.5590198971456163,-0.05569243441002042,5.649566650390625
1747533173.957896,0.5448526308815064,-0.05354374818297612,4.693269729614258
1747533173.9779444,0.5372237750620482,-0.05358739040045991,4.858255386352539
1747533173.9997108,0.5317241774211984,-0.05491175596257608,5.68842887878418
1747533174.021451,0.5308643988093295,-0.0557855571680015,5.87773323059082
1747533174.043948,0.5263818418396043,-0.05810093515722095,7.540464401245117
1747533174.0708592,0.5177809015312123,-0.0661086251688853,9.020090103149414
1747533174.085925,0.5112102206807263,-0.07103585369437207,5.111455917358398
1747533174.0990133,0.49805456192366776,-0.07204013914255165,4.647970199584961
1747533174.1127331,0.48362843774934455,-0.07242323141808701,5.207300186157227
1747533174.1381238,0.49193620560799217,-0.07202282314778721,5.236625671386719
1747533174.1622841,0.49252866052683786,-0.07192884391743258,5.786657333374023
1747533174.1832013,0.49969834408824393,-0.0711471894868112,4.976987838745117
1747533174.2008145,0.495036444837968,-0.0717038189679817,4.8694610595703125
1747533174.2212014,0.4963015768380024,-0.07215497928569042,6.666660308837891
1747533174.2601573,0.50200546744162,-0.07076640701241381,7.653474807739258
1747533174.2840188,0.5195676220725156,-0.06946314872326759,4.976511001586914
1747533174.3001792,0.5311037716528147,-0.0679388449217698,4.825115203857422
1747533174.3167498,0.5394508819893249,-0.06746318490179898,6.994962692260742
1747533174.3384664,0.5398362621054585,-0.0671370582263996,5.089998245239258
1747533174.3534033,0.5492780644722224,-0.06714220143497905,4.822254180908203
1747533174.3792653,0.5550631217147948,-0.06636228462462224,5.918264389038086
1747533174.3991475,0.5726054584169991,-0.06313840554875695,4.683732986450195
1747533174.418915,0.5782401627808534,-0.061024743798825595,4.896879196166992
1747533174.4394445,0.5849751857327324,-0.06059880385686282,5.953788757324219
1747533174.4601564,0.5876431739260365,-0.06250665163355457,5.067348480224609
1747533174.4803016,0.5932928424226898,-0.06074152673861584,4.854679107666016
1747533174.5028155,0.6031052643126563,-0.057768940850113366,7.5664520263671875
1747533174.5226476,0.5944102067761075,-0.06589592822628605,5.199909210205078
1747533174.5389662,0.5923099496081135,-0.06925033685210023,4.710674285888672
1747533174.5588222,0.5886943009124976,-0.0692926812797012,5.732297897338867
1747533174.578307,0.5844197477023392,-0.0690732903545908,8.43954086303711
1747533174.6008253,0.5804607734651899,-0.06658031782339463,4.8427581787109375
1747533174.6216846,0.5833370491445755,-0.06353470872733406,6.514072418212891
1747533174.640003,0.583662027537148,-0.06179758082023399,5.686283111572266
1747533174.6636815,0.5929930805029267,-0.05879238997280495,8.558273315429688
1747533174.6858287,0.6011660514281137,-0.05377410736941942,5.515813827514648
1747533174.7037764,0.6099869721468788,-0.051876620220041456,4.81724739074707
1747533174.7232642,0.6190379136590884,-0.055535239626931826,5.74946403503418
1747533174.7401361,0.6334955057294298,-0.0557673433590457,4.805326461791992
1747533174.7579854,0.6427572347955346,-0.057686134006819594,4.830360412597656
1747533174.7793784,0.6827010692299609,-0.054783697272660935,4.798650741577148
1747533174.7988045,0.7160400424315232,-0.048571342671248706,4.693031311035156
1747533174.8188825,0.7359515875561985,-0.04404666725419214,4.955291748046875
1747533174.8385136,0.7596086888030793,-0.039659565579969504,4.79578971862793
1747533174.8536823,0.7974517612153397,-0.03682295055936784,4.918098449707031
1747533174.8800724,0.8424576983556569,-0.03134187763644167,6.353855133056641
1747533174.895029,0.8688975531494288,-0.027151671576347833,4.987955093383789
1747533174.9180284,0.918686068969132,-0.028031644200924032,4.808187484741211
1747533174.9378436,0.9489389275390044,-0.02349827784348412,4.662752151489258
1747533174.9663417,0.9798237980882809,-0.018685028891892257,6.138324737548828
1747533174.987037,1.0223753284978705,-0.02483661752966051,6.371736526489258
1747533175.0079448,1.0648708224508523,-0.026626724535263727,4.751920700073242
1747533175.0217896,1.0881857821502738,-0.027285670403477152,4.992961883544922
1747533175.0385063,1.1183283683575909,-0.02695072154606259,4.654645919799805
1747533175.0624788,1.1714444865404539,-0.022260303854375926,6.638765335083008
1747533175.0776703,1.1887027087378368,-0.02249148651486105,4.887819290161133
1747533175.1005156,1.220247873542967,-0.023083643881635196,5.3844451904296875
1747533175.1185923,1.2685320649855039,-0.02501903504703925,4.6176910400390625
1747533175.1335132,1.2979971870091875,-0.02337324887659052,4.763364791870117
1747533175.1583564,1.3412103209034254,-0.020742293448277303,4.825115203857422
1747533175.1785457,1.4056124110348582,-0.017480790644840753,5.087137222290039
1747533175.1993988,1.4575587259304705,-0.02007553516763249,4.544496536254883
1747533175.2185884,1.4891095043143898,-0.02362517996015032,4.619359970092773
1747533175.2381775,1.5638819133252846,-0.046081506307121094,4.992246627807617
1747533175.2591622,1.6165713374038295,-0.06123377477722651,4.529714584350586
1747533175.2780352,1.6601879326029099,-0.06724105735136121,4.698038101196289
1747533175.298973,1.6942413256517213,-0.07347113238422324,4.722833633422852
1747533175.318998,1.7486733415321707,-0.0964775858678276,4.523515701293945
1747533175.3392994,1.7868523995905532,-0.11354148075376741,4.572391510009766
1747533175.3586495,1.823280098774171,-0.12470111751634423,5.176305770874023
1747533175.3784301,1.8892493093090739,-0.14355498416634094,4.872798919677734
1747533175.398105,1.9316514974913779,-0.15792995903597756,4.639387130737305
1747533175.4182057,1.9583860365698555,-0.1699844955853658,4.728078842163086
1747533175.439019,2.017443305654139,-0.20325880991404563,4.781961441040039
1747533175.4666662,2.080547250386998,-0.23379634545826936,6.867885589599609
1747533175.4909537,2.123900804695314,-0.2594537310385514,8.6822509765625
1747533175.5199,2.1671721834405906,-0.26917853208366327,8.611917495727539
1747533175.5399885,2.245838326116759,-0.311200770685853,5.532741546630859
1747533175.5589912,2.2674969447021267,-0.3212780437481099,5.4531097412109375
1747533175.579311,2.300259229445533,-0.3657559641881596,5.429744720458984
1747533175.5995417,2.3184719223898025,-0.393704688462944,6.34312629699707
1747533175.618997,2.3246613634162268,-0.4112803742811024,5.431413650512695
1747533175.6396692,2.3438827482099844,-0.43243921333496954,5.315542221069336
1747533175.6597168,2.3586356116119633,-0.4499868987313721,5.715847015380859
1747533175.6790893,2.3830174266282143,-0.47736926273721636,5.376338958740234
1747533175.700185,2.4094226831209546,-0.4983813197155033,5.7621002197265625
1747533175.7200549,2.4227326056076652,-0.5090964097764749,6.0176849365234375
1747533175.751383,2.4546987588880453,-0.5510505954683634,6.305456161499023
1747533175.7652953,2.4728801830463194,-0.5748572670718667,5.252838134765625
1747533175.78071,2.4918434100985443,-0.5992216213517584,5.428314208984375
1747533175.799047,2.5191827119404064,-0.6398716100959797,5.367517471313477
1747533175.82032,2.5394514573997355,-0.6720071821906212,6.129026412963867
1747533175.8395278,2.557837157902443,-0.6995461250462676,5.675792694091797
1747533175.861263,2.593183486216472,-0.7618881564254846,5.747079849243164
1747533175.8799486,2.622469254130212,-0.8203026971008275,5.614042282104492
1747533175.8994062,2.6585257267965035,-0.8714979371341075,5.595922470092773
1747533175.920297,2.6848614529678065,-0.9149476195175396,5.703449249267578
1747533175.9388554,2.677734979541607,-0.9599158324815208,5.700349807739258
1747533175.9618602,2.672300296828355,-1.0005672514468018,6.928443908691406
1747533175.9799578,2.6649526176755116,-1.038957841119348,5.523443222045898
1747533176.0000913,2.65820593443405,-1.0907138049904597,5.567312240600586
1747533176.0233922,2.65556025750537,-1.1388075063002532,6.026983261108398
1747533176.0409184,2.6545313416303817,-1.1769053467992565,5.371570587158203
1747533176.0647774,2.6774377014822703,-1.2191354629706148,7.8887939453125
1747533176.0852485,2.696379341594223,-1.2552344781322808,7.0285797119140625
1747533176.1031597,2.712767650250692,-1.281764174285195,6.8683624267578125
1747533176.1196046,2.7266484937463216,-1.3016474611578208,5.15437126159668
1747533176.140907,2.715103652380854,-1.3556566325727328,6.999015808105469
1747533176.1611345,2.713913623720169,-1.393065725832595,4.922628402709961
1747533176.1791892,2.716508190086596,-1.4186226981028882,5.041360855102539
1747533176.20041,2.7520172398678473,-1.473399812745257,5.455732345581055
1747533176.2241197,2.7689327203698273,-1.514967545622725,4.870176315307617
1747533176.2461486,2.7788880180055386,-1.5439600525495367,5.22303581237793
1747533176.261664,2.7835260729715,-1.6025950498236867,4.630804061889648
1747533176.2785316,2.786484254606998,-1.6526159055834801,4.481315612792969
1747533176.2989395,2.7875388025958765,-1.6909628888935797,4.505634307861328
1747533176.320583,2.779705991613546,-1.7493652497264498,4.55021858215332
1747533176.3415117,2.7817097876574923,-1.7974885010607475,6.358146667480469
1747533176.3591654,2.782978363752419,-1.836520327983848,4.454374313354492
1747533176.3745582,2.7822600444316596,-1.8622441054960623,5.691289901733398
1747533176.3987346,2.7728718642108596,-1.9217524493344456,4.533052444458008
1747533176.418886,2.7710663795969097,-1.9648361611420038,4.622936248779297
1747533176.4386559,2.772196318245896,-1.998241570861175,5.569696426391602
1747533176.4584315,2.760979951158333,-2.064093509486746,4.743814468383789
1747533176.476377,2.757288965770483,-2.1123793241021454,6.550312042236328
1747533176.4934597,2.7520867196926684,-2.1567834138370148,5.049228668212891
1747533176.5189724,2.731262686049491,-2.231382023758759,4.8847198486328125
1747533176.5388846,2.717096719901493,-2.2900697682995084,4.94384765625
1747533176.553684,2.709689753888396,-2.3313320852806343,5.067348480224609
1747533176.580297,2.698219424117956,-2.3866861520068556,4.8465728759765625
1747533176.5986543,2.6872765799301024,-2.4571671108467146,5.43665885925293
1747533176.6166205,2.6761232491677114,-2.5044327902251347,5.970954895019531
1747533176.6394863,2.6666139935043076,-2.551443869745557,5.131721496582031
1747533176.658468,2.674652070066069,-2.6206064069584087,4.973888397216797
1747533176.6786888,2.681879240091581,-2.6801016821660792,5.446434020996094
1747533176.700026,2.682140134015826,-2.7251392539508292,4.94837760925293
1747533176.7232716,2.6934769709638444,-2.7927121491314435,7.42650032043457
1747533176.7407584,2.7029158933609705,-2.8453744407595716,4.916191101074219
1747533176.759156,2.7081107542611433,-2.9156063939208843,4.776954650878906
1747533176.7798166,2.7058095280970065,-2.989605401045159,6.346225738525391
1747533176.8004115,2.705197472423869,-3.0554860141322937,7.004499435424805
1747533176.822099,2.7108564513301103,-3.1092117195278473,5.110263824462891
1747533176.8370047,2.711879951699296,-3.148960134384807,5.146980285644531
1747533176.858677,2.7306433635304033,-3.2348519511391682,5.464076995849609
1747533176.8788283,2.747734109001445,-3.2899517520240207,5.516290664672852
1747533176.898933,2.7667706434601027,-3.3402374027983233,5.538463592529297
1747533176.9181736,2.8051048491588633,-3.418840956329062,5.0048828125
1747533176.9350865,2.8273589655477878,-3.4675979813748157,6.711721420288086
1747533176.954396,2.8493864198045142,-3.521398448342697,6.122350692749023
1747533176.9733038,2.865363489799171,-3.562744344754301,5.187273025512695
1747533176.9959097,2.873113475139665,-3.586823898783899,7.050991058349609
1747533177.018963,2.916565030028756,-3.6609590486093033,4.771709442138672
1747533177.0401258,2.9443048802771234,-3.7068360157348397,6.624460220336914
1747533177.186497,3.1132133589558735,-4.05421527314913,5.618810653686523
1747533177.20346,3.172145159637842,-4.110782144179395,4.855871200561523
1747533177.2198162,3.216904653368881,-4.156138085513173,4.831790924072266
1747533177.2387505,3.245344557420406,-4.187998326879388,5.38945198059082
1747533177.2627068,3.272154333858292,-4.223758901292515,7.254600524902344
1747533177.2817297,3.316135871203876,-4.295319808206562,5.2642822265625
1747533177.3023639,3.3537609104728476,-4.349506575524677,5.731344223022461
1747533177.3224213,3.3741243063999478,-4.3764764393646995,5.793571472167969
1747533177.3473678,3.4078305024134767,-4.433324087613149,6.104469299316406
1747533177.3661237,3.4383331187095307,-4.480311773245699,5.475521087646484
1747533177.3838556,3.467039495199903,-4.5304484487443695,5.51605224609375
1747533177.4017124,3.5348612383915805,-4.600816201000957,6.014823913574219
1747533177.4229424,3.567636898879117,-4.65010620024124,5.926609039306641
1747533177.4441266,3.5824493858736215,-4.6777717287197795,5.835056304931641
1747533177.4666796,3.6556015430443596,-4.757502050354692,6.755590438842773
1747533177.4872577,3.6785065885647388,-4.807978840910585,6.113290786743164
1747533177.5097544,3.6861168921303125,-4.853050904940945,7.849216461181641
1747533177.5323246,3.696023572811381,-4.911894050155964,6.318330764770508
1747533177.55775,3.6990937563224184,-4.963620772777758,6.3610076904296875
1747533177.5795581,3.69902523654757,-5.004638119352849,6.140947341918945
1747533177.6033916,3.729347053951951,-5.104363536104535,6.122112274169922
1747533177.625398,3.7353994604382184,-5.167082018059706,6.347179412841797
1747533177.6483076,3.7327159521173794,-5.213995975625114,8.513450622558594
1747533177.6712422,3.7542414224724525,-5.257650874147341,7.653474807739258
1747533177.6988873,3.7528836907609704,-5.313490120177225,9.077072143554688
1747533177.724785,3.7387895822761834,-5.37845712302813,8.087635040283203
1747533177.744864,3.755752884690335,-5.433648635001958,6.35075569152832
1747533177.763255,3.7572367249306344,-5.471057724309347,6.203889846801758
1747533177.7840233,3.751323876848276,-5.495066009019794,5.988836288452148
1747533177.8092685,3.737056635429927,-5.529448267560467,14.269828796386719
1747533177.8276863,3.742925574207573,-5.578119541238664,6.580114364624023
1747533177.8461308,3.746437582182485,-5.59893412048019,6.721258163452148
1747533177.8641527,3.736268345095924,-5.630801721366976,5.706548690795898
1747533177.8803484,3.7224791615475485,-5.660276966639718,5.473136901855469
1747533177.8996909,3.7128275592158917,-5.693800819426139,6.025791168212891
1747533177.920877,3.6961004641742865,-5.723395769767075,6.309986114501953
1747533177.9396815,3.6767269435469636,-5.748288062520116,6.208658218383789
1747533177.9614706,3.6719993165880203,-5.773119253096625,6.288051605224609
1747533177.9904487,3.657774086183156,-5.7967675056332775,6.790876388549805
1747533178.0209048,3.639757513096823,-5.815029388099803,13.638496398925781
1747533178.0464525,3.59586463014153,-5.881379845235606,5.742788314819336
1747533178.0699656,3.5696135281406267,-5.905458443714984,6.001710891723633
1747533178.0843732,3.547712383043025,-5.922866467887288,4.754781723022461
1747533178.0993848,3.5268806034180358,-5.953742058068942,4.862308502197266
1747533178.1146972,3.509079088783837,-5.973032314562507,6.45899772644043
1747533178.1387105,3.4811272423743755,-6.001966321013365,5.136013031005859
1747533178.1580071,3.460445743810782,-6.0317226625933,5.011320114135742
1747533178.1762514,3.4387153652120963,-6.049539945121976,5.443572998046875
1747533178.1986454,3.3931474109409447,-6.075722371540477,4.887819290161133
1747533178.2215674,3.3758195227505876,-6.089737453076176,6.788969039916992
1747533178.2390459,3.350858013229923,-6.101545569399986,5.714178085327148
1747533178.2597942,3.3185176659016573,-6.11740201335965,5.1784515380859375
1747533178.2809072,3.2957293026864414,-6.127491274074294,6.500244140625
1747533178.3033128,3.2623967162013643,-6.153803491726323,5.321979522705078
1747533178.3183234,3.237015096170728,-6.171694086806755,4.874467849731445
1747533178.3398223,3.2066305016485517,-6.188702925489415,5.372047424316406
1747533178.35828,3.1669840095214536,-6.201579705497482,4.754066467285156
1747533178.3736982,3.1468507295893553,-6.203152680425708,5.509614944458008
1747533178.3984883,3.1188079948145013,-6.214375057986107,4.831790924072266
1747533178.4135697,3.07390933116674,-6.230460660615506,5.107879638671875
1747533178.4388785,2.991292761581299,-6.2552989741695555,4.945039749145508
1747533178.4595468,2.9291204508038082,-6.272076005946524,5.048513412475586
1747533178.4794786,2.8893817198099776,-6.283561595101039,5.699634552001953
1747533178.5032012,2.831399249774743,-6.284407002803148,5.875110626220703
1747533178.5238297,2.7791821476674783,-6.28923686514679,5.827665328979492
1747533178.543453,2.741102322939466,-6.294878684149909,4.806995391845703
1747533178.5591378,2.6651568403464325,-6.310725203259239,4.832267761230469
1747533178.5782106,2.589893316383524,-6.325816362873278,4.960060119628906
1747533178.5957463,2.5489099274422022,-6.331625225907625,5.599021911621094
1747533178.6182363,2.466244042996262,-6.356624285823371,4.882574081420898
1747533178.637874,2.409365678255313,-6.371622594169529,4.788637161254883
1747533178.6578317,2.3741388444348748,-6.381579378634978,4.803895950317383
1747533178.6806989,2.331100147027626,-6.393355240638554,4.93931770324707
1747533178.6996875,2.292830318627396,-6.401787959410744,5.116462707519531
1747533178.7187557,2.257260941578883,-6.408690373009001,5.321264266967773
1747533178.7425768,2.224366427471159,-6.414994896852086,6.982564926147461
1747533178.7626302,2.1682324544221614,-6.428156869400287,4.977703094482422
1747533178.7807398,2.1203435577179937,-6.436888504773238,4.754066467285156
1747533178.8010046,2.076316328778285,-6.4446033388007145,5.323171615600586
1747533178.822095,2.0331400816940346,-6.4579762956875815,6.955623626708984
1747533178.8392704,2.014743742841888,-6.465275695926082,4.7512054443359375
1747533178.858425,1.9636666563377072,-6.475559836382475,4.762887954711914
1747533178.8796308,1.8810005188047538,-6.468188747423242,4.863739013671875
1747533178.9010882,1.8131329531070879,-6.469560491508816,4.873514175415039
1747533178.918313,1.7798937099255734,-6.471473554177558,7.02357292175293
1747533178.9399705,1.7347840324895345,-6.4732687418470105,4.911899566650391
1747533178.958937,1.7062226743990008,-6.475415071144186,5.119085311889648
1747533178.9792786,1.6417306625241217,-6.477246785717572,5.1212310791015625
1747533179.0022213,1.6087087568338596,-6.480147963005718,6.995201110839844
1747533179.019062,1.5481646176257153,-6.4837858090118825,4.769563674926758
1747533179.0381067,1.4945361937233954,-6.496470463780746,4.992008209228516
1747533179.054652,1.4619727977629005,-6.500436151419864,6.323099136352539
1747533179.0836058,1.412173812407559,-6.501929046510906,4.856109619140625
1747533179.1004739,1.350974310438946,-6.501946131172068,4.65703010559082
1747533179.11893,1.2734320781281165,-6.5006998789593275,4.7931671142578125
1747533179.1402922,1.221895331204123,-6.503774959199483,6.945133209228516
1747533179.1590347,1.1891241009327627,-6.506672203436039,4.657506942749023
1747533179.1785812,1.1160552761454816,-6.4913551884581,5.250692367553711
1747533179.1998281,1.0645480434319723,-6.480650235283774,4.725217819213867
1747533179.2144904,1.0220671578234664,-6.473852520909898,5.636692047119141
1747533179.234309,0.944610411403029,-6.459945002694013,5.39088249206543
1747533179.2544968,0.8847358736818184,-6.452973974807682,5.007505416870117
1747533179.2744439,0.8341736950983694,-6.449156630213638,6.305456161499023
1747533179.3001866,0.7520328761009407,-6.426296139907294,4.773855209350586
1747533179.318584,0.7211184434670649,-6.415104160553784,6.645441055297852
1747533179.3388357,0.6693893651768091,-6.398948177178309,5.269289016723633
1747533179.354845,0.6376052209816178,-6.39481621263861,5.777835845947266
1747533179.3756309,0.5781022080509804,-6.379232206498767,7.37452507019043
1747533179.399304,0.5101929466045864,-6.359477185564862,5.04755973815918
1747533179.4219406,0.45887044440825026,-6.348325035206083,7.562398910522461
1747533179.44459,0.35466951075420317,-6.314504592984109,7.136344909667969
1747533179.4665146,0.3002242458083591,-6.297260435547681,6.814718246459961
1747533179.486166,0.23762977015973577,-6.279878024561374,5.509614944458008
1747533179.506985,0.14314263532909277,-6.253479565265175,5.631446838378906
1747533179.522843,0.09124623458434461,-6.233867309019684,5.591630935668945
1747533179.5391111,0.04965255976824274,-6.218684208901299,5.620241165161133
1747533179.5590577,-0.009863570450385916,-6.199496446850093,5.674123764038086
1747533179.5790656,-0.035025688036825806,-6.168730678550179,5.713701248168945
1747533179.5982409,-0.05730813748853351,-6.144380313360261,5.95855712890625
1747533179.6195273,-0.0996973642045572,-6.110695423771809,6.111621856689453
1747533179.6386366,-0.0877352635845806,-6.079060391096569,5.604028701782227
1747533179.6609294,-0.09623278154963416,-6.0402444799146995,6.4849853515625
1747533179.6787283,-0.11827315152776233,-6.005420835457,5.727291107177734
1747533179.696194,-0.11643599740617641,-5.9649899704276255,6.936550140380859
1747533179.7200353,-0.14469987969619275,-5.910641874812014,5.786657333374023
1747533179.7410293,-0.15241331536898742,-5.871433410592255,6.138086318969727
1747533179.7626152,-0.17946106883747331,-5.825486180705781,6.6204071044921875
1747533179.7854166,-0.20479477776273364,-5.790073597718516,7.421016693115234
1747533179.8125627,-0.23728408616535104,-5.7567080212875394,7.22193717956543
1747533179.8319685,-0.293994136635788,-5.71251562632441,7.803916931152344
1747533179.8461611,-0.3386682897851709,-5.6763038093206,6.194591522216797
1747533179.8652048,-0.3763745388741553,-5.642304196683207,8.536577224731445
1747533179.88313,-0.40511563609544765,-5.615969213451097,6.569623947143555
1747533179.903017,-0.45483526334861046,-5.571628666069327,8.026361465454102
1747533179.922048,-0.49117716624287916,-5.538965915662871,6.480216979980469
1747533179.9403887,-0.5252701553730508,-5.506272912752415,5.971431732177734
1747533179.960416,-0.5718015517060141,-5.457681716116508,5.831718444824219
1747533179.9820552,-0.6031821094141456,-5.420410489663466,5.86247444152832
1747533180.0078712,-0.6241015143040861,-5.376103642887322,5.754232406616211
1747533180.0257556,-0.6767492267411743,-5.318546010410592,5.612611770629883
1747533180.0403047,-0.7256046373307304,-5.268610506531008,5.239009857177734
1747533180.0588825,-0.7569592360248887,-5.220086658131304,5.154848098754883
1747533180.0783315,-0.7737464482592163,-5.1897590338803,5.110502243041992
1747533180.098624,-0.7904710924931064,-5.158673921087639,5.172014236450195
1747533180.1229374,-0.8799071814137519,-5.101443438818176,9.24372673034668
1747533180.1404185,-0.9159182795868812,-5.056904912689289,5.210399627685547
1747533180.1607888,-0.9372287519773955,-5.0188076669197565,5.723476409912109
1747533180.175227,-0.9511977595791464,-4.9897329324644515,5.320310592651367
1747533180.198414,-1.0465649846701581,-4.91884482022041,5.275487899780273
1747533180.2184305,-1.0921448568394938,-4.862917147049777,4.994630813598633
1747533180.2383199,-1.1153528315240566,-4.816252085026724,4.97126579284668
1747533180.2582998,-1.182779891905666,-4.760414218223846,4.842519760131836
1747533180.2772913,-1.2085294572137741,-4.7198995556284125,4.95600700378418
1747533180.2983093,-1.2316115213627963,-4.657466062802065,4.854440689086914
1747533180.3185077,-1.3198206341601948,-4.596396894671466,4.717826843261719
1747533180.3398552,-1.3521583913108943,-4.535485597077215,5.934953689575195
1747533180.3608613,-1.3701871002989674,-4.4752981765863975,5.5599212646484375
1747533180.3803937,-1.4561824763775268,-4.4314868409963735,5.19561767578125
1747533180.4053035,-1.483959380673071,-4.371743798574013,5.414724349975586
1747533180.4234753,-1.4967001604950907,-4.3196421169155315,4.84776496887207
1747533180.442234,-1.5060593005449407,-4.255684547048823,4.960536956787109
1747533180.4633079,-1.556033818091497,-4.1857483105425555,6.973981857299805
1747533180.4833186,-1.5788795344837705,-4.125755621579258,4.852533340454102
1747533180.500816,-1.5917807772952746,-4.060082526948771,4.856586456298828
1747533180.518743,-1.6433038038892767,-4.0013969944442085,4.700183868408203
1747533180.5380201,-1.6594249673186674,-3.9477550936837513,4.904747009277344
1747533180.5596008,-1.6674498716157886,-3.8854886183068342,6.593465805053711
1747533180.579278,-1.7113819260778316,-3.8156008634077154,4.926443099975586
1747533180.5986302,-1.7249042010464741,-3.763749366440171,5.675792694091797
1747533180.6188934,-1.7377953088317133,-3.7055595596507818,5.681276321411133
1747533180.638922,-1.7413293139060029,-3.659760681631243,4.820585250854492
1747533180.6581938,-1.763910064511435,-3.5897806865305286,5.1174163818359375
1747533180.6777825,-1.7699753075567166,-3.5222374115124957,4.997491836547852
1747533180.70315,-1.7694374687624554,-3.446910955296489,7.7419281005859375
1747533180.7336707,-1.7777963416072087,-3.373512322626764,11.245965957641602
1747533180.7536802,-1.7776534064010652,-3.2977121673687546,9.615898132324219
1747533180.7726598,-1.7778410039291024,-3.223226029885833,6.805419921875
1747533180.7869382,-1.772166106141991,-3.1329755299145523,4.914999008178711
1747533180.8085449,-1.7708787258851795,-3.066550413247637,4.971742630004883
1747533180.827799,-1.7748001606425197,-2.9981197700290028,5.166530609130859
1747533180.8458424,-1.7684053416798553,-2.9107217724401475,5.3691864013671875
1747533180.8637247,-1.7687653367519298,-2.8535279478090834,5.791902542114258
1747533180.8873973,-1.7685455329343451,-2.7625675631991538,8.204936981201172
1747533180.913045,-1.7475455599401466,-2.6982641854391876,7.551670074462891
1747533180.9372332,-1.7408785118120478,-2.5987989452934914,9.498357772827148
1747533180.956546,-1.7496500812074856,-2.532828618106661,9.073495864868164
1747533180.9756176,-1.7132415119531466,-2.421696778452165,7.274866104125977
1747533180.9892633,-1.6988480917176825,-2.3471452409720612,5.242586135864258
1747533181.0108216,-1.6906919177570776,-2.273538568115836,6.651401519775391
1747533181.0250947,-1.6879546490698787,-2.214130755936223,4.870176315307617
1747533181.0424893,-1.6417857972207985,-2.1291637879603478,4.935741424560547
1747533181.062946,-1.626267356565563,-2.045107611211538,9.795904159545898
1747533181.079614,-1.6146192404458988,-1.9671489359002037,4.866838455200195
1747533181.0943651,-1.616006429685731,-1.9294366884230947,5.2947998046875
1747533181.118017,-1.6057644672972873,-1.8472313814147487,5.028963088989258
1747533181.138523,-1.568496229758871,-1.7796517795561493,5.227088928222656
1747533181.1586657,-1.5488688611663612,-1.7254822249545894,4.883289337158203
1747533181.178898,-1.5320797688568317,-1.668953932026041,4.968404769897461
1747533181.21338,-1.481869187272796,-1.5910443144799464,9.016275405883789
1747533181.236262,-1.450623120647978,-1.5240396930952727,8.455276489257812
1747533181.256843,-1.426970561412271,-1.4611775150430018,8.563995361328125
1747533181.2717395,-1.376912225472345,-1.383714493407945,5.201816558837891
1747533181.2879543,-1.3479779890357277,-1.3110489982269313,4.941701889038086
1747533181.30398,-1.3255540027195118,-1.236816858550194,5.015134811401367
1747533181.3213787,-1.3042828814135714,-1.1775496964395178,5.669593811035156
1747533181.3406484,-1.2362116438561808,-1.1190295168067794,5.894660949707031
1747533181.3630762,-1.193228612758127,-1.069252695089329,6.534576416015625
1747533181.3826294,-1.1676492273689718,-1.0299970003624828,5.860567092895508
1747533181.4039345,-1.109666649285428,-0.9644528725931504,5.434989929199219
1747533181.4261603,-1.0732129047149355,-0.9136989959693549,5.968809127807617
1747533181.4467564,-1.039244565094191,-0.8690526140625621,5.842447280883789
1747533181.4668086,-0.9777044121609292,-0.8026268729634309,6.027698516845703
1747533181.4836845,-0.9299462792022892,-0.7463203241305648,6.531238555908203
1747533181.5009952,-0.8942498329292327,-0.7092394690421399,5.950450897216797
1747533181.519377,-0.8690473454663656,-0.6782605173994737,6.244659423828125
1747533181.5393865,-0.81086868484458,-0.626738392001979,6.592035293579102
1747533181.5610468,-0.7719821085608042,-0.5852145719420342,8.084297180175781
1747533181.5790434,-0.7439426934664506,-0.5508382184461993,5.758047103881836
1747533181.5985384,-0.6934203167412758,-0.5000679848934969,6.894588470458984
1747533181.615894,-0.6412439877156039,-0.45578973569800185,7.538318634033203
1747533181.6403189,-0.5699144444701564,-0.40810484098284266,6.865978240966797
1747533181.6587405,-0.5061695346572694,-0.3513878889295188,5.293369293212891
1747533181.68193,-0.4559932948098938,-0.3095424198489861,8.64410400390625
1747533181.699097,-0.4237382186510236,-0.2813877931943417,5.546808242797852
1747533181.721085,-0.37669350925465733,-0.24731133132867952,6.523370742797852
1747533181.7439196,-0.31786462472594307,-0.19554256592889807,6.0291290283203125
1747533181.760165,-0.25928980291064774,-0.1591288198333013,5.150318145751953
1747533181.7782958,-0.21062048181808382,-0.1356878107102211,5.188703536987305
1747533181.8051717,-0.12818181398055967,-0.08728660137343937,5.791902542114258
1747533181.82362,-0.04977421370819756,-0.04487518873306883,5.059719085693359
1747533181.8428977,0.020204835885165463,-0.0011770365503590166,5.602121353149414
1747533181.8626993,0.08532420782957213,0.05911898817698417,4.958868026733398
1747533181.8827446,0.14983713079216354,0.10252771379491321,6.103038787841797
1747533181.905229,0.2256742659065889,0.1353712052281311,5.684852600097656
1747533181.9231317,0.2864518995157559,0.17644202195129693,4.759550094604492
1747533181.9387188,0.3595630432622736,0.20855885890314943,4.765033721923828
1747533181.9577918,0.4241071286847066,0.22920483489115084,4.867076873779297
1747533181.9789543,0.5149076022961574,0.24411580186078857,5.5637359619140625
1747533181.9991539,0.615546390079772,0.26438431156835956,4.885435104370117
1747533182.0193968,0.6754126642810901,0.2744387847235137,5.183219909667969
1747533182.0361476,0.7246562487359937,0.2798026978876473,6.294012069702148
1747533182.0606155,0.7352571665966449,0.29117676136415765,7.64775276184082
1747533182.0806954,0.7463834707851337,0.2991726689945866,6.645917892456055
1747533182.2210288,1.084347847836249,0.2920660550618425,4.912137985229492
1747533182.2386944,1.098480532237781,0.2889371040866401,4.63557243347168
1747533182.259025,1.116181838201501,0.28437864268981616,4.777431488037109
1747533182.2789977,1.1788853916833462,0.2930819514659662,4.7435760498046875
1747533182.301352,1.2369841635090946,0.30014411624006687,6.892681121826172
1747533182.3257787,1.2851488621828007,0.30261998948074303,5.240440368652344
1747533182.3435826,1.3159626214292668,0.2892767118603831,4.876613616943359
1747533182.3664484,1.3378978281303209,0.2826347185850654,4.895687103271484
1747533182.3832107,1.380386606301137,0.2696395923378749,4.590749740600586
1747533182.4014742,1.4191086342106303,0.2614878969192897,4.983186721801758
1747533182.4183562,1.4627812971154233,0.243643493906285,4.628181457519531
1747533182.4382384,1.5120278925306199,0.23322725754259777,4.775524139404297
1747533182.45817,1.5486757832651643,0.22208387656404507,4.705190658569336
1747533182.4727728,1.5637889690288875,0.22021726188747587,4.703521728515625
1747533182.4978764,1.6207742439595576,0.18463510996457017,4.777193069458008
1747533182.5189006,1.6450726314647945,0.16104872726998676,4.5986175537109375
1747533182.5398946,1.6755789583054934,0.13729148879541722,6.622552871704102
1747533182.557441,1.7078926086924635,0.10279475034763955,4.566431045532227
1747533182.5788224,1.7393055949302254,0.08311816785141887,5.38325309753418
1747533182.601677,1.760596058244088,0.07036548330416297,7.204294204711914
1747533182.6213121,1.7894199036164313,0.03765162739597786,5.224943161010742
1747533182.637915,1.8123451669641937,0.01728072282575731,4.769802093505859
1747533182.654237,1.8297720395462196,0.004280748604340047,5.166769027709961
1747533182.6746151,1.8815877625551762,-0.02802184571923488,5.510568618774414
1747533182.6985126,1.9257378453978446,-0.06117708628726935,4.606485366821289
1747533182.718898,1.951936125110206,-0.08044770291639715,4.793882369995117
1747533182.7387712,2.0124395967564683,-0.1016283265199955,4.63414192199707
1747533182.7605355,2.0685441162251412,-0.12029426421513657,5.349636077880859
1747533182.9074886,2.333546729927903,-0.30421492085893587,6.70313835144043
1747533182.9236658,2.3911620715520625,-0.3325170998983757,5.773305892944336
1747533182.9406118,2.431869004306344,-0.37550076289726025,5.087852478027344
1747533182.9583716,2.4689578636615335,-0.4133419209529695,5.059242248535156
1747533182.9782498,2.4879001643025744,-0.44797161509363853,5.259990692138672
1747533182.9949498,2.5021793951448665,-0.4723469754489463,6.781339645385742
1747533183.0188446,2.546762108256682,-0.50317071744574,5.428075790405273
1747533183.0385742,2.5876679211838347,-0.527909507733544,5.232095718383789
1747533183.0637944,2.619838428936795,-0.5500708931989471,9.596109390258789
1747533183.0835228,2.647565062382685,-0.5907369323412306,5.331993103027344
1747533183.1009326,2.662849102010868,-0.6166570727178633,5.846977233886719
1747533183.121035,2.675615441464995,-0.6409203472031798,6.085395812988281
1747533183.1389472,2.6911870171505643,-0.6965867104851002,6.134510040283203
1747533183.154449,2.6976209964893334,-0.747459257360407,6.411314010620117
1747533183.1795437,2.700323323313932,-0.789646269139372,6.032705307006836
1747533183.2021224,2.6978076310426666,-0.825526727835477,7.771492004394531
1747533183.2240503,2.7001393388390063,-0.8526536592617043,5.630254745483398
1747533183.2470253,2.706769567126452,-0.904771245472213,7.39598274230957
1747533183.2643003,2.7211358452910703,-0.9606048165929864,5.431890487670898
1747533183.2828617,2.7262374208064406,-0.9901863626019983,5.87153434753418
1747533183.3018863,2.735366782400912,-1.0343969020164587,5.433797836303711
1747533183.320589,2.7459683937941226,-1.0788245352832593,5.616664886474609
1747533183.3418918,2.751714625035423,-1.1056557573074626,5.4340362548828125
1747533183.3618798,2.772702605433598,-1.1507425083021348,5.303859710693359
1747533183.378121,2.7931596354109147,-1.2083045826065746,5.046606063842773
1747533183.3991787,2.8039433783327214,-1.2440401085749742,4.897117614746094
1747533183.4190226,2.8078645288128126,-1.2758622949078273,4.861593246459961
1747533183.4390116,2.8019124261322697,-1.3306865416897684,4.91023063659668
1747533183.458221,2.7951567933195434,-1.3744235319263882,4.837989807128906
1747533183.4789765,2.7907079450410177,-1.4103635378197539,5.711078643798828
1747533183.4981697,2.780936388967565,-1.4656382321596562,4.786968231201172
1747533183.5178227,2.7719405169480487,-1.5116637293932913,4.646539688110352
1747533183.5393326,2.7698718355832965,-1.5476684267012184,5.467891693115234
1747533183.556327,2.7746821034942517,-1.5936955911663389,5.30695915222168
1747533183.5812898,2.7717902524225444,-1.651373145186778,4.704713821411133
1747533183.601114,2.7674514161790316,-1.6953649093143055,5.553245544433594
1747533183.6219528,2.7291503842007403,-1.742774101464989,4.712104797363281
1747533183.6425614,2.708650894526776,-1.8017299171423484,4.515409469604492
1747533183.658771,2.6991431304014046,-1.8486165769762422,4.604101181030273
1747533183.6782792,2.6961285122591945,-1.8857371934344764,4.801750183105469
1747533183.7001226,2.685466554272271,-1.9537252174954498,5.195379257202148
1747533183.7202685,2.6760235092159985,-2.004935863761802,6.475925445556641
1747533183.7387886,2.6714078334087246,-2.0395080263609566,4.773378372192383
1747533183.76011,2.638861744936714,-2.10953352460829,6.550312042236328
1747533183.7797172,2.6224390985781634,-2.15583924187496,6.155490875244141
1747533183.800733,2.614475631188656,-2.1917554505496453,6.566524505615234
1747533183.8197284,2.588870411105676,-2.2617989155826557,5.245208740234375
1747533183.8408058,2.571919133045925,-2.3233273689551472,4.822492599487305
1747533183.858473,2.5677116455521865,-2.3604190163651855,4.670619964599609
1747533183.87429,2.5681916398260554,-2.387506460829939,5.650520324707031
1747533183.8977695,2.5475331396039094,-2.4533403824060867,4.796028137207031
1747533183.917804,2.5420281245200043,-2.4978676758339797,4.884958267211914
1747533183.9393969,2.5409576848809334,-2.5376479485811076,6.41942024230957
1747533183.9587324,2.5412164677966107,-2.6087728213285115,5.347251892089844
1747533183.976599,2.543486284426562,-2.6602412709651326,7.9288482666015625
1747533183.9986508,2.5471858942365957,-2.7157429978069256,4.837989807128906
1747533184.0157387,2.5489706165670127,-2.77003942386973,4.770040512084961
1747533184.0387504,2.5475525608563894,-2.8357697539114586,5.2471160888671875
1747533184.0552845,2.546896851128662,-2.86664305078939,5.875825881958008
1747533184.0786057,2.5436660231403336,-2.9115740418506855,5.443096160888672
1747533184.1026533,2.5649330869940457,-3.0036610480937633,5.449056625366211
1747533184.122608,2.582049035815109,-3.0416251770699354,7.317066192626953
1747533184.1441038,2.592596782223921,-3.089929428021364,6.893157958984375
1747533184.164227,2.6120354744055474,-3.1808301276376736,5.190134048461914
1747533184.182109,2.6268334266397,-3.2454254491306673,5.515336990356445
1747533184.1982841,2.6416584944625447,-3.306942834541185,4.863977432250977
1747533184.2183905,2.6689964501320045,-3.377770210127893,4.969120025634766
1747533184.2432754,2.686921392162857,-3.438027818908023,8.878469467163086
1747533184.2598617,2.7102657700093404,-3.492690706170217,5.1174163818359375
1747533184.2744725,2.7225596030939996,-3.5222199733848307,5.415916442871094
1747533184.2957497,2.747488352351545,-3.5865991483832396,7.231950759887695
1747533184.3183,2.8117990459458793,-3.663059064192822,5.028486251831055
1747533184.338928,2.872518952345265,-3.725106661816085,4.883050918579102
1747533184.3542168,2.893809316993184,-3.7765037305622133,5.015373229980469
1747533184.3768055,2.9247923970063754,-3.831256675712524,6.711483001708984
1747533184.398652,2.975079491597953,-3.8945622571787357,5.229711532592773
1747533184.4185615,3.0283732806690966,-3.9881185731259814,5.263090133666992
1747533184.4390335,3.060553078928865,-4.044545683262278,4.842042922973633
1747533184.4585009,3.080785768895735,-4.080143845594105,5.567789077758789
1747533184.4784842,3.135594357901529,-4.1502788288864805,5.343437194824219
1747533184.4949546,3.1652078049009047,-4.187501779828864,6.789207458496094
1747533184.519724,3.1975211551663403,-4.2273865797462555,4.84013557434082
1747533184.5397887,3.2150297440966797,-4.246021806003303,5.107879638671875
1747533184.5605557,3.222691004992692,-4.256280484768631,5.282878875732422
1747533184.5783262,3.284851821317529,-4.30803033008722,5.302667617797852
1747533184.6027625,3.320826883959109,-4.342957820732433,7.482290267944336
1747533184.622714,3.343511632688744,-4.366743076567597,5.752325057983398
1747533184.647904,3.393988345823355,-4.41732177024969,4.895210266113281
1747533184.663566,3.4260844785071543,-4.459464071845075,4.652261734008789
1747533184.6795452,3.4461697000514153,-4.493846651741878,5.007505416870117
1747533184.6981852,3.4567195286744914,-4.5204640580907,5.006074905395508
1747533184.719355,3.4736457110137975,-4.577106476921521,5.069255828857422
1747533184.7388253,3.497023267085286,-4.624850923044831,5.34367561340332
1747533184.7636042,3.51850148864717,-4.666009547985545,6.446123123168945
1747533184.7852952,3.557861084109868,-4.746545669835541,5.395174026489258
1747533184.8123963,3.596466590826913,-4.8138583834953454,6.282567977905273
1747533184.828254,3.615194479189946,-4.862663540399765,5.058526992797852
1747533184.8472111,3.6327136310143024,-4.9131795723814236,5.181550979614258
1747533184.8619535,3.6465761098630964,-4.960435108574227,4.983186721801758
1747533184.8791306,3.6528943620007235,-5.000729181931424,5.0296783447265625
1747533184.8983884,3.6598957884385093,-5.0459476235320695,5.350828170776367
1747533184.9185317,3.674576381341473,-5.10737981967393,5.092859268188477
1747533184.939139,3.6722320751963893,-5.162202235318019,5.625247955322266
1747533184.9583437,3.6651270500453923,-5.204232049728676,5.379199981689453
1747533184.9785075,3.678842678293356,-5.258831889322959,5.564689636230469
1747533184.999139,3.681458333304313,-5.311079228596165,5.818605422973633
1747533185.0203128,3.665346477388165,-5.35665760998917,5.413055419921875
1747533185.0383923,3.686044761137202,-5.407117503415892,5.892753601074219
1747533185.0569513,3.6782873116080084,-5.460821804628035,7.699728012084961
1747533185.079357,3.6725632196855815,-5.505026921091991,6.640195846557617
1747533185.0952148,3.657225988459198,-5.533866123143991,6.227016448974609
1747533185.1206224,3.6482749098456835,-5.589129995808446,7.045984268188477
1747533185.139766,3.630935111911389,-5.628215140170169,5.728244781494141
1747533185.1591933,3.6097343928027024,-5.657657522058746,5.966663360595703
1747533185.179981,3.5968199138661023,-5.702273990037488,5.4378509521484375
1747533185.1950324,3.5822941354752196,-5.733897408200952,5.744457244873047
1747533185.2200754,3.5556295110327945,-5.775121286627799,5.246639251708984
1747533185.2392461,3.5622628459036823,-5.8153361904529755,4.978418350219727
1747533185.2538855,3.5564503311340374,-5.837031594489167,5.232334136962891
1747533185.274081,3.538566211292997,-5.861743083144839,5.198001861572266
1747533185.293313,3.5196069723975634,-5.882140078737753,5.141496658325195
1747533185.3130488,3.4994915633546095,-5.896372242779954,5.004644393920898
1747533185.3387222,3.482606367354241,-5.944088306691558,4.7817230224609375
1747533185.3533864,3.470240368729865,-5.962688675666613,4.952907562255859
1747533185.3789032,3.4386883973261284,-5.99626890888886,4.852771759033203
1747533185.3989956,3.4137118277302845,-6.015954893881985,4.927396774291992
1747533185.4196796,3.396408301452525,-6.028289929423964,6.586551666259766
1747533185.4423337,3.3778568998760172,-6.042607905459479,6.908178329467773
1747533185.460069,3.3237138304459632,-6.07213780511539,4.812955856323242
1747533185.4786334,3.2682714608177914,-6.091321658071068,5.7048797607421875
1747533185.4957001,3.2370018821477573,-6.100555262442655,6.61015510559082
1747533185.5220158,3.191547134681402,-6.1211883194354595,5.582571029663086
1747533185.554262,3.1675209696680593,-6.154291257953339,6.512880325317383
1747533185.5781097,3.146939091913525,-6.174512800585534,7.373809814453125
1747533185.5934567,3.1016016033948612,-6.193960725627862,5.126714706420898
1747533185.6102166,3.0424969441165093,-6.209842781185554,5.86247444152832
1747533185.6243114,3.0052080797157372,-6.218341607447246,4.725933074951172
1747533185.6420496,2.945993860077314,-6.235393762949726,4.822015762329102
1747533185.6580331,2.8737095154539687,-6.2516854143494704,5.044460296630859
1747533185.6786554,2.7886724198628308,-6.266484519522497,4.777193069458008
1747533185.698269,2.7294385681034976,-6.2776787232627385,4.996299743652344
1747533185.7295082,2.6665121566322454,-6.302305331816263,7.460355758666992
1747533185.7513216,2.6397819317162496,-6.310704243452831,6.012678146362305
1747533185.771821,2.605977921428338,-6.318102228350627,5.717277526855469
1747533185.7866254,2.5478722491689236,-6.328337570228439,5.057334899902344
1747533185.8034198,2.484918511074016,-6.349563144206838,5.398750305175781
1747533185.8206842,2.4403170242666494,-6.3642336145014635,5.490303039550781
1747533185.8386576,2.417187508290296,-6.371922481453547,4.773378372192383
1747533185.85379,2.3807054450491125,-6.366152658210253,4.895687103271484
1747533185.8782408,2.3191139802028053,-6.370340919995122,4.810810089111328
1747533185.8986347,2.2723086202068323,-6.374300464995532,4.965782165527344
1747533185.9186506,2.2422439705936132,-6.388831404608555,5.689144134521484
1747533185.938516,2.213873304429665,-6.401960203982149,5.120515823364258
1747533185.9591544,2.1936797699456823,-6.410116173046229,4.914522171020508
1747533185.9786992,2.1668640054131383,-6.416267912965702,5.528926849365234
1747533185.9985514,2.103789451887628,-6.4208626762091106,5.591154098510742
1747533186.0160367,2.0637063868169925,-6.425648600994222,4.955291748046875
1747533186.037302,2.0195486999956906,-6.435572957584851,4.829883575439453
1747533186.057191,1.955972936402231,-6.450730007853415,8.273839950561523
1747533186.0820808,1.9040245881929576,-6.46516465163803,5.865335464477539
1747533186.1026714,1.8655933898286807,-6.472467711898144,6.949663162231445
1747533186.118949,1.8006660537906503,-6.46518065208811,4.683494567871094
1747533186.137983,1.7328395268239298,-6.460816195017571,4.731416702270508
1747533186.1598516,1.665005832183119,-6.460783986661039,4.884481430053711
1747533186.1789627,1.597487915612572,-6.467629094934362,4.678010940551758
1747533186.1953392,1.5586453296631493,-6.470733039493771,6.842136383056641
1747533186.2161818,1.5227768909115575,-6.4723018005673625,7.853984832763672
1747533186.2390409,1.4697048347944144,-6.471940042993094,4.738330841064453
1747533186.25919,1.4042467011041868,-6.4766050951678364,4.728794097900391
1747533186.2788334,1.3581571991216013,-6.482704970262756,4.768610000610352
1747533186.2981603,1.3068958004707645,-6.489700244964513,4.955053329467773
1747533186.318988,1.2553127044022494,-6.48408914805954,4.739522933959961
1747533186.3384402,1.2077011198066503,-6.478182788501834,4.870891571044922
1747533186.358788,1.1689568307136926,-6.4747283968200975,5.40924072265625
1747533186.375041,1.0985873910794401,-6.459295741399106,6.343841552734375
1747533186.3927062,1.0335091000620837,-6.44856105552909,4.853248596191406
1747533186.4196198,0.9676507692628964,-6.44045417837293,6.129980087280273
1747533186.441386,0.9236638533967925,-6.436045896904824,4.786968231201172
1747533186.4585907,0.8874691201917096,-6.435298142505548,5.372524261474609
1747533186.4791894,0.7900440206810294,-6.4183540595624535,4.935264587402344
1747533186.4985008,0.7310337286733939,-6.410017721016644,4.995822906494141
1747533186.5187929,0.6827969295675873,-6.403741049199318,4.882574081420898
1747533186.5391567,0.6229208337159522,-6.391640554200057,4.876375198364258
1747533186.5603714,0.5812954847375611,-6.371101344608714,5.160093307495117
1747533186.5796242,0.570246138369263,-6.336981366190805,5.015373229980469
1747533186.599214,0.52288580925679,-6.2931280326572665,5.085468292236328
1747533186.6188939,0.38838211033492415,-6.3309242150365455,4.837274551391602
1747533186.6409192,0.319104739406003,-6.31652676278273,5.039215087890625
1747533186.657195,0.28802869045388535,-6.310436523782337,6.871461868286133
1747533186.678667,0.19340829894760284,-6.270714506938911,5.354642868041992
1747533186.6966896,0.13449682535533486,-6.249687009534889,7.761240005493164
1747533186.7217388,0.07329836714224808,-6.222459300212626,7.208347320556641
1747533186.7420003,0.03356923918246443,-6.187241591253229,6.282567977905273
1747533186.7613115,0.00834852216189199,-6.163195992883052,5.815029144287109
1747533186.7831504,0.012598456857703003,-6.158408270881867,6.352424621582031
1747533186.806383,-0.011396951174457094,-6.123508831139764,7.304191589355469
1747533186.8235323,-0.030458333998877662,-6.091690072322528,7.061481475830078
1747533186.8436697,-0.051734006621198744,-6.072571456672695,5.464315414428711
1747533186.8594644,-0.09636473243496609,-6.033477407111058,5.712747573852539
1747533186.8793175,-0.05750525488115943,-5.9941660029420145,6.215095520019531
1747533186.8994045,-0.0605897769422713,-5.963947989315755,5.959987640380859
1747533186.9163227,-0.052396308593143225,-5.949923735692858,7.784843444824219
1747533186.9342027,-0.09051373225218595,-5.915903198308995,6.4067840576171875
1747533186.9534976,-0.13048266796186858,-5.888367048655937,5.707740783691406
1747533186.9789004,-0.1820749946224385,-5.8490330455692785,5.951166152954102
1747533186.9992583,-0.2406443620125793,-5.801343806156562,5.917549133300781
1747533187.019552,-0.27192193555998967,-5.777445707363596,6.369829177856445
1747533187.041704,-0.3125479888595263,-5.746507711487207,6.7901611328125
1747533187.061934,-0.3847389745402339,-5.705117804229718,6.567239761352539
1747533187.084405,-0.43816822085373097,-5.659932796596561,6.1702728271484375
1747533187.1028821,-0.47651101233122445,-5.615648701848872,6.559610366821289
1747533187.2470982,-0.7887213592244037,-5.25186068434753,6.251811981201172
1747533187.2722998,-0.8675372863790289,-5.214634543128691,11.66224479675293
1747533187.288598,-0.9051150737921285,-5.161754547839845,5.246877670288086
1747533187.3061724,-0.926649385041694,-5.117681845506037,5.127668380737305
1747533187.324528,-1.0132344047808157,-5.053487106201712,4.873514175415039
1747533187.339766,-1.041799618898156,-5.004038768761857,4.730701446533203
1747533187.3570404,-1.0692153463870837,-4.951189385858236,4.976034164428711
1747533187.3729987,-1.0832653287773821,-4.904390776466991,5.073070526123047
1747533187.399177,-1.1670576747022348,-4.8401739487304,5.719184875488281
1747533187.4182835,-1.2023689193508282,-4.792161306314594,4.910707473754883
1747533187.4382517,-1.226244428236655,-4.736408690493172,4.871129989624023
1747533187.459049,-1.304822645017203,-4.670313307608703,5.268096923828125
1747533187.4781723,-1.3381326917831018,-4.613811802758067,4.842996597290039
1747533187.4981573,-1.3533821931628922,-4.558262093086179,4.8580169677734375
1747533187.5203516,-1.3690905397164033,-4.487418605237235,5.315542221069336
1747533187.5383136,-1.3761298149455552,-4.439193547496825,4.970550537109375
1747533187.5595758,-1.449312480727937,-4.367895288047222,5.026817321777344
1747533187.5794191,-1.4746799602798568,-4.305596013449166,4.98509407043457
1747533187.6000125,-1.4888040967616192,-4.2403544702166975,5.483150482177734
1747533187.6190305,-1.5474686394347072,-4.169991029490749,4.804134368896484
1747533187.6381745,-1.56933737334131,-4.12153850003362,4.824638366699219
1747533187.6586292,-1.5861164855178855,-4.043373057078452,5.069255828857422
1747533187.6792803,-1.5930250187353092,-3.989450505916814,5.292415618896484
1747533187.6967247,-1.638043424184091,-3.9358748686505454,5.652189254760742
1747533187.719861,-1.6651346433958445,-3.8726840201309964,5.530357360839844
1747533187.7401695,-1.670247603805145,-3.80202652983293,5.103826522827148
1747533187.7636445,-1.7085947414511733,-3.7991418572642996,4.97746467590332
1747533187.7807226,-1.725228066184315,-3.7325718956518568,5.339860916137695
1747533187.7988713,-1.734210788015323,-3.676353807343417,5.326509475708008
1747533187.8181858,-1.7478645782375855,-3.6123084771609517,5.115747451782227
1747533187.8381858,-1.745490870776213,-3.542124304522953,4.900455474853516
1747533187.8589497,-1.745045746547292,-3.4754043535320776,5.530595779418945
1747533187.8782797,-1.7457628308857325,-3.4152617193251973,4.957914352416992
1747533187.8994179,-1.7611915980781159,-3.344575818178558,6.2408447265625
1747533187.9185822,-1.7684728993519283,-3.2813790043774156,5.468606948852539
1747533187.9390614,-1.7765591192101233,-3.223504565198954,4.981040954589844
1747533187.95938,-1.7733959437990459,-3.135117687353369,5.013704299926758
1747533187.9762962,-1.7769094832291787,-3.0702082281523047,7.34710693359375
1747533187.9937778,-1.787615678614287,-3.011035337857886,5.24449348449707
1747533188.0155013,-1.772087221741206,-2.9217912314865604,6.902933120727539
1747533188.0404632,-1.7733614588808853,-2.828353189308174,7.084846496582031
1747533188.0608025,-1.7791786966180825,-2.7584476093340564,6.185054779052734
1747533188.080795,-1.7605350994165847,-2.672369295908355,7.134199142456055
1747533188.0967433,-1.7578906225651778,-2.6209515855225645,5.257844924926758
1747533188.1195393,-1.7535794490404935,-2.5370172510111337,5.400896072387695
1747533188.1393604,-1.757094746716928,-2.4972717194791882,7.6389312744140625
1747533188.1672373,-1.7275913539454166,-2.390521790587163,5.8002471923828125
1747533188.1882787,-1.724560076020771,-2.3523341578104118,5.182981491088867
1747533188.2126427,-1.6745874469759654,-2.283315798185692,7.982492446899414
1747533188.2367518,-1.6372595182838574,-2.1481586677933056,5.217552185058594
1747533188.258549,-1.638597684652591,-2.083108077413825,5.89442253112793
1747533188.2797048,-1.5912569318521315,-1.986581846702087,6.515741348266602
1747533188.298492,-1.574584922681145,-1.92964975321635,7.09080696105957
1747533188.313247,-1.5632690995875473,-1.8667119053345678,5.031108856201172
1747533188.3424532,-1.5195967850634124,-1.767466900532266,7.195472717285156
1747533188.3589845,-1.5002427921058743,-1.7005247709856433,5.027294158935547
1747533188.3789327,-1.4909141153706935,-1.6309609761558894,5.485057830810547
1747533188.398747,-1.4784461333355592,-1.565431235558362,5.18345832824707
1747533188.415708,-1.4430146095841065,-1.5059373402434886,5.721330642700195
1747533188.440049,-1.3963537644419934,-1.4226082979837757,6.88934326171875
1747533188.4585555,-1.3611942001376542,-1.3586676708790157,5.157232284545898
1747533188.4782584,-1.3478936150775849,-1.3131019554675525,5.268335342407227
1747533188.498809,-1.3401507378825193,-1.2741812914362995,5.280494689941406
1747533188.5195274,-1.2846801011106925,-1.191516468445464,5.318403244018555
1747533188.5394802,-1.2513567059247093,-1.1298003443028088,5.499362945556641
1747533188.559121,-1.2267253284800288,-1.0793097091941566,5.37562370300293
1747533188.578616,-1.1867118458936372,-1.0153950428980394,5.501508712768555
1747533188.595386,-1.1394187222652388,-0.9589291790861948,7.104396820068359
1747533188.6142457,-1.1031812011050108,-0.9170082014798406,5.912303924560547
1747533188.6349113,-1.0253542445110155,-0.8525142312831246,6.12330436706543
1747533188.6542792,-0.9726937932221008,-0.7985789934121219,6.076574325561523
1747533188.6830742,-0.9167912857221452,-0.7350850915531124,7.411479949951172
1747533188.7005463,-0.8619989954604044,-0.6715262018448639,6.129026412963867
1747533188.7154946,-0.8310468245226034,-0.6284992247296444,6.241321563720703
1747533188.7353997,-0.7897765370074937,-0.5817795476462592,7.128477096557617
1747533188.7590854,-0.7426038541666253,-0.5303461842364803,5.934238433837891
1747533188.777968,-0.6914244904544707,-0.48456425122895885,5.715608596801758
1747533188.7999635,-0.6358225011925733,-0.43327486002295806,6.598472595214844
1747533188.8218548,-0.5893547003166371,-0.3917888242527449,8.515596389770508
1747533188.838967,-0.5446798497480257,-0.34419584233572814,5.558013916015625
1747533188.8588593,-0.4774914054883222,-0.2912105646743024,5.550384521484375
1747533188.880749,-0.45109594484661814,-0.26739376288306066,7.223367691040039
1747533188.8972077,-0.4083500247243082,-0.2248935725241829,5.875587463378906
1747533188.919107,-0.33384189975167733,-0.17383452305548516,5.204916000366211
1747533188.93928,-0.28029665294241407,-0.13357632361959615,6.094455718994141
1747533188.954129,-0.24702215041360584,-0.11187820695684128,5.614757537841797
1747533188.9754496,-0.18026253705725723,-0.06751390594788637,7.2917938232421875
1747533188.999223,-0.10478910667816708,-0.0327996103202962,5.231618881225586
1747533189.0241425,-0.0687999566367776,-0.019452504395728962,7.932901382446289
1747533189.043155,-0.0036745764522929025,0.016779590439968576,5.106449127197266
1747533189.0603433,0.04087321921235523,0.04100273881300418,5.042314529418945
1747533189.086296,0.08265685708337275,0.06246362718520232,8.621692657470703
1747533189.102598,0.10784194198711262,0.09729788349047863,5.0296783447265625
1747533189.1191242,0.14878564033321687,0.12247672707749355,5.036354064941406
1747533189.1393423,0.17921486538875003,0.14019389128482296,4.924297332763672
1747533189.1612928,0.21877689271030004,0.17291635574733746,5.7830810546875
1747533189.1831346,0.22420661264142724,0.1830071955439282,4.942893981933594
1747533189.2061949,0.2394353607603458,0.19201622654385958,9.95182991027832
1747533189.226277,0.30589157799968775,0.22445128467714048,5.070924758911133
1747533189.2437415,0.3768515471240649,0.24724263002139177,4.9915313720703125
1747533189.2618053,0.4002762885869079,0.2609304810021086,5.118846893310547
1747533189.2796133,0.4707032345500346,0.27214352763451044,5.30695915222168
1747533189.298983,0.5579450108078833,0.28444116467443714,5.6304931640625
1747533189.3185894,0.639833122589895,0.29196391407094247,5.470752716064453
1747533189.3378487,0.6925880655813099,0.3004494406462512,4.933834075927734
1747533189.3588955,0.7734304689067422,0.32278880589825415,4.753589630126953
1747533189.3799348,0.8344642177040182,0.33610594935797755,5.003929138183594
1747533189.398841,0.8896267392246541,0.3492020557960982,5.693197250366211
1747533189.4189506,0.9798948413351195,0.33919383985847595,5.567312240600586
1747533189.4385262,1.0552315339426224,0.3426124276248049,5.105018615722656
1747533189.4581983,1.1302860219404884,0.34904225927882343,5.161523818969727
1747533189.4729989,1.166877161487003,0.3507897007350252,4.7893524169921875
1747533189.5007107,1.2133239259523434,0.3473198505514733,4.858732223510742
1747533189.5227215,1.2786296275200744,0.3407399371352976,5.288839340209961
1747533189.542769,1.3291766494945008,0.33492273914393833,4.741430282592773
1747533189.5624537,1.3713241080570961,0.3286920412988187,5.231380462646484
1747533189.5825164,1.4495235542545224,0.31854333188043715,5.5217742919921875
1747533189.5992694,1.4982253544069557,0.3141017756695803,4.668951034545898
1747533189.6194248,1.5575125800445202,0.3044610696306325,5.109548568725586
1747533189.6385431,1.5912669575863223,0.29859113087666206,5.204439163208008
1747533189.659975,1.6315228367253782,0.27676005156270667,5.68842887878418
1747533189.6792624,1.651783774746785,0.26216123364978167,4.828214645385742
1747533189.6990638,1.6713397770759177,0.2487085672965295,4.771232604980469
1747533189.7199502,1.7291592927599704,0.2196431472781325,6.480216979980469
1747533189.7381408,1.7649882493815918,0.19798229788332983,5.405187606811523
1747533189.755955,1.7876213629124285,0.1802985438485389,5.376577377319336
1747533189.7800434,1.8527392397139577,0.1463398419611374,4.83250617980957
1747533189.7981498,1.8983938866366143,0.12422161256489841,4.770755767822266
1747533189.8181307,1.9348321870904472,0.10688800663354614,4.792213439941406
1747533189.8383868,1.9689089060617233,0.09084327372073844,5.042791366577148
1747533189.8588898,2.0297769200780205,0.05265642920944896,4.671335220336914
1747533189.8783247,2.0739174079550535,0.02081940934150779,4.831075668334961
1747533189.8988101,2.1232940599767796,-0.003895287580114496,4.7817230224609375
1747533189.9196758,2.1887724377976734,-0.045712845546438334,4.839897155761719
1747533189.938353,2.2413906534528505,-0.07852359736558782,4.981040954589844
1747533189.9586751,2.2749972383961916,-0.10128908612100064,5.5389404296875
1747533189.9787152,2.2925500625038864,-0.12215753298076966,5.162239074707031
1747533189.9964638,2.3075543875531173,-0.1416431512479419,6.197929382324219
1747533190.0146837,2.3221055424515344,-0.15137834070603115,6.266355514526367
1747533190.0399997,2.334128646924689,-0.16353795028452628,5.385875701904297
1747533190.0611255,2.372407107035285,-0.2133083496690611,5.022525787353516
1747533190.0876856,2.3909780988703733,-0.24379097480810558,8.45026969909668
1747533190.1063895,2.4413716236209844,-0.2929040621324412,5.542516708374023
1747533190.121493,2.4848655828129016,-0.34096591564089956,5.02467155456543
1747533190.1386592,2.5142078465033117,-0.37067864172694215,5.219459533691406
1747533190.1727726,2.5438615043003354,-0.3915437547660869,8.324146270751953
1747533190.2037945,2.6090006425859125,-0.45086790788498265,8.014678955078125
1747533190.226583,2.6418956069447885,-0.4751075998921059,6.359100341796875
1747533190.2473452,2.6631723528722766,-0.5235524734870393,6.198883056640625
1747533190.2681253,2.673125469335724,-0.5535601194532637,6.282806396484375
1747533190.2903237,2.689203292037512,-0.5911499418141217,8.101940155029297
1747533190.308519,2.702805521590375,-0.6321231454555013,5.597114562988281
1747533190.3269958,2.7120118475986352,-0.6647139746935723,6.317138671875
1747533190.3445358,2.7253330035311216,-0.6978230944253547,5.616664886474609
1747533190.3621466,2.7356967625606803,-0.7214943882258443,5.87010383605957
1747533190.379733,2.7525674674263327,-0.7594234045688923,5.72967529296875
1747533190.4011428,2.7692925054912854,-0.7947162162046965,6.209373474121094
1747533190.420243,2.784084560855809,-0.839296967670728,5.659580230712891
1747533190.43894,2.77451456516549,-0.9045317606015754,5.432605743408203
1747533190.4555366,2.763280234138677,-0.9529909555343093,6.418704986572266
1747533190.4787855,2.746950551690882,-1.0141566324576805,5.692481994628906
1747533190.495333,2.7361141612387563,-1.050104867182585,7.174015045166016
1747533190.5189266,2.762017109261184,-1.1183804035334701,5.433082580566406
1747533190.5405633,2.770638745924335,-1.1664354069799403,5.227804183959961
1747533190.5646636,2.7784656091178643,-1.2117801245678022,7.148981094360352
1747533190.583925,2.7806469747291196,-1.2357669825394106,6.400108337402344
1747533190.6063163,2.788787098815251,-1.2894038249850936,5.0868988037109375
1747533190.623151,2.793788456353481,-1.3313369449656638,4.965066909790039
1747533190.6402237,2.798454452638245,-1.3697367714091384,4.755258560180664
1747533190.658293,2.80312921022715,-1.4021644516432044,5.281925201416016
1747533190.6785262,2.792830632274889,-1.4550176143328164,5.37109375
1747533190.698623,2.783535386789687,-1.4990228829337089,5.244016647338867
1747533190.7154844,2.7772639391537335,-1.5221750802947105,6.2408447265625
1747533190.7390766,2.764449170816637,-1.5921770395822497,4.643440246582031
1747533190.759022,2.749830845971244,-1.6444866106279508,4.601240158081055
1747533190.7771013,2.7344380596115996,-1.6843102049619771,4.686832427978516
1747533190.7959063,2.7438251112594507,-1.743592270932386,4.926919937133789
1747533190.8149962,2.746997053990798,-1.7856947516773818,5.152225494384766
1747533190.8339577,2.7439451373252632,-1.8247911225753124,5.080461502075195
1747533190.8595588,2.727877636006673,-1.9019062236903794,4.591464996337891
1747533190.8783226,2.72174100583918,-1.9496760316170105,4.778623580932617
1747533190.8982563,2.7124728858982228,-1.9879614578372473,4.820108413696289
1747533190.9186342,2.6944908854550813,-2.0263341938947064,5.262613296508789
1747533190.9419127,2.678797211477642,-2.0874194349728876,6.633520126342773
1747533190.9592824,2.662871564957048,-2.1382763181335815,4.850625991821289
1747533190.9748065,2.654696074677583,-2.1701593856852908,5.724668502807617
1747533190.998962,2.6329769359786366,-2.2494544994246963,5.553960800170898
1747533191.0190678,2.6212905474989174,-2.3106878389256207,5.0182342529296875
1747533191.039172,2.6076532821158875,-2.3602315018156137,4.900217056274414
1747533191.0587232,2.603008305859538,-2.406159881109214,7.087469100952148
1747533191.080309,2.589056481694046,-2.471496262089266,5.903005599975586
1747533191.1006353,2.5821476675004362,-2.5263735803424416,6.457328796386719
1747533191.1183815,2.5771010847416997,-2.5649129050418895,5.252599716186523
1747533191.1345096,2.5675669822875395,-2.6102508523451964,5.666017532348633
1747533191.1550436,2.5603556810764774,-2.6607113895707366,6.247758865356445
1747533191.1735759,2.5509353865263993,-2.7086910502452315,5.2242279052734375
1747533191.198425,2.556910578411626,-2.780384364812396,4.854917526245117
1747533191.214461,2.5654096591776945,-2.8187835438379603,6.194829940795898
1747533191.2330801,2.5692788086133813,-2.8592477747906977,4.866600036621094
1747533191.2565145,2.576790038210212,-2.933552482349333,6.229162216186523
1747533191.279219,2.5881892412897045,-3.010534936836845,5.107641220092773
1747533191.299008,2.5980864158333983,-3.069981313231693,5.469083786010742
1747533191.3195748,2.6273770741597375,-3.147081471749002,5.063056945800781
1747533191.3406718,2.658111987602921,-3.208705444674651,4.955530166625977
1747533191.3588178,2.6714898881879865,-3.254558437996807,4.786252975463867
1747533191.374724,2.6799364608032477,-3.2710909499528458,5.709409713745117
1747533191.398923,2.7053107219910584,-3.356248965540884,5.474328994750977
1747533191.419339,2.7227580087808936,-3.4110830399765857,5.067348480224609
1747533191.4385622,2.736440338535177,-3.451492477410337,5.576372146606445
1747533191.4589994,2.769071006552168,-3.537964434519026,5.11622428894043
1747533191.479544,2.7984021762010207,-3.6031738223310743,6.279706954956055
1747533191.4984982,2.820809940596219,-3.6581432618473517,4.836320877075195
1747533191.5189955,2.8427910636524474,-3.7222189012423503,5.227804183959961
1747533191.5395095,2.860298468792077,-3.777850437577484,4.8007965087890625
1747533191.5591097,2.8897910420490374,-3.825861780401879,4.7855377197265625
1747533191.574885,2.9131826446379168,-3.8536677833959945,6.200075149536133
1747533191.5948944,2.9659298881753426,-3.924579044385374,6.4792633056640625
1747533191.6153865,3.022989895779261,-3.987160143242341,6.675004959106445
1747533191.639406,3.0585708768593456,-4.046375154037692,5.025148391723633
1747533191.6623023,3.0798924220982205,-4.105683720699424,6.591320037841797
1747533191.6833336,3.1258623548877424,-4.160786408463504,5.939006805419922
1747533191.7025461,3.1698253329497073,-4.212389336716625,5.167245864868164
1747533191.7231102,3.205743578762341,-4.266163908244733,4.918336868286133
1747533191.7447097,3.2436678862807797,-4.317516333886941,5.160093307495117
1747533191.764588,3.2794405568915415,-4.362330014974929,5.021572113037109
1747533191.7846875,3.3168542998093766,-4.403781878162692,4.73785400390625
1747533191.804638,3.361785206430318,-4.45832033501706,4.691362380981445
1747533191.8239925,3.3802299041042962,-4.485790449498746,4.7626495361328125
1747533191.841726,3.4141612641657226,-4.568309770684619,5.238533020019531
1747533191.8585758,3.435240674312326,-4.6122331317874865,5.416631698608398
1747533191.8789055,3.4688082947397967,-4.65858119869643,5.756616592407227
1747533191.899279,3.496949336065632,-4.698364854798794,5.494832992553711
1747533191.9189618,3.5116832151297985,-4.7246913507193025,5.622386932373047
1747533191.938741,3.5233504659511077,-4.744741743629399,4.871845245361328
1747533191.9545696,3.5633502346573835,-4.812051573070398,5.601406097412109
1747533191.9738457,3.584503465474935,-4.860848743834902,5.243778228759766
1747533192.0042777,3.5915919390792985,-4.904223441539699,6.705284118652344
1747533192.0295243,3.607888137009843,-4.961997870420156,7.090568542480469
1747533192.0520384,3.612077985587277,-5.0166331103636015,7.673740386962891
1747533192.0730953,3.6125585158956643,-5.069202924933835,7.56525993347168
1747533192.089161,3.6386836209082345,-5.140829989451919,5.316257476806641
1747533192.1055393,3.6452131993296586,-5.19198367305584,5.170106887817383
1747533192.123532,3.643416752683901,-5.2198524352514895,6.103754043579102
1747533192.2663305,3.6310701797461884,-5.496813921561261,8.077144622802734
1747533192.284964,3.625326267417724,-5.556513860536051,6.060123443603516
1747533192.300753,3.614935078068942,-5.603569413994328,5.736112594604492
1747533192.3198752,3.60414740513883,-5.636714589626039,5.503416061401367
1747533192.3395932,3.5849802477984687,-5.689912201623656,5.414247512817383
1747533192.3627906,3.5584507907646685,-5.7270727175560125,5.375385284423828
1747533192.3800502,3.5361926637461063,-5.755877801218607,5.013465881347656
1747533192.396464,3.5171219476772215,-5.770125358069183,7.479190826416016
1747533192.4190142,3.495468688723894,-5.81413580638987,5.509376525878906
1747533192.438839,3.479461649110854,-5.837197059873805,5.335569381713867
1747533192.4594457,3.457789748280497,-5.858884303319329,5.026340484619141
1747533192.4757247,3.431572176046444,-5.887293072210453,6.436347961425781
1747533192.507658,3.394889708630316,-5.926700826292189,5.235910415649414
1747533192.530824,3.3678092451035697,-5.950450346918755,7.372379302978516
1747533192.5530996,3.336449803495124,-5.982104464165488,9.23919677734375
1747533192.5726025,3.316335704601184,-6.010154929393082,7.796764373779297
1747533192.5877342,3.2817790527581163,-6.038883320081273,4.689693450927734
1747533192.6051304,3.2518443977859186,-6.065751792513579,4.803180694580078
1747533192.6202748,3.2280964773505025,-6.083180340636827,4.947185516357422
1747533192.6384647,3.2063225801444597,-6.0938396841837825,5.303621292114258
1747533192.6605997,3.1531993920622594,-6.126453143884077,4.864931106567383
1747533192.6842394,3.07837069522916,-6.156132182322064,9.142637252807617
1747533192.7070246,3.024151927387492,-6.171754278794552,6.703615188598633
1747533192.7301135,2.9822710974289977,-6.183095895576664,7.01451301574707
1747533192.7561784,2.9318775695096524,-6.19516732069488,7.821083068847656
1747533192.7758367,2.8604451682906618,-6.229109302138991,7.047891616821289
1747533192.7932022,2.823258607267757,-6.240122842976094,5.212545394897461
1747533192.818297,2.761612411501539,-6.258077128406711,5.012750625610352
1747533192.8333461,2.7221967343414226,-6.2688176318502125,4.974842071533203
1747533192.8580334,2.657638456259743,-6.284032521545535,4.905939102172852
1747533192.8783627,2.5992420943200822,-6.293901402749894,5.035638809204102
1747533192.898596,2.5433188998785186,-6.3082910561196925,5.341529846191406
1747533192.9185665,2.4868655597099494,-6.320568160729641,5.336999893188477
1747533192.9389606,2.4222883578307757,-6.331990569172442,4.753589630126953
1747533192.958634,2.3270464578234193,-6.356638654871002,5.299091339111328
1747533192.9785523,2.2662433854894757,-6.370543631613555,5.476713180541992
1747533192.998785,2.2182908494586853,-6.380797561876592,4.692554473876953
1747533193.0209708,2.1685493725897134,-6.390730939541435,5.584001541137695
1747533193.0447104,2.1403478577384747,-6.4001103080329065,6.759881973266602
1747533193.066587,2.112135908095161,-6.407547695366468,7.164478302001953
1747533193.0886202,2.055557490223453,-6.427668910990451,4.856586456298828
1747533193.1102772,1.9894129838982815,-6.442604271120343,7.184743881225586
1747533193.1264353,1.9103890495857927,-6.4570910003094335,5.1441192626953125
1747533193.1462064,1.8453188559834257,-6.46555397853899,5.790948867797852
1747533193.1728077,1.8389078519725368,-6.469098577121647,8.404016494750977
1747533193.1939461,1.83965949018387,-6.471647437166624,7.55000114440918
1747533193.218186,1.8245388020954856,-6.476965281724531,10.375499725341797
1747533193.2394853,1.7103627987175567,-6.476115533753332,5.55109977722168
1747533193.261199,1.6382431402686122,-6.47748828612377,4.866600036621094
1747533193.280124,1.5852194415585315,-6.479696823199276,5.107402801513672
1747533193.298253,1.5098077732431956,-6.469092770517952,4.919767379760742
1747533193.3189263,1.4238585995651212,-6.468892040893246,4.735231399536133
1747533193.3379838,1.354622484252005,-6.471240179265134,4.856586456298828
1747533193.3611615,1.3046978690655526,-6.4794618435009115,5.666255950927734
1747533193.3821027,1.2691856375147297,-6.4804049829087145,8.78286361694336
1747533193.39921,1.2331321000278177,-6.480919283937377,4.630327224731445
1747533193.4199376,1.1721613031331202,-6.462223889992105,6.458044052124023
1747533193.4377742,1.126713363957436,-6.45117236767251,4.989385604858398
1747533193.4541254,1.1025558784005214,-6.448185167489093,5.313634872436523
1747533193.4733493,1.065797840762393,-6.442232020505187,4.803180694580078
1747533193.4981427,0.9819462971910117,-6.430087536507326,4.790544509887695
1747533193.5211291,0.9127413913935823,-6.422254980186597,4.833221435546875
1747533193.5430446,0.8690048325861038,-6.421576769688014,4.720449447631836
1747533193.573571,0.7929752974509043,-6.409675611830735,11.47150993347168
1747533193.5889077,0.7411532304165038,-6.400238050891615,4.627704620361328
1747533193.6062584,0.684028517735506,-6.391500719005678,5.346775054931641
1747533193.6261923,0.6267392840335613,-6.3697088993516955,6.527423858642578
1747533193.6492906,0.5825425476837057,-6.356400128206984,7.516384124755859
1747533193.6719627,0.5379120849924355,-6.343218240248193,6.253242492675781
1747533193.6945767,0.5079910631110476,-6.326531320560238,6.903171539306641
1747533193.7145016,0.4089281695055429,-6.268784047202583,5.93876838684082
1747533193.7333002,0.3830498040848713,-6.249139165065954,5.062580108642578
1747533193.7539523,0.3470146687790583,-6.211771388520263,5.652666091918945
1747533193.7786627,0.29723587088935804,-6.175881039760989,5.316734313964844
1747533193.7995193,0.25774691472894473,-6.156820495998209,5.1097869873046875
1747533193.8190172,0.26226081831654985,-6.1394806907655,5.539178848266602
1747533193.8384378,0.26517411799381574,-6.117807608620573,5.529165267944336
1747533193.8589168,0.24491013536965936,-6.079239758560123,5.714178085327148
1747533193.8787177,0.2294313095071388,-6.023823883453441,5.53441047668457
1747533193.8999872,0.19488282685945138,-5.994068536850234,5.578041076660156
1747533193.9200974,0.16711507892662816,-5.976654385288523,6.987571716308594
1747533193.9386067,0.13480970174552312,-5.954666510093754,5.359172821044922
1747533193.9591992,0.07372980541124163,-5.936453249283584,5.481481552124023
1747533193.9800968,0.06795221768189531,-5.889100784700614,5.474567413330078
1747533193.9989443,0.05455474585961436,-5.863385056838087,5.586147308349609
1747533194.0205657,0.02893421791575054,-5.83352721851592,5.835533142089844
1747533194.040125,-0.014731461117072289,-5.793253068696795,5.836248397827148
1747533194.0598173,-0.0603202948496749,-5.7656699451238635,6.125926971435547
1747533194.0822592,-0.08306427120178314,-5.7530985394319405,5.884885787963867
1747533194.1005504,-0.12311895561871077,-5.724266983416103,5.930423736572266
1747533194.119847,-0.1767513441854234,-5.6809766599239815,6.534576416015625
1747533194.1411922,-0.22405236729629616,-5.645043926815177,6.448984146118164
1747533194.1657014,-0.2565032947273923,-5.619409520644316,9.27877426147461
1747533194.1966326,-0.30251018939410357,-5.572902792432551,8.382797241210938
1747533194.2188666,-0.34133153800975524,-5.532504923261708,8.284330368041992
1747533194.2373075,-0.45917187094878087,-5.449212268346163,7.960796356201172
1747533194.2549944,-0.5119241020062212,-5.400357571183821,6.225109100341797
1747533194.2800684,-0.5578662702933578,-5.351485931586072,6.248235702514648
1747533194.2998216,-0.6298591850459117,-5.2902314982974685,5.608081817626953
1747533194.3186924,-0.6790556061885659,-5.251170087394998,5.659341812133789
1747533194.3388946,-0.7126985955042694,-5.215459378706469,5.363702774047852
1747533194.3586645,-0.7396493090635298,-5.188178706053566,5.261421203613281
1747533194.3783782,-0.814513811333964,-5.126666902079232,5.437135696411133
1747533194.4005358,-0.8575245983380398,-5.062968812816673,6.155252456665039
1747533194.4192505,-0.8872128824456016,-5.008034139222605,5.329608917236328
1747533194.4384778,-0.9687589486635683,-4.954394366241976,5.067348480224609
1747533194.4529493,-1.0090527502297084,-4.8998287360774375,4.8389434814453125
1747533194.4784486,-1.0368626159997112,-4.841231661856966,5.3997039794921875
1747533194.4990919,-1.1214219700015349,-4.780910258167724,5.069494247436523
1747533194.5193613,-1.1651621041176718,-4.728853432581207,5.357027053833008
1747533194.5388436,-1.1811479457245468,-4.695296078117011,4.993438720703125
1747533194.5584993,-1.2024895148530381,-4.644306631797906,4.943132400512695
1747533194.5780234,-1.2940538396072783,-4.595600061907208,4.87828254699707
1747533194.5988188,-1.3353730657733345,-4.541490471763958,5.34510612487793
1747533194.619763,-1.357551793199783,-4.487567128377141,6.358146667480469
1747533194.6349108,-1.4325629529289512,-4.435295283157038,5.421638488769531
1747533194.655151,-1.4622683535464767,-4.368180647386434,6.488323211669922
1747533194.6730523,-1.4883979802028355,-4.307246644329498,4.910469055175781
1747533194.7010114,-1.5687291566241024,-4.238378789275695,5.108118057250977
1747533194.7198534,-1.5973410916774342,-4.197339408160422,6.675243377685547
1747533194.738223,-1.613976924281131,-4.141211457671261,4.832744598388672
1747533194.755469,-1.6233867976543492,-4.078135302541828,7.476568222045898
1747533194.7781224,-1.6659460924322937,-4.001146767239063,5.140066146850586
1747533194.7995496,-1.6808805612655042,-3.937989122161241,4.805803298950195
1747533194.8131857,-1.688890215910769,-3.8937289375427047,4.78672981262207
1747533194.8382208,-1.74633095005071,-3.8110321811973042,4.867315292358398
1747533194.8580205,-1.7731155762450541,-3.749757002960982,5.02777099609375
1747533194.8781712,-1.7868364986140286,-3.6886442867434472,5.039453506469727
1747533194.897803,-1.8109628270779743,-3.6268465059144823,5.014657974243164
1747533194.918367,-1.8195086490575831,-3.5693587870475927,4.945516586303711
1747533194.9379437,-1.8261074299331883,-3.5040028533188763,5.054950714111328
1747533194.9588203,-1.8272446767091783,-3.439401254705398,5.116939544677734
1747533194.979057,-1.826598437607867,-3.3696828695777525,5.995988845825195
1747533195.002117,-1.8226601558794666,-3.277675337511437,6.429910659790039
1747533195.0187755,-1.8224664491150637,-3.2298238374775003,5.118131637573242
1747533195.0380845,-1.8287322704906537,-3.176668158408748,5.06281852722168
1747533195.0582283,-1.8358181415688712,-3.106925333342364,5.125999450683594
1747533195.0785575,-1.8390134136565395,-3.044506324720927,5.209445953369141
1747533195.0988028,-1.8436051288217015,-2.9834568576443954,5.361795425415039
1747533195.1241162,-1.8500569775199276,-2.921068208677106,5.580902099609375
1747533195.1463318,-1.8304516808192866,-2.8590702615054986,5.841255187988281
1747533195.1639833,-1.8249555595625042,-2.784799368743346,5.665063858032227
1747533195.1809132,-1.8341590418331908,-2.710258831005875,5.095005035400391
1747533195.2005827,-1.8234872705035088,-2.6382236403709043,5.225658416748047
1747533195.2150075,-1.8206896558825527,-2.589216130564614,5.74803352355957
1747533195.2345078,-1.8259392056791097,-2.5248865626505994,6.747245788574219
1747533195.2531404,-1.7684900233935854,-2.445596559719561,5.357027053833008
1747533195.2743,-1.7591288349745045,-2.3680746253652467,5.973339080810547
1747533195.2983303,-1.748321789836612,-2.2849887442008385,5.319356918334961
1747533195.31885,-1.7154654961776912,-2.199695506201733,5.318164825439453
1747533195.3394134,-1.7042231217136512,-2.127618833306022,5.059003829956055
1747533195.3585265,-1.7027640572068516,-2.058661982609824,5.471229553222656
1747533195.3785934,-1.647598330697827,-1.9821763236730074,5.065441131591797
1747533195.3987224,-1.622108682699937,-1.9070178389484,4.911184310913086
1747533195.4191363,-1.6067994620785027,-1.8466993419420974,5.358695983886719
1747533195.4386463,-1.5983544676373422,-1.789396791754296,5.206108093261719
1747533195.4556956,-1.5644232168804413,-1.7291814663005898,6.852626800537109
1747533195.4783702,-1.538856150956713,-1.6465041775676916,4.989862442016602
1747533195.4982603,-1.5257200956730776,-1.589790566534832,5.120038986206055
1747533195.522629,-1.4687052739933641,-1.513208522820242,8.709907531738281
1747533195.547967,-1.4371998020417422,-1.4556982269941705,6.758451461791992
1747533195.5766637,-1.4168844419468374,-1.3837859693363679,8.956670761108398
1747533195.6005583,-1.3297614170767533,-1.2573876962180595,7.698297500610352
1747533195.623136,-1.2997484809132314,-1.2037110606500738,6.914854049682617
1747533195.638577,-1.2825951109495612,-1.15967052393854,5.529165267944336
1747533195.6537876,-1.224724326919319,-1.076736236271728,5.4569244384765625
1747533195.6797888,-1.169403079950913,-0.9975944750693222,5.501985549926758
1747533195.6993232,-1.1396908440286369,-0.9477948203799444,6.085872650146484
1747533195.7193618,-1.0595896341808213,-0.8755038234379212,5.87010383605957
1747533195.7356405,-1.0175844479122933,-0.8330782431433598,7.443666458129883
1747533195.7599046,-0.9635622948167225,-0.770372125941697,6.069421768188477
1747533195.7769802,-0.923418778362847,-0.7178511300713127,6.866455078125
1747533195.7990897,-0.8672247884681448,-0.6502042252452366,5.963563919067383
1747533195.8243399,-0.8275143345674806,-0.6033897782739972,6.14476203918457
1747533195.843563,-0.7729459188202913,-0.555059254464663,5.9108734130859375
1747533195.8630285,-0.7042379944039967,-0.49500125467828826,5.759239196777344
1747533195.881097,-0.6584933106236327,-0.4561573603602786,5.849599838256836
1747533195.899083,-0.6327920423056529,-0.43325786103229696,5.544900894165039
1747533195.9176702,-0.5917121972407069,-0.4029495525725708,5.5694580078125
1747533195.9346163,-0.5490744405675549,-0.37705553571826156,6.333351135253906
1747533195.9584138,-0.4824344545841157,-0.32745066348209023,5.264043807983398
1747533195.9798763,-0.44632393777926344,-0.29876439565411955,6.314516067504883
1747533195.9998305,-0.4170715929380989,-0.26878957332295433,5.297660827636719
1747533196.027013,-0.37270160426671717,-0.21772561103746144,5.252838134765625
1747533196.0490713,-0.33052118878951686,-0.17743597278192977,6.833314895629883
1747533196.0698264,-0.2500607976675268,-0.11896615731210747,7.506847381591797
1747533196.0887923,-0.16258857197681892,-0.08410075068475828,6.963253021240234
1747533196.1080189,-0.10814977675138418,-0.05774413017774319,5.394697189331055
1747533196.1272426,-0.06342040025366259,-0.03403454105374955,6.500720977783203
1747533196.142601,-0.014868618736937882,-0.0010266123985087966,5.102396011352539
1747533196.161285,0.02561677593672295,0.02213555979127258,7.975578308105469
1747533196.1793373,0.06249417035073311,0.03631689780156068,5.0449371337890625
1747533196.198983,0.09587937827622035,0.0762965597513021,4.9285888671875
1747533196.2192137,0.1531499254128702,0.10206373999647468,5.647420883178711
1747533196.2383525,0.200577810980287,0.12283157104289218,5.251407623291016
1747533196.2582424,0.23492008796709113,0.13505017496513144,4.952192306518555
1747533196.2782762,0.28339619583684644,0.1622913974151014,5.099296569824219
1747533196.298812,0.3422854198121729,0.18365419368069288,5.319356918334961
1747533196.3184197,0.4034749667484303,0.20273191968627283,5.054950714111328
1747533196.338953,0.3917704591612572,0.21616917323985851,4.888296127319336
1747533196.3590333,0.3990437347119524,0.22694329966437518,5.06138801574707
1747533196.3787942,0.4199568222769577,0.2393406331985349,4.880189895629883
1747533196.398857,0.5025462011272531,0.2565957439803044,5.021572113037109
1747533196.419271,0.5526457277187726,0.26685604641132793,4.942417144775391
1747533196.438115,0.5810828659588827,0.27377961956318964,4.955053329467773
1747533196.4547553,0.601450968843779,0.2779226940623604,6.850719451904297
1747533196.4794667,0.6891142109258152,0.28964962555876506,5.64265251159668
1747533196.4989703,0.735110597064848,0.295138640663914,5.175352096557617
1747533196.520017,0.7981376176253774,0.30745013732699816,5.224466323852539
1747533196.5402215,0.8817268750949091,0.31426210377077957,4.911899566650391
1747533196.5612462,0.9684314064612587,0.32633679359021495,6.520509719848633
1747533196.5805259,1.0310770893614432,0.33216536445198447,5.162954330444336
1747533196.600076,1.1008359256889866,0.3382028660945675,5.29026985168457
1747533196.620867,1.17955097140582,0.3494787128501845,4.93621826171875
1747533196.6378882,1.2560210805646117,0.35707769924036686,4.839897155761719
1747533196.6619306,1.3149938510220551,0.3508030324287291,6.652116775512695
1747533196.6796951,1.3744077090675961,0.34588043989596934,4.85539436340332
1747533196.6982107,1.4297276052126564,0.344259522343765,4.892587661743164
1747533196.7190115,1.4962515428994598,0.33852248191295986,5.897998809814453
1747533196.7377076,1.5667553871740694,0.31648058922126543,4.765748977661133
1747533196.7577462,1.6274133847560375,0.29536461090334315,4.7550201416015625
1747533196.7726662,1.6708141746676635,0.27595340430734455,4.736661911010742
1747533196.7991042,1.7774129772359022,0.22212098159309715,4.685163497924805
1747533196.819034,1.8353567603046494,0.19497850468109507,5.247592926025391
1747533196.838345,1.8705912896843055,0.17922886065720903,4.568815231323242
1747533196.853732,1.9343154030145,0.14886150075052684,5.039453506469727
1747533196.878874,2.0035883471666356,0.11524746623877757,4.725933074951172
1747533196.8987262,2.0562121772778825,0.09468623816378413,4.782915115356445
1747533196.9226975,2.1043741482384175,0.07325142551929965,7.9135894775390625
1747533196.9422598,2.137097417308039,0.055719194952098025,5.419254302978516
1747533196.959571,2.1402743754800126,0.032079899710150094,4.890680313110352
1747533196.9787633,2.14345588534215,0.011017467822638464,5.462169647216797
1747533196.9999373,2.1556233972813525,-0.007661465054086967,5.157470703125
1747533197.0326216,2.191060531460842,-0.03355078531052503,11.126995086669922
1747533197.049971,2.214602140553923,-0.05358966274303511,6.397008895874023
1747533197.0645096,2.2367376089020876,-0.07318080364278,5.120992660522461
1747533197.0789232,2.2456972122328134,-0.08086725275745332,5.065679550170898
1747533197.0937374,2.269244349973721,-0.12235025567263876,5.243778228759766
1747533197.1239414,2.292713086898085,-0.16471548667999633,5.913019180297852
1747533197.2807403,2.499150316073431,-0.4288554447322079,6.367921829223633
1747533197.295412,2.5443255676256786,-0.4694729905397191,5.259037017822266
1747533197.3092954,2.5722932898321003,-0.5006653142596965,5.053997039794922
1747533197.3247104,2.607425379704742,-0.5331233914840965,5.309104919433594
1747533197.3422124,2.6467730768747466,-0.5596291066014442,5.650997161865234
1747533197.360419,2.664523237215891,-0.6001846995837631,5.858898162841797
1747533197.3788996,2.6752993910603213,-0.6230045331108717,5.547046661376953
1747533197.4018047,2.682002099148992,-0.6383758926047555,7.723093032836914
1747533197.4209547,2.713284026752337,-0.6936821468623039,7.414340972900391
1747533197.4396586,2.742973362805307,-0.7477115443626705,6.2770843505859375
1747533197.4597187,2.759956198041554,-0.7832782104893434,6.428956985473633
1747533197.4845505,2.7694279216449225,-0.8329267549349305,9.475469589233398
1747533197.5034747,2.761037657792859,-0.8761702539900315,5.620002746582031
1747533197.5207384,2.7545547372943457,-0.9314506509016423,5.552768707275391
1747533197.5476253,2.769039125172866,-0.989666131590586,5.448102951049805
1747533197.567398,2.778103595388766,-1.0445153894493249,5.83338737487793
1747533197.5873327,2.7822299032393043,-1.0898116327639507,6.575107574462891
1747533197.6071405,2.8031168772560813,-1.1501406795801208,6.005287170410156
1747533197.6238108,2.811813824179263,-1.198684330309236,4.994869232177734
1747533197.6395385,2.8147174664839767,-1.2313573128208364,5.046606063842773
1747533197.6584036,2.8129391512471624,-1.251398621608503,5.192041397094727
1747533197.6785398,2.828416475949712,-1.3186867403462759,5.022764205932617
1747533197.699659,2.8354479108105766,-1.3730318171069924,5.723714828491211
1747533197.7181516,2.840683718955852,-1.4117225103305027,4.816293716430664
1747533197.7385151,2.8342864083690404,-1.459011549241711,4.618644714355469
1747533197.7576673,2.8283497500962147,-1.5022126288142965,4.722118377685547
1747533197.7779667,2.8253961076762737,-1.5392779826163205,4.665374755859375
1747533197.798924,2.8243567285011117,-1.5666218214940253,5.58018684387207
1747533197.819096,2.813318544691477,-1.6197823803418945,4.94384765625
1747533197.8383496,2.8117426084301926,-1.6639058238269664,4.620075225830078
1747533197.8585944,2.811923484766226,-1.70362964058848,4.6024322509765625
1747533197.8780324,2.818959112604682,-1.7732965597620454,4.621982574462891
1747533197.8977242,2.8198791812001036,-1.8228969450950816,4.75001335144043
1747533197.9178007,2.8183710016194357,-1.8641907381346872,4.527807235717773
1747533197.9381008,2.8015060489370187,-1.938109176214529,4.7607421875
1747533197.9585543,2.786105329084239,-1.987848202537433,4.611492156982422
1747533197.9796188,2.7803616060534586,-2.0206919880504897,5.720376968383789
1747533198.0035713,2.772012452418462,-2.0612295332452253,6.30950927734375
1747533198.024409,2.743060508543528,-2.1238107087824205,5.611658096313477
1747533198.0434823,2.7265353162179222,-2.1696179219455485,5.534648895263672
1747533198.062415,2.7234931050657996,-2.209754374936057,5.234956741333008
1747533198.0829186,2.7213331002916115,-2.2516631810162466,6.8302154541015625
1747533198.100529,2.704633963854969,-2.282875541367283,4.7893524169921875
1747533198.1187494,2.69238742738713,-2.3363455676177716,5.443811416625977
1747533198.1396923,2.6802768774602295,-2.372635499174955,5.264997482299805
1747533198.1604996,2.671453807113847,-2.4054126420428554,6.9732666015625
1747533198.178182,2.6657022053476407,-2.475722971614841,4.8694610595703125
1747533198.1948936,2.662509579014295,-2.526046040231763,5.714178085327148
1747533198.2192583,2.6564211058878717,-2.585605203746617,4.833459854125977
1747533198.2381854,2.6434949924490576,-2.6524524191458476,4.753589630126953
1747533198.2556717,2.651518009066964,-2.704373375676063,5.401134490966797
1747533198.276367,2.656661795925526,-2.755048776282349,8.616209030151367
1747533198.2956977,2.6533758460878003,-2.8264234792859737,7.039308547973633
1747533198.3193681,2.6496977413605034,-2.900094808339619,4.912614822387695
1747533198.3408525,2.650778382807929,-2.9373053600902286,4.957675933837891
1747533198.3589191,2.6470500777895536,-2.9681400518552286,5.765676498413086
1747533198.3795285,2.670978717455814,-3.0506965987208647,5.648612976074219
1747533198.4007175,2.6927148131565533,-3.108945668803514,7.421731948852539
1747533198.4241183,2.7129847794049926,-3.1474734793856283,6.933927536010742
1747533198.4441786,2.7375801248203473,-3.2316574769969924,4.917621612548828
1747533198.4620206,2.7486996543358257,-3.31399509319693,5.011320114135742
1747533198.4811072,2.750468552421197,-3.3604796890225335,6.198644638061523
1747533198.507273,2.7928335516722598,-3.4411021306526677,7.9174041748046875
1747533198.5280044,2.8213528374592225,-3.491317304930765,7.389545440673828
1747533198.5490642,2.845653691873775,-3.5483566655295284,5.194425582885742
1747533198.5670233,2.882732811250771,-3.6308484300608184,4.6749114990234375
1747533198.5808437,2.9269487489050032,-3.6991800808386355,4.574298858642578
1747533198.593876,2.952232344633196,-3.7451792428387742,4.8160552978515625
1747533198.6193688,2.9828193683051607,-3.8007161172312456,6.263971328735352
1747533198.6379232,2.9950277215105814,-3.8685111973354753,4.768610000610352
1747533198.6545846,2.9990942797097104,-3.902666089285674,6.309032440185547
1747533198.678358,3.02905750321363,-3.9532840280296924,4.941463470458984
1747533198.699387,3.079585278547505,-4.023913848382136,4.820346832275391
1747533198.7186337,3.1260137611822643,-4.075239829781733,5.121469497680664
1747533198.7381644,3.1705804447652466,-4.114049699513897,4.998922348022461
1747533198.7589543,3.234083343606144,-4.184868938460609,5.497217178344727
1747533198.7811425,3.2778286235253957,-4.23061392916197,5.234956741333008
1747533198.8002572,3.3162778429006887,-4.275270486836397,6.393194198608398
1747533198.8199544,3.3346891446797664,-4.353113550334115,5.20634651184082
1747533198.8379092,3.338970029288647,-4.393004993741355,4.764080047607422
1747533198.8584564,3.349942446921097,-4.414671466331136,4.6443939208984375
1747533198.8796349,3.3601573295977487,-4.434204646874485,6.586313247680664
1747533198.8993356,3.4090331399242126,-4.49746192499298,5.077600479125977
1747533198.921339,3.435917297558275,-4.543917608665393,6.59632682800293
1747533198.9487295,3.451238087170747,-4.578909413682921,7.913112640380859
1747533198.972959,3.4914479803257614,-4.638456311569697,9.774446487426758
1747533198.9933736,3.540663354529296,-4.704789938305668,9.405136108398438
1747533199.013029,3.574468243287473,-4.757036336258298,9.888172149658203
1747533199.0367253,3.620316007796158,-4.809520839253465,9.375572204589844
1747533199.0556774,3.645714189618332,-4.84308433734669,8.027315139770508
1747533199.0704694,3.673001313940227,-4.905823468757861,5.456447601318359
1747533199.0919597,3.6989554231203554,-4.9892692806462255,5.688667297363281
1747533199.1055388,3.710621830045413,-5.042989339067153,4.886627197265625
1747533199.1228833,3.7126068806689454,-5.0987379123585,5.057334899902344
1747533199.140779,3.704519114440596,-5.1272686538408685,5.189657211303711
1747533199.1614385,3.7115016215575087,-5.18731055769491,5.293130874633789
1747533199.1795292,3.7046402066867716,-5.237885028711092,5.978107452392578
1747533199.1989386,3.6919911603516153,-5.2722532297329945,7.859230041503906
1747533199.220525,3.6844208241580447,-5.314623392609341,6.269693374633789
1747533199.2406576,3.675291085117634,-5.338416139477778,5.4645538330078125
1747533199.260197,3.701069683554691,-5.395910838588149,5.733251571655273
1747533199.278947,3.703020973076006,-5.425587545129334,6.783723831176758
1747533199.3010654,3.679888546771724,-5.468187618163348,6.103038787841797
1747533199.3203769,3.693567976507594,-5.515762968108235,6.233930587768555
1747533199.3413038,3.6844323973741475,-5.5578037290516065,6.115913391113281
1747533199.3622704,3.668298443879267,-5.593071354185869,6.38127326965332
1747533199.3828776,3.678744354907438,-5.6300453929103025,6.190299987792969
1747533199.4050515,3.66597827104772,-5.672648069000942,7.626533508300781
1747533199.4232774,3.6529286124752804,-5.701326143163153,5.341291427612305
1747533199.4399152,3.6379774407078154,-5.725590839971112,5.260229110717773
1747533199.459066,3.6318780848364165,-5.761212481082595,5.306243896484375
1747533199.481135,3.6110184872115836,-5.7912520689183475,5.48100471496582
1747533199.5034516,3.5901124306169256,-5.817974994477743,6.292819976806641
1747533199.5339377,3.5812293560507458,-5.852960709616259,10.965347290039062
1747533199.5536518,3.5421756786496146,-5.909791994271334,5.384206771850586
1747533199.5813487,3.514055279760297,-5.942792644804055,5.555868148803711
1747533199.5985136,3.48334281383421,-5.971875930784477,5.01251220703125
1747533199.6132565,3.46781231858833,-5.988848688708573,4.972219467163086
1747533199.639336,3.4506123658167533,-6.021517953045902,5.506038665771484
1747533199.6580873,3.429520211027098,-6.040312957571118,4.983425140380859
1747533199.6781921,3.4023835253673558,-6.062351853335886,4.883766174316406
1747533199.6982334,3.3774606463715084,-6.076639504663979,4.967689514160156
1747533199.7134337,3.3527282891032937,-6.098177341271132,5.392551422119141
1747533199.7379754,3.318481307938203,-6.12213931180265,4.905939102172852
1747533199.7558458,3.294467513187585,-6.133294387866932,5.022525787353516
1747533199.7781274,3.211660955501077,-6.160489228812246,5.02467155456543
1747533199.7999268,3.150205400750966,-6.1725343599717775,5.699396133422852
1747533199.8187385,3.1005433326734275,-6.184166165539048,5.412817001342773
1747533199.836759,3.0508299752015935,-6.208207721254838,5.394697189331055
1747533199.8561575,2.9976691482788165,-6.226902269694352,7.594585418701172
1747533199.8788624,2.929797069194021,-6.249853042260025,5.5065155029296875
1747533199.899529,2.8934597218692124,-6.261565596988631,4.976034164428711
1747533199.9194841,2.8524694650791274,-6.286332742566174,4.904508590698242
1747533199.9391098,2.8067594072654236,-6.306685924095625,4.898786544799805
1747533199.9591198,2.7749068829471284,-6.324139496343525,5.001306533813477
1747533199.9775088,2.7334827668374158,-6.325037381730247,5.554437637329102
1747533199.9998653,2.677169051709652,-6.331638795616763,5.191802978515625
1747533200.0202057,2.6314033549767846,-6.3363003209431925,4.899740219116211
1747533200.041354,2.5373488017714223,-6.351309765796079,4.93931770324707
1747533200.0602036,2.4836649756601474,-6.360866832858414,4.759311676025391
1747533200.087143,2.4447786988506572,-6.370944992811492,6.466388702392578
1747533200.1103652,2.399256288023419,-6.376055374555854,6.196022033691406
1747533200.1251044,2.3532384465172145,-6.382839151106636,4.662513732910156
1747533200.1408846,2.2971432537434553,-6.387870013610782,4.680156707763672
1747533200.1604812,2.2105844251182307,-6.395038552823905,4.709720611572266
1747533200.178205,2.191191620748706,-6.40150255395173,5.058050155639648
1747533200.1985657,2.1674213461107024,-6.406849316959211,5.568265914916992
1747533200.2147138,2.153142305474884,-6.407468983252047,6.553411483764648
1747533200.2381644,2.114802466742579,-6.414225048137747,4.820108413696289
1747533200.2591019,2.083555722856147,-6.419481545667993,4.990577697753906
1747533200.2791064,2.0464763866863778,-6.43298259597838,5.724191665649414
1747533200.2982216,2.010169103404929,-6.442597400576078,4.905462265014648
1747533200.3192403,1.9773711196770047,-6.449176915613448,5.048990249633789
1747533200.3398533,1.9456648882954755,-6.461384001873263,4.802227020263672
1747533200.3598611,1.91771297287306,-6.469697341973575,4.856348037719727
1747533200.379074,1.8906528501689188,-6.4723217213505135,4.831790924072266
1747533200.3994222,1.8251485005198964,-6.4756900991002135,6.3190460205078125
1747533200.417286,1.7678703567592835,-6.480751878676696,5.476713180541992
1747533200.4404476,1.7063618225858668,-6.484733615677747,5.298852920532227
1747533200.4624658,1.6302157408642004,-6.49241979634928,6.302118301391602
1747533200.4818,1.5724455230405832,-6.497587517740444,5.142450332641602
1747533200.501755,1.5394371233209105,-6.500641114066628,6.818532943725586
1747533200.5225453,1.4572807623890038,-6.507850588357297,5.890607833862305
1747533200.5425842,1.395392958513614,-6.5143907089225275,5.8078765869140625
1747533200.5669634,1.3406229129217644,-6.515980945852935,7.435321807861328
1747533200.5823424,1.300420719038164,-6.518873867956955,5.178213119506836
1747533200.5995579,1.2221794297291673,-6.515056383019529,4.703044891357422
1747533200.6138487,1.1805770522657129,-6.513211152405033,5.144596099853516
1747533200.6389675,1.1235606762041734,-6.51290011232319,4.726648330688477
1747533200.6595528,1.0550098936129095,-6.5030695119506365,4.919528961181641
1747533200.679844,0.9904770560136273,-6.493945294446447,5.996942520141602
1747533200.6978018,0.9113762160285175,-6.49176887296623,4.817485809326172
1747533200.720358,0.8274628504544188,-6.471616647155325,4.977226257324219
1747533200.7392082,0.7852269280302222,-6.462905530939511,5.090236663818359
1747533200.7597177,0.7516086958034606,-6.457007666863109,4.950761795043945
1747533200.778734,0.7110670275724227,-6.456308138109044,5.338907241821289
1747533200.803684,0.6461264495391903,-6.446890278845474,9.77778434753418
1747533200.8245904,0.5882813548584873,-6.436183914737012,5.109071731567383
1747533200.8428886,0.5501489268664355,-6.434551469164987,5.063772201538086
1747533200.859448,0.4740867866571468,-6.4075099138857,5.02777099609375
1747533200.8756294,0.4307985557739082,-6.393858339464493,5.340814590454102
1747533200.8993962,0.37080016134624544,-6.375475588127671,5.866050720214844
1747533200.917107,0.37795362507713126,-6.357704677571853,5.5866241455078125
1747533200.9351544,0.3736426431445211,-6.323547463297412,6.78706169128418
1747533200.9557111,0.3475039968337256,-6.2854797261123885,5.9375762939453125
1747533200.9797306,0.3190452413397056,-6.242112433003407,5.130529403686523
1747533200.9957376,0.3006293271009946,-6.218005482620766,5.570650100708008
1747533201.0212433,0.25592299005349,-6.183186775639791,6.286382675170898
1747533201.0427878,0.24259811389554567,-6.1661899233422615,6.209373474121094
1747533201.0596669,0.20740069224492771,-6.139189097476809,5.087852478027344
1747533201.079354,0.1749003990987683,-6.119208554853582,5.2356719970703125
1747533201.1009223,0.13253687278702858,-6.092514385877301,5.275964736938477
1747533201.118521,0.10457524402563632,-6.060705676158754,5.452394485473633
1747533201.1392992,0.08224139395508326,-6.033706173149096,5.880594253540039
1747533201.1600237,0.04363646836380456,-6.017915569175721,6.302356719970703
1747533201.1768785,0.008213214302981768,-5.999745471374488,6.79779052734375
1747533201.194259,-0.07495252256495552,-5.965331633662643,6.03175163269043
1747533201.219793,-0.13544092988922055,-5.93091904947216,6.272792816162109
1747533201.2400153,-0.18443980600264342,-5.906533033721843,6.762504577636719
1747533201.2597694,-0.23057311492538285,-5.863298506575678,6.502389907836914
1747533201.2807186,-0.28477853991254115,-5.8316897357016355,6.358861923217773
1747533201.2996676,-0.33818374104903226,-5.812235760503419,6.283998489379883
1747533201.320583,-0.42489638705433275,-5.761556897351044,6.010293960571289
1747533201.3403046,-0.4757773810842165,-5.71695758217237,5.844593048095703
1747533201.3602765,-0.5192556036794903,-5.677186173662999,6.03938102722168
1747533201.3808012,-0.5841389743852794,-5.6166956937756005,6.110668182373047
1747533201.3997724,-0.6270066072801808,-5.57409316754771,5.956411361694336
1747533201.4176924,-0.6492093808910907,-5.544283709106842,7.240056991577148
1747533201.4396453,-0.6880827306021305,-5.502688623020356,5.889177322387695
1747533201.4597108,-0.708963740966127,-5.468668655293158,5.618572235107422
1747533201.4827337,-0.7954694923468452,-5.4280415407436955,8.154630661010742
1747533201.5015275,-0.8474172666220376,-5.394128912405509,5.796909332275391
1747533201.521718,-0.8789075542485908,-5.362129166193708,5.509853363037109
1747533201.5396025,-0.921466803913969,-5.309224464560842,5.279302597045898
1747533201.5611627,-0.9522951662458509,-5.257862975416104,6.867647171020508
1747533201.5785606,-0.9714614437304007,-5.212835779133852,5.244731903076172
1747533201.5928965,-0.9822501673749929,-5.180918272232851,5.101680755615234
1747533201.618559,-1.0758537116330134,-5.115610849236027,5.463600158691406
1747533201.6386287,-1.1127465054932835,-5.0577214979670915,4.889726638793945
1747533201.6591501,-1.1458592063451534,-5.011350271138928,5.728721618652344
1747533201.6787856,-1.2130415029352744,-4.963948532745764,5.321979522705078
1747533201.6984766,-1.2467844666039825,-4.92964218929669,5.498409271240234
1747533201.713307,-1.2615491608120963,-4.895484568819485,5.063533782958984
1747533201.746042,-1.341280834712186,-4.825449824235342,6.140947341918945
1747533201.7644842,-1.3712366688699842,-4.797187848814886,4.788637161254883
1747533201.7794962,-1.3937284593497772,-4.748096847601483,4.909753799438477
1747533201.793834,-1.40482178803631,-4.672571239296593,5.340576171875
1747533201.8158424,-1.4773297193606851,-4.5925989352371035,6.798028945922852
1747533201.8385017,-1.5116037673682952,-4.518246352658839,4.945039749145508
1747533201.852783,-1.518046995078825,-4.479922130453749,4.827737808227539
1747533201.87503,-1.5711299123116327,-4.4237959728337835,5.303382873535156
1747533201.8984556,-1.59985340434675,-4.340190339931822,5.335807800292969
1747533201.9141467,-1.608487411367996,-4.284726683696959,5.353689193725586
1747533201.936535,-1.666172363042043,-4.20763788552357,7.173776626586914
1747533201.96178,-1.6828427270316741,-4.139967562116859,5.997419357299805
1747533201.9847434,-1.688813974726678,-4.082786694359719,5.984306335449219
1747533202.0063162,-1.7322841211419806,-3.99504031394013,6.659746170043945
1747533202.028928,-1.7497390421747754,-3.934515174800089,6.095647811889648
1747533202.0442102,-1.760619695440012,-3.8744714943680547,4.674673080444336
1747533202.0584133,-1.7643763815010058,-3.841507636756132,4.896640777587891
1747533202.0775669,-1.7887512420062486,-3.7780618936147263,8.62264633178711
1747533202.094577,-1.7973563442620673,-3.7112162740730525,5.923986434936523
1747533202.1182418,-1.8096242521695605,-3.6180553322068576,5.135059356689453
1747533202.1387653,-1.7891516138464265,-3.529755007303025,5.046606063842773
1747533202.1573896,-1.7814209093136804,-3.451267483483671,5.036830902099609
1747533202.1785357,-1.7820671832241461,-3.3638188630414296,4.828453063964844
1747533202.1989243,-1.7878093773898391,-3.304568827254572,5.353689193725586
1747533202.2190464,-1.7823963696550182,-3.2430314142886103,5.153894424438477
1747533202.2503572,-1.7827171861210027,-3.1479340181806954,5.819082260131836
1747533202.2702165,-1.7943933908077294,-3.060776487808511,5.911588668823242
1747533202.2873487,-1.7983682110808044,-2.999291916517221,5.039453506469727
1747533202.3022826,-1.7995477540822675,-2.9144905334949343,5.187749862670898
1747533202.3181095,-1.8024876605520475,-2.848903182226619,5.192995071411133
1747533202.3403563,-1.7698726543961434,-2.77151315559921,5.216360092163086
1747533202.3597257,-1.7606359280412922,-2.695746642757647,5.296468734741211
1747533202.379055,-1.7662967780201517,-2.619954709470122,5.165338516235352
1747533202.398581,-1.7715288923528818,-2.554772831835323,5.163669586181641
1747533202.4190361,-1.7817185494978116,-2.491655489156045,5.176067352294922
1747533202.439376,-1.7595540440177473,-2.4296870688858605,5.626916885375977
1747533202.4587471,-1.7437207761831495,-2.3673136293976995,5.3958892822265625
1747533202.4791389,-1.7299483715949968,-2.2988208820995775,5.099773406982422
1747533202.5022383,-1.6461322640604537,-2.2319704842241004,5.234479904174805
1747533202.522174,-1.6294541119919237,-2.1695860848996067,5.808830261230469
1747533202.5392666,-1.6260925416051162,-2.1092659944033363,5.0640106201171875
1747533202.5622795,-1.590228111252076,-2.037692228262336,5.695581436157227
1747533202.5777435,-1.5771328187033753,-1.99479851014347,5.009174346923828
1747533202.5998528,-1.5581168695081598,-1.9231633265632586,5.8441162109375
1747533202.6196644,-1.5048852750717099,-1.8361945156082615,5.202293395996094
1747533202.638939,-1.4732589292119573,-1.7650552276325622,4.91642951965332
1747533202.6585948,-1.4584412207423545,-1.7096843159847668,5.376100540161133
1747533202.6785817,-1.4450989439818223,-1.664641114351306,5.445241928100586
1747533202.698577,-1.4021273654242663,-1.5871405643875094,5.37562370300293
1747533202.7191207,-1.3779325710735661,-1.518966690162828,6.176471710205078
1747533202.744198,-1.3617977945527866,-1.4636024226158908,6.009578704833984
1747533202.7740211,-1.295007629166726,-1.37983723715797,6.267309188842773
1747533202.7931786,-1.2515711832922414,-1.3122435341174288,6.969690322875977
1747533202.8136802,-1.2231949929341315,-1.2461595947724775,9.741067886352539
1747533202.8317714,-1.160889519088827,-1.1722800089966117,7.622241973876953
1747533202.848034,-1.1223911777296198,-1.1021886378497017,5.35130500793457
1747533202.87405,-1.0899874120967608,-1.0412539542984627,10.55002212524414
1747533202.8944838,-1.0177739735929814,-0.9787912183929701,7.413387298583984
1747533202.9123302,-0.9668759631428973,-0.9210611880805606,8.545398712158203
1747533202.9323542,-0.9290360205470168,-0.873944379594521,8.738279342651367
1747533202.948128,-0.8571703418127962,-0.8025224288388864,6.099224090576172
1747533202.9719944,-0.8065055784960811,-0.7466490361541648,8.514165878295898
1747533202.9923654,-0.7677901703236361,-0.7011640057997384,8.694171905517578
1747533203.0154178,-0.6981176369468067,-0.6346685752532315,8.105278015136719
1747533203.0345507,-0.6378873343367919,-0.5714121722480797,7.83848762512207
1747533203.0498328,-0.6098980606190513,-0.5431145912017826,5.442619323730469
1747533203.0663462,-0.5770830875715962,-0.5101146416815157,6.023168563842773
1747533203.0878584,-0.5147208898494344,-0.4620597202630282,5.357503890991211
1747533203.103394,-0.45544901369821733,-0.4109034368602227,5.173921585083008
1747533203.1194718,-0.42847953999603583,-0.38673629396709064,5.277156829833984
1747533203.133902,-0.39630900429813587,-0.3612231072904103,5.558013916015625
1747533203.1543174,-0.3467447060599566,-0.29219046250979713,5.673885345458984
1747533203.1792192,-0.2843609331109034,-0.24050778278837437,5.312442779541016
1747533203.1999803,-0.2462985846204163,-0.2155201171084128,5.870342254638672
1747533203.216168,-0.1544768031778957,-0.15542838961635982,5.275964736938477
1747533203.2384696,-0.07722724619819088,-0.1089618265315061,5.223751068115234
1747533203.2542315,-0.03923897224981586,-0.08895100168587844,5.708217620849609
1747533203.2785683,0.011841356872179291,-0.043052531499047274,5.199432373046875
1747533203.2985182,0.048991229699341755,-0.02092390400160944,5.253076553344727
1747533203.3186657,0.07818796143848629,-0.003961292425766835,5.533933639526367
1747533203.3396668,0.13038704775502252,0.038771927185130804,5.087852478027344
1747533203.3596158,0.17823340792885067,0.0686925286629939,5.216836929321289
1747533203.3788295,0.19346032968046425,0.08693306218106776,5.610466003417969
1747533203.3987277,0.2172709683251524,0.0979401537787554,5.478143692016602
1747533203.4190845,0.24575305479932968,0.125620864298471,5.839109420776367
1747533203.4387586,0.2725103444951368,0.1440658235318473,5.699872970581055
1747533203.460922,0.3036328296767444,0.15639629839258037,7.493257522583008
1747533203.482541,0.3443256233611436,0.16804221196018582,7.148981094360352
1747533203.5029485,0.4011012131313842,0.18668954665430504,5.015373229980469
1747533203.5221593,0.44994130404348964,0.2043538300667521,5.340814590454102
1747533203.5407677,0.47892248623861633,0.21991384751850382,5.414247512817383
1747533203.5668128,0.5571156888071711,0.24673357872850576,5.027055740356445
1747533203.5830984,0.6155843239651434,0.26031683054681204,4.784107208251953
1747533203.5980217,0.6647250508749389,0.27464960303628083,4.765748977661133
1747533203.618642,0.7288976401442502,0.2887653360628486,5.684614181518555
1747533203.6384661,0.7816258511955857,0.30198818046176285,5.526542663574219
1747533203.6588423,0.8239414819517071,0.3130368904110184,6.051063537597656
1747533203.6769466,0.8528915494905911,0.3251830784271875,4.957675933837891
1747533203.6990345,0.9469178814344605,0.3249885017721142,4.850625991821289
1747533203.719293,1.0038801309848597,0.324941764253021,4.794120788574219
1747533203.7380111,1.0646248458428216,0.33006813405424584,4.85539436340332
1747533203.7598917,1.1185618201168275,0.33925139339875593,5.079984664916992
1747533203.7797215,1.1778358238066189,0.34104756439713363,4.935503005981445
1747533203.7983787,1.2166813210526228,0.3425685526340778,5.424737930297852
1747533203.8141148,1.2509820229095756,0.3451428437578289,5.401134490966797
1747533203.8386421,1.3269202007762462,0.3493471187792915,5.525112152099609
1747533203.859643,1.3866517448353421,0.35539212063846665,5.285501480102539
1747533203.8826466,1.4301253341584637,0.3584408992734193,5.356073379516602
1747533203.9022176,1.474658577656216,0.3563962117371003,5.260705947875977
1747533203.9187806,1.5182692385906842,0.3557929635736071,4.7588348388671875
1747533203.9349601,1.5460834009599982,0.35767864616054085,4.6215057373046875
1747533203.9583876,1.5848798470274028,0.35919071332155306,4.988670349121094
1747533203.9803066,1.6179200979934485,0.3576709973163603,5.4759979248046875
1747533203.9980824,1.653360026021308,0.3559078479571378,5.055427551269531
1747533204.0188951,1.6795966925914672,0.3531347908113799,4.992485046386719
1747533204.0413835,1.7510922081532239,0.35690776457425816,5.4035186767578125
1747533204.061489,1.8034902098507202,0.3598226461515781,6.778717041015625
1747533204.0921316,1.842493186934363,0.35796859011017923,9.660720825195312
1747533204.1080468,1.871819012905155,0.3529021614713686,4.907369613647461
1747533204.122972,1.893209489566728,0.3462852185558955,4.699945449829102
1747533204.1380832,1.9152247932112847,0.340139494168773,4.795551300048828
1747533204.159693,1.9442933529428919,0.3505917578625795,5.344152450561523
1747533204.1784077,1.9664952156100215,0.36203683750850374,5.0678253173828125
1747533204.192695,1.981832856658544,0.36695078463978803,4.8236846923828125
1747533204.2204287,1.9936816646889863,0.3704884535556144,6.334781646728516
1747533204.2393196,2.0091514172645013,0.3635518387411038,4.951000213623047
1747533204.258189,2.020541002881226,0.35298228581213686,5.006074905395508
1747533204.2747254,2.0259021368838037,0.33886807810810754,5.16200065612793
1747533204.298343,2.050486051317914,0.32283324342774106,5.080699920654297
1747533204.3192914,2.065546131583912,0.31889757994877743,5.514860153198242
1747533204.338827,2.0822704234581244,0.3144016558466834,5.028009414672852
1747533204.3658714,2.103989691888498,0.31356393719611997,8.167743682861328
1747533204.38742,2.117823486423179,0.31318203086190965,5.504608154296875
1747533204.4071355,2.12688872638345,0.31118912964186624,6.551265716552734
1747533204.5477278,2.119782144289848,0.31099465870211385,73.52280616760254
1747533204.5787833,2.117455211380906,0.3113690349408293,5.667448043823242
1747533204.6064134,2.1594857080202954,0.31486758532270076,7.276773452758789
1747533204.6238556,2.1573869503705763,0.30908489537486306,5.218029022216797
1747533204.6476774,2.156805981486681,0.30631321790530275,6.790876388549805
1747533204.6755996,2.152578835554216,0.3024602998071664,8.241653442382812
1747533204.69747,2.1527165828489987,0.303282269178048,5.578041076660156
1747533204.7228944,2.1022316147164335,0.32040009172461165,6.472587585449219
1747533204.7411342,2.070692947568504,0.32627550866150934,6.262540817260742
1747533204.763615,2.0468706621438195,0.3309369066369152,9.151935577392578
1747533204.7818365,2.0271498821059764,0.3348995715374485,5.946874618530273
1747533204.7997694,2.0284976112385436,0.33384745596970533,5.106210708618164
1747533204.8155212,2.0275839270959533,0.3343022745212554,5.337953567504883
1747533204.8390696,2.0297761187057892,0.3339389175579469,5.143880844116211
1747533204.8601317,2.0288820343970158,0.3351507553439915,6.881237030029297
1747533204.876603,2.0331713288920197,0.33549786628264255,5.323171615600586
1747533204.8982675,2.034793664635515,0.3346019475814039,5.181550979614258
1747533204.9192944,2.0302482351189393,0.33746842402364763,5.833625793457031
1747533204.939044,2.0250126325744855,0.34124803106798296,7.810354232788086
1747533204.9585633,2.0154761673765726,0.34282149807947443,5.107641220092773
1747533204.9792132,2.0104260232828786,0.3372831746172253,5.106925964355469
1747533204.9973924,2.0108505315571445,0.334197158706121,5.095243453979492
1747533205.0196085,2.008183677017459,0.3318490795360804,4.912137985229492
1747533205.042582,2.021839532626197,0.3289677260336369,5.77545166015625
1747533205.0624776,2.033137391501852,0.3268466092271252,7.242441177368164
1747533205.0849915,2.034368783428408,0.32659263728711685,8.346319198608398
1747533205.104466,2.0407218241006118,0.3255922758960608,5.10716438293457
1747533205.1247253,2.0486482187368384,0.3263001066871358,4.824399948120117
1747533205.1428854,2.0489603240773415,0.32730856738563424,5.053281784057617
1747533205.160191,2.0488217543750653,0.32673691612185435,5.0754547119140625
1747533205.1808054,2.034531890386169,0.3310805784638244,5.409002304077148
1747533205.2003365,2.022407052029657,0.3330987287339701,5.24139404296875
1747533205.2179155,2.0169815577261088,0.33454914578133843,5.099296569824219
1747533205.23861,2.020251768449768,0.3360210072635843,5.070686340332031
1747533205.2618122,2.0202200334380733,0.3365747003555368,5.161046981811523
1747533205.282013,2.0298235257274015,0.33626407370190864,6.815671920776367
1747533205.3058934,2.040214272091646,0.33079475815736903,5.243539810180664
1747533205.3326836,2.0505321292066228,0.3275918416340355,5.209207534790039
1747533205.3512166,2.0560615541111624,0.3258002146882533,7.639169692993164
1747533205.370489,2.06265491126651,0.32471226412143994,7.401704788208008
1747533205.386745,2.061541408310615,0.32588523189079577,5.188465118408203
1747533205.4016871,2.0584849343532334,0.3275226845443333,5.1422119140625
1747533205.4165187,2.059308799319585,0.3288251150778096,5.029439926147461
1747533205.4387865,2.0465457320071887,0.32941540390660473,5.411863327026367
1747533205.4580991,2.0415275689691104,0.32994332552763816,5.179643630981445
1747533205.478071,2.0387532179840573,0.3299818743446528,5.186557769775391
1747533205.4991295,2.034666732935977,0.3294682077530257,5.298137664794922
1747533205.5225644,2.0376573933686033,0.32973325470405446,6.162405014038086
1747533205.539008,2.042685369932377,0.33028613799082374,5.903482437133789
1747533205.555208,2.044678157862781,0.33072867869255923,5.213737487792969
1747533205.5749407,2.0481866294369766,0.32822320728132065,6.243705749511719
1747533205.5993915,2.0461300301606196,0.32775981842342927,5.817651748657227
1747533205.6168973,2.046440799864278,0.3281548193441169,4.984140396118164
1747533205.638701,2.0448814191375333,0.32686092378510573,5.923748016357422
1747533205.6579628,2.0450260480336335,0.32640156621801875,5.120992660522461
1747533205.6784334,2.0481279851135703,0.3257168116522995,5.563259124755859
1747533205.7038548,2.0502466272903046,0.3266898992622143,10.68878173828125
1747533205.7265003,2.045762944799871,0.3273092956121374,5.321979522705078
1747533205.7485363,2.0496518296773116,0.327548552625849,9.659767150878906
1747533205.773458,2.0562740689774572,0.3272822963914403,5.751371383666992
1747533205.7987247,2.0600203875453076,0.32755607450531476,9.985685348510742
1747533205.8197877,2.0640736553314434,0.3274013916599968,5.6247711181640625
1747533205.83922,2.049256659358273,0.3281347484158897,5.181550979614258
1747533205.856662,2.0422053161661076,0.32804267997082914,4.978656768798828
1747533205.8746479,2.0349148680201,0.32825388482392237,6.739139556884766
1747533205.8988974,2.0396407820011273,0.331067110468032,5.754232406616211
1747533205.9191713,2.046679539554786,0.33152646489825527,6.332635879516602
1747533205.9359155,2.0493691547219073,0.332533952696785,5.002737045288086
1747533205.960634,2.037046215792068,0.33382364918509816,5.94782829284668
1747533205.9807596,2.025571956024775,0.33706366333684457,5.657434463500977
1747533206.0029094,2.017366604625427,0.3376604764015592,5.862712860107422
1747533206.0205276,2.0108837475779646,0.34003108626459855,5.954265594482422
1747533206.0402386,2.0242470842873597,0.33695416096855957,5.738735198974609
1747533206.064377,2.034779938503027,0.33548847025719253,6.224632263183594
1747533206.096062,2.019512995286879,0.33933653782007195,6.262302398681641
1747533206.1165726,2.0094996087471193,0.34312213342869635,5.732059478759766
1747533206.13792,2.002411066979815,0.34533946735630233,5.072832107543945
1747533206.1584282,1.9996049156062485,0.3393661461400761,5.209207534790039
1747533206.1786356,2.00195043718102,0.33487235998492926,5.1860809326171875
1747533206.1939673,2.003915479064097,0.3349699395704926,5.169391632080078
1747533206.216004,2.0092543325585366,0.3341794307201543,5.175113677978516
1747533206.2387128,2.020709296783541,0.3345867721428463,4.967212677001953
1747533206.2544665,2.0299906976365536,0.334727210724036,5.174875259399414
1747533206.280683,2.0363622960658057,0.3321967870098757,5.866050720214844
1747533206.2986073,2.034450101053713,0.33167071178783664,5.108118057250977
1747533206.3140612,2.031112292935076,0.33262653951224735,5.672454833984375
1747533206.3379388,2.0250059121469746,0.3321431656354305,5.016326904296875
1747533206.3561532,2.0236099120561133,0.33269801418668243,5.275249481201172
1747533206.3783836,2.0207183062521863,0.3343367112937957,5.194664001464844
1747533206.3982413,2.011895353502178,0.3366311960421631,5.041599273681641
1747533206.4134247,2.004669315551592,0.33871820069095554,4.990577697753906
1747533206.4381108,1.999427548309912,0.3435496418691005,5.059480667114258
1747533206.4532804,1.9932362505336563,0.34567857276979796,4.9991607666015625
1747533206.4780498,1.9928535862081886,0.3478095331305252,5.0868988037109375
1747533206.498111,1.9995539978987884,0.34234737001521376,4.966259002685547
1747533206.5182993,2.0102416623903014,0.3390176147345462,5.036830902099609
1747533206.541798,2.0194793501449455,0.33723936400794857,5.037069320678711
1747533206.5614781,2.031046698851241,0.33440531642895743,6.5135955810546875
1747533206.5779715,2.0411518131829736,0.33214536861657407,5.064964294433594
1747533206.5945005,2.045991652038709,0.3319254870943203,6.667852401733398
1747533206.6154094,2.030395637740338,0.33924575447692157,5.534648895263672
1747533206.638116,2.0177665655604593,0.3455624498378324,5.122184753417969
1747533206.6549094,2.008269913245656,0.350506509436987,6.730794906616211
1747533206.6812158,2.017090388200418,0.34058089158032606,6.883382797241211
1747533206.6989152,2.02645477364018,0.33377202411305457,4.96673583984375
1747533206.7224927,2.035576239777311,0.33029661899133855,5.151033401489258
1747533206.7412174,2.038393068520695,0.32858149747372406,5.066394805908203
1747533206.7629774,2.041699015284008,0.32676459458293533,5.037069320678711
1747533206.78292,2.044583837627593,0.33286679184804313,4.969596862792969
1747533206.8017323,2.0402737007841454,0.33936258418230747,5.211830139160156
1747533206.8264604,2.035947351519322,0.34455444316489897,11.863946914672852
1747533206.843687,2.0323530604531306,0.33576975236887086,4.878997802734375
1747533206.8594046,2.030914719950093,0.33256820561616607,5.403041839599609
1747533206.8790088,2.034351770403308,0.3308880372539795,5.336523056030273
