time,x,y,computation_time_ms
1747533948.2621875,0.9878749800484228,0.4057778230779669,7.761478424072266
1747533948.2793052,0.9193808961797184,0.3968331760543907,5.260229110717773
1747533948.296193,0.925996432438258,0.3970121329973021,5.398273468017578
1747533948.3163671,0.9432717213876286,0.403524035648562,4.890680313110352
1747533948.33803,0.9571407525691574,0.4110421080545566,5.062580108642578
1747533948.3592563,0.9749846970960051,0.4153067745859839,5.260944366455078
1747533948.3756976,0.9910186854863806,0.4187843399204739,4.955530166625977
1747533948.398039,0.9906104524154693,0.4095385325977894,5.151987075805664
1747533948.4222674,0.9978576964852631,0.4048455096949544,9.739160537719727
1747533948.4401824,1.0019064361581476,0.40313384695367804,4.865884780883789
1747533948.4708557,0.9566717984022858,0.4198695618918209,7.004737854003906
1747533948.4850304,0.974084668790177,0.4140085687514042,4.79888916015625
1747533948.5002952,0.9894771589656244,0.41304227253931647,4.8923492431640625
1747533948.5156162,0.9959253826349642,0.4121458476671744,4.823207855224609
1747533948.534197,0.9977653798581375,0.4118547895617664,5.900859832763672
1747533948.5562568,0.9986978306279887,0.4112451114424681,4.804134368896484
1747533948.5763133,1.002808310425889,0.4107105868535422,4.836320877075195
1747533948.5977755,1.0134617607292178,0.41397917566481135,6.64520263671875
1747533948.615732,1.022163460375151,0.41447502673656156,4.9457550048828125
1747533948.6372864,1.025431597895295,0.41740823704838276,5.100727081298828
1747533948.6542838,1.0501013340901846,0.4096554447285058,4.759311676025391
1747533948.678714,1.053470485826088,0.4081843364755252,5.5332183837890625
1747533948.699428,1.0623379439918361,0.40852291759781545,4.991292953491211
1747533948.7189305,1.0627789072318212,0.4136888485758673,5.4683685302734375
1747533948.742148,1.0628561558691045,0.4179862177640924,5.543947219848633
1747533948.7583795,1.0541538536393176,0.4181984394009748,5.088090896606445
1747533948.7756696,1.0544294949057633,0.4171423913908222,4.754543304443359
1747533948.7906709,1.053713652318773,0.4160539357613852,4.87971305847168
1747533948.8206582,1.0551411819445962,0.41356199934724297,4.8980712890625
1747533948.8468497,1.033415427109365,0.40534293995204723,10.486125946044922
1747533948.8678372,1.0151220575654238,0.401487643882247,4.9114227294921875
1747533948.898003,0.7468841295967878,0.39352404741769786,9.037494659423828
1747533948.9186993,0.7658731708881473,0.3842678283100639,6.58106803894043
1747533948.9359255,0.782125977274373,0.3778441069996051,5.178928375244141
1747533948.951342,0.7904131249187523,0.37432424864228453,5.070209503173828
1747533948.98371,0.8048947519564729,0.3809793350387651,12.328147888183594
1747533949.00034,0.8254620461067608,0.3852169945567465,4.802942276000977
1747533949.0171614,0.8463783499555634,0.3872198833688693,5.176305770874023
1747533949.0394392,1.089536017220161,0.45011782650160875,5.012750625610352
1747533949.0554986,1.1626411061834863,0.4523340665409753,4.774570465087891
1747533949.0752501,1.1680669207720173,0.4527440001182299,5.800724029541016
1747533949.0983944,1.1661357524306186,0.4464458044662138,7.345914840698242
1747533949.1157606,1.1450280058619156,0.44397346538370547,4.838466644287109
1747533949.1335132,1.1290453771646247,0.43877212966249285,5.3806304931640625
1747533949.1562004,1.1127219835254236,0.43305028320622646,4.884481430053711
1747533949.1760793,1.0997093079267866,0.42503315714334006,4.942655563354492
1747533949.1931398,1.0915826569081257,0.4190365705960738,7.011890411376953
1747533949.228103,1.084276823125191,0.41671357627263705,6.774187088012695
1747533949.3602948,1.0745202880504627,0.41373694439413616,5.629539489746094
1747533949.395548,1.015419040403906,0.4155161056128507,11.38448715209961
1747533949.427779,1.0126407994397686,0.4125812394400836,11.228561401367188
1747533949.4513218,1.017896494179474,0.414882205281552,6.198406219482422
1747533949.4728029,1.0460333056069837,0.4306388702978733,6.301403045654297
1747533949.4909925,1.040767971504366,0.42491716190088413,4.992008209228516
1747533949.5166104,1.0366355333791333,0.4219412265661675,5.107641220092773
1747533949.5358403,1.0281456532179105,0.41932559558582755,5.089759826660156
1747533949.551275,1.0222139573190072,0.4167370287922495,5.127668380737305
1747533949.5710297,1.0174329522488963,0.41607676189436016,5.083799362182617
1747533949.5958538,1.014245299399763,0.4151018041205784,4.99272346496582
1747533949.6159499,1.0070525304572349,0.4143986419860847,5.107402801513672
1747533949.6385982,0.9037187983059012,0.39439328553580283,5.053043365478516
1747533949.651377,0.9102619233525342,0.39316258343496124,4.773616790771484
1747533949.6761703,0.9202591021893676,0.3937300389053002,4.943609237670898
1747533949.696022,0.9232543136682033,0.39425147858490106,5.322456359863281
1747533949.7106843,0.9290921742030248,0.3952753856855998,4.862308502197266
1747533949.7310839,0.9382627872412946,0.39851598583618264,5.231380462646484
1747533949.760097,0.9328493097698444,0.3912107212111391,6.667613983154297
1747533949.7805417,0.9241843470408387,0.3864779097069925,5.949974060058594
1747533949.7997005,0.9226289819645217,0.38467490845814484,5.6629180908203125
1747533949.8199954,0.91980773022013,0.38421206054581203,7.093191146850586
1747533949.8393326,0.9327494995818384,0.3812290860734924,4.742622375488281
1747533949.8595464,0.865847098193129,0.39088551011262945,5.638599395751953
1747533949.8730237,0.8624664962672969,0.3806787815506316,4.739284515380859
1747533949.9059193,0.8754391360243112,0.3841441851092135,7.105350494384766
1747533949.9248052,0.928751626171444,0.3962997185132718,5.829334259033203
1747533949.9576454,0.9781968539005461,0.40591928382446013,7.315874099731445
1747533949.9733598,0.9994606676288474,0.4079208999691752,5.832910537719727
1747533949.989043,1.0187628232999426,0.40969995350878885,5.49626350402832
1747533950.005784,1.0276271591993813,0.413915380045675,5.124330520629883
1747533950.0217843,1.0161550237332606,0.4139146758400664,5.064964294433594
1747533950.0410209,1.0068287396655393,0.41323075878426196,5.419254302978516
1747533950.058289,0.996211035620374,0.41527485077299087,5.354404449462891
1747533950.0730233,0.985404768720039,0.4164693446471936,5.079746246337891
1747533950.0967,0.99037314793978,0.4158045426110421,5.464792251586914
1747533950.1141894,1.003109787446741,0.4160690298584101,5.365133285522461
1747533950.1362906,1.0078309080437156,0.41532256585015326,5.033254623413086
1747533950.1560225,1.0053698340127708,0.4112953867680314,5.112409591674805
1747533950.1719022,1.0056412052519161,0.41165818397830817,4.8694610595703125
1747533950.1910408,1.0036926238408959,0.41037290775778584,4.979133605957031
1747533950.2106447,1.0040969959406483,0.41266150347212194,4.848718643188477
1747533950.232198,0.999506476551001,0.41103431474415386,5.364418029785156
1747533950.2557461,0.9935690500824906,0.40963803316454683,4.999399185180664
1747533950.2708895,0.9861129269691948,0.4078305474123273,4.958868026733398
1747533950.2968833,1.0122939956251196,0.40757702000824725,5.212068557739258
1747533950.313854,1.0279916141138132,0.40843669795978493,5.3386688232421875
1747533950.3322754,1.0382504831835744,0.4073828096363037,5.710124969482422
1747533950.3537288,1.0275401668912247,0.40979512324817613,5.785703659057617
1747533950.3782449,1.016445296651313,0.411192622897012,5.861997604370117
1747533950.3983383,1.0087348254674082,0.4134727950480224,5.818367004394531
1747533950.4310837,1.0026769004430751,0.4149550435921597,5.764245986938477
1747533950.4489188,0.9935437600479256,0.41764194311081665,5.139350891113281
1747533950.4639184,0.9981923545520694,0.4175663705900523,4.734516143798828
1747533950.4793236,1.0019398527875385,0.41570339112505944,4.82487678527832
1747533950.4935555,1.00051088423604,0.41273562819705784,5.053043365478516
1747533950.5166254,0.9986180629798413,0.4115502389815889,4.99725341796875
1747533950.5343616,0.9974416426450867,0.41136804770379004,5.605936050415039
1747533950.5514483,0.9835838328743352,0.40836224630584045,5.007266998291016
1747533950.577784,0.967754061327716,0.4059377272270934,6.565093994140625
1747533950.5959055,0.9440903689322989,0.40220445892054435,4.712104797363281
1747533950.6186504,0.96696150160817,0.39855023907287684,5.495786666870117
1747533950.6439655,0.9849341389292953,0.3974105175060174,8.832693099975586
1747533950.6704807,1.0098883365934568,0.3990778170487821,11.124610900878906
1747533950.6869488,1.0010407644712236,0.4004787165660997,5.041599273681641
1747533950.7025914,1.0052795298949555,0.4026375772754104,5.233049392700195
1747533950.718798,1.0062049919746845,0.40673621720932734,5.547285079956055
1747533950.7360132,1.0050644254022307,0.4079846416070436,5.222320556640625
1747533950.758167,1.0040372458500586,0.406944133449339,6.114959716796875
1747533950.7787166,1.0140830649435186,0.40621404459086285,7.023334503173828
1747533950.7986665,1.017961630108352,0.4042381149706361,7.039308547973633
1747533950.8221743,1.0079355913881003,0.40536098892254147,7.246255874633789
1747533950.846941,1.002597348566486,0.4075392151147183,6.510734558105469
1747533950.8690586,0.9970344543975703,0.407655437146287,6.168842315673828
1747533950.884314,1.002442217842358,0.4053641335151165,5.312204360961914
1747533950.8992362,1.0152578764227855,0.40649484473738984,4.702329635620117
1747533950.917084,1.0262037297611903,0.40816925455576264,5.041599273681641
1747533950.938453,1.0267616261297448,0.4063942114894771,6.905794143676758
1747533950.9558673,1.025731998344902,0.40720547567339493,5.47480583190918
1747533950.9767478,1.0200088876977946,0.4078218190861966,4.857778549194336
1747533950.995813,1.0205676533880135,0.407610771719956,4.866838455200195
1747533951.0183954,1.0117433644292542,0.4087097183793428,6.517171859741211
1747533951.0367444,1.0074704962049295,0.4102924030789359,4.889965057373047
1747533951.0570865,1.0037300667115114,0.4109632712251285,4.840850830078125
1747533951.0748353,1.011504621054976,0.4148043111552363,4.7473907470703125
1747533951.0962403,1.0147707565964739,0.42039892773955884,4.966974258422852
1747533951.1192694,1.0208188399833755,0.4207603087758988,7.779121398925781
1747533951.1396518,1.0269280516180963,0.41948234688770464,5.138397216796875
1747533951.159673,1.0274741936492897,0.41782189192034924,6.590604782104492
1747533951.1777477,1.031382334079227,0.41465197991515557,5.557775497436523
1747533951.1981943,1.028757713549071,0.4108326577099985,6.849050521850586
1747533951.215329,1.03192569791786,0.41093826832710884,4.739522933959961
1747533951.2362468,1.0319544909314393,0.4093493239591299,5.060911178588867
1747533951.2562773,1.0285037181512722,0.40755069605182537,5.208492279052734
1747533951.2793741,1.024446168101584,0.4024366173034392,9.890079498291016
1747533951.2974172,1.021987017952827,0.3978333078391254,5.162954330444336
1747533951.315839,1.016624781465213,0.39743240353426795,4.854679107666016
1747533951.3403993,1.0165035844152337,0.3963913047809633,6.069421768188477
1747533951.3614545,1.013547509128553,0.3963925657034674,8.022069931030273
1747533951.3867714,1.0154567216903987,0.3976005266288528,8.619546890258789
1747533951.402479,1.0206013194335564,0.4001416499957954,4.9304962158203125
1747533951.419972,1.022138498293321,0.399393584539706,6.928920745849609
1747533951.446628,1.0170238620508758,0.40247383466525677,7.276773452758789
1747533951.4643009,1.0138953827170207,0.4033386862190061,5.557537078857422
1747533951.4787114,1.0122649397299113,0.4056292870947214,5.263805389404297
1747533951.4988794,1.0070280780217786,0.4083624924578006,7.047891616821289
1747533951.5158906,1.004146231804043,0.4086706238330213,4.901885986328125
1747533951.5380003,1.0054532419918385,0.4096306348912984,6.578207015991211
1747533951.5525131,1.0049911828680917,0.41204225090561897,5.219697952270508
1747533951.5709598,1.0040764651253489,0.4124987873736433,5.382776260375977
1747533951.5956068,0.9852711472102713,0.4072191253707899,4.86302375793457
1747533951.6159422,0.9612024902400427,0.40238759177999606,4.814624786376953
1747533951.6362896,0.9334336696040528,0.3957346795279995,4.906415939331055
1747533951.651608,0.9236940890154649,0.3935227151997998,4.908561706542969
1747533951.67568,0.9361494039216273,0.39704726072703417,4.805564880371094
1747533951.6961398,0.9408781432423712,0.40042936572425974,4.882097244262695
1747533951.7158756,0.9439613950887259,0.4013884216759946,4.95147705078125
1747533951.737255,0.9609585213515558,0.40202789918094467,5.282163619995117
1747533951.755866,0.9866441281968552,0.4056902454523211,4.871129989624023
1747533951.772213,0.9999140207720681,0.40877606975730596,5.0678253173828125
1747533951.791443,1.0115263235401655,0.40704378677221936,5.128622055053711
1747533951.811217,1.0189725541416998,0.404512409364408,5.271673202514648
1747533951.8322606,1.0227808178979287,0.40113915398683503,6.474971771240234
1747533951.856795,1.0172641338552701,0.40323861548105416,5.541801452636719
1747533951.8783445,1.0113593643629066,0.4060057437587809,5.652904510498047
1747533951.8997407,1.0102254496413372,0.40748982819821666,6.162881851196289
1747533951.9171216,1.021202593236843,0.4062901195369582,4.732847213745117
1747533951.9327872,1.0244922053645622,0.40473050614732126,5.71751594543457
1747533951.9505792,1.0287259134548816,0.4052772784295348,4.874706268310547
1747533951.9716861,1.0305824484337456,0.40569643554023677,5.327701568603516
1747533951.9912598,1.0260937371523313,0.4090860671033441,5.302667617797852
1747533952.0198443,1.021351130396334,0.4088573453690421,5.038738250732422
1747533952.0438578,1.0150738000436723,0.40912596875126006,5.030632019042969
1747533952.0605605,0.998995076570649,0.40620689132461674,4.970073699951172
1747533952.0784652,0.9815272131700431,0.4030283818633679,5.777120590209961
1747533952.098407,0.9627087610617657,0.39838781463640843,6.696224212646484
1747533952.1180453,0.9682384866616026,0.40104984665512833,5.747318267822266
1747533952.1381433,0.9755695474813127,0.40282308660427363,6.5326690673828125
1747533952.156533,0.9816881220200878,0.40714838781078067,4.822731018066406
1747533952.178166,0.9874118347348407,0.41080902663384716,6.475687026977539
1747533952.198865,1.0006349232536036,0.41748787073989124,6.273984909057617
1747533952.2195363,1.0144022840549007,0.4191976820992004,4.944086074829102
1747533952.240897,1.0234492051096866,0.42010625367262705,5.333900451660156
1747533952.2609568,1.0270368827742373,0.4167626988906242,4.826545715332031
1747533952.2807634,1.0340362515850035,0.4168236499353445,4.895210266113281
1747533952.3016844,1.04238106052835,0.41809470767574397,5.391597747802734
1747533952.3236475,1.0351978624845355,0.4177732528532336,5.658864974975586
1747533952.3410919,1.0342360033606883,0.41769418924987367,4.927873611450195
1747533952.3566947,1.031225798564145,0.4203873509097785,4.87828254699707
1747533952.375997,1.0336416053650628,0.42029668566523787,5.028486251831055
1747533952.3962586,1.0339251386689572,0.41771336260666075,5.163908004760742
1747533952.4180944,1.0265299979569706,0.4183436213648524,7.066011428833008
1747533952.438565,1.0263257710077223,0.41778742074798497,5.08427619934082
1747533952.4528775,1.0470359702626164,0.4150273687227803,5.542755126953125
1747533952.4725513,1.056844196169431,0.41161329968583044,5.501270294189453
1747533952.4917252,1.0667262897749952,0.4101124479345475,5.100727081298828
1747533952.5167258,1.0828721408958275,0.4066816860942241,5.015850067138672
1747533952.5401456,1.0953484946718735,0.4080755530985749,7.200479507446289
1747533952.5653174,1.1033217670596964,0.4083526925762466,6.020545959472656
1747533952.587226,1.0902695691715927,0.40217256691959347,6.0138702392578125
1747533952.602775,1.0830033799564391,0.3967409603132648,4.668474197387695
1747533952.617053,1.0760467262148075,0.3947859282727839,4.741668701171875
1747533952.6354387,1.0857068251841693,0.3940428748462095,6.644725799560547
1747533952.6585128,1.1312673308704542,0.38896580913871426,6.117105484008789
1747533952.6804068,1.1655691279558285,0.38815822821841034,5.568265914916992
1747533952.7020886,1.1992187795261922,0.38958208293041796,6.335020065307617
1747533952.7220557,1.2278136339045207,0.3913766171362786,5.646467208862305
1747533952.7436216,1.2788086842044009,0.3835274459527738,6.474733352661133
1747533952.7633445,1.3191676877733836,0.3790816982166836,5.820512771606445
1747533952.778605,1.3545165817612517,0.37816944809606606,5.038976669311523
1747533952.7933466,1.3918734718641887,0.37778290995828184,5.817890167236328
1747533952.817698,1.4858640854365828,0.35762481539391267,5.463361740112305
1747533952.8368444,1.5250643034405285,0.3505061062422537,5.204200744628906
1747533952.8512633,1.5429866499265454,0.3457289470969783,4.880666732788086
1747533952.8708973,1.5941725668615572,0.3282924298373903,5.5599212646484375
1747533952.8910558,1.6331366208183529,0.3137346059171129,5.553007125854492
1747533952.9191267,1.6721844812485764,0.3017318597786267,6.917238235473633
1747533952.9372504,1.7026234431294553,0.2774036371473444,4.938840866088867
1747533952.9565973,1.7370706825891453,0.25186026271059997,4.742622375488281
1747533952.976359,1.7563889593166042,0.23798692423866563,4.68897819519043
1747533952.9963326,1.7610415451698225,0.23272521852418065,4.929780960083008
1747533953.0171208,1.7780121031675726,0.215485764044537,4.810810089111328
1747533953.0382397,1.8022154406798392,0.201235434128387,4.836559295654297
1747533953.0528958,1.8211794284595002,0.19082922901336669,5.176782608032227
1747533953.074669,1.8898508354689996,0.1467313305270646,8.332014083862305
1747533953.0956635,1.9384792411692637,0.1137817413005878,4.589557647705078
1747533953.1161933,1.9637375280300906,0.09120049672691143,4.650592803955078
1747533953.138153,1.9948013238149622,0.06450871863613987,6.597995758056641
1747533953.1583586,2.031498651567061,0.04059669755837205,5.821943283081055
1747533953.1795676,2.05344421066865,0.0258571959171698,4.784584045410156
1747533953.2006056,2.0974242102235814,-0.011714947670129993,5.103111267089844
1747533953.2199488,2.1421245371303463,-0.045573952938098884,4.978418350219727
1747533953.2457736,2.1594539489857,-0.062446336820783196,6.000995635986328
1747533953.2651954,2.1994294713166487,-0.11541199687451029,5.179643630981445
1747533953.2845407,2.2218213554037263,-0.14617891442313685,6.354331970214844
1747533953.2991488,2.2420232941361076,-0.17318303603712562,4.871129989624023
1747533953.3147237,2.251827365011934,-0.19413454197392924,6.186485290527344
1747533953.3394318,2.290465694497671,-0.22480232728816688,5.12385368347168
1747533953.3564584,2.320669853031937,-0.2568474961164752,4.974126815795898
1747533953.3761356,2.3391794417008103,-0.27264192570611434,5.1174163818359375
1747533953.3962452,2.36033834365948,-0.31508322972441816,5.117893218994141
1747533953.4167614,2.359761498977699,-0.34658540026052176,5.332469940185547
1747533953.4373698,2.3745406598652483,-0.3673866070080409,5.288124084472656
1747533953.4595828,2.3820904011703212,-0.38081279004772467,5.44285774230957
1747533953.4760804,2.4320096764375987,-0.4158337273853934,5.263090133666992
1747533953.498333,2.489182753436887,-0.466352376305463,5.490303039550781
1747533953.5186758,2.5333619938154497,-0.5034931361814621,5.368709564208984
1747533953.5403202,2.5028407974997915,-0.5375752973122623,5.585193634033203
1747533953.5600803,2.4946593255852743,-0.576244247629899,5.909204483032227
1747533953.5799413,2.4992275598534865,-0.5953142761002712,5.810737609863281
1747533953.5980206,2.553308608628965,-0.6503913192969877,5.641460418701172
1747533953.6151001,2.5898477843903205,-0.6887631596352045,7.983922958374023
1747533953.6372356,2.620983025385254,-0.7304367766535084,6.215333938598633
1747533953.6591923,2.6194128988126275,-0.7775751840205262,7.478237152099609
1747533953.678538,2.6168839213098627,-0.8137586016266353,7.628679275512695
1747533953.6974103,2.6303296931262916,-0.8516055285815817,5.631208419799805
1747533953.7178257,2.6386710969552865,-0.8877231447108483,5.706071853637695
1747533953.7367294,2.650265931708396,-0.9171750126675171,5.591154098510742
1747533953.7595685,2.664797886888835,-0.9628677517405069,6.20269775390625
1747533953.7796266,2.6747906942821076,-0.9968914203687346,6.561994552612305
1747533953.798441,2.673936937549662,-1.0553281250822164,5.759239196777344
1747533953.8185182,2.679409491159726,-1.1010498913647049,7.197380065917969
1747533953.838507,2.685502358831809,-1.119696315896409,5.967855453491211
1747533953.8586583,2.6938882408397173,-1.187017079518965,5.729198455810547
1747533953.8753161,2.6937411785069143,-1.227898051763095,5.299091339111328
1747533953.897551,2.7023172654186554,-1.290558815193162,4.980802536010742
1747533953.9183414,2.7087507787155043,-1.318746855754608,5.308866500854492
1747533953.9357224,2.7175834340963463,-1.3690881918916635,4.69660758972168
1747533953.956329,2.7258682136371735,-1.4098014830696948,4.685163497924805
1747533953.9776974,2.7319496310564437,-1.443498783937129,5.739450454711914
1747533953.9955773,2.7250355407655187,-1.5028938542684531,4.560947418212891
1747533954.0136738,2.722694986663007,-1.5412185730930492,7.008552551269531
1747533954.0396602,2.725380459371211,-1.575495563721748,6.219148635864258
1747533954.06768,2.733120233862104,-1.645498384107876,7.931232452392578
1747533954.0844266,2.7349853859143862,-1.6887830605901741,4.463434219360352
1747533954.1020865,2.73032320441162,-1.729465348584886,4.653453826904297
1747533954.1172352,2.71970471909221,-1.76495125338836,4.596948623657227
1747533954.1362667,2.7219867831623787,-1.8258854326250673,4.846096038818359
1747533954.151069,2.719182909413108,-1.8605631923566945,4.785299301147461
1747533954.1706235,2.7162271416396706,-1.9006636074992902,4.788875579833984
1747533954.1914704,2.733552575837641,-1.966650957489923,4.914283752441406
1747533954.2110777,2.734444675892067,-2.0178476488331434,4.92548942565918
1747533954.2359245,2.7271007638587865,-2.070805978447619,5.375862121582031
1747533954.3688047,2.717868756206508,-2.394314468410563,4.942893981933594
1747533954.3846092,2.7137463660744077,-2.4368199048830124,5.27501106262207
1747533954.398389,2.7104657681911175,-2.4612268762809055,4.829645156860352
1747533954.4236588,2.6961291896251813,-2.5315920222175303,9.121179580688477
1747533954.443681,2.684218492521054,-2.5858705685593533,5.935907363891602
1747533954.4675384,2.6851401180368066,-2.6318474336230513,8.484363555908203
1747533954.4888773,2.644847962056922,-2.6853193988230593,6.560802459716797
1747533954.5093086,2.6187217318737748,-2.7353415126283145,6.472587585449219
1747533954.527717,2.5980785358508394,-2.7728508924455837,4.841327667236328
1747533954.5504122,2.608539278113146,-2.851006749039033,7.100582122802734
1747533954.5669506,2.6305500372264667,-2.9013158629768347,6.203651428222656
1747533954.5901165,2.655701583326046,-2.933325819385949,5.474567413330078
1747533954.6053863,2.6626598318222716,-3.0237154083044793,5.150794982910156
1747533954.623177,2.664155085103432,-3.091078961413441,5.161046981811523
1747533954.6407812,2.6642180199080725,-3.134452201161869,4.998683929443359
1747533954.6603951,2.6696524603880865,-3.168074520975403,5.569696426391602
1747533954.6805243,2.698499535336575,-3.2343253934511105,5.251169204711914
1747533954.697779,2.734082181411021,-3.2932499130477377,5.021333694458008
1747533954.712564,2.75537137802195,-3.3279485059699385,4.960536956787109
1747533954.7377813,2.7944457386188986,-3.4149238442931127,5.424261093139648
1747533954.7585108,2.8360541056461197,-3.4762322972932735,5.921840667724609
1747533954.7795365,2.869816688954355,-3.5238106507777025,5.890369415283203
1747533954.7969174,2.904583522291615,-3.5627275773490092,5.130529403686523
1747533954.8159144,2.9189964367633356,-3.6268465581552567,4.905939102172852
1747533954.8358133,2.942354461671091,-3.6759338029820565,4.719972610473633
1747533954.8508654,2.954187457812436,-3.7058917021729854,5.295515060424805
1747533954.8764408,2.992098522081779,-3.797484172702881,4.939556121826172
1747533954.8958168,3.024211292239007,-3.859016112563138,4.715204238891602
1747533954.9164128,3.0427383693336316,-3.9030073008102693,4.7435760498046875
1747533954.9380493,3.073535929577221,-3.9623302412637473,5.661964416503906
1747533954.959159,3.1046829288442592,-4.011220712938258,6.536960601806641
1747533954.979173,3.1310589112792133,-4.055471642084541,5.195856094360352
1747533954.9988186,3.1694098532623767,-4.12547714383275,5.30695915222168
1747533955.0186932,3.21171107758097,-4.1843472778774995,5.479574203491211
1747533955.0386014,3.2331215113867677,-4.228582961625683,7.121086120605469
1747533955.0569706,3.249667550855381,-4.26269624255221,5.314350128173828
1747533955.0773585,3.291811381913451,-4.318493249933883,10.047435760498047
1747533955.0984793,3.3288302167187998,-4.368831587922251,5.53584098815918
1747533955.1190987,3.357387808729252,-4.407054207274727,6.053686141967773
1747533955.1450472,3.3765695170118017,-4.4662475037707265,6.221532821655273
1747533955.165408,3.396380960714816,-4.512513077101318,5.285024642944336
1747533955.182284,3.41993766186962,-4.5606664371660255,5.209445953369141
1747533955.1999657,3.458039204517822,-4.6185290461162465,4.876613616943359
1747533955.2156248,3.4857500344394863,-4.674793907310718,4.973411560058594
1747533955.2316813,3.501419212821734,-4.723538428170005,5.171537399291992
1747533955.2524045,3.5129075650295274,-4.75532741437876,6.599903106689453
1747533955.270496,3.52485003806689,-4.817559898294688,5.109071731567383
1747533955.2957308,3.534646556804235,-4.8884837510909085,5.080223083496094
1747533955.3109388,3.533167084980593,-4.9312476237890035,5.152225494384766
1747533955.3383327,3.5455976889989285,-5.004340721451123,6.262540817260742
1747533955.3589633,3.5408479294005217,-5.061986777632053,6.275177001953125
1747533955.3796935,3.532271854044924,-5.108842831634472,6.456613540649414
1747533955.4027584,3.537538095203966,-5.1561240938778115,6.387472152709961
1747533955.4302611,3.529017606977384,-5.2066260889843505,8.842706680297852
1747533955.4500034,3.5163511058428765,-5.243336005543931,6.502628326416016
1747533955.471365,3.5289368498536726,-5.300651445976981,6.416559219360352
1747533955.4869783,3.528400872912301,-5.346002372495715,6.192207336425781
1747533955.5041847,3.5171219038261983,-5.38500333337195,5.311727523803711
1747533955.5225813,3.5211602650776235,-5.436035158243268,6.22868537902832
1747533955.543605,3.521435506623899,-5.469372571482255,6.198644638061523
1747533955.565367,3.513712638780892,-5.503016743186645,7.376670837402344
1747533955.5864487,3.4991628595625364,-5.525857652491663,7.316350936889648
1747533955.604428,3.4693321137026794,-5.566873526242284,5.8460235595703125
1747533955.6263916,3.470892127025632,-5.608318532542392,5.705833435058594
1747533955.6507258,3.4553670719567084,-5.650231993645897,9.378910064697266
1747533955.6696808,3.4366033317326843,-5.68528417399174,7.996320724487305
1747533955.6899576,3.420997446119935,-5.7368090472037325,5.616188049316406
1747533955.7042654,3.40360061994194,-5.7761406892561045,4.882335662841797
1747533955.7192917,3.382376440006121,-5.8088780969503,5.078554153442383
1747533955.7366502,3.3576817361041225,-5.836336760190363,4.840373992919922
1747533955.754637,3.3494553155145566,-5.8640221825112055,6.773948669433594
1747533955.772403,3.3333402357114754,-5.888233096743019,5.077600479125977
1747533955.7956247,3.311793217181242,-5.913031518867152,4.772186279296875
1747533955.816137,3.307245864570812,-5.953544864457685,4.804134368896484
1747533955.8362315,3.29590422116221,-5.981534821841653,4.857540130615234
1747533955.8562272,3.2731655661201495,-6.003761868394603,4.828453063964844
1747533955.8705852,3.256538403157182,-6.015653771662913,4.824638366699219
1747533955.8958576,3.2094695577114556,-6.059061442678429,4.875421524047852
1747533955.9110746,3.1755681055473794,-6.080272039033593,4.990816116333008
1747533955.9362783,3.140906626751565,-6.108010629726897,5.346775054931641
1747533955.954909,3.1180245129764876,-6.126166756433902,5.462884902954102
1747533955.9715924,3.0834985344845016,-6.141523101456883,4.954814910888672
1747533955.9955466,3.0355746317547374,-6.164832120190128,4.854679107666016
1747533956.0159483,2.9910706178843314,-6.193567220012328,5.203008651733398
1747533956.0312622,2.954655527671368,-6.208095008939679,4.955053329467773
1747533956.051306,2.9208418839955255,-6.223144432116492,4.957914352416992
1747533956.0767727,2.8853098422085335,-6.239881449553521,5.075693130493164
1747533956.0972342,2.8567252808712045,-6.258447313219701,5.028963088989258
1747533956.1162767,2.8179615578500345,-6.271525219843389,5.000591278076172
1747533956.1361897,2.7612090224393158,-6.2855319336578654,5.0449371337890625
1747533956.1564512,2.701622168965062,-6.312264179861108,4.943609237670898
1747533956.1765685,2.658180484129059,-6.330644622564036,4.955053329467773
1747533956.196649,2.6202147347106353,-6.344256716758773,4.793882369995117
1747533956.21273,2.5699729067083914,-6.355180189678497,6.504297256469727
1747533956.2312,2.5174107298177364,-6.36499483087117,5.012989044189453
1747533956.2584553,2.475142559114978,-6.373562536987725,6.101369857788086
1747533956.2784255,2.4339693360792776,-6.382865993585697,5.151033401489258
1747533956.2961745,2.387314382242972,-6.3891551939621545,4.839897155761719
1747533956.3113246,2.338007224345916,-6.394129913380821,4.857063293457031
1747533956.3407066,2.2820364823385573,-6.4139875752578694,5.09190559387207
1747533956.358704,2.2535836380732177,-6.422461720983958,5.234956741333008
1747533956.3768594,2.2198337531977685,-6.431099993294247,4.824161529541016
1747533956.3968694,2.190279206070852,-6.438752153401091,4.85992431640625
1747533956.4186642,2.1435025560753176,-6.44571569291192,7.302284240722656
1747533956.4350657,2.099938280124495,-6.45166544399453,4.6520233154296875
1747533956.4575262,2.0360861538223634,-6.456368821226111,5.128145217895508
1747533956.489213,1.9586499540287412,-6.4582998764096775,5.6705474853515625
1747533956.5083556,1.9040107606049164,-6.459335644945329,4.794120788574219
1747533956.526198,1.8617374379910925,-6.461043441867152,4.750490188598633
1747533956.5476923,1.812297349256368,-6.461424530403264,5.431890487670898
1747533956.5661786,1.7747864255224275,-6.463892596027616,5.724906921386719
1747533956.584087,1.7145189775795147,-6.470475890553962,4.792690277099609
1747533956.6026754,1.652749257714026,-6.474106352866358,5.141258239746094
1747533956.6174674,1.5988535398022121,-6.473843882162554,5.000114440917969
1747533956.631362,1.5660761904747436,-6.472623553641082,4.6901702880859375
1747533956.6579103,1.522624174191382,-6.472754133404324,6.376028060913086
1747533956.675426,1.435554442311462,-6.470282033237216,4.72259521484375
1747533956.6962814,1.3775163376803556,-6.468783655056288,4.682064056396484
1747533956.7153323,1.3351751739857634,-6.4679345001475115,4.617452621459961
1747533956.7354684,1.2625363601753608,-6.45381255763183,4.684925079345703
1747533956.7569723,1.1982125667053478,-6.443482545928806,6.088018417358398
1747533956.7761753,1.1496722114055489,-6.436772496443612,4.835367202758789
1747533956.7959728,1.1105771532338928,-6.433268361758411,4.855871200561523
1747533956.8159664,1.081365415397648,-6.43041473541201,4.908561706542969
1747533956.8354058,1.0366015790867846,-6.4181467003938675,6.80232048034668
1747533956.8533216,1.0009723938575215,-6.406933003790683,6.764888763427734
1747533956.874274,0.9597186873249604,-6.40053878819143,7.012605667114258
1747533956.8931859,0.9156859215316336,-6.395376793499847,6.957054138183594
1747533956.9166958,0.8378778531871985,-6.379301172713227,4.765033721923828
1747533956.9384046,0.7916168260637463,-6.370705010259984,7.156848907470703
1747533956.9584615,0.7643353494949251,-6.368385587272733,7.248401641845703
1747533956.9780967,0.6782086911874865,-6.344093007373022,5.962371826171875
1747533956.9994664,0.6181417637257572,-6.327645402012575,6.150245666503906
1747533957.0199127,0.577441126581647,-6.320556951970449,5.76329231262207
1747533957.039329,0.5043748155864044,-6.292902518558303,5.089759826660156
1747533957.0596845,0.4455181778642067,-6.276356505361879,5.079507827758789
1747533957.0830789,0.409878475455044,-6.268734350233894,7.413625717163086
1747533957.1028848,0.3330675149110085,-6.227557522934026,5.799293518066406
1747533957.1215649,0.26054569692203294,-6.202105882431169,5.112171173095703
1747533957.140717,0.20639005786924447,-6.191604875565165,5.106210708618164
1747533957.1594586,0.11311462634780818,-6.157986897401015,5.316019058227539
1747533957.1770794,0.05893279996608221,-6.132947640890181,5.297660827636719
1747533957.199701,0.03501983884856208,-6.12029734423956,6.65736198425293
1747533957.2235272,-0.02363113818698765,-6.095325393342441,6.711721420288086
1747533957.246571,-0.07627048513811294,-6.0622306936462085,7.174968719482422
1747533957.266659,-0.10762531445954256,-6.037606614029715,6.374835968017578
1747533957.2894177,-0.15309816427727807,-6.01023824142627,6.793498992919922
1747533957.3054354,-0.06953710283543128,-5.980264880654907,5.68842887878418
1747533957.321526,-0.09675727374644792,-5.934861926108187,5.476713180541992
1747533957.3414414,-0.11406253949101613,-5.893944701798465,5.872488021850586
1747533957.3600714,-0.12340316442698127,-5.846300112361679,6.655693054199219
1747533957.378641,-0.13462319367713374,-5.821689094296583,7.421731948852539
1747533957.3996286,-0.16675833051019348,-5.7830772940106145,6.766319274902344
1747533957.4204695,-0.1895336098356354,-5.7546416977415955,8.111953735351562
1747533957.4399166,-0.20274962718302808,-5.7107332792210705,6.473302841186523
1747533957.4563196,-0.22911187874999092,-5.679222472070098,6.197929382324219
1747533957.4820604,-0.2605597056352176,-5.635739625184804,8.332490921020508
1747533957.5042567,-0.31008522011821943,-5.595609333942919,8.023977279663086
1747533957.524179,-0.34805084723475954,-5.5595498380248785,6.735086441040039
1747533957.5507975,-0.3886164881182237,-5.511032781432403,10.029792785644531
1747533957.5704317,-0.43940711925709086,-5.4503481655130965,7.785320281982422
1747533957.5891643,-0.4619381740758034,-5.401077398288091,7.691144943237305
1747533957.6109316,-0.4888148143823809,-5.349952105156248,7.146358489990234
1747533957.6281655,-0.5767189630198222,-5.303212121368936,6.519317626953125
1747533957.6439075,-0.6299180480276502,-5.262880279809161,5.474567413330078
1747533957.6594667,-0.6626971142721366,-5.233835900739105,5.243778228759766
1747533957.6742928,-0.6866623323141282,-5.191483160182914,6.130695343017578
1747533957.6983633,-0.7432058160660762,-5.127611219553882,6.863594055175781
1747533957.716449,-0.7659838193153173,-5.075894798469185,5.217552185058594
1747533957.736302,-0.7796004548892278,-5.028566917544161,5.2032470703125
1747533957.7567794,-0.8709826895373325,-4.973787066498926,5.109071731567383
1747533957.776375,-0.9154279965590905,-4.9241552681358165,4.905939102172852
1747533957.7910323,-0.9322175066470955,-4.892857876302967,4.933595657348633
1747533957.816607,-1.0207663649851317,-4.808078188898007,5.390405654907227
1747533957.838283,-1.066295441740544,-4.7454846641104265,6.915807723999023
1747533957.858304,-1.0894691320425243,-4.690997039148051,7.105350494384766
1747533957.876865,-1.1006428357069682,-4.63275109681957,4.760265350341797
1747533957.8988218,-1.1772238512226358,-4.575988173669381,7.455348968505859
1747533957.9179907,-1.2176131465562003,-4.529378578294367,6.483316421508789
1747533957.9393759,-1.2365671018870568,-4.488556372044871,4.878997802734375
1747533957.9568985,-1.3125220997176426,-4.422285070959424,5.400419235229492
1747533957.9737797,-1.3380271242882393,-4.383861801198149,6.989717483520508
1747533957.9980898,-1.3636130998586478,-4.31974846830307,5.19871711730957
1747533958.0167286,-1.4258911832593673,-4.267596827121428,5.039453506469727
1747533958.0349202,-1.4541223808949009,-4.206900075698185,4.900693893432617
1747533958.0579689,-1.4731047798418366,-4.127561055899138,6.536722183227539
1747533958.0801282,-1.5257394461552138,-4.062887577935439,5.831718444824219
1747533958.0997446,-1.5521901948854089,-4.003852842331,4.952430725097656
1747533958.11968,-1.562218672887717,-3.960203776968646,6.648540496826172
1747533958.1400993,-1.5733095645048534,-3.9133408329311137,5.087375640869141
1747533958.1585376,-1.576575517119837,-3.869792018224302,7.023811340332031
1747533958.17493,-1.624028835733859,-3.829641493379927,5.374908447265625
1747533958.1981056,-1.6529375058587943,-3.746751880926219,6.798505783081055
1747533958.2181177,-1.6582367219920255,-3.6889960422677115,6.848335266113281
1747533958.232984,-1.655861384878396,-3.6456835670189447,5.312204360961914
1747533958.2526076,-1.6951493425919844,-3.5910551212943314,6.423234939575195
1747533958.2750413,-1.7173066648114157,-3.5350134827029156,8.476734161376953
1747533958.2966526,-1.7302758241249523,-3.467593949589422,4.993200302124023
1747533958.3145874,-1.7301213389492147,-3.393508303153644,4.937648773193359
1747533958.338377,-1.7334183060301727,-3.3053750615467705,6.689548492431641
1747533958.3567266,-1.7408981898626283,-3.2404882855380346,4.866838455200195
1747533958.3789036,-1.7794717157725188,-3.176012905588779,6.708860397338867
1747533958.3982115,-1.7970433656229872,-3.1265895296346238,5.499839782714844
1747533958.4253035,-1.8081757199567763,-3.075235093401939,12.950658798217773
1747533958.4454603,-1.7710462718651678,-3.017034453341949,6.66356086730957
1747533958.4631696,-1.767213391655343,-2.9317803166789282,5.251884460449219
1747533958.4807677,-1.7676478654953909,-2.873672627443037,4.911899566650391
1747533958.4997723,-1.7739991136983906,-2.8139946640638698,7.474660873413086
1747533958.5198605,-1.770927095604017,-2.7334882596503567,5.259037017822266
1747533958.5433247,-1.7722918526242926,-2.644387352904762,5.329370498657227
1747533958.5713358,-1.7746991853439105,-2.5623036212117194,10.061502456665039
1747533958.5872064,-1.7751338878088565,-2.5005943448768955,5.157232284545898
1747533958.6037436,-1.7701808563089196,-2.4187951393188563,5.098819732666016
1747533958.6226213,-1.7690610767915285,-2.3522505799423272,7.22050666809082
1747533958.6389625,-1.739899557807987,-2.2525803449764195,5.097150802612305
1747533958.6562524,-1.7269682426491009,-2.1815011640389717,5.037069320678711
1747533958.6787891,-1.7246881567454762,-2.111365255641179,6.081342697143555
1747533958.6988614,-1.6917712229236463,-2.0190152949166498,5.43665885925293
1747533958.716149,-1.6832065601047659,-1.9446541091601912,4.974365234375
1747533958.7349243,-1.6823838557204573,-1.8971847940290871,6.201267242431641
1747533958.756076,-1.6773005460122297,-1.827803723884009,5.002498626708984
1747533958.7775588,-1.6417630621646273,-1.7506967907770195,5.2890777587890625
1747533958.7979867,-1.6242253465865137,-1.6765742769033036,6.7348480224609375
1747533958.8146598,-1.6184435998579478,-1.6216250941834167,5.717992782592773
1747533958.8371694,-1.5589032971095165,-1.5041998953790408,5.295038223266602
1747533958.8532925,-1.5349070284862447,-1.4348521730287718,5.129575729370117
1747533958.8714187,-1.5161999605396808,-1.3740617779442201,5.240440368652344
1747533958.894563,-1.498119539276774,-1.3186831174511362,7.6465606689453125
1747533958.9117427,-1.4431757837574277,-1.2469485384272698,5.32078742980957
1747533958.931917,-1.4065276878506396,-1.1836284008047087,6.378173828125
1747533958.959315,-1.3783341912334783,-1.1101765366789667,6.1779022216796875
1747533958.9790118,-1.3185789919371846,-1.0433521677859086,6.40106201171875
1747533958.999855,-1.27933062135771,-0.9832556763070125,5.688667297363281
1747533959.0197904,-1.2600654334617474,-0.9399193262737883,5.523681640625
1747533959.041288,-1.2013767834878286,-0.8687665159190311,5.8841705322265625
1747533959.0622444,-1.1492224180737431,-0.8127661064848931,6.159782409667969
1747533959.0842626,-1.119084175093091,-0.7702756504559584,7.371664047241211
1747533959.1037676,-1.043826874677946,-0.695024780502606,6.314992904663086
1747533959.1289022,-0.9821056870261271,-0.6363990869621293,6.195783615112305
1747533959.1558769,-0.9040979441097052,-0.5681100481993758,7.185697555541992
1747533959.1788156,-0.8278709319484838,-0.5056747695468771,6.661891937255859
1747533959.2007596,-0.7840049498663064,-0.4700603031283463,6.695985794067383
1747533959.2212224,-0.743317689114858,-0.42646124550617803,5.474567413330078
1747533959.2385952,-0.7294315702695597,-0.4065101273109547,7.217884063720703
1747533959.2577915,-0.6580689414244776,-0.3411860270239716,5.614042282104492
1747533959.4074235,-0.25733467849871167,-0.08410645798040475,6.639003753662109
1747533959.4355755,-0.21241206302822913,-0.05457134811787225,6.424188613891602
1747533959.453129,-0.17421200095309608,-0.017438259184500805,7.1506500244140625
1747533959.4690566,-0.13377309453825975,0.006679358693546581,6.237506866455078
1747533959.503005,-0.027543658460982987,0.0432257857185887,6.778240203857422
1747533959.5302694,0.014691791494115048,0.0713614054332505,10.19597053527832
1747533959.5542984,0.03843459152240013,0.08782304169060458,6.945133209228516
1747533959.5799265,0.1629147155893636,0.1246477296907134,5.912065505981445
1747533959.5993154,0.20431005067744196,0.1441108501266728,5.492925643920898
1747533959.6180325,0.2476211793477261,0.1590651744325057,5.051612854003906
1747533959.6368377,0.3011743045489189,0.16983673594894297,5.124092102050781
1747533959.6561155,0.26228589569730376,0.19119524927760878,4.864931106567383
1747533959.678442,0.29691087282506595,0.20177742967764328,7.439613342285156
1747533959.696235,0.32418391156576415,0.20886551028804162,4.938364028930664
1747533959.7165048,0.38190901810339173,0.23187648454276405,4.926919937133789
1747533959.7362869,0.42986779226600386,0.24525097224012873,5.059242248535156
1747533959.7575433,0.47072161509299243,0.25616002826452583,6.290674209594727
1747533959.777085,0.5239962972278707,0.2636446073447234,5.97071647644043
1747533959.7962096,0.589891485174598,0.2744377481619975,4.902362823486328
1747533959.8168743,0.6425935433951832,0.27799239044086227,4.750967025756836
1747533959.8391173,0.6812645139302409,0.2839055418293264,7.19904899597168
1747533959.8626614,0.7683952060725607,0.27838044361389347,6.036043167114258
1747533959.879863,0.8446887555714649,0.2780535292780571,4.932165145874023
1747533959.898791,0.8714608493396673,0.2756585705085354,7.204532623291016
1747533959.9289763,0.9816337747224618,0.28636319401130855,5.518436431884766
1747533959.9447005,1.0347459856811767,0.2854633675737931,4.646062850952148
1747533959.9614563,1.090866211357703,0.2843401215860149,5.0907135009765625
1747533959.9806652,1.167896427642126,0.2708358996688371,6.415128707885742
1747533959.9986753,1.2517575248112405,0.2571803205535286,5.51295280456543
1747533960.0196087,1.322267979695098,0.2442061123432243,4.674434661865234
1747533960.0373304,1.370388155681731,0.2367781120997504,5.597352981567383
1747533960.056053,1.4300751339906128,0.2133934523692141,4.785776138305664
1747533960.0769472,1.5177178507347349,0.19362182013228935,4.877328872680664
1747533960.0990188,1.558484315451848,0.1822950809872089,7.507801055908203
1747533960.1270306,1.6144247451248912,0.1627542047647127,6.09135627746582
1747533960.1472723,1.6569369958796374,0.13868687815299668,4.547595977783203
1747533960.164345,1.7004042432684618,0.1091530710383389,5.776405334472656
1747533960.1813686,1.7623168383046617,0.07581343726535718,4.978418350219727
1747533960.200336,1.8017055026315552,0.05437295838933936,4.544973373413086
1747533960.215542,1.8461242541503047,0.038473273906681496,4.497528076171875
1747533960.236778,1.8869893202940733,0.023401502679137938,4.622459411621094
1747533960.25234,1.9365954611166072,-0.0005948808693036669,4.841327667236328
1747533960.2757857,1.9819379074945662,-0.042056384954351954,4.624843597412109
1747533960.2972143,2.025809708419756,-0.07712252920277952,6.300926208496094
1747533960.3163996,2.1121817314905957,-0.12499561677818577,4.738092422485352
1747533960.3363605,2.170778744084819,-0.1648148358562769,4.930019378662109
1747533960.3603861,2.2146067698074563,-0.19932063970736041,8.768081665039062
1747533960.389368,2.2557401362020775,-0.22940696150453985,10.766029357910156
1747533960.4134965,2.2551997807425543,-0.2654494920314851,6.631612777709961
1747533960.436056,2.2542106866822054,-0.3095600112487516,5.258321762084961
1747533960.4517875,2.23689428110513,-0.3189881680360946,5.27191162109375
1747533960.4769049,2.269620980284183,-0.3835473969813297,5.512475967407227
1747533960.497007,2.2877197837662173,-0.4119146526044772,5.400657653808594
1747533960.519113,2.304772559039175,-0.43810444165834206,7.052421569824219
1747533960.5415018,2.334696038727703,-0.47391315891040137,5.265235900878906
1747533960.5595593,2.3654492734917976,-0.5105660230792239,5.291461944580078
1747533960.5785344,2.3948055848642014,-0.5389522460624901,5.664825439453125
1747533960.5993936,2.4174978316229048,-0.5927664580302406,6.016731262207031
1747533960.6197367,2.4149989600386257,-0.6249128942013997,7.402181625366211
1747533960.6404688,2.416902920327233,-0.6621614876419915,7.003307342529297
1747533960.65967,2.427446169204174,-0.6968081703280943,5.693197250366211
1747533960.6773794,2.4724056693397523,-0.7401063735964037,5.770206451416016
1747533960.6970465,2.5140191059792616,-0.7750901948352914,5.824804306030273
1747533960.7172916,2.5426133522237113,-0.8009821102875638,5.604743957519531
1747533960.7382474,2.5637289550425426,-0.8614438190286631,5.836725234985352
1747533960.7573678,2.5716601330896594,-0.9069121988618876,5.346536636352539
1747533960.7759304,2.576405116648195,-0.9348437827317382,5.5389404296875
1747533960.7944713,2.5799865256168473,-0.9622542800517407,6.987333297729492
1747533960.8175147,2.6091615579460883,-1.0232323002038952,5.986213684082031
1747533960.8376906,2.619975560013771,-1.0720890216800085,6.038665771484375
1747533960.8552735,2.6214688446498227,-1.1050170514862991,7.438182830810547
1747533960.8776734,2.6408594799236713,-1.1726900971239782,5.462646484375
1747533960.9025626,2.6393908104296115,-1.2224498879172854,6.4983367919921875
1747533960.9298053,2.6567687436692142,-1.2791671171122545,7.678985595703125
1747533960.9535744,2.6632903928378706,-1.3291554540251693,5.9833526611328125
1747533960.9707818,2.665466661734434,-1.3727471452820388,5.790472030639648
1747533960.9871123,2.665588805988204,-1.4124329138917793,5.871295928955078
1747533961.0048664,2.6943281691767975,-1.4603625829729314,4.80198860168457
1747533961.0232923,2.710860764295687,-1.5082407867169099,6.05463981628418
1747533961.0425549,2.7164530292578717,-1.5511037132809165,7.119417190551758
1747533961.0608203,2.7438480306813138,-1.6017933633129087,4.62794303894043
1747533961.079638,2.75299396552904,-1.6526664259117307,4.730701446533203
1747533961.0995243,2.7581912660609693,-1.6979670264646662,5.312919616699219
1747533961.1207407,2.7574583444490837,-1.738457985350663,4.649162292480469
1747533961.1469252,2.720914961117521,-1.8045264104410845,5.018949508666992
1747533961.1633158,2.6872632946975057,-1.8736646955566043,4.673242568969727
1747533961.179846,2.6875283917940718,-1.9203494785582593,5.294084548950195
1747533961.1964526,2.689592975413891,-1.9648737322604293,4.744052886962891
1747533961.2181194,2.692437541814353,-2.028248160014141,5.784034729003906
1747533961.241183,2.6978948458811547,-2.061471451557246,5.821943283081055
1747533961.2580326,2.684776705080089,-2.1342077985747343,4.739999771118164
1747533961.2766838,2.6771919906403094,-2.182397429526308,4.737138748168945
1747533961.2907808,2.6799253796973312,-2.2158210326300365,5.116462707519531
1747533961.3159947,2.6926333629586625,-2.2714176514281905,5.129337310791016
1747533961.3368566,2.678461589045568,-2.3143854966570507,4.745960235595703
1747533961.3587923,2.684559331053858,-2.3766307346438578,7.628440856933594
1747533961.3814168,2.6998168798466318,-2.412664699810263,9.524822235107422
1747533961.4092321,2.6679977081285444,-2.481195850854172,7.5817108154296875
1747533961.4311943,2.6610178662957336,-2.541537433016715,5.245685577392578
1747533961.4493492,2.6359985203569627,-2.6024531502187496,5.011796951293945
1747533961.4640574,2.6287777479442602,-2.646273055969945,5.050420761108398
1747533961.4786983,2.621821155703008,-2.7045328085937173,4.756450653076172
1747533961.4929893,2.6079749125508616,-2.7320970795192987,5.194425582885742
1747533961.5168586,2.612440954305273,-2.833181150263855,4.80341911315918
1747533961.5362945,2.6182519871958045,-2.882032036194635,4.93311882019043
1747533961.560438,2.6579360575418463,-2.9412964181271994,4.97889518737793
1747533961.5781384,2.694910056857877,-2.983114743134018,5.136966705322266
1747533961.5973437,2.694589364853498,-3.0569784583864,5.062341690063477
1747533961.6170888,2.683433516970784,-3.108749872946982,5.033254623413086
1747533961.6374013,2.679812224590527,-3.1526177082172366,5.316972732543945
1747533961.6569037,2.710627123467081,-3.233504796531806,4.894733428955078
1747533961.6761947,2.7274602546208953,-3.295250984274776,4.923105239868164
1747533961.699453,2.7399483085575462,-3.344370335320278,5.949974060058594
1747533961.7182963,2.7860573737478465,-3.413589185196118,5.961894989013672
1747533961.7382941,2.8182258848861634,-3.4696268846695997,5.205631256103516
1747533961.7556798,2.8408975028699524,-3.5061797382370377,4.862308502197266
1747533961.7765827,2.8791919644464254,-3.588687535035792,4.812955856323242
1747533961.796955,2.91161477709481,-3.6477138486843748,4.759550094604492
1747533961.811797,2.9417212693979398,-3.6997672107869777,4.770994186401367
1747533961.836701,2.9667615322867724,-3.752687306980828,4.903554916381836
1747533961.8557947,2.9988479920942126,-3.834808730455204,4.782676696777344
1747533961.8753247,3.030660594864213,-3.8977439206067355,4.830121994018555
1747533961.894006,3.057122231885889,-3.9369505284703386,8.049964904785156
1747533961.9168668,3.076805815003711,-3.973575742940163,4.948854446411133
1747533961.9435315,3.1136168338962653,-4.041708957944507,5.671024322509766
1747533961.960536,3.1385787884374667,-4.088758818216313,4.78816032409668
1747533961.977414,3.1676183253990184,-4.12719408558162,5.088090896606445
1747533961.9959145,3.1926707611560836,-4.158748639247432,5.137205123901367
1747533962.0185418,3.212176907963166,-4.208909454351994,5.736112594604492
1747533962.038662,3.2330412827770463,-4.245913033343941,6.066560745239258
1747533962.059742,3.24695109508947,-4.2699702019303265,4.910707473754883
1747533962.0827656,3.2795380072325995,-4.325773627335084,5.751371383666992
1747533962.1026614,3.3055816920999543,-4.377583941822141,5.642175674438477
1747533962.123603,3.325985953352834,-4.417902587429235,6.729602813720703
1747533962.1462011,3.3637068347428474,-4.488211468956217,4.87065315246582
1747533962.1629894,3.380608808295537,-4.53924907713685,4.6939849853515625
1747533962.1782541,3.3894029615839925,-4.568418215958534,4.882335662841797
1747533962.1925333,3.405458305513268,-4.601858734497688,5.359172821044922
1747533962.2161496,3.449656551805729,-4.673257560951805,5.007028579711914
1747533962.236389,3.4754976320876105,-4.726682301761395,5.092144012451172
1747533962.2525609,3.4870360823157145,-4.751833849655465,6.696224212646484
1747533962.2780616,3.492939900336398,-4.812872210037626,6.792306900024414
1747533962.2960534,3.502108028113909,-4.856917574169606,4.987955093383789
1747533962.3129106,3.5134506726210835,-4.890489207590111,6.0749053955078125
1747533962.3382568,3.5462443894092526,-4.968358952334428,5.186796188354492
1747533962.3562458,3.564007531038788,-5.050366266878061,5.005359649658203
1747533962.3763678,3.5557167274735892,-5.10379283396266,5.255937576293945
1747533962.3997838,3.542522573262432,-5.148227412759661,5.476951599121094
1747533962.4223907,3.550994448790746,-5.204890975945024,6.464958190917969
1747533962.44372,3.5545751557452516,-5.247327531090429,5.499362945556641
1747533962.4614227,3.531846372672301,-5.299229544529922,5.606651306152344
1747533962.4817352,3.5327298477933446,-5.351777753047457,5.532503128051758
1747533962.498688,3.527118599107114,-5.387533373245272,5.671262741088867
1747533962.5180213,3.5150086638402236,-5.440440588140839,5.800962448120117
1747533962.5406778,3.5228580205818543,-5.497122825879142,6.220579147338867
1747533962.56205,3.5183978235781734,-5.536925937764399,6.042957305908203
1747533962.5819316,3.5025123747118756,-5.580479136174446,5.793571472167969
1747533962.6114771,3.512029151409642,-5.630609850119665,11.138916015625
1747533962.63596,3.5089267577225782,-5.66135325335962,11.052608489990234
1747533962.656729,3.4821902118862984,-5.723070444903306,9.016752243041992
1747533962.67908,3.4528585192602934,-5.775465968581658,6.119251251220703
1747533962.6945696,3.4296507481308187,-5.801819239277661,5.166530609130859
1747533962.7105398,3.407156503742448,-5.826069804203205,5.102396011352539
1747533962.7359345,3.379554896390587,-5.879543694433185,4.87518310546875
1747533962.7585328,3.348035450798081,-5.910559503159894,5.295753479003906
1747533962.777296,3.3222232874290727,-5.942177201925008,5.787849426269531
1747533962.7934506,3.301969899691611,-5.968100053638649,5.95545768737793
1747533962.8121731,3.2732311594516803,-5.995384723154342,6.4487457275390625
1747533962.83614,3.2352329099824617,-6.022626759099698,4.9495697021484375
1747533962.8579686,3.201060793608722,-6.042065654033188,5.096912384033203
1747533962.8756473,3.180597773621695,-6.051547035532133,4.741430282592773
1747533962.8979313,3.1490016691699867,-6.095961958949358,5.023479461669922
1747533962.9236212,3.1211305436458376,-6.1260848625363185,7.390260696411133
1747533962.944391,3.09749519095954,-6.1430991366140395,6.598234176635742
1747533962.9648082,3.0767317985421334,-6.172694930782706,4.830598831176758
1747533962.979446,3.016806608368157,-6.212287438961454,4.741668701171875
1747533962.996762,2.972521723137535,-6.233805055941498,4.806041717529297
1747533963.0177853,2.9058376705396105,-6.251953674102547,4.965066909790039
1747533963.036493,2.8549767089175893,-6.275243787391186,4.953622817993164
1747533963.0514545,2.808375120808028,-6.2845876413002895,5.280733108520508
1747533963.072405,2.7603495130525584,-6.300517761497594,6.589174270629883
1747533963.0958998,2.7135080789691846,-6.32160938365982,4.892587661743164
1747533963.1127126,2.6818925861824168,-6.329310478755265,6.51097297668457
1747533963.1350791,2.634230136015016,-6.342484885902386,8.97359848022461
1747533963.1553495,2.5629962195691656,-6.34931109332742,5.279779434204102
1747533963.1711416,2.5015601187296896,-6.3567106278279155,4.953145980834961
1747533963.1969697,2.442103339708246,-6.367019087166797,4.868745803833008
1747533963.2122066,2.4052354083419383,-6.371687026596902,4.803657531738281
1747533963.2310715,2.3492182995402437,-6.3888450937680386,4.8980712890625
1747533963.251952,2.3049111114669785,-6.400247773590176,5.395412445068359
1747533963.2761762,2.2529640222944756,-6.413701332565939,4.8007965087890625
1747533963.2933133,2.2110339283439675,-6.415346607243277,6.215810775756836
1747533963.3161447,2.150280889918617,-6.419156685193578,4.71806526184082
1747533963.336316,2.0960952871917935,-6.418903168806241,4.829168319702148
1747533963.3592374,2.0669373611345954,-6.432330797031957,4.729747772216797
1747533963.3754768,2.0518518591152892,-6.43551570514759,4.668235778808594
1747533963.390886,2.027730588302729,-6.438920271310683,5.193233489990234
1747533963.4169443,1.9585761290847379,-6.44640977016425,4.803180694580078
1747533963.44556,1.9073823736697046,-6.452202515587124,5.627155303955078
1747533963.4704535,1.8503429887471128,-6.457805006982546,8.701086044311523
1747533963.4870877,1.7926603998267112,-6.453507660636336,4.952430725097656
1747533963.503357,1.7484449523745178,-6.451652737354981,4.779577255249023
1747533963.519148,1.71548437558336,-6.448603938625635,4.691123962402344
1747533963.5381246,1.685989347851027,-6.446897637810342,5.088567733764648
1747533963.563089,1.6157403945559776,-6.451868230605556,7.070302963256836
1747533963.585806,1.566050089421379,-6.455407817460399,6.474733352661133
1747533963.6050673,1.5056755731468323,-6.460941823039068,4.8999786376953125
1747533963.627671,1.4494873944833708,-6.465411529022913,7.5588226318359375
1747533963.645372,1.4187614979721714,-6.46596761816795,4.764318466186523
1747533963.6614485,1.3917517799602446,-6.466554110515437,4.601001739501953
1747533963.6781423,1.29450204391898,-6.454522786975826,4.843711853027344
1747533963.696129,1.2574716713593908,-6.443791072437188,4.783868789672852
1747533963.7156963,1.2236105126309125,-6.438752061665514,4.688262939453125
1747533963.7356365,1.1834489292318782,-6.436915998274887,4.728078842163086
1747533963.758025,1.1201018664341345,-6.425565774356386,7.215023040771484
1747533963.7758088,1.0639042847563653,-6.4176482890048465,4.721164703369141
1747533963.796246,1.012196267009894,-6.411242364398918,4.8885345458984375
1747533963.8157523,0.9384469808156339,-6.386855791670685,4.69207763671875
1747533963.836343,0.8814005229178927,-6.372257834265176,4.908084869384766
1747533963.852942,0.849445115843581,-6.3662459700761955,6.407260894775391
1747533963.8796773,0.7665631482093859,-6.348530014288258,6.999731063842773
1747533963.9033806,0.7169127245031057,-6.341878799326071,6.541728973388672
1747533963.923631,0.6660200341639126,-6.335325893714351,5.775690078735352
1747533963.94392,0.5712431317569916,-6.2999052360396,5.36036491394043
1747533963.9675605,0.507657150000804,-6.277750775962826,5.499839782714844
1747533963.9842534,0.4612368107819103,-6.267688015554337,4.827976226806641
1747533964.0014584,0.39439695544740316,-6.255079910786303,5.309343338012695
1747533964.0190482,0.3314279535966776,-6.22092229234149,6.106853485107422
1747533964.0385854,0.2738958310682399,-6.199320466083932,6.163358688354492
1747533964.0579453,0.22647937164552479,-6.189082531873105,5.563020706176758
1747533964.0778005,0.1805840447722823,-6.15974403567548,5.349159240722656
1747533964.09402,0.15048489350030378,-6.145437324222543,6.216287612915039
1747533964.1133246,0.10189953338624576,-6.124010613160712,6.960153579711914
1747533964.1319344,0.045995657457825675,-6.104869307140492,5.705833435058594
1747533964.1545036,-0.012090748613405774,-6.088201863639527,8.043527603149414
1747533964.1771429,-0.048761597621250145,-6.036016596593746,5.512714385986328
1747533964.1982675,-0.05210259779167917,-5.993357316846501,6.164073944091797
1747533964.2170649,-0.04874353248681563,-5.954905819002752,5.592584609985352
1747533964.2368963,-0.042024801553235555,-5.922491611269833,6.769657135009766
1747533964.2593765,-0.06859549462763881,-5.881801494761348,6.642341613769531
1747533964.284883,-0.09994267126239442,-5.854555464674609,8.78286361694336
1747533964.4176912,-0.41522510113551375,-5.540268313876816,6.362676620483398
1747533964.4372213,-0.4222508760376027,-5.5117186560454945,6.766080856323242
1747533964.4569826,-0.4333758497060452,-5.47761698764734,5.9413909912109375
1747533964.476582,-0.4553427755179865,-5.451512449509659,6.338357925415039
1747533964.4969094,-0.4936162600876772,-5.388731847898029,6.021261215209961
1747533964.5208344,-0.5122801526345473,-5.349521688704755,7.609128952026367
1747533964.5430772,-0.5028338705927856,-5.330504595874927,6.929159164428711
1747533964.5653677,-0.6087651373868787,-5.269300138460902,6.44683837890625
1747533964.5905313,-0.6679713659770956,-5.223461987725079,7.010936737060547
1747533964.616485,-0.705450275241298,-5.178204630162942,6.604433059692383
1747533964.6383069,-0.803559263956447,-5.0723721676107445,5.335330963134766
1747533964.6554754,-0.8269622862599063,-5.0404989607264525,5.723714828491211
1747533964.6712084,-0.8493917779867944,-4.999033467970119,4.964351654052734
1747533964.6962445,-0.9280360365357725,-4.934744462234964,4.897117614746094
1747533964.7134242,-0.9588272443494411,-4.906187585978082,5.632162094116211
1747533964.7343888,-0.9856866450859394,-4.872497400468314,7.47370719909668
1747533964.7580886,-1.0750150785676589,-4.7968490611033925,5.071401596069336
1747533964.7727692,-1.110201927406952,-4.749893131393817,5.188703536987305
1747533964.796128,-1.1417270405754172,-4.689565580266279,4.73332405090332
1747533964.8123276,-1.1515326808299096,-4.651964214699038,5.215883255004883
1747533964.8365932,-1.2444077380801328,-4.577296236962765,4.678964614868164
1747533964.8604555,-1.2757218670998756,-4.537284288496883,5.00178337097168
1747533964.88074,-1.2892932874853003,-4.496265305111244,5.16057014465332
1747533964.9055772,-1.3733898750102498,-4.44145476331547,4.9915313720703125
1747533964.9233944,-1.4105119333701697,-4.382543356114543,4.823446273803711
1747533964.9384813,-1.431584422617514,-4.3231539701770725,5.234003067016602
1747533964.9555068,-1.487807741371385,-4.265684285347201,4.77147102355957
1747533964.9720101,-1.5101694836225568,-4.217974301554173,6.535768508911133
1747533964.9938307,-1.5283222412024797,-4.166146342960063,7.226228713989258
1747533965.0184388,-1.5385695789700449,-4.104934667279337,5.29789924621582
1747533965.0361838,-1.5892746241669173,-4.046018840225624,4.697322845458984
1747533965.0560617,-1.618436629979022,-3.994262608409163,4.818201065063477
1747533965.0781,-1.6289119513242072,-3.9452181059560747,6.585359573364258
1747533965.1088846,-1.6886526681076286,-3.8817797178686217,4.968881607055664
1747533965.1247568,-1.7104526225553427,-3.8155139326109704,4.677534103393555
1747533965.139871,-1.7171314402233515,-3.761177899670159,4.749298095703125
1747533965.1567247,-1.7472886762396145,-3.696259365975824,4.760980606079102
1747533965.1703122,-1.751927181684654,-3.6517264571387344,4.941701889038086
1747533965.1961234,-1.755838710054624,-3.573387414252347,4.922628402709961
1747533965.2165265,-1.7991896122952622,-3.5043914013891917,4.869699478149414
1747533965.2382886,-1.815424215111732,-3.4429005052669956,6.625652313232422
1747533965.256012,-1.8221136671893274,-3.3754671841547768,4.908561706542969
1747533965.2761664,-1.8280241511046529,-3.3022623928750408,5.136966705322266
1747533965.2965846,-1.840948376930943,-3.2195535269043285,4.900693893432617
1747533965.3109798,-1.8405454312237985,-3.173475767083762,5.006313323974609
1747533965.3437407,-1.8441313246590865,-3.096626650473912,8.165836334228516
1747533965.3632622,-1.820428294368291,-3.0208165974709766,7.5836181640625
1747533965.3849483,-1.8185859686818535,-2.941629690926964,8.913993835449219
1747533965.4067564,-1.8217609545150637,-2.8733226360208866,5.819082260131836
1747533965.4295049,-1.8325470060076918,-2.7931896414459585,8.900642395019531
1747533965.4509954,-1.8278619867291608,-2.739229364050044,7.744073867797852
1747533965.4688525,-1.8310333612003442,-2.6417769515124525,5.8803558349609375
1747533965.4862094,-1.8330167207255053,-2.5750058708163492,5.8746337890625
1747533965.5103304,-1.8401382249840983,-2.5095866014626016,6.103038787841797
1747533965.528187,-1.8142949995958135,-2.4412216696025983,7.223367691040039
1747533965.5448227,-1.8049549174214972,-2.3701175944208464,4.993915557861328
1747533965.5634038,-1.8119021827267072,-2.2906850151709963,6.103038787841797
1747533965.5806599,-1.7848175784838074,-2.235249092551023,5.08570671081543
1747533965.600684,-1.774628017451125,-2.1616401465843587,5.335092544555664
1747533965.6247509,-1.7710455336175184,-2.082604125212402,6.498575210571289
1747533965.6461396,-1.7285447988179934,-2.0003286782865444,5.4187774658203125
1747533965.6613767,-1.712934723829778,-1.923295398497886,4.946708679199219
1747533965.6786149,-1.70332436839501,-1.8323428784003608,6.642580032348633
1747533965.6965153,-1.701175383511183,-1.7612560537077753,5.008697509765625
1747533965.7156584,-1.6344650252276194,-1.6856604856961073,4.999876022338867
1747533965.7359571,-1.6020377121740486,-1.6331704259764117,5.072593688964844
1747533965.7561,-1.5815831111295195,-1.573298852650461,5.394458770751953
1747533965.7775419,-1.549302920586988,-1.4841469018257707,6.714105606079102
1747533965.7935414,-1.526513299904545,-1.420366980609825,5.499124526977539
1747533965.8109353,-1.4969222446716337,-1.3530432680620195,5.078792572021484
1747533965.8307393,-1.4883859214210153,-1.3083187612852574,5.247592926025391
1747533965.850748,-1.447740484281998,-1.233376181068631,5.3310394287109375
1747533965.8710742,-1.4170669779248182,-1.170706619067916,5.428314208984375
1747533965.8964388,-1.3892913274035115,-1.1010485527660498,5.419731140136719
1747533965.9157481,-1.327703438528679,-1.0487602439056523,7.294178009033203
1747533965.9328506,-1.287775217753695,-0.9929186288049884,7.125616073608398
1747533965.9511206,-1.26160865102072,-0.9472539236704793,5.58924674987793
1747533965.971173,-1.1966237711596068,-0.8844073289798485,5.667448043823242
1747533965.9915357,-1.146358754787925,-0.822431400992217,5.785465240478516
1747533966.013942,-1.1148579413232818,-0.7819737520880656,7.398128509521484
1747533966.0311642,-1.0831587452564466,-0.7400306891481231,5.710124969482422
1747533966.0571315,-1.0147149201800005,-0.6748674565389919,5.862712860107422
1747533966.0727665,-0.9826129125027618,-0.6364452742708703,6.086111068725586
1747533966.0918558,-0.9414861702915468,-0.5979275844100788,5.751132965087891
1747533966.1114478,-0.8772987903389743,-0.5367257953159414,5.891561508178711
1747533966.133302,-0.8197178580273782,-0.48909438002005823,7.456541061401367
1747533966.1569293,-0.7656059075263818,-0.43372022774422603,5.622148513793945
1747533966.174409,-0.714941657624323,-0.3910708727682247,7.360935211181641
1747533966.1965342,-0.653461841405606,-0.34044736072102344,5.499124526977539
1747533966.2165182,-0.6058807554570844,-0.3062430283018284,5.327939987182617
1747533966.236693,-0.5405584357865822,-0.24550561507885965,5.177497863769531
1747533966.2563467,-0.4808516874966721,-0.20445990682891232,5.227804183959961
1747533966.2779388,-0.42806859507680434,-0.168131973431802,5.318403244018555
1747533966.2978654,-0.38200022251465265,-0.10453414665720949,5.170106887817383
1747533966.3164241,-0.3196859435192163,-0.047028600325680146,5.119085311889648
1747533966.3363807,-0.2642490986393754,-0.011009682118986192,5.4035186767578125
1747533966.3566332,-0.21504898748261803,0.013357600341211832,5.231380462646484
1747533966.376401,-0.16986007004333178,0.049220692515268255,5.091428756713867
1747533966.3998485,-0.10170801188376315,0.07733518587766247,5.66554069519043
1747533966.4253182,-0.032296559340147295,0.08981302467461945,11.049032211303711
1747533966.4520307,0.030492093972145338,0.14356722661684865,6.9122314453125
1747533966.4783041,0.11460677870316745,0.1934791659912052,5.876064300537109
1747533966.4968233,0.15814223640280922,0.21781797056822155,4.966974258422852
1747533966.518315,0.21692269967409486,0.23114300388743111,6.053924560546875
1747533966.538429,0.27890342271667007,0.24115632732403489,5.8727264404296875
1747533966.5600097,0.33116347849672145,0.2541134386261473,7.460594177246094
1747533966.5820518,0.38668396448179476,0.26521159234005154,5.125284194946289
1747533966.6004055,0.34693482463023895,0.27379442665397336,6.078481674194336
1747533966.6178465,0.32902448439263265,0.27460799141025444,4.988193511962891
1747533966.6372879,0.3789505081745598,0.2837811230657753,5.194425582885742
1747533966.6542666,0.4009180721244044,0.2878219093915681,5.837440490722656
1747533966.6782734,0.46837049330347635,0.2951037978977816,6.008386611938477
1747533966.6998641,0.5180246381820275,0.29754346632464745,4.913568496704102
1747533966.7238054,0.5833442969315786,0.2911330268591358,4.980564117431641
1747533966.7418983,0.6499364849256545,0.29019397126525376,5.380868911743164
1747533966.759904,0.6839190735030581,0.2921207118960866,4.8542022705078125
1747533966.776785,0.7162130388088699,0.2927781308091396,4.708290100097656
1747533966.7977886,0.8065531047914833,0.3086244066347573,6.554841995239258
1747533966.8169165,0.8666566660610712,0.3186402584772155,4.858970642089844
1747533966.8367612,0.9094372019720199,0.3226896961051917,5.171298980712891
1747533966.8567464,1.0031057606629323,0.31664670379922166,4.986047744750977
1747533966.8777099,1.0699306136993507,0.30849332330158974,5.000114440917969
1747533966.8984082,1.108641293393997,0.30252874755989,5.758047103881836
1747533966.9191723,1.1804140288750093,0.29368965622187976,4.87518310546875
1747533966.9397233,1.2369869015309622,0.28759704806869824,4.836559295654297
1747533966.9587739,1.2805501581878367,0.2837289661444098,5.342245101928711
1747533966.9766254,1.3141974280414757,0.2832571962507381,4.681825637817383
1747533966.9966235,1.4193639577631447,0.25529319421139285,4.9285888671875
1747533967.0189345,1.4819221921887205,0.23955876421080943,5.97071647644043
1747533967.0389051,1.5202886442984642,0.22583495557938715,5.8879852294921875
1747533967.0600882,1.5594873340536675,0.1949026503759181,4.708528518676758
1747533967.0814452,1.5851792044624329,0.17895843100083067,5.215883255004883
1747533967.1040225,1.6163419097027778,0.15836536509974797,4.980802536010742
1747533967.1345792,1.6910248504426355,0.12371736910071021,10.026931762695312
1747533967.1518838,1.7416841252416018,0.09955294792252413,5.358457565307617
1747533967.1655455,1.7851506859437696,0.08296335827021747,4.511117935180664
1747533967.1836128,1.8425076397860012,0.05395789607829881,4.673242568969727
1747533967.1989744,1.8876067333173567,0.035743883992923525,4.508018493652344
1747533967.2167444,1.9224130658809968,0.022566891799217493,4.696130752563477
1747533967.2360222,1.9519862851960237,0.008718531729395034,4.677295684814453
1747533967.2560833,2.0101696589547973,-0.02865626040540309,4.565954208374023
1747533967.2781007,2.058791531537379,-0.060703351307571075,6.699085235595703
1747533967.2981155,2.1023768753320655,-0.08645261559236721,6.729602813720703
1747533967.3185687,2.1399323362012135,-0.13025468693780184,5.610466003417969
1747533967.3369353,2.169247990809775,-0.16421323106547953,4.864692687988281
1747533967.3583927,2.196386508313792,-0.19191433558367627,6.746768951416016
1747533967.3804119,2.2220881665711567,-0.2150502472112383,5.867481231689453
1747533967.3980386,2.273477623812033,-0.24834875391904376,5.212068557739258
1747533967.4133387,2.302631953538592,-0.2700775874396006,5.677461624145508
1747533967.4382558,2.3424017860373585,-0.296532330582795,5.377531051635742
1747533967.4558737,2.373010919220549,-0.3350242851899614,5.2700042724609375
1747533967.4712625,2.3918627302846764,-0.35818315540948326,5.336523056030273
1747533967.491258,2.41659202897677,-0.38157839771371904,5.212306976318359
1747533967.5127416,2.4519781679714048,-0.4337962470716053,6.944894790649414
1747533967.538552,2.498673101300527,-0.47948225996672106,6.930112838745117
1747533967.5593014,2.523540181557944,-0.5087265974146686,7.261753082275391
1747533967.5785873,2.5633782974015658,-0.5458245532682852,5.318164825439453
1747533967.5954704,2.5965573651553067,-0.5745318293850248,5.402088165283203
1747533967.6139393,2.620194447270829,-0.5985128894369361,7.1430206298828125
1747533967.6329975,2.6345483139753627,-0.6213818619046806,7.14421272277832
1747533967.6529355,2.677103069709494,-0.6775142663764672,7.169008255004883
1747533967.6718872,2.704745250835141,-0.7292123396459549,5.812168121337891
1747533967.6992078,2.7321802908488357,-0.7760495530852128,7.355690002441406
1747533967.723305,2.735214882706658,-0.833558146941309,7.482290267944336
1747533967.7410824,2.732110138591224,-0.8814282746617891,5.511760711669922
1747533967.7572103,2.725462183120181,-0.9205864370376664,5.518198013305664
1747533967.7769704,2.726733816810567,-0.9571327101852714,5.523681640625
1747533967.7984447,2.73367566849765,-0.9870705236581137,6.036520004272461
1747533967.8171968,2.7580318083191075,-1.0370620983997454,5.353689193725586
1747533967.8397205,2.7692381677948403,-1.0836376051930812,5.755424499511719
1747533967.8592172,2.772266613541986,-1.0980304949719772,5.380153656005859
1747533967.8798594,2.799050436128684,-1.168878547656978,5.574226379394531
1747533967.900031,2.81315647162189,-1.215492120053007,5.558013916015625
1747533967.9191253,2.8222857024884256,-1.2519861491841686,4.981040954589844
1747533967.9375346,2.834842324387518,-1.3102901117952737,4.940986633300781
1747533967.9580846,2.8362196989222683,-1.3617871438065503,4.911661148071289
1747533967.977089,2.833723088232171,-1.3989904614762168,8.980035781860352
1747533967.9931984,2.8304402725074604,-1.4385255310068192,5.741119384765625
1747533968.0172606,2.830575331077463,-1.502714661574143,4.669427871704102
1747533968.0315506,2.8272147194065718,-1.5369894166275269,4.640102386474609
1747533968.0514998,2.8278197016302653,-1.577136706227453,5.051374435424805
1747533968.0713894,2.822398384665031,-1.6369208823815264,4.663944244384766
1747533968.093355,2.81319053707375,-1.6847917426285122,6.282329559326172
1747533968.115763,2.8035251492375064,-1.7299243326994487,4.656553268432617
1747533968.1359398,2.8035566211514245,-1.7885258798134454,4.627704620361328
1747533968.1503477,2.8029386948199004,-1.8258084279045554,4.861593246459961
1747533968.1754963,2.799446815025076,-1.874854166268035,4.526376724243164
1747533968.190373,2.7941625536568067,-1.8981785852198514,4.676103591918945
1747533968.2105503,2.7614784444433638,-1.9423596671882881,4.557371139526367
1747533968.237851,2.739423211921026,-1.9939275326974732,5.941867828369141
1747533968.2613647,2.7219954131577184,-2.03111583625781,6.000995635986328
1747533968.2799878,2.711477936751146,-2.0995192007058234,4.815578460693359
1747533968.298281,2.7153969860851377,-2.1482774403725773,4.884004592895508
1747533968.318162,2.7247429636058142,-2.19904147299645,4.870176315307617
1747533968.3374953,2.6688201885254994,-2.217160088185665,5.509138107299805
1747533968.362147,2.6228521343292313,-2.2302876855323372,6.864070892333984
1747533968.3824031,2.611334984087566,-2.260594742963836,5.598306655883789
1747533968.4035354,2.632743929829397,-2.3688397023961882,5.173444747924805
1747533968.4232392,2.6512442833354344,-2.439068246946106,8.511781692504883
1747533968.440721,2.6459910143728678,-2.5017712819512243,4.685401916503906
1747533968.455756,2.6498612703608404,-2.5370423504971042,5.117177963256836
1747533968.4767826,2.6127456355786025,-2.6061517863385952,4.847288131713867
1747533968.4992774,2.5996797273887218,-2.6490113734116143,5.204916000366211
1747533968.5245986,2.621829843989472,-2.728509769557569,6.333827972412109
1747533968.5433452,2.6393171768090795,-2.7899068688814586,6.239175796508789
1747533968.5670388,2.653885423602365,-2.8411109008097313,7.169961929321289
1747533968.5939705,2.642369141242321,-2.909964233487698,6.665945053100586
1747533968.6128862,2.6399134881173443,-2.9798682914650945,7.470607757568359
1747533968.6278548,2.6415693776532208,-3.0451669146399287,4.931926727294922
1747533968.643779,2.635867314064782,-3.0928370721938547,5.751609802246094
1747533968.6611133,2.6431907062097033,-3.1772494050450875,4.922389984130859
1747533968.6790178,2.66773735738715,-3.2430211197047787,5.977392196655273
1747533968.6963305,2.692960244512313,-3.291701939778372,4.780054092407227
1747533968.7196743,2.715129868600536,-3.3301494675607004,7.05409049987793
1747533968.7369888,2.7275398435953675,-3.396833862693932,5.0678253173828125
1747533968.7570136,2.746886471830623,-3.45678467188775,5.347967147827148
1747533968.7766335,2.761349472634665,-3.500953487992971,4.966020584106445
1747533968.796749,2.8081982276353505,-3.5690466979722704,4.952907562255859
1747533968.8122258,2.840790948723938,-3.6247448941116076,4.991292953491211
1747533968.836957,2.862212511777611,-3.666442814130888,5.542516708374023
1747533968.8583975,2.914412333452512,-3.7471932310751677,5.623102188110352
1747533968.8771384,2.9684389523303656,-3.8142020065679487,4.7817230224609375
1747533968.8967214,2.998737729244479,-3.8555339543735476,4.783391952514648
1747533968.9204938,3.041229585076599,-3.9462181848410345,4.860639572143555
1747533968.9377208,3.06609068396793,-4.00262961174761,4.8656463623046875
1747533968.9573023,3.0802500793346135,-4.041525771923086,5.557060241699219
1747533968.9800835,3.094361767531652,-4.069478019679926,5.081653594970703
1747533968.9986384,3.1667794079645906,-4.149975526004103,5.435705184936523
1747533969.0156546,3.1932477900784275,-4.191999908649918,5.071163177490234
1747533969.0317793,3.2158852248710073,-4.2241072986087,5.051136016845703
1747533969.0586932,3.2558398437322458,-4.3071311576924725,5.498170852661133
1747533969.0748265,3.275151356364365,-4.342817021513521,5.898237228393555
1747533969.0981264,3.297213460971188,-4.3836323992035675,5.637168884277344
1747533969.1203406,3.3575455388684516,-4.448395802625794,4.855632781982422
1747533969.1366315,3.3738954911228793,-4.469088812224812,4.872560501098633
1747533969.1566122,3.397026748903249,-4.507972107863465,4.85682487487793
1747533969.1764123,3.4100173301801684,-4.537039490493301,4.9285888671875
1747533969.1984909,3.4117552180949327,-4.59196579023326,5.820751190185547
1747533969.2166784,3.413594086370903,-4.63827144606742,4.952669143676758
1747533969.234612,3.415810182666781,-4.669463109643128,7.200002670288086
1747533969.2580006,3.437897977901695,-4.721093016916624,5.513429641723633
1747533969.2751236,3.448739852659175,-4.743936506297136,7.735252380371094
1747533969.2995389,3.4956228491177557,-4.828910524026631,6.051063537597656
1747533969.4504402,3.5386769436277223,-5.17112446907131,6.78706169128418
1747533969.467751,3.5146654556854666,-5.221178874316482,5.682706832885742
1747533969.4852548,3.5172860422727936,-5.301129541909386,5.518198013305664
1747533969.5029974,3.5085648326159866,-5.348115452317418,5.721569061279297
1747533969.5192366,3.4946299083767123,-5.391042185750194,5.518198013305664
1747533969.5394928,3.4810077479929684,-5.422759558518636,6.061315536499023
1747533969.5596182,3.47115627604201,-5.470867450401102,5.920648574829102
1747533969.5784993,3.4554106426762217,-5.521981396957858,6.533384323120117
1747533969.5978649,3.447235866558871,-5.551612592984845,5.970239639282227
1747533969.618621,3.439377165285789,-5.616411928332902,6.567239761352539
1747533969.6370313,3.4193993533036386,-5.657456643569951,5.688667297363281
1747533969.6554773,3.390984512306601,-5.700163692387232,5.133152008056641
1747533969.6759994,3.37968104645429,-5.7498681097610405,5.218505859375
1747533969.6959229,3.356178823200587,-5.78620928613052,5.11622428894043
1747533969.7162578,3.3268655546399875,-5.818600397529649,5.228996276855469
1747533969.7304006,3.3017428341704624,-5.836112673764333,4.973411560058594
1747533969.7562873,3.295447529740042,-5.904207649781086,4.984855651855469
1747533969.7760115,3.292255375417655,-5.9411920561738585,4.870891571044922
1747533969.7987719,3.2873225680067084,-5.960419086817158,6.645441055297852
1747533969.823833,3.257901181632764,-6.010291873936582,4.980802536010742
1747533969.8555765,3.2380992653134797,-6.037547015429661,8.237361907958984
1747533969.880482,3.22417649431558,-6.0728367126730785,6.490468978881836
1747533969.8982112,3.207665697550238,-6.091323971231785,5.128383636474609
1747533969.9161792,3.1819868576510904,-6.107412744815125,5.051136016845703
1747533969.9362743,3.1282351824596417,-6.1410486990668645,5.062580108642578
1747533969.9561949,3.0595355271938294,-6.175017888822602,4.976034164428711
1747533969.976298,3.012747058436667,-6.195825140426783,4.94694709777832
1747533969.997827,2.9300083146770364,-6.234313509419998,5.111217498779297
1747533970.0168853,2.8922658421836784,-6.256830746009725,5.035400390625
1747533970.034776,2.874700355701211,-6.266210872357609,4.925012588500977
1747533970.0580015,2.826572467154666,-6.282601779877025,5.54347038269043
1747533970.0763621,2.775322420227195,-6.302428869851868,5.216121673583984
1747533970.095771,2.7001810880211794,-6.32088739730203,4.876136779785156
1747533970.1196363,2.6474589486866105,-6.331612622995731,7.020711898803711
1747533970.1381505,2.6120341068574455,-6.353236293422244,5.574226379394531
1747533970.1548758,2.5564306678909547,-6.374510016475558,6.022930145263672
1747533970.1800044,2.4894879583150247,-6.392342019504264,7.353544235229492
1747533970.1967385,2.4193621079700787,-6.406300933993155,4.789829254150391
1747533970.216074,2.3509241160743697,-6.4208486226984345,4.792690277099609
1747533970.2368855,2.312059129658087,-6.429868242794365,4.886388778686523
1747533970.2587194,2.254522408311755,-6.434466427379547,5.247354507446289
1747533970.2790585,2.199554557475314,-6.4399497903935625,4.910707473754883
1747533970.3012156,2.1736810257805854,-6.445476285124184,5.424022674560547
1747533970.3192115,2.138327324822511,-6.455201641886192,4.633665084838867
1747533970.336347,2.1072173693565346,-6.460038350282747,4.79435920715332
1747533970.3568888,2.074805992424568,-6.464819418342297,4.996776580810547
1747533970.3783498,2.0236332035106037,-6.478862047036263,7.242679595947266
1747533970.3949122,1.9974640488488984,-6.485593558301502,6.0272216796875
1747533970.4171898,1.9455787021712365,-6.496488243274344,4.922389984130859
1747533970.4398181,1.8829263037343393,-6.514559170858315,6.290674209594727
1747533970.4620104,1.8436963007088183,-6.522117426266961,5.29170036315918
1747533970.4804447,1.805400497339324,-6.526706218173218,6.5250396728515625
1747533970.4992585,1.7485556964678917,-6.521724703141736,5.529165267944336
1747533970.520527,1.672957682585867,-6.518377436588177,5.757570266723633
1747533970.5409174,1.6157430141323033,-6.517435665626462,5.628108978271484
1747533970.5593722,1.5475124461243126,-6.520975197693225,6.819248199462891
1747533970.576161,1.4440317175648205,-6.52448749841739,4.846334457397461
1747533970.5957124,1.3398080184615018,-6.527836152743814,4.7130584716796875
1747533970.6172915,1.2733456054312968,-6.530080146639217,4.74095344543457
1747533970.6316066,1.2408500610442204,-6.533938318180214,4.699468612670898
1747533970.656221,1.1871620119104986,-6.53470820210014,4.706144332885742
1747533970.6738756,1.1618478632540137,-6.537039814248424,6.394386291503906
1747533970.69611,1.1303481117785024,-6.5222233300905845,4.694461822509766
1747533970.7159874,1.117851509150047,-6.5129286529997605,4.58979606628418
1747533970.738504,1.099163325091477,-6.507676457538112,6.899356842041016
1747533970.7555776,1.029126936910535,-6.489481048125033,4.708051681518555
1747533970.7766573,0.9737328065055109,-6.476687792888805,4.828691482543945
1747533970.796429,0.9294810581077383,-6.471016769441274,4.689693450927734
1747533970.816301,0.8854990304931754,-6.465486504473253,4.806756973266602
1747533970.8344653,0.8389221231186268,-6.453467343879596,6.012439727783203
1747533970.856299,0.7581705519276075,-6.435293447279799,4.816770553588867
1747533970.8764231,0.7101460835019102,-6.426489684886233,4.865407943725586
1747533970.9033833,0.6560714588868736,-6.382922601250162,7.947444915771484
1747533970.923593,0.6059809922803319,-6.34675063653161,6.164073944091797
1747533970.9423447,0.5516843572731973,-6.326159566800445,5.215644836425781
1747533970.9575453,0.508358143682079,-6.302877667256558,5.021095275878906
1747533970.9762416,0.4449134473599319,-6.276545988499266,4.977941513061523
1747533970.998834,0.40703363598723535,-6.262117463915233,7.355928421020508
1747533971.0169845,0.39628402667968987,-6.223818340365729,5.031585693359375
1747533971.0382082,0.39959638532335917,-6.18830276686259,6.869077682495117
1747533971.059851,0.37649860001767343,-6.163714793741015,4.90570068359375
1747533971.0765262,0.3379949169618699,-6.1479075139214086,5.022287368774414
1747533971.0971344,0.34012629878782363,-6.112853053576127,5.188703536987305
1747533971.1166537,0.32952694482762984,-6.080760672343095,5.0106048583984375
1747533971.131074,0.33157653216039557,-6.066038319087064,5.344629287719727
1747533971.1572618,0.2822494110096248,-6.014403309497777,5.081653594970703
1747533971.1760533,0.25107009001721825,-5.986925732283875,5.111217498779297
1747533971.190921,0.2360072983765378,-5.976943462140646,5.122900009155273
1747533971.216532,0.18692244980747202,-5.919525093300495,5.23066520690918
1747533971.2385354,0.15965699690480603,-5.8817442680099115,6.946086883544922
1747533971.264472,0.13343979682957754,-5.861478689781574,5.624055862426758
1747533971.2834585,0.06921950088228374,-5.796526907394661,5.48243522644043
1747533971.302073,0.03382669836319325,-5.763614276710638,5.532264709472656
1747533971.3186224,0.004357051374736085,-5.737419149926176,5.678415298461914
1747533971.3348324,0.0043065437964398745,-5.73343163460904,5.782842636108398
1747533971.3530579,-0.09241828149012314,-5.686313461485883,7.639408111572266
1747533971.373997,-0.16594239656882423,-5.650515700198797,8.107185363769531
1747533971.3924828,-0.219390042979881,-5.620912607514318,6.476640701293945
1747533971.4185972,-0.28988303197490883,-5.5593860096252925,6.4716339111328125
1747533971.4371614,-0.34072898706992377,-5.514632162046631,6.27446174621582
1747533971.4590514,-0.368123422030887,-5.487579201574315,6.257295608520508
1747533971.4759579,-0.3945850457805063,-5.453143163838609,6.53076171875
1747533971.4987566,-0.42830141251700293,-5.402739057500712,6.415843963623047
1747533971.5168517,-0.4771765882146122,-5.3500044547623276,5.781888961791992
1747533971.5366936,-0.5165286457731689,-5.315298640369557,5.708217620849609
1747533971.555951,-0.5383374279498158,-5.280798670689122,10.483980178833008
1747533971.5764322,-0.6069686735207858,-5.217362706370335,5.439996719360352
1747533971.5965953,-0.6436599581648997,-5.179789135663209,5.333423614501953
1747533971.611484,-0.6672749923375543,-5.150821749795518,5.36346435546875
1747533971.6380045,-0.777525074453152,-5.0899436770684385,5.654335021972656
1747533971.6585057,-0.8495434416027597,-5.0478602857748225,5.311250686645508
1747533971.678513,-0.890013029428704,-5.009361893354667,6.900310516357422
1747533971.6957965,-0.9158178621268263,-4.971241229698411,4.940032958984375
1747533971.7158296,-0.9832327001318888,-4.909703537060033,4.799127578735352
1747533971.738446,-1.0264606499437288,-4.868817822431883,5.931377410888672
1747533971.7619507,-1.0484297066902437,-4.84176810249419,6.879568099975586
1747533971.782132,-1.113257788939459,-4.77796921164543,5.558967590332031
1747533971.8031461,-1.1473828884190536,-4.716004709456316,5.589723587036133
1747533971.8186164,-1.1687454063568004,-4.657309441639689,4.857063293457031
1747533971.8361602,-1.262667299124793,-4.594331594112564,5.286693572998047
1747533971.8620427,-1.3004052425667225,-4.525425078874675,8.05211067199707
1747533971.8811777,-1.3223063823670376,-4.467382963530284,4.7588348388671875
1747533971.9009414,-1.4120406415217446,-4.399069854992423,6.858348846435547
1747533971.9260614,-1.4498616380794223,-4.331529553396737,6.571054458618164
1747533971.946874,-1.468319876988551,-4.269130431140438,7.097721099853516
1747533971.970433,-1.5420025392111123,-4.2159793974249204,9.051084518432617
1747533971.991456,-1.576761075359529,-4.145678139863832,8.331537246704102
1747533972.010845,-1.5901107886734276,-4.086102566955872,6.725072860717773
1747533972.024477,-1.6022811124755127,-4.037670631466964,4.618406295776367
1747533972.039244,-1.6639522854881987,-3.9872805406069407,4.543304443359375
1747533972.0580428,-1.6835455508035615,-3.9086196651083607,4.94837760925293
1747533972.074229,-1.690961643671031,-3.867396401220457,6.649017333984375
1747533972.0956342,-1.7427090959041032,-3.7846450936459233,4.8065185546875
1747533972.1165388,-1.7615265032530663,-3.7189950990608764,4.942893981933594
1747533972.1363115,-1.7687385515384766,-3.6626430693130483,4.92095947265625
1747533972.1559834,-1.7734221008606381,-3.6051723495466663,4.793405532836914
1747533972.1762578,-1.811168978105792,-3.5390961000837557,4.93311882019043
1747533972.198692,-1.8332200597030375,-3.473833761961952,6.640195846557617
1747533972.2182407,-1.8533711455347857,-3.412124643304113,5.890607833862305
1747533972.2394524,-1.8565122915605465,-3.340713083953141,6.355047225952148
1747533972.26358,-1.860795421306079,-3.2833899074214297,6.404876708984375
1747533972.283584,-1.8765985064605757,-3.194655797171556,5.564212799072266
1747533972.3029056,-1.8632647945414182,-3.1186340088994746,6.302833557128906
1747533972.3187644,-1.8696011819614788,-3.0454143804121445,5.6438446044921875
1747533972.3345003,-1.8770171578466095,-3.0012871056692214,5.625486373901367
1747533972.3590112,-1.8703894125027691,-2.89620157904476,6.350994110107422
1747533972.378674,-1.875375263101531,-2.8434270041071614,7.479429244995117
1747533972.398682,-1.8974598015847854,-2.7619093441544167,6.265878677368164
1747533972.4188159,-1.9175125227078036,-2.693699167190596,6.134271621704102
1747533972.4434955,-1.8891285517105083,-2.6453973310854044,7.637739181518555
1747533972.4710436,-1.8734334543884528,-2.5573355488746654,7.397651672363281
1747533972.4907918,-1.8596364625791035,-2.4683562920155033,6.468772888183594
1747533972.514971,-1.8589601287003015,-2.392560646341198,8.04281234741211
1747533972.5313294,-1.858976085325235,-2.323494921897687,6.755590438842773
1747533972.5470707,-1.8621949276548748,-2.261915117147892,6.727457046508789
1747533972.562131,-1.8317064646166255,-2.187803169950605,5.13911247253418
1747533972.5772238,-1.819486065802396,-2.1317263294829836,5.147695541381836
1747533972.5967848,-1.8120869797770003,-2.044261426394754,5.130529403686523
1747533972.6159406,-1.8172641385344575,-1.9805634096535216,5.083560943603516
1747533972.638606,-1.8156705952140884,-1.922525726963791,7.297039031982422
1747533972.6584387,-1.757363403302454,-1.8436722816545934,5.939245223999023
1747533972.6766622,-1.7344793651419566,-1.7705783151038075,5.172014236450195
1747533972.6963098,-1.725263835559328,-1.714989473177251,5.550384521484375
1747533972.7180965,-1.6886792277424307,-1.6509435089752489,5.823373794555664
1747533972.7345834,-1.6666735903928362,-1.607690234382586,6.085872650146484
1747533972.7565823,-1.644541754645238,-1.538013041941288,5.105018615722656
1747533972.7789044,-1.632713268732921,-1.4882631468789271,5.90062141418457
1747533972.7996318,-1.5792002681778161,-1.4084748384090229,6.0882568359375
1747533972.8205214,-1.5549316200836416,-1.3402266730882795,5.344629287719727
1747533972.8425598,-1.5420525264132363,-1.2781830926108817,5.889892578125
1747533972.8636127,-1.4687884582947488,-1.2186665853039649,5.202293395996094
1747533972.879695,-1.4212050027771734,-1.1611945899692273,5.248546600341797
1747533972.8978539,-1.3875477632410345,-1.1022972764397019,5.455732345581055
1747533972.9170766,-1.3203257077800774,-1.0453923475995168,5.467653274536133
1747533972.9373932,-1.2740843377386493,-0.9908128348973732,5.93876838684082
1747533972.9571507,-1.2332722945648296,-0.9424161462537796,5.713939666748047
1747533972.9789255,-1.2113011016025712,-0.8980582976689191,7.270574569702148
1747533973.0009236,-1.1595819399709018,-0.826451510679956,6.487607955932617
1747533973.0206716,-1.1210957478824362,-0.778287842808225,5.823850631713867
1747533973.0415661,-1.0929476242092662,-0.7391579505539323,5.628108978271484
1747533973.0648065,-1.0302202897220156,-0.683523956295298,5.629301071166992
1747533973.082822,-0.9770118024549467,-0.6309322730462394,7.651329040527344
1747533973.099316,-0.9507230415252474,-0.5966320380613644,5.97381591796875
1747533973.1163707,-0.8853575001624334,-0.5285941437174639,5.58018684387207
1747533973.1367602,-0.8409567571546152,-0.48394038828246133,5.72514533996582
1747533973.158577,-0.8039146544720542,-0.4488234416754608,7.2174072265625
1747533973.1785467,-0.7575102371371876,-0.3825116157886667,7.234811782836914
1747533973.1970978,-0.7102887796794033,-0.3275633387433234,5.52058219909668
1747533973.2166367,-0.6568413055706364,-0.28303968422602344,5.486249923706055
1747533973.2367158,-0.6198847830304018,-0.2530851970933527,5.67173957824707
1747533973.2587042,-0.5470499118425483,-0.1892648244518239,6.251811981201172
1747533973.277136,-0.49355145589766486,-0.14447113916273296,4.992961883544922
1747533973.2988577,-0.4576271355316571,-0.11604849618594487,5.586385726928711
1747533973.318315,-0.39171224760327866,-0.07512876791285228,5.7697296142578125
1747533973.336793,-0.33640488771083155,-0.04693315181104526,5.159854888916016
1747533973.3574378,-0.2846845341383094,-0.02512359817384683,5.3501129150390625
1747533973.3788602,-0.2166127927259443,0.013218883545596707,6.857633590698242
1747533973.3966243,-0.16075073836927817,0.03562963102385181,5.263328552246094
1747533973.417143,-0.11770254611449378,0.05228402700516633,5.049228668212891
1747533973.4397297,-0.06169585598963343,0.09622412862438011,5.223751068115234
1747533973.4639056,-0.009645976357950906,0.12309419419025476,7.764339447021484
1747533973.4835248,0.04435312931943583,0.13978318897929187,5.227088928222656
1747533973.50042,0.09841373438770767,0.15425111977080563,4.959821701049805
1747533973.5190058,0.14131615507345427,0.1731559679391027,6.008386611938477
1747533973.535357,0.15571183967659805,0.17587832611965534,5.0411224365234375
1747533973.5597599,0.21361147740906244,0.18377737145123318,7.245063781738281
1747533973.5770547,0.22813435419841532,0.19787468424390445,4.8847198486328125
1747533973.596393,0.2370249853193407,0.2028694530383615,4.864692687988281
1747533973.61745,0.26599843282451924,0.2100322145657807,5.0067901611328125
1747533973.6387246,0.3655437834537102,0.2101646103737446,5.409955978393555
1747533973.6584904,0.4364622503475738,0.21957205491117482,5.217313766479492
1747533973.6745887,0.47548299832256374,0.22533767849277603,6.662607192993164
1747533973.695903,0.5222822596726484,0.22978883606090164,4.904508590698242
1747533973.7181334,0.5801724696747387,0.23860330093843035,5.695581436157227
1747533973.738132,0.6260416263794646,0.2492316532074957,6.9370269775390625
1747533973.7597637,0.6705146218438295,0.2578899675787717,7.515907287597656
1747533973.7784135,0.7176790148079789,0.2642346429932117,4.977703094482422
1747533973.7976792,0.769655390638971,0.2720978840318305,5.223274230957031
1747533973.8178375,0.8757586574285982,0.2767857625130395,5.100488662719727
1747533973.8356636,0.9498906479435173,0.2796341660169043,4.678249359130859
1747533973.8563569,1.0051999528062017,0.28136915097744003,5.448102951049805
1747533973.8710632,1.0980784605763745,0.2616577678878041,4.689455032348633
1747533973.8966544,1.1785159552742486,0.24815688997607852,5.209445953369141
1747533973.918462,1.2263257302921353,0.24197695758820748,6.833553314208984
1747533973.938526,1.3033204291318108,0.22691446905526194,6.491899490356445
1747533973.9578922,1.3566222749116936,0.2132908690506673,6.4258575439453125
1747533973.9770534,1.3924372572857795,0.20292520112675566,4.894256591796875
1747533973.9973428,1.4569222270425242,0.18639870359184232,5.830287933349609
1747533974.0165765,1.5237641827396748,0.17997607739664628,4.719257354736328
1747533974.038106,1.5594002558762907,0.1765921143806609,6.787538528442383
1747533974.05883,1.605543880956688,0.14343844617959753,4.659414291381836
1747533974.078035,1.6587562691323783,0.10329209117286366,6.835222244262695
1747533974.096069,1.6916359239985712,0.07473613107365723,4.500389099121094
1747533974.1162121,1.7175817753331055,0.053565329952350936,4.972219467163086
1747533974.1388853,1.7800879241342586,0.017825779140295647,5.585432052612305
1747533974.1557207,1.8228179433199982,-0.003627910606130321,4.543542861938477
1747533974.175645,1.8866323186603826,-0.04007939783985288,4.628658294677734
1747533974.1977003,1.9207558405174876,-0.08974364155955551,6.33692741394043
1747533974.2160454,1.9678223334120435,-0.11685394978263787,4.8847198486328125
1747533974.2359765,2.01166193555285,-0.14157358246049942,5.021095275878906
1747533974.258504,2.015400288060874,-0.19643384071345904,6.412506103515625
1747533974.2758906,2.0337543144564796,-0.24391908512535873,4.771709442138672
1747533974.2961705,2.039860397343174,-0.2750284248117948,5.239248275756836
1747533974.3186874,2.050825721108619,-0.30077308043356094,6.109952926635742
1747533974.3371322,2.0760269261286215,-0.34174045202681635,5.716085433959961
1747533974.4909968,2.3154172878236157,-0.5884040761897971,10.55598258972168
1747533974.510706,2.36084020195335,-0.6201505475214949,8.916616439819336
1747533974.5329762,2.414681061183554,-0.6721316606476035,6.710290908813477
1747533974.5555253,2.4505220886557435,-0.7207810855800307,8.656740188598633
1747533974.5781362,2.471395789409379,-0.7535663260691696,7.184743881225586
1747533974.6022766,2.5432154366289983,-0.8181890625192736,6.324291229248047
1747533974.6214223,2.568223433133576,-0.839292411632004,6.224155426025391
1747533974.639878,2.586478351145538,-0.8581185716496124,6.453037261962891
1747533974.6571333,2.60744984432779,-0.9211439130699957,5.478858947753906
1747533974.6791697,2.622756921840047,-0.9773297422563921,7.989645004272461
1747533974.702343,2.629151160972031,-1.0107093105864338,7.931947708129883
1747533974.7248862,2.6673606770538614,-1.057569478716642,6.61015510559082
1747533974.7444642,2.693211592267383,-1.110723711861727,6.036520004272461
1747533974.7671795,2.6975127191069537,-1.1499864529569532,7.591962814331055
1747533974.7928984,2.730065330149899,-1.2361850938678842,7.08770751953125
1747533974.8199666,2.7512121938259226,-1.2824954300583973,5.849361419677734
1747533974.8375633,2.762726750046198,-1.3110593151842114,5.458831787109375
1747533974.8601227,2.7832080014053395,-1.3684652296877067,4.813671112060547
1747533974.8775167,2.7942023518463146,-1.409483048747568,4.795551300048828
1747533974.8935125,2.8036670307882017,-1.4517652571817363,6.555080413818359
1747533974.9141269,2.8034759638782507,-1.5049065929390375,6.243705749511719
1747533974.937019,2.806274393336726,-1.5570255611795718,5.108118057250977
1747533974.9563415,2.804754606808447,-1.5895719920665468,4.635810852050781
1747533974.9773903,2.8063588533739745,-1.646854026069005,5.017518997192383
1747533974.9965496,2.793184111000004,-1.7015973668924405,4.789829254150391
1747533975.0154164,2.7847590426146747,-1.741075849273613,4.524469375610352
1747533975.036121,2.7793910917672386,-1.7737129189330412,4.54258918762207
1747533975.0554602,2.7747082437949233,-1.8059372756048735,4.536151885986328
1747533975.076446,2.816667960025112,-1.8566748093757743,4.627227783203125
1747533975.095326,2.8344949490032567,-1.9047880694727477,4.56547737121582
1747533975.1155536,2.8402997879245206,-1.9359115383951526,4.460334777832031
1747533975.1381223,2.8401488810824067,-1.9655800109211057,5.467653274536133
1747533975.155652,2.804228801814212,-2.0113474201363113,4.574060440063477
1747533975.1718106,2.7864921092263844,-2.0401724910632,6.488323211669922
1747533975.1917727,2.7801069564974523,-2.083510306757755,6.318807601928711
1747533975.216058,2.767802407983363,-2.1507726894213963,4.773616790771484
1747533975.2384837,2.77569282557387,-2.2067252640392216,5.666017532348633
1747533975.2555335,2.7913199129373445,-2.2683501239056274,4.805564880371094
1747533975.2783382,2.7459061744062017,-2.313600600642968,6.48188591003418
1747533975.2958486,2.734954689444154,-2.3601423794231557,4.9877166748046875
1747533975.3158112,2.7442171109809794,-2.4117597328825666,4.795551300048828
1747533975.3314648,2.752848431671765,-2.448665066104482,5.554914474487305
1747533975.3574255,2.7385771722636405,-2.5173155038960084,5.422353744506836
1747533975.377877,2.7363494459882896,-2.5690845561568,5.109548568725586
1747533975.396468,2.7421056387126965,-2.610253579990796,5.336523056030273
1747533975.4148567,2.732334685163977,-2.674792948724346,5.034685134887695
1747533975.4368281,2.7360378135382577,-2.7435154408372076,5.975484848022461
1747533975.4583368,2.7384506638922144,-2.7877320140629704,6.675243377685547
1747533975.4758368,2.739078129487692,-2.848674952997857,4.804849624633789
1747533975.4962006,2.7523642387231684,-2.922199494852606,5.093574523925781
1747533975.5164678,2.7623522606174915,-2.972945825555163,5.012035369873047
1747533975.5385368,2.762460542633636,-3.058541652186923,6.120443344116211
1747533975.555035,2.7714286453903947,-3.110275710259756,5.510807037353516
1747533975.576761,2.7898133863490706,-3.172574181827754,5.045413970947266
1747533975.5964403,2.80191477678589,-3.2152738512158776,4.986047744750977
1747533975.615679,2.83721942129173,-3.2722095722116755,6.142854690551758
1747533975.6370842,2.8653430118518717,-3.340532404454787,5.034685134887695
1747533975.6546235,2.878766316645197,-3.3722264876062837,6.0863494873046875
1747533975.6759987,2.9063772579959624,-3.4556876130766834,4.836320877075195
1747533975.6959746,2.9363785400120683,-3.5197496097759524,4.8160552978515625
1747533975.716146,2.9586407373008594,-3.5711455876259253,4.8809051513671875
1747533975.735941,2.979696682579163,-3.6444455032743783,4.829168319702148
1747533975.7558484,3.0291997373707957,-3.7160348750451027,4.787206649780273
1747533975.7782927,3.0682557806793844,-3.770945989680392,6.941556930541992
1747533975.799152,3.1004782168359206,-3.8417074015893458,5.592107772827148
1747533975.822936,3.1321091272191626,-3.900600536535082,5.412817001342773
1747533975.8407996,3.1592428613216303,-3.942622789083949,4.757404327392578
1747533975.8551726,3.1769796656748333,-3.9633355990802754,4.786252975463867
1747533975.8764193,3.2151894210828953,-4.0436905404283525,4.904270172119141
1747533975.8948643,3.235282504815888,-4.076875560169576,8.345365524291992
1747533975.9162703,3.2662415681188537,-4.116914457789798,4.704952239990234
1747533975.9376779,3.308528820547744,-4.171273288890486,5.125761032104492
1747533975.9572117,3.3417723163928628,-4.215995433738071,4.800319671630859
1747533975.9786556,3.3631778453054166,-4.244013777922325,5.861520767211914
1747533975.9973783,3.381887202245489,-4.320948573858524,4.7206878662109375
1747533976.0197449,3.406960172126648,-4.380203388739132,5.4950714111328125
1747533976.0364118,3.430592440872961,-4.414725141808974,4.783868789672852
1747533976.05631,3.458095439161536,-4.460249346852701,4.609107971191406
1747533976.0777864,3.491605663418385,-4.528082186148667,6.263017654418945
1747533976.0957813,3.5058970779615675,-4.576214037733783,4.653692245483398
1747533976.1181407,3.5260700154044953,-4.614877548965954,6.640434265136719
1747533976.1361854,3.5391174789827113,-4.681715524303668,5.348682403564453
1747533976.1556818,3.5520749867312746,-4.743771556843867,4.947662353515625
1747533976.177907,3.56286234014306,-4.792799905557579,6.710529327392578
1747533976.198536,3.5797176817101777,-4.861159896180756,5.720376968383789
1747533976.2171175,3.6003361214648093,-4.919492772705188,4.903554916381836
1747533976.2372317,3.6089388961151236,-4.973585782803243,5.205631256103516
1747533976.258478,3.620286493059116,-5.030379907729695,7.46917724609375
1747533976.2765756,3.623098399543895,-5.086114767722069,5.0411224365234375
1747533976.2996726,3.617277381212073,-5.132896612352374,7.2154998779296875
1747533976.3202875,3.63362311932703,-5.195428781089554,5.344152450561523
1747533976.339608,3.6354340900541455,-5.249155380913417,5.407810211181641
1747533976.3667488,3.627411868852218,-5.289752531273461,7.257938385009766
1747533976.3837235,3.6125554977876204,-5.326565718461764,5.439043045043945
1747533976.401215,3.606721908978414,-5.343303862826325,5.658626556396484
1747533976.424011,3.5924063916973226,-5.381658761933863,8.329629898071289
1747533976.4528096,3.5799500631249823,-5.412532281562182,10.709762573242188
1747533976.4758077,3.5690917899771306,-5.439534743605992,11.076688766479492
1747533976.4993982,3.5989685335293364,-5.4835222659237735,8.095264434814453
1747533976.5314035,3.5886033450539196,-5.549937386959556,10.945558547973633
1747533976.5516584,3.5737797887151936,-5.623025242044419,7.106781005859375
1747533976.5690997,3.553867272786141,-5.671267525258276,7.548332214355469
1747533976.5851328,3.532180446322177,-5.706513946803542,5.141973495483398
1747533976.6027968,3.506544565482562,-5.734711987534977,7.269144058227539
1747533976.6176488,3.500297076618551,-5.764298104155175,5.068540573120117
1747533976.6373973,3.4682464072845858,-5.809253324170463,5.0258636474609375
1747533976.650422,3.4460564540527554,-5.8281741351739775,4.874944686889648
1747533976.676035,3.412719704760371,-5.8632144113091105,4.892587661743164
1747533976.6908689,3.408569373594193,-5.889335771791524,4.840850830078125
1747533976.7157192,3.385381604765019,-5.921579606485648,4.81867790222168
1747533976.737326,3.361740978551983,-5.943343035702385,5.149602890014648
1747533976.7569387,3.3333912787442856,-5.969904545945535,4.92405891418457
1747533976.770485,3.3111484900412593,-5.98637653422142,4.726171493530273
1747533976.7978024,3.2817537295806765,-6.015611394609856,5.017995834350586
1747533976.8171566,3.240834559550636,-6.049172358724643,4.87518310546875
1747533976.8390307,3.1901935431400443,-6.084340924631527,4.862785339355469
1747533976.8566527,3.142908832372646,-6.1052872194575585,4.786252975463867
1747533976.8785653,3.122646596498372,-6.1463136180466185,6.471395492553711
1747533976.8983986,3.10360728611185,-6.178989607258973,5.964040756225586
1747533976.919046,3.0795892146966386,-6.201611626046527,5.575895309448242
1747533976.9383366,3.0506161446657534,-6.218018773282458,6.5765380859375
1747533976.9585004,2.984452036238803,-6.244681083534522,6.980419158935547
1747533976.978008,2.937975571497838,-6.258632774502217,5.8383941650390625
1747533976.997444,2.87467150902684,-6.271439331061377,5.14984130859375
1747533977.0179,2.846639076828524,-6.285559086693663,6.523847579956055
1747533977.039185,2.770043814708851,-6.305319059337309,5.146026611328125
1747533977.0562973,2.7055007575034096,-6.321352599574175,4.905462265014648
1747533977.0706973,2.6784142652013934,-6.330425443608285,5.142450332641602
1747533977.0959754,2.6245262673834806,-6.346170875212797,4.767656326293945
1747533977.1185508,2.5671889725865453,-6.352250508622046,6.619453430175781
1747533977.1367202,2.521117295283451,-6.360684898097281,4.797697067260742
1747533977.1559837,2.4599711809390463,-6.372962795441772,4.852294921875
1747533977.1754832,2.401143920425879,-6.380533895390255,4.740238189697266
1747533977.19568,2.3471070621506223,-6.387330653481502,4.868745803833008
1747533977.2179773,2.2925195154048024,-6.402776202590671,4.938364028930664
1747533977.2393308,2.2469448356122848,-6.41573973922754,4.81724739074707
1747533977.2579026,2.1933072725820932,-6.424642124918107,5.292654037475586
1747533977.2757845,2.1562856423926635,-6.437974780536994,4.700422286987305
1747533977.2902198,2.128819439439676,-6.446209052539209,4.853248596191406
1747533977.3164403,2.0898465359889182,-6.456507324171113,4.876375198364258
1747533977.3328588,2.0700127507854136,-6.459319540616953,6.496667861938477
1747533977.356492,1.9786821455099837,-6.460996348484176,4.936933517456055
1747533977.3757434,1.9392559050526563,-6.459655126600243,4.7550201416015625
1747533977.3919313,1.9060952286076838,-6.462193210004522,5.398988723754883
1747533977.4157424,1.8319104818835994,-6.476021947373966,4.945516586303711
1747533977.436709,1.7974163234607778,-6.48173806973956,4.643440246582031
1747533977.4631839,1.740410283550229,-6.4859395452283675,6.562709808349609
1747533977.481472,1.6904258931831488,-6.482256053925254,5.174398422241211
1747533977.497413,1.617276246018443,-6.480512990677036,5.00941276550293
1747533977.5125365,1.577805810955177,-6.481970969545979,5.253791809082031
1747533977.5307896,1.523417280102205,-6.482347955238227,4.778385162353516
1747533977.556014,1.4584236557991692,-6.483360070793618,4.866361618041992
1747533977.575749,1.4135283912553278,-6.484075357287007,4.694938659667969
1747533977.5958238,1.3637539686362128,-6.481822865029589,4.695653915405273
1747533977.6162717,1.3225254754237863,-6.479747635084709,4.624605178833008
1747533977.6384594,1.2441047502784763,-6.4651518283300105,5.438566207885742
1747533977.6585226,1.1960971613613045,-6.4545208551040165,6.044626235961914
1747533977.6786525,1.1560815080865978,-6.449178996496432,6.043672561645508
1747533977.7012959,1.0898334419933773,-6.438835474089371,5.830526351928711
1747533977.7199569,1.0564443706144873,-6.435697946129463,5.4225921630859375
1747533977.7356894,0.9992895183485895,-6.427786902018729,4.632711410522461
1747533977.7561028,0.9643385153279875,-6.426751230647707,4.897117614746094
1747533977.771275,0.9210598988141014,-6.422375095312405,4.827022552490234
1747533977.7908556,0.8642619347494964,-6.416069301016132,4.987955093383789
1747533977.8160377,0.7967471040042835,-6.408694307921631,4.952192306518555
1747533977.8344274,0.7339400932156102,-6.3837687609843305,4.980802536010742
1747533977.8578057,0.6621051285983189,-6.357799953427771,5.032062530517578
1747533977.8759387,0.6334360949884382,-6.347369353218058,4.792213439941406
1747533977.8965602,0.5450000948579262,-6.320711009195948,4.867792129516602
1747533977.918619,0.47490298724467717,-6.303660807417797,5.2089691162109375
1747533977.9368737,0.436478255435634,-6.2959118571864945,4.934787750244141
1747533977.9568589,0.39860634655025384,-6.257254807158563,4.927635192871094
1747533977.9763093,0.36778507111336955,-6.234469259941358,5.043506622314453
1747533977.995625,0.33607722446821264,-6.218742612734291,4.966259002685547
1747533978.0160131,0.30933808311275063,-6.206755323489252,5.00178337097168
1747533978.0352168,0.3121632991448197,-6.17984554027519,5.096912384033203
1747533978.0558133,0.22447560089971574,-6.1397360662615075,5.163908004760742
1747533978.0765426,0.10243846524069458,-6.118733324052341,5.24449348449707
1747533978.096227,0.23585726847668112,-6.076489259539758,5.344629287719727
1747533978.1158726,0.21733828974293143,-6.043601734709844,5.022764205932617
1747533978.1379805,0.23008346939619134,-6.025565542961587,7.058143615722656
1747533978.1578417,0.19120998721081314,-5.9865924795587695,5.392551422119141
1747533978.1781805,0.16330490077778498,-5.967352588990193,6.992578506469727
1747533978.1983852,0.10375750677979571,-5.938640597910928,5.550622940063477
1747533978.2187233,0.041633855949380405,-5.8991361742241635,5.551815032958984
1747533978.2429295,-0.005439432329483262,-5.86145419173818,6.152153015136719
1747533978.2583966,-0.048630356665475175,-5.833761986748097,5.506038665771484
1747533978.2731168,-0.06250737082360941,-5.822532982612857,6.011724472045898
1747533978.2914827,-0.11822512828478114,-5.775673336865581,5.822420120239258
1747533978.317676,-0.1822483668633399,-5.726774307158865,5.973339080810547
1747533978.3341556,-0.1969351303586248,-5.711124496033772,6.520986557006836
1747533978.357294,-0.27347161360129324,-5.657765317872941,6.29115104675293
1747533978.3780303,-0.31911298440220404,-5.620164295899332,6.77943229675293
1747533978.3984504,-0.36563966711584445,-5.582659730794044,6.786346435546875
1747533978.418173,-0.4346271855124631,-5.522602700108133,6.324291229248047
1747533978.43666,-0.47470197740302394,-5.47896258067145,5.934238433837891
1747533978.4578931,-0.5158659750393124,-5.427335652668997,6.045103073120117
1747533978.4812753,-0.5374592121747123,-5.388313356073231,6.927013397216797
1747533978.4986048,-0.6052815799564927,-5.3343585087697765,5.680084228515625
1747533978.513294,-0.636778946073573,-5.301872874356503,5.427837371826172
1747533978.5361326,-0.6757307609106783,-5.253016963237352,5.265474319458008
1747533978.5561938,-0.7671758156191685,-5.2003790802683385,5.260229110717773
1747533978.576702,-0.8250778890002672,-5.152854657695094,5.0868988037109375
1747533978.5945349,-0.8514695324350737,-5.114312799363138,6.335735321044922
1747533978.6120946,-0.8989139470620994,-5.052931173008039,5.830287933349609
1747533978.6371248,-0.9324435759588962,-4.995252114342715,5.006551742553711
1747533978.6581347,-0.955793815413697,-4.940693656172701,5.7373046875
1747533978.6750805,-0.9546524020421314,-4.913421403938922,5.659341812133789
1747533978.6924875,-1.0387477740145614,-4.856615917244702,5.344629287719727
1747533978.710774,-1.0854664624428978,-4.804922270420648,5.357027053833008
1747533978.7372682,-1.1176147707276283,-4.7318516904792265,5.215883255004883
1747533978.7573872,-1.1835977711486487,-4.687713569383703,4.880428314208984
1747533978.7768834,-1.2443071099333682,-4.615375399434152,4.884243011474609
1747533978.7953138,-1.2660331206658644,-4.574560289672819,4.804849624633789
1747533978.816244,-1.2929446324680767,-4.51612419847542,5.048036575317383
1747533978.8389635,-1.29792252775798,-4.472897145893473,6.308555603027344
1747533978.8594966,-1.355989991109116,-4.421150447111228,6.972312927246094
1747533978.8797226,-1.3862637505352244,-4.3600175151693925,4.84919548034668
1747533978.8978171,-1.4030880733285793,-4.299707319230782,5.021333694458008
1747533978.9156137,-1.4711656610866173,-4.236063721622817,5.040645599365234
1747533978.93579,-1.5071589628245694,-4.174443567958974,4.700660705566406
1747533978.9555755,-1.5182409481136856,-4.116407550632226,4.780769348144531
1747533978.9753296,-1.5670522068370658,-4.058343814229819,4.656076431274414
1747533978.9960387,-1.5923854321043633,-3.9946227237582534,4.683971405029297
1747533979.0166821,-1.609406237921225,-3.935191565705203,4.673957824707031
1747533979.0381913,-1.6694265894031928,-3.880878587729939,5.668401718139648
1747533979.0535777,-1.691942306661902,-3.8146264595852877,6.412267684936523
1747533979.0767715,-1.6977565018861178,-3.7243889310291096,4.768848419189453
1747533979.0972605,-1.702854432211944,-3.6484782638574877,5.133152008056641
1747533979.1185575,-1.7430972662373108,-3.6084851603772585,6.596565246582031
1747533979.1372838,-1.7561593293366011,-3.5588356601895828,5.148172378540039
1747533979.1569886,-1.7640017873638563,-3.5062236196393126,5.408048629760742
1747533979.1779637,-1.768542146764774,-3.4350409333728082,6.76274299621582
1747533979.1960855,-1.7686044387686193,-3.356520370974393,4.925966262817383
1747533979.217644,-1.7774122174882951,-3.2634028003156796,5.381107330322266
1747533979.2366743,-1.7852123775893252,-3.173142809041936,4.958152770996094
1747533979.2511766,-1.7856186475598335,-3.1254922030233394,5.106210708618164
1747533979.2765267,-1.7931868890104115,-3.061862250238286,5.1250457763671875
1747533979.2969885,-1.799183447528857,-3.0104621304479293,5.181074142456055
1747533979.3165603,-1.804569757792744,-2.9286664786351513,5.635261535644531
1747533979.3381982,-1.8059647274998554,-2.873057397138449,5.117893218994141
1747533979.3734136,-1.7992930139506471,-2.738533351316359,7.321834564208984
1747533979.398314,-1.7983634684648178,-2.6442635479204233,6.883859634399414
1747533979.41623,-1.8002426711156174,-2.5745892609442427,5.021572113037109
1747533979.4359493,-1.7939076331080481,-2.5073785130585677,5.099058151245117
1747533979.4585297,-1.7933827281847101,-2.43406685006783,6.812810897827148
1747533979.4833968,-1.7979656595965334,-2.348307402054556,5.162954330444336
1747533979.5030506,-1.780161334220059,-2.2795747350225217,5.292415618896484
1747533979.5208743,-1.7719863948878207,-2.205802827226804,5.26738166809082
1747533979.5392396,-1.7697464199614907,-2.131084456863991,6.136178970336914
1747533979.5601175,-1.7650915271822332,-2.0690499950845314,6.4754486083984375
1747533979.58251,-1.7303548361384047,-1.9914723306190394,8.620977401733398
1747533979.601184,-1.7083490895322455,-1.9142497237240232,5.187749862670898
1747533979.6165013,-1.6963062722562903,-1.8586550251484202,5.063295364379883
1747533979.630909,-1.6523689410258355,-1.7734724257088756,4.964590072631836
1747533979.6562915,-1.624635482164836,-1.6847847687529665,5.117893218994141
1747533979.6786423,-1.6120999200332733,-1.6143132518085148,6.320953369140625
1747533979.7003028,-1.561657125530557,-1.5333960065894263,5.650520324707031
1747533979.7159529,-1.5309071935628424,-1.4705114952930034,5.065441131591797
1747533979.739592,-1.5093793191658609,-1.390061881258931,6.506204605102539
1747533979.7617533,-1.4768003445751017,-1.3265879618847503,5.921363830566406
1747533979.782057,-1.4436703479390423,-1.252488489698859,5.993127822875977
1747533979.8073373,-1.4194965150770487,-1.191129055179347,9.281635284423828
1747533979.8284962,-1.353347497354546,-1.105916010665209,5.7468414306640625
1747533979.8435175,-1.307460794815591,-1.0319234847118173,5.259513854980469
1747533979.8627067,-1.2738893089813388,-0.9630508744223959,5.685567855834961
1747533979.8786576,-1.2425525366963626,-0.9060443509533187,5.458831787109375
1747533979.892357,-1.226962500729505,-0.8682654732280747,5.498409271240234
1747533979.9169903,-1.204539604353317,-0.8251532849912798,5.771398544311523
1747533979.9370954,-1.1530730012369106,-0.7747467673809788,5.739688873291016
1747533979.9562511,-1.117335867004017,-0.738001664337633,5.596399307250977
1747533979.9783125,-1.0847820887463673,-0.6972909883639088,7.372379302978516
1747533979.9981759,-1.0183951830236826,-0.6464956853124934,6.54149055480957
1747533980.0165772,-0.9601608694298496,-0.6017901756314042,5.493879318237305
1747533980.034971,-0.9205181500015671,-0.5753758575341407,7.39288330078125
1747533980.0623705,-0.8789798285985768,-0.49981120439223475,10.359048843383789
1747533980.0851774,-0.8530918669726945,-0.4363443456673892,5.8307647705078125
1747533980.1009545,-0.8091394774202053,-0.39728075455923567,5.428791046142578
1747533980.1160464,-0.7773029531918755,-0.36664194879006573,5.375385284423828
1747533980.1362004,-0.7064961108131076,-0.3092086559139846,5.411386489868164
1747533980.1562133,-0.6515485897226512,-0.2751127851340385,5.492687225341797
1747533980.1786745,-0.6127893953268045,-0.25095968276013714,7.009029388427734
1747533980.2000365,-0.5592073666272269,-0.20355599808704158,5.706787109375
1747533980.2213242,-0.46820023010083,-0.1542434970123105,5.217313766479492
1747533980.2388794,-0.41527745230762036,-0.12420415545870438,5.771398544311523
1747533980.2604942,-0.3747385273481837,-0.08719649815351536,5.204439163208008
1747533980.2811592,-0.32181486616519595,-0.05086107904892949,5.089521408081055
1747533980.2986856,-0.26133292307975636,-0.016446225610768826,7.218122482299805
1747533980.3171372,-0.21323921831605241,0.0225463839498164,5.487680435180664
1747533980.3360953,-0.14512475736694863,0.050426694742132724,5.193471908569336
1747533980.3559241,-0.10267034132974524,0.07072242602583595,5.077123641967773
1747533980.375774,-0.07545555349084655,0.08091664187496457,5.075931549072266
1747533980.3966413,-0.05207891873327288,0.1185820893628864,5.150794982910156
1747533980.416668,-0.021292127200909432,0.1372917781743896,5.605936050415039
1747533980.4334824,-0.012466764565028762,0.14329251736192014,5.4798126220703125
1747533980.456443,0.04465399418350257,0.17741293458722998,5.103111267089844
1747533980.4758945,0.08824058439113927,0.19705309910943777,5.003452301025391
1747533980.4960382,0.14136342989661044,0.21449791033531496,4.9190521240234375
1747533980.5166578,0.19182162884263312,0.23388375103669803,5.507946014404297
1747533980.5354652,0.22989797999214442,0.24072881613882732,4.883766174316406
1747533980.5557973,0.2596213086481257,0.24372485952120448,4.764795303344727
1747533980.579292,0.26774619718712633,0.24483331166312505,6.438732147216797
1747533980.5954974,0.3584077970395422,0.25913899639054117,4.966497421264648
1747533980.617779,0.4221381589978557,0.2693618633605983,5.233287811279297
1747533980.636795,0.47364231712252897,0.27914407370481215,4.9591064453125
1747533980.6558774,0.5364822491103836,0.2863579104668733,4.941701889038086
1747533980.67086,0.5902134348626961,0.29080435818797934,5.147457122802734
1747533980.6921248,0.640585633483586,0.29503211514415895,6.635904312133789
1747533980.712031,0.7687047122537309,0.3116153894636256,6.628990173339844
1747533980.731714,0.8493088639287675,0.3205087905921843,6.55674934387207
1747533980.7522695,0.9149271649358074,0.3256383002325334,6.582736968994141
1747533980.7762702,1.0326731551980863,0.3037198673107849,4.85682487487793
1747533980.7953706,1.1079204443514876,0.2904162771380261,4.630565643310547
1747533980.810535,1.1626861480308714,0.28391765212814624,5.244016647338867
1747533980.8351912,1.2177950172553178,0.272154409844481,4.724979400634766
1747533980.8564675,1.262815552012395,0.2650523767499496,6.536006927490234
1747533980.876101,1.3192115405444633,0.2614692434001051,4.640102386474609
1747533980.895058,1.3532906210754445,0.26777414147974016,4.618406295776367
1747533980.9159608,1.4076619362768112,0.2500894566253735,4.813194274902344
1747533980.9356875,1.4505554816853692,0.23391259761894015,4.640817642211914
1747533980.9565103,1.4766812987988076,0.2203378406568352,5.276918411254883
1747533980.9777923,1.4938839215043103,0.20588120156511167,6.783962249755859
1747533980.9943948,1.4992160513717994,0.19874266624913098,5.7373046875
1747533981.016126,1.5659935520030452,0.1671098961123711,4.651784896850586
1747533981.0358918,1.6106188360815719,0.14856686197946137,5.041360855102539
1747533981.0590456,1.6540373904978904,0.13654963808676918,4.671573638916016
1747533981.0796285,1.666724410634498,0.08130708269608199,4.913330078125
1747533981.099295,1.6975694079577126,0.04958067768442284,4.482746124267578
1747533981.114855,1.730961807029461,0.03497797029324367,4.52423095703125
1747533981.1333842,1.7533764801707266,0.006350316508194243,4.60052490234375
1747533981.1565242,1.7929767362116407,-0.015699865583645438,4.940271377563477
1747533981.176578,1.8230242601551125,-0.027784866192654405,5.325555801391602
1747533981.1951892,1.8486770054303994,-0.03583159831784998,4.782676696777344
1747533981.2157433,1.8901986270908262,-0.055556708334059596,4.654407501220703
1747533981.238333,1.9185261986189506,-0.06574321355604,7.035732269287109
1747533981.2549968,1.9490583537988984,-0.07446844919414718,4.478216171264648
1747533981.27515,1.9571172175958127,-0.0928987681657171,4.524469375610352
1747533981.2963195,1.9693176919050392,-0.10223596613282106,4.541158676147461
1747533981.3165922,1.980761461612941,-0.11079631882814045,4.678010940551758
1747533981.335773,2.013301441877894,-0.13977216245832313,4.630327224731445
1747533981.3558838,2.0427612423656387,-0.15878600018451977,4.748821258544922
1747533981.3764563,2.0662027882216987,-0.17312674482372462,5.593776702880859
1747533981.3954961,2.0844550664400354,-0.17837347160196135,4.876136779785156
1747533981.423755,2.1082879481856898,-0.1840372312008129,4.813671112060547
1747533981.443295,2.1470868734779396,-0.19213822893906113,5.029916763305664
1747533981.464576,2.1898564431588743,-0.20820401050030873,5.782127380371094
1747533981.4788191,2.2278161343962655,-0.21886088788890873,5.6610107421875
1747533981.4934394,2.2535765125003393,-0.22745436822218726,5.1136016845703125
1747533981.512047,2.2826610455780987,-0.23397522096152465,5.070209503173828
1747533981.5323374,2.300385528684483,-0.2472811603516899,6.9408416748046875
1747533981.556202,2.324942388503535,-0.261392899948933,5.194902420043945
1747533981.578822,2.348310873333297,-0.2714805372161482,6.238222122192383
1747533981.5984745,2.3360246498946444,-0.2704142528102091,5.215644836425781
1747533981.615811,2.325808795627454,-0.26803863311466153,5.083322525024414
1747533981.636753,2.3211176640190625,-0.26663552684589276,6.222248077392578
1747533981.6590497,2.3107107712802093,-0.26710459358035393,5.730628967285156
1747533981.6763325,2.300925496291359,-0.2667687479881799,5.072593688964844
1747533981.6977081,2.29641785353741,-0.2653750396800818,5.186557769775391
1747533981.7154179,2.2911954470618237,-0.26296687332566776,5.014181137084961
1747533981.731325,2.2833057596310002,-0.25451729194798817,5.036354064941406
1747533981.755829,2.27514801490331,-0.24926928383183858,4.93621826171875
1747533981.7777011,2.2646336076734745,-0.24258606205769706,5.2585601806640625
1747533981.7971077,2.240787645346983,-0.24455637190289284,6.268501281738281
1747533981.8155253,2.2190459087557186,-0.2413276354459267,4.993677139282227
1747533981.8359072,2.2034654213496427,-0.23963979812347236,5.041360855102539
1747533981.8558834,2.207792053326708,-0.2341668688727399,5.083560943603516
1747533981.8702188,2.2050209410055692,-0.23153613006312027,5.143404006958008
1747533981.8959877,2.2079301136507854,-0.23124233244121126,5.072116851806641
1747533981.9226851,2.232296574769769,-0.23692260108680002,6.582498550415039
1747533981.9411,2.255741502143413,-0.24462551420807002,5.040407180786133
1747533981.958694,2.273281560607532,-0.25236888386044753,5.3348541259765625
1747533981.9738529,2.285773042269783,-0.25981887541855003,5.490779876708984
1747533981.990743,2.23749162484605,-0.2363162842724899,5.424022674560547
1747533982.0179791,2.197626003890305,-0.22198259399555084,7.0400238037109375
1747533982.0370305,2.1787904794168296,-0.218322961412623,5.279302597045898
1747533982.0606265,2.166542809309201,-0.2200948957674651,4.9839019775390625
1747533982.0789318,2.1585457939625954,-0.2210162441871993,5.769252777099609
1747533982.0995078,2.1461700268299917,-0.2190877861149632,8.613824844360352
1747533982.1178024,2.141825432057382,-0.21259344234647115,6.535530090332031
1747533982.1357362,2.1305340284584005,-0.20760722972489867,4.833698272705078
1747533982.1553817,2.1312489674263366,-0.20675943814475722,4.724025726318359
1747533982.1751952,2.1263004264940797,-0.20265247705338663,4.780769348144531
