time,x,y,computation_time_ms
1747534080.939167,2.9103016310108587,-7.45747274078638,8.040904998779297
1747534080.96074,3.0630361916866344,-7.440762379227898,7.283687591552734
1747534080.979284,3.109139256743152,-7.429582473745441,5.619049072265625
1747534080.997702,3.14994548151184,-7.42409529299675,5.622625350952148
1747534081.0147123,3.171541414487068,-7.421607657920824,5.352258682250977
1747534081.0451787,3.184396360045961,-7.4207180546921885,9.664773941040039
1747534081.0648015,3.192381740257745,-7.41654618082708,7.082700729370117
1747534081.0880075,0.7368565308908821,0.17245634983714242,5.579710006713867
1747534081.1032321,0.735494330031262,0.1729056219441371,4.776239395141602
1747534081.119454,0.7477110693874263,0.1747997578375369,4.972219467163086
1747534081.138952,0.7667291922826,0.17432939631094235,6.240606307983398
1747534081.1548123,0.7783111292907418,0.1759018973756722,4.812955856323242
1747534081.1750312,0.7851343155815423,0.175512145581882,5.0563812255859375
1747534081.194964,0.7843450424675047,0.17690565488381074,4.793405532836914
1747534081.216616,0.7839213712286542,0.18018009426978804,5.711078643798828
1747534081.2348337,0.7863062844694535,0.18068345173720443,4.898548126220703
1747534081.2563002,0.6155516353761206,1.0650867870341718,5.262613296508789
1747534081.2742367,0.6950383672840291,0.7316508244759096,3.88336181640625
1747534081.2960224,0.7736259952642354,0.3653889426238351,5.702495574951172
1747534081.3179042,0.8099638622649385,0.2325545418815181,5.931854248046875
1747534081.3403175,0.8383540786236903,0.1941249551236193,5.49006462097168
1747534081.3573043,0.8459889223324456,0.18882952480077045,6.550312042236328
1747534081.3773506,0.8369565341051539,0.18637903590553323,6.525278091430664
1747534081.3950765,0.826237591953279,0.17991153297822618,4.900455474853516
1747534081.4148402,0.8171896505263332,0.1754317975814887,4.760980606079102
1747534081.439094,0.8071921565387924,0.17204008702403026,7.43556022644043
1747534081.46126,0.7976053128874493,0.17459443659259546,6.397008895874023
1747534081.5003679,0.7144690550391843,0.20001920680588994,7.071495056152344
1747534081.5160737,0.7900090670366291,0.2080656442740942,4.972219467163086
1747534081.5341716,0.8536301438059167,0.2075148467158288,5.076408386230469
1747534081.5506444,0.8707548908436722,0.1955834046494685,4.64177131652832
1747534081.575778,0.8725285124203234,0.1857738576022549,5.028009414672852
1747534081.5925758,0.8724708609530065,0.18960303955184918,4.751682281494141
1747534081.6104496,0.8768937813004719,0.1952737074885635,4.874229431152344
1747534081.6414914,0.8754870318465449,0.19763440493869916,5.795955657958984
1747534081.660493,0.8607140532445159,0.19620281424595595,4.697084426879883
1747534081.6802745,0.7222419110929233,0.15874317542685076,5.04302978515625
1747534081.694107,0.7709239523352578,0.1543691370229196,5.149602890014648
1747534081.7175121,0.8208937392967128,0.15527293015262478,6.694316864013672
1747534081.738082,0.818356237846244,0.1614448287051731,7.7724456787109375
1747534081.756636,0.8084669546881521,0.1676468187272678,4.835844039916992
1747534081.7716897,0.7985196558176314,0.17223330613250248,4.847526550292969
1747534081.796307,0.7813503793458456,0.1746266159413757,5.036115646362305
1747534081.8150024,0.7685374196764301,0.17612922785357393,4.759073257446289
1747534081.832369,0.7632153261980755,0.1742526212736476,7.537126541137695
1747534081.8608217,0.883873458768388,0.19966957381740802,6.713151931762695
1747534081.8760743,0.8933099562758559,0.19973195175265318,5.241632461547852
1747534081.8982596,0.8912558230044335,0.19336718802958577,7.591962814331055
1747534081.9186432,0.887007397757933,0.1870107206939013,6.602287292480469
1747534081.9627538,0.8724806466848274,0.1810954069147772,19.710302352905273
1747534081.9875605,0.8570591189463415,0.17709934172652805,7.49969482421875
1747534082.00463,0.8363694753967691,0.17593051581001415,6.196022033691406
1747534082.0198371,0.8194708609191541,0.17455142482057387,4.885673522949219
1747534082.0394037,0.802951418912642,0.17564190779492156,8.454084396362305
1747534082.0565948,0.8100078208496629,0.1748549854635571,4.862546920776367
1747534082.0724041,0.8120599383913005,0.17482570626331803,5.133152008056641
1747534082.1013353,0.8169290547946476,0.17543971968577063,9.020805358886719
1747534082.1189177,0.8172786311019601,0.17256766430541784,5.858182907104492
1747534082.1338556,0.812009615460898,0.17354968872347035,5.308866500854492
1747534082.15506,0.8077199630384436,0.17306009096627403,4.850149154663086
1747534082.1722956,0.8046847513127149,0.17309531726343633,4.673957824707031
1747534082.1909435,0.8089069641165944,0.17332261905222462,4.859209060668945
1747534082.217407,0.8095834315297702,0.17272947940081781,6.061315536499023
1747534082.2375035,0.8097611231824868,0.17485695725524744,5.528450012207031
1747534082.2553506,0.8217982616404244,0.17924138807823622,4.821300506591797
1747534082.2765672,0.8264790586031162,0.18377337605180352,4.975557327270508
1747534082.2968483,0.8376711425646037,0.18867959353454392,5.577325820922852
1747534082.3146284,0.8436861494034157,0.18174464619785133,4.734516143798828
1747534082.3349879,0.8485713469057197,0.17738735385561238,4.666328430175781
1747534082.3552952,0.8487958863844756,0.17583938434004404,4.66609001159668
1747534082.3723836,0.8523582466449188,0.17505031862904427,4.792928695678711
1747534082.3953595,0.8470488560453505,0.17594898908379109,4.7149658203125
1747534082.4099112,0.8420749839885187,0.17576547790934782,4.877567291259766
1747534082.4414704,0.8398217781600039,0.17770657747008184,10.290861129760742
1747534082.457855,0.8394978931838998,0.18010286612164517,5.3119659423828125
1747534082.6138496,0.8460019187690824,0.18234814595167367,5.633354187011719
1747534082.6287365,0.8492862942657118,0.18519929378306724,6.554365158081055
1747534082.6454246,0.8531743522232643,0.18127099953852915,4.643440246582031
1747534082.665949,0.8535843485869092,0.17921554274397478,7.161617279052734
1747534082.6823795,0.8584551633007622,0.17904756390295076,4.620075225830078
1747534082.698897,0.8474990938721869,0.17945883695911402,4.8675537109375
1747534082.7127242,0.8368252496559453,0.18016475318572725,4.683494567871094
1747534082.7367337,0.8295318355857066,0.1796163059184834,6.78253173828125
1747534082.756084,0.822695434308098,0.1802157629831023,5.852460861206055
1747534082.7759147,0.8177073223053404,0.17513365183516763,5.373239517211914
1747534082.7970912,0.8101735137268464,0.1730901314299204,6.449222564697266
1747534082.8173945,0.8070278947041951,0.17307724874102481,6.7081451416015625
1747534082.8367248,0.8048053746648126,0.17445374888329918,4.869699478149414
1747534082.8533044,0.8073455371068068,0.17475528796473433,4.712581634521484
1747534082.8758433,0.8028945371658684,0.17468197162759563,5.226373672485352
1747534082.9002945,0.8061825314826312,0.18025163033864924,4.805088043212891
1747534082.9197745,0.8097335253543644,0.18571384508050515,4.685640335083008
1747534082.9372723,0.8186740023143384,0.19347189235962317,4.656076431274414
1747534082.955991,0.8373692453459566,0.1987020636428339,5.115270614624023
1747534082.9777346,0.8358856970164406,0.18611843783803866,6.389141082763672
1747534082.994499,0.837831246289066,0.17894682312836963,4.553556442260742
1747534083.0146873,0.8382588864556376,0.1768778150037837,4.563808441162109
1747534083.0307913,0.8330026148578259,0.1772291638601799,4.563808441162109
1747534083.0548708,0.8305688261391664,0.17719907883298733,4.70423698425293
1747534083.0770357,0.8388222424624626,0.1781530195407471,6.418943405151367
1747534083.0997171,0.8304719737573921,0.1806839060523712,5.481719970703125
1747534083.1180606,0.8243152794004086,0.18317341241974683,5.522012710571289
1747534083.132797,0.8173504524206651,0.18429060537112676,4.575014114379883
1747534083.1509902,0.8075246344898531,0.18322774116928725,4.933834075927734
1747534083.1773043,0.8198332676082982,0.18308746292429656,6.4563751220703125
1747534083.196384,0.8197952781292365,0.18346206645927515,6.1168670654296875
1747534083.2159843,0.8206201880051692,0.1814960803181395,5.74803352355957
1747534083.2326643,0.8303703381396057,0.18102766517145044,4.644155502319336
1747534083.251316,0.8359851912311089,0.18009160169269736,4.700183868408203
1747534083.2759914,0.8473269197228185,0.17808896823534093,5.123615264892578
1747534083.297344,0.8203749314136265,0.17727400062572998,5.005359649658203
1747534083.3180792,0.8109528463599305,0.17872463720688642,7.053375244140625
1747534083.339809,0.8073888865705571,0.1797558027713536,6.943225860595703
1747534083.365459,0.7998475122739603,0.17793648124277564,8.122444152832031
1747534083.3912766,0.8026677409067201,0.17683272978392334,5.5561065673828125
1747534083.411604,0.800654299287185,0.17649950548275953,5.426645278930664
1747534083.4355097,0.8120048274238252,0.17511406955924128,4.956483840942383
1747534083.450869,0.8122580423918127,0.1737912063466519,4.569292068481445
1747534083.4747179,0.8303975689733134,0.17377631808279817,4.694461822509766
1747534083.4951441,0.862242039625171,0.1683735706749193,5.170106887817383
1747534083.516544,0.8963613462488589,0.16436663020564815,5.745410919189453
1747534083.5351403,0.9151621189084669,0.1618681536183217,4.683494567871094
1747534083.555676,0.9500383868895413,0.15658578092809203,4.908561706542969
1747534083.5805445,0.987844667862179,0.15124076488599528,10.498762130737305
1747534083.5975375,1.0244462430699424,0.1520225215935381,5.315542221069336
1747534083.6181908,1.0522225502896676,0.15251800556058998,5.115747451782227
1747534083.6348171,1.0707651171498767,0.15128031042229953,4.721403121948242
1747534083.6543744,1.1228464294986904,0.16839161827989932,8.874654769897461
1747534083.6769555,1.2043912385768156,0.1793725719373371,5.570173263549805
1747534083.6908932,1.2641820119719553,0.18706289326247819,4.482746124267578
1747534083.7172139,1.263063838910292,0.17707108182514844,5.8269500732421875
1747534083.735957,1.2484321377422243,0.1660620301232787,5.034446716308594
1747534083.7557726,1.2225718769498513,0.1596158738135906,5.817413330078125
1747534083.7700243,1.1941046346273514,0.1514518488308756,4.656076431274414
1747534083.789834,1.2224638256057656,0.14200994489726662,4.734516143798828
1747534083.8098927,1.2474065006256687,0.13834035371959916,4.721164703369141
1747534083.8352141,1.2863404185747909,0.13771049125119728,4.734277725219727
1747534083.8506992,1.323873686781951,0.11773985561214971,4.474878311157227
1747534083.8709304,1.3555881825157232,0.10366283116902607,4.788875579833984
1747534083.8899248,1.3811493969392659,0.09693074462926228,4.657506942749023
1747534083.9098654,1.46098921868916,0.08637014678019413,4.633903503417969
1747534083.9300766,1.525685629603376,0.0728045383496551,4.7245025634765625
1747534083.949818,1.5726337319008883,0.06144233031312791,4.637956619262695
1747534083.9709299,1.608578167607132,0.05245775782521052,4.649162292480469
1747534083.9949121,1.6497922504884925,0.021408233603805792,4.8389434814453125
1747534084.0181832,1.6802721017884061,0.0001430930119908705,7.070779800415039
1747534084.034681,1.7155739498966498,-0.014073684155859675,4.572153091430664
1747534084.0547707,1.7585278084362979,-0.04053668634632742,4.536151885986328
1747534084.0747557,1.786507947941299,-0.05895486116671282,4.647731781005859
1747534084.0947967,1.8129298006579992,-0.0681033550986449,4.859209060668945
1747534084.1155243,1.8584337804282889,-0.09693872994738664,4.90260124206543
1747534084.1362133,1.893913097360553,-0.11503036460964704,5.498409271240234
1747534084.1607518,1.9126598195859394,-0.12527851148634775,5.65791130065918
1747534084.183479,1.9503982578813583,-0.15679920401142106,6.158590316772461
1747534084.203902,1.9745912722544314,-0.1787439288354535,7.00068473815918
1747534084.217725,1.994416520634886,-0.19507897820120657,4.850625991821289
1747534084.233622,2.009227587336034,-0.20356101741874696,4.662990570068359
1747534084.2498455,2.062424210095519,-0.24301699916287528,4.708766937255859
1747534084.2757006,2.113386276301755,-0.27725309934808756,5.219936370849609
1747534084.2907906,2.131575937591892,-0.29056139305467055,5.2165985107421875
1747534084.3104386,2.1943147388822566,-0.3380375617045072,4.976511001586914
1747534084.3302429,2.231546577282582,-0.3681574773701018,5.242109298706055
1747534084.3504448,2.2641482820671937,-0.39168343542265055,5.246400833129883
1747534084.379385,2.3114146363073225,-0.43573518237616216,5.652427673339844
1747534084.4072511,2.3380596222610115,-0.4604867092429689,6.406545639038086
1747534084.423928,2.368123785389531,-0.4859445296945661,5.9413909912109375
1747534084.4415112,2.394948052236292,-0.5216728344822282,5.41234016418457
1747534084.4567428,2.4267520906230984,-0.5546456596673488,5.595207214355469
1747534084.4721756,2.4527153855491823,-0.5819901794023071,5.246639251708984
1747534084.4910934,2.476521176891519,-0.6061087919355553,5.260944366455078
1747534084.5142896,2.479640786267771,-0.637720825157007,8.401632308959961
1747534084.532887,2.4811704016796394,-0.6601608071184696,5.801200866699219
1747534084.5571315,2.492032726876976,-0.6825346022486535,5.885601043701172
1747534084.578756,2.529670136155786,-0.7333969579541244,8.208751678466797
1747534084.5940347,2.560093066841104,-0.7742653277485135,5.7125091552734375
1747534084.6112163,2.579311898710819,-0.8028616895555472,5.507946014404297
1747534084.6363568,2.6087572977155853,-0.858251117318459,5.748271942138672
1747534084.653683,2.6148829781904737,-0.8858179340836633,5.720853805541992
1747534084.671261,2.62458711488397,-0.9192239652706476,5.603551864624023
1747534084.6928062,2.629103059093541,-0.9492561115554812,7.323026657104492
1747534084.7130857,2.6508178800851034,-1.0006218802769737,5.827188491821289
1747534084.7331295,2.6613174531832486,-1.0427815545411891,6.262063980102539
1747534084.7513607,2.6654249635748783,-1.0761109814436567,5.62739372253418
1747534084.7781618,2.6744627302687354,-1.142401453768589,7.846593856811523
1747534084.7928474,2.6715870706738496,-1.1927400821216319,5.125761032104492
1747534084.810687,2.6744606676977862,-1.2438903924367544,5.006313323974609
1747534084.8311672,2.680308922911207,-1.3063651230789617,4.971742630004883
1747534084.8533058,2.688216942570916,-1.3537178020746365,5.077838897705078
1747534084.8714683,2.6924071042808646,-1.3776333611579838,4.732847213745117
1747534084.8955708,2.6956356324472655,-1.43788748221889,4.835605621337891
1747534084.9162753,2.690598790078986,-1.4841464892574163,4.92405891418457
1747534084.930287,2.6891387463721825,-1.5112063958159405,4.51207160949707
1747534084.9506278,2.6876927080437474,-1.5435570508355074,4.700183868408203
1747534084.9753323,2.7007052682789,-1.6055787352412663,5.343437194824219
1747534084.9971695,2.700588316247258,-1.6583763854210913,6.247758865356445
1747534085.0158086,2.6986600739256152,-1.6986688821675557,5.679607391357422
1747534085.030979,2.6942839508738636,-1.7290673549406694,4.6539306640625
1747534085.0556836,2.6706213345524197,-1.7985580465315438,5.168437957763672
1747534085.075496,2.6559992732814113,-1.8500022339047606,5.302190780639648
1747534085.0957074,2.6472205732232723,-1.891370317826275,5.345582962036133
1747534085.1172884,2.645480562962118,-1.9287225740359375,6.847143173217773
1747534085.1394722,2.66027743804774,-1.9913870759686683,8.390426635742188
1747534085.159356,2.6668273839616448,-2.0402616854342313,7.864713668823242
1747534085.1765711,2.6675261073478778,-2.081817044608143,5.330085754394531
1747534085.196082,2.6557545708136594,-2.1422201468202315,4.902362823486328
1747534085.2158132,2.6495890340229193,-2.1973170117497682,5.740165710449219
1747534085.237773,2.6445605601746203,-2.2435913109446886,7.301092147827148
1747534085.2594814,2.646025857495105,-2.2925261982870166,8.020877838134766
1747534085.2775633,2.6545878114423456,-2.3639411594855066,6.575822830200195
1747534085.2978997,2.6548286946485344,-2.395001484145125,6.819486618041992
1747534085.32775,2.6586935048372053,-2.4697637570165885,6.509065628051758
1747534085.3495424,2.660145854455713,-2.518002138555478,6.13093376159668
1747534085.3695598,2.662029804003907,-2.557954236901039,5.971670150756836
1747534085.389859,2.639839830362461,-2.602309157385309,5.170106887817383
1747534085.4066308,2.6205706378890294,-2.6712456249418977,7.112979888916016
1747534085.4226294,2.6070809955965966,-2.719302229578285,5.768060684204102
1747534085.4367218,2.596581754230639,-2.7528917867621447,4.79435920715332
1747534085.4558902,2.588919800416135,-2.821353424711855,5.665779113769531
1747534085.4701688,2.580567135409325,-2.8549774318948122,4.776477813720703
1747534085.493958,2.562714298706229,-2.892140907004718,5.161523818969727
1747534085.5163827,2.608286397862313,-2.9855047718335688,5.694389343261719
1747534085.5302088,2.656804927583577,-3.0467490235872488,4.7607421875
1747534085.5556479,2.683586281169317,-3.1080883170326525,5.435705184936523
1747534085.5758762,2.6942714771758665,-3.1385257024867332,5.343914031982422
1747534085.595876,2.694186267311272,-3.2148292345626723,5.452394485473633
1747534085.6121993,2.6988832720804083,-3.2560742588022493,5.489349365234375
1747534085.638561,2.704956135877502,-3.301196561101743,7.983207702636719
1747534085.655908,2.7155139620597644,-3.3671922569292,5.218505859375
1747534085.6781373,2.719606716406576,-3.4222960718636677,7.688999176025391
1747534085.6976616,2.72586151086295,-3.468315000186976,7.096529006958008
1747534085.7180567,2.7770350833368798,-3.5326744219579864,6.629705429077148
1747534085.7319386,2.799459006475982,-3.575645595638022,4.784107208251953
1747534085.7500231,2.8251447815953803,-3.621363529374152,5.194902420043945
1747534085.7716823,2.8435529018921177,-3.656625009668454,5.0334930419921875
1747534085.7998297,2.896033250526789,-3.736376817872923,8.318662643432617
1747534085.8184507,2.9445973255764524,-3.797959013531736,6.123065948486328
1747534085.838118,2.9741290696708917,-3.841534183712819,6.5670013427734375
1747534085.8617136,3.00112223516687,-3.899543238082349,9.35220718383789
1747534085.881409,3.037467330275094,-3.9622943620773055,5.095243453979492
1747534085.9001844,3.0577832991929235,-3.993099476084967,7.157564163208008
1747534085.9235125,3.1086437026437435,-4.054535853600154,5.357980728149414
1747534085.9402466,3.1391044942414936,-4.101827896228784,6.048917770385742
1747534085.9560912,3.170249815097368,-4.146965784773427,5.717992782592773
1747534085.9757032,3.220658289222069,-4.222945215905975,5.065441131591797
1747534085.9905577,3.2635193046326134,-4.273682334124926,5.212068557739258
1747534086.0175078,3.3025762569733326,-4.326781273059091,6.630420684814453
1747534086.0359147,3.3170610563435567,-4.355212917235071,4.961729049682617
1747534086.053024,3.340795482641317,-4.401749639672167,6.313323974609375
1747534086.070962,3.3772149829012075,-4.448864295971706,5.960702896118164
1747534086.0908434,3.407339257119826,-4.486448537036364,6.00886344909668
1747534086.11583,3.463312506406309,-4.561813118432021,5.8917999267578125
1747534086.1350982,3.478968934671794,-4.608452734007973,5.242824554443359
1747534086.1517003,3.485869171183142,-4.634975903600892,5.4225921630859375
1747534086.177078,3.507411570355327,-4.71359985425703,6.626129150390625
1747534086.196918,3.525958642233481,-4.765238821437051,6.577968597412109
1747534086.2164478,3.54168573163415,-4.807324597516415,6.062984466552734
1747534086.2357454,3.562370995501223,-4.861688057830892,5.56492805480957
1747534086.2583141,3.5808403579341577,-4.907611438456984,7.253170013427734
1747534086.2762544,3.586046321141405,-4.946914292352947,6.201744079589844
1747534086.2956762,3.5864036105063115,-4.971509236573671,7.13348388671875
1747534086.3178701,3.617080811364013,-5.030929277908429,6.92439079284668
1747534086.3383603,3.6254437759206795,-5.101343045804674,7.603168487548828
1747534086.358349,3.6226829674453747,-5.137725944345804,7.442951202392578
1747534086.376259,3.628564172999059,-5.20059114152097,6.035804748535156
1747534086.3958647,3.626437224906481,-5.252398566253295,7.840156555175781
1747534086.424302,3.61237770569317,-5.321144994294334,7.413625717163086
1747534086.4450977,3.5983667033326108,-5.3545449151787725,6.946802139282227
1747534086.4607337,3.591834580368922,-5.377460389890129,6.5593719482421875
1747534086.4759865,3.585948420814192,-5.40635929858033,5.859851837158203
1747534086.495687,3.573596127992895,-5.445692717700897,6.314992904663086
1747534086.5164454,3.558394671897747,-5.469254212120277,6.102323532104492
1747534086.5363598,3.5845395417329757,-5.518526873754815,6.072521209716797
1747534086.5589666,3.594955078367899,-5.54802406611946,7.5836181640625
1747534086.5767143,3.596569492682214,-5.570357203698505,6.439208984375
1747534086.598698,3.585205723160612,-5.6210331185183176,7.844448089599609
1747534086.6185033,3.5627923462869746,-5.660751845825508,7.09986686706543
1747534086.6358123,3.5351383795281484,-5.695316318773103,5.334138870239258
1747534086.6635008,3.515556919442975,-5.743042265472807,6.284475326538086
1747534086.6834314,3.5054758872070706,-5.760502748156472,8.739471435546875
1747534086.7033563,3.486783735359062,-5.789760371619229,5.991458892822266
1747534086.7306368,3.4408927116571637,-5.845818715615321,5.31768798828125
1747534086.7556155,3.4053006065228475,-5.88048204648468,5.095243453979492
1747534086.7756011,3.3761540234147733,-5.902985328991057,5.124568939208984
1747534086.7952852,3.351216851019482,-5.927035503081357,6.454229354858398
1747534086.8173869,3.306938652588897,-5.95856199392502,6.6127777099609375
1747534086.837323,3.275532475392579,-5.977039794440592,6.683349609375
1747534086.8588934,3.243627609186057,-5.991977718240014,5.888938903808594
1747534086.8774006,3.200082522741525,-6.026219181836314,5.663633346557617
1747534086.8959246,3.153805770096457,-6.0542205036880095,5.359888076782227
1747534086.9181604,3.119163544944878,-6.069569275608824,7.623910903930664
1747534086.9402895,3.1013024317034645,-6.093519699664291,6.058931350708008
1747534086.956308,3.07291778645975,-6.111967189181222,6.211280822753906
1747534086.970184,3.0668129380316476,-6.119127264728343,4.693031311035156
1747534086.9952226,3.0158581196700074,-6.1497793762387305,5.204677581787109
1747534087.0157537,2.980069614107516,-6.165185502271237,5.361080169677734
1747534087.0303967,2.9524397392515405,-6.17378516770855,5.521297454833984
1747534087.0509975,2.9109750289982097,-6.190085888857792,5.238056182861328
1747534087.077179,2.864830229063404,-6.2076898810295695,6.8206787109375
1747534087.0953157,2.8352323165239346,-6.215196041680772,5.00941276550293
1747534087.1097827,2.8267116680015096,-6.216075377135924,4.785299301147461
1747534087.1383836,2.753995769070783,-6.245433399800636,7.480382919311523
1747534087.1580956,2.6937698111481954,-6.261045898784722,7.172584533691406
1747534087.1797326,2.6455816459111303,-6.274224259870727,8.054494857788086
1747534087.198823,2.628757926803566,-6.289415754238551,6.835222244262695
1747534087.2193189,2.5902676831072378,-6.302789888176005,8.400201797485352
1747534087.2357295,2.527625536866988,-6.314306409909424,4.738569259643555
1747534087.255538,2.3686180953691753,-6.3474967005196685,5.0868988037109375
1747534087.2754393,2.3141865783431568,-6.363750698517239,5.020618438720703
1747534087.3007646,2.2698970286492868,-6.37420738520554,5.82575798034668
1747534087.320914,2.2009329213206223,-6.385409241797623,5.817890167236328
1747534087.3473487,2.1509205502347375,-6.390689364180024,7.215738296508789
1747534087.3618805,2.099921590964268,-6.398431484079584,4.78053092956543
1747534087.3760777,2.0601844066763286,-6.402864981223869,4.719018936157227
1747534087.3903475,2.0042257460761754,-6.415025355549172,4.579067230224609
1747534087.410131,1.946206430505479,-6.424251078541665,4.712581634521484
1747534087.434949,1.8827051627852578,-6.434908689734829,4.690647125244141
1747534087.4503472,1.8478724174412011,-6.447212885831878,4.833698272705078
1747534087.475411,1.813825288907009,-6.4586847148628665,4.688739776611328
1747534087.6150434,1.443001176520225,-6.480547161924528,4.830121994018555
1747534087.6385303,1.4190516102460757,-6.477438308268599,7.280826568603516
1747534087.663858,1.4068625171691995,-6.474938364863896,9.525775909423828
1747534087.6824286,1.3742030179147806,-6.480842396404485,7.646799087524414
1747534087.7005246,1.3281065084136858,-6.484540417996468,4.71043586730957
1747534087.713946,1.3118311528147402,-6.487221835330171,4.633903503417969
1747534087.7347682,1.2585430216251523,-6.48905254656608,4.829168319702148
1747534087.754753,1.2052100320291046,-6.466244701904242,4.71949577331543
1747534087.7703145,1.1471174174199188,-6.456877285008694,5.005359649658203
1747534087.7948647,1.091164734683086,-6.4519944121502615,5.996227264404297
1747534087.8111167,1.0252497809843961,-6.444239275756789,4.911661148071289
1747534087.8372827,0.9728313308287673,-6.436602909797192,6.469964981079102
1747534087.8572192,0.9375902564398629,-6.435602901399129,4.960298538208008
1747534087.8733504,0.8746739358742411,-6.410510251325611,5.006551742553711
1747534087.8905277,0.8133220355911885,-6.390609318336304,5.023956298828125
1747534087.9147182,0.7648621036581131,-6.380793619791372,4.81104850769043
1747534087.9331243,0.739399045902834,-6.3771453441576575,5.913019180297852
1747534087.9558773,0.6790910052184378,-6.367651008565524,5.871772766113281
1747534087.9756455,0.6420986287139767,-6.361180345309402,5.401134490966797
1747534087.9954672,0.6034171843200914,-6.352277149638912,5.47027587890625
1747534088.015268,0.529629403783126,-6.316506983259405,4.970073699951172
1747534088.0373838,0.4697554289839629,-6.288035678473539,6.934642791748047
1747534088.0574312,0.4266163820327947,-6.275662479012154,5.187273025512695
1747534088.0722108,0.3804813936463124,-6.241978861930269,4.929304122924805
1747534088.0950835,0.3256182890833008,-6.213690858943576,6.4830780029296875
1747534088.1156802,0.28301846403570846,-6.194212713398508,5.440950393676758
1747534088.133247,0.3284110046122913,-6.176818907083073,5.148887634277344
1747534088.151354,0.3535581987741221,-6.153843122745279,5.093812942504883
1747534088.1759677,0.34926759574528604,-6.119320201656637,5.892038345336914
1747534088.191304,0.3586122974914517,-6.094538237459265,4.91023063659668
1747534088.2160587,0.318550935865108,-6.041714061230778,6.041049957275391
1747534088.2360606,0.29321839051394566,-6.006455002612695,5.36036491394043
1747534088.2582078,0.2823795870995006,-5.983600960269692,7.0133209228515625
1747534088.2758908,0.2253349520568073,-5.943736935564509,5.5389404296875
1747534088.2960832,0.18541324733530062,-5.9071115179663805,5.53584098815918
1747534088.3175733,0.15135169259791334,-5.881671325728597,7.066249847412109
1747534088.3399003,0.07870746749919266,-5.838135577268279,8.29172134399414
1747534088.3640852,0.026580063412248927,-5.816212776235004,7.369518280029297
1747534088.3812912,-0.03980505894814678,-5.787326497780825,6.263494491577148
1747534088.3996813,-0.1115518410316371,-5.721346839440502,7.467508316040039
1747534088.416775,-0.16979932322218383,-5.670027083701711,6.0443878173828125
1747534088.436994,-0.20857818888801027,-5.635373745873213,6.394863128662109
1747534088.4573476,-0.2423981109895466,-5.611687900573486,6.510496139526367
1747534088.4766195,-0.32478572421232466,-5.559291285482452,6.664514541625977
1747534088.5003095,-0.37091547613780607,-5.518771217891428,9.780406951904297
1747534088.519378,-0.41003844528375,-5.482522740392622,8.274555206298828
1747534088.5365062,-0.47466843455327296,-5.440488175922049,6.154298782348633
1747534088.5558817,-0.533681360838939,-5.379911536403031,5.815029144287109
1747534088.576017,-0.5663507076988306,-5.336301382524633,5.719184875488281
1747534088.594206,-0.6123367970683361,-5.294255666883825,6.717681884765625
1747534088.6163754,-0.6651075008595198,-5.243820918739433,5.805015563964844
1747534088.6372013,-0.6958961506036925,-5.198556460705622,7.000446319580078
1747534088.6606574,-0.7745939259742529,-5.146873010052249,7.746458053588867
1747534088.6802547,-0.8215973828087089,-5.098237304507553,8.620023727416992
1747534088.6957994,-0.8439817398680196,-5.063612624646172,5.082368850708008
1747534088.7156775,-0.8694394847833261,-5.015191442158555,5.026578903198242
1747534088.7359178,-0.959908052985684,-4.971767238487734,5.516767501831055
1747534088.7581048,-0.993210734788094,-4.930662636683175,7.316112518310547
1747534088.7789402,-1.0077745466155592,-4.89889489403433,8.019447326660156
1747534088.7991538,-1.0930273550295415,-4.81907465909464,7.395267486572266
1747534088.8182657,-1.1309543048716948,-4.764362965276601,5.958318710327148
1747534088.8379788,-1.1430333415423515,-4.732918853790574,6.614923477172852
1747534088.8695538,-1.2305617630883863,-4.680907210072428,8.549213409423828
1747534088.8893325,-1.282814905180366,-4.6029023972260275,4.770755767822266
1747534088.9032469,-1.3027142225501702,-4.551545016399152,4.732847213745117
1747534088.9226363,-1.3157672690384141,-4.498873124807366,5.227565765380859
1747534088.9395351,-1.3200527493032272,-4.446944700311182,7.061958312988281
1747534088.9572392,-1.382478236607113,-4.402318165111867,6.382226943969727
1747534088.9759693,-1.4220453189181639,-4.334367286328086,5.871295928955078
1747534088.997174,-1.440826580634085,-4.260873379008392,6.466865539550781
1747534089.0152287,-1.455021783639366,-4.20120899651502,5.139589309692383
1747534089.0362308,-1.5176340128918506,-4.1388342115752925,5.0907135009765625
1747534089.0591166,-1.5558576441040224,-4.080422538058662,6.0443878173828125
1747534089.0774198,-1.5750638116992448,-4.0250487199019265,6.3076019287109375
1747534089.0953248,-1.6344012314305134,-3.970186017024041,5.304098129272461
1747534089.1114562,-1.6472191223031813,-3.935789031163688,4.609107971191406
1747534089.1374018,-1.6541651869989578,-3.8615700053952184,6.530523300170898
1747534089.1581602,-1.693969012762685,-3.798578707484203,6.815910339355469
1747534089.1801972,-1.7151850791429752,-3.733393378787664,7.9193115234375
1747534089.2024019,-1.7209599706692296,-3.687285518031368,8.490562438964844
1747534089.217433,-1.7494232833127294,-3.6174727591228444,4.75311279296875
1747534089.2360172,-1.7641666601757213,-3.52244062146513,5.09333610534668
1747534089.2545214,-1.7692503275943836,-3.4629445627748106,5.053043365478516
1747534089.2711108,-1.7755770697948832,-3.3878963860995377,4.8961639404296875
1747534089.296323,-1.7813911532803315,-3.305001396613288,5.790948867797852
1747534089.317648,-1.7881723191060135,-3.2450195668398667,7.021665573120117
1747534089.337475,-1.7941816569960307,-3.1843406794025957,6.70170783996582
1747534089.3563619,-1.8026029070584821,-3.1058040435546053,5.292654037475586
1747534089.3794928,-1.8102024379755846,-3.0273966905979006,7.640838623046875
1747534089.3996089,-1.8186917555913875,-2.960604738530706,8.1329345703125
1747534089.4213495,-1.8163483776305,-2.8798024440001266,8.951663970947266
1747534089.4374135,-1.8253191607065062,-2.813973793602736,5.08880615234375
1747534089.4586592,-1.8386675586381303,-2.742294902101416,5.940914154052734
1747534089.4763758,-1.8280903774004402,-2.673060213110985,5.189418792724609
1747534089.496664,-1.8254406180115081,-2.6227864865000647,5.148887634277344
1747534089.5115712,-1.8272059417770123,-2.5557946571300376,5.057811737060547
1747534089.5305548,-1.8267944241593106,-2.498332815183236,5.197048187255859
1747534089.5505197,-1.7736307321299545,-2.4388967407233504,5.148410797119141
1747534089.5754662,-1.7517704093717108,-2.342363941574028,5.115270614624023
1747534089.5902178,-1.7466055460016718,-2.2881665728489224,5.064725875854492
1747534089.611045,-1.741745665001196,-2.196455161449022,5.852460861206055
1747534089.639142,-1.7397756973389946,-2.1089325982458944,7.109880447387695
1747534089.6610327,-1.741451769590038,-2.0438660921553686,5.103111267089844
1747534089.6809208,-1.6827683632021313,-1.9497755138320731,5.463123321533203
1747534089.6956356,-1.665269742755657,-1.9032606975885316,5.011558532714844
1747534089.7106364,-1.6530353234730026,-1.8357449234704806,4.918098449707031
1747534089.7366614,-1.6427074812511981,-1.7670334834661754,5.159854888916016
1747534089.7557106,-1.5974119461911598,-1.707417066021865,5.156755447387695
1747534089.775349,-1.5675199840055214,-1.6482262190246013,5.121707916259766
1747534089.7966654,-1.551746520448398,-1.5901244478558518,5.884647369384766
1747534089.8282523,-1.5170103878610612,-1.5133605364580716,7.41124153137207
1747534089.8510442,-1.4928712655588587,-1.4512539519204908,6.500244140625
1747534089.8827393,-1.4036873071811662,-1.3248640669516427,11.560440063476562
1747534089.9046361,-1.358320406580578,-1.2489917535203254,7.342815399169922
1747534089.9242792,-1.3298163429079723,-1.1909311023951756,5.287408828735352
1747534089.9428165,-1.2555967635590999,-1.107772694895319,5.5637359619140625
1747534089.9568043,-1.224233387508509,-1.0491790835739248,5.389928817749023
1747534089.9762726,-1.1936016979653492,-0.9891213686938987,6.009578704833984
1747534089.995902,-1.1731639579241786,-0.9505540775699738,5.484819412231445
1747534090.0112672,-1.1647340454969133,-0.9320470439213668,5.911588668823242
1747534090.0362747,-1.0864147360076695,-0.8515659921921552,5.686521530151367
1747534090.0560868,-1.0418643704481725,-0.8052331178663616,5.867958068847656
1747534090.0761023,-1.0120853841665014,-0.7725433887026956,7.2174072265625
1747534090.0966797,-0.9808516359910806,-0.7362870657478944,6.494998931884766
1747534090.1139028,-0.9348176056330274,-0.7023244046349305,6.017208099365234
1747534090.1318996,-0.8861068652547484,-0.6548520080550686,6.657600402832031
1747534090.152086,-0.8539966339971494,-0.6143532574990651,6.638765335083008
1747534090.176826,-0.7891316347234865,-0.5486442708012642,6.096124649047852
1747534090.1960213,-0.7348093354655276,-0.5005330881979088,5.743741989135742
1747534090.219205,-0.6913086535212584,-0.45987045445093266,8.085250854492188
1747534090.2426198,-0.6330003499427629,-0.4073210726081975,6.898164749145508
1747534090.258111,-0.5852791270107772,-0.37059194037969184,5.635261535644531
1747534090.2754996,-0.5274036960274859,-0.3282515504340972,5.413293838500977
1747534090.291728,-0.48574019935109813,-0.2963310056317593,5.792856216430664
1747534090.312581,-0.4292097805060135,-0.24374333916121685,5.127668380737305
1747534090.3309765,-0.38796837099483816,-0.2060457949483365,5.265712738037109
1747534090.351022,-0.3526624537452978,-0.17861249347488956,5.160093307495117
1747534090.375182,-0.2776860519308123,-0.11999795294611479,5.147218704223633
1747534090.3906918,-0.2277533644051957,-0.09560493894510463,5.1631927490234375
1747534090.416152,-0.15745330436364535,-0.06299517122164644,5.4492950439453125
1747534090.4357975,-0.11231651979661292,-0.013807130182081274,5.218744277954102
1747534090.4503257,-0.07476689192981138,0.02097721768439042,5.2165985107421875
1747534090.4704087,-0.021619790826513337,0.051505606740516435,5.251646041870117
1747534090.4920084,0.04856459570806342,0.0758961539795643,6.837606430053711
1747534090.5154724,0.13620575961978842,0.12268894164644957,5.36036491394043
1747534090.535659,0.20199901780593593,0.14754063939867718,4.891633987426758
1747534090.55865,0.21266019108286233,0.15827022700277657,5.797386169433594
1747534090.5760157,0.23566489491622455,0.15759668026423512,5.526304244995117
1747534090.5965154,0.26406924421973277,0.15727798541376092,5.0487518310546875
1747534090.6175294,0.30386989719126306,0.16831854406617824,6.666898727416992
1747534090.6359496,0.34178753180498433,0.1976506274439715,5.072593688964844
1747534090.6555753,0.39326409151750047,0.21719070434423254,5.014181137084961
1747534090.672665,0.43041406171188734,0.22968685476756967,4.902839660644531
1747534090.6986778,0.47135515974586567,0.2528123999600716,7.295846939086914
1747534090.7160122,0.5017185556701658,0.26779956482582856,5.444049835205078
1747534090.7389128,0.54171966491,0.28259389244073496,7.6580047607421875
1747534090.7577217,0.6264065687892034,0.2752112222630963,5.476236343383789
1747534090.779452,0.6862003082225389,0.27294803079644697,6.773471832275391
1747534090.799506,0.7292859886618139,0.27219068491288145,6.188392639160156
1747534090.821008,0.8149184541115871,0.2757564216844549,6.254911422729492
1747534090.8401234,0.880172011644821,0.27539741238978466,5.648374557495117
1747534090.8574092,0.925095751446255,0.2780412257383843,6.41632080078125
1747534090.8755722,0.9593633892604848,0.2808495974992524,4.630088806152344
1747534090.895483,1.028467795432484,0.27742668252218594,4.924297332763672
1747534090.9154766,1.082436849309507,0.27544975401316313,4.7397613525390625
1747534090.9302905,1.1119615460973367,0.27739001686761944,5.320310592651367
1747534090.9566553,1.236275308700681,0.26355751409977446,6.27589225769043
1747534090.975218,1.306329426781212,0.2519767687102121,5.27501106262207
1747534090.9956186,1.3611734667701607,0.2458795193004777,5.19561767578125
1747534091.018306,1.4290129975965278,0.22838202231930485,6.704807281494141
1747534091.035316,1.4816796311708773,0.21457629518052146,4.964351654052734
1747534091.0573044,1.5256846419117165,0.20277252548865837,6.514549255371094
1747534091.0793316,1.5606470480073986,0.19375738284323857,7.022619247436523
1747534091.0982563,1.6292492603413964,0.16852373271073162,6.6204071044921875
1747534091.117701,1.706324001781289,0.14672808287015526,7.96818733215332
1747534091.1367576,1.794331250515368,0.12287468033694536,4.683256149291992
1747534091.1559396,1.868193950581574,0.1073578170219902,5.452871322631836
1747534091.178234,1.9297508197858222,0.09650313025563176,6.907939910888672
1747534091.1970184,1.9391893893027992,0.07405252415264434,6.516933441162109
1747534091.2155714,1.9447275090488298,0.056964550662590145,5.422353744506836
1747534091.2360337,1.9550536432116594,0.04630409137557916,5.331754684448242
1747534091.2573695,1.9533135589718695,0.00872403873407028,6.329774856567383
1747534091.276433,1.9539369015020522,-0.013764773837860697,4.790544509887695
1747534091.292311,1.9592116281322167,-0.028862659283593387,7.02214241027832
1747534091.3140287,1.9978530819117337,-0.07180640108471233,6.530046463012695
1747534091.3381793,2.0393585266704948,-0.10431384872366954,6.803274154663086
1747534091.3511226,2.057217906096136,-0.11784434474056595,4.596471786499023
1747534091.3752322,2.0851331366466614,-0.13820865940896465,5.0411224365234375
1747534091.396162,2.1331082003131407,-0.17366105260918374,5.578041076660156
1747534091.4158654,2.172840926277504,-0.20251049428026677,5.659818649291992
1747534091.4306357,2.2028359348308992,-0.22064034225929569,4.926204681396484
1747534091.4503608,2.252220347874348,-0.25787866389381964,5.133628845214844
1747534091.4759502,2.291561777794764,-0.2903312073699377,5.398750305175781
1747534091.4964461,2.3189495742153072,-0.3121582166069522,5.842924118041992
1747534091.5132916,2.3458969207235265,-0.35769879302248325,5.194664001464844
1747534091.5360484,2.380673113042437,-0.40425645288788686,5.528688430786133
1747534091.5553071,2.403755025393485,-0.4336931338521425,5.29932975769043
1747534091.5766068,2.454705674237895,-0.47776600515655593,6.132364273071289
1747534091.5966666,2.4904692530987265,-0.5122451921598141,6.310462951660156
1747534091.614421,2.5127625538008895,-0.5332966810060692,5.610227584838867
1747534091.6385176,2.5386903532714635,-0.5590509289803302,8.031845092773438
1747534091.6569536,2.5767219237075354,-0.5952916726684685,5.91278076171875
1747534091.6794329,2.604978847362294,-0.6194902327583905,7.19761848449707
1747534091.6969025,2.6227738099742255,-0.6411654856273652,6.362199783325195
1747534091.7195487,2.655980495974547,-0.6988853407395211,8.818626403808594
1747534091.7395313,2.672836292605805,-0.7334109706612313,7.662296295166016
1747534091.7649083,2.6963114528455816,-0.7725242347307621,12.452125549316406
1747534091.7893543,2.7325847860749954,-0.8365431219515934,6.483793258666992
1747534091.8108191,2.752944033183943,-0.8902041179529077,5.990266799926758
1747534091.8359308,2.7684032208046094,-0.9304817492626378,9.68790054321289
1747534091.8562963,2.7746281043529204,-0.9876879867146734,8.3160400390625
1747534091.8742702,2.768539135688423,-1.049956259225188,6.583690643310547
1747534091.893263,2.7612027995498103,-1.1021438064204503,6.528139114379883
1747534091.9077334,2.7895384274779973,-1.156339478219669,5.086660385131836
1747534091.923468,2.8016853265127732,-1.2069858354850134,5.008935928344727
1747534091.9371552,2.8080256632669545,-1.248128529828566,4.920482635498047
1747534091.9518619,2.810058028142183,-1.2735190962419947,4.774570465087891
1747534091.9751692,2.8196328225572813,-1.3350216598721754,4.7435760498046875
1747534091.9906073,2.819434723869242,-1.37068380018273,5.608558654785156
1747534092.0155122,2.823788425538918,-1.4139697879998594,4.704475402832031
1747534092.0353403,2.8182796981534617,-1.488457895754614,5.371809005737305
1747534092.0552878,2.813526777362553,-1.544869815282177,5.043983459472656
1747534092.0755394,2.812064296102945,-1.586214586632257,4.897594451904297
1747534092.0969434,2.809953677212935,-1.618801814707683,6.242513656616211
1747534092.115555,2.808701767173414,-1.673652102343037,5.260467529296875
1747534092.136355,2.805298436277566,-1.7185838762495278,5.414247512817383
1747534092.155891,2.8033027173390503,-1.7556993964216232,5.210161209106445
1747534092.1744697,2.7777811336920606,-1.7971164367793677,4.563808441162109
1747534092.195654,2.7462509074482213,-1.826656192801622,5.248069763183594
1747534092.2151392,2.7322986815631403,-1.8631711138658595,4.752635955810547
1747534092.2302969,2.694789754175739,-1.8939995154512137,4.779815673828125
1747534092.2558267,2.6783738730270614,-1.9526978650745144,4.971981048583984
1747534092.2790532,2.6731489587747346,-1.9960211251248532,6.108522415161133
1747534092.294772,2.6774399534160835,-2.0494782350916667,4.834175109863281
1747534092.3097644,2.684231904407848,-2.0924083440115204,4.784107208251953
1747534092.3355286,2.6847660681532233,-2.1541324776133615,4.859209060668945
1747534092.3527644,2.6967345864498116,-2.1855368930877215,5.041599273681641
1747534092.3717744,2.6823715759697007,-2.241686217352482,5.672454833984375
1747534092.3959079,2.667849048505389,-2.305232398897176,5.1422119140625
1747534092.415247,2.666860551813406,-2.353195731280397,4.973888397216797
1747534092.4390056,2.650396386655736,-2.4146087820876634,8.549213409423828
1747534092.4555159,2.644963681920152,-2.469608980713304,5.18035888671875
1747534092.4830012,2.652788198866488,-2.5138370804802173,6.461143493652344
1747534092.6164653,2.646994181958717,-2.902258602443607,5.244731903076172
1747534092.6351125,2.6310383226031164,-2.94854371683003,4.997491836547852
1747534092.6551867,2.6889625771772065,-3.0259479202227113,4.997014999389648
1747534092.6710954,2.7243467886166988,-3.080188035962826,4.889488220214844
1747534092.695306,2.7487827594532965,-3.133947820077589,9.914398193359375
1747534092.7184238,2.767877246714212,-3.1745403195934574,6.851673126220703
1747534092.7351866,2.7811856169605362,-3.2379578150742354,6.192922592163086
1747534092.7529776,2.7931476322376194,-3.29748392847313,6.067752838134766
1747534092.775848,2.8118658956626517,-3.3526988905457467,5.176305770874023
1747534092.795605,2.8450312271458853,-3.414324290141549,5.4759979248046875
1747534092.8126378,2.8706983101737444,-3.475731018526042,6.591320037841797
1747534092.8351862,2.886580946819092,-3.523875889086268,5.100011825561523
1747534092.8511925,2.9201381103387516,-3.5938806512992434,4.748106002807617
1747534092.8768423,2.953160227953987,-3.6642814434499607,5.744695663452148
1747534092.8974097,2.97253123213599,-3.7020165488736274,6.822347640991211
1747534092.9135308,2.98750426124765,-3.7188925328865583,5.326747894287109
1747534092.930801,3.0257466538528233,-3.7839099508339817,4.719734191894531
1747534092.950226,3.0632066979530372,-3.8363169311447223,4.869699478149414
1747534092.9780161,3.0869846736712607,-3.879365123350747,6.997585296630859
1747534093.0029275,3.1266538636485093,-3.9296821177771912,6.461620330810547
1747534093.0189319,3.173304781690377,-3.9905256874295523,5.541801452636719
1747534093.0325775,3.194261259167427,-4.01998594908793,4.780292510986328
1747534093.0520344,3.235432038970176,-4.088339828434344,6.585597991943359
1747534093.075683,3.276655131749845,-4.153071785452643,5.2127838134765625
1747534093.0948741,3.3002510118606057,-4.189656702948479,4.867792129516602
1747534093.119229,3.357587796980947,-4.266728701708026,6.875038146972656
1747534093.1362765,3.4044884746799,-4.322710933525387,5.735635757446289
1747534093.1580935,3.4352469879250913,-4.366741881615768,7.019758224487305
1747534093.1799655,3.4540004708297074,-4.4023459703676515,8.711814880371094
1747534093.204945,3.4695585873757437,-4.447710312158941,4.921674728393555
1747534093.226182,3.4853282753980466,-4.498891447835425,7.097959518432617
1747534093.244854,3.4938989209405413,-4.559161295593286,5.229473114013672
1747534093.266189,3.514853246599772,-4.642119880224726,7.217884063720703
1747534093.283785,3.5350613433452422,-4.6974160826469635,5.069255828857422
1747534093.299649,3.555703667217224,-4.744771299298863,6.465435028076172
1747534093.3164065,3.59198757626103,-4.80752700999821,5.289316177368164
1747534093.3357837,3.609772473461659,-4.8628388609494815,5.309820175170898
1747534093.3579776,3.621699888769484,-4.912476663973932,6.900548934936523
1747534093.376169,3.657819576153843,-4.973516860794531,5.834817886352539
1747534093.3964012,3.667708025621267,-5.032862639879098,5.202531814575195
1747534093.416258,3.665982200358872,-5.085500794474055,5.866289138793945
1747534093.4353836,3.656454119598883,-5.132938010276759,5.479097366333008
1747534093.4557846,3.6537198758164444,-5.189341031977822,5.264043807983398
1747534093.478247,3.648333066736587,-5.231867686840112,7.949113845825195
1747534093.502045,3.6426559446899525,-5.261773719554885,10.913372039794922
1747534093.5244663,3.6518576899070183,-5.327667250633214,5.791425704956055
1747534093.5475173,3.6563186925375097,-5.365723042761711,8.489847183227539
1747534093.5761065,3.662144930599449,-5.424730951274139,8.599519729614258
1747534093.5944426,3.6553166115264517,-5.495166023669834,7.957696914672852
1747534093.6225927,3.649075702511969,-5.552541932812604,7.988452911376953
1747534093.6458304,3.654749494571088,-5.603795233648362,6.971836090087891
1747534093.668302,3.648204865108335,-5.635621518310004,7.189750671386719
1747534093.6912305,3.637670934841318,-5.65955918240586,6.6547393798828125
1747534093.711454,3.627219837970062,-5.682668368516795,6.0901641845703125
1747534093.7380996,3.600948548029074,-5.719874168731069,10.281801223754883
1747534093.7617483,3.5876625143269973,-5.765808289246857,8.33892822265625
1747534093.7787807,3.5639458856070947,-5.795457046063775,7.119894027709961
1747534093.7931786,3.5437542665168746,-5.81025328370203,4.9285888671875
1747534093.8110123,3.5430130356545084,-5.851529296976544,4.830598831176758
1747534093.838651,3.527689398247256,-5.889431240991423,7.729530334472656
1747534093.8553383,3.506253498203965,-5.916395282923857,5.0563812255859375
1747534093.8718274,3.4843236475002213,-5.942200043665271,4.773378372192383
1747534093.8905387,3.449357630273395,-5.971175456841764,4.791975021362305
1747534093.918572,3.4145527182650897,-5.997989176754035,6.665468215942383
1747534093.9362948,3.3909320111846015,-6.0294854023820745,6.0787200927734375
1747534093.9520957,3.3603991350398945,-6.057918690413692,4.736423492431641
1747534093.977757,3.323682353783777,-6.08673872780506,7.580041885375977
1747534093.9967797,3.2876273957938715,-6.108063285239448,6.302833557128906
1747534094.016716,3.2717758933506236,-6.129552401235581,7.9669952392578125
1747534094.039509,3.2281116786181685,-6.154902026532531,7.866382598876953
1747534094.0562668,3.177194660485382,-6.180754886828803,4.945516586303711
1747534094.0768566,3.1153339297529263,-6.215282078594057,4.979848861694336
1747534094.0940266,3.079462232399194,-6.229050494364712,5.529165267944336
1747534094.11618,3.0449476308252605,-6.247645433580823,5.558490753173828
1747534094.136052,2.990363734642331,-6.2568579684027466,5.172967910766602
1747534094.1565554,2.926586556159808,-6.270298702326088,6.179571151733398
1747534094.1777868,2.8747882544654777,-6.281935107098492,7.144927978515625
1747534094.1983488,2.816584461435047,-6.298825542643303,6.7195892333984375
1747534094.2164168,2.7701704606862343,-6.310782651031133,6.140470504760742
1747534094.2386894,2.721438191452412,-6.322850401934139,6.601810455322266
1747534094.2573097,2.6843834398335535,-6.328993236982135,6.716728210449219
1747534094.275996,2.655701057132037,-6.334592693409415,5.495309829711914
1747534094.2913432,2.6352934793922427,-6.333680474899796,4.674434661865234
1747534094.3154447,2.5758824664249476,-6.346603423445626,5.221128463745117
1747534094.33845,2.5363608976755048,-6.352441027383885,6.495237350463867
1747534094.356182,2.495570873396452,-6.359942854204083,4.803180694580078
1747534094.375004,2.4531162598216913,-6.367715731143322,4.842996597290039
1747534094.3909194,2.406620528477905,-6.380136526954113,4.748821258544922
1747534094.4105685,2.3601561329776284,-6.395840009292186,5.58924674987793
1747534094.430704,2.335720785469145,-6.402382046899283,5.362987518310547
1747534094.4502425,2.305907416675365,-6.4100235150289695,4.824161529541016
1747534094.4705338,2.2631037562125593,-6.427965339774322,4.895210266113281
1747534094.4983206,2.2199042532159337,-6.44214747840598,5.8956146240234375
1747534094.516429,2.1916633529774425,-6.449961884825002,5.786418914794922
1747534094.538116,2.082902897470297,-6.455331109395489,6.64830207824707
1747534094.5574636,2.0159363056423465,-6.452974583355575,6.50787353515625
1747534094.5774949,1.972495083832835,-6.454595003696383,6.737947463989258
1747534094.5944264,1.896178913155036,-6.458722611219378,5.398750305175781
1747534094.615439,1.8463012844656694,-6.460200004780909,5.267620086669922
1747534094.6330402,1.8279477701336688,-6.462445437785492,4.669666290283203
1747534094.6563203,1.7602874908225175,-6.4704768449273455,5.906343460083008
1747534094.6778462,1.7192363449053174,-6.4762230537189085,6.644964218139648
1747534094.6980085,1.6867783385918846,-6.480941250073886,7.606267929077148
1747534094.7168438,1.6047267578822217,-6.488652962705998,5.105257034301758
1747534094.739628,1.5547353221257583,-6.49009080939828,7.71784782409668
1747534094.7614639,1.5081995315142678,-6.493745487057417,4.820346832275391
1747534094.7862947,1.4201941237479714,-6.475189002516248,6.098508834838867
1747534094.8078165,1.3595724269900475,-6.467131905916612,6.688833236694336
1747534094.8236132,1.3236885831325305,-6.465651303170657,4.9953460693359375
1747534094.8443856,1.2730499869385743,-6.463538996486889,6.417274475097656
1747534094.8635216,1.2189637897506755,-6.455131510182405,7.255315780639648
1747534094.8838716,1.1589805283782662,-6.448453622551975,5.438089370727539
1747534094.896527,1.110039717463716,-6.445048085753514,4.540920257568359
1747534094.9163694,1.053402450979431,-6.45175566547823,6.363630294799805
1747534094.9346979,1.0113796798594277,-6.452399739611195,4.587888717651367
1747534094.95565,0.9777508604685298,-6.449303539282596,4.834651947021484
1747534094.9747615,0.9578919339343172,-6.450620157041294,4.755496978759766
1747534094.994747,0.9269908972117403,-6.45061712821112,4.706859588623047
1747534095.0095608,0.9042826007099187,-6.449103993779957,4.69517707824707
1747534095.0378451,0.8180024238728888,-6.420924911524761,6.543874740600586
1747534095.0552757,0.7599716894397978,-6.407091601596219,5.002260208129883
1747534095.07734,0.7104663952545164,-6.395585678990285,6.672382354736328
1747534095.0995939,0.6367898034228275,-6.381848744840239,7.83991813659668
1747534095.116558,0.5738326927646769,-6.3715901408770765,5.218982696533203
1747534095.1365619,0.5244502472490011,-6.363576326821388,6.005048751831055
1747534095.1548703,0.4584960609762193,-6.335288051975045,4.961252212524414
1747534095.1751804,0.38971201729842314,-6.316245290294456,5.13148307800293
1747534095.1958778,0.3313845871837579,-6.303184323526574,5.815982818603516
1747534095.216668,0.2872080077704134,-6.268289859192941,5.972623825073242
1747534095.241136,0.24302909033241227,-6.244828953263837,6.615161895751953
1747534095.2568326,0.2256240236174325,-6.2348996318297525,5.415201187133789
1747534095.2723668,0.1876438663096149,-6.218568844786524,5.0907135009765625
1747534095.2982762,0.1318067610946677,-6.181666284112755,7.599353790283203
1747534095.3242416,0.07402700216848697,-6.153813813558366,6.095409393310547
1747534095.345041,0.17599607017258462,-6.11882617352914,5.924224853515625
1747534095.3639517,0.15000010599766672,-6.083670898507164,5.910396575927734
1747534095.3802693,0.12583050242734614,-6.0588391981762,6.00123405456543
1747534095.3964446,0.10418011611463698,-6.030527098048612,5.436420440673828
1747534095.4154189,0.06328727862183202,-5.985951849750122,5.430698394775391
1747534095.4354348,0.02936653698980579,-5.953756555776266,5.434751510620117
1747534095.4556746,-0.0013381707951410722,-5.929559381750064,5.547285079956055
1747534095.4754355,-0.055075379876351936,-5.870234065751416,5.552768707275391
1747534095.4904742,-0.08608929985299281,-5.841573754039688,5.696535110473633
1747534095.5105894,-0.12011370233635402,-5.818282295374792,5.69605827331543
1747534095.5406487,-0.1598155233066273,-5.790396508447037,9.380578994750977
1747534095.5561957,-0.21263345803597986,-5.756649199601818,6.1054229736328125
1747534095.5721357,-0.25833102138318526,-5.724008788013902,5.984067916870117
1747534095.5944166,-0.30300661968395154,-5.685910316247115,6.772756576538086
1747534095.6163778,-0.3630257528972626,-5.622833376518133,6.467580795288086
1747534095.6368806,-0.41107070583500055,-5.574369026070778,6.645679473876953
1747534095.654017,-0.4280623148996673,-5.555339628616951,6.541252136230469
1747534095.6714802,-0.5013755189655177,-5.499506835007572,6.198883056640625
1747534095.6946828,-0.5524595306933743,-5.442374670823078,8.306503295898438
1747534095.7160485,-0.5879894910164343,-5.398299532880433,7.154941558837891
1747534095.7404976,-0.6690591893017502,-5.343781391819675,7.477760314941406
1747534095.7580528,-0.7093927560724093,-5.298209314550005,7.258415222167969
1747534095.7732625,-0.7351751095614711,-5.258548478423657,5.192756652832031
1747534095.7904093,-0.7594830627001837,-5.220552704758702,5.250453948974609
1747534095.8150544,-0.8270737853170304,-5.143303179997617,5.227804183959961
1747534095.8348863,-0.8636091195168565,-5.087371527403263,5.08570671081543
1747534095.8562438,-0.8783102762434158,-5.043842662080762,6.0253143310546875
1747534095.8747332,-0.9670131461823288,-4.984064406505844,4.851341247558594
1747534095.8950305,-1.020479690675732,-4.931620532445036,4.929780960083008
1747534095.915502,-1.0521856906797413,-4.882559929041846,5.058765411376953
1747534095.935022,-1.1097779405401862,-4.823102881736894,5.0182342529296875
1747534095.9546683,-1.1413632872574169,-4.760513158715542,4.890203475952148
1747534095.9772527,-1.1601669560725762,-4.715135988061713,6.524085998535156
1747534095.9912035,-1.1611899143295472,-4.699486408126911,4.673004150390625
1747534096.009855,-1.2514010630754642,-4.625260818038032,4.842281341552734
1747534096.0351484,-1.2941596428946787,-4.553414904755121,5.084037780761719
1747534096.0547202,-1.310347084903397,-4.4979833070053115,4.890680313110352
1747534096.0747705,-1.374311970989394,-4.426510370129091,4.849672317504883
1747534096.090145,-1.398569113738164,-4.3700380833187005,4.825115203857422
1747534096.1100447,-1.4180767309708304,-4.306135694709991,4.831790924072266
1747534096.1349947,-1.4930721684898094,-4.22942122385458,4.831552505493164
1747534096.1581054,-1.5265278315028186,-4.1693173146316,7.714033126831055
1747534096.1716645,-1.5350263667423065,-4.122963487497502,4.710674285888672
1747534096.2088125,-1.5532120889626404,-4.049940912970968,8.139371871948242
1747534096.2223475,-1.5630425551929383,-4.020926983625693,4.851102828979492
1747534096.2396219,-1.6096692446393377,-3.9410591774922112,4.753351211547852
1747534096.2549694,-1.6245088300584527,-3.8780692572744333,4.739284515380859
1747534096.2759967,-1.6319959098813845,-3.818745807361603,5.106449127197266
1747534096.2956293,-1.6854245618538208,-3.7555482793542754,5.794525146484375
1747534096.3152666,-1.7040855343897459,-3.6968775078308442,5.411863327026367
1747534096.3355377,-1.7098622411067976,-3.639410819843869,5.407094955444336
1747534096.35467,-1.7260651938730067,-3.5871275583911175,5.434989929199219
1747534096.3755064,-1.7271525873273448,-3.4963790966645747,5.1670074462890625
1747534096.3908048,-1.725219556469404,-3.450400134349883,5.478382110595703
1747534096.4152408,-1.7311547385281902,-3.374988968469542,5.141973495483398
1747534096.4358969,-1.7582197490920815,-3.3019638919987955,5.127668380737305
1747534096.4570422,-1.771751945878469,-3.239077905781195,6.842374801635742
1747534096.4759634,-1.780504553527462,-3.177262105774176,5.927801132202148
1747534096.4962306,-1.785560913262139,-3.1066932482273732,7.277965545654297
1747534096.515813,-1.7958689729099908,-3.0167201198583924,5.180120468139648
1747534096.5367434,-1.7985876283431064,-2.9611460288086997,5.919694900512695
1747534096.555327,-1.7985696839681273,-2.864655368815874,5.278348922729492
1747534096.5719752,-1.8079782514773175,-2.7900218491843543,5.120754241943359
1747534096.5960546,-1.8144356808951305,-2.708083282679771,6.020784378051758
1747534096.6156857,-1.8221001668203283,-2.6611678377623953,7.902860641479492
1747534096.6385112,-1.79701730972028,-2.5813478646615415,7.357120513916016
1747534096.656081,-1.7833917049012842,-2.5149569700767267,5.797386169433594
1747534096.6714745,-1.7795603624471095,-2.486184420666655,5.131244659423828
1747534096.69597,-1.758052751705042,-2.3841183516195934,5.884408950805664
1747534096.7109165,-1.7559413079365291,-2.3321376275300887,4.864692687988281
1747534096.7358642,-1.7575739579376934,-2.262856667434973,5.370140075683594
1747534096.751051,-1.743726795742325,-2.2167270890034803,4.971027374267578
1747534096.7761767,-1.7371838006078693,-2.14056234268091,6.083488464355469
1747534096.796454,-1.734682173633232,-2.074956082535722,6.297588348388672
1747534096.8162296,-1.6733750437119332,-1.9821010115205735,5.951166152954102
1747534096.8335395,-1.6522569882671672,-1.9123470946578305,4.930257797241211
1747534096.8565464,-1.635915934489699,-1.827891129393649,5.525827407836914
1747534096.8747408,-1.6302523688220556,-1.78810226818314,6.143808364868164
1747534096.896164,-1.5911421237525585,-1.6964549054190692,5.5294036865234375
1747534096.9156897,-1.5679467880233413,-1.6344765364422804,5.378007888793945
1747534096.9355206,-1.551647692205131,-1.5762732667043307,5.352020263671875
1747534096.9573781,-1.4848782556137414,-1.485839174308308,6.704807281494141
1747534096.9751737,-1.4465705231073471,-1.4112586850166067,5.086183547973633
1747534096.9912605,-1.4258196098658882,-1.3624209161312404,5.057334899902344
1747534097.0154903,-1.375947552788936,-1.2672704860670148,5.230426788330078
1747534097.0374415,-1.3457223190133485,-1.1923400310992747,5.416631698608398
1747534097.0559018,-1.3259148058066097,-1.1335712054797344,5.584001541137695
1747534097.076412,-1.2662063119793385,-1.063225089917537,5.661725997924805
1747534097.0906138,-1.232467369363494,-1.0108464255711205,5.481719970703125
1747534097.1153736,-1.1944550367090836,-0.9391072036153391,5.565881729125977
1747534097.1361787,-1.1782967787741834,-0.893270079305818,5.810260772705078
1747534097.1520019,-1.1216355539845086,-0.8409115747250319,5.461931228637695
1747534097.1708252,-1.0734199695549254,-0.7891167117207403,5.754947662353516
1747534097.190995,-1.0316323478977878,-0.7406805216395232,5.9413909912109375
1747534097.2158213,-0.951946019964756,-0.6650973920730174,6.08372688293457
1747534097.2359557,-0.904580189211327,-0.600948158816327,5.783557891845703
1747534097.2562635,-0.8726393717898099,-0.551604960520654,5.907297134399414
1747534097.276307,-0.8057766184467762,-0.4989979002004761,5.866765975952148
1747534097.2925348,-0.7667671588635994,-0.47000566314401776,5.971670150756836
1747534097.31601,-0.7078140569407388,-0.4269050414001702,5.605220794677734
1747534097.337078,-0.6802572860552611,-0.4006112878108451,7.050514221191406
1747534097.355475,-0.6448144986284574,-0.37079097446883996,5.596399307250977
1747534097.3765242,-0.5913349218966419,-0.33624996783854544,7.034778594970703
1747534097.4013913,-0.5290548719829647,-0.29752648065920817,5.336284637451172
1747534097.422734,-0.49517091038632943,-0.2721413989013199,5.909204483032227
1747534097.441803,-0.419871405445258,-0.20994375005056934,5.570411682128906
1747534097.4559839,-0.35966095810518733,-0.1623910451542858,5.115509033203125
1747534097.5155206,-0.2757988032048657,-0.07738604269754686,6.120443344116211
1747534097.6166449,0.1159045661888392,0.08801173341495477,5.132913589477539
1747534097.6351147,0.16453569560370124,0.1216299826794009,5.059719085693359
1747534097.6547916,0.22092654139963366,0.14063779291071798,4.891157150268555
1747534097.674799,0.29045106295566314,0.15451493967606034,4.809856414794922
1747534097.6950285,0.35673853636147507,0.16792434314701546,4.940271377563477
1747534097.7109063,0.3883066425601996,0.17929550021439447,5.107879638671875
1747534097.735282,0.43410467421651466,0.18704233090362796,5.1097869873046875
1747534097.7551882,0.46407558226456586,0.19250451943967187,4.986286163330078
1747534097.7767298,0.4536800817578622,0.2093444467330332,9.054899215698242
1747534097.7989354,0.48634648299367733,0.22894880443109544,5.6629180908203125
1747534097.8149846,0.524435782740781,0.2400884932937914,4.794597625732422
1747534097.833802,0.5602760398985072,0.25701652537625536,6.790637969970703
1747534097.856481,0.6159219924945339,0.2741943105015784,5.5637359619140625
1747534097.8763676,0.6540435623223239,0.285943510648526,5.218267440795898
1747534097.8952277,0.7360420287264,0.28532766814570837,4.985809326171875
1747534097.9168186,0.7893117977078542,0.28808686464716665,6.792545318603516
1747534097.9354777,0.8344712427822336,0.2915273144061907,4.805803298950195
1747534097.9578192,0.8876518900417675,0.29896431334882334,6.500005722045898
1747534097.9760702,0.9510687537089043,0.28867231045332936,5.9108734130859375
1747534097.9974573,1.0015359733177658,0.2834015121880143,7.251739501953125
1747534098.0158324,1.0496885703824703,0.28314869906055745,5.271196365356445
1747534098.0327575,1.1173298096054243,0.276224710714355,4.725456237792969
1747534098.051347,1.185403842660885,0.2724504316752352,5.400180816650391
1747534098.070261,1.2434463996634837,0.2712504959371317,5.169153213500977
1747534098.0984132,1.3198599698588644,0.2502115991388907,6.246089935302734
1747534098.1178172,1.3797311784237825,0.23324312356667318,5.493402481079102
1747534098.1362414,1.419865864960572,0.23058364192495728,6.169319152832031
1747534098.1537378,1.4446505494620308,0.22488675298275743,5.119800567626953
1747534098.174791,1.5394935280596314,0.2011824606573951,4.899024963378906
1747534098.196564,1.6077632346885498,0.1863727006222401,5.627155303955078
1747534098.2161236,1.6642727125160592,0.17340491670509559,5.989551544189453
1747534098.2353325,1.7213305638076377,0.14468929975288916,5.187749862670898
1747534098.2557323,1.7765020371871492,0.12065723387245203,5.199909210205078
1747534098.2755497,1.8202972115696205,0.09846855187147838,4.801034927368164
1747534098.296924,1.866916495494837,0.05904424076487112,6.403684616088867
1747534098.311443,1.8999282574133982,0.03966064296981739,4.421234130859375
1747534098.3352835,1.9367501419882636,0.018809304671711994,5.213022232055664
1747534098.355146,1.9638439127292961,-0.013541792490991132,4.8046112060546875
1747534098.3763769,1.9828611265241747,-0.03859368702014573,5.539417266845703
1747534098.3969073,2.0018928691125883,-0.062360624548673,6.797075271606445
1747534098.4177105,2.025946627704408,-0.08164461861211791,6.442785263061523
1747534098.4357176,2.0634612265032373,-0.11229310299776886,5.380392074584961
1747534098.455675,2.0996675910632927,-0.1366661168333083,5.281686782836914
1747534098.4764612,2.128944850280198,-0.1590827685523779,5.126237869262695
1747534098.4970798,2.1764999394857703,-0.2011212760007491,4.976511001586914
1747534098.515579,2.231344576244015,-0.2311555509435243,5.098819732666016
1747534098.5355191,2.2892013042887136,-0.25776058052908,5.259990692138672
1747534098.5561156,2.3315896725824836,-0.2794431047895124,5.354404449462891
1747534098.5755682,2.361785922603536,-0.29904410486196803,5.501508712768555
1747534098.595121,2.408272615046405,-0.3335824617220163,5.277156829833984
1747534098.6153944,2.4559845586670384,-0.3661336571909797,5.448579788208008
1747534098.6358144,2.499180689761225,-0.3941506698560067,5.770206451416016
1747534098.6566799,2.5317802801767857,-0.42978725613902025,5.400657653808594
1747534098.676321,2.558721173344717,-0.46234557547142774,5.130767822265625
1747534098.6961045,2.5790669807260884,-0.47725476043784015,7.7953338623046875
1747534098.718862,2.5918384657174336,-0.5331749719158658,8.219718933105469
1747534098.7382727,2.6050673572556677,-0.5712203739849535,7.271051406860352
1747534098.7631524,2.618325047497764,-0.6027365394646758,6.052732467651367
1747534098.7800446,2.6431365649491583,-0.6526552552226734,7.11512565612793
1747534098.7984428,2.649924053810882,-0.6930718704466443,7.5588226318359375
1747534098.81681,2.64153541972832,-0.7254303931403575,6.030797958374023
1747534098.83283,2.641523709494919,-0.7455254759844087,5.769968032836914
1747534098.8620272,2.685267458596289,-0.7918741016193914,9.71221923828125
1747534098.8832333,2.7117154576885247,-0.825383115931852,6.285667419433594
1747534098.8978927,2.7324012989187425,-0.8501679657988238,5.828619003295898
1747534098.9142675,2.7515408160333177,-0.9091322477468508,6.403446197509766
1747534098.937369,2.770089122167545,-0.9807943616885045,6.09278678894043
1747534098.9559872,2.774527979649699,-1.0249907509975722,5.364656448364258
1747534098.9703379,2.775885506769366,-1.0564326272757927,5.424261093139648
1747534098.9953792,2.7940511186338233,-1.1169348662909606,5.440235137939453
1747534099.0097098,2.7976602474329124,-1.1544883331390368,5.100727081298828
1747534099.03483,2.8074907354816405,-1.2029292064071997,5.060911178588867
1747534099.0588002,2.8047496422990665,-1.2566002439348434,6.341695785522461
1747534099.078772,2.8016395046490796,-1.3002188774793437,6.596088409423828
1747534099.0959654,2.7968535011430604,-1.342775571621186,5.501270294189453
1747534099.1163936,2.811046132209216,-1.4005641959202242,6.515741348266602
1747534099.1353154,2.8121022936029663,-1.4582905034574263,5.454301834106445
1747534099.1550794,2.8145553298081913,-1.509872583508217,5.141973495483398
1747534099.1730154,2.8007599712914972,-1.5552150995580378,4.914760589599609
1747534099.1969962,2.7849374069543282,-1.6119809216700467,6.393909454345703
1747534099.2177684,2.7759085537450137,-1.6513255417078192,7.400274276733398
1747534099.239692,2.769100242928693,-1.7104135260662865,7.789134979248047
1747534099.255417,2.76471051703742,-1.7699581709468994,4.945278167724609
1747534099.2761977,2.7613527613316164,-1.8105139245075597,4.6710968017578125
1747534099.296014,2.760722869530373,-1.8402880707368836,5.805253982543945
1747534099.3171136,2.7510745166003825,-1.9040002788228851,6.544589996337891
1747534099.3356628,2.741759865778338,-1.9559766941970487,5.335807800292969
1747534099.3604774,2.735085803326214,-1.9955900587783493,8.10384750366211
1747534099.38072,2.709870354403981,-2.0468411728367033,6.281137466430664
1747534099.400531,2.6602157046984334,-2.0865419533313663,8.306741714477539
1747534099.4205303,2.614772380670776,-2.1248957797732166,8.046627044677734
1747534099.4406118,2.5914128166560704,-2.1743569787218564,4.881381988525391
1747534099.4569168,2.5822925575836977,-2.2151352731151257,5.0563812255859375
1747534099.4764392,2.575321032802662,-2.250986056370506,5.925178527832031
1747534099.4930089,2.5712224048957375,-2.2740515146710956,5.000591278076172
1747534099.5149689,2.569011934478534,-2.3419365448889997,4.827260971069336
1747534099.5350873,2.575209242966835,-2.390497264699703,4.970073699951172
1747534099.5521944,2.578468173871997,-2.4258262970500657,4.794120788574219
1747534099.57704,2.551771719275556,-2.5015359405647324,5.587577819824219
1747534099.5940278,2.538646926180163,-2.541911945059623,5.587339401245117
1747534099.6124852,2.531009069652659,-2.5927120127107064,7.178306579589844
1747534099.6310148,2.553209139448238,-2.663777365499107,4.932403564453125
1747534099.655285,2.578640962942508,-2.7513135468959122,4.858970642089844
1747534099.678914,2.5894977817352514,-2.803857365977319,8.206605911254883
1747534099.6989164,2.620795893793136,-2.902927219745612,6.954669952392578
1747534099.716388,2.6314731203213606,-2.9649949089968892,5.989551544189453
1747534099.7365203,2.642617659780772,-3.0229978528259847,5.611181259155273
1747534099.7700255,2.66678523372557,-3.1262841536755843,6.643772125244141
1747534099.785539,2.6791608047768314,-3.159710742542874,5.091667175292969
1747534099.8031456,2.6904700592699244,-3.2144190906318157,6.121397018432617
1747534099.823157,2.6993401582815792,-3.260499663470247,6.870746612548828
1747534099.8425286,2.710260760597971,-3.3325664581690746,5.667209625244141
1747534099.861076,2.731203436757726,-3.388812272302889,5.266427993774414
1747534099.8823924,2.748494888973601,-3.4336699875015007,5.684375762939453
1747534099.902156,2.769048420501168,-3.5011688296727215,5.779027938842773
1747534099.9206996,2.7998594263626457,-3.5705126968500527,6.636381149291992
1747534099.942894,2.8199977807271974,-3.613405331803636,7.256746292114258
1747534099.9674637,2.8445396939991126,-3.6671156168789185,6.372690200805664
1747534099.9842412,2.8892512356867304,-3.732563371039373,4.672527313232422
1747534099.9994457,2.9239525840980294,-3.7977717158789988,5.18488883972168
1747534100.016006,2.943256310928263,-3.8352148900931846,5.521535873413086
1747534100.030432,2.95385483499611,-3.8505159958614192,4.630327224731445
1747534100.056001,2.9891841467906564,-3.8888758218780173,5.313873291015625
1747534100.0782075,3.0305800199367665,-3.9203570549718125,6.99615478515625
1747534100.0946765,3.067029678629508,-3.9614322082906948,5.527973175048828
1747534100.1175017,3.102143035609023,-4.011394599686801,6.720781326293945
1747534100.1318681,3.119381980388714,-4.0600263082904755,4.7760009765625
1747534100.151028,3.151877710475178,-4.112201233323816,5.017280578613281
1747534100.1703799,3.170470902845439,-4.148477200247283,4.943370819091797
1747534100.1912353,3.219994111530278,-4.2231832070159205,4.956722259521484
1747534100.210098,3.2504265602706095,-4.276073246012295,4.979848861694336
1747534100.230947,3.2769790638566434,-4.317639876990335,5.538463592529297
1747534100.2580786,3.3185268743330916,-4.397311093563508,7.534265518188477
1747534100.2736633,3.35525754840695,-4.444519687093845,4.801273345947266
1747534100.2906935,3.3851276873756637,-4.482034832446511,5.137205123901367
1747534100.3118708,3.402669423954131,-4.509268593078461,5.115985870361328
1747534100.3312595,3.4235536852469015,-4.561075367908352,4.834413528442383
1747534100.351052,3.4393258174905403,-4.600659863411789,5.719900131225586
1747534100.37078,3.4459337020625322,-4.618808715136279,5.214452743530273
1747534100.391038,3.4804179496010756,-4.6890868360849804,4.979848861694336
1747534100.4107273,3.518796036640051,-4.7577721361409475,4.922389984130859
1747534100.4361184,3.5499882541499614,-4.816435647024374,6.211280822753906
1747534100.4578338,3.5591332180586432,-4.888892660552351,6.772279739379883
1747534100.4777422,3.558821881975909,-4.94845793470166,6.8454742431640625
1747534100.4960866,3.5562190594977845,-4.9843673195677,8.45479965209961
1747534100.515724,3.5683510562893126,-5.057369431086287,5.409479141235352
1747534100.5357049,3.572570963499816,-5.114506511861329,5.5713653564453125
1747534100.559263,3.567946048114137,-5.1671384632604935,7.322072982788086
1747534100.578566,3.559138764394221,-5.200409291491108,5.810976028442383
1747534100.5959353,3.5616614230131263,-5.260879079322915,5.629062652587891
1747534100.6166954,3.5541909944395162,-5.321339085360452,5.623102188110352
1747534100.6326728,3.545124838642679,-5.350949531428617,5.4836273193359375
1747534100.6519527,3.552036670917754,-5.398721207450972,5.498647689819336
1747534100.671257,3.5502718502277544,-5.433049421788423,6.215810775756836
1747534100.6914132,3.5408850755316497,-5.461262907602795,6.080389022827148
1747534100.712538,3.5498832521922528,-5.511973590221881,6.277561187744141
1747534100.738711,3.537545642525045,-5.563216987132515,7.58051872253418
1747534100.7644145,3.5260393860592063,-5.587111148349541,6.0710906982421875
1747534100.789148,3.5287403642743915,-5.630427449308174,6.638526916503906
1747534100.8106298,3.5241171295014415,-5.668042190811799,7.229328155517578
1747534100.831917,3.5138986873715354,-5.693553463772989,6.45756721496582
1747534100.854806,3.4861229697288194,-5.765162742662868,7.460355758666992
1747534100.8788216,3.4600702071732163,-5.807064315864559,7.634878158569336
1747534100.8961163,3.4380396871097125,-5.830755421075582,5.740165710449219
1747534100.9173546,3.424079581552412,-5.859400683549885,7.498741149902344
1747534100.9356859,3.397427283602363,-5.894583519525163,4.882574081420898
1747534100.957157,3.362196276715243,-5.932536670214856,6.4525604248046875
1747534100.9774048,3.337229729480697,-5.955405867086757,6.511926651000977
1747534100.9984918,3.3154181114894805,-5.9728549877492085,7.451057434082031
1747534101.0163167,3.269849486926719,-6.00585393427662,4.935503005981445
1747534101.036457,3.2368493382372243,-6.026916580017667,4.778146743774414
1747534101.0556815,3.2080943543934652,-6.04016382080249,5.0506591796875
1747534101.0721662,3.2070319926815367,-6.064752284452655,4.820108413696289
1747534101.0953166,3.189857774236438,-6.0943840061138035,5.041837692260742
1747534101.1158216,3.177325997148185,-6.109679210268929,6.794214248657227
1747534101.138959,3.110504525434329,-6.140207468097297,7.629156112670898
1747534101.1579766,3.0473941705641714,-6.159595671978833,7.282495498657227
1747534101.1798432,2.986968013130524,-6.175585221655081,6.643056869506836
1747534101.1986148,2.946860966712075,-6.183725974148489,7.454633712768555
1747534101.2156234,2.878973876909462,-6.215831861970139,6.439208984375
1747534101.2356286,2.806015254118186,-6.2428089724231945,4.971742630004883
1747534101.2586794,2.7654310402232767,-6.254815312770134,7.5531005859375
1747534101.2794337,2.714547740798626,-6.268250329058089,5.909204483032227
1747534101.2983038,2.669568768958708,-6.27411866425072,5.5179595947265625
1747534101.31788,2.631023308504007,-6.275079069531743,5.410432815551758
1747534101.3317742,2.5937374189767857,-6.301863946730066,4.725456237792969
1747534101.3509743,2.5515902014678393,-6.318734640366768,4.81724739074707
1747534101.3755622,2.4974305196481166,-6.334414071721389,4.900217056274414
1747534101.3900523,2.467537634715466,-6.3420962406077885,4.840850830078125
1747534101.4114578,2.4154410941091093,-6.359502699101425,4.703283309936523
1747534101.4353776,2.356680686119712,-6.372180272480644,4.85992431640625
1747534101.4508576,2.316796860969895,-6.378283982327221,4.627466201782227
1747534101.4750788,2.260915148324552,-6.386448201913705,5.039691925048828
1747534101.4984515,2.2067003205584985,-6.38568096188763,6.623506546020508
1747534101.5165117,2.149190782938143,-6.3853369989633375,6.43467903137207
1747534101.5352871,2.1037324674570077,-6.386753314744967,5.290508270263672
1747534101.5562077,2.0571422107153716,-6.38892774598159,5.029439926147461
1747534101.5762348,2.0038836528176223,-6.392208417370397,4.659175872802734
1747534101.5974464,1.9248815193710853,-6.408319434861447,6.43467903137207
1747534101.6159923,1.8766778303268796,-6.414478526273425,5.496740341186523
1747534101.6307745,1.8530799363805541,-6.418330565421445,4.969596862792969
1747534101.6568997,1.8098625920460107,-6.421774975614271,6.267070770263672
1747534101.6766884,1.7655576656190832,-6.427456726801782,6.451129913330078
1747534101.6960278,1.7308392137183637,-6.432320786643989,5.761384963989258
1747534101.7154992,1.7104283351726208,-6.433389688358173,4.810571670532227
1747534101.7365122,1.6634991166389135,-6.432258668363122,5.421638488769531
1747534101.7560296,1.6085546647685671,-6.430580471085875,5.500555038452148
1747534101.7777555,1.5638271537525201,-6.430006021305019,4.823446273803711
1747534101.7939677,1.4836000314194868,-6.432929398428299,5.6304931640625
1747534101.8099134,1.4033128299170168,-6.436197655468071,4.73332405090332
1747534101.8398128,1.336337520483458,-6.436027125004906,6.620168685913086
1747534101.8557084,1.3014757618256088,-6.43754638872378,5.329370498657227
1747534101.875095,1.2510712446025778,-6.425187470286445,5.671977996826172
1747534101.8949854,1.193556802764951,-6.415027577230503,4.759073257446289
1747534101.9165368,1.1549890712886235,-6.41037746564804,4.782199859619141
1747534101.930176,1.1111852014295869,-6.4077723075026505,4.488945007324219
1747534101.9546478,1.0450010848818816,-6.405640059435669,4.608392715454102
1747534101.9766767,0.9926118752742108,-6.402987935758194,4.908084869384766
1747534101.9983854,0.8747642350146485,-6.3842801572443415,7.357120513916016
1747534102.0173392,0.7948451269150164,-6.375300941870534,6.71076774597168
1747534102.0345128,0.7597174381158264,-6.372699430230939,6.134986877441406
1747534102.0510397,0.7244573993957756,-6.369003789726805,4.63414192199707
1747534102.0761445,0.659306622050648,-6.349613298178347,5.785942077636719
1747534102.0966852,0.6245212831693676,-6.336778482278585,6.554841995239258
1747534102.1160688,0.5996368808677022,-6.329719742483135,7.0743560791015625
1747534102.137532,0.5249026677494577,-6.299104560050044,8.799076080322266
1747534102.1588688,0.4533802851607516,-6.27959600939764,8.67319107055664
1747534102.1811903,0.41069009057708883,-6.273480621432893,5.73277473449707
1747534102.1985276,0.3439827250074731,-6.250917997787908,5.5103302001953125
1747534102.2158597,0.26827889913341096,-6.2263705240247535,5.891323089599609
1747534102.2384822,0.20821656052542384,-6.212698625185649,7.791996002197266
1747534102.2598422,0.18254683840080152,-6.187638887890877,8.398771286010742
1747534102.2794218,0.1728370004494991,-6.1620929718930855,8.124113082885742
1747534102.2984614,0.14552764286343253,-6.128413714018284,6.432056427001953
1747534102.320286,0.11994934524543989,-6.1043501832722775,7.846593856811523
1747534102.3434937,0.10143650920904954,-6.090980747611309,6.679296493530273
1747534102.3592248,0.10074960069154776,-6.074132524389685,5.759239196777344
1747534102.3786144,0.06315191910235561,-6.0425941880804634,7.11512565612793
1747534102.3961742,0.039463806708984306,-6.021015785456492,6.2808990478515625
1747534102.4159346,0.017139910089326114,-5.979630717975821,5.409479141235352
1747534102.436316,-0.017901631510887535,-5.947533717706195,6.35075569152832
1747534102.4560132,-0.04867464755113548,-5.9329326435109655,5.780220031738281
1747534102.4719229,-0.06665337603178545,-5.931942392738589,5.603551864624023
1747534102.6231883,-0.414068993660401,-5.598816951823157,7.92384147644043
1747534102.6420364,-0.4419539944283882,-5.569314493853898,9.83285903930664
1747534102.664697,-0.4602170955112517,-5.533492648704568,6.274223327636719
1747534102.6860714,-0.5297173184658461,-5.483551724364659,6.459474563598633
1747534102.7054925,-0.5758079264606649,-5.437788963408159,5.834341049194336
1747534102.7203233,-0.605468195741524,-5.393082001506281,5.918979644775391
1747534102.739758,-0.6231153876663696,-5.354385450621226,8.737564086914062
1747534102.7559953,-0.6821627298666446,-5.314090598599491,5.64885139465332
1747534102.770851,-0.7157754325183994,-5.284546762684624,5.425930023193359
1747534102.7959063,-0.7579872740373067,-5.233595064272008,5.502462387084961
1747534102.811272,-0.823772290836946,-5.1961097181048626,5.171775817871094
1747534102.8305895,-0.87378117385464,-5.144510785127411,5.095958709716797
1747534102.8557127,-0.9120179531085902,-5.082325336419298,5.066633224487305
1747534102.875113,-0.9806072307333186,-5.029824904957481,5.084753036499023
1747534102.896808,-1.0099800271189303,-4.980673214063736,6.601095199584961
1747534102.9152563,-1.0293013202247174,-4.933348208318997,4.893302917480469
1747534102.9353101,-1.046994652872443,-4.8873713709692845,4.990816116333008
1747534102.9552248,-1.1228156944309493,-4.829343486679349,4.8084259033203125
1747534102.975799,-1.1594574086354879,-4.770289336011898,4.947662353515625
1747534102.9949965,-1.1847984995721097,-4.717371649126304,4.741668701171875
1747534103.014997,-1.2626733478235197,-4.656197491358781,5.019903182983398
1747534103.0351434,-1.3015130683102487,-4.593686468167849,4.812002182006836
1747534103.0550396,-1.319700972390691,-4.547844355578515,4.860877990722656
1747534103.0757055,-1.3890559363019945,-4.474286652744032,5.139589309692383
1747534103.1023984,-1.4205132618977647,-4.409405928339749,6.148099899291992
1747534103.1219416,-1.4348933185292236,-4.343312764718251,5.316734313964844
1747534103.1401763,-1.498782787066383,-4.290571614297245,5.767583847045898
1747534103.1550984,-1.5308945892517454,-4.23265628398802,4.745960235595703
1747534103.1704214,-1.5436958295597236,-4.192381932347246,5.588769912719727
1747534103.1982722,-1.5551078431747478,-4.130333226347569,7.010698318481445
1747534103.2179906,-1.607301736589439,-4.060103325453422,6.528139114379883
1747534103.2373302,-1.6363655093750074,-4.003736503884335,5.890130996704102
1747534103.2554297,-1.6435271882793612,-3.968361828644023,6.586313247680664
1747534103.2760189,-1.6899129129668105,-3.876160947915349,5.432605743408203
1747534103.2976654,-1.7052333885014135,-3.8032665241153367,6.694316864013672
1747534103.3154418,-1.7075598923060038,-3.7556717596601987,5.377054214477539
1747534103.3377874,-1.746181705625895,-3.664567642087425,6.766080856323242
1747534103.355093,-1.765196618613221,-3.5962549362956797,5.026817321777344
1747534103.3700666,-1.776359890272822,-3.5416349845856434,4.8828125
1747534103.3898468,-1.7795172748933492,-3.474884136499565,4.939079284667969
1747534103.4159868,-1.8035304817321607,-3.3873767219755875,5.353450775146484
1747534103.4297535,-1.8079700399928085,-3.328640885356165,4.873991012573242
1747534103.45738,-1.8135939775021364,-3.2556332806419794,7.287025451660156
1747534103.4784496,-1.8203145197123531,-3.1953113802909634,5.749702453613281
1747534103.4973443,-1.8307736536330774,-3.1372337849383567,5.190849304199219
1747534103.5202556,-1.8294935580574179,-3.0724498179809134,7.010698318481445
1747534103.5439057,-1.8322167393307478,-3.0259459189524063,8.87155532836914
1747534103.565652,-1.8204917438053139,-2.9336390718333676,6.242990493774414
1747534103.5884075,-1.8207221724812932,-2.848238746694711,7.047891616821289
1747534103.6064959,-1.8284628247021872,-2.7862610558872865,5.920886993408203
1747534103.624283,-1.834431483807536,-2.724187887515943,5.213022232055664
1747534103.640747,-1.8216767358687718,-2.650065159987748,5.553007125854492
1747534103.6584382,-1.8235879008980729,-2.5724144865097633,7.101535797119141
1747534103.676618,-1.8317209057873416,-2.5062534831520997,5.590200424194336
1747534103.7029033,-1.814003229203804,-2.442156280758688,7.549762725830078
1747534103.7237616,-1.8042191580154012,-2.367343466696079,6.583213806152344
1747534103.743834,-1.799561151448073,-2.3037464106252514,6.4487457275390625
1747534103.7694774,-1.7564628105956583,-2.23436642367982,8.909225463867188
1747534103.7875588,-1.7349561336419839,-2.1546178579206035,4.971981048583984
1747534103.8023553,-1.7295326235425232,-2.090135976104444,5.026340484619141
1747534103.816004,-1.7269490104028766,-2.0239599090914693,5.084514617919922
1747534103.8350449,-1.6993596766926582,-1.9420787212521013,4.972934722900391
1747534103.8561966,-1.6818578362547918,-1.8765404110473085,5.827903747558594
1747534103.874476,-1.6736545320338132,-1.8387689411477863,5.559206008911133
1747534103.8959367,-1.6168975622677222,-1.7448043995441238,5.308628082275391
1747534103.9186044,-1.593818760751884,-1.6819154894930601,7.970333099365234
1747534103.934989,-1.5852492865722816,-1.6388199156319723,6.309986114501953
1747534103.9553323,-1.5257749687653968,-1.5579997492709745,5.02777099609375
1747534103.9716902,-1.4883811791046904,-1.4946114040253287,4.842519760131836
1747534103.9957318,-1.4522463482944499,-1.405884586646731,5.172967910766602
1747534104.0202258,-1.4376098400003554,-1.3500541122916627,8.052825927734375
1747534104.0469584,-1.3988007276897756,-1.2900254486926521,7.51185417175293
1747534104.0686333,-1.347549656427426,-1.2048706789181618,7.070779800415039
1747534104.0845075,-1.2931199970827536,-1.1340739430007556,5.275726318359375
1747534104.1012452,-1.2604432609116936,-1.0777080691904364,5.267858505249023
1747534104.1158042,-1.2331364649521002,-1.014914266205605,5.35273551940918
1747534104.132705,-1.2054968481632404,-0.9591583492106374,7.219076156616211
1747534104.1567407,-1.1417955137871447,-0.8903945770997522,6.192922592163086
1747534104.178078,-1.0951699150276581,-0.8368106724276997,6.75511360168457
1747534104.2016666,-1.0687843814682683,-0.8016938292526442,7.961750030517578
1747534104.2176847,-0.9646664270021766,-0.7227463939937422,5.95855712890625
1747534104.2345734,-0.916612857042419,-0.677129023896818,6.2694549560546875
1747534104.2514746,-0.8769359152214298,-0.6312955111611946,5.823612213134766
1747534104.2712793,-0.8460314679890527,-0.5919104768876269,6.228923797607422
1747534104.296155,-0.7846899165592784,-0.5190771275535915,5.80286979675293
1747534104.3107498,-0.7568082642132192,-0.48329806394743846,5.516290664672852
1747534104.3390498,-0.71062256481722,-0.43878610300295884,8.109092712402344
1747534104.3562493,-0.6395824082412581,-0.38210296542057093,5.492925643920898
1747534104.3755543,-0.5813413116670785,-0.33764989155826336,5.506753921508789
1747534104.3911238,-0.5360517305487491,-0.31423276310562487,5.180835723876953
1747534104.4159992,-0.4862638197787258,-0.24476488177660724,5.4779052734375
1747534104.431619,-0.4453654556089343,-0.20882539444770587,5.120992660522461
1747534104.4552593,-0.3742281383082586,-0.16223416599309423,5.063772201538086
1747534104.4752953,-0.32684218083078914,-0.13780072988587577,5.369663238525391
1747534104.4984956,-0.2742778499465643,-0.08627883080701737,7.989168167114258
1747534104.5204322,-0.22416259296639293,-0.04752180723606337,8.432626724243164
1747534104.5405674,-0.17543759863373465,-0.023533689644713328,8.02755355834961
1747534104.5603657,-0.09845948857141552,0.0030455266484004035,7.244348526000977
1747534104.5810523,-0.03339578888661582,0.02966585185136195,8.098125457763672
1747534104.6000402,0.03477093405076007,0.044477065714984845,7.546663284301758
1747534104.6162667,0.09055499803078366,0.052044216526921885,5.393743515014648
1747534104.6359496,0.1452592087043085,0.07449721050466289,5.251884460449219
1747534104.656463,0.18899954549964199,0.11877690864820634,5.220890045166016
1747534104.6711864,0.21233108930451927,0.13584839897771098,4.881381988525391
1747534104.6903543,0.2804166096406596,0.15395817391211536,4.94837760925293
1747534104.715703,0.32076988081162894,0.18047216493124454,5.40614128112793
1747534104.7351775,0.35445398683510587,0.19168847490668184,4.876852035522461
1747534104.7517586,0.3767425111655612,0.19707149786931635,5.872964859008789
1747534104.7751954,0.3978596538139441,0.22020268454755304,5.133628845214844
1747534104.7951207,0.41874235319348935,0.23285400648017632,4.98652458190918
1747534104.8153172,0.447420635243123,0.24188405249696113,5.441188812255859
1747534104.830574,0.4758720569705878,0.24597874070124023,5.374670028686523
1747534104.8555355,0.5567125521729803,0.2594273699361882,5.118608474731445
1747534104.8755336,0.6005882428427134,0.26504153535322755,5.089282989501953
1747534104.901896,0.6453172918476514,0.27272899077843776,9.298324584960938
1747534104.922152,0.7009399076432805,0.2760635020432282,7.83228874206543
1747534104.9398303,0.7476576849723269,0.2822331118144373,6.809473037719727
1747534104.9582014,0.796348168135387,0.2869906880607365,7.074594497680664
1747534104.9759727,0.8750406230969887,0.2833693722308802,5.462646484375
1747534104.9997082,0.9582128718460183,0.2764966917397597,9.087085723876953
1747534105.0230176,1.0278530394443792,0.2723491344088251,10.621786117553711
1747534105.044392,1.0879585961753182,0.2597073745455385,5.930423736572266
1747534105.063641,1.1471845089399426,0.24568712595642497,5.521535873413086
1747534105.0788214,1.2124081574739372,0.2378766604596677,6.011486053466797
1747534105.104185,1.2738870875317259,0.21330137668397411,7.186412811279297
1747534105.12228,1.3374875453336224,0.19582988812025912,6.05320930480957
1747534105.1383002,1.3932620153337347,0.18832515358186785,6.915807723999023
1747534105.1519618,1.4439448574949187,0.17986113886024377,4.548549652099609
1747534105.1702769,1.4816683770969743,0.15288705954558837,5.125999450683594
1747534105.190884,1.5149082326493288,0.13527476866501503,5.755186080932617
1747534105.2157953,1.5492362120563592,0.11725743470934025,5.280256271362305
1747534105.2372832,1.606386474949387,0.08637396862658178,6.422519683837891
1747534105.2554772,1.6595493336945502,0.06533144001348391,5.465984344482422
1747534105.2790494,1.7131030631964814,0.04475246941237744,8.941650390625
1747534105.3004375,1.7506373944176465,0.023480985913554787,4.645824432373047
1747534105.3186376,1.7853250207909155,-0.00043054720767327477,6.653308868408203
1747534105.3340516,1.7914399508596868,-0.007821452437291754,5.269289016723633
1747534105.357123,1.8143852392582307,-0.0222203531311883,7.158756256103516
1747534105.3733966,1.8374911468180677,-0.05343174088959031,4.695415496826172
1747534105.3947546,1.8779322996042223,-0.07957214929356725,4.844427108764648
1747534105.410464,1.9032573004464695,-0.09043397126222873,4.513025283813477
1747534105.435692,1.9753251705254689,-0.12606067643427687,5.284309387207031
1747534105.4559953,2.0266125448770396,-0.15280040492134603,5.501031875610352
1747534105.4788752,2.0634369792729994,-0.16771865880751263,7.099390029907227
1747534105.5121665,2.1522986179721535,-0.22836278980234592,5.593299865722656
1747534105.5354009,2.201127822344282,-0.2646678744930311,5.2165985107421875
1747534105.5508854,2.2285560815577647,-0.28264286729011573,6.005287170410156
1747534105.5706394,2.2811961286804654,-0.3213667483893717,5.460977554321289
1747534105.5998526,2.3215014843396022,-0.3547833909676548,7.423877716064453
1747534105.6189141,2.337031240596164,-0.37104455138434106,7.679224014282227
1747534105.6343007,2.3957767069005604,-0.4056882620826446,5.460262298583984
1747534105.652043,2.4412542248374556,-0.4380696178983595,5.50532341003418
1747534105.6703908,2.474160912988996,-0.4646429627529422,5.254983901977539
1747534105.6946955,2.517337204681845,-0.518701379652586,7.202863693237305
1747534105.7200754,2.553962496577169,-0.565128968289928,7.059574127197266
1747534105.7358758,2.5819746726350234,-0.5938690840789788,5.356073379516602
1747534105.7564592,2.6121436535075215,-0.6416418184556314,6.032466888427734
1747534105.776326,2.635852660878664,-0.6818681003916957,5.898714065551758
1747534105.795831,2.6544017866764573,-0.7140827085731986,5.696773529052734
1747534105.8109705,2.671258419416375,-0.7374023252112264,5.675792694091797
1747534105.8310392,2.6937593910456834,-0.7654575434068263,5.966901779174805
1747534105.8559856,2.702635519057185,-0.8081223303944567,6.073236465454102
1747534105.8756754,2.711190695198123,-0.8498016877560792,5.662202835083008
1747534105.8910878,2.715510284819281,-0.8765930281900213,5.965471267700195
1747534105.9125843,2.7141324441302768,-0.901692301114742,5.749940872192383
1747534105.936183,2.7372364699089675,-0.956183343006967,5.832433700561523
1747534105.954261,2.7469820713306383,-0.9905195907137511,5.886554718017578
1747534105.9731874,2.7529538603122745,-1.027621053549567,6.638288497924805
1747534105.9907138,2.7719151519468186,-1.0784108100743754,5.426168441772461
1747534106.0153582,2.7825172978433743,-1.1379887533444404,5.440711975097656
1747534106.030488,2.7835409208224675,-1.1748938655503183,5.11932373046875
1747534106.0508528,2.8024180722599787,-1.2380213198438401,5.330324172973633
1747534106.0762172,2.812754764360526,-1.2925448956639323,5.030393600463867
1747534106.0974085,2.813005854355069,-1.3270515865911465,4.947900772094727
1747534106.1179955,2.822351158247647,-1.396903981306089,4.910469055175781
1747534106.1348484,2.8197956417148005,-1.446274681901524,4.812955856323242
1747534106.157514,2.814610680086632,-1.4953040144374803,6.787300109863281
1747534106.1707132,2.8109500470900155,-1.5233100622127764,4.5909881591796875
1747534106.1906633,2.791004581274099,-1.5770995537130899,4.529237747192383
1747534106.215161,2.7803149857038685,-1.634320587578439,4.756450653076172
1747534106.234459,2.7758841043997307,-1.6714522151681726,4.550457000732422
1747534106.249925,2.767856088689213,-1.7204255798557402,4.5337677001953125
1747534106.2756197,2.758064855120204,-1.7829226265084726,5.543947219848633
1747534106.2911887,2.7494895396632457,-1.8138230606424495,4.605770111083984
1747534106.310461,2.7527912716693956,-1.8745108974580593,5.02467155456543
1747534106.3357668,2.7478572508949055,-1.9330921572882156,5.620718002319336
1747534106.3569171,2.738290349518589,-1.9760801097066247,6.370306015014648
1747534106.3785028,2.7313623902881394,-2.0101411533767366,7.247447967529297
1747534106.4008067,2.713560141202889,-2.066434761240978,8.321523666381836
1747534106.4231834,2.6964982834699494,-2.1160389757053486,5.163908004760742
1747534106.44656,2.658380269409407,-2.1729237991000736,6.538867950439453
1747534106.4622476,2.638667057816766,-2.2287094392352147,5.194664001464844
1747534106.4782338,2.635121402079935,-2.2677724043483094,6.906270980834961
1747534106.500418,2.6376059193192987,-2.314552652653303,9.351015090942383
1747534106.5251784,2.6116655962818585,-2.370101328257245,4.935503005981445
1747534106.5430884,2.5986920271503875,-2.404731909940602,6.242275238037109
1747534106.5605857,2.59106498646603,-2.4681715088873246,7.497310638427734
1747534106.580649,2.5668937796494533,-2.5158617792666327,7.67064094543457
1747534106.5988436,2.5528176922803,-2.5606210415566344,7.083892822265625
1747534106.6167574,2.5351863029131945,-2.605212168326871,6.445884704589844
1747534106.640627,2.510575621045975,-2.6485919697370743,9.024381637573242
1747534106.6607559,2.537654819600044,-2.6994108096496126,6.106376647949219
1747534106.6768937,2.55592133601801,-2.7623099482395457,4.931449890136719
1747534106.6972914,2.576548882363819,-2.798218556411187,6.464958190917969
1747534106.7175653,2.5710797811468344,-2.8908402242357614,5.122184753417969
1747534106.7312856,2.5765540477821034,-2.9529056817177475,4.8370361328125
1747534106.7574096,2.6349435598078714,-3.0224894834766682,6.539344787597656
1747534106.7756083,2.649484976380682,-3.099136488088083,5.471944808959961
1747534106.7964077,2.6595090439180176,-3.1685622932421986,5.824565887451172
1747534106.8153539,2.6710989109453274,-3.2220579397399653,5.044698715209961
1747534106.8361995,2.688212275794314,-3.300806558542279,5.843877792358398
1747534106.8555117,2.701481676475735,-3.3570166166442075,5.115032196044922
1747534106.878959,2.713080375406168,-3.397918570965787,7.107973098754883
1747534106.8988059,2.73299028425882,-3.4494930342646035,6.997823715209961
1747534106.9267983,2.769047991764709,-3.5223150604424425,7.026433944702148
1747534106.9473994,2.8033868506419486,-3.58053409105497,6.194829940795898
1747534106.963704,2.8327195468757176,-3.6225013794509517,4.874944686889648
1747534106.9816504,2.8779882597016684,-3.695032442382615,5.492210388183594
1747534106.9981482,2.919732626371502,-3.75888581389171,6.659269332885742
1747534107.0159123,2.9443046058947417,-3.798864760682087,5.914449691772461
1747534107.0384133,2.9649514752982022,-3.8726880852642322,7.890939712524414
1747534107.0564308,2.993071985269496,-3.9328168245159287,5.253314971923828
1747534107.0757096,3.0178702027460087,-3.9721769102046043,5.572795867919922
1747534107.0969768,3.0298653142191507,-4.004497011397621,6.331920623779297
1747534107.1216762,3.0938875919373108,-4.063282581748536,6.440639495849609
1747534107.1428065,3.1325627993821468,-4.108997382450816,5.789041519165039
1747534107.1624026,3.166559976922938,-4.158872958183262,5.368232727050781
1747534107.1772895,3.194277187059995,-4.223728401860278,4.96220588684082
1747534107.1952875,3.2268304767612697,-4.277334707033672,5.028724670410156
1747534107.2159066,3.2548703321086587,-4.319036590098207,5.146980285644531
1747534107.2373533,3.275482447880483,-4.352198597705505,6.497859954833984
1747534107.255269,3.2957388721692293,-4.381510191861123,5.095958709716797
1747534107.270103,3.341376068607842,-4.417916859985414,4.8656463623046875
1747534107.2899067,3.362404563777867,-4.449368767668173,4.814624786376953
1747534107.3105495,3.3766199226696116,-4.471257937829766,5.041360855102539
1747534107.3302152,3.401767068241038,-4.532750424559179,4.844903945922852
1747534107.3580987,3.4390508288976602,-4.600743806791218,7.090091705322266
1747534107.378909,3.4635235708813794,-4.643042642804675,6.465435028076172
1747534107.3995998,3.5095302347866184,-4.711210691654884,6.033182144165039
1747534107.414945,3.532998733226604,-4.755607654855066,5.58161735534668
1747534107.4381115,3.5513222302638643,-4.807502767301722,6.714344024658203
1747534107.4554486,3.558797060914515,-4.844292917056766,4.999876022338867
1747534107.4757688,3.5799210411891726,-4.915232479261778,5.51915168762207
1747534107.5277567,3.5988329304703925,-5.014861180003897,8.607625961303711
1747534107.642073,3.608029429426307,-5.283628542574551,5.771636962890625
1747534107.6590638,3.6141109566336675,-5.354038813442655,7.253885269165039
1747534107.6788914,3.6113353232019114,-5.400860423487024,8.43501091003418
1747534107.697995,3.590750381211325,-5.452429807921338,7.807016372680664
1747534107.7143936,3.569913923344089,-5.482338906842878,6.7234039306640625
1747534107.7367604,3.570251183086933,-5.539833332196557,6.231546401977539
1747534107.7563086,3.5641568860557733,-5.576094820384156,6.733179092407227
1747534107.773347,3.5470108004658694,-5.609087633640523,5.570888519287109
1747534107.795656,3.5545869212969365,-5.658221021661295,8.253097534179688
1747534107.8153062,3.5398813775672573,-5.701762892704631,8.668184280395508
1747534107.8487184,3.5202323587972155,-5.737920787593069,7.849693298339844
1747534107.8703341,3.498328333075756,-5.786408919035051,5.308866500854492
1747534107.8852623,3.471257532459283,-5.825441993409719,5.470037460327148
1747534107.8991024,3.447078797668365,-5.849922496473301,5.080461502075195
1747534107.9131587,3.4215769487281085,-5.863041633368636,4.947900772094727
1747534107.9301183,3.406900209725232,-5.903899338631725,4.984855651855469
1747534107.9502308,3.382256890586295,-5.937860328886019,4.98509407043457
1747534107.9708126,3.360434761830058,-5.961910881688085,5.138158798217773
1747534107.9961693,3.3135675181736013,-6.009951380071041,5.069255828857422
1747534108.0153213,3.2745986460787573,-6.036883028674804,4.924774169921875
1747534108.0354934,3.247821637177793,-6.0584984674609945,5.127906799316406
1747534108.0505774,3.2273571646083896,-6.088319303850593,4.818201065063477
1747534108.0702744,3.205530862804373,-6.111302075335789,5.029201507568359
1747534108.0901842,3.1904543124441136,-6.125238287601099,4.961729049682617
1747534108.1152737,3.141630165720273,-6.162845854976943,5.093812942504883
1747534108.1362803,3.0946027746665443,-6.189282596300634,4.9686431884765625
1747534108.1558547,3.05862176834843,-6.206209325558235,5.579471588134766
1747534108.1751454,3.016343869740495,-6.223074041852967,5.315542221069336
1747534108.191139,2.97173526196703,-6.2345361356762465,4.803657531738281
1747534108.2157173,2.938545473614544,-6.270902528802383,5.604743957519531
1747534108.2351391,2.903575872105132,-6.290157082017675,5.206584930419922
1747534108.2560124,2.8608729686117824,-6.306585084747334,5.274534225463867
1747534108.2758837,2.7867147557544323,-6.320048273576043,4.940986633300781
1747534108.3034093,2.721859381851697,-6.331617572338832,6.294727325439453
1747534108.3233876,2.667943032341782,-6.337927460735585,7.075309753417969
1747534108.344719,2.608523452041526,-6.349782737658148,7.918834686279297
1747534108.3673327,2.559727016747203,-6.36351909182928,5.334138870239258
1747534108.3820748,2.5097343788985556,-6.37431698092955,5.051612854003906
1747534108.3968194,2.4810084234585843,-6.376087884490385,5.057573318481445
1747534108.4193182,2.407686442790464,-6.391472001824236,8.409738540649414
1747534108.4459517,2.3415943615718877,-6.397463935894483,8.40139389038086
1747534108.4648888,2.2875969465573727,-6.403045829774814,4.889249801635742
1747534108.4832504,2.2424725983162697,-6.414024958864401,4.975318908691406
1747534108.512671,2.1996384692810533,-6.419729826388798,6.397485733032227
1747534108.5384686,2.1549204603943117,-6.426165776585871,8.284568786621094
1747534108.5552545,2.1000314450482005,-6.432115059862205,5.016326904296875
1747534108.5708816,2.0050407028285666,-6.440612745317609,4.650592803955078
1747534108.5961564,1.9363453190387752,-6.446785388855115,4.889249801635742
1747534108.6118102,1.9112582109619838,-6.447694500218727,4.593849182128906
1747534108.6360748,1.8698618888163698,-6.45200515268756,5.079030990600586
1747534108.652366,1.853945885222205,-6.455388051113895,4.624843597412109
1747534108.6748714,1.787242883925741,-6.463404222201369,4.715681076049805
1747534108.6956208,1.7409928654863405,-6.4666788944590206,4.900932312011719
1747534108.7100625,1.7135240015245925,-6.469454889660068,4.638195037841797
1747534108.735975,1.6219497781475731,-6.466837409046738,5.5522918701171875
1747534108.755909,1.5585644595469572,-6.4669648447090085,5.359172821044922
1747534108.7791836,1.5072481874570482,-6.467182657848706,7.187128067016602
1747534108.7999086,1.4748359121338024,-6.468370349726448,8.553028106689453
1747534108.8197825,1.4209029368097925,-6.467377782020022,6.719827651977539
1747534108.840375,1.3933050997698928,-6.466594458530785,4.795074462890625
1747534108.8607392,1.3671577767963066,-6.466081973838446,4.726648330688477
1747534108.8755586,1.316406227968698,-6.463170285036611,5.00798225402832
1747534108.8982377,1.2542384841862675,-6.455970019105403,6.53839111328125
1747534108.91424,1.218725958294989,-6.454209385003246,5.40471076965332
1747534108.934889,1.1304614680000813,-6.455775476112188,4.693269729614258
1747534108.9505928,1.0832035898736156,-6.46058894518438,4.9190521240234375
1747534108.969958,1.0380187665177818,-6.462955433552945,4.913568496704102
1747534108.9967465,0.9542313787378164,-6.432241623294667,5.070686340332031
1747534109.0147667,0.8957777507424168,-6.418548384751567,4.706859588623047
1747534109.0303786,0.8461347908989291,-6.413644396791288,4.749059677124023
1747534109.0505364,0.7947265793800133,-6.407139736089729,5.333423614501953
1747534109.0766299,0.6945202536793443,-6.390540381178403,5.836248397827148
1747534109.0957658,0.6331138119022507,-6.382052409213,5.417346954345703
1747534109.1175134,0.5767552397913294,-6.376684735950943,7.348537445068359
1747534109.1356945,0.5319541855084203,-6.339551815110702,5.20634651184082
1747534109.1505134,0.5150320146957083,-6.318379871698866,5.367279052734375
1747534109.1755908,0.46874244772305984,-6.29970135530546,5.308628082275391
1747534109.1952724,0.3917522729475812,-6.266944028359943,5.382299423217773
1747534109.212762,0.35080391341664263,-6.2462289693499224,5.003452301025391
1747534109.2355678,0.2772668409289801,-6.226361505565497,5.512475967407227
1747534109.2591224,0.22209667376862186,-6.2137497950741665,6.673574447631836
1747534109.277987,0.3192923418581073,-6.195704896194588,6.886959075927734
1747534109.2923825,0.32231211141563737,-6.167593267539536,5.067586898803711
1747534109.31607,0.2785094067550099,-6.134738413995536,5.288362503051758
1747534109.3356342,0.2769860516891703,-6.097712358366041,5.185365676879883
1747534109.350416,0.28958541176915387,-6.075496050552289,5.144596099853516
1747534109.3760524,0.2608924502464545,-6.035612680031122,5.196094512939453
1747534109.395402,0.19823300601592814,-6.0067187440456955,5.317449569702148
1747534109.416331,0.15764511554954205,-5.982203645720993,5.394458770751953
1747534109.4355612,0.12432214973091833,-5.96496648798612,5.402565002441406
1747534109.4546192,0.10072750945130197,-5.9619451163457,5.780458450317383
1747534109.470912,0.0551030017845433,-5.917378886782388,5.472421646118164
1747534109.4963622,0.021700705909899615,-5.881062565473435,7.534265518188477
1747534109.5195925,-0.04320479540925474,-5.843880740466952,8.567094802856445
1747534109.5360835,-0.14172781009701924,-5.7863911602998925,5.6896209716796875
1747534109.5568771,-0.1910952535193331,-5.7523575878362365,6.852626800537109
1747534109.5722623,-0.21603374131469164,-5.734360131842288,5.810260772705078
1747534109.5964963,-0.3023019380729128,-5.67895987487372,6.34312629699707
1747534109.612318,-0.338582954570384,-5.648734676344339,6.267070770263672
1747534109.6367118,-0.3787164359681547,-5.616906399829005,6.662607192993164
1747534109.6566854,-0.3912200705284346,-5.606209967994412,6.4601898193359375
1747534109.6782,-0.4376551995290348,-5.564651820252968,7.340669631958008
1747534109.696119,-0.508937768458208,-5.516500802122715,6.140470504760742
1747534109.711978,-0.548281926510763,-5.491377854139923,5.708456039428711
1747534109.7359972,-0.5907247574133665,-5.447566989932611,5.89442253112793
1747534109.75538,-0.6447164719892046,-5.4175090740151886,8.03828239440918
1747534109.7801223,-0.6962039219653358,-5.3638605217702535,7.829189300537109
1747534109.798799,-0.711319091994452,-5.3361977464311945,7.090091705322266
1747534109.815938,-0.7321381226693717,-5.299167570445527,6.561279296875
1747534109.8353066,-0.790619926283939,-5.248222814275961,6.390571594238281
1747534109.8581889,-0.8372368917779269,-5.1920820345062095,6.833791732788086
1747534109.8778262,-0.8447702589299815,-5.160344797729817,7.002115249633789
1747534109.8958786,-0.9262734417965378,-5.088451490012793,5.294322967529297
1747534109.9200406,-0.9678210407296641,-5.040577550360452,9.57632064819336
1747534109.9398115,-0.9949483233026507,-4.993845171895753,8.850812911987305
1747534109.9639566,-1.066451149515303,-4.947351823009588,5.407810211181641
1747534109.9830158,-1.1267589337076076,-4.883288454231965,5.484580993652344
1747534109.9991717,-1.144932640891335,-4.846102282809456,4.821300506591797
1747534110.0164478,-1.2515024117405855,-4.753474314059276,4.811286926269531
1747534110.0386066,-1.287717893152358,-4.7001351514399685,6.096363067626953
1747534110.0640125,-1.299640228357502,-4.662643446613268,10.637521743774414
1747534110.0836446,-1.386597474133767,-4.588810129911109,5.029916763305664
1747534110.101298,-1.425952276620624,-4.529830926543299,4.912614822387695
1747534110.1164327,-1.4396965468850809,-4.486070778328622,5.096673965454102
1747534110.1322308,-1.4559445899426642,-4.427091246825331,4.662036895751953
1747534110.1578598,-1.5240244570370363,-4.348357598709875,6.759405136108398
1747534110.1749609,-1.5500298858390356,-4.2872457786675815,4.779577255249023
1747534110.1955667,-1.5633248071567907,-4.216909908729702,4.924297332763672
1747534110.2155213,-1.619669952844956,-4.150208332512977,5.6247711181640625
1747534110.2294846,-1.6398860364892025,-4.106976799169577,4.605770111083984
1747534110.249477,-1.6503660529648094,-4.05382895890856,4.719734191894531
1747534110.269666,-1.6540063258297748,-3.991197437268684,4.825830459594727
1747534110.295842,-1.7146777488801261,-3.9066343708791216,5.827188491821289
1747534110.3150716,-1.72819804445806,-3.854898693937139,8.651256561279297
1747534110.33082,-1.7318804892492605,-3.794410665099008,4.783868789672852
1747534110.3517084,-1.7706249824596796,-3.731936584906785,6.351470947265625
1747534110.3710928,-1.795301912646601,-3.663737252503026,6.232738494873047
1747534110.3954883,-1.8070647256454544,-3.579329398538852,5.419492721557617
1747534110.4156823,-1.8211251737510632,-3.516746222281065,5.585432052612305
1747534110.4356391,-1.8250427923820605,-3.4466261710678574,5.745649337768555
1747534110.4555511,-1.8239865581895656,-3.394104076806463,7.040977478027344
1747534110.4707131,-1.8280828661961266,-3.3311310711403777,4.964113235473633
1747534110.4956114,-1.8375867869725637,-3.2335088565453125,5.643606185913086
1747534110.5157127,-1.8421670265292962,-3.1674602559095897,5.8441162109375
1747534110.543408,-1.849343495466698,-3.1124173455601247,8.264541625976562
1747534110.5574558,-1.8460207630687129,-3.0178608832160982,5.273342132568359
1747534110.5751944,-1.84761649189255,-2.94304141245211,5.446434020996094
1747534110.5953133,-1.8503686846382355,-2.881546176838501,5.313634872436523
1747534110.6151044,-1.831715702735937,-2.784691942512638,5.247592926025391
1747534110.635074,-1.8214817323361336,-2.7135091246156073,4.992008209228516
1747534110.6551564,-1.8256326349170813,-2.6520368302335755,5.136251449584961
1747534110.6757827,-1.8152698390418247,-2.583901891079388,5.254030227661133
1747534110.696681,-1.8062754608322498,-2.4910029460124923,6.347894668579102
1747534110.7156858,-1.804290546387055,-2.4279633256311204,5.286931991577148
1747534110.7379377,-1.8047605147422001,-2.3661587647474307,7.150411605834961
1747534110.7589715,-1.805328780406092,-2.3171535505622183,7.06171989440918
1747534110.7758534,-1.769129655040015,-2.241994660359047,5.6438446044921875
1747534110.7952147,-1.752926600331435,-2.17331646481705,5.169153213500977
1747534110.8114777,-1.7484024401785456,-2.127683839430738,4.997730255126953
1747534110.8301592,-1.7512333748942497,-2.07468243881785,5.110263824462891
1747534110.8501523,-1.7197434625025283,-1.996616765269041,4.970312118530273
1747534110.8707151,-1.7049371553881474,-1.9298605424229807,5.283355712890625
1747534110.8909035,-1.6926322200118329,-1.8639591547037573,5.4035186767578125
1747534110.910197,-1.6470842012919227,-1.7952673655156077,5.135297775268555
1747534110.931104,-1.612625351626204,-1.7377362147429174,4.997491836547852
1747534110.9573271,-1.5916414161400325,-1.6736875192515408,6.005048751831055
1747534110.9782789,-1.5601020446290257,-1.5979770822891857,6.179094314575195
1747534110.9977937,-1.5385142263237694,-1.530061680183556,6.270170211791992
1747534111.015482,-1.5233326187811507,-1.4725434275965086,4.977941513061523
1747534111.0352206,-1.464081009250693,-1.3917340507450562,5.16819953918457
1747534111.0526783,-1.4311190920856849,-1.3405788955420135,4.792451858520508
1747534111.0763881,-1.3983607806560707,-1.2659003906415653,5.687475204467773
1747534111.0961125,-1.3125752535214137,-1.1969839846269723,5.903720855712891
1747534111.1161196,-1.2686181254366804,-1.125591388483364,5.766630172729492
1747534111.1335077,-1.2418666962317773,-1.0800964398030124,6.999492645263672
1747534111.1506486,-1.2155055366568306,-1.0272828857954681,5.7888031005859375
1747534111.1756072,-1.1600652154416675,-0.9489773668214713,5.708456039428711
1747534111.204624,-1.1226621055325197,-0.8876360963642551,8.698225021362305
1747534111.2235205,-1.1078846549524064,-0.8578921558952706,6.228446960449219
1747534111.2470326,-1.0271856222054723,-0.7829026522927163,8.128166198730469
1747534111.2691557,-0.9678771844754913,-0.7241164994175663,6.16002082824707
1747534111.2844563,-0.9318413494121621,-0.6769930286223298,5.9967041015625
1747534111.2990131,-0.8719003894890016,-0.6259385188429255,6.126642227172852
1747534111.3165,-0.8045109446874265,-0.5673091813529336,6.028413772583008
1747534111.3386803,-0.7582779447841985,-0.5278048101240265,8.531570434570312
1747534111.3605065,-0.7075863293282364,-0.4686785525175189,6.437540054321289
1747534111.380957,-0.65128686141279,-0.4183502839210677,8.315563201904297
1747534111.401445,-0.6175388744996714,-0.3882319479834571,5.55419921875
1747534111.4240215,-0.5698138562752184,-0.3570099402329587,7.938623428344727
1747534111.4394393,-0.4885762320381091,-0.30116455387780394,5.253791809082031
1747534111.457692,-0.4302578223602646,-0.26259061213321466,5.504369735717773
1747534111.4755673,-0.3732645994167088,-0.22685784216478486,5.463600158691406
1747534111.5011652,-0.35017957169301606,-0.15336081359994963,9.13858413696289
1747534111.5153203,-0.3014381540202374,-0.11644810243500972,5.1479339599609375
1747534111.5349002,-0.24774304954265058,-0.08763930847670563,5.064487457275391
1747534111.5558476,-0.16817374223317433,-0.04124405552570281,5.3882598876953125
1747534111.5777833,-0.11279121811109359,-0.01118964922616267,6.929636001586914
1747534111.5954258,-0.0705550937120934,0.010761143818931174,5.137205123901367
1747534111.6181293,-0.029235563966642106,0.027553466670157102,6.295442581176758
1747534111.6374037,-0.0027606701159853878,0.05323712060865271,6.20579719543457
1747534111.662938,0.05777161831240168,0.08115168663111842,6.554365158081055
1747534111.67746,0.10117142618069629,0.0941743548091785,5.007743835449219
1747534111.6914475,0.10365862322762287,0.10932508099913273,4.871845245361328
1747534111.716215,0.1581291042660927,0.12717634287049617,5.121946334838867
1747534111.7301176,0.1926039021258799,0.13538144957082487,4.915952682495117
1747534111.7499905,0.22712627349014997,0.168711312357621,5.035161972045898
1747534111.7706187,0.2767809846931518,0.18433369447017967,5.373477935791016
1747534111.7921917,0.3129547097800287,0.19714905843577343,6.627798080444336
1747534111.8102722,0.34986858215258504,0.20464341978482334,5.10716438293457
1747534111.8323956,0.4238525046379345,0.22521900827646288,4.960775375366211
1747534111.8515902,0.4902057489358172,0.23977463111285874,5.007266998291016
1747534111.8740032,0.543635306568236,0.251833042037963,7.990598678588867
1747534111.8950922,0.6074971963682408,0.26273732868217026,6.716728210449219
1747534111.9181445,0.6529128094024675,0.27078414389466754,6.189584732055664
1747534111.9397464,0.6759386576606318,0.2742806354502817,7.432460784912109
1747534111.9542675,0.7171669706515832,0.28293358933928936,5.094051361083984
1747534111.9710011,0.751140641067607,0.2887635270550659,5.233049392700195
1747534111.9946747,0.8320856670310273,0.2917705943375672,4.7149658203125
1747534112.009749,0.8777948448765388,0.29323349182837927,4.824161529541016
1747534112.0349388,0.942719482861758,0.2980659278096118,4.744291305541992
1747534112.0516539,1.0035480995272859,0.2993712212526697,4.681110382080078
1747534112.070149,1.049652770948877,0.3038565749546271,4.856109619140625
1747534112.0949194,1.0987103449450706,0.30773169047086735,4.698753356933594
1747534112.1149125,1.1754472625352965,0.29758325519539375,4.772663116455078
1747534112.1360288,1.2438197911955466,0.2945141634697879,5.378961563110352
1747534112.1502233,1.2863955017365543,0.2942523053319016,5.018711090087891
1747534112.1705832,1.3325039625031927,0.29266075286648724,4.813432693481445
1747534112.1972513,1.4124561256439667,0.266406065009205,6.321191787719727
1747534112.2158222,1.4625243074310672,0.25381032593176445,4.829645156860352
1747534112.2372088,1.4976104727475406,0.24558590956756535,6.377935409545898
1747534112.2545462,1.5480089047610142,0.23759786018465062,4.595041275024414
1747534112.2751727,1.6253562229144558,0.23043850168362884,4.754066467285156
1747534112.300337,1.6779864320081026,0.2270611393836741,10.024309158325195
1747534112.322626,1.735829243651867,0.21357173343933508,5.614519119262695
1747534112.3425968,1.7812281968518004,0.206120275569712,8.53872299194336
1747534112.3602834,1.820223442348416,0.2016429225696333,5.251646041870117
1747534112.3835838,1.8563997584385605,0.18744117092320328,4.689455032348633
1747534112.4003015,1.8844356208923083,0.1779573064494471,5.309104919433594
1747534112.4186568,1.903939783353371,0.17227135882574998,7.972478866577148
1747534112.4377542,1.9348805021247264,0.1641882135180395,6.335020065307617
1747534112.4568114,1.961179176657143,0.15227105528296012,4.683732986450195
1747534112.474441,1.9867433380212416,0.1410057511189258,4.537343978881836
1747534112.4897196,2.0020758182401144,0.1357476310836271,4.644870758056641
1747534112.5102022,2.0091233652742866,0.12437803450984164,5.418062210083008
1747534112.5352442,2.0230828335937208,0.11356694524061586,4.848241806030273
1747534112.5602207,2.0336407766758837,0.10787693385052796,4.988193511962891
1747534112.7003453,2.1258567812431552,0.07624149222925655,6.133556365966797
1747534112.7221007,2.1647853140832174,0.06684891985965045,5.501747131347656
1747534112.738028,2.1924210431461093,0.059848237510097685,6.593465805053711
1747534112.755059,2.210438679067786,0.05510261854064431,4.956960678100586
1747534112.776392,2.2128895706264737,0.0501389883919313,6.420612335205078
1747534112.7961495,2.223662820399233,0.043055210440480426,5.091667175292969
1747534112.8160033,2.2235522558856844,0.04020664469155062,5.5141448974609375
1747534112.8362105,2.2226489677702674,0.04635338839960581,5.7830810546875
1747534112.861281,2.2185341624736292,0.05236210199856985,8.841991424560547
1747534112.8828423,2.209350000412109,0.05808358229708238,5.993366241455078
1747534112.8985143,2.250436325202327,0.04726246999985003,4.965782165527344
1747534112.9131634,2.2845259384699017,0.03755133869314598,6.112337112426758
1747534112.9349146,2.3130902773173436,0.030009015400094843,5.062341690063477
1747534112.9550915,2.327821336579248,0.0268704255250678,5.059957504272461
1747534112.972555,2.3114028955562977,0.02368626948243677,5.281925201416016
1747534112.9956183,2.292207041027515,0.024527387574822708,5.029439926147461
1747534113.011313,2.2755440034804275,0.025614500264217736,4.865884780883789
