time,x,y,computation_time_ms
1747534687.934988,2.8452997910939613,-6.424157003541247,8.036613464355469
1747534687.9641824,0.6738849187252576,0.3687585089983535,8.213043212890625
1747534687.9831102,0.6753085090161064,0.3340830288851066,7.584095001220703
1747534687.9995966,0.6724686900701977,0.3248632958102552,5.199193954467773
1747534688.0214272,0.6409823293429961,0.31373311546821264,11.311054229736328
1747534688.039477,0.602231372400881,0.3014044234905002,5.091190338134766
1747534688.0589294,0.5810270782353051,0.2957256736964957,7.783412933349609
1747534688.0758374,0.5720613264985333,0.2941087296512544,6.3037872314453125
1747534688.0930307,0.5626579134610656,0.29190418285482606,5.152225494384766
1747534688.1117322,0.56444050344516,0.29270457599909977,5.042791366577148
1747534688.1317575,0.5642337643035437,0.2906970135471931,5.233049392700195
1747534688.1535456,1.219591481393464,0.3026661811396212,5.465030670166016
1747534688.1721036,1.840480677726356,0.26756100321827847,5.2585601806640625
1747534688.192364,1.489017422254463,0.28639205191301254,5.264520645141602
1747534688.2102125,1.131277158099965,0.2984947602132291,6.055116653442383
1747534688.2275271,0.8534722816792082,0.2999138618774281,5.472660064697266
1747534688.2466857,0.7869797907984812,0.30228885228946806,5.00178337097168
1747534688.2721727,0.7856487053514044,0.303608221919284,5.336523056030273
1747534688.2930326,0.5996463343848709,0.30748740194351587,5.275487899780273
1747534688.3133178,0.6188841193001774,0.3095983409680793,5.071401596069336
1747534688.3394027,0.7529885006111096,1.374917237354948,5.593538284301758
1747534688.3548298,0.7642804558754939,1.490966114338847,4.166364669799805
1747534688.370504,0.7804641901242456,1.491409532197985,3.614664077758789
1747534688.3844,0.7871343476696769,1.4854054779398538,3.360748291015625
1747534688.4069004,0.8058996076373119,1.4872264403463378,3.753185272216797
1747534688.4247997,0.8133375992634718,1.4898210425887535,3.4284591674804688
1747534688.4498026,0.8271417741284631,1.4935922430546775,3.427743911743164
1747534688.4653118,0.8389356874421947,1.4863921747225,4.119634628295898
1747534688.4899464,0.8283951180716296,1.4899291587676167,3.5524368286132812
1747534688.5095704,0.821376185127531,1.4920962330580083,3.355264663696289
1747534688.5385435,0.8083019499316002,1.493761286210794,7.910490036010742
1747534688.5634038,0.5739125573049727,0.3097060474636144,6.668329238891602
1747534688.5789397,0.6458728612036982,0.31603988128496024,5.537271499633789
1747534688.592646,0.7248366740757852,0.321705059058337,4.891395568847656
1747534688.6074877,0.6135200604532944,0.30432664138769433,4.851818084716797
1747534688.631179,0.5713361345340947,0.2909007138285,4.994869232177734
1747534688.6541266,0.5616189513441104,0.285586731193116,7.262229919433594
1747534688.6788392,0.5568444002773327,0.28544929016952286,5.959749221801758
1747534688.6929147,0.5610662331713288,0.2883220406561586,4.8694610595703125
1747534688.712755,0.5597447286600548,0.2889761760666173,5.888700485229492
1747534688.7384784,0.5713186299851016,0.29089317552384064,6.074666976928711
1747534688.762306,0.6182092919660801,0.28126200482776564,8.074522018432617
1747534688.7799299,0.5847861335075307,0.28111051387108543,7.516622543334961
1747534688.8024464,0.5818295540544299,0.2919465026399421,6.295442581176758
1747534688.824232,0.5806253274741868,0.29805780290385103,6.412267684936523
1747534688.841221,0.584735227030497,0.30193325891429995,5.145788192749023
1747534688.988254,0.6151437054572959,0.3053983158729144,5.528926849365234
1747534689.0051043,0.6389787866411647,0.31019118391651046,5.596160888671875
1747534689.0198998,0.6483380915816576,0.3132860861464861,5.062341690063477
1747534689.0353355,0.6581440402906524,0.3150795300108473,4.918098449707031
1747534689.0547512,0.6655932156501526,0.31603382253332474,5.2700042724609375
1747534689.0701141,0.6776935727263254,0.31553429477876094,5.956172943115234
1747534689.0890462,0.6942289006609466,0.3162915730612678,4.90570068359375
1747534689.1057158,0.7091544856407422,0.31775962454625084,5.007028579711914
1747534689.1273396,0.7104157233733006,0.3203944024825067,5.280017852783203
1747534689.1461124,0.7172576860091108,0.3228710066363985,5.157232284545898
1747534689.1711512,0.7172752970428035,0.32332769387248217,5.048990249633789
1747534689.191963,0.7272938550397527,0.32591182082673664,5.153179168701172
1747534689.2112763,0.7313730708327474,0.32813953058678463,4.856586456298828
1747534689.2329144,0.7431739215717731,0.33041085884436916,6.005048751831055
1747534689.2640579,0.7390590823851563,0.3302605212823056,9.196996688842773
1747534689.2843504,0.7462129345793228,0.33116896965185394,5.315542221069336
1747534689.299053,0.7470513820958581,0.33223135830060635,5.007266998291016
1747534689.3126643,0.7467252835214059,0.33250502155198064,4.756689071655273
1747534689.330992,0.7361322524502972,0.3316915181012681,5.292654037475586
1747534689.3510342,0.7299702638731665,0.33031147831802926,5.015134811401367
1747534689.366352,0.7252417138292437,0.32911442633295934,5.474328994750977
1747534689.3917363,0.7182813825069524,0.32364900134472924,4.939794540405273
1747534689.4141662,0.7099171757387471,0.31956173489375855,7.257223129272461
1747534689.432696,0.6998342600165673,0.3147963199610175,5.420684814453125
1747534689.4534247,0.675281433805455,0.31758564482167595,5.016326904296875
1747534689.4730062,0.660097340623235,0.3197302265223086,5.016088485717773
1747534689.4903946,0.6422456446440588,0.3182766406155235,5.153417587280273
1747534689.5106015,0.6250385869269073,0.31507144358369593,7.403135299682617
1747534689.5308495,0.6166719231006706,0.3090881719101768,5.995512008666992
1747534689.5471082,0.6091467546000504,0.3032951293123956,4.860639572143555
1747534689.57433,0.6033075126873566,0.2984890125899502,6.067991256713867
1747534689.593379,0.6321990609311148,0.3116624137581266,5.033016204833984
1747534689.610859,0.6546605616593822,0.32088427598119457,4.850149154663086
1747534689.6338937,0.6657012731280576,0.3242224113630052,7.832527160644531
1747534689.6564522,0.6710149435013947,0.32128610943373587,4.813432693481445
1747534689.6788976,0.6739897011677701,0.32073320590026083,6.3381195068359375
1747534689.6945806,0.6742110355268569,0.32001474133836555,6.005764007568359
1747534689.7158039,0.6567445144539482,0.31814772132619373,5.048990249633789
1747534689.7355003,0.6332945888495254,0.3125044954920524,6.977558135986328
1747534689.7563891,0.6149094980825114,0.3053487202279279,8.363008499145508
1747534689.7763512,0.5947918895410828,0.2983113368456786,5.051612854003906
1747534689.7922492,0.5899373349266082,0.29370516971757105,4.820108413696289
1747534689.811552,0.5908304514144904,0.289527374614201,5.76329231262207
1747534689.8314373,0.5839046896840452,0.28671555393111064,4.8885345458984375
1747534689.8513243,0.5955526037932415,0.3037307739867348,4.966259002685547
1747534689.8705406,0.6185557008147032,0.3166006569532444,4.72259521484375
1747534689.8918812,0.62919665498753,0.3238088036825113,5.807399749755859
1747534689.910748,0.6489659955399554,0.330060780972919,4.823207855224609
1747534689.9315865,0.6592393186787486,0.3280199882679547,4.843235015869141
1747534689.946853,0.653766421671443,0.32584382087155506,4.9266815185546875
1747534689.9658384,0.6606995141694917,0.32588886603430156,4.938364028930664
1747534689.9911335,0.6614550322015473,0.31850072594908957,5.893707275390625
1747534690.0113342,0.6561869032664372,0.3140671077294591,4.995584487915039
1747534690.0280151,0.6480494250187776,0.3097796877949811,5.14674186706543
1747534690.0501187,0.62797124529442,0.31089480077440773,6.944894790649414
1747534690.069482,0.59863834192548,0.3051123607034889,5.069494247436523
1747534690.091537,0.5883954404218333,0.29823906200973105,4.779338836669922
1747534690.1139984,0.5790548220927583,0.2907644569951115,6.848573684692383
1747534690.1345053,0.5801515618101414,0.28851453033471475,6.66046142578125
1747534690.1566606,0.5819807146226655,0.2877892764402379,7.2154998779296875
1747534690.178797,0.5896426218723698,0.2923772422811648,5.717277526855469
1747534690.1967447,0.5969300963488431,0.29429890162948735,5.0907135009765625
1747534690.214679,0.6000567108846036,0.2948108240346895,5.3806304931640625
1747534690.2338133,0.6027613067830884,0.29428241445042647,6.702661514282227
1747534690.2563837,0.6149254962252692,0.2939787104265895,4.949331283569336
1747534690.2738535,0.6284530179303859,0.29477877335614483,4.904508590698242
1747534690.2902775,0.6403804358736458,0.2950318257550975,6.468057632446289
1747534690.3075304,0.6619350302958896,0.3050909559485127,4.993438720703125
1747534690.3274212,0.679079477280978,0.3121058762842186,4.897117614746094
1747534690.3493402,0.6955272378650595,0.31567389203932017,6.6051483154296875
1747534690.3682182,0.7085607412828225,0.3187596526893357,4.950523376464844
1747534690.390847,0.7449724080948547,0.3283839118588896,4.830121994018555
1747534690.4065592,0.7747113156213694,0.339754698960125,4.884481430053711
1747534690.4314404,0.8106242571501636,0.348715318302193,5.672931671142578
1747534690.4543965,0.8545716673327595,0.3367338503497154,5.5980682373046875
1747534690.4742024,0.8932173476085343,0.3302281035449034,6.768703460693359
1747534690.4948585,0.9224978777652315,0.32563585056943084,7.238626480102539
1747534690.5139098,0.969886977692016,0.32149611528587524,6.147861480712891
1747534690.5321705,1.0120994930286111,0.32209868956023835,5.087614059448242
1747534690.5500786,1.0506241489362864,0.32646448146946716,4.869699478149414
1747534690.5741315,1.0849769083879452,0.31788229713957195,6.840944290161133
1747534690.590872,1.1241175310393647,0.3145233476841772,4.679679870605469
1747534690.614954,1.1455434178040507,0.30870795553434516,4.776477813720703
1747534690.632977,1.1958679387260431,0.30269469966797535,4.7092437744140625
1747534690.655992,1.232885159038618,0.29761143749545704,4.877328872680664
1747534690.6768122,1.263058543764359,0.2971348198131684,6.74891471862793
1747534690.6969466,1.3025596632789906,0.2968307116202038,4.856109619140625
1747534690.7178771,1.3495590430659998,0.28695304614383976,6.641626358032227
1747534690.735272,1.3792053687954606,0.27819898201130433,4.718780517578125
1747534690.7585843,1.4120134300927116,0.26963680998465756,10.628700256347656
1747534690.7767239,1.4618674901634932,0.2479155615530088,4.609823226928711
1747534690.7915425,1.4939305558889722,0.23539813531401757,4.526853561401367
1747534690.8111603,1.5168294880379516,0.22554067698529343,4.605531692504883
1747534690.830653,1.5629514985572703,0.20174687524239115,4.66156005859375
1747534690.8500721,1.5973774296779388,0.18741864016153945,6.543636322021484
1747534690.8711748,1.6327245945194688,0.17276034616823965,5.323171615600586
1747534690.8863366,1.6474693465152908,0.16697870071566062,4.586219787597656
1747534690.9127643,1.6982737098589802,0.1379285752054724,6.317615509033203
1747534690.927948,1.7261295396605332,0.12234247004281172,4.567861557006836
1747534690.950288,1.7623194739300876,0.10360936727471899,4.540681838989258
1747534690.9717908,1.8086201834283187,0.09435597881475101,4.755735397338867
1747534690.9875286,1.838178096661469,0.09281702493035353,4.684209823608398
1747534691.006698,1.8670726330407414,0.08704401245529987,5.223274230957031
1747534691.0314388,1.9373576730534365,0.06745433769334401,4.988908767700195
1747534691.0585053,1.9754010720980755,0.05309816847929741,7.296323776245117
1747534691.075712,1.9979605339420397,0.04752657467596274,4.573345184326172
1747534691.0947797,2.0429810987343116,0.027199143600977697,6.659746170043945
1747534691.1141672,2.085973301703048,-0.0017326384816552336,6.8264007568359375
1747534691.1299243,2.117622806871279,-0.04102315430639754,5.252361297607422
1747534691.1519468,2.167533577978608,-0.08538210107461214,5.040407180786133
1747534691.1716912,2.2026345655336934,-0.10310332345230143,5.09190559387207
1747534691.1925113,2.2445034773853973,-0.1546228491569019,5.269289016723633
1747534691.2141895,2.273969110061807,-0.18809183898867116,5.2013397216796875
1747534691.2349248,2.3078247242403744,-0.220994832295503,7.952451705932617
1747534691.2594216,2.330740916563116,-0.2509318965513973,5.926370620727539
1747534691.275792,2.3586942689829415,-0.28605583074128865,6.318092346191406
1747534691.2959242,2.3918534405998506,-0.3227270686036897,5.104303359985352
1747534691.3114128,2.4129137618420353,-0.3441455838104686,5.103588104248047
1747534691.3293107,2.4637369823890283,-0.3612133394559633,5.041599273681641
1747534691.351892,2.53676483159055,-0.39793020315367666,5.222082138061523
1747534691.371154,2.5865313546703095,-0.420371616815871,5.090475082397461
1747534691.3874407,2.6127885812077265,-0.4570839189335217,5.095005035400391
1747534691.407248,2.6416437611708132,-0.49307857261493854,5.255937576293945
1747534691.426792,2.677863215402164,-0.5264871782904715,5.531549453735352
1747534691.447433,2.7137940371824723,-0.5580382362428828,5.475282669067383
1747534691.4718273,2.7390313686684764,-0.6172992814955821,5.4874420166015625
1747534691.4895225,2.7663017491688673,-0.6549910994596487,5.793094635009766
1747534691.5073497,2.79752287070238,-0.6988849484092384,5.942344665527344
1747534691.5275154,2.782200865481437,-0.7494315535191394,5.853176116943359
1747534691.5525494,2.7717540657672,-0.7965421464072349,6.293773651123047
1747534691.5716913,2.7643867031221947,-0.8172189209323262,5.815029144287109
1747534691.592207,2.7503505638570953,-0.862798376884244,5.906581878662109
1747534691.6118205,2.745714324865241,-0.8886498380562122,5.665779113769531
1747534691.631469,2.73688597272861,-0.9023200493346334,7.297039031982422
1747534691.652302,2.7148209546569864,-0.9540859710029307,5.5999755859375
1747534691.6724274,2.7079859382286164,-1.0018433726940525,5.758523941040039
1747534691.6903858,2.6982464332379736,-1.0332399675273456,5.869150161743164
1747534691.708898,2.6945292544129247,-1.0721321983151082,5.553007125854492
1747534691.731794,2.7024809722882446,-1.131347953928726,5.659580230712891
1747534691.7546031,2.703345824907401,-1.1805171607254428,7.4787139892578125
1747534691.779958,2.7234628728511465,-1.2281901126593184,5.530595779418945
1747534691.798799,2.744956079028901,-1.2723410750550068,6.571292877197266
1747534691.8138607,2.752220751040469,-1.2949009277310952,5.188941955566406
1747534691.830629,2.7602020265542104,-1.344303702655122,4.805326461791992
1747534691.848582,2.7708247798826937,-1.3917480979030556,4.729032516479492
1747534691.8704317,2.772430186801165,-1.4627962793326656,4.68897819519043
1747534691.890562,2.7641064991064916,-1.5073129440295625,4.593849182128906
1747534691.9065533,2.74565436666876,-1.5329256658600596,5.239009857177734
1747534691.926504,2.7405722122062874,-1.5725692446376822,5.009889602661133
1747534691.9462903,2.745333079273239,-1.605323040981736,4.848480224609375
1747534691.9666522,2.7430169722505733,-1.6333857416672526,5.189657211303711
1747534691.9869962,2.7398340118154714,-1.6887029637178081,4.604339599609375
1747534692.0112216,2.738152403047274,-1.7345789766239392,4.709482192993164
1747534692.0305114,2.7425110871152505,-1.7648392320664903,4.483461380004883
1747534692.0508099,2.7236255483138834,-1.81558686099276,5.335569381713867
1747534692.068881,2.7091105550487753,-1.869404077289339,5.175590515136719
1747534692.09144,2.6988797558679596,-1.9215735665267664,4.81724739074707
1747534692.1108022,2.7005969037532385,-1.97213945131976,4.849433898925781
1747534692.1316283,2.690223086838562,-2.038130918356026,5.297422409057617
1747534692.1508875,2.6879148690086674,-2.0720103625805377,5.487203598022461
1747534692.1728172,2.6796968531550363,-2.1482549058093516,5.07807731628418
1747534692.19136,2.6774412279060957,-2.1874345163936497,4.951000213623047
1747534692.2140894,2.6645918208898816,-2.2442647110795377,7.10296630859375
1747534692.2356212,2.6554294112444703,-2.285948209919445,6.640911102294922
1747534692.2613266,2.6488975399408066,-2.331098276606756,7.495641708374023
1747534692.281534,2.6361363514003875,-2.395208113166729,6.842851638793945
1747534692.301246,2.6202171720729446,-2.4377016434557777,7.144451141357422
1747534692.3196404,2.601574457052135,-2.4951554845540436,7.073879241943359
1747534692.3369498,2.5821071056821574,-2.5599796912575323,4.908084869384766
1747534692.3554897,2.577785336733475,-2.6129523308379716,6.1130523681640625
1747534692.3717785,2.56821976872968,-2.6761200273737122,4.737138748168945
1747534692.3881416,2.5588140417815337,-2.7194198147956468,4.938840866088867
1747534692.410745,2.5536312937563106,-2.771299670496683,4.799127578735352
1747534692.427449,2.5559018196876995,-2.786376511868518,5.251407623291016
1747534692.4511435,2.5434691533899416,-2.8539473291666035,4.890680313110352
1747534692.4671943,2.5383666162901886,-2.8882058229942276,5.00178337097168
1747534692.4927125,2.5420434756298604,-2.937268864751887,5.040168762207031
1747534692.511573,2.540769206059561,-3.0187730783046094,4.859209060668945
1747534692.531032,2.5460690067910914,-3.077336757087495,4.74095344543457
1747534692.5504465,2.556534794406885,-3.1237799322783832,4.884243011474609
1747534692.5713875,2.5894726096284635,-3.2005087951947426,5.191802978515625
1747534692.5923152,2.617026502158365,-3.2633931772824787,5.486488342285156
1747534692.6113865,2.634594127568337,-3.3154427810310714,4.971027374267578
1747534692.6319246,2.674370153759334,-3.3868509459227676,4.989862442016602
1747534692.6519344,2.718368957891563,-3.443675503109663,4.898548126220703
1747534692.6743476,2.7595548456154533,-3.513872767261576,5.120992660522461
1747534692.691402,2.7794480583522874,-3.5471124445742674,5.254983901977539
1747534692.7132936,2.8126337908929298,-3.6196942430261028,5.927085876464844
1747534692.7386556,2.8349287078111627,-3.6588629106438098,6.3915252685546875
1747534692.7539546,2.8584380214770424,-3.697814816658757,4.858970642089844
1747534692.7753334,2.9072152478183164,-3.762450873749149,6.312131881713867
1747534692.7918959,2.945163986693126,-3.8157059342604978,4.888057708740234
1747534692.807033,2.963699224020578,-3.841172489550327,4.855871200561523
1747534692.8288436,2.9823258710427907,-3.8714410504186585,6.626367568969727
1747534692.8475096,3.0418269454898823,-3.9241489125174702,5.01251220703125
1747534692.8707178,3.085662981577903,-3.970539827615747,4.873037338256836
1747534692.8918753,3.117881134809234,-4.004094263656246,5.773305892944336
1747534692.9151442,3.1791594406529264,-4.069416145998385,4.900217056274414
1747534692.9312427,3.2066782477273517,-4.100791933713229,4.708290100097656
1747534692.9513118,3.2437243128286632,-4.1458535740916185,4.812955856323242
1747534692.9706666,3.265540518612335,-4.170153201062545,4.769325256347656
1747534692.9881916,3.276197090369335,-4.183443727942062,4.950761795043945
1747534693.0065556,3.3233726373934367,-4.239954029246735,4.875898361206055
1747534693.0272563,3.356308924460298,-4.28185250820769,5.115032196044922
1747534693.0483015,3.3776484393528783,-4.31328428633283,4.725933074951172
1747534693.068122,3.4149769968375443,-4.36226657956696,5.135774612426758
1747534693.091254,3.4421871240790978,-4.410132431877915,4.8580169677734375
1747534693.1081667,3.4564131043126944,-4.430939862373412,4.889965057373047
1747534693.1313593,3.535725555648275,-4.531578025459876,4.64630126953125
1747534693.1519742,3.5684157934544825,-4.5871263816782974,5.313396453857422
1747534693.168169,3.586816162838755,-4.621294637972866,5.001068115234375
1747534693.1877952,3.607338347947328,-4.679724140308946,5.369901657104492
1747534693.2117596,3.627627076340107,-4.739914092327411,5.076885223388672
1747534693.234244,3.6366807683519777,-4.780680586470043,5.769491195678711
1747534693.2560248,3.6708143550475683,-4.837699862141318,5.148649215698242
1747534693.2752562,3.6961250256700717,-4.8846469811897775,4.878759384155273
1747534693.2994275,3.713064645392242,-4.933432695336577,8.700370788574219
1747534693.3207028,3.7194394804446014,-4.972610829871354,7.489681243896484
1747534693.3426154,3.721892528887867,-5.031832376468834,8.235931396484375
1747534693.3647244,3.7210978800878016,-5.096169102924932,6.991386413574219
1747534693.379237,3.707527983004326,-5.126271243791491,5.225658416748047
1747534693.3966312,3.7224204281697864,-5.189298410463533,7.087230682373047
1747534693.418691,3.720164184389568,-5.227109805371314,6.748199462890625
1747534693.4400995,3.7171606535557093,-5.266114002783941,6.618976593017578
1747534693.460458,3.7171469747752854,-5.3186804824651315,6.387472152709961
1747534693.4764643,3.708848090501018,-5.369066274646803,5.345821380615234
1747534693.492069,3.7055614199739937,-5.392510995510307,5.51295280456543
1747534693.5118597,3.703704215648623,-5.409197637702035,5.898952484130859
1747534693.53325,3.687497116472145,-5.443639122154923,6.126165390014648
1747534693.5526938,3.666768705477742,-5.481887156844283,6.310224533081055
1747534693.5750358,3.6435780549335637,-5.515577545747604,7.855415344238281
1747534693.596367,3.640172466409392,-5.568126454387057,7.473468780517578
1747534693.6133685,3.630463952933836,-5.604587196958011,5.686521530151367
1747534693.6316583,3.612864142143734,-5.627701481339518,5.572319030761719
1747534693.6545546,3.61422549192417,-5.664753240660623,6.202459335327148
1747534693.6733966,3.5966810344889364,-5.704038177520607,5.744218826293945
1747534693.6914988,3.5735030083856794,-5.736985694326154,5.294322967529297
1747534693.716509,3.5351351147396604,-5.77623187514672,5.913496017456055
1747534693.7336748,3.504946013319497,-5.809388873219602,6.057500839233398
1747534693.7498722,3.484891984002728,-5.824310224760161,5.327463150024414
1747534693.7673047,3.459158665725462,-5.848645819478277,5.797624588012695
1747534693.791355,3.433206169491309,-5.8799180828363875,4.984378814697266
1747534693.811208,3.40470383339158,-5.905912524276485,4.848718643188477
1747534693.8318622,3.370773307062556,-5.925432999789804,5.509138107299805
1747534693.8502064,3.3482206495298894,-5.952820186140067,4.832029342651367
1747534693.988015,3.145943253065157,-6.081962856335226,5.087852478027344
1747534694.0076673,3.1199719270015303,-6.101966762722459,4.975318908691406
1747534694.0312798,3.0823242308631467,-6.1186377030117525,4.859685897827148
1747534694.0513935,3.0544728297915102,-6.1292678817133766,4.866123199462891
1747534694.0718324,3.0079419022378127,-6.147538544789179,4.825353622436523
1747534694.0959175,2.958888979422072,-6.164788053250284,7.5893402099609375
1747534694.1117814,2.920179714316918,-6.177087835876556,4.812002182006836
1747534694.1306055,2.883984309099928,-6.186311536496218,4.781484603881836
1747534694.1498435,2.815139685931944,-6.205452834636169,6.360530853271484
1747534694.1795588,2.7235553996116444,-6.225144858044317,7.407188415527344
1747534694.1966197,2.6681321550828785,-6.234749276126327,4.8198699951171875
1747534694.2142549,2.6201956010456953,-6.261902426899434,5.756139755249023
1747534694.229168,2.5763859867095915,-6.281946241820417,4.913330078125
1747534694.2542522,2.529613630354498,-6.299902852440624,7.119417190551758
1747534694.2789276,2.4862911672724373,-6.314424713229047,7.083415985107422
1747534694.298502,2.4491371608731414,-6.324754641072634,6.234645843505859
1747534694.316955,2.41174855542794,-6.33208162825592,5.935430526733398
1747534694.337116,2.3691243653646152,-6.34514257104442,5.7373046875
1747534694.3569899,2.3195966787593116,-6.3587824746178,5.719184875488281
1747534694.3795257,2.2819562503291206,-6.368959209464858,6.159067153930664
1747534694.3967445,2.252197870618693,-6.376557615362961,6.767511367797852
1747534694.412386,2.233842835595039,-6.390604068706702,4.607439041137695
1747534694.4268382,2.196973207219162,-6.4045526096679035,4.813671112060547
1747534694.4504533,2.1671064314477344,-6.414245003163603,7.419586181640625
1747534694.4747615,2.106598706834817,-6.430767401627274,6.125926971435547
1747534694.4957488,2.059000226148775,-6.439023439382517,5.701303482055664
1747534694.5167284,2.00230437115098,-6.447415333749284,5.702972412109375
1747534694.537286,1.9703215402362446,-6.447715439434755,4.855871200561523
1747534694.5531988,1.9050552745996747,-6.45301327423315,4.766941070556641
1747534694.5749977,1.8669701690975786,-6.453969497227543,4.9457550048828125
1747534694.5959718,1.7842301488966334,-6.475556421876475,4.7607421875
1747534694.617794,1.7244638974503443,-6.484583993075137,6.578683853149414
1747534694.6360252,1.6724911573461412,-6.491041290345192,4.8542022705078125
1747534694.6544592,1.6475050773740567,-6.493007314607381,6.945371627807617
1747534694.6755865,1.5558742061829554,-6.503344730970076,5.403041839599609
1747534694.691491,1.5005033235479965,-6.508720973113524,4.8427581787109375
1747534694.7116024,1.4543170324127923,-6.511408275081479,5.053520202636719
1747534694.73185,1.402860649863918,-6.515894840284073,4.80961799621582
1747534694.7467496,1.3574522798840518,-6.520920822430288,4.94384765625
1747534694.7718694,1.311508366831066,-6.521528321469557,4.877805709838867
1747534694.7935047,1.2525228425450676,-6.522057438072185,6.26683235168457
1747534694.8109777,1.1954792665067318,-6.520375220640942,4.772663116455078
1747534694.8331885,1.1454223614672485,-6.519267203945218,7.153749465942383
1747534694.8512905,1.0969226325480206,-6.51880608933703,4.746913909912109
1747534694.8683853,1.0454267366258723,-6.498393396551958,5.074262619018555
1747534694.8862064,1.0044648152868525,-6.483837923260957,4.875659942626953
1747534694.906455,0.9667635491916179,-6.476062576067586,4.9686431884765625
1747534694.932272,0.8610535352445431,-6.464282405607227,4.866361618041992
1747534694.9567072,0.8039510501699931,-6.454994726499265,5.027294158935547
1747534694.985847,0.7597668295260972,-6.448850525291287,6.445169448852539
1747534695.0028398,0.7019710230870074,-6.4262394924266415,6.664276123046875
1747534695.016319,0.6541312452007357,-6.407099987072403,4.830360412597656
1747534695.0308568,0.5874519148122984,-6.392909200833432,4.904031753540039
1747534695.050858,0.5477484008735739,-6.385717099577134,4.975795745849609
1747534695.0672681,0.5190427191844172,-6.3701174504047975,4.977703094482422
1747534695.0919967,0.44972884927967155,-6.34994223210092,5.339145660400391
1747534695.1129453,0.3918283272960955,-6.340412674711507,6.390810012817383
1747534695.1368587,0.32630905618417494,-6.309992801033455,5.855321884155273
1747534695.154394,0.23271451425590717,-6.287254559319689,5.976676940917969
1747534695.1720984,0.16604345161504952,-6.2697262591081575,5.447864532470703
1747534695.1915061,0.1779303946068795,-6.242431385781064,5.383491516113281
1747534695.2111804,0.216896174296814,-6.216608486315907,5.297422409057617
1747534695.2261996,0.21039768156885788,-6.187749928879502,5.27501106262207
1747534695.2509296,0.18144140576085377,-6.135181267722019,5.119562149047852
1747534695.2724235,0.15696720113737744,-6.101096897841869,5.350828170776367
1747534695.291406,0.16126194440529085,-6.085874636049434,5.179882049560547
1747534695.3081727,0.1336951842635004,-6.062340829554342,5.284547805786133
1747534695.3274693,0.10977723592588369,-6.016882716325747,6.185293197631836
1747534695.3520858,0.07348515619644726,-5.977533793961572,5.370616912841797
1747534695.3733118,0.026284646883903744,-5.951492302862364,5.442619323730469
1747534695.3919322,-0.015231854896742742,-5.9223152128205925,5.577325820922852
1747534695.4106305,-0.06315375900692179,-5.8918102150273315,6.101369857788086
1747534695.432248,-0.11752223264574596,-5.862227369635105,5.815267562866211
1747534695.454589,-0.1586939215877289,-5.835351526084657,7.52568244934082
1747534695.492869,-0.1975719865663836,-5.775877817203563,7.894754409790039
1747534695.5116022,-0.26124050620711625,-5.722590660821522,6.475210189819336
1747534695.5325205,-0.28733339600467167,-5.694133311384452,6.310224533081055
1747534695.554225,-0.32658556776217385,-5.658499570334769,7.059574127197266
1747534695.5763764,-0.35698649769471585,-5.636083239778887,7.106304168701172
1747534695.6005614,-0.40403689987308183,-5.594185846957113,7.620096206665039
1747534695.6210072,-0.4555541808516769,-5.552357282404646,9.768009185791016
1747534695.644841,-0.5081224975887884,-5.491488755521338,9.176254272460938
1747534695.6654503,-0.5175276296806485,-5.46097142451208,10.068416595458984
1747534695.6908958,-0.6009503859667917,-5.397835829806935,7.84754753112793
1747534695.711126,-0.6745039308917924,-5.314614550362427,5.284309387207031
1747534695.731731,-0.6943126482875525,-5.273658943918118,5.58018684387207
1747534695.7515438,-0.7766696961791039,-5.232711270729603,5.213022232055664
1747534695.770682,-0.8235353905955397,-5.200555244245961,5.764961242675781
1747534695.7909005,-0.8484518306934167,-5.158674275971066,5.001544952392578
1747534695.8131642,-0.9251791147840676,-5.10172162363616,5.107879638671875
1747534695.8284066,-0.959812832523102,-5.050088914813425,5.140066146850586
1747534695.850611,-0.9877593036592955,-4.989677447980292,4.932880401611328
1747534695.8708644,-1.001119226745712,-4.949538646655202,4.956483840942383
1747534695.8872154,-1.0709018890170012,-4.902523573695571,4.958391189575195
1747534695.908757,-1.1238280506314586,-4.849448292232527,6.775856018066406
1747534695.9315588,-1.1575856599482612,-4.795222305094759,5.125284194946289
1747534695.9544916,-1.2384012930280912,-4.749073762186731,6.616830825805664
1747534695.973172,-1.2813621655566514,-4.6846765626738245,4.846334457397461
1747534695.9894083,-1.2967397400388214,-4.639542240854817,5.654335021972656
1747534696.0139854,-1.378359710637905,-4.596429422409744,6.691217422485352
1747534696.035392,-1.4132492076058032,-4.545885705675598,5.879640579223633
1747534696.0568852,-1.43581655555597,-4.486095317457961,5.958318710327148
1747534696.0791008,-1.5031422898544644,-4.403218027597807,6.1817169189453125
1747534696.099006,-1.5386795706494079,-4.313961063710147,5.559444427490234
1747534696.1142852,-1.5524769633393036,-4.250163401363783,4.868030548095703
1747534696.1299613,-1.5592680269065358,-4.186301236845902,5.003929138183594
1747534696.149487,-1.6241261564593197,-4.1328238349380495,5.732536315917969
1747534696.1712122,-1.651238864539443,-4.051643182311527,4.862785339355469
1747534696.1905963,-1.6613837550176145,-3.9910446325433724,4.804134368896484
1747534696.2128856,-1.709090679462317,-3.933774848449229,5.842447280883789
1747534696.2308779,-1.7268139392307862,-3.8907531058147544,4.936695098876953
1747534696.2523296,-1.7356526248455173,-3.8462915741772488,5.676746368408203
1747534696.2725818,-1.7803180226251403,-3.7699577415096988,5.718708038330078
1747534696.2929206,-1.7914325029565281,-3.706506790717705,6.321191787719727
1747534696.3133547,-1.7949648667448395,-3.6539926027909653,6.037235260009766
1747534696.3321922,-1.8161377583293,-3.578419157626959,4.8618316650390625
1747534696.354098,-1.825269447533264,-3.5138460560992946,5.208015441894531
1747534696.3742332,-1.833853918831029,-3.4570127024908928,5.385875701904297
1747534696.394615,-1.8418910753140543,-3.394556910048126,5.584955215454102
1747534696.4152682,-1.8341160176536615,-3.3174524213242615,5.0811767578125
1747534696.4315467,-1.8259039398935375,-3.2569252216009246,5.023002624511719
1747534696.4513657,-1.829171178077163,-3.1737532513111213,5.036354064941406
1747534696.467819,-1.8221243583229498,-3.099668971596536,5.1174163818359375
1747534696.4924264,-1.8192114740810805,-3.0101398559387036,5.251646041870117
1747534696.511238,-1.8217739404628055,-2.9385081580051566,5.223274230957031
1747534696.5335326,-1.8217390030194318,-2.8610397147247615,5.840063095092773
1747534696.5505316,-1.8247220526078003,-2.8022145649243573,6.045341491699219
1747534696.574454,-1.838166751188702,-2.714092707757719,7.061958312988281
1747534696.5924442,-1.8548146216106962,-2.652503825179935,5.3577423095703125
1747534696.613296,-1.8114884658032069,-2.606710070540272,5.225896835327148
1747534696.6287997,-1.7861496003963708,-2.5476911429630493,5.344152450561523
1747534696.6514752,-1.7771945578069714,-2.471389684627499,5.124330520629883
1747534696.671256,-1.7453791310645248,-2.3863959789842313,5.0334930419921875
1747534696.6864035,-1.7358469689032285,-2.336311825115093,5.0716400146484375
1747534696.7113373,-1.7350903737999468,-2.254478265935802,5.080938339233398
1747534696.7309084,-1.6989041870392836,-2.1719807601551513,4.965782165527344
1747534696.7508779,-1.6887178735318582,-2.0959148144797384,5.032777786254883
1747534696.7687306,-1.6835649843557492,-2.044058561666912,5.131244659423828
1747534696.7918243,-1.6744632816828675,-1.9568920018059615,5.179166793823242
1747534696.8121028,-1.6805464859550872,-1.9098532182477106,6.257534027099609
1747534696.834953,-1.6268465176070472,-1.8279786398982074,6.350278854370117
1747534696.8512788,-1.6117511016201023,-1.7705461366228057,4.961729049682617
1747534696.8666325,-1.6030246315970766,-1.72271425025242,5.127429962158203
1747534696.8870883,-1.5945837355174723,-1.6792974188272076,5.775213241577148
1747534696.9067168,-1.5392068921131317,-1.6155324651590033,5.427360534667969
1747534696.9276338,-1.5056209283511994,-1.5540768509188227,5.387067794799805
1747534696.951953,-1.4807594959904837,-1.5004326076260595,5.393505096435547
1747534696.9733508,-1.4294421797109418,-1.4305948598681033,5.571603775024414
1747534696.9950352,-1.3989922556287124,-1.372578269091102,6.952047348022461
1747534697.0246043,-1.3153525836447835,-1.2502069751334037,9.394168853759766
1747534697.042684,-1.2747165473412936,-1.1820875081140063,7.086038589477539
1747534697.0586386,-1.2506373766282883,-1.134020806853814,5.519390106201172
1747534697.073937,-1.2391891301721039,-1.1041559663963572,5.616903305053711
1747534697.0913067,-1.1998327112023635,-1.0492338216679196,6.035089492797852
1747534697.111706,-1.1556742267269715,-0.9819548324435764,5.493879318237305
1747534697.1314063,-1.1364844770261238,-0.9428078292110056,5.649805068969727
1747534697.151995,-1.0599302692786128,-0.880276668727314,5.748271942138672
1747534697.1720312,-0.9987434052402708,-0.8186978016629227,5.854368209838867
1747534697.1923733,-0.9597180004385331,-0.780908183085539,6.103515625
1747534697.213447,-0.9345893099784002,-0.7504153378530359,6.019830703735352
1747534697.232945,-0.8764888646673227,-0.6960438980559255,6.409883499145508
1747534697.2525039,-0.8332771068854576,-0.6487358117222448,6.0882568359375
1747534697.2714248,-0.804821615657904,-0.614733517527087,6.492137908935547
1747534697.2892141,-0.752057942393787,-0.551552292662567,5.831241607666016
1747534697.3138082,-0.6992401485335602,-0.4920316885518187,7.559537887573242
1747534697.3346505,-0.6637745537756938,-0.4525437156307661,6.320476531982422
1747534697.3539307,-0.586285682487366,-0.3858842406331297,5.71131706237793
1747534697.3710198,-0.5206142223957666,-0.33659816390883374,5.092859268188477
1747534697.390743,-0.4767086851952767,-0.3043672008334123,5.176782608032227
1747534697.4110692,-0.4413520278217586,-0.27969465442840574,5.197286605834961
1747534697.4278812,-0.3991553171208938,-0.23539353705126012,5.836963653564453
1747534697.4483948,-0.3498102791812279,-0.19093267632030864,5.93876838684082
1747534697.4723158,-0.29884682837890963,-0.15325820811496843,5.684852600097656
1747534697.4925253,-0.22173638645286148,-0.10587989997009858,5.157709121704102
1747534697.5126328,-0.15737879853485182,-0.07562630850173946,6.1168670654296875
1747534697.5322814,-0.11929435347055435,-0.05907447179499815,5.1784515380859375
1747534697.552614,-0.03409908333377965,-0.01605377219524886,5.242824554443359
1747534697.5712328,0.04476736666050255,0.009495793349216556,5.036354064941406
1747534697.5867195,0.11168887710505837,0.023440434883433274,4.918098449707031
1747534697.6110518,0.18778384015116317,0.07119233983577271,5.151271820068359
1747534697.6269557,0.23825846147200505,0.09068213976080762,4.859447479248047
1747534697.650505,0.3146417059240934,0.11926769740908917,4.956483840942383
1747534697.6707652,0.36993405021162973,0.1348781661005141,5.202054977416992
1747534697.690824,0.406212833083041,0.1611690104193115,4.841804504394531
1747534697.7068312,0.4337833245215184,0.17186895713806952,5.5904388427734375
1747534697.731463,0.5132277655638942,0.190769262997934,4.804134368896484
1747534697.7489097,0.505649118573208,0.19850558421074477,4.892110824584961
1747534697.7711158,0.5594288070741246,0.21159294579781227,4.897117614746094
1747534697.7914512,0.6013815841470844,0.2218563757262322,5.057573318481445
1747534697.8143194,0.6180310120097595,0.23236444584314375,4.931926727294922
1747534697.8414268,0.6568727859815142,0.236668877268162,6.727695465087891
1747534697.859436,0.7244008020114395,0.2390088078822261,6.4258575439453125
1747534697.876391,0.782338743412579,0.24987641491736487,4.645109176635742
1747534697.8922348,0.8455849647454985,0.2662392650768088,4.506111145019531
1747534697.9070325,0.8958826745192249,0.2761317843088352,4.723787307739258
1747534697.9271376,0.9281688980988855,0.28066016158149465,4.815578460693359
1747534697.9512076,1.030620108334335,0.2676032157617369,4.967212677001953
1747534697.9725363,1.0770631909839417,0.26255682572153055,4.984378814697266
1747534697.992735,1.101022612518641,0.262160473403294,4.684686660766602
1747534698.0229952,1.1826025229560688,0.2597231057918239,9.691715240478516
1747534698.0588121,1.2707363846276944,0.2479530320146918,8.362770080566406
1747534698.07565,1.3356273814341477,0.23273046271131925,4.743337631225586
1747534698.0941236,1.3840473004460019,0.22005713594930815,5.385160446166992
1747534698.1127858,1.4306157191640494,0.2093828975933107,5.748987197875977
1747534698.131286,1.480056344942623,0.20291477549540018,4.758119583129883
1747534698.1505911,1.508592839969675,0.1985649044522086,7.1773529052734375
1747534698.1712527,1.5721664966725148,0.1775378318605952,4.807472229003906
1747534698.190531,1.6120067415428387,0.15974143232998075,4.582881927490234
1747534698.2105854,1.6426241274321187,0.14757878195263271,4.595518112182617
1747534698.2335382,1.708651259842082,0.13160613743720223,6.173610687255859
1747534698.2513773,1.7954732663111344,0.11303255095331301,4.572153091430664
1747534698.2724676,1.8551747576883213,0.09797042985337223,5.332708358764648
1747534698.2954402,1.8903818295734167,0.08957795546613813,4.860401153564453
1747534698.3152602,1.9474202627581148,0.05660199690294282,4.617452621459961
1747534698.332504,1.9830566285440714,0.030303621207765724,4.713535308837891
1747534698.3516116,2.0168246449124383,0.008372998737755833,5.478620529174805
1747534698.3743672,2.073952760097524,-0.012130516500507185,6.147146224975586
1747534698.392578,2.1187583665206278,-0.0284729069585558,4.89044189453125
1747534698.4112487,2.1519853352207,-0.04240573257141555,5.155324935913086
1747534698.4312274,2.2150075499150157,-0.06991805842611176,5.269289016723633
1747534698.45247,2.2830030826470553,-0.10801118082791589,5.824089050292969
1747534698.472369,2.3313536245340076,-0.13597506728812603,6.50477409362793
1747534698.4932234,2.3724459109140166,-0.15513343494916682,5.2814483642578125
1747534698.5107589,2.433992266238418,-0.19997649822720298,4.992485046386719
1747534698.527662,2.4812366648097406,-0.22959044533394332,5.047798156738281
1747534698.552057,2.5307882585085064,-0.26334153761560847,5.567789077758789
1747534698.5721717,2.5504779309855112,-0.30497759714116457,5.123138427734375
1747534698.5888467,2.575191391275322,-0.3456925398008649,5.346536636352539
1747534698.6110265,2.6029844679946774,-0.3816813298776385,5.246877670288086
1747534698.6347458,2.6693923612356034,-0.420068769316849,5.5866241455078125
1747534698.6523702,2.7144918824003224,-0.4485138330451567,6.069660186767578
1747534698.672926,2.771903541081436,-0.4935668363210347,5.706071853637695
1747534698.694271,2.7885488747512928,-0.5590827410087669,7.516622543334961
1747534698.711988,2.805698739770725,-0.6026972018571314,5.508899688720703
1747534698.7290819,2.824958508472586,-0.6450172654013582,5.866527557373047
1747534698.7514617,2.8498842210015525,-0.6893906592911135,5.887031555175781
1747534698.7815745,2.8629404750074463,-0.7409956347340751,6.97779655456543
1747534698.7998402,2.871609049820765,-0.7840542161381746,6.024599075317383
1747534698.8214908,2.8775079669878556,-0.8201010276261198,9.271621704101562
1747534698.848536,2.865748988414533,-0.8612647233452706,6.670236587524414
1747534698.8636842,2.8706688587711087,-0.9137497776118829,5.194425582885742
1747534699.0085728,2.851493816442291,-1.2518053843764652,5.7525634765625
1747534699.0291028,2.7970332476089124,-1.2985368578706291,5.2642822265625
1747534699.046681,2.7720840827796374,-1.3352690561963505,4.739999771118164
1747534699.0661473,2.7540076067563177,-1.3653153653248467,5.206108093261719
1747534699.0905983,2.7679989727691177,-1.4316398856561612,4.76384162902832
1747534699.1060364,2.7782732153425593,-1.4675739666680858,4.742622375488281
1747534699.1307287,2.7893798715146056,-1.5148987260510731,4.495143890380859
1747534699.145949,2.7943449788701593,-1.5387483190994826,4.641532897949219
1747534699.1672637,2.8111326634217,-1.5774556190792937,6.282567977905273
1747534699.1909761,2.8143961316934285,-1.6271000307493548,4.547834396362305
1747534699.2089124,2.815533908896931,-1.6454833674536276,4.739046096801758
1747534699.226476,2.803877848749073,-1.7050705869257132,4.52876091003418
1747534699.2508798,2.7915519440032543,-1.7537415274704895,4.706859588623047
1747534699.268384,2.7864327270170466,-1.7727454577198567,5.037546157836914
1747534699.2874103,2.7989898283503822,-1.8330334509240804,5.2852630615234375
1747534699.3061676,2.8094285850031127,-1.882176549706902,4.904031753540039
1747534699.3314457,2.811115316232717,-1.937422296132613,4.580259323120117
1747534699.3535058,2.7993015349861463,-1.9952382896589502,6.221532821655273
1747534699.375464,2.7883263472546496,-2.042523324042999,4.630804061889648
1747534699.3982713,2.7751010293324545,-2.077165504470865,7.190465927124023
1747534699.4162383,2.75963750521661,-2.1582345252490773,4.697322845458984
1747534699.435082,2.7535055033176232,-2.211035164809991,6.03485107421875
1747534699.4519753,2.753836855137086,-2.256381599733045,4.879474639892578
1747534699.4735124,2.7562690238271697,-2.292313474511666,6.3629150390625
1747534699.4953892,2.7322012968316884,-2.348003145771706,6.121397018432617
1747534699.5145383,2.7121683414642828,-2.420019823151287,5.29026985168457
1747534699.5353856,2.707260888844428,-2.46688295138363,5.148410797119141
1747534699.5526757,2.700502030102545,-2.5154201867706796,4.683256149291992
1747534699.56975,2.6902520262926606,-2.576132147960819,4.937410354614258
1747534699.5909626,2.67382229304831,-2.6364948287299965,5.020856857299805
1747534699.6092505,2.6528755175571774,-2.6919607913733503,4.927158355712891
1747534699.6276746,2.6453068030632854,-2.7530726125497655,5.113840103149414
1747534699.6466436,2.6439846186390916,-2.7961831975779305,5.318164825439453
1747534699.667209,2.6493395335458594,-2.833690502493669,4.987955093383789
1747534699.6908247,2.6213679994793635,-2.910959069318441,4.775047302246094
1747534699.7106445,2.6048134577307467,-2.964659045839288,4.94837760925293
1747534699.731249,2.5969513664535198,-3.0090175611571834,5.044221878051758
1747534699.7512553,2.6090676657266494,-3.084660590925489,4.810571670532227
1747534699.771699,2.6108591356936537,-3.153260167285626,5.0449371337890625
1747534699.792507,2.6219874275722765,-3.2109163693925997,5.062103271484375
1747534699.8143375,2.6654017967633736,-3.298855836301901,5.795001983642578
1747534699.8329282,2.6969488399167285,-3.350009240555372,5.795955657958984
1747534699.8476374,2.716900938295449,-3.382558242968819,4.935503005981445
1747534699.871663,2.766381701846786,-3.4661831159801486,4.899263381958008
1747534699.8912232,2.8098247893716044,-3.529304540999815,4.913568496704102
1747534699.9139338,2.8344557382255435,-3.5744031951573096,5.41996955871582
1747534699.9335582,2.852576237199667,-3.605742207809853,6.9713592529296875
1747534699.9522333,2.8645219317127744,-3.6221721621288334,4.864931106567383
1747534699.9803984,2.9077949903871563,-3.680595795533385,7.1964263916015625
1747534700.002547,2.9455624464875982,-3.73464838758308,10.344982147216797
1747534700.0201366,2.960085312323365,-3.758025519423143,6.232738494873047
1747534700.0412104,3.0322798179441053,-3.8503479247324037,6.477594375610352
1747534700.0583687,3.077886400258878,-3.903887461518069,5.383491516113281
1747534700.0760555,3.108244029894664,-3.9416684647675457,4.738092422485352
1747534700.0923436,3.1199899186823807,-3.9589062119006417,4.900932312011719
1747534700.111002,3.153960941207333,-4.039364570957172,5.090951919555664
1747534700.1327746,3.1814284351239426,-4.085197163804059,6.535530090332031
1747534700.1506996,3.206759656270517,-4.116768518283223,4.949808120727539
1747534700.1743305,3.2586376523360663,-4.180343510600076,6.824254989624023
1747534700.1903994,3.2805412885599914,-4.21251869419521,5.39088249206543
1747534700.2096412,3.305999697970643,-4.249226561486925,5.345582962036133
1747534700.2278051,3.324836794684363,-4.2717182387894,4.731416702270508
1747534700.2505078,3.3698645931089057,-4.321893165533532,4.701852798461914
1747534700.2677271,3.394319456112713,-4.346763567310703,5.110502243041992
1747534700.2901971,3.4317295693775893,-4.381000023681102,5.587577819824219
1747534700.3117187,3.4938689309045103,-4.453304330322882,6.522893905639648
1747534700.3314366,3.5257413977753083,-4.511652458034737,4.768610000610352
1747534700.351475,3.539545398495927,-4.542294164211353,4.658699035644531
1747534700.3703222,3.5705682340912186,-4.600323907617225,4.7664642333984375
1747534700.3904443,3.5960336665679966,-4.6539406228006035,4.758358001708984
1747534700.4118645,3.6144741897294845,-4.684235600731603,5.062580108642578
1747534700.4357088,3.660294465032728,-4.74689253718251,5.003452301025391
1747534700.4632711,3.6878684755599007,-4.7929863305115195,8.06427001953125
1747534700.4872067,3.7114733414967094,-4.843187472320604,10.033369064331055
1747534700.5083702,3.7313068559966225,-4.9353561185052826,5.401134490966797
1747534700.5298736,3.7362278546168763,-4.988353027460738,5.130529403686523
1747534700.5514994,3.7436679745624093,-5.044136305602316,5.0811767578125
1747534700.5762885,3.7544717330349715,-5.117181845118135,7.6847076416015625
1747534700.5951104,3.7473944560529504,-5.167252924745378,5.573749542236328
1747534700.6118236,3.730508166370234,-5.210001528918174,5.34820556640625
1747534700.6321588,3.7458144240420572,-5.280337509953871,5.381345748901367
1747534700.6514935,3.7440798838443947,-5.336234512342054,5.278110504150391
1747534700.6714923,3.7289711885308034,-5.3720216683241935,5.376100540161133
1747534700.6906133,3.7315766791395553,-5.4096782694111525,6.05010986328125
1747534700.7083645,3.7225083846055154,-5.456697945762488,6.071567535400391
1747534700.7297356,3.7153426666657685,-5.497303542770911,6.450414657592773
1747534700.751766,3.7026921091383964,-5.533473314675252,7.110595703125
1747534700.7826533,3.703978087547866,-5.576723248332648,11.189937591552734
1747534700.8088837,3.6950729090245074,-5.616983431229917,5.963325500488281
1747534700.8264756,3.6963603481410527,-5.673992440426772,7.142066955566406
1747534700.8412278,3.684959001323456,-5.723342552396452,5.642890930175781
1747534700.8563397,3.6659519477373053,-5.763317558629722,5.710363388061523
1747534700.8736794,3.6538461887502587,-5.791696524015535,5.347728729248047
1747534700.8916016,3.632123021554772,-5.823427763174516,5.256891250610352
1747534700.9112225,3.611941340361471,-5.8477946048298834,5.0334930419921875
1747534700.929323,3.5943907132468205,-5.863045548365916,5.8841705322265625
1747534700.9503348,3.5717321733399015,-5.887106136372188,6.082296371459961
1747534700.9724796,3.5448037387063547,-5.9164566863685994,5.780220031738281
1747534700.9918685,3.5404602605033664,-5.9407197388010315,5.009889602661133
1747534701.0111587,3.5188448421328937,-5.96959652471988,4.886627197265625
1747534701.0323148,3.4938073244870167,-5.987278530580572,5.4302215576171875
1747534701.0483997,3.4634704729080914,-6.012784913305913,4.825115203857422
1747534701.070644,3.4217788126638027,-6.043955084063289,4.752397537231445
1747534701.0916417,3.389725446903308,-6.064694382927047,5.726337432861328
1747534701.1117961,3.3622042703481427,-6.079533314690888,4.975318908691406
1747534701.1278675,3.344381896411337,-6.102873567410198,4.956722259521484
1747534701.1513996,3.3011861384208743,-6.132946338590459,4.787921905517578
1747534701.1722128,3.257978249944392,-6.157505691661633,4.981040954589844
1747534701.190843,3.241757098546589,-6.173217390503078,4.894733428955078
1747534701.2107294,3.2016367531583945,-6.194460524396286,4.76527214050293
1747534701.2425473,3.180252155042468,-6.202795150171007,21.008968353271484
1747534701.261711,3.1250472300523793,-6.2259229449161,5.518198013305664
1747534701.276636,3.096379808121985,-6.23318578703387,4.919290542602539
1747534701.2937956,3.0672138398648765,-6.241691239143903,5.267620086669922
1747534701.3091574,3.0240679177500773,-6.249157420585919,4.828929901123047
1747534701.3306067,3.0270060178410825,-6.268137396612131,5.076885223388672
1747534701.3534143,2.9873641439532603,-6.2861774404893085,5.638837814331055
1747534701.3743227,2.8943542310303534,-6.308265085101793,6.994485855102539
1747534701.4018736,2.7395645645664155,-6.330010934612379,7.481813430786133
1747534701.4185731,2.670258050664532,-6.332322696365596,5.672693252563477
1747534701.436037,2.6036484464248684,-6.337245354632866,4.818439483642578
1747534701.455355,2.5214997909346337,-6.346299198855292,5.025148391723633
1747534701.472857,2.491698772632885,-6.346653681035258,4.860639572143555
1747534701.491275,2.4590420111155624,-6.3515059329307935,5.234241485595703
1747534701.5090013,2.3883821984003593,-6.361560590101841,4.813671112060547
1747534701.5278227,2.339017152877528,-6.369826212577222,5.121946334838867
1747534701.5488257,2.3000985728302386,-6.376507805034842,6.011247634887695
1747534701.5715537,2.2508071456254672,-6.381906701751322,4.798650741577148
1747534701.5943408,2.2237816794892775,-6.384607703729915,6.0977935791015625
1747534701.6098533,2.214706069336611,-6.380421591515884,4.844188690185547
1747534701.6267395,2.1941644947028607,-6.38282037768783,4.677057266235352
1747534701.648508,2.1448439733460596,-6.388809984358344,6.636381149291992
1747534701.6674826,2.1051300666147323,-6.393912745308765,4.814863204956055
1747534701.6934712,2.048431370914761,-6.400633907604345,5.203008651733398
1747534701.7112737,2.00560753658375,-6.410570943673998,4.682779312133789
1747534701.7267222,1.9831645495490289,-6.415425924674511,4.848480224609375
1747534701.7506287,1.9447207790794305,-6.420772813215624,4.791975021362305
1747534701.7798564,1.8873548891338008,-6.428027465621212,6.699800491333008
1747534701.7977536,1.853300852236882,-6.433892229159327,6.400585174560547
1747534701.8119695,1.8041820353560098,-6.4413385320412,4.590034484863281
1747534701.8283885,1.7818300841465942,-6.44318167047107,4.750967025756836
1747534701.8468091,1.7258649836406104,-6.450566247884922,4.763603210449219
1747534701.866087,1.679421499642711,-6.458844715842022,4.79435920715332
1747534701.8958933,1.6237672552862608,-6.464769919353849,7.875204086303711
1747534701.9131489,1.5559397079515875,-6.4672603356272065,4.828214645385742
1747534701.931398,1.4902160981448542,-6.474257773233701,4.81867790222168
1747534701.9508278,1.4572554403745022,-6.475067641115106,4.907369613647461
1747534701.971669,1.381886851171556,-6.476628318040377,4.958629608154297
1747534701.9929307,1.3334416990456195,-6.477429069619887,4.785060882568359
1747534702.011855,1.2914877803098135,-6.479290234109643,4.88734245300293
1747534702.031483,1.2099506217187572,-6.46820177456298,4.790782928466797
1747534702.0532653,1.1485132556483606,-6.463847054234432,4.894733428955078
1747534702.0689335,1.1171125520709806,-6.462413789663754,4.873752593994141
1747534702.0910716,1.051347959764951,-6.462077770085387,4.639387130737305
1747534702.1102974,0.9889042232856884,-6.45932436010899,4.595518112182617
1747534702.130758,0.9347792103434519,-6.456778186294634,5.187034606933594
1747534702.1474094,0.9065811843692284,-6.456716632886854,5.200624465942383
1747534702.1712394,0.8287612412763997,-6.448795503822877,4.71186637878418
1747534702.1925852,0.7749849458738908,-6.440517772718738,5.2051544189453125
1747534702.2127125,0.7236405577980414,-6.436765002353568,4.802227020263672
1747534702.2305303,0.621091892898672,-6.4196627691847485,5.378007888793945
1747534702.2472894,0.549326076619362,-6.403412420943539,4.918575286865234
1747534702.2710185,0.493304710730298,-6.388483877626242,5.068063735961914
1747534702.2924664,0.4468866918648765,-6.363033150637698,5.227088928222656
1747534702.311449,0.39939257485293495,-6.340494943320557,5.451679229736328
1747534702.3329797,0.33648481040082184,-6.326087927763545,5.58161735534668
1747534702.354565,0.2998875123630156,-6.317345632514994,5.589962005615234
1747534702.3715975,0.3390912178375722,-6.288188591725541,5.018472671508789
1747534702.3913946,0.4034661814407148,-6.260018471135172,6.695985794067383
1747534702.4073818,0.3651453967200996,-6.244622932494958,5.161046981811523
1747534702.4315104,0.337616510078448,-6.2028192539487375,5.237817764282227
1747534702.4520624,0.30241089975244323,-6.178957878786046,5.771160125732422
1747534702.472028,0.2720494665023859,-6.169252023082306,5.258083343505859
1747534702.491533,0.24078266836967177,-6.154513997439796,5.272626876831055
1747534702.5105631,0.2395943016965092,-6.145892142111816,5.202054977416992
1747534702.533359,0.19447429535308353,-6.113768228615319,6.908178329467773
1747534702.553888,0.16876132228930993,-6.09504490588397,5.712747573852539
1747534702.5708494,0.1354294437815466,-6.075368210333251,5.727052688598633
1747534702.591859,0.07780218864951374,-6.028256394398299,5.253076553344727
1747534702.6106207,0.022888553346155104,-6.011602796685143,6.9599151611328125
1747534702.6276715,-0.03866847414829102,-5.984128721957168,5.400419235229492
1747534702.6519687,-0.08838888540277282,-5.959129117462857,5.608320236206055
1747534702.6723456,-0.10724490846873053,-5.928298607260723,5.732059478759766
1747534702.692795,-0.12887146075353953,-5.900770550892635,5.770444869995117
1747534702.7138286,-0.14430251530795635,-5.884045570770985,6.914615631103516
1747534702.7312684,-0.23684872020304165,-5.835399655879133,6.12330436706543
1747534702.7523189,-0.29720651573779056,-5.797071682053334,6.117105484008789
1747534702.7768872,-0.33090286680624903,-5.770134540231567,6.969690322875977
1747534702.7999194,-0.40719579363539427,-5.7235400792287345,6.834745407104492
1747534702.8195782,-0.47433287726073764,-5.671201138292819,7.745027542114258
1747534702.8392804,-0.49677565632391046,-5.65118586901554,8.570671081542969
1747534702.85955,-0.5709965936143482,-5.572475625336174,7.7610015869140625
1747534702.8753345,-0.6096356658353637,-5.515004544910153,6.084918975830078
1747534702.8927827,-0.650579813534812,-5.46143792798516,5.827903747558594
1747534702.9133253,-0.6533278465190071,-5.427263886392606,5.678892135620117
1747534702.9320848,-0.7314984942629125,-5.374008699160553,5.702018737792969
1747534702.9535463,-0.7745077363717539,-5.335862719546753,6.923675537109375
1747534702.9748337,-0.7944714657403538,-5.307610382031422,5.794763565063477
1747534703.002484,-0.8967480449313823,-5.2416868297174295,6.256103515625
1747534703.0254374,-0.9386849279522694,-5.192666812342741,9.357690811157227
1747534703.0443265,-0.9511532584292773,-5.164571216445699,8.355379104614258
1747534703.062432,-1.0496055477414747,-5.086979243570008,6.14619255065918
1747534703.0770905,-1.0904932677796626,-5.04106086658363,4.877805709838867
1747534703.0949495,-1.1307046607028586,-4.974837585493642,6.063699722290039
1747534703.11195,-1.2005624967538482,-4.903750650603175,5.196571350097656
1747534703.1306677,-1.2398536103660973,-4.841888032417853,4.7855377197265625
1747534703.147868,-1.2559746051114098,-4.7935502588033065,4.826068878173828
1747534703.1662734,-1.2695557727107811,-4.743701666942811,5.107641220092773
1747534703.1914203,-1.3464969019837267,-4.668528980804044,4.812002182006836
1747534703.2109156,-1.3769383591113784,-4.609381387241346,5.095005035400391
1747534703.2306504,-1.3909762253472684,-4.554349418219566,5.079507827758789
1747534703.2510097,-1.472719788625894,-4.4792854948823475,5.433082580566406
1747534703.270913,-1.501863939691796,-4.4144320150820215,5.036115646362305
1747534703.2903678,-1.514767541292058,-4.370653845218746,5.7811737060546875
1747534703.310235,-1.5855722501658953,-4.307884870283567,6.281852722167969
1747534703.3347344,-1.616904407622449,-4.229740016085506,7.550477981567383
1747534703.3544888,-1.6341623947195685,-4.156742253262266,6.398439407348633
1747534703.3719552,-1.6383726217984143,-4.107264152790426,4.888296127319336
1747534703.3916237,-1.689774391889283,-4.0165836921870355,4.831552505493164
1747534703.4066966,-1.7048124822461437,-3.9684203402555247,5.005598068237305
1747534703.43188,-1.7167896094933428,-3.893596944420845,5.291223526000977
1747534703.451425,-1.747073564914876,-3.837385152986306,4.890203475952148
1747534703.474422,-1.769663029097543,-3.7773266692845207,6.823301315307617
1747534703.4916534,-1.7809597641059849,-3.728446583931833,4.954099655151367
1747534703.5120392,-1.8046347538964245,-3.6520626793387154,5.228996276855469
1747534703.5318315,-1.8083142040620452,-3.5865404639373057,5.161762237548828
1747534703.5513935,-1.8022189704653016,-3.5068571165850764,5.172252655029297
1747534703.5717442,-1.8199063387963739,-3.447560845247561,4.955768585205078
1747534703.5914443,-1.8355806290985257,-3.410497391373503,4.974126815795898
1747534703.613034,-1.8358347706734406,-3.3179656119919962,6.728649139404297
1747534703.6306496,-1.8380367130334403,-3.243938064368267,4.98199462890625
1747534703.647305,-1.855825342255795,-3.1684191799889554,5.0945281982421875
1747534703.6668537,-1.8683478581937458,-3.057729870532885,5.8345794677734375
1747534703.6904957,-1.87711686066624,-2.9749074895516188,7.219552993774414
1747534703.710699,-1.8287044171032096,-2.91035443681163,5.953311920166016
1747534703.727876,-1.8218947892525068,-2.8454491686966135,5.16057014465332
1747534703.750787,-1.821261347799365,-2.780903364773263,5.215644836425781
1747534703.7740474,-1.8093371881661031,-2.6801608899785907,5.477666854858398
1747534703.8003118,-1.8074584689814843,-2.619105204857989,7.27534294128418
1747534703.8204494,-1.8123001852053178,-2.5781053816207646,8.364200592041016
1747534703.8403826,-1.8120675113306834,-2.531102341269326,6.583213806152344
1747534703.8598082,-1.8105959003696377,-2.4947990183560056,8.603572845458984
1747534703.8750155,-1.7815844060127242,-2.4318200152046137,4.9839019775390625
1747534703.8919628,-1.7671398801836342,-2.3579920386620703,5.053281784057617
1747534704.0397866,-1.5999521985052823,-1.8895286978936188,5.798578262329102
1747534704.0553086,-1.5986091761198624,-1.8378675824560116,5.273103713989258
1747534704.0726185,-1.5741128207459325,-1.7892141419063108,5.124330520629883
1747534704.0887241,-1.5543210756604686,-1.7228201542091695,4.9800872802734375
1747534704.1075654,-1.5414257357678238,-1.6693658328949759,4.897594451904297
1747534704.1277757,-1.494879981911778,-1.6085774246117255,5.149602890014648
1747534704.1470234,-1.4566364159648029,-1.5368632062465128,5.082845687866211
1747534704.1708906,-1.427952703174672,-1.4596236201487944,5.471229553222656
1747534704.1877067,-1.4149366892634874,-1.405199409061198,4.989385604858398
1747534704.2065513,-1.3530834535073717,-1.336108544397915,5.143880844116211
1747534704.2267957,-1.3107981546849155,-1.2756569332382113,5.587577819824219
1747534704.2552183,-1.2892384988012218,-1.2069860415135498,8.105754852294922
1747534704.2793965,-1.2197425910737654,-1.1537954859917838,7.85374641418457
1747534704.3008115,-1.164781042755993,-1.0760940104236207,6.99162483215332
1747534704.325422,-1.1146697057484731,-1.0136132220272822,5.88226318359375
1747534704.341046,-1.0636629880589321,-0.9478686297034026,5.987882614135742
1747534704.3560727,-1.0148854754190584,-0.8931730849046138,5.481958389282227
1747534704.3781846,-0.9664029529946037,-0.8301027946792073,6.859540939331055
1747534704.3949556,-0.913664378210915,-0.7783783087002798,6.287336349487305
1747534704.4122713,-0.8745787011945676,-0.727037580871741,6.517648696899414
1747534704.437814,-0.8447692219740484,-0.6893558412179341,7.578611373901367
1747534704.4558344,-0.7932855874341233,-0.6336724955013093,5.971431732177734
1747534704.4731424,-0.7222770341538844,-0.5673980056715258,6.851911544799805
1747534704.488771,-0.6875733651231771,-0.531002456434986,5.875349044799805
1747534704.508874,-0.6520670560784909,-0.493051191429392,5.803585052490234
1747534704.5299745,-0.5719397711161212,-0.4414318445768167,5.705118179321289
1747534704.552538,-0.5153711048694607,-0.3929547615770807,5.405426025390625
1747534704.5713568,-0.4824725147260781,-0.36707847983413594,5.095720291137695
1747534704.5910735,-0.4180434392942823,-0.3033196075212138,5.31458854675293
1747534704.6083987,-0.36493184121071603,-0.2596361602210475,6.360054016113281
1747534704.6293187,-0.3168991487893702,-0.2218895251621246,5.240917205810547
1747534704.6529949,-0.25010825548186244,-0.17021947145590238,5.183219909667969
1747534704.6748366,-0.2011611805003064,-0.14680253855272288,7.246971130371094
1747534704.6945407,-0.16413264897160046,-0.13156776697393147,7.306575775146484
1747534704.715008,-0.13207531329442954,-0.11732187901225162,5.568265914916992
1747534704.734569,-0.06656200497409628,-0.05222490073911143,7.369279861450195
1747534704.752037,-0.016947075503761774,-0.02074986949325631,5.177736282348633
1747534704.7757924,0.031058869829036693,0.0012166530510939874,7.032632827758789
1747534704.7967618,0.07426344840714602,0.03795888046694177,7.346153259277344
1747534704.814542,0.1355855092645649,0.06915132271331133,5.1631927490234375
1747534704.8312128,0.1811192346330127,0.08538551658525498,5.395650863647461
1747534704.8486016,0.1597637854839837,0.10162530248227694,4.97889518737793
1747534704.8664737,0.18557913227182957,0.11841590583795868,5.330562591552734
1747534704.8927808,0.242477913340933,0.13560131127897773,5.883216857910156
1747534704.9197302,0.3000990646202145,0.16011668321897315,7.532835006713867
1747534704.938782,0.3376374147754901,0.17576923806794273,7.116556167602539
1747534704.959029,0.4037333246911961,0.19205173172896547,5.908012390136719
1747534704.9747298,0.4342868693448188,0.20224678949593283,4.854679107666016
1747534704.992296,0.47045359581559837,0.21669301557640527,4.993915557861328
1747534705.011511,0.5074109297549193,0.2228358028573078,4.978418350219727
1747534705.0280085,0.5146598118063411,0.22229100215393655,5.004644393920898
1747534705.046536,0.6175667589148269,0.23659191037686364,5.077362060546875
1747534705.0707943,0.7042410807540478,0.2442301878264683,4.807949066162109
1747534705.0874546,0.7412842104348789,0.25038748502165953,5.518198013305664
1747534705.1109955,0.7939324219731964,0.2566170617076047,5.0182342529296875
1747534705.1308892,0.8356407788638048,0.2683613815983691,4.685640335083008
1747534705.150147,0.9098797208873938,0.28181162952947764,5.228996276855469
1747534705.1725845,0.9954545245107774,0.2877873702344196,6.440162658691406
1747534705.1900947,1.0364983002189772,0.2919626910436862,6.862878799438477
1747534705.2107155,1.1360093066553025,0.28402156365908404,4.6634674072265625
1747534705.232575,1.2351264321578792,0.2795133130349706,4.697084426879883
1747534705.25245,1.2815254635570332,0.2784452641323855,7.0590972900390625
1747534705.2703848,1.3198714113930878,0.27721840737926523,6.098747253417969
1747534705.2911468,1.4072666137414178,0.261905258630936,4.769325256347656
1747534705.3144476,1.4732808114276013,0.2561313735363592,5.074501037597656
1747534705.3313463,1.5280613042291884,0.2460859755621754,5.068540573120117
1747534705.351281,1.6049838895545692,0.22560294140191106,4.801034927368164
1747534705.3660314,1.6543936523293037,0.21878133297925348,4.772663116455078
1747534705.3911023,1.7118459154107617,0.20350081655786004,4.889249801635742
1747534705.4108007,1.7843600051311104,0.1830310979086294,5.250453948974609
1747534705.4314463,1.8467479538254072,0.1661313057688723,4.988431930541992
1747534705.4538586,1.9042677850415146,0.15186617641325892,6.604671478271484
1747534705.4715729,1.9370261215080662,0.136505688939649,4.650354385375977
1747534705.4918313,1.996149849660651,0.1178304969119954,4.752397537231445
1747534705.5134892,2.0324013834260133,0.10359663579826786,5.048990249633789
1747534705.5323784,2.0627550509866226,0.09351461821070131,5.649805068969727
1747534705.5542524,2.0927517264432125,0.04607926162254212,7.512331008911133
1747534705.5715137,2.1112701755126633,-0.009748742188294154,4.984855651855469
1747534705.5872347,2.108395246903775,-0.03506368182634578,5.547046661376953
1747534705.6115835,2.171663162220216,-0.07691486615522723,4.934072494506836
1747534705.632545,2.226119475175397,-0.10634311437981687,5.027532577514648
1747534705.6512785,2.2706707795177272,-0.12823219531043575,4.993438720703125
1747534705.671276,2.342346194506712,-0.17161685894798678,6.319999694824219
1747534705.6913838,2.396488073282855,-0.2216070463763571,4.923820495605469
1747534705.711748,2.4226469563970667,-0.2515412944493893,5.084991455078125
1747534705.7271533,2.442628595959515,-0.2756332850986447,5.610466003417969
1747534705.7465549,2.4565990313704194,-0.30596606444847607,5.450725555419922
1747534705.76701,2.4699338723918367,-0.33402375969285103,5.086660385131836
1747534705.7913995,2.481409784630965,-0.35301996880359776,9.691476821899414
1747534705.8209789,2.532946623217721,-0.4066277027688116,7.924556732177734
1747534705.8379185,2.576099288742021,-0.4328953714002082,7.64012336730957
1747534705.8539588,2.628028243484829,-0.46394264804969,5.25212287902832
1747534705.873107,2.6431256054057033,-0.5344471562904406,6.088972091674805
1747534705.8917465,2.6367427643539267,-0.5873651655839405,5.486011505126953
1747534705.9246278,2.616732108506565,-0.6274428184576961,8.611679077148438
1747534705.9461308,2.671445025412095,-0.6539960340020051,6.896018981933594
1747534705.9685252,2.7121544966988025,-0.6723269813885597,6.833553314208984
1747534705.9863229,2.770100160436631,-0.6790045631470936,6.734371185302734
1747534706.0011082,2.7104540051236126,-0.8297912214326453,6.000280380249023
1747534706.0160193,2.7252257144179803,-0.880781196111087,5.659580230712891
1747534706.0313685,2.727899827141072,-0.924590522493847,5.372762680053711
1747534706.0484397,2.7245839420671984,-0.9406175475366231,5.546092987060547
1747534706.06722,2.7473301060104895,-0.9768172671291797,5.712747573852539
1747534706.086936,2.765132302402544,-1.0128436375911678,5.775213241577148
1747534706.1076086,2.7815700218026063,-1.0465915922484215,5.409002304077148
1747534706.1323864,2.8058946914857392,-1.120219756885304,5.223751068115234
1747534706.1492138,2.8071013621517307,-1.156755231425477,5.146026611328125
1747534706.1729774,2.8178202893619635,-1.209158668673469,5.100011825561523
1747534706.1870532,2.832232531777346,-1.24342488323065,4.9495697021484375
1747534706.2112012,2.856313203523654,-1.3170565071195182,4.913330078125
1747534706.231573,2.8585003429239,-1.369724620461934,4.797220230102539
1747534706.24727,2.8513678404741674,-1.4038728806285161,4.998683929443359
1747534706.2683582,2.8388575650250845,-1.4393835176619465,6.382226943969727
1747534706.2911935,2.8316728036648002,-1.477081330609209,6.593942642211914
1747534706.3091283,2.8280466835949096,-1.5022267513383551,4.816293716430664
1747534706.3268428,2.8168100898302857,-1.5478595178178634,4.70280647277832
1747534706.3472476,2.8072727539655955,-1.5828679804097994,4.523038864135742
1747534706.372273,2.7948345773562298,-1.6301070761962309,6.222724914550781
1747534706.3928716,2.784058914718445,-1.6848877137247698,5.79833984375
1747534706.4139638,2.7732060838489936,-1.7333775424576134,6.034135818481445
1747534706.4326007,2.76770363028144,-1.7632716310625494,4.725456237792969
1747534706.4516244,2.763301607296853,-1.8004243042191854,4.6977996826171875
1747534706.4703948,2.762187844385185,-1.8364955471551054,5.599737167358398
1747534706.48811,2.7420229710224406,-1.8916994936747384,4.64320182800293
1747534706.5113883,2.7251683904425454,-1.9427701257786694,4.744052886962891
1747534706.5311415,2.715776946578044,-1.97639902523724,4.982233047485352
1747534706.5536678,2.676478420072646,-2.0345034467991487,7.184743881225586
1747534706.570829,2.6557064101383827,-2.072190794525604,5.345821380615234
1747534706.586529,2.639663945126256,-2.1084739965021666,5.255222320556641
1747534706.6113791,2.626029006431943,-2.151634315398765,4.875421524047852
1747534706.6309931,2.607837306936908,-2.1993046131737533,4.888772964477539
1747534706.6474962,2.59623786230778,-2.235086374995612,5.012273788452148
1747534706.6708407,2.5829340437671515,-2.2852192820768846,4.790067672729492
1747534706.6893315,2.578023742728149,-2.3346606324699875,4.976034164428711
1747534706.711567,2.571874433245735,-2.3877584586093605,5.860328674316406
1747534706.7296996,2.567434861933641,-2.4338135152670866,5.107879638671875
1747534706.751259,2.5356436519745182,-2.512314812303782,4.948139190673828
1747534706.76911,2.5234621403455266,-2.558261319730645,4.789590835571289
1747534706.7865396,2.513554892684956,-2.6048700657244535,4.888057708740234
1747534706.8111577,2.497101186130622,-2.65062588339548,5.126714706420898
1747534706.8343823,2.46672617173116,-2.701734032351013,7.066249847412109
1747534706.8563304,2.450660240823364,-2.741639069033586,4.82940673828125
1747534706.8785982,2.4482298137456358,-2.7858325488855624,5.927324295043945
1747534706.9005497,2.4417878340682115,-2.8368990536324663,8.275985717773438
1747534706.926141,2.4337412984687323,-2.881637542193199,8.011817932128906
1747534706.9512577,2.4641982215569924,-2.9691223535201376,8.4991455078125
1747534706.970883,2.48562502438689,-3.041363776592927,5.41996955871582
1747534706.9866931,2.5074693722367547,-3.106400614729889,5.366802215576172
1747534707.000746,2.516131743259885,-3.154149074008659,4.937410354614258
1747534707.0150561,2.5308775146560096,-3.2100503222683714,4.677295684814453
1747534707.0305703,2.5406898499577744,-3.2785702667548065,5.156993865966797
1747534707.0510316,2.5632174799736074,-3.3502737792281247,4.845142364501953
1747534707.0711749,2.5724597414896135,-3.389403902539984,5.089282989501953
1747534707.0874052,2.6059635865529405,-3.434479986556772,4.88591194152832
1747534707.1108582,2.6439950062898205,-3.49250295238636,4.826545715332031
1747534707.1315293,2.6654957856950614,-3.530907461570514,4.935503005981445
1747534707.1469731,2.718332825194764,-3.5968726978241303,4.745006561279297
1747534707.167418,2.76353516039429,-3.6629728829592083,4.879951477050781
1747534707.187083,2.788274552352766,-3.703008563870384,4.850625991821289
1747534707.2082949,2.83642205817421,-3.7638365558409745,4.874467849731445
1747534707.2269347,2.8842910857343615,-3.8171175450241788,4.864931106567383
1747534707.247286,2.9210969598319134,-3.8575728178631516,4.81414794921875
1747534707.2667458,2.9475741970466633,-3.887733189828395,5.469083786010742
1747534707.291351,2.988255727725729,-3.949297939022598,4.859447479248047
1747534707.311695,3.0247314364867806,-3.9877008886204504,4.8809051513671875
1747534707.3331978,3.054946877682646,-4.015026867945648,5.315065383911133
1747534707.3514838,3.133722518336968,-4.075063144137285,4.874706268310547
1747534707.3715942,3.168697665575227,-4.107422069333985,5.16057014465332
1747534707.3916168,3.198147824673272,-4.1358686793408,4.927873611450195
1747534707.4127684,3.268795436171355,-4.193922935331681,4.890203475952148
1747534707.4317985,3.322759520054371,-4.233467900622629,5.025625228881836
1747534707.452431,3.3461528195565835,-4.25936062057243,4.761219024658203
1747534707.4716427,3.425778524545543,-4.343681791660245,6.009101867675781
1747534707.4905746,3.460604587917997,-4.386552595200709,4.754781723022461
1747534707.5115006,3.475814730210626,-4.406105335112053,5.636453628540039
1747534707.5292945,3.4854747095123115,-4.419959717149629,5.192041397094727
1747534707.5460184,3.5333306234142747,-4.457654443134966,5.120038986206055
1747534707.5669525,3.5737399643986083,-4.493406550475688,5.83195686340332
1747534707.591233,3.6092830724583225,-4.536293902749253,4.780769348144531
1747534707.610385,3.6330225236511087,-4.583465672019014,4.642486572265625
1747534707.6287742,3.653705396488994,-4.619077070148787,4.766702651977539
1747534707.651788,3.685913083934013,-4.672844361498871,4.831790924072266
1747534707.6706555,3.712104516662719,-4.739138308357307,4.971742630004883
1747534707.6947198,3.7300466098991047,-4.794719451266035,7.781982421875
1747534707.7253535,3.7424747057489505,-4.837670827335931,9.640932083129883
1747534707.7486262,3.7912973107802905,-4.939734165377797,5.420446395874023
1747534707.7700124,3.8039924665703406,-4.99742005759694,7.015705108642578
1747534707.7915163,3.8071454296298963,-5.050335242203365,5.825996398925781
1747534707.8124456,3.827269092050317,-5.118896974762117,5.936622619628906
1747534707.8322203,3.828292747041249,-5.161682213166984,5.318880081176758
1747534707.8550494,3.8196902400388106,-5.212887585188316,7.895231246948242
1747534707.8791988,3.809895309411475,-5.246983645281359,8.023738861083984
1747534707.8970094,3.808394076309363,-5.2934590903283665,5.952358245849609
1747534707.9141123,3.806389152174261,-5.342982952147315,5.379199981689453
1747534707.9339197,3.8046394771056518,-5.381277106371414,5.495786666870117
1747534707.9495566,3.7954858899281487,-5.416657427772078,6.895542144775391
1747534707.9684823,3.7808795014114254,-5.468777567262767,6.204128265380859
1747534707.992876,3.759939386180626,-5.524421661003254,6.082773208618164
1747534708.0090744,3.7302385628817203,-5.5548857895230155,6.110429763793945
1747534708.0278714,3.7509675550214445,-5.58320419983722,5.77855110168457
1747534708.0528185,3.757471167018471,-5.607433745468692,5.736589431762695
1747534708.0721972,3.7578854737280607,-5.619060525962196,6.142139434814453
1747534708.0926208,3.7431942780264964,-5.649447975128842,5.624532699584961
1747534708.1119232,3.7287308542681257,-5.669379185602452,5.688667297363281
1747534708.1294696,3.7062633534941622,-5.691595708131422,5.6133270263671875
1747534708.1512501,3.682256441647163,-5.724496316219215,5.377292633056641
1747534708.1708667,3.6743422437684754,-5.75517921034293,5.772829055786133
1747534708.1926892,3.659423351092538,-5.780549538566021,5.939722061157227
1747534708.2133605,3.6378277309636298,-5.804814234324244,6.919384002685547
1747534708.2311482,3.607225984019248,-5.830131972678793,7.056713104248047
1747534708.2516575,3.5738409570272163,-5.8635809035457855,5.027055740356445
1747534708.2690196,3.5508788376968368,-5.879598756756067,5.289793014526367
1747534708.2920825,3.5189602508381523,-5.899081832158292,10.57577133178711
1747534708.3144443,3.470169798730181,-5.938285044419443,6.886005401611328
1747534708.342888,3.4433336686456495,-5.955905271760494,7.465124130249023
1747534708.3665898,3.4057755502252847,-5.989353889499734,9.079456329345703
1747534708.388009,3.3553496382543697,-6.015043973908951,7.1086883544921875
1747534708.4110947,3.298160614268664,-6.049807821302818,4.993677139282227
1747534708.4330869,3.2434138702434905,-6.06685486763683,5.10096549987793
1747534708.4547057,3.199601848222023,-6.077083840666148,5.757808685302734
1747534708.4726124,3.1539352640674476,-6.089438190479152,4.648447036743164
1747534708.4907959,3.1218514445374916,-6.10595918361934,5.416154861450195
1747534708.50803,3.0676445378123525,-6.126581224918158,4.866600036621094
1747534708.5314698,2.989652286669838,-6.152870102810054,4.979372024536133
1747534708.5518973,2.938969780296209,-6.169313167054282,4.82940673828125
1747534708.568499,2.884911320151247,-6.183634235508867,4.962444305419922
1747534708.586387,2.832566836374671,-6.1962595951881925,4.932403564453125
1747534708.6070113,2.8090815285153448,-6.203140584758661,5.482912063598633
1747534708.631026,2.739771936713409,-6.21906587813249,4.808187484741211
1747534708.6478949,2.6922479163741757,-6.222602630447069,5.419492721557617
1747534708.6662793,2.626915630624206,-6.229987485146967,4.887104034423828
1747534708.6910133,2.562205808109663,-6.259888144362757,4.861116409301758
1747534708.71037,2.5270230805734943,-6.273833131501114,6.789922714233398
1747534708.7323902,2.491166223385099,-6.28532927255606,6.249427795410156
1747534708.7610035,2.4400981019425707,-6.297444792575021,8.311986923217773
1747534708.778083,2.3819453021696524,-6.311491118579018,7.137298583984375
1747534708.7932792,2.3428571027046416,-6.320254248222334,4.884243011474609
1747534708.8109581,2.2925579380129397,-6.342315893672659,4.814624786376953
1747534708.8353384,2.2479589629719303,-6.360635244898055,7.341146469116211
1747534708.8581793,2.2134970708128914,-6.3700983437314695,6.806850433349609
1747534708.8821526,2.1741452654561675,-6.385039700821263,6.977081298828125
1747534708.9090545,2.1131711094862644,-6.4009866997024,8.527517318725586
1747534708.9355175,2.0383476298400054,-6.42029691812168,6.7348480224609375
1747534709.0666692,1.743477236171915,-6.489667969198791,4.847526550292969
1747534709.0840435,1.6668906927500624,-6.510650932714055,4.731893539428711
1747534709.0983396,1.62003445772593,-6.518444717399324,4.677534103393555
1747534709.111324,1.5556391796524929,-6.524667365288903,4.626035690307617
1747534709.125725,1.5290322449392473,-6.527259086715503,4.872560501098633
1747534709.15086,1.4533308047733229,-6.538877957598859,4.874944686889648
1747534709.1677637,1.4165833375186048,-6.544870865489317,4.719257354736328
1747534709.189013,1.3693423266849953,-6.549995016409887,5.726814270019531
1747534709.2105756,1.314002868644591,-6.563656117491897,5.885839462280273
1747534709.22763,1.2646785466931352,-6.571750608503473,4.990100860595703
1747534709.2510498,1.2063392178455676,-6.575499353544077,4.966497421264648
1747534709.274523,1.1770569703602507,-6.578515895038888,5.518913269042969
1747534709.2951195,1.12852709510587,-6.579361197945464,4.924535751342773
1747534709.3147845,1.0543671143261202,-6.577146733680562,5.0792694091796875
1747534709.3347676,0.9885980791169547,-6.57148678823543,5.1288604736328125
1747534709.3564935,0.9276183361910729,-6.5694651831283775,5.899667739868164
1747534709.37672,0.875142938836436,-6.5661074627108,5.750179290771484
1747534709.3952641,0.8218471549602423,-6.557833972545736,5.410909652709961
1747534709.4100633,0.8037721974739915,-6.556529007902926,5.660057067871094
1747534709.4261756,0.7734448527482655,-6.555757046183259,5.122184753417969
1747534709.4506686,0.6766507551878712,-6.5304993067949075,4.985332489013672
1747534709.4677207,0.6182359355147607,-6.519604212881382,5.046367645263672
1747534709.4910996,0.553602737913018,-6.502764806815041,5.402565002441406
1747534709.510807,0.4859974160233855,-6.467683105700586,5.147218704223633
1747534709.5264068,0.43620737209274046,-6.449266724395698,5.042076110839844
1747534709.547039,0.39815675399654854,-6.429941681787343,5.156755447387695
1747534709.5740569,0.3111309823149979,-6.406166798193684,6.847381591796875
1747534709.5910118,0.25264940424758237,-6.396296136325265,5.034923553466797
1747534709.6146648,0.19273244561955596,-6.377346784860037,7.267475128173828
1747534709.6327884,0.09888498902212556,-6.329171380732657,5.37562370300293
1747534709.6523662,0.025529751783297895,-6.286445682390653,5.403995513916016
1747534709.6792674,-0.021958959079097142,-6.263080590850304,6.943225860595703
1747534709.7040708,-0.08504810287584336,-6.217869753744139,6.869792938232422
1747534709.7205536,-0.14564011438072286,-6.177636068016558,5.974531173706055
1747534709.7361643,-0.20974687637331982,-6.139686738531607,5.538463592529297
1747534709.7530208,-0.26830879922595124,-6.115477572556939,6.334066390991211
1747534709.7763758,-0.2920192862770845,-6.064656050829626,6.014823913574219
1747534709.7958715,-0.32716596538176573,-6.026404892511264,5.811929702758789
1747534709.8132405,-0.3877460964570822,-5.974497772851829,5.7659149169921875
1747534709.8321192,-0.3588258382223668,-5.93212440165072,5.874395370483398
1747534709.8523793,-0.34413193859075375,-5.887652161210007,5.884647369384766
1747534709.8758364,-0.3457747517093568,-5.860305540316873,5.872964859008789
1747534709.894754,-0.3244397457080488,-5.801113177446753,6.375312805175781
1747534709.9128315,-0.3317074282444168,-5.750525275391511,6.300449371337891
1747534709.932766,-0.3509044974355004,-5.7084022946865565,6.333589553833008
1747534709.9493127,-0.38548065843559104,-5.668494061102223,6.591320037841797
1747534709.9682004,-0.3639180226222219,-5.61423026282223,6.443262100219727
1747534709.992694,-0.3794361198843664,-5.551682737663207,6.333351135253906
1747534710.0112207,-0.3719299907188587,-5.513624444652506,7.241725921630859
1747534710.0303829,-0.3576346397351632,-5.469389118328095,6.704807281494141
1747534710.0477037,-0.3730894174834856,-5.423045153354104,6.478548049926758
1747534710.0674536,-0.3992219462541963,-5.37690457805032,6.4296722412109375
1747534710.092381,-0.4676473346368211,-5.317137443632027,5.997657775878906
1747534710.1115348,-0.5079001349395875,-5.2765877466967295,5.691051483154297
1747534710.1321442,-0.5325352044120923,-5.2367851088373705,5.870342254638672
1747534710.1523323,-0.5538926347895489,-5.196945798545469,5.659341812133789
1747534710.1753817,-0.5947508307082069,-5.148144413173563,5.460023880004883
1747534710.1941102,-0.6380049191189009,-5.080508324945514,5.6915283203125
1747534710.2112403,-0.6758783604181089,-5.027198326267745,5.340337753295898
1747534710.227296,-0.7236843313430213,-4.981761781810127,5.146026611328125
1747534710.2463627,-0.7603410527558158,-4.927854252206214,5.143404006958008
1747534710.2730508,-0.7795207605225589,-4.872197065008187,5.230188369750977
1747534710.2954676,-0.8392104214061619,-4.825965098477112,5.082368850708008
1747534710.3153813,-0.8800512558395565,-4.776001330772821,5.270481109619141
1747534710.3508103,-0.906391606989263,-4.721893593041423,20.412445068359375
1747534710.3683126,-1.017196128458252,-4.646119741653539,5.531072616577148
1747534710.3845205,-1.0533836643955188,-4.589551108974613,5.878925323486328
1747534710.4019964,-1.0665155131294315,-4.555808835051911,6.670475006103516
1747534710.4162803,-1.1581658748945296,-4.498463822158922,4.96220588684082
1747534710.4338574,-1.196181602403826,-4.445894408781167,4.765510559082031
1747534710.449205,-1.22195661579769,-4.39418604227794,4.976034164428711
1747534710.4686658,-1.2275309973314723,-4.363714873576564,4.918098449707031
1747534710.490812,-1.301358645816071,-4.2909575316428406,4.760503768920898
1747534710.5103908,-1.333458023238576,-4.231467887268464,4.743814468383789
1747534710.530992,-1.3498890923185298,-4.178331803491821,4.699945449829102
1747534710.5507033,-1.4250058383931525,-4.127560283751881,4.782438278198242
1747534710.5732157,-1.451723533238516,-4.052905523537579,4.805803298950195
1747534710.5911853,-1.465456481851901,-3.994314922568303,4.825592041015625
1747534710.6111794,-1.526582975547555,-3.9330375219383544,4.739999771118164
1747534710.6272266,-1.5487715674868918,-3.8813548879311,4.823207855224609
1747534710.6515746,-1.572755866444856,-3.797352170458961,4.818439483642578
1747534710.670797,-1.5762761587497276,-3.74948123011662,4.738330841064453
1747534710.691244,-1.5863662754654333,-3.6737438424423257,5.458831787109375
1747534710.707277,-1.5875349368639249,-3.6241105375077716,4.776716232299805
1747534710.7276893,-1.631978941307432,-3.561225830485621,4.796266555786133
1747534710.7514255,-1.658799883683998,-3.4755790573138907,4.83393669128418
1747534710.7773077,-1.6748441828848093,-3.3870855034960003,7.360696792602539
1747534710.7935076,-1.69887015668806,-3.344306334050581,4.963159561157227
1747534710.8119512,-1.7162926582634284,-3.2520457320797798,4.930019378662109
1747534710.8275397,-1.7223897840723943,-3.184964972526469,6.0405731201171875
1747534710.851884,-1.7511513231282692,-3.1362607182321263,5.059003829956055
1747534710.8718169,-1.7646014022866745,-3.0807519320857892,4.888296127319336
1747534710.8863218,-1.7689001701437983,-3.0366104887030567,5.171775817871094
1747534710.9075763,-1.801601295390465,-3.003913087129328,5.123138427734375
1747534710.931085,-1.8246254111524758,-2.931676378700675,5.104780197143555
1747534710.9481938,-1.8337972254700745,-2.887948309193577,5.291461944580078
1747534710.9713585,-1.8435359384874754,-2.813284337289267,5.20634651184082
1747534710.9910727,-1.8007131438578907,-2.729650789173895,5.348682403564453
1747534711.0112262,-1.786318904028325,-2.663012918956357,5.8155059814453125
1747534711.031501,-1.7961765683259792,-2.5937255849867995,5.089998245239258
1747534711.050441,-1.775345355438517,-2.533739617761994,8.080720901489258
1747534711.0758374,-1.7635048712752301,-2.426899310775724,6.875038146972656
1747534711.0958734,-1.760333532878078,-2.3855796522525337,5.723714828491211
1747534711.1160624,-1.7320512036957134,-2.2824891089776114,5.063533782958984
1747534711.1353598,-1.720049857273348,-2.2182919446327034,4.945993423461914
1747534711.153152,-1.7196510885131973,-2.147392466694664,5.003452301025391
1747534711.1709588,-1.7007439574787295,-2.061522985311092,5.02467155456543
1747534711.187533,-1.6985945865143104,-2.004633615868433,5.355119705200195
1747534711.2128232,-1.6912269894309042,-1.9198301456214184,5.360126495361328
1747534711.234502,-1.6943719496238472,-1.869160494419948,6.167411804199219
1747534711.255984,-1.6379482319507888,-1.7600490731033414,5.610466003417969
1747534711.283653,-1.6177930491905232,-1.6920906599143157,6.812334060668945
1747534711.3064194,-1.5593307793834832,-1.6027263838226873,6.304740905761719
1747534711.3261254,-1.5376855630897468,-1.5332901642073429,6.186962127685547
1747534711.3426683,-1.5207457588444928,-1.452468520105943,6.559133529663086
1747534711.3615446,-1.49727405130662,-1.3815369644775655,6.6928863525390625
1747534711.3788362,-1.4504192957865467,-1.3274135083979757,7.368803024291992
1747534711.3955288,-1.408654717058905,-1.2498577846081376,7.379770278930664
1747534711.413796,-1.3847576971568751,-1.1909506727674206,5.474090576171875
1747534711.4322302,-1.3307343193569823,-1.13275824964961,5.438566207885742
1747534711.449491,-1.2984340254125522,-1.0836975905076691,5.41377067565918
1747534711.4713051,-1.2558005836866863,-1.0122023840275585,5.41996955871582
1747534711.4924066,-1.22740189244974,-0.9648728983479646,5.442619323730469
1747534711.511788,-1.167508202478781,-0.9202294564431797,5.533695220947266
1747534711.5288537,-1.1316374174509993,-0.8863633276434773,5.595207214355469
1747534711.5522685,-1.0941783429120415,-0.8395790587097519,5.8116912841796875
1747534711.5740726,-1.0212122905410805,-0.7670306140715447,6.596088409423828
1747534711.5947733,-0.9786095769835401,-0.717251448207463,6.281852722167969
1747534711.6150215,-0.9483799613723147,-0.68096212645621,6.582736968994141
1747534711.6336737,-0.8691248702581702,-0.6101398344664425,5.843162536621094
1747534711.651944,-0.8253846662198367,-0.5645950092743097,6.371259689331055
1747534711.6743922,-0.7968366820379916,-0.533137770015614,5.949974060058594
1747534711.6956434,-0.7312058840768509,-0.4749461965999436,5.705833435058594
1747534711.7204845,-0.6703511891170724,-0.42555312144461116,5.9032440185546875
1747534711.7396863,-0.6096995498959483,-0.3824976537039601,7.046937942504883
1747534711.765016,-0.5470767887368443,-0.3296463083413004,12.284517288208008
1747534711.7856603,-0.5032316592211155,-0.2930812835024121,9.42683219909668
1747534711.8051577,-0.4376211556876227,-0.24642890464848177,5.815267562866211
1747534711.8218288,-0.39125562003772124,-0.2139869179030518,5.666255950927734
1747534711.8385162,-0.3183563298431142,-0.1552724466987872,5.841493606567383
1747534711.855065,-0.2543431226034686,-0.12168949408374057,4.998922348022461
1747534711.8747633,-0.20875604084488758,-0.09971811704200173,6.779193878173828
1747534711.891111,-0.1583235203663725,-0.0427713381954232,5.007266998291016
1747534711.9095278,-0.11553615445285813,-0.016936331574912578,8.098363876342773
1747534711.9308848,-0.06179660451091068,0.012068341104708702,5.326032638549805
1747534711.9477158,-0.03677774555171379,0.021383600218239467,5.19108772277832
1747534711.9714882,0.005347661964980287,0.03521975232099304,5.153656005859375
1747534711.9889414,0.055832881108979854,0.06785215705760032,5.03230094909668
1747534712.0067499,0.10372148598841723,0.09245166339469849,4.932880401611328
1747534712.0312283,0.1610233903127118,0.11925777418430518,5.07044792175293
1747534712.0516148,0.2112944086287446,0.13420748813068395,5.001306533813477
1747534712.0787616,0.2919392998461325,0.1572583047629529,6.496906280517578
1747534712.0967865,0.40930078185007396,0.17527385209160634,6.371974945068359
1747534712.1153789,0.49664187652988934,0.19101292633133857,4.836797714233398
1747534712.1329832,0.5258267993325448,0.21854543532900908,5.070924758911133
1747534712.1508667,0.5530565192750239,0.23161781233803944,4.787206649780273
1747534712.178148,0.6147360439757236,0.24853111824353008,6.968498229980469
1747534712.201692,0.5531127345431018,0.24777727926903426,7.533073425292969
1747534712.22601,0.5863844235203127,0.2576626815317676,9.22083854675293
1747534712.244674,0.6183699904857298,0.2698326904739912,7.671833038330078
1747534712.2662232,0.6707929599508622,0.2887080145169348,6.292581558227539
1747534712.2852275,0.7468740986979995,0.302750691013648,5.568265914916992
1747534712.3001506,0.7998247712923133,0.3171575659196158,5.355358123779297
1747534712.3151248,0.8951741803689763,0.31971299510063855,4.733562469482422
1747534712.3316264,0.9618609171035746,0.31837072467864636,4.714250564575195
1747534712.3503277,0.9997003672025812,0.3179524251106626,4.839658737182617
1747534712.3702278,1.0274372796237077,0.31619592465626833,4.757404327392578
1747534712.3901162,1.0843520864357243,0.3094461631192352,4.669904708862305
1747534712.4101222,1.1317799726554905,0.3055511152825124,4.758358001708984
1747534712.4308658,1.1645576691822546,0.30127234120319035,4.637241363525391
1747534712.4505472,1.235954885115276,0.29107358293051244,4.860639572143555
1747534712.4713888,1.3079707242714014,0.2851793747852553,4.738807678222656
1747534712.486353,1.3529179376969247,0.28546252560055874,5.2471160888671875
1747534712.5110426,1.4247239014155326,0.2614687164554261,4.687309265136719
1747534712.5359938,1.472563977022507,0.24691262423210178,4.715919494628906
1747534712.5520601,1.5120361039569878,0.23616549504306036,4.802942276000977
1747534712.5670574,1.5359817268835558,0.2299869825923992,4.605293273925781
1747534712.5909338,1.6251074922793716,0.1909148993684359,4.7931671142578125
1747534712.6107225,1.6839985485209858,0.16996844046489926,4.725456237792969
1747534712.625862,1.7191241122594991,0.15863770349010625,4.648923873901367
1747534712.6505184,1.8002491094643964,0.12114240555887139,4.622697830200195
1747534712.6723695,1.845304033460397,0.09581781974242798,4.672527313232422
1747534712.690707,1.8886281563842944,0.07656645517684335,4.535913467407227
1747534712.7110527,1.958528189495403,0.03622870263865529,4.689455032348633
1747534712.732794,2.0265205144895395,0.0014985403640577328,4.708766937255859
1747534712.747963,2.054462933059898,-0.015666629113686697,4.661798477172852
1747534712.767623,2.0861876416856786,-0.03282882638464567,4.932165145874023
1747534712.7910285,2.1401443443874024,-0.07360588118935003,5.016088485717773
1747534712.8147452,2.17418089082402,-0.09896623036942391,7.003545761108398
1747534712.8354952,2.1995467604555956,-0.11568180063534382,5.231380462646484
1747534712.850993,2.2429218861957207,-0.14882585559327133,4.884243011474609
1747534712.869151,2.2863790815189837,-0.18111346328576103,5.095005035400391
1747534712.8863914,2.31164722703143,-0.19972728132230574,5.085468292236328
1747534712.9112504,2.3699738213373367,-0.2395983231998134,5.183696746826172
1747534712.930878,2.41061100414669,-0.2693944975252027,5.324602127075195
1747534712.951108,2.4396394580391063,-0.29397203499683316,4.946708679199219
1747534712.970996,2.497342281216792,-0.3249339890902688,5.110740661621094
1747534712.9940593,2.5394828742731734,-0.3543708374059803,6.8645477294921875
1747534713.0159867,2.576705884938295,-0.3895848273879127,5.28717041015625
1747534713.0382085,2.625086181980784,-0.45127753622623923,5.718231201171875
1747534713.0532892,2.653781476136097,-0.5021014415811648,5.135059356689453
1747534713.0701954,2.6840433040049154,-0.546919347663871,5.592107772827148
1747534713.091406,2.7176071501527055,-0.5917777303253063,5.505084991455078
1747534713.1082933,2.715732971967699,-0.6361605011276361,5.604982376098633
1747534713.1276422,2.7085864449921386,-0.6893186762671787,5.8193206787109375
1747534713.1521053,2.684647664881033,-0.7454737630322815,5.995273590087891
1747534713.1716855,2.695795935487279,-0.7939096915912056,5.745649337768555
1747534713.1870646,2.6874892293994814,-0.8302535089851666,5.679607391357422
1747534713.2118323,2.682190701778269,-0.8812426698668507,5.781412124633789
1747534713.228566,2.663920916962418,-0.9121243397321105,7.285594940185547
1747534713.2504056,2.6925195502638273,-0.9635408047652776,6.950855255126953
1747534713.2723215,2.708144690817173,-1.0159079122949866,5.409955978393555
1747534713.2907085,2.707753236344508,-1.0387007639195576,5.612611770629883
1747534713.3121731,2.7127687119392574,-1.0806052601285752,5.444765090942383
1747534713.3322384,2.729881348473396,-1.125015882431498,5.402803421020508
1747534713.3481221,2.7413109814376666,-1.1550415843886737,5.1059722900390625
1747534713.3661165,2.7501317375620538,-1.1947625299248077,5.110263824462891
1747534713.3906636,2.7617685950201722,-1.2236253577016079,5.130290985107422
1747534713.4108365,2.7797736372231885,-1.279325392215076,4.902362823486328
1747534713.4311583,2.786367988761855,-1.3242181302871707,4.796504974365234
1747534713.4517853,2.7905678194241323,-1.3613952894765948,4.801034927368164
1747534713.4729488,2.7819186590981126,-1.3978812209171918,6.219625473022461
1747534713.4894013,2.774360671456634,-1.4223791469679739,4.967927932739258
1747534713.510914,2.774020570447856,-1.4663459990216656,4.693031311035156
1747534713.5311155,2.778464530676516,-1.5144816398524934,4.670143127441406
1747534713.5469556,2.777023551383888,-1.543461555678193,4.569053649902344
1747534713.573521,2.7710608512192616,-1.5930557991409144,6.337165832519531
1747534713.5907483,2.768050052114312,-1.6164614146311664,4.618644714355469
1747534713.610922,2.7644216053739292,-1.6753563821779098,4.739046096801758
1747534713.6288645,2.76716059251922,-1.7115409680199163,4.693508148193359
1747534713.6658392,2.7648569898885484,-1.7655518512297945,10.904312133789062
1747534713.7328131,2.7261633955695097,-1.9276185802363892,6.406068801879883
1747534713.753709,2.654128982151027,-2.018622117795312,5.988121032714844
1747534713.781375,2.624806970436741,-2.048448590927305,13.30709457397461
1747534713.7965755,2.6046364050145825,-2.1145824058375875,4.838228225708008
1747534713.8112402,2.5925564505041856,-2.165694004346505,4.741430282592773
1747534713.8309321,2.582122951319798,-2.204606507374136,4.874944686889648
1747534713.8507252,2.5729133414443224,-2.2366236098977477,4.841327667236328
1747534713.866363,2.5571086364785196,-2.295634046080059,4.791021347045898
1747534713.8908594,2.5396774035334175,-2.3631191756669865,4.724264144897461
1747534713.911707,2.5301914895162914,-2.404904049753515,5.8879852294921875
1747534713.9324307,2.4980995853524957,-2.4719522425422626,6.656885147094727
1747534713.9508767,2.4777225167206094,-2.533350214217789,4.891157150268555
1747534713.96785,2.4663898478879585,-2.5750799027983104,4.940032958984375
1747534714.112006,2.398712078164443,-2.947017181386899,7.021427154541016
1747534714.1319957,2.3785141407217893,-3.0152591809614337,4.780292510986328
1747534714.1493862,2.351366915661501,-3.056216464341132,5.371809005737305
1747534714.1713796,2.3355507407876397,-3.119331979634828,4.911661148071289
1747534714.1913805,2.3514549070435335,-3.1745873198806667,5.636930465698242
1747534714.2129197,2.375376615420539,-3.2516727138759274,5.791664123535156
1747534714.2327607,2.3925501826628377,-3.3085460130738085,5.596160888671875
1747534714.250821,2.452828989832973,-3.375667526567775,4.832983016967773
1747534714.26687,2.494186161149305,-3.4293542675134936,4.890918731689453
1747534714.285852,2.5197788529754517,-3.4711887555453913,4.850149154663086
1747534714.3113716,2.540260369698552,-3.513780484663589,4.750967025756836
1747534714.3255086,2.5627788215373206,-3.5659028102099266,4.9343109130859375
1747534714.3511796,2.616492874588217,-3.6416343530254793,4.785299301147461
1747534714.3697793,2.636174203393036,-3.6723396915929545,7.316827774047852
1747534714.3918355,2.705513564505495,-3.740583194570302,4.862070083618164
1747534714.4083326,2.7444950318675536,-3.775199161376131,5.330324172973633
1747534714.43076,2.7758534127883268,-3.815279925106212,5.2127838134765625
1747534714.4516299,2.8282336505020775,-3.8721144951781525,5.532503128051758
1747534714.471783,2.873372416773661,-3.9244166186472587,4.868030548095703
1747534714.4941041,2.9025914764457688,-3.961689622314915,7.360696792602539
1747534714.5115044,2.9806970099726047,-4.057069519593295,4.676342010498047
1747534714.5308387,3.0290138594509233,-4.100553449230184,4.817724227905273
1747534714.551499,3.060481933152645,-4.131391030433087,4.881381988525391
1747534714.5713809,3.079881783084309,-4.155163523040479,5.054235458374023
1747534714.5914972,3.1246284871047765,-4.202181975386719,5.203962326049805
1747534714.6110168,3.1579909124967562,-4.237667945867742,4.932641983032227
1747534714.6309261,3.172338419412409,-4.25311656154261,4.894256591796875
1747534714.6541893,3.2476897640266476,-4.301992389768456,5.008697509765625
1747534714.6717212,3.2870544515300155,-4.334348550865789,4.749059677124023
1747534714.691485,3.309854780928765,-4.3593474822994995,4.859447479248047
1747534714.7111475,3.379909648682526,-4.430132710029366,4.756927490234375
1747534714.7312305,3.4153231397545247,-4.472753471737073,4.776239395141602
1747534714.7504,3.4437817950857834,-4.505714393107859,4.6710968017578125
1747534714.7692451,3.458471066395631,-4.520767130516936,5.846261978149414
1747534714.7905512,3.515258635419394,-4.582537829422848,4.76527214050293
1747534714.8101542,3.538064359855452,-4.625310492413011,4.941225051879883
1747534714.8292742,3.5435990567358826,-4.654371696354818,4.952907562255859
1747534714.8481755,3.5836907246329885,-4.696937501506348,5.048036575317383
1747534714.870886,3.6167542475059276,-4.745420365927894,4.8828125
1747534714.8926253,3.6352449685669397,-4.779369006649427,6.049394607543945
1747534714.9146135,3.644327882481546,-4.806659106179247,5.077123641967773
1747534714.93232,3.647644130356811,-4.8218501211924085,5.032539367675781
1747534714.9482672,3.6842523995158607,-4.886122052908705,5.065202713012695
1747534714.9710803,3.7071451651208593,-4.946445685072073,4.958868026733398
1747534714.990841,3.7087707492224213,-4.981865383090603,5.01561164855957
1747534715.0113692,3.7433873265784383,-5.043039666423814,4.953622817993164
1747534715.0310175,3.7512003326182755,-5.089254121130487,6.041049957275391
1747534715.0545738,3.75919895205649,-5.153121577451102,5.687475204467773
1747534715.0731149,3.7589183585571506,-5.209910255127272,5.579471588134766
1747534715.092496,3.757199007862558,-5.243297752213781,5.809545516967773
1747534715.11142,3.7535142378834787,-5.291040438429448,6.0062408447265625
1747534715.1322556,3.7633401862777762,-5.347693568339403,5.349636077880859
1747534715.1523228,3.7468798637975707,-5.402016192552902,5.488872528076172
1747534715.172462,3.729995036889758,-5.451647639420346,5.777597427368164
1747534715.1908724,3.711747280615977,-5.4824029622909185,6.119012832641602
1747534715.2118108,3.720028907311423,-5.545934417695125,5.876779556274414
1747534715.2315295,3.7140603281036926,-5.585313573978181,5.827903747558594
1747534715.2529123,3.7005792550095244,-5.615329060131626,5.772113800048828
1747534715.2726247,3.69901142099421,-5.661571542117035,5.702495574951172
1747534715.2935145,3.6884344600767864,-5.697768436628544,5.499601364135742
1747534715.3112273,3.6683503004207,-5.7291466875752715,5.503654479980469
1747534715.3314898,3.6649633534013373,-5.760886164533658,5.363225936889648
1747534715.3526242,3.6573528580881307,-5.788855602026371,5.430459976196289
1747534715.3715494,3.6424245581842305,-5.8132278519533624,5.241155624389648
1747534715.395946,3.617358864785821,-5.837885794944293,8.553028106689453
1747534715.4141576,3.6114746946821006,-5.876792176302342,5.070924758911133
1747534715.4290183,3.602085634780464,-5.901855229768562,5.258083343505859
1747534715.4479008,3.588140317538541,-5.929778795165338,5.194187164306641
1747534715.4707582,3.5215021448113433,-5.972667457966508,4.874944686889648
1747534715.4913678,3.4686482176897275,-6.003977309927855,4.899024963378906
1747534715.5140147,3.4393786500274337,-6.022922322722609,6.85572624206543
1747534715.5360062,3.436422800194925,-6.050171676462931,7.723331451416016
1747534715.5561311,3.43161778637169,-6.066386192059515,5.258321762084961
1747534715.5758483,3.423537389204856,-6.0753658953693,4.942893981933594
1747534715.6006095,3.3684056541609,-6.104543952452784,9.009122848510742
1747534715.6163278,3.311531084588048,-6.131880845934663,5.090475082397461
1747534715.6418586,3.2631869964436184,-6.150616946896672,7.083654403686523
1747534715.659426,3.21377872563039,-6.1680373068830265,4.880428314208984
1747534715.6727526,3.1617187972143537,-6.18426774446413,4.820108413696289
1747534715.690692,3.123582690498899,-6.194571817277771,4.890680313110352
1747534715.707152,3.09407351663102,-6.203753296045721,5.03087043762207
1747534715.7309616,3.04095935040691,-6.228722152183182,4.995584487915039
1747534715.7510145,2.9869297055548714,-6.242978105547502,5.063295364379883
1747534715.7723029,2.898530123546651,-6.260232469889457,5.162239074707031
1747534715.7902179,2.833910016156887,-6.275318073517698,4.869937896728516
1747534715.8059049,2.7730782637757185,-6.2826886462476255,4.973173141479492
1747534715.8318639,2.722018812185174,-6.2913490852175755,4.914760589599609
1747534715.8536627,2.699676255896058,-6.304359238352926,4.982948303222656
1747534715.8709724,2.6815143768329346,-6.313571589542812,5.028724670410156
1747534715.8911226,2.657334536179098,-6.3228303451327115,4.90260124206543
1747534715.9083803,2.6292934526508054,-6.328329274631472,5.16819953918457
1747534715.9309425,2.535787511732784,-6.341962448267299,4.849910736083984
1747534715.9483058,2.483015840176485,-6.349406894860813,5.791902542114258
1747534715.9710608,2.436994439380867,-6.359777772710876,4.82487678527832
1747534715.990478,2.431524024772654,-6.363476592192731,6.256103515625
1747534716.0085082,2.403205787053432,-6.368916702329808,5.272388458251953
1747534716.028279,2.3834811277225127,-6.3875537788296155,5.574226379394531
1747534716.0530975,2.3446912120623913,-6.399113389610765,5.759239196777344
1747534716.0724332,2.3145856496982886,-6.409698803045261,5.492925643920898
1747534716.0937934,2.2620788937594822,-6.418481392622103,6.349086761474609
1747534716.1146774,2.2200967914491962,-6.422926053405733,5.826711654663086
1747534716.1335123,2.1766073399086623,-6.42719531368686,5.269289016723633
1747534716.1511967,2.1113334142057045,-6.445849499970422,5.688905715942383
1747534716.1665049,2.0735909002974844,-6.458694106038039,5.04612922668457
1747534716.1909504,2.0265287050779444,-6.470678922437241,4.860162734985352
1747534716.2110658,1.9777426028249863,-6.470557163441368,4.729032516479492
1747534716.2308052,1.9343313735147831,-6.473147162104638,4.693269729614258
1747534716.250574,1.8839765601716552,-6.476104352639429,4.752397537231445
1747534716.274195,1.8352322285245795,-6.479004729326662,6.969213485717773
1747534716.2937357,1.7891575230895627,-6.495370721422296,6.5021514892578125
1747534716.320888,1.7566590034171172,-6.508539879201646,14.193058013916016
1747534716.344666,1.700428121899853,-6.521645984754531,8.545160293579102
1747534716.3614383,1.6191855620477356,-6.530319734903147,6.435394287109375
1747534716.3759003,1.5655379518430177,-6.534028490930564,4.6291351318359375
1747534716.3920262,1.5173803827524621,-6.539814820210391,4.767894744873047
1747534716.412346,1.4386876858698214,-6.552124212673498,5.770206451416016
1747534716.430906,1.3762983092839798,-6.561717501200129,4.8007965087890625
1747534716.4524179,1.3246895261009142,-6.5671532896755815,5.364179611206055
1747534716.4721935,1.2903425201673049,-6.5713648509382825,6.517887115478516
1747534716.4906883,1.2060358912568114,-6.566959399072311,4.972696304321289
1747534716.5067647,1.1589738458323877,-6.563816991986019,4.75311279296875
1747534716.5269415,1.1123405801292057,-6.561336891627724,4.922389984130859
1747534716.5464778,1.0358288012242487,-6.562230980924303,5.181312561035156
1747534716.5727744,0.9530009733901985,-6.558837965258446,4.907369613647461
1747534716.5908542,0.9136641003899277,-6.5586297194287635,4.938840866088867
1747534716.6065505,0.8519068926127578,-6.540139931707375,5.131006240844727
1747534716.630466,0.7728117396844443,-6.522324791642119,4.923105239868164
1747534716.6516035,0.7199397438606714,-6.511247924598809,4.958152770996094
1747534716.6718416,0.6481557449106691,-6.49278527102763,5.021810531616211
1747534716.691256,0.5905433716821353,-6.479645730393489,5.590200424194336
1747534716.7109056,0.5547830808313321,-6.470065471012561,5.350828170776367
1747534716.7267582,0.5421743728771874,-6.471642157051318,5.291461944580078
1747534716.7465036,0.4642672439811962,-6.451643776438105,5.154609680175781
1747534716.7726407,0.3877189569219623,-6.432510876089942,5.581140518188477
1747534716.7955282,0.33177180364334213,-6.423948234222979,9.128093719482422
1747534716.8158524,0.2566196139895215,-6.3909359338045455,5.235910415649414
1747534716.8352423,0.20561465047026917,-6.364663821412411,6.888628005981445
1747534716.8578808,0.129594111208876,-6.338947717634619,5.6285858154296875
1747534716.8745325,0.07500806885937135,-6.307611372861486,5.233526229858398
1747534716.8892932,0.02952907373888033,-6.279547421746521,5.198240280151367
1747534716.911292,0.059955605441852355,-6.252714811164799,5.292177200317383
1747534716.9274821,0.07422104093244397,-6.226523359603322,5.316257476806641
1747534716.947748,0.08277483752012604,-6.171408248374016,5.343914031982422
1747534716.9680016,0.06666686635586407,-6.12922204292209,5.458354949951172
1747534716.9871097,0.04513082189555019,-6.0931613603203365,5.38182258605957
1747534717.0084531,0.04558489914461166,-6.043611094405059,6.188869476318359
1747534717.0269504,0.028322232054021627,-6.007991761038012,5.548954010009766
1747534717.0520227,-0.007876741368624578,-5.976335655232799,5.781888961791992
1747534717.0741632,-0.017424514050159184,-5.928202419837091,5.747556686401367
1747534717.0931704,-0.0317623110643496,-5.899227326698885,5.683660507202148
1747534717.1112092,-0.06426215584353039,-5.873142253682882,5.493879318237305
1747534717.1318269,-0.1289472832365213,-5.824426102468956,5.780458450317383
1747534717.147348,-0.1743921761332598,-5.7890267219907665,5.651712417602539
1747534717.172523,-0.22426244815497992,-5.746295539734688,6.617307662963867
1747534717.1923838,-0.25540361840450704,-5.717374181296477,6.293773651123047
1747534717.2121522,-0.29929211814512696,-5.672837743009553,6.222963333129883
1747534717.229449,-0.33825711018347937,-5.638271413633633,6.428718566894531
1747534717.2495408,-0.3728972951800716,-5.605596612301354,6.60395622253418
1747534717.2725625,-0.45688075962847646,-5.534891176632155,6.439924240112305
1747534717.2919362,-0.4950935479360019,-5.485719786591279,6.112575531005859
1747534717.3122966,-0.5314663264492255,-5.4372361688066,5.860090255737305
1747534717.3356147,-0.5958670349271652,-5.380403957341632,6.197214126586914
1747534717.3546417,-0.6429450201308237,-5.329780377304593,6.329059600830078
1747534717.3723228,-0.6663752608896389,-5.2972676559268175,5.437612533569336
1747534717.392255,-0.7576227362904373,-5.2231395993620255,5.269050598144531
1747534717.4113142,-0.7977141017690709,-5.176480186766675,5.089282989501953
1747534717.4308867,-0.824173235557526,-5.133223680917217,5.084991455078125
1747534717.4511795,-0.8385201672292958,-5.100737514542582,5.475521087646484
1747534717.47323,-0.9034801011157918,-5.0355816946844785,6.970882415771484
1747534717.4926555,-0.9404972353240478,-4.986528085850933,5.192279815673828
1747534717.5120234,-0.9647456527020407,-4.946772757296376,5.095005035400391
1747534717.5344453,-1.0402973099113806,-4.887723174467326,6.875038146972656
1747534717.551403,-1.08293919437326,-4.834995227246079,4.881858825683594
1747534717.572778,-1.1004938611237771,-4.786742100409124,4.9343109130859375
1747534717.5873733,-1.107830654416874,-4.7613621133440684,4.844903945922852
1747534717.6067026,-1.1260960403190634,-4.724537792373912,5.15437126159668
1747534717.6272986,-1.198064179656112,-4.6742359778573945,5.018949508666992
1747534717.6515396,-1.2460468242574139,-4.598368177999079,4.731893539428711
1747534717.6669257,-1.2530860214552264,-4.571956886590846,4.893779754638672
1747534717.6912816,-1.3508760103372228,-4.500561210881768,4.838228225708008
1747534717.7062984,-1.3867229394519593,-4.458135909711561,4.752874374389648
1747534717.725985,-1.4050702429613267,-4.421231557242244,4.8656463623046875
1747534717.7462053,-1.4163085885378301,-4.380100014700301,5.071401596069336
1747534717.7665322,-1.4836491104067933,-4.319887784100464,5.174398422241211
1747534717.789146,-1.5083030289610355,-4.251662149324746,5.768537521362305
1747534717.8080456,-1.523119459315599,-4.19918684657133,5.608320236206055
1747534717.8357108,-1.576331789550075,-4.1323700858499315,6.375551223754883
1747534717.8618963,-1.5955081348939033,-4.090601871208558,7.256031036376953
1747534717.8762147,-1.611842030724978,-4.037721042892697,4.831790924072266
1747534717.8910427,-1.666751055845109,-3.972789122056666,4.799842834472656
1747534717.9121127,-1.6968140016897595,-3.8868066599950386,4.940032958984375
1747534717.9262233,-1.7027024948173326,-3.8405308622381322,4.832983016967773
1747534717.94786,-1.7431796073564432,-3.766433023745046,5.084991455078125
1747534717.9708657,-1.770413081846728,-3.684731027731237,5.103826522827148
1747534717.9916654,-1.7819179818384516,-3.6184343480846906,5.048036575317383
1747534718.0068665,-1.784362258593149,-3.57322517380483,4.965305328369141
1747534718.0284846,-1.787657721829908,-3.4896890842253416,5.749702453613281
1747534718.0516524,-1.7806939660532455,-3.3878882362001876,5.089521408081055
1747534718.0711517,-1.77959956899384,-3.2973762274036473,5.007505416870117
1747534718.0870388,-1.783758725892924,-3.232472134195495,5.028247833251953
1747534718.1065292,-1.786411676909396,-3.158453915466084,5.256414413452148
1747534718.1263115,-1.7933346386000042,-3.075599291816719,5.267143249511719
1747534718.1507425,-1.8083100835625776,-2.985288698551832,5.010366439819336
1747534718.1716208,-1.8104914800567309,-2.918822562964148,5.054473876953125
1747534718.1887035,-1.8083263433832535,-2.871005852907539,5.831003189086914
1747534718.211725,-1.7995621627710348,-2.7724486160093336,5.146980285644531
1747534718.2312982,-1.805928903913679,-2.7027921317676973,5.014657974243164
1747534718.2506988,-1.8115469210050836,-2.6415236926098005,4.9915313720703125
1747534718.272516,-1.8205994747475085,-2.581583313267123,6.767034530639648
1747534718.292595,-1.7776806682311763,-2.5036777223568474,5.134820938110352
1747534718.308524,-1.7582034846808083,-2.448415328606743,5.846977233886719
1747534718.3296628,-1.7498080464613648,-2.376076313997193,8.177518844604492
1747534718.3526642,-1.733256602136733,-2.274129521050522,5.90968132019043
1747534718.3676703,-1.7305003392114253,-2.210736753951631,5.075216293334961
1747534718.3871799,-1.7283674551610846,-2.148184959444834,5.230426788330078
1747534718.412796,-1.6751289160336114,-2.0482152069279342,6.157398223876953
1747534718.4315484,-1.6526441950564539,-1.974225877139476,5.50532341003418
1747534718.4519804,-1.644046603173346,-1.909108301805196,5.053043365478516
1747534718.4705157,-1.6421310752623979,-1.8564086153063133,6.67881965637207
1747534718.4918597,-1.5942891029520323,-1.7812776343115966,5.706548690795898
1747534718.5100353,-1.577628589319848,-1.7462442563050256,5.446195602416992
1747534718.5314791,-1.5540492881114425,-1.6834469372154446,5.34510612487793
1747534718.551593,-1.5067424252667465,-1.6032622984908327,5.048274993896484
1747534718.5699553,-1.4793193848296038,-1.535021224793166,5.16963005065918
1747534718.5916364,-1.4512160408057515,-1.4483555604229608,5.127191543579102
1747534718.6135209,-1.4147382486477065,-1.3874869653860067,6.685495376586914
1747534718.6309884,-1.3815273098954062,-1.3105838145170088,5.42759895324707
1747534718.6544673,-1.360507375779982,-1.2362978200615944,7.380247116088867
1747534718.6716802,-1.2829270252047569,-1.1689044538977162,5.183935165405273
1747534718.691531,-1.2247005459673719,-1.0943201269338882,5.351066589355469
1747534718.7104907,-1.1935645796415293,-1.0502371627899376,5.75566291809082
1747534718.7324579,-1.1605867563911791,-0.9956126743658832,5.780935287475586
1747534718.7505224,-1.1066205862954157,-0.9394728156981051,6.036281585693359
1747534718.7755702,-1.0508388825289285,-0.870662840788586,7.761955261230469
1747534718.793482,-1.0250503318036763,-0.8352112738171917,5.826711654663086
1747534718.8125708,-0.9763329388705811,-0.761568236861593,6.019353866577148
1747534718.830574,-0.9454013492076333,-0.7132471007752489,6.175994873046875
1747534718.852384,-0.9054600323213527,-0.6631600422590488,6.028175354003906
1747534718.8713238,-0.8875801842572882,-0.6318931419437106,6.0825347900390625
1747534718.8928053,-0.8413957209329179,-0.5906103150507863,6.138086318969727
1747534718.9119074,-0.8051368874281375,-0.5556405544940743,6.011724472045898
1747534718.9344046,-0.7551926658104885,-0.5010147372309397,7.775306701660156
1747534718.9567387,-0.7179796895502643,-0.4596964640919296,6.564140319824219
1747534718.971546,-0.6588933940078919,-0.41211161456537765,5.528926849365234
1747534718.9907746,-0.595212471666782,-0.3737282354495075,5.389690399169922
1747534719.1292005,-0.20040682815878244,-0.12031048115559166,5.531549453735352
1747534719.152124,-0.15488517495461118,-0.08400416764882002,5.405187606811523
1747534719.1693223,-0.10862494064798052,-0.031991427335259684,5.114078521728516
1747534719.1908288,-0.04464763209232277,0.009460284130931812,5.137920379638672
1747534719.2088802,-0.007768328982076435,0.02608038998967834,5.799531936645508
1747534719.2271314,0.06470416147436518,0.06227172526582888,5.333423614501953
1747534719.246873,0.11698556388414023,0.07553333427919287,5.0811767578125
1747534719.2669623,0.16252916195267406,0.08843642721427014,5.015373229980469
1747534719.2930472,0.18309250536356814,0.12657727548415698,6.953001022338867
1747534719.3118162,0.20795914765568327,0.14290270095150573,4.964351654052734
1747534719.3303974,0.23939043516528574,0.1571929877055437,7.163047790527344
1747534719.3465621,0.2746852283202257,0.16920209029542027,5.0563812255859375
1747534719.3716133,0.3013387862426765,0.17703876155044668,5.041599273681641
1747534719.3915942,0.3120348615735147,0.17935779857429776,5.394935607910156
1747534719.4112697,0.3456959864041753,0.18307951397156455,5.22613525390625
1747534719.4316173,0.40454204834795443,0.1969698305606999,5.84864616394043
1747534719.4504962,0.4519798917004816,0.205272137621828,4.949331283569336
1747534719.4733655,0.5078608694040394,0.21746958758372847,7.788896560668945
1747534719.493162,0.6115918653619316,0.2369541930056819,5.272626876831055
1747534719.5085993,0.6800150943246513,0.2544962998505183,4.999637603759766
1747534719.5321298,0.7347690221496473,0.2672921936634618,4.91642951965332
1747534719.5521488,0.8209624121697126,0.26881162817157306,4.856109619140625
1747534719.5729818,0.906131718694826,0.27565574264190706,5.117654800415039
1747534719.5951428,0.9856573575643875,0.28272948103512485,5.601644515991211
1747534719.611987,1.0427550421350689,0.28801794299911226,5.375146865844727
1747534719.6326451,1.1068255260676139,0.28686454237279974,4.671573638916016
1747534719.6514518,1.1547059370463357,0.2910832943210435,4.634618759155273
1747534719.6705658,1.1970510524100928,0.2939692289826655,4.696130752563477
1747534719.6918623,1.2573270130414513,0.2812996330230765,5.376338958740234
1747534719.7074175,1.2936485709225183,0.2697430123565586,4.673242568969727
1747534719.7305236,1.3445619890727603,0.2560813400887428,4.770755767822266
1747534719.7471282,1.3680053394221428,0.24891744844719357,5.910396575927734
1747534719.7739055,1.4425004559953605,0.2342901804832082,4.853725433349609
1747534719.7897248,1.4813282184347532,0.2323318325680249,4.7550201416015625
1747534719.8114235,1.5353169355275083,0.22627819852657027,4.9800872802734375
1747534719.830409,1.656888226452177,0.22565739195574086,4.659175872802734
1747534719.8511212,1.7251781425607693,0.22511986801381564,4.964351654052734
1747534719.8708293,1.7748395538349664,0.22045783474704084,4.68897819519043
1747534719.8870733,1.8021912076124706,0.22094790257075878,4.722118377685547
1747534719.907471,1.8266956193018662,0.22300656320945855,6.379365921020508
1747534719.9313426,1.8652434754575744,0.2180955254526244,4.787683486938477
1747534719.950757,1.9035908742933494,0.2257080597030128,4.735231399536133
1747534719.9678924,1.9230000480417784,0.23310065902797236,4.715442657470703
1747534719.9898183,1.9420962533415675,0.23413443058885763,6.93964958190918
1747534720.019826,1.9923314947507142,0.22650929634386055,7.572174072265625
1747534720.036791,2.0520848558125566,0.2188234617621709,4.776716232299805
1747534720.0529792,2.0968258005319607,0.2087689881959164,5.100011825561523
1747534720.07202,2.132011386041075,0.1996295255431616,5.54203987121582
1747534720.087597,2.1455598095119988,0.1726182750749015,4.897594451904297
1747534720.1115417,2.1558020327238765,0.15216969140746953,5.189657211303711
1747534720.1323905,2.1686685786378757,0.138980639517636,6.746530532836914
1747534720.1505625,2.186696617022866,0.12259726266766505,5.096673965454102
1747534720.1711504,2.2107316464513618,0.1084484409266815,5.38945198059082
1747534720.1906629,2.238192014278855,0.09810667107551505,5.08880615234375
1747534720.2074401,2.25779739069275,0.08856177517372617,6.105184555053711
1747534720.231389,2.2743491576673556,0.09152197629930749,5.199670791625977
1747534720.247332,2.280046846256682,0.09549600654936802,5.13458251953125
1747534720.2711253,2.2928942535956285,0.09666065010417155,5.217075347900391
1747534720.291029,2.269931881027456,0.09462447291617702,5.031347274780273
1747534720.306967,2.266054745907159,0.09071486241788194,4.979372024536133
1747534720.3299532,2.261194117414636,0.08933853105770444,5.372762680053711
1747534720.3522081,2.2535059571891325,0.08951672286776442,6.315946578979492
1747534720.3741376,2.4742055002936003,0.052051423128872495,5.192279815673828
1747534720.3915267,2.594786405024114,0.030196805750580088,5.591154098510742
1747534720.4108527,2.6061950898302633,0.027577383459586765,5.1784515380859375
1747534720.431065,2.609295113956977,0.026301278898437586,4.88734245300293
1747534720.4474442,2.591262754676318,0.026159791794460843,4.849433898925781
1747534720.4715958,2.5831108130765155,0.027022714449213083,5.347967147827148
1747534720.48907,2.582815947880047,0.02672064350513112,5.059242248535156
1747534720.510542,2.578744288847184,0.022500081137052895,7.618904113769531
1747534720.5359821,2.5786650915133817,0.020167175499273576,6.824970245361328
1747534720.5546372,2.575910709662012,0.021962671322562292,5.247831344604492
1747534720.5825393,2.559789533311677,0.02020132098369015,7.486820220947266
1747534720.599213,2.536512746046757,0.019572780502056956,4.962682723999023
1747534720.6128857,2.5173400480707695,0.021326537107591692,4.67991828918457
1747534720.6276798,2.504747812995881,0.021644412506816136,4.893779754638672
1747534720.6457741,2.4904171231481214,0.019295053586297656,5.064964294433594
1747534720.672322,2.4836962598616203,0.017350118040098207,6.641626358032227
1747534720.690489,2.4792122794345475,0.015266316222430408,4.944086074829102
1747534720.707553,2.446301606482725,0.023141125283187264,4.821538925170898
