time,x,y,computation_time_ms
1747535005.703983,-2.1466834458624806,-6.951900645334131,8.458375930786133
1747535005.7290926,-2.320484133842984,-7.098940565864317,6.902456283569336
1747535005.7502837,-1.9222765797136543,-6.774836062441703,7.175445556640625
1747535005.7711325,3.4849018660033133,-2.3041278799328127,9.624958038330078
1747535005.7883298,4.946353491835749,-1.1044265074614579,5.83958625793457
1747535005.8154614,4.967113069932439,-1.094299058600247,7.018089294433594
1747535005.850777,0.8130335137901302,0.2573328195958842,7.443904876708984
1747535005.8704991,0.7692010529272736,0.1670427849726673,7.068395614624023
1747535005.8923855,0.7553149942549002,0.16069099821907257,7.579565048217773
1747535005.9203546,0.7327254108379261,0.15550496230738933,9.223699569702148
1747535005.9439461,0.7363812572792918,0.15549743629988955,4.971504211425781
1747535005.9604192,0.737572592046567,0.154825828565061,4.953145980834961
1747535005.9814596,0.7359257907977443,0.15333691151422613,5.484104156494141
1747535006.0070176,0.7317840834697273,0.15713904495227718,6.911039352416992
1747535006.052429,0.7464107746340277,0.14443764812961485,8.634328842163086
1747535006.0829017,0.6347793807186852,0.1340507666439056,8.750438690185547
1747535006.128205,0.6299999888450544,0.13516255286229498,8.427619934082031
1747535006.1757207,0.6316699047454282,0.13636671352743315,10.583639144897461
1747535006.2139592,0.6390378426075077,0.14100232557287437,5.438089370727539
1747535006.2396934,0.6870315325390912,0.14632241511314717,5.154609680175781
1747535006.2603414,0.7094358014876486,0.12788353507756248,4.822492599487305
1747535006.285631,0.7130205254814472,0.13274539694085832,7.821559906005859
1747535006.3220181,0.7070654916711332,0.13798394845341103,11.771202087402344
1747535006.3422246,0.7107366531608148,0.15203886071036243,5.259275436401367
1747535006.3597891,0.7084395323145622,0.16079116014005654,5.825281143188477
1747535006.380623,0.7115824156548686,0.16671013925871978,8.088350296020508
1747535006.402835,0.7280151151313541,0.17076403659019349,8.173465728759766
1747535006.4284065,0.7406080632160645,0.17257731043930674,6.617546081542969
1747535006.463004,0.8313198082438125,0.17353319409762424,5.565881729125977
1747535006.4852862,0.8345167818329798,0.17772850432659856,5.816459655761719
1747535006.5118444,0.8365839507250578,0.1749106703757091,7.054328918457031
1747535006.5374553,0.8195589722833719,0.16901665639378635,12.170553207397461
1747535006.563619,0.7899180308216246,0.15890885634208307,5.034685134887695
1747535006.5870745,0.7604587292137066,0.15100463933586053,10.29825210571289
1747535006.6060667,0.7334650956974799,0.14401675458449348,5.260705947875977
1747535006.6347888,0.7151615936948932,0.1389461035751528,7.406473159790039
1747535006.658149,0.755027917276192,0.18537198180414272,6.216526031494141
1747535006.693965,0.7876313962988264,0.1959678117908578,8.542060852050781
1747535006.74815,0.7782908859919276,0.18677506794518747,16.635656356811523
1747535006.7789817,0.7710335880077884,0.18024867425926452,7.68589973449707
1747535006.8139384,0.75234906420646,0.16783777004442169,6.516218185424805
1747535006.8615057,0.7633875856420972,0.15896981134835828,10.241508483886719
1747535006.895099,0.7746171022242326,0.15356545971358884,9.684562683105469
1747535006.921056,0.7672349752960727,0.16039835965199614,5.389928817749023
1747535006.9433973,0.772452853406636,0.16300966148147236,7.065534591674805
1747535006.966736,0.7774950801417317,0.16435960297257887,6.430387496948242
1747535006.9915564,0.8045253842932317,0.16821229525694859,10.454416275024414
1747535007.012609,0.8628645750129355,0.17443476018504542,7.847309112548828
1747535007.0286071,0.8886610610700271,0.1765076135696162,5.583524703979492
1747535007.053314,0.8869597897863735,0.17099481332428523,5.839109420776367
1747535007.0771935,0.883251870121781,0.16561199463178483,5.163908004760742
1747535007.1013808,0.884531853104464,0.1623881453509582,5.559682846069336
1747535007.1212168,0.8666730344051398,0.1707513620364753,5.492925643920898
1747535007.1461227,0.8724713720535426,0.17888047634683937,11.248588562011719
1747535007.165417,0.8733264732711548,0.18375383452229252,5.112886428833008
1747535007.1826339,0.8522158657885853,0.18521385726329437,4.785060882568359
1747535007.1997118,0.8332887181752521,0.18469712148209247,5.040884017944336
1747535007.2192526,0.8191718370635083,0.18224865220122302,4.985332489013672
1747535007.2355347,0.8035380094100801,0.18192283073194074,4.810094833374023
1747535007.2567885,0.7940746579526322,0.16972892047848734,6.409883499145508
1747535007.2816432,0.7823198189125926,0.15955318506183017,7.396697998046875
1747535007.3028715,0.7717559167749934,0.15482251292429666,5.102872848510742
1747535007.3210878,0.7508996602199788,0.1517925785485244,6.352901458740234
1747535007.3372283,0.7428588431345652,0.15098564684398502,4.959344863891602
1747535007.3574364,0.7394053327679766,0.14992010122901137,4.999637603759766
1747535007.3817534,0.7426185616090383,0.15113646509872425,6.510496139526367
1747535007.402928,0.7439008285080222,0.15281801664449157,5.412578582763672
1747535007.41971,0.7465100707986168,0.15273111049640004,5.020618438720703
1747535007.434816,0.7357290063947437,0.15776531542909,4.841327667236328
1747535007.4780872,0.7266565960950359,0.16192767968612146,7.695198059082031
1747535007.5021756,0.7346609596239205,0.16523486850508926,4.8313140869140625
1747535007.525466,0.7333989938372987,0.16713451172344437,5.145788192749023
1747535007.541145,0.7304499257041711,0.16776775226386445,5.061626434326172
1747535007.5612,0.7356308414849841,0.1696656947576947,5.070686340332031
1747535007.5793824,0.7448184199826365,0.16870250083799787,5.565881729125977
1747535007.602718,0.7539785418074088,0.16721816688960425,5.465030670166016
1747535007.6205413,0.7517852083633328,0.1660714000791368,5.213737487792969
1747535007.6388147,0.7435791825974382,0.16003129763179957,5.913019180297852
1747535007.6617355,0.7361992161013405,0.15977884671245557,5.148410797119141
1747535007.6798954,0.7364096559644984,0.15737172246847195,4.847049713134766
1747535007.7076907,0.7425511875796306,0.15596142834287854,5.40924072265625
1747535007.7286537,0.7521293822898542,0.15449611233523333,6.525278091430664
1747535007.7448823,0.7606628811908972,0.15165682624087554,6.191730499267578
1747535007.7678819,0.7509899517948116,0.15449035990412258,4.967927932739258
1747535007.7897696,0.7401162048140266,0.15448970610177282,6.1492919921875
1747535007.8145404,0.7287703182672997,0.1552628170442805,5.13458251953125
1747535007.8341289,0.7207869743954071,0.15303367231468848,5.097627639770508
1747535007.8540332,0.7186461958792311,0.15217088903886128,6.879091262817383
1747535007.8714767,0.7191197034102704,0.1543601229255676,6.111860275268555
1747535007.891976,0.7241584120663339,0.1566173959143173,7.226705551147461
1747535007.924381,0.7365258963928282,0.16856356211480472,6.599187850952148
1747535007.9424415,0.7432687334235273,0.17702975516338604,4.87828254699707
1747535007.9658804,0.7458175097589561,0.17339650121501585,7.063627243041992
1747535007.9859707,0.752172878124591,0.17022612709399437,5.319118499755859
1747535008.0092695,0.7581189123583508,0.16912435001550816,8.265972137451172
1747535008.0284884,0.7597483977947027,0.16735822607282394,7.316827774047852
1747535008.184921,0.7527427936022363,0.1683143579648176,4.915952682495117
1747535008.1987953,0.7500182965991992,0.16786645877416048,5.058765411376953
1747535008.2143714,0.7432176643910308,0.16575466411867087,4.940986633300781
1747535008.2340977,0.7336533515699982,0.16651307007439461,5.132198333740234
1747535008.2547746,0.7287211033184465,0.16885029835573712,5.640983581542969
1747535008.2748008,0.7230229987855286,0.1697197519402928,5.273342132568359
1747535008.2926714,0.7363200144634982,0.1732534919389195,4.858255386352539
1747535008.3241298,0.7530837002086395,0.17726616108081847,6.865262985229492
1747535008.3401225,0.7622491065269079,0.1777165951130703,4.649639129638672
1747535008.356302,0.7681290387434815,0.17210262159055628,4.919290542602539
1747535008.3803875,0.7635097841246105,0.16601925347613608,5.146503448486328
1747535008.3974907,0.7593349600608473,0.15971620293356292,6.766080856323242
1747535008.4137118,0.7635199390763658,0.15794756688177577,5.203485488891602
1747535008.4383373,0.7630610565204826,0.15724972280473992,5.117893218994141
1747535008.4582257,0.7689918189413153,0.15863247811488643,5.480527877807617
1747535008.4779007,0.7719439510682959,0.15983826688516933,5.151271820068359
1747535008.502092,0.7413550807201649,0.15184436925718073,6.793975830078125
1747535008.527772,0.7151230931396004,0.14929901914092134,6.1054229736328125
1747535008.5530596,0.7235265456465789,0.15512199478325026,5.737066268920898
1747535008.568722,0.7338864200962919,0.16306459319131678,5.645990371704102
1747535008.5883732,0.7387460447256745,0.16767155981229664,7.604360580444336
1747535008.6051033,0.7441450049858199,0.171828885207431,5.452871322631836
1747535008.6247015,0.7633162771907276,0.1711440025394669,5.772590637207031
1747535008.6426613,0.7784148663472621,0.17084488169268794,5.76472282409668
1747535008.6658947,0.7877574960820839,0.171774073150934,7.776021957397461
1747535008.6825976,0.7773033248920921,0.1677654076452276,4.8770904541015625
1747535008.699748,0.773195011978101,0.16540126950702796,4.776239395141602
1747535008.714261,0.7693906302953774,0.16245122753472335,4.789829254150391
1747535008.737083,0.7670444050098966,0.16165781485003372,4.914760589599609
1747535008.7538843,0.7575560950778732,0.1609410172230907,4.92548942565918
1747535008.774517,0.7484146242588513,0.15848151792852616,5.423784255981445
1747535008.7997406,0.7416351365636895,0.15886278609708768,5.263805389404297
1747535008.8180609,0.7264793093494134,0.15294094659664892,5.085229873657227
1747535008.8342438,0.7140384174429226,0.14951663468800386,4.969120025634766
1747535008.8570104,0.6939314605258952,0.1471712097861462,4.910469055175781
1747535008.873521,0.6766935375767373,0.14475304578121312,5.328893661499023
1747535008.8975618,0.6951586277588607,0.15265842769789198,5.108833312988281
1747535008.9165177,0.717654252458434,0.15897257563964198,7.5531005859375
1747535008.934808,0.7321075005632218,0.16185463748035314,4.944324493408203
1747535008.958335,0.7455533552148924,0.1627641534157266,5.441188812255859
1747535008.975043,0.7531248718723748,0.16279590861748852,4.8236846923828125
1747535008.9987948,0.7688146414543475,0.16490449262886914,5.084753036499023
1747535009.0184727,0.7725013433592511,0.16452661543775113,5.900859832763672
1747535009.0430515,0.7815276446090168,0.1668551029534864,7.222890853881836
1747535009.074253,0.7830297239812918,0.17151371783144465,6.079196929931641
1747535009.0924535,0.7856314265910774,0.17352809410564327,5.01704216003418
1747535009.1089284,0.7867777686996743,0.1727525956609429,5.796909332275391
1747535009.125893,0.7887736922745795,0.17318486363943097,4.999399185180664
1747535009.143435,0.8016211997201393,0.17783080868510354,4.800558090209961
1747535009.1633117,0.811451347381374,0.1800684432179221,5.609989166259766
1747535009.1820536,0.8242449632824521,0.18085662743949385,6.019830703735352
1747535009.1996126,0.8289059528816392,0.18272681213769942,5.441904067993164
1747535009.2168088,0.8372841036229344,0.17867981674685904,4.876136779785156
1747535009.234606,0.8389905488137942,0.17604289685596633,4.84776496887207
1747535009.2595108,0.8406978072894377,0.17511184379093084,5.704641342163086
1747535009.2804508,0.847276360188352,0.17531860870181695,6.148576736450195
1747535009.2985146,0.859234688090086,0.177439434673311,5.579710006713867
1747535009.3183966,0.8599614778581021,0.17784378143467802,5.706787109375
1747535009.3374407,0.8749383175809536,0.1776253757739396,5.205631256103516
1747535009.3589523,0.8837452632849552,0.176978303010044,6.406545639038086
1747535009.3772647,0.8990885550742996,0.17855542567941188,4.760980606079102
1747535009.3933911,0.9091691364977507,0.17873380105208997,4.936695098876953
1747535009.418265,0.9198574440215863,0.18018646234013663,5.167484283447266
1747535009.4414845,0.9271509675567718,0.18109584898344958,8.352994918823242
1747535009.4711244,0.9360271493654557,0.1838200716724511,5.7468414306640625
1747535009.4889958,0.9450444566760727,0.18668037247508645,5.958080291748047
1747535009.5056856,0.9516593279133274,0.1876793938184454,4.904985427856445
1747535009.5206692,0.9677895612752923,0.18897396157383717,5.506992340087891
1747535009.538934,0.9877254941335778,0.1853015986598744,5.404472351074219
1747535009.5588107,1.0189449309438445,0.1805584416975042,5.004167556762695
1747535009.5748525,1.0358303033159224,0.17946436223169793,4.713535308837891
1747535009.5929034,1.0527840537211464,0.17656685393359545,4.9228668212890625
1747535009.613811,1.0715323992857084,0.17206709555817043,5.181074142456055
1747535009.6326752,1.0888493778405246,0.17067830219476443,4.840373992919922
1747535009.655513,1.101923573743512,0.16834053862440349,6.56580924987793
1747535009.6737058,1.137204428920491,0.15976628296506704,5.526304244995117
1747535009.6941276,1.1720769961445514,0.15463613204176255,6.059169769287109
1747535009.7201288,1.1988905158694296,0.15147593760940428,6.589174270629883
1747535009.7386005,1.2308008770290098,0.13586622449972754,5.174160003662109
1747535009.7561252,1.2347866054129575,0.1212787357230257,4.923820495605469
1747535009.7738206,1.2483423626119081,0.11123097513986285,4.781961441040039
1747535009.796309,1.294996761249115,0.09173968172787546,7.400751113891602
1747535009.8191779,1.3440481453236874,0.07559501934997431,6.239175796508789
1747535009.8348737,1.3777557720575635,0.07018885373265243,4.570245742797852
1747535009.8566957,1.4179100542183793,0.0644110512255242,6.164789199829102
1747535009.8772914,1.4898877090868405,0.05690634174091739,4.796028137207031
1747535009.8960035,1.5279208716487942,0.058299524589841625,4.712581634521484
1747535009.9122694,1.5692885910977714,0.0534035412185702,4.5337677001953125
1747535009.940012,1.6445014245454839,0.006559788215426728,5.665779113769531
1747535009.9567027,1.6834195934713347,-0.016857462511158116,5.044221878051758
1747535009.9777982,1.7273297917002837,-0.03553929344441765,5.326271057128906
1747535009.994394,1.7644327902506791,-0.056088618689531834,5.010843276977539
1747535010.0181592,1.8126562239862414,-0.07750669970870105,5.406618118286133
1747535010.0417275,1.855992949656428,-0.09216288701721667,6.806373596191406
1747535010.0634654,1.8856303989195087,-0.1001477874993473,5.761861801147461
1747535010.0801315,1.905683202980524,-0.10782414646735552,5.512475967407227
1747535010.0985773,1.936349205145189,-0.13365731149760687,5.969047546386719
1747535010.1184237,1.9650344281783105,-0.15709469318071992,5.248546600341797
1747535010.1352549,1.9637502817222157,-0.16891755830401145,4.793405532836914
1747535010.1525629,1.9701457967895823,-0.18030888419974897,4.8351287841796875
1747535010.1813715,2.012716887655107,-0.20687981967101446,6.511688232421875
1747535010.2084186,2.036448779198072,-0.215792768815861,7.390737533569336
1747535010.2277691,2.095475745568042,-0.2403641741451472,5.412101745605469
1747535010.243556,2.1412393173102098,-0.2656908599524421,5.82122802734375
1747535010.2645378,2.1779522910348796,-0.2800030327012812,5.137205123901367
1747535010.279173,2.225202064535838,-0.3034034317374329,5.031108856201172
1747535010.2978325,2.2485614358412414,-0.3464566810424066,5.454540252685547
1747535010.3145652,2.271428548163632,-0.3720610872658857,5.357265472412109
1747535010.33446,2.2993195941225,-0.3970871888707741,5.48553466796875
1747535010.366139,2.320505772747279,-0.4511670546685455,11.069297790527344
1747535010.4089723,2.3478832491754065,-0.5098231479070477,13.993024826049805
1747535010.4435678,2.390556308735148,-0.5279068705898343,10.849475860595703
1747535010.4784043,2.4686249063405197,-0.5854602944367132,9.090423583984375
1747535010.4982996,2.5057052400349837,-0.6058998400595573,6.041526794433594
1747535010.519273,2.52854125154749,-0.6184715499219324,6.325244903564453
1747535010.5391293,2.5683365456397933,-0.6460899086453682,6.098508834838867
1747535010.559159,2.5898776969875237,-0.6946860303252166,5.939722061157227
1747535010.5787258,2.657196016746961,-0.7879366243601196,6.360054016113281
1747535010.6004953,2.7044622602624466,-0.8801936749501112,5.821704864501953
1747535010.6207204,2.7156391268238074,-0.9156751658823975,7.410764694213867
1747535010.6396718,2.6986159329253323,-0.9192053692267731,7.019758224487305
1747535010.6598341,2.7037860043279625,-0.9437616114209009,7.429599761962891
1747535010.6940894,2.677148035032124,-0.925593235988757,11.766910552978516
1747535010.709879,2.687452690808539,-0.9676661527716189,5.798101425170898
1747535010.729354,2.6855209948817933,-0.9946467222570108,5.764007568359375
1747535010.7465327,2.733172492494864,-1.0582056195079879,5.546331405639648
1747535010.7627368,2.7480133600821732,-1.1294498395253927,7.431745529174805
1747535010.7789748,2.749151514663264,-1.1956996653131227,5.277395248413086
1747535010.8013184,2.7526354661300196,-1.2415995085569551,8.327722549438477
1747535010.8279073,2.7480380948523466,-1.2888717153081777,5.904436111450195
1747535010.8440995,2.7462220698564543,-1.324828672144715,4.9839019775390625
1747535010.8606238,2.7436826200910986,-1.3586641653490277,6.558895111083984
1747535010.8786776,2.7734600522907793,-1.4125876890982938,4.9190521240234375
1747535010.898811,2.790343681532245,-1.4725050059247216,6.065607070922852
1747535010.9232705,2.7957799992888215,-1.521842863886019,6.080389022827148
1747535010.9419506,2.791827102904608,-1.5882102041716757,5.636453628540039
1747535010.9625967,2.7783473905827227,-1.62986351871586,6.911516189575195
1747535010.979,2.765522601199785,-1.6901420843861317,4.987478256225586
1747535010.9943383,2.7629698198224837,-1.7443516733667934,4.631519317626953
1747535011.0135183,2.7822747903725897,-1.7908250187433785,4.75764274597168
1747535011.0440593,2.78393523363112,-1.8471427539468765,9.302854537963867
1747535011.0688565,2.786686324520614,-1.890697316299715,5.4340362548828125
1747535011.0871654,2.7867146780526997,-1.9394449991087432,5.1288604736328125
1747535011.1044352,2.7799124793139836,-1.9728833784683932,4.980325698852539
1747535011.1243296,2.7670776500765517,-2.0073258483997867,5.904912948608398
1747535011.1428332,2.7385317861777727,-2.063447119882456,6.235837936401367
1747535011.1589537,2.722293333823021,-2.1168323460672176,4.860877990722656
1747535011.1759217,2.708855150336839,-2.1586529023196257,6.61468505859375
1747535011.1940012,2.7036068542422416,-2.1918320034389054,5.203485488891602
1747535011.2192137,2.7120163205024155,-2.259884922865146,6.084918975830078
1747535011.2345798,2.7196976060409344,-2.2965125650108,5.033016204833984
1747535011.2547739,2.7259424375159873,-2.3378907512610922,6.018638610839844
1747535011.27921,2.70015925097348,-2.4197860841779955,6.097555160522461
1747535011.2952387,2.6837970648911367,-2.466168543615482,6.623506546020508
1747535011.3157434,2.6762137590191726,-2.517075536117198,5.245447158813477
1747535011.333065,2.6560455206630387,-2.576469601101624,4.882574081420898
1747535011.3594582,2.6499874438940307,-2.6289281082487435,7.091522216796875
1747535011.382899,2.653171912366845,-2.6703159674678525,6.08515739440918
1747535011.408895,2.641782933819628,-2.744736871284231,6.23774528503418
1747535011.4284124,2.618426464290388,-2.7994105172119483,7.233142852783203
1747535011.445951,2.590713330680824,-2.8472976216313395,5.105495452880859
1747535011.4627652,2.580680342465985,-2.8896675087633703,6.035089492797852
1747535011.4783654,2.591382697314853,-2.9540449577533905,5.048990249633789
1747535011.4970767,2.60213394459479,-3.003165991111135,4.934787750244141
1747535011.5183034,2.607792352930657,-3.047025191645711,5.1727294921875
1747535011.5453494,2.6475313041128676,-3.113219554424642,7.345438003540039
1747535011.577801,2.6693541796105964,-3.17808636760714,7.341861724853516
1747535011.599696,2.7190893707092934,-3.2859652840907034,5.38945198059082
1747535011.6681223,2.7531977728326016,-3.3447661830879736,57.65843391418457
1747535011.7518733,2.9157540940381836,-3.6703703104958665,10.312795639038086
1747535011.7785404,2.9792402060122485,-3.763519494112553,6.512880325317383
1747535011.8002284,3.0110938304811365,-3.8384094440345398,6.931781768798828
1747535011.8223138,3.052096204705503,-3.904329337975995,9.343624114990234
1747535011.8432808,3.070225670227812,-3.9340938908701077,5.5294036865234375
1747535011.8712926,3.1242304492139428,-4.014244476026056,7.477760314941406
1747535011.8883712,3.173985001923185,-4.072465675903585,5.049705505371094
1747535011.9058518,3.204123551940561,-4.110088321286307,5.519628524780273
1747535011.9265943,3.2170936425496985,-4.126974208661431,5.29170036315918
1747535011.9452746,3.2553709846879357,-4.189442907081048,5.735874176025391
1747535011.989547,3.3152451854193012,-4.271595435030945,9.048223495483398
1747535012.0178425,3.360149508570764,-4.328325083303187,10.045289993286133
1747535012.0502512,3.3935416572929626,-4.380330007039434,14.246225357055664
1747535012.0777411,3.4183020432618676,-4.419713726902038,10.535717010498047
1747535012.0980947,3.452890959186665,-4.488730632571671,7.510185241699219
1747535012.1180327,3.4982570822866945,-4.5774790161953804,5.105733871459961
1747535012.1450672,3.512721816369865,-4.596502073098072,9.067296981811523
1747535012.2043653,3.5651650039553426,-4.71035069966271,10.788202285766602
1747535012.2520678,3.6094213891725433,-4.854669624767113,10.581493377685547
1747535012.2839136,3.6330494863748197,-4.940079049296163,6.05463981628418
1747535012.301383,3.639759542378123,-5.016934213291664,6.172418594360352
1747535012.3183231,3.6397554156382665,-5.061323988062979,5.252361297607422
1747535012.3431568,3.631459135289857,-5.1192316943414715,9.160280227661133
1747535012.3629968,3.6462265980792696,-5.165318452058867,5.876302719116211
1747535012.384338,3.64930538222783,-5.19275465326264,11.194705963134766
1747535012.4097912,3.6389006611864305,-5.241880508653241,8.270025253295898
1747535012.426757,3.6431221311226794,-5.306455068542178,5.792856216430664
1747535012.4439478,3.630635195078697,-5.370621197717383,6.248235702514648
1747535012.463179,3.6182204295741283,-5.417460811702077,7.771968841552734
1747535012.4839232,3.606607105959038,-5.467992480099104,8.050203323364258
1747535012.5028806,3.597504499379755,-5.502321282039981,7.558345794677734
1747535012.524345,3.5823352994659574,-5.531558983003517,8.820772171020508
1747535012.5443242,3.56326220182843,-5.559888045296453,8.858203887939453
1747535012.5668154,3.552019549704608,-5.608828246716499,6.561756134033203
1747535012.6115322,3.516484791429301,-5.675331978158243,7.443666458129883
1747535012.6311724,3.5110706918632,-5.705433263637506,5.175113677978516
1747535012.6488,3.4896963991067924,-5.738633900271131,5.381107330322266
1747535012.6682937,3.4732793087644667,-5.76252141611285,7.201194763183594
1747535012.711102,3.4462960733780594,-5.8214610087724,13.3209228515625
1747535012.7650652,3.3940878003739137,-5.916938652280315,12.12310791015625
1747535012.8100913,3.3442839843591203,-5.96650186870297,12.93325424194336
1747535012.8329222,3.295768377805428,-6.005971498799864,4.932403564453125
1747535012.8568995,3.2738716537980275,-6.021238776619851,9.344339370727539
1747535012.8746743,3.235521035988911,-6.066227875765436,6.2961578369140625
1747535012.8979788,3.2026932124905803,-6.087858275040205,5.4645538330078125
1747535012.9159334,3.167193953113999,-6.099206204780725,5.18798828125
1747535012.9419625,3.112524072486662,-6.1323790048254585,9.386301040649414
1747535012.959585,3.059201547455122,-6.152401553608774,4.903554916381836
1747535012.9786875,2.992721656843115,-6.174717765321151,5.742788314819336
1747535013.0187275,2.9355019240620517,-6.193931956842067,7.436513900756836
1747535013.0423238,2.8497491799208783,-6.228653504085592,9.714841842651367
1747535013.1948178,2.576308048930321,-6.349473257375306,7.703065872192383
1747535013.2209651,2.538566153046205,-6.351135242068339,8.205652236938477
1747535013.2632625,2.4111830131853447,-6.391627839037414,9.618282318115234
1747535013.3101218,2.2874509055560193,-6.410643858055784,12.056589126586914
1747535013.3690107,2.129411582450374,-6.442882682914811,8.726119995117188
1747535013.4001484,2.0627358619988705,-6.447643025470941,7.682561874389648
1747535013.42924,2.023630553441179,-6.447688653504388,7.158994674682617
1747535013.451138,1.9842030017725614,-6.446780754589083,7.76362419128418
1747535013.4698458,1.9607533104948327,-6.446011370439212,7.1620941162109375
1747535013.487389,1.9196141584386295,-6.447124558274153,4.959821701049805
1747535013.5062294,1.848352035868846,-6.459701898648453,6.612300872802734
1747535013.5259593,1.7935282312764187,-6.470611383261598,5.163669586181641
1747535013.5402977,1.7530420312611128,-6.474465946025697,4.871368408203125
1747535013.557773,1.6984073733787264,-6.47773460998694,5.819559097290039
1747535013.5796516,1.6352027765296784,-6.474058162023395,6.703376770019531
1747535013.6025193,1.575397291931048,-6.470400749006279,7.682085037231445
1747535013.6234388,1.5271059472924642,-6.4713523732881715,8.415699005126953
1747535013.64671,1.4730078785513687,-6.475193303542643,5.862712860107422
1747535013.6648169,1.419764111433749,-6.47831103447636,5.161762237548828
1747535013.681479,1.3838113806043044,-6.481559299653647,5.414485931396484
1747535013.7012167,1.3146621287850437,-6.471426211485919,5.180120468139648
1747535013.7177784,1.2656390039151395,-6.466219472893817,5.401611328125
1747535013.7396462,1.2211404674914539,-6.460170652750632,7.24482536315918
1747535013.7646375,1.1724088025654804,-6.45239883704799,6.647825241088867
1747535013.791752,1.1463283733356662,-6.446895663619885,6.175041198730469
1747535013.8117526,1.0864652934596173,-6.4372590613923215,5.819559097290039
1747535013.8307068,1.0322220123041594,-6.422484930631855,5.414009094238281
1747535013.8461542,0.9732029490293355,-6.413394746842997,4.915475845336914
1747535013.861863,0.9004246232635696,-6.404181476137419,5.0029754638671875
1747535013.8823025,0.8486487152799878,-6.40059040070009,6.926059722900391
1747535013.9071517,0.7641365186543809,-6.379979351278635,11.492490768432617
1747535013.9288661,0.7002587063574363,-6.365237117158225,5.709648132324219
1747535013.9507842,0.662379317955663,-6.356381020397337,8.37564468383789
1747535013.9718044,0.5831184079627594,-6.331697362916077,7.123470306396484
1747535013.9933796,0.4986176145429313,-6.307663749360425,5.14531135559082
1747535014.0163825,0.46217393372658017,-6.30331409389772,7.676124572753906
1747535014.0465586,0.37983548244013926,-6.275941872784192,7.643699645996094
1747535014.073498,0.3120978772817241,-6.256539315119099,6.75511360168457
1747535014.0997171,0.21094543829506257,-6.2102812112401224,6.40106201171875
1747535014.1234565,0.17768242924113425,-6.181942879786116,8.089780807495117
1747535014.1482549,0.1402150760501227,-6.156374497496842,8.806705474853516
1747535014.173539,0.14524106389846694,-6.132830001858112,7.395744323730469
1747535014.1913915,0.15705848937378653,-6.111530166143151,5.390644073486328
1747535014.2102292,0.1439477386684649,-6.089238969974865,5.872964859008789
1747535014.2295742,0.1207419105407477,-6.038008233772263,5.727052688598633
1747535014.245776,0.10458351434277305,-6.006379346489723,5.406618118286133
1747535014.2609127,0.10060401865932823,-5.989590494997494,5.958318710327148
1747535014.2802992,0.057123511059282935,-5.9666739490600085,7.593393325805664
1747535014.2983527,0.035566919646513144,-5.934299687141164,7.050991058349609
1747535014.314709,0.0053807737725157494,-5.901316460156413,5.957126617431641
1747535014.334405,-0.022291468729718576,-5.880245784607301,5.825042724609375
1747535014.353562,-0.09197761446753286,-5.834129129856015,5.758762359619141
1747535014.3773053,-0.13772686745065002,-5.798781509375418,6.561756134033203
1747535014.3943176,-0.18230552398749442,-5.774504493221668,6.225824356079102
1747535014.4152188,-0.24202071233246927,-5.7219990164284225,6.151914596557617
1747535014.4340167,-0.30153684095898886,-5.680633623125205,6.422996520996094
1747535014.4597423,-0.34908114055378137,-5.642926241042992,7.096767425537109
1747535014.4859262,-0.40666541481582846,-5.585069236375647,10.589599609375
1747535014.5047674,-0.44453500823797243,-5.550314437313009,6.785869598388672
1747535014.5243428,-0.4716828424910267,-5.5180332592838175,6.238222122192383
1747535014.5416434,-0.49618978967796196,-5.482846493317975,6.577253341674805
1747535014.5590339,-0.5666288821687713,-5.418443174370084,6.035566329956055
1747535014.5764914,-0.6059165989230246,-5.376670259300544,7.542133331298828
1747535014.5997345,-0.6412532161494401,-5.3299961134726,6.403684616088867
1747535014.6194344,-0.6911783989672409,-5.27688394194799,5.6324005126953125
1747535014.6352303,-0.7345041092236533,-5.230681295096726,5.394220352172852
1747535014.6541934,-0.7697770907194181,-5.1838114179500066,5.416393280029297
1747535014.682041,-0.840400198052007,-5.1136987820664555,7.4100494384765625
1747535014.70364,-0.884762203828184,-5.067541652719544,5.496740341186523
1747535014.7219937,-0.9219668538591107,-5.01676008689073,6.001472473144531
1747535014.7373888,-0.9441980992115472,-4.97235813716521,5.505561828613281
1747535014.7530422,-0.9654495867958427,-4.944379147090568,4.763126373291016
1747535014.7743406,-1.0406803753083544,-4.89121644400319,5.63812255859375
1747535014.7926369,-1.0806743906117704,-4.842119431834134,4.904747009277344
1747535014.814295,-1.1009449987977074,-4.798141339244581,6.144046783447266
1747535014.8321338,-1.1128147869244063,-4.75411532363687,4.785060882568359
1747535014.8585973,-1.189986065896377,-4.688051224323982,5.627870559692383
1747535014.87803,-1.2269905131110574,-4.641314438597255,5.415201187133789
1747535014.8988245,-1.2483832905538061,-4.586337590127643,5.644083023071289
1747535014.9286025,-1.321578942779978,-4.521514423935382,15.37013053894043
1747535014.9518068,-1.3524770880845538,-4.456940218822109,6.0367584228515625
1747535014.9721665,-1.4293660765771796,-4.397147493530978,5.61070442199707
1747535014.991326,-1.468066739817003,-4.318775754004195,4.975557327270508
1747535015.0069604,-1.485726446924992,-4.260965549215802,4.8675537109375
1747535015.028921,-1.494711594826591,-4.2060420806899526,6.68644905090332
1747535015.062385,-1.5700429352567709,-4.0933392849260395,7.545232772827148
1747535015.1008713,-1.5930384521926921,-4.010162249531697,11.857032775878906
1747535015.154525,-1.6797457168762533,-3.823057362027073,8.858442306518555
1747535015.1746922,-1.739651966736933,-3.7498734223637435,7.555961608886719
1747535015.194229,-1.7526721195108168,-3.6972252953253775,6.749629974365234
1747535015.2138135,-1.7640992753667821,-3.6554238510675647,7.028341293334961
1747535015.2342997,-1.7710760353587092,-3.6029824098805023,5.443811416625977
1747535015.2521706,-1.7905021125757639,-3.5583908261219603,5.2356719970703125
1747535015.270282,-1.8039106694073828,-3.4850591615726563,5.693912506103516
1747535015.2906015,-1.8026064189355135,-3.4443392067244263,5.697488784790039
1747535015.3077512,-1.8076753306157554,-3.3573842892768755,4.970788955688477
1747535015.3310645,-1.8125598108003034,-3.2586811696178266,8.249998092651367
1747535015.3517847,-1.810633249023353,-3.1916566380316076,8.559703826904297
1747535015.371676,-1.830980839201221,-3.1011183911729208,6.880998611450195
1747535015.3937452,-1.841620393670534,-3.053564977758689,5.52821159362793
1747535015.4123383,-1.85004146657905,-2.9926343144996417,5.344152450561523
1747535015.43058,-1.807008223797103,-2.8995034181724284,6.251811981201172
1747535015.4472485,-1.7988878771970158,-2.822200209183019,5.232572555541992
1747535015.465496,-1.799980798989106,-2.743280968643704,5.236148834228516
1747535015.4882393,-1.8084694433900137,-2.6945718616693446,5.948781967163086
1747535015.505808,-1.8037127801224375,-2.6016675179498736,5.427122116088867
1747535015.522819,-1.802245681886584,-2.5520564098534755,5.579471588134766
1747535015.543401,-1.800474704078077,-2.496513106673177,7.6656341552734375
1747535015.5632465,-1.7774977941007588,-2.4300340145247743,7.182598114013672
1747535015.5802717,-1.7619606153994338,-2.3635172775560034,6.805658340454102
1747535015.5966969,-1.7530131468396,-2.3011003154349456,5.48100471496582
1747535015.6137917,-1.7444211540990657,-2.240799001861922,5.103588104248047
1747535015.636541,-1.7121230597113068,-2.1443305418963927,6.821393966674805
1747535015.656145,-1.7054645100782249,-2.0785503247049077,7.869720458984375
1747535015.6814752,-1.6936826212666969,-1.9944067627506865,7.815837860107422
1747535015.7011504,-1.6298751810829575,-1.9444709564123326,6.376743316650391
1747535015.7196918,-1.602584669313079,-1.8620628831386803,5.405426025390625
1747535015.7407665,-1.5914953187968104,-1.8038650740623385,8.026599884033203
1747535015.7593272,-1.558538188912695,-1.7252273508865397,5.329608917236328
1747535015.7785358,-1.5379507377081416,-1.6623712320649675,5.780935287475586
1747535015.7964835,-1.526808969371058,-1.619854199149954,6.459474563598633
1747535015.8197243,-1.4999507670180887,-1.5525162786901991,5.678415298461914
1747535015.8390005,-1.4474161748529584,-1.496554368535487,7.617712020874023
1747535015.8550997,-1.4149531156929196,-1.4219976859246248,5.266427993774414
1747535015.876278,-1.390465401008543,-1.3455465807911147,6.016969680786133
1747535015.8931136,-1.341508419858572,-1.2655981710938977,5.144834518432617
1747535015.9186614,-1.2964167424745732,-1.1927812906700992,6.042957305908203
1747535015.9439757,-1.2877638998145324,-1.1601920027351906,14.548778533935547
1747535015.9614837,-1.2713094853656473,-1.1168837872695885,6.479740142822266
1747535015.9792783,-1.2460811335456077,-1.0704031542499932,5.899667739868164
1747535015.9982097,-1.1872218254132714,-1.0084746636632667,8.721113204956055
1747535016.0153494,-1.1482119355250058,-0.9571576769036897,5.938529968261719
1747535016.0357783,-1.1240338892367636,-0.9182687324619745,5.941152572631836
1747535016.055086,-1.062824606498026,-0.8596940541368254,6.920576095581055
1747535016.076593,-1.0141756337520798,-0.8076195447594168,7.630109786987305
1747535016.096858,-0.9825274536163925,-0.7649385790923195,6.969690322875977
1747535016.1151268,-0.9171346809945,-0.7041043270405565,6.102561950683594
1747535016.1390157,-0.8730715470426597,-0.6541801647927294,10.288476943969727
1747535016.167481,-0.8169301457979343,-0.60440815098224,6.869792938232422
1747535016.1866782,-0.7658650886602874,-0.542064140387657,6.225824356079102
1747535016.203025,-0.7270423203314195,-0.48543858699042663,6.870269775390625
1747535016.2173138,-0.6936757725621724,-0.4359999957724316,5.473852157592773
1747535016.2345436,-0.653965150756131,-0.39731711428847133,5.862712860107422
1747535016.2566478,-0.569759440861528,-0.3457626860340664,6.787776947021484
1747535016.277366,-0.5018674660680313,-0.31017751198957966,7.144689559936523
1747535016.2935584,-0.44720916511132064,-0.27622265899820087,5.126714706420898
1747535016.3144207,-0.39958375416952246,-0.23168065478869937,6.848573684692383
1747535016.332827,-0.3533651944040511,-0.19128764642231527,5.250215530395508
1747535016.3579714,-0.3098104733830933,-0.16056883260002658,5.637645721435547
1747535016.380697,-0.22231319333330016,-0.11623425791950576,6.516218185424805
1747535016.4006217,-0.16615080218881786,-0.09256708054098928,6.386041641235352
1747535016.4186635,-0.11510705101231065,-0.06902612968424787,5.82122802734375
1747535016.4512103,-0.0862611640637559,-0.03182364880725468,6.06083869934082
1747535016.4695659,-0.03585702862175666,0.001607301495511377,5.653619766235352
1747535016.4885323,0.02051303052280128,0.026995274575190124,5.428314208984375
1747535016.5070674,0.06606653525938211,0.04446153283697225,5.57255744934082
1747535016.5237148,0.09570132168614431,0.07664115485215177,5.592584609985352
1747535016.5398319,0.1469326244264004,0.10448269288088358,6.0749053955078125
1747535016.5589943,0.1968635565117791,0.12190121712273223,6.34002685546875
1747535016.5783505,0.1502909149563876,0.13460611323580482,5.733013153076172
1747535016.599029,0.15092981391409946,0.14388116952698896,5.5789947509765625
1747535016.6177886,0.19629172647994111,0.1605745116704651,5.232095718383789
1747535016.6393545,0.26622157070024766,0.18098218912445838,5.123376846313477
1747535016.6574564,0.31158605849810767,0.19458888952409986,5.075931549072266
1747535016.6756892,0.3592696934955279,0.2081891679495071,5.370140075683594
1747535016.6971753,0.39416895080996395,0.21955446064299808,8.649110794067383
1747535016.7188203,0.47141134235925136,0.23024950785555595,5.691766738891602
1747535016.7346137,0.5109905166276987,0.23469745285336863,5.547523498535156
1747535016.8117354,0.5759387589274876,0.24569395042484918,7.1563720703125
1747535016.8475847,0.8215922710186827,0.2841339752598849,11.645078659057617
1747535016.8915184,0.9655036415487024,0.30975769940201503,7.9345703125
1747535016.926172,1.115614493570485,0.31163507907084037,10.864496231079102
1747535016.9469593,1.1672712485605274,0.3086346586121369,7.953643798828125
1747535016.9672906,1.2194707971917076,0.31012643053936195,6.419897079467773
1747535016.9921,1.3267403901205364,0.28841848444666623,5.130290985107422
1747535017.009645,1.4167324438118214,0.27891173240097433,4.852771759033203
1747535017.0340612,1.4983812037791358,0.2759737672536651,6.678581237792969
1747535017.0716786,1.5620837805283276,0.240753766265719,23.224830627441406
1747535017.1015038,1.689864288569416,0.16680364436452674,8.844137191772461
1747535017.1459131,1.7942183633480928,0.07417897681770455,7.709264755249023
1747535017.172802,1.84600681868441,0.04174179765983101,6.7615509033203125
1747535017.1984515,1.9398508263192449,-0.022569694501148672,6.855010986328125
1747535017.2234,2.0088528564778794,-0.04572057534725105,7.268428802490234
1747535017.2390106,2.072774641149074,-0.06979269982555293,4.8542022705078125
1747535017.2584941,2.1259700732502087,-0.10044512574708339,5.467414855957031
1747535017.27894,2.1531438386518564,-0.1579827963039752,6.056547164916992
1747535017.300725,2.173484804429068,-0.19707806817170526,6.844997406005859
1747535017.3181283,2.1883386665326308,-0.22038579351372664,6.779909133911133
1747535017.3340352,2.1787829749700998,-0.26420910044226137,5.301952362060547
1747535017.3601778,2.1857360550484533,-0.3023888397746071,6.949901580810547
1747535017.3851974,2.1897472243376583,-0.32429361918987065,8.585929870605469
1747535017.4041147,2.231067810112626,-0.3612998910403277,5.279779434204102
1747535017.4226687,2.272656972231777,-0.3976636948025256,5.994558334350586
1747535017.4435954,2.3137693123719885,-0.435131600633051,9.236812591552734
1747535017.474706,2.337010914126202,-0.4884300102740688,6.729602813720703
1747535017.5001087,2.382573659507602,-0.552515613592441,8.066177368164062
1747535017.518747,2.4131953755094186,-0.5894603349346843,6.237030029296875
1747535017.535082,2.4303338774375702,-0.6175065337488579,5.677938461303711
1747535017.558309,2.451564619676293,-0.6539428259589279,5.838155746459961
1747535017.5792036,2.464780692890728,-0.6738502621546187,5.883455276489258
1747535017.5966547,2.4837017970021678,-0.7035338386539286,6.145000457763672
1747535017.6201751,2.541581842065363,-0.7492952903046424,6.332159042358398
1747535017.6365495,2.642095280540459,-0.7979786711443979,5.815029144287109
1747535017.6546302,2.7036058528090594,-0.859292744869538,6.082773208618164
1747535017.6802094,2.719591452667375,-0.9091838077507256,7.609844207763672
1747535017.7017949,2.7408609602351164,-0.9666121435010374,6.582975387573242
1747535017.7190263,2.7484832946665128,-0.9944045299715913,6.807565689086914
1747535017.7484114,2.7619039337425875,-1.0450978454256599,7.586002349853516
1747535017.7776926,2.760457873421178,-1.064209863734396,9.260177612304688
1747535017.8033364,2.754871791999563,-1.1436786763364908,7.155418395996094
1747535017.8239012,2.7407621967909193,-1.1886593225597883,5.68079948425293
1747535017.839521,2.753572055774281,-1.2316197361155201,5.200862884521484
1747535017.8555129,2.810545841148135,-1.2939735536986408,4.970073699951172
1747535017.8784876,2.843529059516654,-1.3585911331220322,8.058547973632812
1747535017.902419,2.8621805562012566,-1.4110325513824653,8.963584899902344
1747535017.9258611,2.879935803777325,-1.463307781680104,7.1125030517578125
1747535017.9427679,2.8931017553592264,-1.5118531516407818,4.992008209228516
1747535017.958334,2.8989244706209885,-1.5411849192233855,5.2738189697265625
1747535017.9795322,2.9056373800572546,-1.5778350236053313,5.592823028564453
1747535017.9979477,2.9297621930909785,-1.6447492968661774,5.578041076660156
1747535018.016165,2.934712668398533,-1.6813342186846114,4.611968994140625
1747535018.0384526,2.9433980805221194,-1.7375069696533718,5.513906478881836
1747535018.2049053,3.0134994377433997,-2.118261394825147,5.814790725708008
1747535018.2212236,3.0004753571273772,-2.1426429685863435,5.601406097412109
1747535018.2419167,2.9922340389096407,-2.167133620115726,5.592584609985352
1747535018.2588532,2.9616755482870007,-2.2292717737858783,4.956960678100586
1747535018.275422,2.943018444726448,-2.2803229955844997,4.642009735107422
1747535018.2942102,2.9304644134141657,-2.3169396120320838,4.835844039916992
1747535018.3129163,2.922369288303676,-2.3831316003963794,4.848718643188477
1747535018.3333366,2.9061832910080345,-2.4342494595390405,4.8503875732421875
1747535018.357826,2.8906337396098487,-2.487706161372628,5.534172058105469
1747535018.3780396,2.8780860037311156,-2.543478572233488,5.464792251586914
1747535018.3975284,2.8688177415176765,-2.5883869949149827,5.059003829956055
1747535018.4165008,2.863949352825348,-2.618259323355627,6.1187744140625
1747535018.4375584,2.850948458623347,-2.6580476269272655,6.345272064208984
1747535018.4573426,2.8279054220255824,-2.7135937463907807,5.310297012329102
1747535018.4762642,2.814778782568034,-2.761544527346734,7.205724716186523
1747535018.4939687,2.8007701789988837,-2.8030630454597545,5.04612922668457
1747535018.514763,2.765864161450194,-2.879333658755367,5.594968795776367
1747535018.5344715,2.751786945529346,-2.9330722738957977,6.676197052001953
1747535018.5549119,2.741708017991833,-2.9767387111113868,5.206823348999023
1747535018.5740201,2.740150744083795,-3.056607310564699,5.337715148925781
1747535018.6002963,2.741285466026456,-3.131077324407926,5.777835845947266
1747535018.617352,2.7405808936601077,-3.1633316615579106,6.140708923339844
1747535018.6379015,2.750488332855372,-3.2560784658518687,5.323648452758789
1747535018.6583145,2.765406038927195,-3.324705435866591,5.362987518310547
1747535018.678369,2.779686011446811,-3.3753551302729528,5.269050598144531
1747535018.7012444,2.786362464537046,-3.4087993112422983,6.478548049926758
1747535018.7186723,2.801710019222188,-3.460707889220179,5.369663238525391
1747535018.7382686,2.82163984652801,-3.5152490362517876,8.333921432495117
1747535018.7541907,2.844203846834179,-3.56400196669366,5.014657974243164
1747535018.7731574,2.8608498212495754,-3.643227211072238,4.860162734985352
1747535018.797142,2.9002093383160905,-3.7183993912983033,7.943868637084961
1747535018.8224354,2.9237203019441105,-3.7683813729510978,7.275104522705078
1747535018.8548992,2.960754001355712,-3.855009518567651,6.109714508056641
1747535018.8730066,3.0212490219682944,-3.941778407688507,4.814624786376953
1747535018.8925927,3.0528106240732193,-3.9721757747329085,5.115270614624023
1747535018.9247375,3.1110721633861114,-4.060179686262218,11.329174041748047
1747535018.9451222,3.1455233897613395,-4.11113327627946,5.242109298706055
1747535018.9628718,3.169489762256699,-4.1523313258604375,5.809783935546875
1747535018.982856,3.1872298082751698,-4.17831952061537,7.78508186340332
1747535019.0012505,3.2116617130778446,-4.213467841548691,5.658626556396484
1747535019.0183103,3.238015870628504,-4.253225739440695,5.50079345703125
1747535019.0402226,3.2568984041391924,-4.27974635450543,6.796121597290039
1747535019.0633917,3.325821000324597,-4.3561130093478155,5.972146987915039
1747535019.0800807,3.361371421281482,-4.401748062651133,6.357669830322266
1747535019.0987744,3.3819465758536222,-4.43517080390009,5.091190338134766
1747535019.1145024,3.394456443641093,-4.450677288437214,5.054473876953125
1747535019.139837,3.422115769685652,-4.517505074034483,10.648250579833984
1747535019.16588,3.437408220906277,-4.560328301627302,6.363630294799805
1747535019.192181,3.456217641119886,-4.610277162868251,7.962942123413086
1747535019.2103903,3.470273059029969,-4.652865512081548,6.754398345947266
1747535019.2585201,3.5095254012372,-4.734632890023457,12.141227722167969
1747535019.2913218,3.553200473992967,-4.858671478663263,5.792140960693359
1747535019.319478,3.570683777482112,-4.916723327935917,10.182857513427734
1747535019.3453276,3.5907338024376796,-5.030557660651788,7.074832916259766
1747535019.3617907,3.5948380968960287,-5.075857033649237,5.690097808837891
1747535019.3829193,3.5920816079970153,-5.116805194735957,8.330345153808594
1747535019.411587,3.5910750621184535,-5.1769994796929035,7.813453674316406
1747535019.4394271,3.573513358528968,-5.266481048983192,7.762908935546875
1747535019.4675272,3.6029499495067308,-5.335283792991115,8.944034576416016
1747535019.4927058,3.596139580533783,-5.3889060650079434,8.895635604858398
1747535019.51768,3.5781500779939517,-5.434004118533318,8.269309997558594
1747535019.5427873,3.5850008926156125,-5.520854792196692,9.691715240478516
1747535019.5730526,3.5796398097774658,-5.554755728076333,7.158756256103516
1747535019.6058056,3.589985748013905,-5.639228345140673,6.401538848876953
1747535019.633486,3.578281263608945,-5.694407020817565,9.217023849487305
1747535019.6844287,3.5622818917834067,-5.768364515125403,6.187677383422852
1747535019.7331896,3.5209005220851277,-5.885677454695586,6.408929824829102
1747535019.7660842,3.4651117607673685,-5.944172176453063,8.796453475952148
1747535019.799231,3.4144158769111805,-6.010157973696212,5.247354507446289
1747535019.8190315,3.3791449332468395,-6.04357598740238,5.5084228515625
1747535019.8451033,3.361972040595608,-6.0573250020646805,9.859323501586914
1747535019.8628907,3.3341611760880023,-6.093567395466466,6.478548049926758
1747535019.8837733,3.299302762602685,-6.1192415171426635,6.261110305786133
1747535019.902866,3.258057332697671,-6.141692151129604,5.8841705322265625
1747535019.9386058,3.2178600275488063,-6.174105626119717,5.697488784790039
1747535019.9586208,3.1430111168637356,-6.23064452603563,5.355596542358398
1747535019.9793212,3.101980640801872,-6.246632928501075,5.18798828125
1747535019.9996636,3.0613552166836944,-6.264044586663656,5.354881286621094
1747535020.0206711,3.023324642032377,-6.286171995082234,7.384061813354492
1747535020.0409148,2.9875539297989233,-6.303894431043268,6.690025329589844
1747535020.0632498,2.9698703698810567,-6.309729643456925,6.497383117675781
1747535020.0798938,2.9551332925539646,-6.324165870638597,5.134820938110352
1747535020.1001937,2.9127853197408493,-6.333164628645017,7.657766342163086
1747535020.1180532,2.8797473410897756,-6.341536198405923,5.578041076660156
1747535020.1339495,2.8420176098407812,-6.3520213330876825,5.219459533691406
1747535020.1582274,2.803416513257608,-6.371029745353996,5.432844161987305
1747535020.1787012,2.7657351102552084,-6.384088410944178,8.076190948486328
1747535020.1951454,2.7363664760576754,-6.392984167532817,5.440235137939453
1747535020.2144456,2.6830889073856357,-6.406714701154263,5.354881286621094
1747535020.2384012,2.627885991905429,-6.419975026833459,5.614995956420898
1747535020.2613375,2.5784407391951953,-6.426949072200598,7.286787033081055
1747535020.2921314,2.5047139381903856,-6.432910437233906,8.939266204833984
1747535020.3313994,2.3836949487924977,-6.458009500277105,5.553007125854492
1747535020.3483894,2.3195108275028846,-6.459950392014158,5.394220352172852
1747535020.3649764,2.2526434970017006,-6.46090210307654,5.041837692260742
1747535020.3814275,2.1657613066902797,-6.465230828202132,5.908012390136719
1747535020.3982437,2.116687862175731,-6.467093286467059,6.072759628295898
1747535020.4145148,2.1082101307571506,-6.467409769837178,4.856586456298828
1747535020.4333098,2.0994183936826367,-6.467636040924492,4.901647567749023
1747535020.454757,2.081164176467928,-6.467870664841511,4.90117073059082
1747535020.4782548,2.0488982075140676,-6.4783135959054485,7.5626373291015625
1747535020.505121,2.005626583672271,-6.484060653015679,6.560325622558594
1747535020.5266454,1.9822282841769028,-6.487905309166154,5.157947540283203
1747535020.5438602,1.9198338141190425,-6.4889608355897765,5.348682403564453
1747535020.5625148,1.842190232161367,-6.489509002025541,5.00941276550293
1747535020.5819285,1.7889711394201313,-6.488145682935096,7.7342987060546875
1747535020.603563,1.7131170716998843,-6.4823739552311865,5.060672760009766
1747535020.6231124,1.6536984215981836,-6.481560225086732,6.249189376831055
1747535020.6422284,1.6080705626981757,-6.481317214632348,6.941795349121094
1747535020.6583004,1.5705036705236903,-6.482431525206937,5.429744720458984
1747535020.678335,1.525686034949319,-6.487265097659963,6.193876266479492
1747535020.7003233,1.4820623855105786,-6.49016513735383,10.46609878540039
1747535020.725561,1.4319495115249827,-6.493961415655244,5.256175994873047
1747535020.7436662,1.3637616320779726,-6.491889197608127,7.91478157043457
1747535020.7627807,1.2992799357296974,-6.482077309073242,7.811069488525391
1747535020.7811253,1.235146241307379,-6.473845803738348,6.62684440612793
1747535020.798105,1.192850234730365,-6.45695402547683,5.402088165283203
1747535020.8188224,1.1327210089829827,-6.446628013453424,5.1097869873046875
1747535020.8354893,1.0820728896250948,-6.44040116440473,4.922151565551758
1747535020.8530936,1.018878211244585,-6.435954459893804,4.909276962280273
1747535020.881273,0.9349694088924906,-6.422906244664657,7.485628128051758
1747535020.9171124,0.878748405745193,-6.417397398102262,14.775514602661133
1747535020.9523299,0.7446178810622301,-6.38536206769636,7.235527038574219
1747535020.979223,0.6695098375581379,-6.364176745007536,8.756637573242188
1747535020.9980702,0.6102240885610429,-6.335239902707559,5.22303581237793
1747535021.0185173,0.5608504093429375,-6.316448111385246,5.16510009765625
1747535021.0383918,0.5199382654062011,-6.30734726442357,5.227804183959961
1747535021.0663433,0.43251463125267414,-6.276845756746195,5.807399749755859
1747535021.0846894,0.37240054741440315,-6.2635267083468396,5.911350250244141
1747535021.1016788,0.3287683126491138,-6.256317869260862,6.567955017089844
1747535021.1229615,0.2811657190797375,-6.245700577839742,7.958173751831055
1747535021.1412818,0.19324028325584316,-6.206727020815088,6.804466247558594
1747535021.16515,0.12786212087737145,-6.180880806592534,6.088018417358398
1747535021.1846004,0.05947102519008481,-6.161068755569331,5.780458450317383
1747535021.203192,0.009840971253330166,-6.132089282610715,8.097171783447266
1747535021.2207792,-0.01828785067292842,-6.113984848453462,5.840063095092773
1747535021.2440293,-0.08165971392387238,-6.094577270476365,9.945869445800781
1747535021.2644715,-0.08091500520213352,-6.0573350951215525,7.125377655029297
1747535021.2817438,-0.09561339600769414,-6.01967694424468,6.745100021362305
1747535021.2992494,-0.11107797647639653,-5.996149673873613,5.79524040222168
1747535021.3207796,-0.15331989164945467,-5.958625664017888,7.509708404541016
1747535021.3419316,-0.1516533359034783,-5.919586323076704,7.901430130004883
1747535021.3653262,-0.16751981557378082,-5.899819616830144,6.240129470825195
1747535021.3873038,-0.20503853193781138,-5.856542321090873,8.235692977905273
1747535021.404968,-0.22933070203056907,-5.825227548168016,7.445335388183594
1747535021.4235113,-0.2597468380624599,-5.786512109336574,7.112741470336914
1747535021.4414282,-0.2974558757365566,-5.752850498667645,6.803274154663086
1747535021.462633,-0.3392390123947937,-5.69949890617001,8.23831558227539
1747535021.4838183,-0.36370625342202795,-5.66160622985026,9.429454803466797
1747535021.5030107,-0.3821707465297323,-5.641153587654334,8.439779281616211
1747535021.525727,-0.4053040091579014,-5.614833948810193,8.286237716674805
1747535021.5457132,-0.43885971072097396,-5.57701496032925,6.699562072753906
1747535021.5730093,-0.4906956878826816,-5.535555824924942,8.698701858520508
1747535021.5950854,-0.523717146022919,-5.507424573977597,7.820367813110352
1747535021.616142,-0.5710831316238779,-5.461464768940739,6.368875503540039
1747535021.635627,-0.6336141906976507,-5.37241239091356,5.944490432739258
1747535021.6549993,-0.6669888899549573,-5.324074111989975,6.214141845703125
1747535021.6941822,-0.7055376661050069,-5.249865858527398,10.532379150390625
1747535021.714405,-0.7753784513072579,-5.187996526908485,5.507707595825195
1747535021.739164,-0.807746298571327,-5.144838997217935,6.639719009399414
1747535021.758206,-0.8923368272081651,-5.08346694337116,5.850791931152344
1747535021.778905,-0.9464684182602296,-5.01882067403896,6.246089935302734
1747535021.80265,-0.973391576470292,-4.962081977070724,5.740165710449219
1747535021.8208268,-1.0470967019891855,-4.918279560446956,5.691289901733398
1747535021.836755,-1.0914969754260844,-4.864502878397624,5.126714706420898
1747535021.8665357,-1.1108688978984769,-4.813846419421226,16.589641571044922
1747535021.9888377,-1.3733034412001643,-4.467509694243518,19.724130630493164
1747535022.0253356,-1.4821001538855962,-4.336972902317437,5.944252014160156
1747535022.0437183,-1.508941024381119,-4.2754689345743415,4.811763763427734
1747535022.059266,-1.5258054156163527,-4.2142058849824835,4.893302917480469
1747535022.0768688,-1.5843996687617832,-4.162664400226854,5.14674186706543
1747535022.0928898,-1.609674982286096,-4.1073935476662955,5.268573760986328
1747535022.112816,-1.6248043761496782,-4.05530513317392,5.492687225341797
1747535022.1328056,-1.6350614723926356,-3.9947895016959407,4.836797714233398
1747535022.1598196,-1.6850186991770157,-3.917974460799193,5.782127380371094
1747535022.1742704,-1.703555970393758,-3.875242814141732,5.339384078979492
1747535022.194642,-1.7138415820300232,-3.8088946428083004,5.11622428894043
1747535022.2133,-1.7650026901820206,-3.741625342111187,5.223512649536133
1747535022.234071,-1.7868072585866555,-3.66559241898489,5.256414413452148
1747535022.2537024,-1.8003144145987149,-3.6080227218224428,5.114555358886719
1747535022.2825632,-1.8412890349324007,-3.543273026893802,7.786989212036133
1747535022.2974324,-1.8532504297197414,-3.511091744983745,5.507946014404297
1747535022.3168685,-1.8610894445955857,-3.4658826103763367,5.779504776000977
1747535022.336576,-1.866293245498982,-3.410730720898557,7.039546966552734
1747535022.353868,-1.8877076829428658,-3.3383274060614516,5.337238311767578
1747535022.3791246,-1.8994251755880929,-3.2670002271361755,6.503582000732422
1747535022.3964496,-1.9079901671065527,-3.196647160625743,5.485057830810547
1747535022.4132404,-1.8430327337422006,-3.1124290578628524,5.487203598022461
1747535022.4322457,-1.8409461067003745,-3.034250293350216,5.218982696533203
1747535022.4531264,-1.8446705683214188,-2.961872275359545,5.22303581237793
1747535022.480653,-1.8419103480042114,-2.8624498518343677,5.454063415527344
1747535022.501269,-1.8436977884445334,-2.7925909720740054,8.050680160522461
1747535022.530771,-1.8515753318862578,-2.7318618916357544,7.305383682250977
1747535022.5538251,-1.8259677412942754,-2.657854150975372,6.819248199462891
1747535022.5747242,-1.8128855515691082,-2.599814102191369,7.19451904296875
1747535022.6089616,-1.7827398024356516,-2.450992147191216,9.320735931396484
1747535022.674338,-1.7116095329679821,-2.2441719020300925,13.824462890625
1747535022.7144964,-1.6912442340489051,-2.094765545474743,11.96742057800293
1747535022.7335465,-1.6698320011178205,-2.0020191288805997,8.207559585571289
1747535022.754657,-1.6555772739432555,-1.8906075673762792,7.3795318603515625
1747535022.776514,-1.6308646603659285,-1.7756832863045755,5.253076553344727
1747535022.7972956,-1.6300810526609582,-1.72105133875742,5.388021469116211
1747535022.8224285,-1.6349156985978093,-1.6744495552830152,9.290695190429688
1747535022.8429797,-1.5931367645947596,-1.6173119843803718,5.817413330078125
1747535022.8602402,-1.5687797545405597,-1.5681114510576188,6.116151809692383
1747535022.8779757,-1.5466359931823375,-1.5176611022809996,6.02412223815918
1747535022.897112,-1.479711396412264,-1.4484128493392514,5.812168121337891
1747535022.9288719,-1.4304785751307163,-1.3618034180586336,6.767511367797852
1747535022.9475236,-1.4107748981125772,-1.3104720428725105,5.498409271240234
1747535022.9660044,-1.357586948738022,-1.241480426362556,5.51152229309082
1747535022.9846935,-1.3203210435712944,-1.1850508493114555,5.754232406616211
1747535023.0021694,-1.290851288385248,-1.134547742074494,7.740974426269531
1747535023.0255098,-1.264186524750457,-1.0915688489688544,5.558490753173828
1747535023.0454044,-1.2064888467303823,-1.030011109553153,5.577802658081055
1747535023.0641258,-1.1704131855734636,-0.9732675012852755,5.496978759765625
1747535023.080668,-1.150711753765976,-0.9417352715515251,5.881786346435547
1747535023.0982223,-1.0854976578812645,-0.8691990546413481,6.17218017578125
1747535023.1158535,-1.034553836996196,-0.8151739679742956,5.806207656860352
1747535023.1341958,-0.9935583424210109,-0.7723950859895689,6.084680557250977
1747535023.1589227,-0.9091912525824704,-0.7016004345964487,6.299495697021484
1747535023.1750958,-0.8633678606391749,-0.6617317182165005,6.585597991943359
1747535023.1941044,-0.8182909033816729,-0.6186857385802969,6.040334701538086
1747535023.2185616,-0.7836673814023788,-0.5850597335896782,8.074045181274414
1747535023.2402647,-0.7315176497992132,-0.5207060159685165,6.725072860717773
1747535023.2584574,-0.699352075269877,-0.480383855292371,6.369590759277344
1747535023.275947,-0.6537203232801309,-0.4363336381230763,6.009101867675781
1747535023.2991612,-0.5811649220814744,-0.37471350214792554,6.330251693725586
1747535023.320408,-0.5044664634991919,-0.3254995819471691,7.275104522705078
1747535023.338652,-0.46392363035788237,-0.2984303624527324,6.421804428100586
1747535023.358397,-0.41531529018337665,-0.2512571918379226,5.701303482055664
1747535023.378526,-0.3728765699445964,-0.21154264440521756,5.639076232910156
1747535023.395896,-0.34289166106449415,-0.1856069188680497,5.431175231933594
1747535023.4187052,-0.2983583056137119,-0.12912746925867677,5.612611770629883
1747535023.4338675,-0.245239827896645,-0.07771340050386807,5.333662033081055
1747535023.4540608,-0.1981420262491645,-0.03951798724857004,5.340576171875
1747535023.477946,-0.13403579832401333,-0.0032267949158776687,5.806684494018555
1747535023.5018835,-0.11849658482606737,0.01879129006922477,8.183717727661133
1747535023.5252867,-0.11860133266535887,0.02952807284229561,7.219552993774414
1747535023.5442653,-0.1049861288731115,0.03891564031641419,5.196571350097656
1747535023.560319,-0.09154476789758319,0.06392472695699535,5.448818206787109
1747535023.574987,-0.05679406952621339,0.08798261599737309,5.097627639770508
1747535023.598353,0.003952985855812978,0.11058223200949399,5.275487899780273
1747535023.62123,0.06385490413023963,0.1349335588987166,6.26826286315918
1747535023.638512,0.12194200466368403,0.15310723341011417,5.849123001098633
1747535023.6557894,0.17961117457845033,0.17134138738902693,5.105018615722656
1747535023.6742601,0.22076456862125193,0.17932475579244475,5.072832107543945
1747535023.6947677,0.2800674402344108,0.19319751352495013,6.392240524291992
1747535023.7126625,0.3309587233328946,0.2006454755305318,5.183935165405273
1747535023.7328656,0.3754547566211818,0.207572066027516,5.03230094909668
1747535023.753779,0.4480491043620042,0.21731539346304288,5.314826965332031
1747535023.7780623,0.521486162606238,0.22514296704982298,5.7315826416015625
1747535023.7943628,0.5586026772617849,0.23189280118070765,4.895210266113281
1747535023.8141508,0.6541201802630103,0.25118946491324956,5.029439926147461
1747535023.8334503,0.7452155511540555,0.27927427052368614,5.249261856079102
1747535023.8578568,0.8291628632056691,0.2925137300130935,5.36799430847168
1747535023.8811655,0.8929982265130683,0.2927233814902866,7.30133056640625
1747535023.9052916,0.978444127419557,0.3002449729018126,7.758378982543945
1747535023.9253614,1.037152261242778,0.3100782636559842,5.702018737792969
1747535023.9517238,1.1250389413590134,0.309143079227007,10.900259017944336
1747535023.9755843,1.2040241967644223,0.321539199058104,6.950616836547852
1747535023.9996011,1.325378871738222,0.3319237389380214,6.599903106689453
1747535024.0178237,1.3842637163852076,0.3203513813592521,6.39653205871582
1747535024.0412846,1.4610181778291573,0.3038658446358801,7.027149200439453
1747535024.0588768,1.5205776741168264,0.28755281725214815,6.272077560424805
1747535024.0823784,1.590114264072018,0.2763107182886418,8.56781005859375
1747535024.0999308,1.6308435414915698,0.2748761390483303,6.08515739440918
1747535024.1176987,1.705235777448554,0.2523268306936671,5.84864616394043
1747535024.1343153,1.7755038921927382,0.23493153105425976,6.281614303588867
1747535024.1584058,1.8453915852061913,0.2185241287059539,5.719423294067383
1747535024.1822457,1.9064857390185332,0.18231950409788486,5.355596542358398
1747535024.2005212,1.9512141686040843,0.15503276151396114,6.645917892456055
1747535024.2172363,1.9912752695344742,0.12897577776624003,5.968809127807617
1747535024.2390132,2.0637623639159806,0.07488942657655934,5.344629287719727
1747535024.258626,2.1091140681590588,0.04090045305235663,5.513668060302734
1747535024.278324,2.1353807805090663,0.01840591012386012,5.691289901733398
1747535024.298497,2.1517466830062033,0.005276268375869045,5.335092544555664
1747535024.3146415,2.185936265262393,-0.03510686355306863,5.109071731567383
1747535024.3377762,2.210207465077812,-0.0776376329856277,5.500555038452148
1747535024.3583124,2.2178133510252445,-0.1027648494442825,5.60760498046875
1747535024.392808,2.252160948086914,-0.14377674002759205,9.636163711547852
1747535024.5217397,2.4265581965188234,-0.38183819120494045,6.896734237670898
1747535024.537757,2.435374347788237,-0.39671779996789003,5.6781768798828125
1747535024.5585632,2.459469583625569,-0.4208456141925373,6.07752799987793
1747535024.5785518,2.4671138296497896,-0.46249203359737556,5.704164505004883
1747535024.5954952,2.478595995200588,-0.4947830609036459,5.283117294311523
1747535024.6150165,2.492652723293899,-0.5208225706803649,5.773305892944336
1747535024.6342096,2.552932727221996,-0.5703060593053102,5.466938018798828
1747535024.658667,2.683351687893816,-0.6214337380334608,5.803585052490234
1747535024.6802568,2.7527173231976407,-0.6636115250981386,6.949901580810547
1747535024.7008305,2.7754484534956307,-0.7081032883052221,7.857322692871094
1747535024.7198722,2.8012127258103927,-0.7521047591179273,6.55055046081543
1747535024.739277,2.8253967905455117,-0.7936417214073951,6.015300750732422
1747535024.7596328,2.852116298220712,-0.8368059287948021,5.6362152099609375
1747535024.785251,2.86905001790793,-0.9045609701231628,10.753393173217773
1747535024.8050406,2.8715060125205616,-0.9560793703762263,6.137847900390625
1747535024.826134,2.8058410662099096,-0.9958766729112758,6.644248962402344
1747535024.8454125,2.812570610750939,-1.0334683230374315,5.480766296386719
1747535024.8633034,2.8319194167855857,-1.0855171637554883,5.645513534545898
1747535024.8791287,2.837080534816495,-1.1203659063799083,5.470991134643555
1747535024.8971176,2.8337741436123958,-1.1674030895623153,5.994558334350586
1747535024.9173431,2.834163345849986,-1.2190018908321885,5.19871711730957
1747535024.9345615,2.826513658029721,-1.254087867527748,5.04612922668457
1747535024.9585648,2.858092614786389,-1.31946109341618,5.1441192626953125
1747535024.977806,2.8700715241139587,-1.374775266380221,5.416154861450195
1747535024.9994576,2.881443572026183,-1.426801484555653,5.675077438354492
1747535025.0179403,2.8950372414710848,-1.4680795643077726,5.362272262573242
1747535025.036979,2.9218497058902164,-1.524508374738485,6.449460983276367
1747535025.0610757,2.9316464576674925,-1.5878676869369472,7.010698318481445
1747535025.087902,2.9356737041858465,-1.6315971522098647,6.646394729614258
1747535025.1081607,2.928111402908331,-1.6714875551351307,6.721735000610352
1747535025.1253355,2.92725590317235,-1.7074275240620314,4.643917083740234
1747535025.1470973,2.9257616243550824,-1.7319613483346417,6.789445877075195
1747535025.1787813,2.9311817396585305,-1.788387431555628,7.519006729125977
1747535025.1988664,2.9342832016089275,-1.8712045633137226,4.968166351318359
1747535025.2223709,2.9254198338695687,-1.9361287615821923,6.083488464355469
1747535025.242671,2.9129204327644205,-1.9719359789596942,5.268335342407227
1747535025.2647676,2.9076477827081213,-2.0046596592016304,7.700681686401367
1747535025.2842314,2.9062056577106206,-2.0400731981775357,4.971504211425781
1747535025.3037462,2.9059690881826232,-2.0814472743392827,5.183219909667969
1747535025.3217351,2.9005492448371974,-2.124073107934924,4.975318908691406
1747535025.3437917,2.893912166632477,-2.1635839832397585,7.858753204345703
1747535025.363659,2.8772331435527403,-2.2271436685948904,5.025148391723633
1747535025.3867462,2.8602782415699974,-2.2754566483998975,5.386114120483398
1747535025.409982,2.8487384626560113,-2.303525445128072,7.030010223388672
1747535025.4298096,2.8120763363070096,-2.35205073614372,6.06536865234375
1747535025.4450152,2.7796126875338194,-2.4000189081806664,5.535602569580078
1747535025.4668477,2.7627005618225438,-2.4482748991047085,6.667137145996094
1747535025.4839761,2.740404540392315,-2.5166439989136435,4.849910736083984
1747535025.5006957,2.7087004516210995,-2.5985961698640465,6.135225296020508
1747535025.5222323,2.6806632447281182,-2.639782999191659,7.126331329345703
1747535025.5387332,2.6633018251844813,-2.699964808896579,5.068540573120117
1747535025.5592196,2.664388523313426,-2.7696191957394665,6.635904312133789
1747535025.5946488,2.667855206481139,-2.8249864629000823,19.557952880859375
1747535025.6177983,2.7035049418205968,-2.944194628276987,6.6967010498046875
1747535025.6429012,2.7292465582070284,-3.012661886555253,5.466699600219727
1747535025.6626127,2.7450740558076068,-3.0795960597511867,7.302761077880859
1747535025.6880822,2.7598679874665657,-3.120712905331758,9.247541427612305
1747535025.7215707,2.78564185792125,-3.2201357811520848,6.626367568969727
1747535025.7405005,2.804704056366591,-3.2757481412479383,6.640434265136719
1747535025.7747717,2.8196961409043864,-3.3003888846092306,11.619091033935547
1747535025.811956,2.8548366008955175,-3.428988011536334,8.33582878112793
1747535025.836753,2.8710668687824996,-3.4696541595945285,8.615732192993164
1747535025.868241,2.9094116392969926,-3.5824729314871417,6.847381591796875
1747535025.9016542,2.942541692332317,-3.6461821149282745,9.212970733642578
1747535025.9316974,3.0116723927522897,-3.7688073946383644,6.614923477172852
1747535025.9521172,3.0416773184014474,-3.8081982740464415,4.965305328369141
1747535025.9698691,3.0687338834305082,-3.8469323732794627,4.894733428955078
1747535025.9872887,3.0888786224036986,-3.912713946158072,5.058765411376953
1747535026.0059907,3.1182321939962465,-3.9667085887196785,6.085634231567383
1747535026.0263417,3.1476771347177133,-4.01016891259504,5.315542221069336
1747535026.064023,3.2310102177567277,-4.1135046923992205,9.012460708618164
1747535026.0871737,3.269712498076046,-4.168349622341802,8.248567581176758
1747535026.1141727,3.316767286105017,-4.229782592145242,7.140398025512695
1747535026.1357148,3.363261813670222,-4.299792654509691,7.293939590454102
1747535026.1560853,3.385299109919879,-4.343031275712993,6.137371063232422
1747535026.175669,3.4221294876515427,-4.408938829125919,5.6819915771484375
1747535026.1929028,3.449758537539767,-4.455176194876112,6.936073303222656
1747535026.21142,3.4776315329215923,-4.492584087570814,4.893302917480469
1747535026.2318113,3.503402439157848,-4.523465863603341,6.845712661743164
1747535026.2862253,3.5490491475018975,-4.653694896833807,6.766796112060547
1747535026.305084,3.5698335097729172,-4.721246317309643,8.014440536499023
1747535026.3206825,3.6015928393657397,-4.786085061773704,5.234956741333008
1747535026.3391094,3.6238337811533845,-4.833826475821799,5.049467086791992
1747535026.3553019,3.6394723979555215,-4.879939947004547,6.643056869506836
1747535026.3746917,3.6521766095759625,-4.92830154456395,4.963874816894531
1747535026.3988671,3.6672171789636403,-4.99851085312721,6.127595901489258
1747535026.423281,3.665710761864468,-5.04543189655895,10.239124298095703
1747535026.4463983,3.653137592273989,-5.102121816671156,11.907339096069336
1747535026.4805038,3.645370648712233,-5.159113436799572,9.337425231933594
1747535026.5127232,3.6686840292657275,-5.262203178023863,7.553815841674805
1747535026.5385818,3.6716533961937614,-5.308744187981248,7.357120513916016
1747535026.561302,3.6483328758205453,-5.388246708302663,8.418798446655273
1747535026.6049569,3.6349660859937156,-5.4694568148481135,10.90383529663086
1747535026.6359992,3.6375300034265656,-5.521760880535899,9.537935256958008
1747535026.6731648,3.623571605492969,-5.604466162122233,7.751226425170898
1747535026.7150583,3.6139271132289337,-5.678422217697129,8.955001831054688
1747535026.7391808,3.601103700882985,-5.727644585212296,7.448434829711914
1747535026.7614586,3.550875164698016,-5.800661028085812,7.577180862426758
1747535026.7785623,3.5186271086933036,-5.829746958547439,5.258798599243164
1747535026.7927938,3.493994869452556,-5.84600126963977,4.963874816894531
1747535026.8185575,3.457881384992692,-5.87284428211084,5.8765411376953125
1747535026.8411884,3.4328845749119385,-5.889401146499932,7.617950439453125
1747535026.8727076,3.4131577229818624,-5.91556122730965,6.088018417358398
1747535026.894239,3.3920018044084737,-5.937696166533134,5.69915771484375
1747535026.9276423,3.3502676295297644,-5.986953544098282,5.078554153442383
1747535026.9540958,3.3031722801992154,-6.0237645719521025,5.988121032714844
1747535026.979022,3.274844576424143,-6.032798160758046,8.369922637939453
1747535027.002858,3.2413419384153803,-6.076429821818653,8.105039596557617
1747535027.033021,3.224596916256628,-6.086497061277095,9.05919075012207
1747535027.0594444,3.1641635381055844,-6.1174693093076105,10.043621063232422
1747535027.0974736,3.097176546826169,-6.146794281103224,9.628057479858398
1747535027.1170115,3.0549950616934054,-6.162262447124478,7.831573486328125
1747535027.1469727,2.962858743550587,-6.199823173380575,8.729219436645508
1747535027.1973066,2.8845806042568283,-6.22816111268973,14.61172103881836
1747535027.234817,2.761693271494885,-6.283136907326217,5.471467971801758
1747535027.266591,2.708256559213325,-6.294313440358247,7.215023040771484
1747535027.2877123,2.667913371559396,-6.300594593996572,7.222890853881836
1747535027.3214083,2.580866275147121,-6.330161515133896,5.4111480712890625
1747535027.3402255,2.5217589361556536,-6.340034751158642,6.098031997680664
1747535027.3605516,2.4735054721087115,-6.347565431738018,7.226228713989258
1747535027.3827255,2.4113469787807307,-6.355347088884265,9.466171264648438
1747535027.4074576,2.3791973881488957,-6.3671166905125265,11.612415313720703
1747535027.4277906,2.350597894588213,-6.3770428145007445,4.934549331665039
1747535027.446702,2.311213612494424,-6.391781443496611,8.531570434570312
1747535027.471126,2.237878596194414,-6.39841134315954,8.142709732055664
1747535027.5089066,2.158757269117453,-6.414263152947905,6.883382797241211
1747535027.5264492,2.1153292481736674,-6.42781594926062,5.349636077880859
1747535027.5502524,2.075462110338864,-6.438270137900294,8.696556091308594
1747535027.593126,1.9758286168911148,-6.456049408323214,9.356260299682617
1747535027.6341665,1.893629320376599,-6.46808392400235,12.691974639892578
1747535027.6885056,1.7314377525483664,-6.479320804513062,8.298635482788086
1747535027.7114637,1.6664231116221262,-6.480315266538672,6.058931350708008
1747535027.7459095,1.5496240438924243,-6.4802839454379715,8.078813552856445
1747535027.7659802,1.4980195886072503,-6.480430963805905,5.031824111938477
1747535027.7851906,1.439164992026301,-6.490084728721311,4.973411560058594
1747535027.7993715,1.3868214840683062,-6.49680835614908,4.694461822509766
1747535027.8175476,1.3487748578807999,-6.500438391035978,5.393505096435547
1747535027.8459895,1.2763475123426684,-6.498703102134984,5.106925964355469
1747535027.862627,1.203915126888045,-6.497331977148017,5.320310592651367
1747535027.8778207,1.14634199652187,-6.496352190480959,4.91023063659668
1747535027.8975341,1.0957171269517854,-6.494014554133745,5.170345306396484
1747535027.92416,1.0055346381491574,-6.478998528968359,5.995273590087891
1747535027.9521513,0.9664908110210163,-6.468496664068836,8.219242095947266
1747535027.9772909,0.9396761437894865,-6.461568841247182,7.029294967651367
1747535028.003773,0.8079405218407429,-6.440126606743951,7.664680480957031
1747535028.0270813,0.7560817871969112,-6.434138880233916,6.580591201782227
1747535028.0499358,0.685394720212798,-6.408232383815647,7.507562637329102
1747535028.0719662,0.6269374756233359,-6.39210057898958,4.923820495605469
1747535028.094587,0.5697198613811271,-6.381703626172258,8.446455001831055
1747535028.1164253,0.46863904680437996,-6.354409054141631,7.746458053588867
1747535028.143471,0.35848201056131407,-6.325569818895227,7.30586051940918
1747535028.1689565,0.2858726072949524,-6.298126066110564,6.758928298950195
1747535028.1996732,0.20067765416820796,-6.271390572627418,8.387565612792969
1747535028.2207644,0.10260215984682297,-6.239454577061196,7.419347763061523
1747535028.2393336,0.055150413422539867,-6.204219371753607,5.384206771850586
1747535028.2595475,0.03039633422757941,-6.180641788965843,6.031513214111328
1747535028.28484,-0.0012802679017507575,-6.163455890550569,10.864734649658203
1747535028.314905,0.008826444284326726,-6.126192001527229,7.304191589355469
1747535028.3345356,-0.07742741087763624,-6.06259594994428,7.181406021118164
1747535028.3579931,-0.16397856879950104,-6.024258471879034,5.7582855224609375
1747535028.3828404,-0.23355628657243802,-5.989322456993653,7.699012756347656
1747535028.4050236,-0.2305242272415824,-5.948185732354836,7.939815521240234
1747535028.4474757,-0.31070345988806586,-5.87276239337879,8.670568466186523
1747535028.4837143,-0.36315776295843183,-5.768188306457956,9.134292602539062
1747535028.5150537,-0.3867523762132996,-5.7268364946501435,7.230281829833984
1747535028.5410159,-0.46350933413343665,-5.635138720495787,7.832050323486328
1747535028.563868,-0.49836012209307573,-5.600845706800746,9.225845336914062
1747535028.5934513,-0.5442960437348968,-5.553020759949988,7.959127426147461
1747535028.623288,-0.5040889984497984,-5.520397499103902,8.356809616088867
1747535028.6421185,-0.5514856878965753,-5.425345734127955,6.872892379760742
1747535028.663526,-0.6007905844396764,-5.372204673284558,8.191108703613281
1747535028.6834905,-0.6256545953711298,-5.338014133133783,7.272958755493164
1747535028.7083666,-0.649028367942793,-5.302262433165937,5.504846572875977
1747535028.7335348,-0.6983939898540007,-5.262218521571679,8.568525314331055
1747535028.7627609,-0.7291730837771333,-5.2266959806059266,8.867025375366211
1747535028.7873533,-0.7653732446042121,-5.147434862877944,10.087251663208008
1747535028.8123298,-0.8397526024715597,-5.086452897103694,5.243778228759766
1747535028.8341339,-0.8794464569159192,-5.041340538950725,7.031440734863281
1747535028.8549736,-0.8985084121220157,-5.011235433145583,7.625341415405273
1747535028.8917272,-1.005100628720822,-4.9000181655663155,8.267641067504883
1747535028.922626,-1.0370197512099488,-4.861896309296571,11.75546646118164
1747535028.9429965,-1.142912182608189,-4.774555589848268,6.007909774780273
1747535028.966807,-1.1735448520767582,-4.731755802824864,6.263971328735352
1747535028.9878232,-1.1880343203612906,-4.702460578297885,7.167339324951172
1747535029.0199928,-1.289599160114879,-4.602519032767147,8.787393569946289
1747535029.0415406,-1.3214645843819135,-4.542598979862272,8.266925811767578
1747535029.0691087,-1.4014411897770191,-4.492740189090967,7.021665573120117
1747535029.0886385,-1.4350480615772498,-4.430034671008208,5.444526672363281
1747535029.1233697,-1.4529536076307463,-4.374404722837948,10.009288787841797
1747535029.1627479,-1.5646984049668375,-4.20398576139878,7.570743560791016
1747535029.1952121,-1.640059088860777,-4.141459543867123,11.78598403930664
1747535029.235243,-1.6782929545327854,-4.004128036465011,12.717723846435547
1747535029.2732468,-1.75612468740535,-3.872443662835211,6.226301193237305
1747535029.2915816,-1.7709773289521022,-3.7985600012278615,5.129814147949219
1747535029.3071687,-1.7809286149572725,-3.7299596424262527,5.266427993774414
1747535029.331078,-1.8056323906130984,-3.6632547574917242,8.32819938659668
1747535029.3516324,-1.8199323947573216,-3.601499589045466,8.951663970947266
1747535029.3718421,-1.8247844823286827,-3.5508396610303623,8.1634521484375
1747535029.4078217,-1.8522128601920156,-3.40912387430343,11.179447174072266
1747535029.4345682,-1.844869558165808,-3.3489707754050055,5.308389663696289
1747535029.5970004,-1.8454212197156106,-2.763638707219294,10.504961013793945
1747535029.6232538,-1.8453613068157368,-2.633326866016462,9.753704071044922
1747535029.6609292,-1.8532420914081245,-2.5602117284496675,8.39376449584961
1747535029.6909025,-1.8323311410608096,-2.4339651884693208,7.882595062255859
1747535029.7220562,-1.8279879338324443,-2.3711248594001453,9.573698043823242
1747535029.743056,-1.782334284388457,-2.230973559587141,6.888866424560547
1747535029.7864087,-1.7712569814728858,-2.146893043835644,20.503759384155273
1747535029.805392,-1.7574159078060878,-2.0176194335063697,5.301475524902344
1747535029.8210416,-1.7141260600592851,-1.9479340499692515,5.573511123657227
1747535029.837769,-1.69473479361551,-1.8847335189240262,5.204200744628906
1747535029.8606324,-1.6874092449007394,-1.832502154435907,7.796049118041992
1747535029.878701,-1.6445636592976,-1.76268795660997,5.773067474365234
1747535029.9018166,-1.6142854427908317,-1.697672563745424,7.242441177368164
1747535029.9229903,-1.5961452045619637,-1.6523112307564023,7.915496826171875
1747535029.9423716,-1.5449829396779866,-1.571990079971935,7.569074630737305
1747535029.958375,-1.5229503006025247,-1.5123015365267383,5.347728729248047
1747535029.9772644,-1.5068249429216949,-1.426173816601783,5.057573318481445
1747535030.013578,-1.456462084765126,-1.3542927487897736,7.057428359985352
1747535030.0540483,-1.4008477308637588,-1.2346142351358276,10.283470153808594
1747535030.0793953,-1.3188065067159636,-1.1768656333373622,7.173061370849609
1747535030.0961714,-1.2732783786863897,-1.1134804158773204,6.463050842285156
1747535030.111876,-1.241741819189187,-1.0559642929302182,5.3119659423828125
1747535030.1316595,-1.2196138488972823,-1.0081251757040641,5.396366119384766
1747535030.1528118,-1.1536734824790986,-0.9360206341946001,6.480216979980469
1747535030.1789863,-1.1106946451397002,-0.882086948836678,9.933948516845703
1747535030.2047694,-1.0774393785304055,-0.8346962928985618,10.638713836669922
1747535030.22818,-0.9732631779204334,-0.7251207436986042,8.481502532958984
1747535030.2501993,-0.9339845235538187,-0.6789168628055438,7.427453994750977
1747535030.2724862,-0.8730518744532024,-0.62168654139068,6.282329559326172
1747535030.2947614,-0.8218214009265082,-0.5731593333909328,6.752252578735352
1747535030.3116355,-0.7819609794636668,-0.5348791749005347,6.323814392089844
1747535030.3280668,-0.749292129452221,-0.5049815887938498,6.512165069580078
1747535030.3512795,-0.6904945799101959,-0.4567803037176044,7.943153381347656
1747535030.36819,-0.6305654261545112,-0.40904022259560213,5.511045455932617
1747535030.386546,-0.5684264490870327,-0.36171244545503917,5.562067031860352
1747535030.404332,-0.49361033347544947,-0.305082854178466,6.337165832519531
1747535030.4226785,-0.43129292738320485,-0.2597189210348515,6.842374801635742
1747535030.4413753,-0.3898164974009991,-0.23035404654677608,7.91621208190918
1747535030.4588625,-0.3561990659118777,-0.2099430874676125,6.161928176879883
1747535030.478956,-0.320198037773632,-0.15981557837495305,6.191730499267578
1747535030.5001457,-0.2639298621835818,-0.1260686622496969,7.186174392700195
1747535030.5204897,-0.21268447457173575,-0.10238164679943441,7.008790969848633
1747535030.5519388,-0.13205350518014164,-0.05482333112176548,5.429267883300781
1747535030.5715046,-0.06484480018202836,-0.017073037290764148,5.394220352172852
1747535030.590298,-0.01660890238456269,0.009305310279263268,5.80596923828125
1747535030.6054556,0.0452780839662313,0.04066866020988318,5.10716438293457
1747535030.6224468,0.09427008018317279,0.06048852488059452,6.030559539794922
1747535030.6432545,0.13092050307736,0.07196053518069045,6.505727767944336
1747535030.7000468,0.2806863497838156,0.13962102818070637,9.408712387084961
1747535030.7429118,0.3209464675631461,0.17365945600640847,12.250661849975586
1747535030.7836542,0.522226318047531,0.24112778482778083,9.831428527832031
1747535030.8011134,0.5466177221880992,0.2626797753573491,5.468606948852539
1747535030.822627,0.5810383086314628,0.2830725990448215,5.298137664794922
1747535030.8397222,0.6206338526071985,0.3073500992871249,6.35528564453125
1747535030.8566298,0.6927555255637128,0.3200794024620609,5.45954704284668
1747535030.8722994,0.7812950516315359,0.3326920966569526,4.923343658447266
1747535030.9035234,0.8651041084361162,0.3452909646516577,8.00180435180664
1747535030.9270012,0.9068880083830202,0.352438183057682,7.407665252685547
1747535030.9430273,0.9589418205247339,0.36339129625731215,4.990577697753906
1747535030.9596744,0.9880468308737042,0.37261365592823603,5.947113037109375
1747535030.9738562,1.0175211019599113,0.3754929429948974,4.889965057373047
1747535030.9928474,1.0478751658732588,0.3776846513955043,4.960060119628906
1747535031.0185733,1.1160293432222221,0.3764859971432052,5.84721565246582
1747535031.0396962,1.1771873845173018,0.37230470732633075,6.233930587768555
1747535031.0607557,1.2367135019679667,0.36601513187874024,8.014678955078125
1747535031.0837238,1.3437017034566812,0.3443838817493981,5.200624465942383
1747535031.1022089,1.4277543103711239,0.326980417364116,5.4454803466796875
1747535031.116981,1.4650564556270518,0.32019553318800964,5.000829696655273
1747535031.1350362,1.4984110950152196,0.31168922121407605,4.732847213745117
1747535031.1539147,1.5659374733676354,0.29372670788056227,5.465507507324219
1747535031.1728296,1.6234810106711357,0.2764202598126712,5.2433013916015625
1747535031.1966097,1.6758173292232872,0.260492748410547,5.164146423339844
1747535031.216888,1.7188613810441844,0.22888307648119505,5.323171615600586
1747535031.2383065,1.776962889688608,0.19623680153960602,5.507946014404297
1747535031.2605278,1.818324955038087,0.18073062029288908,7.039546966552734
1747535031.279429,1.927330018066399,0.14608753441579284,5.689859390258789
1747535031.3020203,2.02271845723608,0.11352353537081801,7.244586944580078
1747535031.3180087,2.080037585785841,0.09431189417120886,5.299568176269531
1747535031.3373687,2.139503713044685,0.07367371575850744,7.504940032958984
1747535031.3557963,2.1749488815159315,0.036948586790829414,5.200386047363281
1747535031.3735764,2.1998789387803157,0.007571353230267734,5.4473876953125
1747535031.4008832,2.220968278574831,-0.021648220142919908,6.457328796386719
1747535031.4361188,2.2371027601593694,-0.06468395830907675,7.030010223388672
1747535031.4666033,2.272629599141059,-0.12722381022351173,6.950855255126953
1747535031.491513,2.2896031758843,-0.16301532769073573,6.136655807495117
1747535031.5097876,2.3160752272100695,-0.21019728766033866,5.855560302734375
1747535031.53574,2.3492379800200274,-0.25914073014762434,5.31005859375
1747535031.5595207,2.416019724217328,-0.29274092782341365,7.235288619995117
1747535031.5786412,2.4707615453204403,-0.30582711889695624,6.41179084777832
1747535031.5999713,2.502620502485989,-0.3146184120176062,7.456064224243164
1747535031.6227117,2.5487217112213685,-0.3772299734748914,7.735729217529297
1747535031.639772,2.5726462195383593,-0.41185586668635366,7.028818130493164
1747535031.6591575,2.6085896025134474,-0.4560876342144718,5.776166915893555
1747535031.6862507,2.6318327099016185,-0.49577132566106547,9.372234344482422
1747535031.7108877,2.672060249295284,-0.5249758614323883,6.232261657714844
1747535031.735581,2.7448186063761804,-0.577960893783769,7.843494415283203
1747535031.7571466,2.812180341081898,-0.6532658465240427,6.5059661865234375
1747535031.7887201,2.8561972983106676,-0.712327308563094,8.335351943969727
1747535031.8117306,2.847898613448965,-0.7576170196025582,6.293296813964844
1747535031.8370159,2.827241984363818,-0.7974782061324297,7.663249969482422
1747535031.857376,2.8100148055042586,-0.8583336984474215,5.740165710449219
1747535031.902573,2.8775636536449762,-1.0142226305502595,9.580612182617188
1747535031.9384696,2.888995676408039,-1.0602368385094532,6.08515739440918
1747535031.967199,2.8345263301575927,-1.0431355771477229,7.919549942016602
1747535031.9935007,2.8346893155908766,-1.113690206574139,5.313873291015625
1747535032.0206175,2.8611598092788433,-1.1769310746077168,7.310152053833008
1747535032.0475254,2.877578900953574,-1.2431688440327309,7.889509201049805
1747535032.0735214,2.8984316134653785,-1.3283675648748705,4.965066909790039
1747535032.09642,2.888864117236046,-1.3767693232295515,7.432460784912109
1747535032.124002,2.8811886362136923,-1.4215147298255275,6.331205368041992
1747535032.1597474,2.8803303045236426,-1.468910102425919,9.335756301879883
1747535032.1828353,2.9093517579270793,-1.5589368359883375,10.349750518798828
1747535032.2106667,2.920743170146923,-1.6003129747543614,7.072687149047852
1747535032.2385273,2.913499034387544,-1.652307763849447,9.710073471069336
1747535032.2737339,2.907483386263032,-1.7755827455202737,10.241031646728516
1747535032.303113,2.8960857492357444,-1.8698515773945985,4.541635513305664
1747535032.3188202,2.88905262620455,-1.8919825467920741,4.712820053100586
1747535032.3382628,2.8891377749658123,-1.9357224119396876,5.904197692871094
1747535032.3586094,2.891176566213433,-1.965159578854795,5.859136581420898
1747535032.380568,2.8765932852244154,-2.0111393373788657,7.03883171081543
1747535032.404744,2.8709765391101842,-2.046855908000014,4.975080490112305
1747535032.4248116,2.8589116723292474,-2.0801565149055223,4.878759384155273
1747535032.4495623,2.848357591280062,-2.134766902297175,6.460666656494141
1747535032.470224,2.8355070586502524,-2.1821576888605665,7.8277587890625
1747535032.491464,2.8023802402905664,-2.2513157276245788,6.784200668334961
1747535032.5085547,2.7880780883174414,-2.312841126286063,5.196571350097656
1747535032.5403895,2.778839907727173,-2.369080607992271,8.672952651977539
1747535032.5662615,2.755339342217226,-2.4651914226481373,7.40361213684082
1747535032.5866103,2.745039372807062,-2.5154614222594804,6.850481033325195
1747535032.618421,2.731495639334803,-2.567935957658366,9.987115859985352
1747535032.636228,2.7005733021134133,-2.620737219485747,5.886554718017578
1747535032.6538186,2.66947321517645,-2.718165755924305,5.190849304199219
1747535032.6804793,2.6299212210805067,-2.7763973556048676,7.731914520263672
1747535032.701774,2.601919238342936,-2.834252012561589,7.466554641723633
1747535032.723647,2.5915102806569275,-2.8732671291882976,6.676435470581055
1747535032.750014,2.5945746410365595,-2.928022674380821,10.05411148071289
1747535032.775442,2.6237775186259675,-2.9979512379335356,8.495330810546875
1747535032.7948737,2.6435761939516915,-3.0733898582494197,6.689548492431641
1747535032.8123572,2.6559443794021944,-3.1139001768258407,6.2847137451171875
1747535032.8272748,2.6872603531647536,-3.186227529273479,5.218267440795898
1747535032.8424683,2.7067811272900313,-3.247282986514559,5.850791931152344
1747535032.8590286,2.7222593510776445,-3.2962477764607816,5.38945198059082
1747535032.878586,2.7293074003626927,-3.32247926707266,5.420446395874023
1747535032.8981037,2.764380902936225,-3.408762457208918,5.19108772277832
1747535032.9235759,2.787132611245362,-3.4585600235578093,9.16600227355957
1747535032.9409008,2.798283828798758,-3.4873053599933717,6.833076477050781
1747535032.9595797,2.837748505402077,-3.5604387934215493,7.061004638671875
1747535032.9779658,2.9042234592902694,-3.643891061474768,5.062341690063477
1747535032.9999173,2.946227032660262,-3.697434121206076,7.305383682250977
1747535033.0210578,2.965941820726756,-3.7712279704122262,6.087303161621094
1747535033.0400374,2.9837584068853666,-3.8171434049380344,6.916046142578125
1747535033.0573883,3.0100349169674767,-3.8647328168073445,7.395744323730469
1747535033.074735,3.0266620034302245,-3.900848384117118,4.899740219116211
1747535033.1015103,3.0674771328250117,-3.9681247821069494,6.452322006225586
1747535033.1187553,3.0880004975831916,-4.001167327556275,5.186796188354492
1747535033.1367147,3.112926232666646,-4.037876507395002,5.586385726928711
1747535033.1543078,3.1743968883009837,-4.1168687389714504,5.229711532592773
1747535033.182774,3.2230031754128006,-4.1748935814622925,9.045839309692383
1747535033.2135677,3.24547812856654,-4.200549711271979,5.989551544189453
1747535033.2340302,3.3009311406229758,-4.271648168330016,7.343292236328125
1747535033.262653,3.342509789097743,-4.3302858878599135,9.942054748535156
1747535033.2865791,3.4164811982748597,-4.43097338511892,7.177829742431641
1747535033.3049772,3.4588215665963435,-4.478115961354493,4.73785400390625
1747535033.3214617,3.496066357437623,-4.5129361402892885,5.423069000244141
1747535033.358507,3.5380393999168436,-4.560485224600413,23.86760711669922
1747535033.3913293,3.554140912381424,-4.6455775059638995,19.04749870300293
1747535033.4211314,3.5766145520439623,-4.7123614116909796,8.666276931762695
1747535033.4402497,3.605048619383565,-4.816613327891864,5.719423294067383
1747535033.4557602,3.6123616109429055,-4.869327022822364,4.904985427856445
1747535033.4794033,3.622338281392137,-4.92216111945191,7.883310317993164
1747535033.4962795,3.6362109157236624,-4.986589102139032,6.796360015869141
1747535033.5145395,3.644014036831844,-5.041974249121423,5.177021026611328
1747535033.5387547,3.639883274976017,-5.0912244921857726,5.414485931396484
1747535033.556978,3.6375773126525974,-5.135184745384243,6.3323974609375
1747535033.5750713,3.6322950583812363,-5.185776068332124,5.778789520263672
1747535033.594455,3.620176357975899,-5.230363016871916,5.696296691894531
1747535033.6149874,3.6413192761118665,-5.282919537757996,5.783319473266602
1747535033.6344886,3.6443908131293807,-5.322826281693178,5.701303482055664
1747535033.6542468,3.6414475059884284,-5.3622307771804145,5.722999572753906
1747535033.6744003,3.6419173194849646,-5.407330831167093,5.879402160644531
1747535033.7012932,3.6249631305766785,-5.463810613966086,8.476495742797852
1747535033.7205927,3.6123186222968435,-5.494571395462006,6.32929801940918
1747535033.7458146,3.6135887537532714,-5.532725815754916,8.857011795043945
1747535033.7635868,3.6021240234564837,-5.576331321751573,7.197380065917969
1747535033.7900786,3.5821413681656495,-5.613733005438768,7.506608963012695
1747535033.8092775,3.570103200445513,-5.678261613884277,6.3610076904296875
1747535033.824631,3.553490674623579,-5.709426883220663,5.564689636230469
1747535033.839292,3.5233342763389155,-5.745609738721946,5.944490432739258
1747535033.8612964,3.489708452562845,-5.779790041763359,8.296489715576172
1747535033.8837414,3.4652834667209924,-5.793538400036722,5.568265914916992
1747535033.9023368,3.4453660467862335,-5.842457804892759,6.018400192260742
1747535033.9367988,3.422728093470797,-5.8724680109574825,10.596752166748047
1747535033.959748,3.3741409896425902,-5.915829143942165,7.443666458129883
1747535033.9800944,3.359260775221472,-5.954586105133564,7.165193557739258
1747535034.023877,3.3433835433276835,-5.977987580575242,15.065193176269531
1747535034.071982,3.2715904594267817,-6.056123387954169,7.776498794555664
1747535034.1207438,3.200053222960946,-6.123942942320064,10.302543640136719
1747535034.153972,3.161433629459743,-6.146999368309225,7.140398025512695
1747535034.1790996,3.090456377716102,-6.196276215533478,8.252382278442383
1747535034.2128718,3.0397461864683706,-6.218417244053146,9.427547454833984
1747535034.240896,2.964088991371628,-6.264122277224852,6.398439407348633
1747535034.2633789,2.916577999066065,-6.276116649768772,6.522178649902344
1747535034.2920074,2.8772154030482797,-6.277660185300077,6.715059280395508
1747535034.3086457,2.8167564173564235,-6.295884464301417,5.588293075561523
1747535034.3257341,2.7731469101896846,-6.302050460393152,5.179405212402344
1747535034.3446348,2.732101156466108,-6.309637502346605,5.312919616699219
1747535034.3619504,2.6835624870679338,-6.3193027207154495,6.349325180053711
1747535034.3823771,2.624615060518489,-6.327604318024431,8.05974006652832
1747535034.402219,2.5774229544491045,-6.3390408349021925,7.707357406616211
1747535034.4188473,2.547029449075118,-6.34696915077029,4.899024963378906
1747535034.4344926,2.452003496073555,-6.362055370699271,4.796743392944336
1747535034.5145864,2.2996439951299386,-6.402510782362837,11.642694473266602
1747535034.5986366,2.0472835239058544,-6.441247992095782,5.063295364379883
1747535034.6139998,2.01396446854366,-6.4394371837272955,4.955530166625977
1747535034.6331344,1.9749685065445086,-6.442666147797386,4.999637603759766
1747535034.6529107,1.9448086762882095,-6.443340804432636,5.0601959228515625
1747535034.6865652,1.9106957197587904,-6.445668891972226,13.810157775878906
1747535034.7150133,1.8359001890414577,-6.452859233898052,7.550239562988281
1747535034.7320075,1.7918802511321859,-6.454564676453551,4.779338836669922
1747535034.7483225,1.7711801874131776,-6.455705553252373,5.754232406616211
1747535034.7665932,1.7125028572197805,-6.455854434231979,5.523920059204102
1747535034.7948282,1.6574308134062383,-6.4563404617886455,6.341218948364258
1747535034.8177912,1.5864308793759627,-6.4507943320898455,5.747556686401367
1747535034.8357668,1.5009761400700936,-6.447652294601009,6.753444671630859
1747535034.8579383,1.4451140514571537,-6.448132555776719,5.085468292236328
1747535034.8737645,1.4208713769948245,-6.445970857701067,4.901885986328125
1747535034.8997846,1.3230807970436422,-6.43957319766137,5.184412002563477
1747535034.9179401,1.2975629934293678,-6.433458915057433,5.594968795776367
1747535034.9462972,1.2492915871568808,-6.42963263041061,10.086297988891602
1747535034.966922,1.1610519563058233,-6.430487693191103,5.805730819702148
1747535034.986835,1.099622974561719,-6.4291627045381325,5.3691864013671875
1747535035.0093625,1.0561122846580622,-6.430600214271044,5.828619003295898
1747535035.0371814,0.9730218859666746,-6.4119959733187155,9.154319763183594
1747535035.0673416,0.8793118986606561,-6.390533959148479,5.97691535949707
1747535035.09754,0.7906549989822511,-6.370161365247686,5.64122200012207
1747535035.1133702,0.6942639339856645,-6.345646831750581,4.92548942565918
1747535035.1383035,0.6163058288540214,-6.340941821740989,5.945444107055664
1747535035.1609814,0.5543497659301643,-6.317256834459934,8.43358039855957
1747535035.179904,0.52132529152053,-6.30039340341792,7.698774337768555
1747535035.2001426,0.46396142960738274,-6.283418308251952,6.388187408447266
1747535035.2202752,0.38618234416109065,-6.2545589496387555,6.169557571411133
1747535035.2349503,0.34707221121949405,-6.239474148575053,5.052804946899414
1747535035.2565699,0.2996364988490124,-6.227930357252276,5.251169204711914
1747535035.2790878,0.22008437781338777,-6.198216440990826,5.901575088500977
1747535035.2974007,0.15213870683213052,-6.181572082903854,5.406379699707031
1747535035.3159988,0.0764757930818725,-6.164594492510832,5.330562591552734
1747535035.334072,0.026180852008838126,-6.14908570074927,5.544900894165039
1747535035.3586836,-0.010315714775277833,-6.1335971221744074,5.86700439453125
1747535035.3820155,-0.025467942161756334,-6.10368137495448,7.8678131103515625
1747535035.3999915,-0.038497461941619515,-6.072533894800524,7.330417633056641
1747535035.4193935,-0.08880613686907526,-6.047099808846669,6.056547164916992
1747535035.43563,-0.1669355486934333,-6.033171839540976,5.737543106079102
1747535035.4595032,-0.14343140609356334,-5.996053374778542,6.0253143310546875
1747535035.4785142,-0.19022403394123658,-5.953194316815274,6.023883819580078
1747535035.497297,-0.2311722955659283,-5.935181066419905,7.614612579345703
1747535035.518524,-0.17663885391503933,-5.8852816998745965,6.125688552856445
1747535035.5351524,-0.17593028610346878,-5.859902447920881,6.098508834838867
1747535035.5539656,-0.19727305332417328,-5.826637866957118,6.005287170410156
1747535035.5791838,-0.2123069145771599,-5.78070523754592,6.89387321472168
1747535035.5982234,-0.22214397379572695,-5.763832731574789,8.018970489501953
1747535035.619827,-0.2593423823188085,-5.720023933413368,6.449460983276367
1747535035.63662,-0.29939993882375343,-5.682350161247886,6.32166862487793
1747535035.6587546,-0.3395246032265128,-5.638326090514449,6.788492202758789
1747535035.6866052,-0.3645095272683635,-5.603512322744036,10.463953018188477
1747535035.7298028,-0.4742454296761468,-5.496319358675001,6.463527679443359
1747535035.746547,-0.4999871488318895,-5.476800054972775,6.256818771362305
1747535035.7652688,-0.5257813048728657,-5.438730927511261,6.440877914428711
1747535035.781829,-0.5753018685009961,-5.376858785808584,6.307840347290039
1747535035.7993224,-0.6147124531580099,-5.331030585974011,6.057262420654297
1747535035.8184376,-0.6563426504459757,-5.2828836309256415,6.163835525512695
1747535035.8349695,-0.6994947734861957,-5.237993447888681,5.584478378295898
1747535035.8555307,-0.7235652594003968,-5.198439449222586,8.203983306884766
1747535035.8803525,-0.746864001367039,-5.152004997842413,8.927106857299805
1747535035.897459,-0.8247191261738591,-5.097514782723072,6.371736526489258
1747535035.9209137,-0.8897850654454194,-5.033268328456224,5.505084991455078
1747535035.9379668,-0.9227575570860611,-4.985947192957606,5.689382553100586
1747535035.9586875,-0.9393467021310121,-4.95540925947483,6.1168670654296875
1747535035.9746175,-1.0119445732477739,-4.898917257770109,5.538702011108398
1747535035.9929547,-1.0557907946817846,-4.843060448737212,5.217075347900391
1747535036.019212,-1.0910818653407988,-4.772403992424011,5.925893783569336
1747535036.037226,-1.15157207750668,-4.721893893738191,5.04302978515625
1747535036.054188,-1.193350030847926,-4.663934992103107,5.5999755859375
1747535036.0785234,-1.2220792122918231,-4.604722149926949,5.402803421020508
1747535036.0979824,-1.2830657251991553,-4.563233520234466,6.404399871826172
1747535036.1205614,-1.3312082279856743,-4.489675483140014,7.7972412109375
1747535036.13466,-1.3463083448366957,-4.451679189712503,4.82630729675293
1747535036.1619596,-1.4305417012196204,-4.380220292511066,6.1359405517578125
1747535036.1766477,-1.4598130983497783,-4.337777515265754,5.1860809326171875
1747535036.1979322,-1.4830096411112306,-4.2559130668261815,5.097389221191406
1747535036.2179308,-1.488674034044628,-4.1977549563236245,5.471706390380859
1747535036.2384768,-1.5446240384402412,-4.135488886265069,5.513429641723633
1747535036.2538307,-1.5657608286285378,-4.080087030697164,4.871368408203125
1747535036.2734194,-1.5819382755201536,-4.01264837191388,4.804372787475586
1747535036.292089,-1.64375802946761,-3.9407107730122153,4.900217056274414
1747535036.3218763,-1.6595131187239596,-3.847229720990182,7.996320724487305
1747535036.3454256,-1.6661555986688092,-3.8008619664299954,6.740570068359375
1747535036.3716779,-1.7238577172442773,-3.7231244697814847,5.819797515869141
1747535036.387463,-1.7436267321623424,-3.6705124345484035,5.365848541259766
1747535036.402898,-1.7484592091703084,-3.624673010997253,5.635738372802734
1747535036.4198194,-1.7509575920910654,-3.5868970019091915,6.635427474975586
1747535036.4393282,-1.788479293289629,-3.502317210396952,5.972146987915039
1747535036.4585743,-1.805340028014967,-3.439316630615569,5.450963973999023
1747535036.4786952,-1.8129498768564203,-3.398806193667169,5.337238311767578
1747535036.4959586,-1.784498735345649,-3.321989819909913,5.0811767578125
1747535036.513799,-1.7714874187664666,-3.2525272628515576,5.324125289916992
1747535036.5395036,-1.7784649269784205,-3.153796919790852,6.328344345092773
1747535036.5591533,-1.794257285226493,-3.079680932527511,5.3577423095703125
1747535036.579721,-1.8035528069634112,-3.003161425643369,5.985736846923828
1747535036.5967598,-1.8131248779418272,-2.958829366498512,5.404472351074219
1747535036.6190412,-1.8019081741822929,-2.8523830234478926,5.497217178344727
1747535036.6349616,-1.8020720471421598,-2.779465826569235,5.412817001342773
1747535036.6588616,-1.8105079092747414,-2.7005559988097785,5.408287048339844
1747535036.6790333,-1.8173001198957373,-2.6630264916845254,6.00123405456543
1747535036.6983955,-1.8215580263000781,-2.580025524522821,5.776643753051758
1747535036.718692,-1.791101470223421,-2.5207708244569025,6.129026412963867
1747535036.7500741,-1.779515517734011,-2.4688173330270575,11.195898056030273
1747535036.7710757,-1.7727067273259731,-2.4162756820523064,7.417917251586914
1747535036.7927773,-1.7608478624907797,-2.3262226853137498,7.14564323425293
1747535036.8100312,-1.7532825091803332,-2.2563450115038,5.802631378173828
1747535036.8262439,-1.7477751961390338,-2.1897864723633207,5.832910537719727
1747535036.8449626,-1.7443439942225756,-2.12647010899374,6.036281585693359
1747535036.8623312,-1.7261492441565638,-2.0489566577788407,7.441282272338867
1747535036.8833683,-1.718864761318911,-1.9919773571043407,5.8612823486328125
1747535036.9130714,-1.7118873928127631,-1.9505325694218318,10.215997695922852
1747535036.9460151,-1.6401415664385095,-1.7897169712940002,7.553577423095703
1747535036.985978,-1.6225216073411912,-1.7314376735638464,9.448766708374023
1747535037.0119941,-1.541086004037045,-1.5850423765383017,6.220340728759766
1747535037.0885189,-1.4382896960926912,-1.3944364045877435,17.278194427490234
1747535037.1250606,-1.3515523445852629,-1.2400987181860563,12.236356735229492
1747535037.1422935,-1.2886675375154852,-1.109217642259389,6.150722503662109
1747535037.1591053,-1.2723872984397828,-1.0607196968700958,6.02269172668457
1747535037.1897557,-1.2082388571460019,-0.9929939054080732,20.284175872802734
1747535037.2201023,-1.1118417674471515,-0.8742143834223753,6.359100341796875
1747535037.2551339,-1.0478535491855119,-0.8014257694174287,7.870912551879883
1747535037.2804239,-0.9828243601374332,-0.7470392219577107,11.720895767211914
1747535037.299413,-0.9363965252325921,-0.6996781596501105,6.180286407470703
1747535037.3186867,-0.8803313542400243,-0.6396968194026736,6.439924240112305
1747535037.3506198,-0.8127200264168672,-0.5711910120703373,7.097005844116211
1747535037.368673,-0.8016862720161134,-0.5581880581943094,6.666898727416992
1747535037.3952117,-0.719943688852235,-0.48489722631233473,8.062124252319336
1747535037.4295726,-0.6166747575946813,-0.39978015859648974,7.517814636230469
1747535037.45473,-0.579991946828978,-0.3513167374128095,6.601095199584961
1747535037.4860995,-0.484129279757464,-0.2636832599814586,9.015798568725586
1747535037.510262,-0.4146429728502313,-0.19944223973079012,5.687952041625977
1747535037.530867,-0.35188743837439057,-0.16132397141212484,5.219936370849609
1747535037.5476694,-0.26726330533417025,-0.12554680177339148,5.506277084350586
1747535037.5642948,-0.21827917469955663,-0.10493697205868288,5.305290222167969
1747535037.5847106,-0.13394408928025947,-0.06761917716483372,6.5402984619140625
1747535037.6061938,-0.0826401185741993,-0.04280654642942947,6.614923477172852
1747535037.6337242,-0.05119128009230197,-0.02854546572885885,6.296634674072266
1747535037.659952,-0.02702446751741408,0.018189688816844487,6.902217864990234
1747535037.688164,0.1441933152870022,0.07706516362229494,7.642269134521484
1747535037.7266388,0.27863106669882437,0.13280042757471994,8.79526138305664
1747535037.747163,0.42125340317829585,0.15332607878010823,5.76329231262207
1747535037.7676766,0.2958301799582124,0.16331393081054701,6.346702575683594
1747535037.8001418,0.2984557314113999,0.16948877783300664,12.222766876220703
1747535037.820137,0.40484956961831864,0.19193527217056947,7.009029388427734
1747535037.8383558,0.44103140902161597,0.20780289917470318,5.449533462524414
1747535037.8583415,0.49385194009770433,0.219558929311187,5.7926177978515625
1747535037.897218,0.5426465126896981,0.22955676953185408,12.019634246826172
1747535037.9413693,0.6572112056541253,0.2422994339712997,10.135650634765625
1747535037.9634569,0.7684031074776756,0.25160013496168976,5.210161209106445
1747535037.9861197,0.8191909444376655,0.2625140797701609,5.043745040893555
1747535038.0032275,0.9006774844779483,0.27216749552372127,4.762887954711914
1747535038.023961,0.9455293172885048,0.2783611044593394,5.635738372802734
1747535038.0597923,1.0213219686744472,0.2788343087148474,10.997295379638672
1747535038.0829847,1.1397924909457013,0.26973990419000343,4.916667938232422
