time,x,y,computation_time_ms
1747536051.8330767,3.375115445071442,-0.439439297397456,9.89222526550293
1747536051.8619251,3.801711882110714,0.5901914012384082,7.136106491088867
1747536051.8776414,3.8634896903860194,0.8580840046758953,5.204439163208008
1747536051.8946507,3.8794256583526643,0.9228976626583518,5.178689956665039
1747536051.9156373,0.9105073271823824,0.2959743230028255,5.575656890869141
1747536051.935814,0.8958391839191723,0.23110200961646052,10.430335998535156
1747536051.9507766,0.8814371360749542,0.23047785084602096,4.735708236694336
1747536051.9668407,0.8720211366116968,0.22853134440298117,4.768610000610352
1747536051.9875114,0.8893340069890202,0.23254478082181498,4.885435104370117
1747536052.0067358,0.9016928564070948,0.23686054931725628,4.786014556884766
1747536052.023122,0.9133056630086391,0.24038693106298958,4.745960235595703
1747536052.0471432,0.9211657905581346,0.24301689224666226,5.410909652709961
1747536052.0668902,0.9107710284377631,0.23499572664976695,4.9991607666015625
1747536052.0871227,0.8964141953792113,0.22862335965281586,4.91642951965332
1747536052.1188207,0.811787692570091,0.2035247346358593,6.415605545043945
1747536052.1381047,0.8246645938978924,0.21822679732553676,5.020856857299805
1747536052.1561606,0.8431460763746967,0.22287490610698898,5.419015884399414
1747536052.1718106,0.8673863610805849,0.22811083819419503,5.104541778564453
1747536052.1874118,0.8338780521403902,0.21620271564797564,4.772186279296875
1747536052.2074432,0.8204822377422062,0.21146559102154125,5.474328994750977
1747536052.2295537,0.805699549318151,0.20765235062403892,7.202863693237305
1747536052.246567,0.7915759648629572,0.20362200166095598,4.827260971069336
1747536052.2690117,0.8328798438902154,0.20849167705234034,5.064487457275391
1747536052.292719,0.8686735452050004,0.21588927632202864,8.782148361206055
1747536052.3089445,0.8890934726772932,0.22050717860164443,5.451202392578125
1747536052.3362343,0.5475272382482667,0.5480537209482127,6.026506423950195
1747536052.3527699,0.688340648354032,0.3174597962766782,5.403995513916016
1747536052.3684435,0.7714048934349662,0.21557906967293988,4.668235778808594
1747536052.386602,0.7777916100841844,0.18972021490234975,4.734039306640625
1747536052.4075382,0.7679531819912486,0.18969211206534356,5.722761154174805
1747536052.4272506,0.7569462898051827,0.1909010186608786,5.087614059448242
1747536052.4456427,0.7491432506549828,0.19281382096866248,5.728483200073242
1747536052.466868,0.7735605102659492,0.20007410588038202,5.093812942504883
1747536052.488435,0.8063954084820351,0.20767205802697136,6.577014923095703
1747536052.5102513,0.5506608025911187,1.061632429115583,5.318403244018555
1747536052.5255866,0.9808919288515097,0.3224979917234854,3.7648677825927734
1747536052.5486372,1.0318483667882925,0.24990933441959726,4.932165145874023
1747536052.5691884,1.0269404147430445,0.24963707819159076,5.063056945800781
1747536052.5873618,0.9887844592931972,0.2408449362884764,8.545160293579102
1747536052.6071863,0.9587347284697473,0.2327041092420907,4.908084869384766
1747536052.6272073,0.9325473112949448,0.2271849401497816,4.688024520874023
1747536052.6433063,0.913379374106645,0.22749630508169608,4.73785400390625
1747536052.6666484,0.8937817920190423,0.22655303034441557,4.664421081542969
1747536052.6912704,0.8790086026427841,0.2249071638486477,8.61811637878418
1747536052.7251987,0.8811105010568091,0.22699557982621513,5.320072174072266
1747536052.746056,0.8780250206561087,0.22783686193265548,5.126714706420898
1747536052.7662554,0.8822129466794154,0.2302148353383395,6.77490234375
1747536052.7935534,0.874473857771311,0.2269050291649877,13.504505157470703
1747536052.946007,0.8914044653821083,0.22761809029400878,6.603717803955078
1747536052.9616683,0.9090695534660019,0.22827742001369244,4.696130752563477
1747536052.9784462,0.9055370117109157,0.22885276006766597,4.686594009399414
1747536052.9945555,0.9023666548987642,0.22981515945964706,5.411624908447266
1747536053.0093672,0.9001431182808478,0.23259963923927685,4.856586456298828
1747536053.0268307,0.9020913880738376,0.23304885524391575,4.802703857421875
1747536053.0423162,0.9092882411406585,0.23199870565504274,5.154609680175781
1747536053.0671396,0.9182122318997424,0.23211314531337385,4.873514175415039
1747536053.0830498,0.9246725206885996,0.23238161723253456,4.751920700073242
1747536053.102535,0.9157479805305461,0.22683460104712785,4.889011383056641
1747536053.1276443,0.9000117489474714,0.22053851121404866,5.359172821044922
1747536053.1536093,0.8834826275630845,0.21407755771381703,6.420373916625977
1747536053.1754408,0.8987553130515661,0.21996458716474546,5.809783935546875
1747536053.1901653,0.9095627561053372,0.22239006129458666,4.67228889465332
1747536053.205624,0.9155201668650086,0.2252855013771504,4.84919548034668
1747536053.2277927,0.9193156066216638,0.2283309084844602,5.542278289794922
1747536053.2504523,0.9101743399230192,0.2298112612157542,6.783008575439453
1747536053.2696884,0.9109669264287443,0.22993999450308206,5.652427673339844
1747536053.2901275,0.9061919858566876,0.22900104406948815,6.366729736328125
1747536053.3078158,0.8918322724863359,0.22774684200545411,4.788875579833984
1747536053.3273416,0.8744172968828379,0.22675511436772527,4.982471466064453
1747536053.3473728,0.8635562975230379,0.22663538621272764,4.963159561157227
1747536053.3671193,0.8759591622336969,0.22289037316715796,4.720926284790039
1747536053.3868234,0.8876102572987463,0.22344390820151075,4.774570465087891
1747536053.4085124,0.8950002611385197,0.22433032455945995,7.973432540893555
1747536053.4277527,0.9047667485396613,0.22539744853909452,4.789590835571289
1747536053.4500544,0.8811346493159216,0.2235512226458957,5.681514739990234
1747536053.4673939,0.8617401467003574,0.221433872404296,4.779577255249023
1747536053.4889836,0.8520158581722324,0.21947656374678948,6.659984588623047
1747536053.5118723,0.823193393646124,0.20980545671320286,5.831718444824219
1747536053.5286677,0.8063579106828836,0.20609834067396568,5.077838897705078
1747536053.5444582,0.791587160890266,0.20316079304744172,4.879236221313477
1747536053.5667984,0.8054671965867981,0.1999944164308628,4.747867584228516
1747536053.588421,0.8146739675103929,0.1982018398326737,4.850149154663086
1747536053.6039767,0.8265304799271922,0.19576087198230083,4.931449890136719
1747536053.6282198,0.8399646247681194,0.20080126593984682,5.893230438232422
1747536053.6466784,0.8540019796813865,0.20709835555053402,4.6939849853515625
1747536053.6663823,0.8741761995625336,0.21721726018595022,4.708290100097656
1747536053.6867936,0.8869858029171933,0.2213167758513265,4.813909530639648
1747536053.7087603,0.8802857925944312,0.21996387030773462,5.4607391357421875
1747536053.7295544,0.8753404676428552,0.21970247014993435,5.419731140136719
1747536053.7486897,0.8775532979088192,0.2203716546045341,5.178689956665039
1747536053.7823098,0.8861743110172783,0.22246287594802744,7.229804992675781
1747536053.8070462,0.9005160555818413,0.22374727713818562,7.686376571655273
1747536053.827807,0.9067262694972281,0.22510782983994196,4.959821701049805
1747536053.8486483,0.9097402517848762,0.22455494183018618,4.813909530639648
1747536053.8675969,0.9089713082562824,0.22299769860579782,4.715919494628906
1747536053.886843,0.9122553828242903,0.22350566448388043,4.785299301147461
1747536053.9033434,0.914018561294984,0.21866343271455188,5.394697189331055
1747536053.927697,0.9112801616461041,0.21577728465096996,4.732370376586914
1747536053.9464214,0.9157340793546561,0.2118981057008477,4.73475456237793
1747536053.9680939,0.9145104619973005,0.21415272157323936,6.302595138549805
1747536053.9890957,0.9076955817492433,0.2141930867344481,4.762411117553711
1747536054.0059755,0.9112308549780356,0.21570359254469496,6.1244964599609375
1747536054.026988,0.9143886839438623,0.21329390041572316,4.847288131713867
1747536054.0492284,0.9218108297343247,0.21615704440138048,4.896402359008789
1747536054.070423,0.928017754503986,0.2174189778770425,7.086277008056641
1747536054.0897164,0.954763399605947,0.21714699213712124,5.446910858154297
1747536054.1048734,0.9776813932704309,0.21928479196150136,5.217075347900391
1747536054.1287909,1.0103312277858518,0.22068378084685739,6.41179084777832
1747536054.1468027,1.039251859773445,0.22204804388195687,4.682779312133789
1747536054.1675916,1.0149390996154926,0.20829927879029136,4.67228889465332
1747536054.1864407,0.9829826814541764,0.19693084013386666,4.699468612670898
1747536054.2080142,0.9787809612423907,0.19211758899246184,5.235433578491211
1747536054.2251003,1.0224989786828667,0.19249631631002656,6.703615188598633
1747536054.243695,1.047289922186739,0.1886944388026274,5.392789840698242
1747536054.2692444,1.0685481826140555,0.18441582233811832,6.544351577758789
1747536054.2933185,1.1029027001959149,0.18133695198624783,7.3833465576171875
1747536054.3103743,1.1478500718767473,0.1795075443707077,4.71043586730957
1747536054.3274992,1.2030308031322814,0.17992476561518028,4.520416259765625
1747536054.346328,1.2509471221546045,0.18629788803506048,4.670858383178711
1747536054.366471,1.2982403699218212,0.19321539155369696,4.619359970092773
1747536054.387878,1.3367325285103375,0.1833079410968332,4.66609001159668
1747536054.4090955,1.3690795555164026,0.17455557564013685,6.5402984619140625
1747536054.4267502,1.3876506478071418,0.16744155167616756,4.948854446411133
1747536054.4497776,1.4081921728551847,0.14704977212645257,4.537343978881836
1747536054.4662452,1.4386397739743868,0.13559807162964604,4.476785659790039
1747536054.4864101,1.4575589450966544,0.12674472242736937,4.565000534057617
1747536054.5069945,1.4724398503230176,0.12367417684778383,4.8618316650390625
1747536054.529185,1.5195535808805736,0.11535805624252564,6.848573684692383
1747536054.551824,1.5663479975586512,0.10597154271134136,5.443096160888672
1747536054.5697517,1.6178878527496539,0.09822245951007075,6.19816780090332
1747536054.5982826,1.6922924726367596,0.08178905564080509,6.330728530883789
1747536054.6128228,1.7449135195675787,0.06837859006963101,4.729270935058594
1747536054.6268198,1.7815242815529344,0.057033443989679695,4.710674285888672
1747536054.6502886,1.8307438009266905,0.02927412326996517,8.086681365966797
1747536054.6676288,1.8571844492503566,0.0011691137241151184,4.54258918762207
1747536054.6856258,1.8833239691064467,-0.02307372480678502,5.312681198120117
1747536054.707335,1.9374020667998522,-0.05444710549405677,4.611015319824219
1747536054.7269616,1.9637836337246195,-0.0722913639276508,4.849433898925781
1747536054.752787,2.001778963233922,-0.09688119135976037,5.816221237182617
1747536054.775081,2.0501738259912714,-0.12218028445536358,7.9498291015625
1747536054.7992039,2.0943883418969986,-0.14962143472318754,5.632877349853516
1747536054.8138664,2.1197310345936375,-0.16401097597136688,5.038261413574219
1747536054.828106,2.1317481964420724,-0.17164525944441472,4.711627960205078
1747536054.8475058,2.1867403589787475,-0.20778707596479354,5.767583847045898
1747536054.8668818,2.2260678224310544,-0.232197119982639,5.031108856201172
1747536054.887036,2.25625509114142,-0.2509391777810598,5.104303359985352
1747536054.907819,2.295274877815153,-0.28771001248437783,5.178689956665039
1747536054.927336,2.3255168600047305,-0.3146864215970327,5.2700042724609375
1747536054.9474254,2.3533779975602895,-0.3366760025593885,5.370378494262695
1747536054.9681933,2.3800092437587343,-0.3704440924866481,5.493879318237305
1747536054.9936929,2.411023101643561,-0.4049057665820192,8.524179458618164
1747536055.0095272,2.4296373810366854,-0.42606015020660365,5.393266677856445
1747536055.027191,2.4480173019978575,-0.44402061639821605,5.533695220947266
1747536055.0478091,2.5115000362332394,-0.4856712311399472,5.244255065917969
1747536055.0700402,2.5484202745468214,-0.5142058477371211,5.738735198974609
1747536055.087109,2.589133013836104,-0.5470187657873858,5.340099334716797
1747536055.1073573,2.625683632894332,-0.5915343069128443,5.413055419921875
1747536055.1273909,2.6770605659751197,-0.6362015848624538,5.495786666870117
1747536055.1508749,2.723994738444459,-0.6750143266418169,6.009578704833984
1747536055.1704097,2.7621781562445396,-0.7072700115027482,6.379842758178711
1747536055.1980207,2.7883804661226614,-0.7457635173103366,7.648229598999023
1747536055.2140868,2.8128214091552772,-0.7842316965740924,5.947113037109375
1747536055.2363763,2.802767303228444,-0.8755952238946221,9.584188461303711
1747536055.25125,2.779416287056863,-0.9215882517270787,5.233049392700195
1747536055.26705,2.753863143841132,-0.9542352496251686,5.725622177124023
1747536055.2913198,2.7402064633913437,-0.9914809868704494,7.546186447143555
1747536055.3081272,2.771248079460583,-1.049602221037601,5.394458770751953
1747536055.3272223,2.782435147491159,-1.0992184776872453,5.431890487670898
1747536055.347615,2.787273349571757,-1.1416130039598589,5.289316177368164
1747536055.3669646,2.7918941002122586,-1.1800627022308123,5.1517486572265625
1747536055.3857532,2.792075885544366,-1.210451267629546,5.240201950073242
1747536055.4069295,2.7855627504796607,-1.2499237896860584,5.079030990600586
1747536055.4305575,2.8098348373556674,-1.2992981209552685,5.888700485229492
1747536055.4517155,2.828391241891729,-1.3450440284070524,6.648540496826172
1747536055.4673784,2.835532026539842,-1.3781783560024798,4.717350006103516
1747536055.4935102,2.837572904380267,-1.4090376440491001,10.407447814941406
1747536055.5139601,2.8314336347420967,-1.4591325962412556,6.582975387573242
1747536055.5332925,2.8305305914524026,-1.4919889931701085,6.578922271728516
1747536055.5505297,2.828804360225123,-1.5265892012950952,4.64940071105957
1747536055.5655882,2.851229507249793,-1.5612373603641292,4.654407501220703
1747536055.5828645,2.858277854541854,-1.5920005112244204,4.568576812744141
1747536055.6081321,2.862556929228897,-1.627983635743318,5.629539489746094
1747536055.627168,2.851262137916655,-1.6718641305528252,4.5318603515625
1747536055.6486895,2.836476110272211,-1.7365375809711083,6.337404251098633
1747536055.667333,2.827021447410405,-1.7871086712259876,4.593849182128906
1747536055.6877034,2.8216398717036824,-1.8256265412988464,5.066871643066406
1747536055.710667,2.8339680154982707,-1.8643922779949273,5.760431289672852
1747536055.7324283,2.8364725773148094,-1.8972288200223217,6.723642349243164
1747536055.7502365,2.8361584958640518,-1.9176750591841023,4.727602005004883
1747536055.7688847,2.838323959788029,-1.9746878690380079,4.837989807128906
1747536055.7864778,2.8251888005141157,-2.0318031680225683,4.697561264038086
1747536055.806553,2.8113247885904356,-2.0746171128982733,4.664182662963867
1747536055.8273034,2.8012254872865787,-2.1428088657486457,4.63104248046875
1747536055.8419335,2.797353985435419,-2.1865165497754853,5.073785781860352
1747536055.866573,2.791397022678895,-2.241373061401022,4.800319671630859
1747536055.8865888,2.7881806687965125,-2.2675538465573526,4.858732223510742
1747536055.9037368,2.7910433687727583,-2.270513770893829,5.202770233154297
1747536055.927253,2.7622458130955003,-2.3300032037946097,4.795074462890625
1747536055.946672,2.7336307620494646,-2.3679613471196914,4.950046539306641
1747536055.9699497,2.7204088350963587,-2.404779419160516,7.11512565612793
1747536055.9968104,2.7105881788660557,-2.458681447211059,7.712602615356445
1747536056.0164523,2.7043541709456793,-2.4973544366142097,7.031917572021484
1747536056.0393474,2.698725564265327,-2.554075841752437,6.534337997436523
1747536056.0579731,2.6680406261879357,-2.607562806898632,7.256507873535156
1747536056.0739043,2.630406353818706,-2.6540620644588055,5.738735198974609
1747536056.1015985,2.597040249036457,-2.6902868821161867,5.376577377319336
1747536056.1264343,2.5941938438662895,-2.821474558980197,6.224155426025391
1747536056.148349,2.598026642349274,-2.900966475669342,5.921602249145508
1747536056.1692505,2.6022028052319754,-2.9481888427862883,5.501031875610352
1747536056.1921222,2.6189774336147162,-3.0369943687020444,5.842447280883789
1747536056.2211688,2.622805794164582,-3.0986186927138397,5.818843841552734
1747536056.2350671,2.6240245968349942,-3.143506936256237,5.058050155639648
1747536056.2520046,2.6392026945379605,-3.208832614105825,4.990339279174805
1747536056.2696865,2.6520664779091114,-3.2639837658247686,6.131172180175781
1747536056.2865465,2.662560985598596,-3.31360571639706,5.007028579711914
1747536056.3070195,2.674775564519991,-3.35520505539127,5.267620086669922
1747536056.3266866,2.708259550886595,-3.413246086983376,5.0201416015625
1747536056.3473592,2.7325613300787026,-3.4619555310069536,5.305290222167969
1747536056.3678677,2.7520153222383894,-3.5024307982736533,5.008697509765625
1747536056.387005,2.7970086867499844,-3.5643036183877195,5.079030990600586
1747536056.406851,2.835648056207815,-3.618256258006558,4.826784133911133
1747536056.4244363,2.862948867302047,-3.6524002009643852,4.958152770996094
1747536056.4497857,2.911673978701112,-3.7438603970695548,7.120609283447266
1747536056.4695258,2.9604949580104356,-3.808742394607574,6.655216217041016
1747536056.4875557,2.999416791738888,-3.858748726286896,4.871845245361328
1747536056.5139306,3.017816166154146,-3.9308516373186158,7.604122161865234
1747536056.530207,3.0462593600463173,-3.9864703249682485,4.840850830078125
1747536056.5469768,3.0665922934533074,-4.020973942670984,4.785776138305664
1747536056.568519,3.0885305938651073,-4.055380856911494,5.533933639526367
1747536056.585526,3.148158780555308,-4.105785952586794,5.4931640625
1747536056.6097317,3.193026395680962,-4.163457873537857,7.275104522705078
1747536056.6256685,3.2150335922124955,-4.190607016122888,5.454301834106445
1747536056.650084,3.2630279828618822,-4.265641507554402,7.89952278137207
1747536056.6676857,3.296781414592399,-4.3124180394709954,5.118131637573242
1747536056.6891189,3.321109906238532,-4.346815514775799,6.939172744750977
1747536056.705276,3.3649852655458097,-4.402174761077673,5.6324005126953125
1747536056.7294798,3.4096867914820037,-4.46447667378527,7.32421875
1747536056.7465506,3.4415962004767566,-4.511737755509314,4.732847213745117
1747536056.763401,3.4532786455417805,-4.536257815917015,4.786014556884766
1747536056.7873838,3.4897683097468724,-4.601924216068826,5.053281784057617
1747536056.8088048,3.5066820174474143,-4.651499871521158,5.174398422241211
1747536056.8239493,3.512751668444783,-4.676145831403189,4.937410354614258
1747536056.849264,3.5632784864719396,-4.738076596622423,5.224466323852539
1747536056.8669658,3.5786270022801805,-4.764526247791587,4.971027374267578
1747536056.8866835,3.5944541437413076,-4.813374352711292,4.950761795043945
1747536056.9069438,3.620514854777247,-4.882320844536111,4.923343658447266
1747536056.9266813,3.6344853720164148,-4.938281125174728,5.012989044189453
1747536056.949076,3.6385546222448126,-4.990757101846853,6.956577301025391
1747536056.9679964,3.66149529237595,-5.059013268344586,5.405187606811523
1747536056.987027,3.6730296490224927,-5.114531270507139,5.40471076965332
1747536057.0078952,3.6651470279898923,-5.168169194645316,5.339622497558594
1747536057.0294266,3.648467295000972,-5.213867195047517,7.162809371948242
1747536057.0464127,3.6725480703321343,-5.25590530833786,5.369663238525391
1747536057.06753,3.677848399372436,-5.313326401215151,5.617856979370117
1747536057.0885265,3.6707306516420313,-5.351457224990344,5.684137344360352
1747536057.1178637,3.689067358354607,-5.402714761122958,10.30588150024414
1747536057.146597,3.694488962273863,-5.4490826805865,8.067131042480469
1747536057.1730428,3.687617869584361,-5.537776527534652,9.016752243041992
1747536057.1982293,3.6614527258690424,-5.586291282717147,10.506629943847656
1747536057.2206564,3.6312037932079035,-5.638075038335632,9.982585906982422
1747536057.2439957,3.6106123222840574,-5.671519795348004,5.745172500610352
1747536057.262339,3.6021849284040806,-5.684507625332422,5.634546279907227
1747536057.2789447,3.5919415102720187,-5.730905091542712,7.405281066894531
1747536057.2943542,3.5716401156957134,-5.772509316026538,6.22868537902832
1747536057.308903,3.5468429384669866,-5.801393088514465,5.115985870361328
1747536057.3284156,3.54663418500792,-5.8469690368039995,6.708621978759766
1747536057.3472893,3.535090510086135,-5.882173394744021,5.307912826538086
1747536057.366727,3.519880690753454,-5.907628082013681,5.044698715209961
1747536057.3824286,3.5039898567442878,-5.922715263992476,4.86445426940918
1747536057.4026895,3.4803426164500366,-5.9600308861795765,5.130767822265625
1747536057.4289136,3.440150689124201,-5.997334693518009,5.575895309448242
1747536057.4507787,3.4107486740280524,-6.017471067815377,5.303859710693359
1747536057.4743893,3.3819791522924154,-6.052510794545972,8.09478759765625
1747536057.494352,3.3511356639515446,-6.076507380028425,6.428718566894531
1747536057.5100002,3.321209633748861,-6.095371947580171,4.809379577636719
1747536057.527929,3.327375864076546,-6.114580736296885,4.871368408203125
1747536057.5477982,3.319929694377482,-6.137079835330041,4.920482635498047
1747536057.5682058,3.307473424115929,-6.152834815050192,6.148815155029297
1747536057.5848532,3.299114145141107,-6.1614613373794835,5.367517471313477
1747536057.6102812,3.2537976508475963,-6.185959264103636,7.826089859008789
1747536057.6368043,3.204944237923975,-6.204106732523879,9.417533874511719
1747536057.6580548,3.1831375330341776,-6.23108198987336,6.350278854370117
1747536057.6786466,3.120559427471691,-6.263033007361455,5.409479141235352
1747536057.6981506,3.081141196963023,-6.277099045132474,5.329132080078125
1747536057.7212675,3.0404666826461058,-6.296422416314174,8.946418762207031
1747536057.7404003,2.99049439830552,-6.303905188626695,9.57345962524414
1747536057.7546997,2.9385721449184397,-6.315947269232511,5.118846893310547
1747536057.769792,2.8892381895100074,-6.332589262189734,4.955053329467773
1747536057.7887552,2.8247029119652884,-6.353140634641241,6.353855133056641
1747536057.940334,2.5332663317109954,-6.453664285914984,6.506204605102539
1747536057.960124,2.490405162206367,-6.457670842236847,5.37562370300293
1747536057.9757688,2.4434682064131215,-6.45959132572218,6.171941757202148
1747536058.0011268,2.3619247719666867,-6.4677358782205365,5.939245223999023
1747536058.0155897,2.3028750241785594,-6.47195772010151,4.982709884643555
1747536058.0298786,2.2680210583951794,-6.475059908894883,4.874467849731445
1747536058.0482826,2.2166652497863923,-6.473598098184368,5.048036575317383
1747536058.0741951,2.1703782827150397,-6.47286812550228,6.951093673706055
1747536058.0932112,2.1301683880507745,-6.475009281064793,7.307291030883789
1747536058.1135516,2.0785570415090895,-6.483078192652755,6.060361862182617
1747536058.1339238,2.030277903227993,-6.488894203472249,6.379842758178711
1747536058.158886,1.9895414345590883,-6.491667323264184,8.401155471801758
1747536058.1816614,1.957798642674181,-6.492200370599752,6.663084030151367
1747536058.1980217,1.8886215078246165,-6.509292002283861,5.045413970947266
1747536058.213453,1.842223005426146,-6.516852558898782,4.935026168823242
1747536058.2301164,1.8122304624981518,-6.522370578762975,5.344867706298828
1747536058.2472901,1.7434075581580082,-6.529890010471527,4.869222640991211
1747536058.2673573,1.6907815915618067,-6.53473424234409,5.0373077392578125
1747536058.2866025,1.625903565316966,-6.539190185025451,4.87971305847168
1747536058.3083591,1.5584725931190968,-6.537984823318998,4.7702789306640625
1747536058.326626,1.5161975530467109,-6.531030617470397,4.706621170043945
1747536058.3476634,1.4808239625417252,-6.531069799513616,5.517721176147461
1747536058.3674455,1.4530196574836591,-6.528003990965604,4.949331283569336
1747536058.3863747,1.3871146105892103,-6.521883747890154,4.796266555786133
1747536058.407427,1.3446351747093204,-6.515949857849068,5.441427230834961
1747536058.4353054,1.302846406457677,-6.511477363806708,7.0400238037109375
1747536058.4574397,1.2809096165369522,-6.517049280404617,8.218526840209961
1747536058.4747925,1.2237521041847266,-6.5220200044019165,6.784200668334961
1747536058.4913034,1.1885845077293367,-6.526738442821015,5.543947219848633
1747536058.5078206,1.109304254001751,-6.503207703233228,4.761695861816406
1747536058.525127,1.0517610020981625,-6.493445446749505,4.938602447509766
1747536058.5464158,0.9851230107964374,-6.483825725679174,4.697084426879883
1747536058.5672555,0.9480847614303857,-6.481671354661749,5.135297775268555
1747536058.586448,0.8625569120884857,-6.4725172996038145,4.845619201660156
1747536058.606904,0.7954702394439953,-6.466160410275889,5.04612922668457
1747536058.6267428,0.7525979446655765,-6.462114779322209,4.936695098876953
1747536058.6469412,0.7281057670129986,-6.462713835768981,5.047082901000977
1747536058.6677198,0.7100056823352524,-6.4631622455573,5.174160003662109
1747536058.6866286,0.6484907893818396,-6.445769639296433,4.944801330566406
1747536058.7100425,0.5927702093317195,-6.430347977032128,5.193233489990234
1747536058.727738,0.5547059565660891,-6.424708681131968,5.1727294921875
1747536058.7563372,0.5039343728103989,-6.399755047381876,5.933284759521484
1747536058.7718482,0.4446803819234359,-6.376517337972334,5.746364593505859
1747536058.7897398,0.38396729143087566,-6.35970992298629,6.206512451171875
1747536058.807488,0.3041903282046349,-6.329189808885405,5.1860809326171875
1747536058.826697,0.23209963905522354,-6.306424420256871,5.064249038696289
1747536058.8417974,0.1792045646931834,-6.291469735450942,5.166292190551758
1747536058.8683717,0.1158349309982843,-6.259729205356668,6.152153015136719
1747536058.8870327,0.08329020338049607,-6.238319998852128,5.230426788330078
1747536058.9070837,0.04237657691277059,-6.215788950070583,5.282163619995117
1747536058.928896,-0.0049344806742964925,-6.204633949177164,7.2536468505859375
1747536058.9508457,0.020965641517456113,-6.171659078833095,8.480072021484375
1747536058.9747906,0.055374804414010326,-6.160871688594189,6.890773773193359
1747536058.99177,0.020880400400240105,-6.129240700984197,6.274700164794922
1747536059.0122776,0.007005317936315083,-6.08767288546664,6.844282150268555
1747536059.0303771,-0.035531893136407255,-6.03418321447162,5.540370941162109
1747536059.0481644,-0.0521828790312043,-6.010624172697495,6.05320930480957
1747536059.0695922,-0.11722955200197743,-5.964438879900002,6.763458251953125
1747536059.0874422,-0.15350426439761278,-5.947197086444487,5.874872207641602
1747536059.1051505,-0.19727319572981186,-5.919253763471412,5.942821502685547
1747536059.1303763,-0.24924180909690366,-5.8583300807367165,7.724523544311523
1747536059.1579914,-0.2775394258790195,-5.821542178179337,9.18436050415039
1747536059.1815298,-0.29995494499912356,-5.7829957042328175,10.90550422668457
1747536059.205474,-0.4034060185475687,-5.7018794213661375,6.35981559753418
1747536059.2293692,-0.45214184700846805,-5.670174896997455,7.501363754272461
1747536059.252909,-0.4892105075286801,-5.637527740796095,8.528947830200195
1747536059.2728126,-0.532895976311891,-5.574357558535706,8.610725402832031
1747536059.2902346,-0.5588732852423623,-5.53904592077859,6.258487701416016
1747536059.3081372,-0.59507638284374,-5.481204410639575,5.903005599975586
1747536059.3284144,-0.6637816848169422,-5.43062290289354,6.1054229736328125
1747536059.3483024,-0.71204255771331,-5.376005897124285,5.617856979370117
1747536059.3729813,-0.7503186397279472,-5.326355324404589,8.842706680297852
1747536059.3904312,-0.8040218516762461,-5.26010546630633,5.228996276855469
1747536059.4063504,-0.8340281510684735,-5.219081001259467,5.084991455078125
1747536059.431596,-0.8705722286121397,-5.152849764165243,7.372617721557617
1747536059.4507043,-0.8762441453731148,-5.123692679633805,5.512237548828125
1747536059.474826,-0.9474097958978999,-5.04901319077453,6.040096282958984
1747536059.4904413,-0.9794039414681748,-5.010595827536159,4.863262176513672
1747536059.5093024,-1.0144080068499364,-4.955725588519666,5.906581878662109
1747536059.5282137,-1.0726250688063275,-4.914940148212926,5.8498382568359375
1747536059.547249,-1.1191295973854318,-4.844746044912957,4.875421524047852
1747536059.572472,-1.137756506342316,-4.784974853186399,5.585670471191406
1747536059.6010015,-1.219716354411096,-4.743169308598665,6.138086318969727
1747536059.6230216,-1.263033961355488,-4.671573687881079,8.629560470581055
1747536059.6413481,-1.277842183880559,-4.623515749833382,5.25665283203125
1747536059.662312,-1.3339539140913672,-4.559388966115405,6.359577178955078
1747536059.6840036,-1.3677836187504946,-4.480014684639089,7.482051849365234
1747536059.7041848,-1.3865217662885587,-4.421568833711675,6.610631942749023
1747536059.7266073,-1.4527660463845864,-4.3568439495535385,5.214929580688477
1747536059.7423837,-1.4867082337043056,-4.295811921904856,4.888772964477539
1747536059.7571142,-1.502798507056579,-4.233104472260375,5.877494812011719
1747536059.7726748,-1.5099354513254593,-4.19290269128186,4.860162734985352
1747536059.7896438,-1.5829061094326216,-4.10927531381564,5.733013153076172
1747536059.8050747,-1.5995015738322018,-4.07298968520494,5.158901214599609
1747536059.8268526,-1.612416147961979,-4.008737978814815,4.853010177612305
1747536059.8470712,-1.6611304556613566,-3.9233910252132325,4.818916320800781
1747536059.866993,-1.6831802348742513,-3.849736793887994,4.750728607177734
1747536059.8821597,-1.6915164701305438,-3.8127675695901435,5.107641220092773
1747536059.9069817,-1.69744301130379,-3.7484410231356704,5.021810531616211
1747536059.9268322,-1.7413818403094843,-3.685437057472416,4.990100860595703
1747536059.947607,-1.760238852347272,-3.628675623131758,5.99980354309082
1747536059.9672227,-1.7699309790609432,-3.589389799959311,4.911184310913086
1747536059.9879992,-1.7948409721270975,-3.493775342569004,5.712270736694336
1747536060.009503,-1.7975488946931724,-3.403696093892729,5.194187164306641
1747536060.0271444,-1.795219219677089,-3.3378243266059995,5.0945281982421875
1747536060.0470266,-1.8106246953579241,-3.2403299624779063,5.0144195556640625
1747536060.0669425,-1.8195201785117145,-3.1766759091630368,5.235433578491211
1747536060.0928116,-1.8398592014594473,-3.1282653372649856,10.627985000610352
1747536060.11072,-1.8493676294928305,-3.0878895811879152,5.448102951049805
1747536060.127999,-1.8679649591141465,-3.0096461191295947,5.291938781738281
1747536060.147028,-1.848741699709285,-2.9505233672710243,5.251646041870117
1747536060.165388,-1.8502930765694001,-2.903646104149951,5.438089370727539
1747536060.187629,-1.858258474810006,-2.8187743522700894,5.558967590332031
1747536060.2071218,-1.8646432668066095,-2.7463695154810726,5.264759063720703
1747536060.2270696,-1.8508426694327573,-2.6893174585908075,5.188465118408203
1747536060.2474437,-1.8446582967536018,-2.632580653806729,5.319833755493164
1747536060.2673798,-1.8463731829825898,-2.580146581787386,5.315065383911133
1747536060.2830706,-1.8375476914918811,-2.5266588776018284,5.42902946472168
1747536060.3019714,-1.8341591860807462,-2.448424375655707,5.291938781738281
1747536060.3272047,-1.8325019398777935,-2.367617605628066,5.211830139160156
1747536060.3477833,-1.8426763809075042,-2.2875253873788908,5.736589431762695
1747536060.3682318,-1.8523870637907833,-2.2251962187481205,5.141019821166992
1747536060.3871207,-1.8650172201890818,-2.1659839950201287,5.261421203613281
1747536060.4071865,-1.8084791419823485,-2.0820980099722566,5.22303581237793
1747536060.4293807,-1.7892397299697398,-2.012437373983459,5.337953567504883
1747536060.4500926,-1.7788549028380012,-1.9605610076763174,5.9375762939453125
1747536060.4673867,-1.773794219851606,-1.9134901087424185,5.439281463623047
1747536060.489677,-1.7456917911665197,-1.8254997170058114,6.872653961181641
1747536060.5082626,-1.7246039221286058,-1.7498773867781674,5.235195159912109
1747536060.5300913,-1.713256277990712,-1.6855187116501096,7.690191268920898
1747536060.5483594,-1.6702952055366755,-1.603738791337228,5.122184753417969
1747536060.5694385,-1.637730727074152,-1.5311594017961494,7.172107696533203
1747536060.585402,-1.6162095718390372,-1.4739170592823665,5.930423736572266
1747536060.6058486,-1.5691309435376013,-1.391450524685076,8.609294891357422
1747536060.625242,-1.538993062092635,-1.326455286644355,5.60450553894043
1747536060.6502874,-1.5154985205687537,-1.251692412160758,7.682085037231445
1747536060.6700618,-1.4660563710684398,-1.1801062102119033,5.3253173828125
1747536060.6884048,-1.43326546903593,-1.1093879665622814,5.204439163208008
1747536060.7045274,-1.4054397245086794,-1.0547296272534905,5.3768157958984375
1747536060.7278101,-1.3592977598621752,-0.9803686451210845,5.48100471496582
1747536060.7472656,-1.308405618505564,-0.9242488244055542,5.509376525878906
1747536060.7694943,-1.2596927416871952,-0.8612953919815801,5.5408477783203125
1747536060.7876549,-1.2307499049823474,-0.822335878252886,5.589962005615234
1747536060.8085175,-1.1849456422684417,-0.7574997018950854,5.73420524597168
1747536060.8255854,-1.1471431286083684,-0.7129871882753752,5.807161331176758
1747536060.84748,-1.1092032215340102,-0.6643367882858398,5.543947219848633
1747536060.867336,-1.042561601320429,-0.6038474683715359,5.615949630737305
1747536060.8876915,-0.991963233122774,-0.5589231712976831,5.942583084106445
1747536060.9086754,-0.9407395060829363,-0.5153041923766417,6.432056427001953
1747536060.9282427,-0.9051552998188571,-0.4797427217581134,5.960941314697266
1747536060.9495823,-0.8756077957831371,-0.43518451252235596,5.916595458984375
1747536060.9711194,-0.8368432934222072,-0.3921539640476774,6.0939788818359375
1747536060.9910436,-0.8134577231714722,-0.3620001988714064,7.288932800292969
1747536061.0089104,-0.7334749485022699,-0.3109152624255443,5.719184875488281
1747536061.0278041,-0.6596671341503149,-0.2555708790674168,5.80286979675293
1747536061.0451934,-0.6253145863280194,-0.23021520440139678,6.013154983520508
1747536061.0699055,-0.5558443346552473,-0.16857274991855084,5.554437637329102
1747536061.0865147,-0.5168307391207351,-0.13552139899344856,5.13911247253418
1747536061.1022406,-0.4669877674566427,-0.10792662701349201,5.280017852783203
1747536061.1272345,-0.40366915518101554,-0.06276692075124052,5.223274230957031
1747536061.147284,-0.34301682674322415,-0.021542889199911555,5.310535430908203
1747536061.1693335,-0.28862826243901174,0.022653796766855184,5.649805068969727
1747536061.1899464,-0.23199843202247664,0.06312795130529696,6.34312629699707
1747536061.210045,-0.17788338193449693,0.09349667647103083,7.467746734619141
1747536061.2288244,-0.1116995888960417,0.11286570214822003,5.753040313720703
1747536061.247403,-0.05562415523176891,0.12657850750027702,5.227088928222656
1747536061.2657828,-0.021721937851792855,0.14724980040384025,7.170438766479492
1747536061.2873304,0.03685372635057669,0.16893861313658087,5.286693572998047
1747536061.303486,0.06498637639623897,0.17871796659954672,5.056142807006836
1747536061.3269148,0.13593518406895383,0.19327548986534457,5.235910415649414
1747536061.3470724,0.19970280501459348,0.20212143237728672,5.327701568603516
1747536061.3687189,0.21918490253133097,0.21704687372827838,4.980802536010742
1747536061.3890285,0.2580987880293923,0.233835251152529,7.202863693237305
1747536061.4162176,0.2693394846836617,0.23833316154382556,8.710622787475586
1747536061.4438095,0.29834886626660406,0.2596171936856706,7.544040679931641
1747536061.4635084,0.33538155064530917,0.27077679242629554,5.857229232788086
1747536061.4834557,0.3849204095699632,0.28258600092925845,5.521059036254883
1747536061.4986842,0.42612459853729057,0.30476678503186255,5.078554153442383
1747536061.5159407,0.4645910220277892,0.323884090631334,6.531238555908203
1747536061.5295186,0.4935160674248888,0.3312617851155038,4.82487678527832
1747536061.5476923,0.537279322996159,0.3391167658915377,5.016326904296875
1747536061.5688322,0.6107440573049385,0.340210329448614,5.172967910766602
1747536061.5871103,0.6725766608166791,0.3404615552849606,4.905939102172852
1747536061.6075056,0.7159054359705184,0.3436146388602308,5.303859710693359
1747536061.6348257,0.8282619119800867,0.35556713957235864,10.052919387817383
1747536061.6566727,0.9058917525664716,0.3548447166283926,7.297277450561523
1747536061.673912,0.9511462562552416,0.3548613324578448,5.7353973388671875
1747536061.691647,1.089299417382825,0.36127268826064396,5.514860153198242
1747536061.7095184,1.1838810845293635,0.36195458609743925,6.376981735229492
1747536061.7268085,1.229660976573129,0.35412023741282406,4.674673080444336
1747536061.7442062,1.2661230593095123,0.34513074665538596,6.5670013427734375
1747536061.7667754,1.3451191079793312,0.3372899668456074,4.876613616943359
1747536061.7866318,1.4047426786596133,0.33245836019419506,4.852294921875
1747536061.803737,1.4449901580981972,0.33348998156729515,5.61976432800293
1747536061.827271,1.507253615439463,0.3165257848809942,5.591869354248047
1747536061.8423433,1.5361642860721714,0.31031410564401407,4.833698272705078
1747536061.8681912,1.5816630522014212,0.2967384515450952,6.51860237121582
1747536061.8873203,1.6371259607887225,0.27846316167680657,4.686832427978516
1747536061.9081893,1.7220799283131698,0.24836332843599737,5.583047866821289
1747536061.9364455,1.8111686677386194,0.2234617780783206,7.188320159912109
1747536061.95336,1.8373126736041423,0.19682142774836506,6.299018859863281
1747536061.9707136,1.8693475983670507,0.17070246769888237,4.713296890258789
1747536061.9857345,1.900507431491793,0.1495914665194219,4.59599494934082
1747536062.0100842,1.9375651751203196,0.12528719879227693,5.800724029541016
1747536062.0321224,1.9764169614777594,0.08948132607446195,5.526542663574219
1747536062.0533211,2.0136523704072213,0.06236501579464906,6.181478500366211
1747536062.0738688,2.044562182760784,0.04431401599656069,6.642341613769531
1747536062.1019008,2.1118114555195646,-0.008689193436668732,6.142854690551758
1747536062.1256154,2.1618118984380286,-0.04710070232144917,7.408380508422852
1747536062.1435385,2.2184312834427002,-0.10308596221349116,5.281209945678711
1747536062.1671069,2.2687216318998713,-0.14982213153006171,5.396127700805664
1747536062.1886613,2.308257319607315,-0.17957271104382294,5.231142044067383
1747536062.2070973,2.358250329072901,-0.21645799734560311,5.053997039794922
1747536062.224046,2.3949054198223414,-0.23915749301899814,5.016803741455078
1747536062.2474675,2.435344698385173,-0.2698553063448744,5.649566650390625
1747536062.266871,2.467528121891754,-0.2898561480620221,5.136728286743164
1747536062.2871747,2.5150573413253605,-0.33523967667480065,5.302906036376953
1747536062.3026032,2.5444380607087607,-0.3658414185786753,5.171537399291992
1747536062.3222258,2.5823892780769153,-0.39928474113065987,5.676507949829102
1747536062.342144,2.596291207616129,-0.4346586761617655,5.241155624389648
1747536062.3673275,2.621619895548492,-0.4757601364605543,5.406856536865234
1747536062.387324,2.661668566067152,-0.500598914280322,5.491971969604492
1747536062.40759,2.7361093428121284,-0.549506108460548,5.443811416625977
1747536062.4283738,2.734484658845762,-0.602371021161708,5.316734313964844
1747536062.4484317,2.767882226929489,-0.6561517783476408,5.675077438354492
1747536062.4683254,2.8028412573487698,-0.7091651130857209,5.719900131225586
1747536062.4899802,2.8006898068753894,-0.7529178996280229,5.942106246948242
1747536062.508865,2.8056142720701787,-0.7952082548865882,6.004571914672852
1747536062.527886,2.8138519202355305,-0.8297113361229693,5.732297897338867
1747536062.5489628,2.8066246831917074,-0.8885344951956463,6.509065628051758
1747536062.5680785,2.8199227927324517,-0.9265963265101488,5.786657333374023
1747536062.590275,2.8318862928431745,-0.9539412894149618,5.494594573974609
1747536062.6123843,2.8532028001102545,-1.008016317243409,6.181478500366211
1747536062.6321533,2.853743074346569,-1.049788138540422,7.951498031616211
1747536062.6479843,2.849520784089091,-1.079505809715557,5.280733108520508
1747536062.6678584,2.8539130652947953,-1.1251349288436574,5.867719650268555
1747536062.6871622,2.852796705318968,-1.155718812867408,5.3501129150390625
1747536062.7079248,2.8844426290795537,-1.205056265442396,5.109071731567383
1747536062.7271662,2.910308395158259,-1.244503505596331,5.057573318481445
1747536062.747886,2.926380394664772,-1.2770528914668644,5.060434341430664
1747536062.7666926,2.9397598227933504,-1.3351731639919395,4.897117614746094
1747536062.784028,2.947668734950446,-1.3739727062877263,4.937648773193359
1747536062.9440513,2.9977388386071526,-1.6994953264705897,6.211042404174805
1747536062.9612997,2.9400691423276224,-1.746443334506381,6.033658981323242
1747536062.9813328,2.9021985236470305,-1.7735837863762782,8.475065231323242
1747536063.001285,2.885404451519228,-1.8098512743526154,8.167028427124023
1747536063.021288,2.8724926599463503,-1.8473453531311526,9.940624237060547
1747536063.0398114,2.8516320179090475,-1.8993165664375926,4.9953460693359375
1747536063.0584438,2.83290304585245,-1.9417979306276278,8.374452590942383
1747536063.0768616,2.82060557229406,-1.9783911348242071,6.973981857299805
1747536063.0949776,2.789875238424983,-2.037614182643291,5.692958831787109
1747536063.1187937,2.7536537127828593,-2.0799429818810626,5.463838577270508
1747536063.133408,2.7240613920480516,-2.115168548706783,5.002737045288086
1747536063.1480114,2.715716706489583,-2.1454681948556686,5.503654479980469
1747536063.1631844,2.685749565629858,-2.1859632736407053,4.867792129516602
1747536063.1866503,2.6577130383504963,-2.239960578343577,4.7702789306640625
1747536063.202224,2.647250810930915,-2.2661872024309844,4.7931671142578125
1747536063.2267559,2.582055485640849,-2.3208848966114166,5.044221878051758
1747536063.2466002,2.556767029297136,-2.366134861453756,4.895448684692383
1747536063.267766,2.5461697913284893,-2.3970016297905956,4.930734634399414
1747536063.2875535,2.518291163196391,-2.4661436003132717,4.897832870483398
1747536063.3082607,2.5046190625057987,-2.520343299290489,5.052328109741211
1747536063.3313844,2.5000160324129737,-2.559680047596285,5.668878555297852
1747536063.3511996,2.503757043772164,-2.5708232114705654,8.013725280761719
1747536063.3685186,2.4833698738814416,-2.6130041278161844,5.034208297729492
1747536063.3871794,2.465093968915005,-2.650693931199392,5.109310150146484
1747536063.4067492,2.4254121213138236,-2.7026685326771482,4.886865615844727
1747536063.427794,2.4129652664558447,-2.758773893960882,5.031585693359375
1747536063.4486465,2.408096513632445,-2.806147481987553,6.813764572143555
1747536063.469849,2.3982071091362225,-2.851864166029591,5.828857421875
1747536063.492235,2.3968194605197968,-2.9173398707961145,6.356000900268555
1747536063.5185654,2.3938436696596552,-2.986325694195886,6.852149963378906
1747536063.542093,2.386854904513713,-3.059786786866299,9.018421173095703
1747536063.5659952,2.4083172752988755,-3.1180572890928926,6.88481330871582
1747536063.586726,2.4324864873991388,-3.255940388503688,5.24139404296875
1747536063.6069448,2.4466412849406165,-3.317258925211573,5.276918411254883
1747536063.6268969,2.4736336221785162,-3.391191557987168,4.878997802734375
1747536063.6469398,2.495050977167218,-3.449492423655973,4.963874816894531
1747536063.666536,2.509476815005743,-3.496335938432754,4.74858283996582
1747536063.686638,2.543875365290316,-3.5659491903365383,4.810810089111328
1747536063.7066195,2.5761415336942823,-3.629155615133516,4.853725433349609
1747536063.7260242,2.6108117773336788,-3.6770024395522833,5.089044570922852
1747536063.7468736,2.646649080192639,-3.7630484570753846,4.990577697753906
1747536063.7669191,2.687741284850839,-3.825357376263827,4.851341247558594
1747536063.8082504,2.743150132271221,-3.887581497788835,7.21430778503418
1747536063.8264658,2.816881286457105,-3.9919966190438467,4.950046539306641
1747536063.8421829,2.8542116746407955,-4.03946018137748,4.785060882568359
1747536063.8669336,2.8838406977093003,-4.082448687362874,4.814863204956055
1747536063.889257,2.9253050504204556,-4.130112257405879,6.988763809204102
1747536063.9059868,2.9600297025780744,-4.161019033461756,4.955530166625977
1747536063.9296284,3.001490025473155,-4.204686714412961,6.542444229125977
1747536063.949244,3.0570469821346706,-4.266869336318641,5.824089050292969
1747536063.9696684,3.0999988346607306,-4.311176231010375,7.09080696105957
1747536063.9877958,3.129240141676948,-4.339650053124462,5.214214324951172
1747536064.0095463,3.1816576042650593,-4.4044313816235166,6.555318832397461
1747536064.0277998,3.2220070497270554,-4.448123365707478,5.176305770874023
1747536064.046752,3.2416100018368113,-4.47384905165681,5.477428436279297
1747536064.0681462,3.2631135765739243,-4.502785586214037,5.0601959228515625
1747536064.0867975,3.3201860126595255,-4.561208000852587,5.06281852722168
1747536064.1068738,3.351800580364836,-4.6062014865181204,5.169391632080078
1747536064.1270778,3.3735605336767103,-4.636649323717877,5.213737487792969
1747536064.1456482,3.4241210346334094,-4.698466102947839,5.221843719482422
1747536064.170042,3.452492270523388,-4.7643523510400625,6.758689880371094
1747536064.1872537,3.4618647504557285,-4.8065612170079675,5.084037780761719
1747536064.2070887,3.5188541486685003,-4.870472496788914,5.116701126098633
1747536064.226916,3.5489462341868983,-4.926889498936038,5.150079727172852
1747536064.2471142,3.5574557538640907,-4.978078686646657,5.093574523925781
1747536064.267122,3.557963929604628,-5.0166268861164784,5.121707916259766
1747536064.3060563,3.5529391010807116,-5.048732477504641,7.821321487426758
1747536064.3280106,3.5679792228306364,-5.116120164194517,6.469249725341797
1747536064.3560483,3.5662016939770207,-5.186618860734346,9.947776794433594
1747536064.3790324,3.574296012649904,-5.234660085685544,8.648157119750977
1747536064.3973625,3.5734686432924443,-5.28804939076796,7.637500762939453
1747536064.4164374,3.567787481082505,-5.3208407552540296,7.678747177124023
1747536064.4474487,3.580772475794991,-5.4044749280007816,6.7157745361328125
1747536064.471114,3.569680692364408,-5.456642073632497,7.0514678955078125
1747536064.4948976,3.5614680532835057,-5.491834834668721,8.676290512084961
1747536064.5189817,3.580661308919493,-5.545786566137633,10.055303573608398
1747536064.53875,3.5882050446308895,-5.573490041119052,9.618997573852539
1747536064.5587845,3.5834724068189896,-5.6024355683850375,9.315967559814453
1747536064.5788684,3.591765915715063,-5.662737383030562,5.848169326782227
1747536064.597945,3.5844903059992137,-5.696206241245292,6.379604339599609
1747536064.613749,3.5607084208933584,-5.743336939858891,7.170677185058594
1747536064.6303992,3.5499998740884764,-5.791991506126268,5.6056976318359375
1747536064.6458004,3.531618184774745,-5.827587362041322,5.782604217529297
1747536064.6627624,3.5153424238405306,-5.8536825009487226,5.063772201538086
1747536064.683057,3.4991801035333596,-5.8720226813395415,5.124330520629883
1747536064.7072394,3.499037497337534,-5.910934052922755,4.912614822387695
1747536064.7279801,3.488590747265481,-5.936486231268085,4.997968673706055
1747536064.7473598,3.476818008995395,-5.96021957449881,4.922151565551758
1747536064.7652187,3.4612374184649344,-5.995889865101449,6.987094879150391
1747536064.7936866,3.4295409695456573,-6.041645070008807,5.621910095214844
1747536064.809288,3.4003173592006024,-6.070884203435892,4.979372024536133
1747536064.8280182,3.365084113379595,-6.100020117115914,5.08880615234375
1747536064.8470137,3.3348507704079253,-6.118911880815483,6.78563117980957
1747536064.8746653,3.2811717721052225,-6.1480105596875,9.431600570678711
1747536064.8936152,3.2432081221078324,-6.175246187731234,5.7621002197265625
1747536064.9077694,3.2055328284943054,-6.194915741511993,4.868030548095703
1747536064.9269068,3.157933870471948,-6.219013676596965,4.988193511962891
1747536064.950464,3.120567951778978,-6.237200163252154,5.20634651184082
1747536064.969845,3.074212861946731,-6.264239275350715,5.384206771850586
1747536064.995588,3.0213291578779917,-6.285011409911392,6.679296493530273
1747536065.0144777,2.973121602147333,-6.3023201869971475,6.681203842163086
1747536065.0367103,2.9404188615990536,-6.317655354441002,10.026216506958008
1747536065.0554245,2.888891983478751,-6.336041523784276,8.40139389038086
1747536065.0742114,2.8299888886400444,-6.35534234135121,6.80851936340332
1747536065.0918715,2.7902752578496743,-6.370262220772238,6.124973297119141
1747536065.1130154,2.7053328041140414,-6.389620440966097,5.624294281005859
1747536065.1279964,2.641780635792195,-6.406076327148984,4.944324493408203
1747536065.1467297,2.6066945519054214,-6.413497938701199,5.045175552368164
1747536065.1625714,2.5610640361469406,-6.425079421008782,5.011558532714844
1747536065.186903,2.5080085649523145,-6.435959471325699,4.940032958984375
1747536065.2068214,2.467846502691002,-6.446906154053662,4.992246627807617
1747536065.2240438,2.429946951771545,-6.462014891351009,5.64885139465332
1747536065.2472856,2.37964601729065,-6.479868585694313,4.920244216918945
1747536065.2624195,2.353117465332493,-6.485747967873049,5.033016204833984
1747536065.2945848,2.288398351403843,-6.49444598873392,7.453441619873047
1747536065.3132124,2.244410343588314,-6.497549905977006,5.558252334594727
1747536065.3327043,2.2022315805584043,-6.503092118622772,6.351470947265625
1747536065.352852,2.136296707097948,-6.507066272484944,5.550146102905273
1747536065.3676324,2.0875683309306647,-6.5109681666536945,4.752635955810547
1747536065.3888233,2.0401113297692097,-6.517788398979275,5.409002304077148
1747536065.4083564,2.007621938326357,-6.52246049744847,6.623029708862305
1747536065.4270139,1.9821550146832803,-6.526471350877608,4.899740219116211
1747536065.449788,1.9494172488313048,-6.529136376552568,6.757974624633789
1747536065.4697547,1.9067461541265773,-6.535068252341146,5.748748779296875
1747536065.492838,1.861985410984778,-6.5397733469192305,7.609128952026367
1747536065.5117815,1.8164490664002706,-6.54217868028118,6.981134414672852
1747536065.5302162,1.789591240281014,-6.551494438461846,5.399942398071289
1747536065.5539515,1.761909266178923,-6.556611149980032,7.328033447265625
1747536065.574059,1.734135089335613,-6.558662275223766,7.840394973754883
1747536065.5999978,1.667440789665516,-6.554805267367441,4.90260124206543
1747536065.6157935,1.6159423603707397,-6.549765688517705,5.939483642578125
1747536065.6305661,1.5714540550591072,-6.543065294749055,4.7397613525390625
1747536065.647477,1.5100227183557557,-6.539495845950026,4.770517349243164
1747536065.6676102,1.440180300284775,-6.5416652050486555,4.6977996826171875
1747536065.6869464,1.381838721084347,-6.545309007440904,4.908323287963867
1747536065.7070243,1.3237587204631565,-6.547563183740787,4.951715469360352
1747536065.727052,1.2594551142154458,-6.536516262777197,5.157947540283203
1747536065.746992,1.2163278586685606,-6.52672956836605,5.033969879150391
1747536065.7664423,1.178922785468349,-6.522438415913168,4.727363586425781
1747536065.7874005,1.1275003671502206,-6.518012799766493,5.390405654907227
1747536065.8115952,1.0759921372642498,-6.51590068317539,5.2947998046875
1747536065.8373356,1.0297085362623533,-6.5131806983723095,8.044242858886719
1747536065.8542664,0.9745533548632813,-6.506671292332788,5.858898162841797
1747536065.8685107,0.910342172705463,-6.500441671220868,5.116939544677734
1747536065.8864503,0.8514765858982705,-6.499392317368062,4.763603210449219
1747536065.9020135,0.8077554214466209,-6.500248218809899,4.93311882019043
1747536065.9364586,0.7016139602410241,-6.477310263164256,6.794214248657227
1747536065.9608915,0.6607100188353032,-6.469698413833049,8.712291717529297
1747536065.9819224,0.598918892207103,-6.448674873116055,6.868124008178711
1747536066.007947,0.48203654483515357,-6.419121725219473,5.411386489868164
1747536066.0282266,0.4157428272589431,-6.408983830183249,5.530118942260742
1747536066.0534527,0.3450521833055286,-6.382339457809572,7.427692413330078
1747536066.070435,0.2609629295235713,-6.353772233399002,5.066156387329102
1747536066.0869384,0.22330920022757839,-6.341466067311624,5.063533782958984
1747536066.1071982,0.15435085776105525,-6.31644255928773,5.2127838134765625
1747536066.129881,0.11016029719988427,-6.2990775428442705,7.011175155639648
1747536066.148906,0.07776884810701626,-6.288912753427052,6.994962692260742
1747536066.1675289,0.038666934916682806,-6.2750513315960275,5.387783050537109
1747536066.1871989,0.0656310602727221,-6.245368182025722,5.417585372924805
1747536066.207981,0.08046210057964003,-6.213022889114256,5.199432373046875
1747536066.227037,0.05116168999924635,-6.17725507475619,5.375146865844727
1747536066.2471664,0.03261962908571642,-6.135934868653326,5.437612533569336
1747536066.2641914,0.024645585369287328,-6.110726605855676,5.303144454956055
1747536066.2886934,-0.022159588400872652,-6.072115358522248,5.607843399047852
1747536066.3107169,-0.053483865239216645,-6.02831077347688,5.87916374206543
1747536066.3296804,-0.05746964669308277,-5.997807638469781,5.949735641479492
1747536066.3480015,-0.07913871390230776,-5.974722180390752,5.88536262512207
1747536066.3673232,-0.111543324966965,-5.936534434144761,5.609035491943359
1747536066.3876276,-0.16694825097133087,-5.901729249508765,5.672693252563477
1747536066.4078739,-0.21301225219260433,-5.887570909466659,6.038904190063477
1747536066.4296515,-0.24362056783756128,-5.868458046752651,6.88934326171875
1747536066.4527311,-0.30749810814222384,-5.8216260384714005,8.665800094604492
1747536066.4728405,-0.3561210545678601,-5.783908237607811,6.596803665161133
1747536066.4928744,-0.39094249118551305,-5.7559357682330266,8.0413818359375
1747536066.5172167,-0.45438722407234294,-5.690998615889632,7.822513580322266
1747536066.5397356,-0.4974954553658591,-5.658203893444385,9.790182113647461
1747536066.5559857,-0.52981411910193,-5.627731096520643,6.576299667358398
1747536066.5751386,-0.6039425292463546,-5.580208154506447,6.743192672729492
1747536066.5921917,-0.6630843061470603,-5.5285813201629805,5.921125411987305
1747536066.611376,-0.6895918980110222,-5.4935029843821646,5.840301513671875
1747536066.628039,-0.7813296360186058,-5.420027825586152,5.794286727905273
1747536066.6453774,-0.8337488323883306,-5.356798230151502,6.108522415161133
1747536066.6632967,-0.8605304552225852,-5.316486628210803,5.315542221069336
1747536066.690212,-0.8888694025084815,-5.2601191922984425,7.002592086791992
1747536066.7083688,-0.9418689907715749,-5.213456381396416,5.157470703125
1747536066.7280128,-0.9867560292812299,-5.1511807017271485,5.7277679443359375
1747536066.743254,-0.9980618282123076,-5.118316864965206,4.969358444213867
1747536066.7688143,-1.0871722319632726,-5.041198845637562,5.875349044799805
1747536066.7895246,-1.13126265252953,-4.983464337552398,5.6514739990234375
1747536066.8160264,-1.1610537958840645,-4.927968850924071,5.8612823486328125
1747536066.8307211,-1.2396716770791487,-4.859706353446297,4.874706268310547
1747536066.8466432,-1.2746054461337681,-4.80081497486698,5.021810531616211
1747536066.8669682,-1.2936882256072944,-4.7532195600949025,4.945039749145508
1747536066.8880796,-1.303387542059675,-4.7116473063831945,5.457878112792969
1747536066.9070508,-1.3911861830202623,-4.6439907881407825,4.886865615844727
1747536066.9234712,-1.428201901045853,-4.604950539243742,5.00941276550293
1747536066.9429212,-1.4469709856538446,-4.543397465576019,5.057573318481445
1747536066.9691079,-1.4625287005949152,-4.476316488523118,6.417036056518555
1747536066.9838133,-1.4693618113976756,-4.4283809898185735,4.857063293457031
1747536067.0076246,-1.5326963213193132,-4.361235008656927,5.016088485717773
1747536067.0274675,-1.5568864518730738,-4.3013237552455,4.988431930541992
1747536067.047282,-1.5733902207345916,-4.260147583200302,5.059957504272461
1747536067.0680068,-1.6303523464577747,-4.20564464181037,4.893779754638672
1747536067.086907,-1.6511700631028077,-4.156244315245316,4.813909530639648
1747536067.107036,-1.6631778333116436,-4.097205235308548,5.0487518310546875
1747536067.1309998,-1.718956457946206,-4.042117202421123,8.719682693481445
1747536067.1466985,-1.7398596580172108,-4.009713320530127,4.90260124206543
1747536067.1678448,-1.7540257027824402,-3.9456229630838977,4.909276962280273
1747536067.1889546,-1.798257949400995,-3.8755927426731214,6.6585540771484375
1747536067.2094908,-1.8127339044180726,-3.8071564021236193,7.219552993774414
1747536067.2378683,-1.8216825913916164,-3.7512524210272065,12.26353645324707
1747536067.2611852,-1.8656048119379007,-3.68183362551846,7.135868072509766
1747536067.2816303,-1.887273717699715,-3.617920403501677,6.583929061889648
1747536067.3000064,-1.8939276987450615,-3.5732593313530767,5.457162857055664
1747536067.3155258,-1.9097145067913401,-3.4822077112261534,5.664825439453125
1747536067.3299165,-1.9074371534577523,-3.374987969789165,5.359411239624023
1747536067.3531618,-1.9116173826398277,-3.266580737828572,7.123231887817383
1747536067.3694062,-1.9214482595850237,-3.2124339084216524,5.893468856811523
1747536067.3893387,-1.9403272765930062,-3.1176650802341093,5.744218826293945
1747536067.4180834,-1.9496642148252155,-3.044343561003284,8.675336837768555
1747536067.4403317,-1.962508936830352,-2.962080299010138,7.801055908203125
1747536067.4584901,-1.9305265345433638,-2.900928644223406,6.296634674072266
1747536067.4741473,-1.921567835592139,-2.8184932390307993,5.800485610961914
1747536067.4904404,-1.9251703214207394,-2.7740202961373805,6.201505661010742
1747536067.506585,-1.9325123036323844,-2.7175886202783426,5.872964859008789
1747536067.529924,-1.909841210973489,-2.631848702322563,6.433248519897461
1747536067.5499763,-1.9033553696633418,-2.5746036439443696,7.779359817504883
1747536067.5699139,-1.9005350292711933,-2.536651216303863,7.715940475463867
1747536067.5880237,-1.8933557186937506,-2.4496225721152647,5.571603775024414
1747536067.608081,-1.8869715622233103,-2.372545202287518,5.626201629638672
1747536067.6236472,-1.8855155875959546,-2.3205594273040213,5.200862884521484
1747536067.6486685,-1.852859341582445,-2.2175283180605803,5.5694580078125
1747536067.6681483,-1.8422809056129414,-2.141148182411584,5.218505859375
1747536067.6872954,-1.8404560247690467,-2.0939136502724804,5.293607711791992
1747536067.7077374,-1.8029939695120636,-2.0270135949552928,5.254507064819336
1747536067.7237093,-1.7887605538672966,-1.9820775422213817,5.265235900878906
1747536067.7424576,-1.7822775875698469,-1.9327735248463809,5.321264266967773
1747536067.7672498,-1.771907790609326,-1.8680951530411978,5.233287811279297
1747536067.7872095,-1.7343106370923949,-1.774690441695176,5.268573760986328
1747536067.9496863,-1.4850963642525397,-1.2613724349867073,5.4798126220703125
1747536067.9657624,-1.486962772482698,-1.2078248941098775,5.27644157409668
1747536067.987,-1.4357108019123677,-1.1110187464850012,5.331754684448242
1747536068.0070746,-1.405461440447739,-1.0461161455148167,5.446672439575195
1747536068.027336,-1.379224282651534,-0.9854957018916988,5.455970764160156
1747536068.0483932,-1.3151805683733186,-0.9090342349037351,5.362510681152344
1747536068.064805,-1.2835440292194222,-0.857088211983356,5.6247711181640625
1747536068.0878341,-1.2437223238477022,-0.7910957846613947,5.8746337890625
1747536068.107541,-1.1890835610920276,-0.7289156550410634,5.819797515869141
1747536068.127453,-1.1474264538812329,-0.6726622196380442,5.541801452636719
1747536068.1498191,-1.1093554244664117,-0.6249685423415315,5.756139755249023
1747536068.1680915,-1.035918164863471,-0.5659708838037043,5.631685256958008
1747536068.1877708,-0.971923535906459,-0.5116070888470827,5.723237991333008
1747536068.2078013,-0.9223368970693664,-0.4617626125682554,5.851507186889648
1747536068.227409,-0.8864418984303277,-0.4241152661001528,5.669593811035156
1747536068.2475915,-0.8553272046403039,-0.39216516613514374,5.730867385864258
1747536068.2676485,-0.8175758986337927,-0.34428593961884973,5.822658538818359
1747536068.2861953,-0.791148441276815,-0.31398931412619036,6.592988967895508
1747536068.3028057,-0.7622595316954626,-0.28796855827060186,5.751371383666992
1747536068.327296,-0.7234924444682781,-0.25863599211222094,5.516290664672852
1747536068.3485115,-0.6565312045743572,-0.21400960660769686,5.437612533569336
1747536068.3671594,-0.5979129939134672,-0.17840007596257507,5.299091339111328
1747536068.387369,-0.5443859213622106,-0.15174773164027,5.400419235229492
1747536068.407487,-0.48680269566895373,-0.10487293056855708,5.620718002319336
1747536068.4269931,-0.4158156066009793,-0.06488616344454216,5.1555633544921875
1747536068.4505112,-0.35423383094259414,-0.03534645800512194,8.670330047607422
1747536068.4681242,-0.28362012672675574,0.01315858569074083,5.099296569824219
1747536068.4879494,-0.20248777087691894,0.05558634640320625,5.481719970703125
1747536068.5025508,-0.1594074343081841,0.07900180013060477,5.133390426635742
1747536068.5279517,-0.10119137506994885,0.12514092064590973,5.599737167358398
1747536068.547305,-0.055970737168005054,0.14826991610313267,5.256891250610352
1747536068.5688035,-0.011323395197405554,0.16546357909270645,5.396604537963867
1747536068.5872266,0.02669205587529853,0.17660496125732175,5.0449371337890625
1747536068.6075168,0.08431921858928965,0.20759704469806434,5.5484771728515625
1747536068.6298978,0.14761917205284078,0.23098428153584977,7.332801818847656
1747536068.6484857,0.2147333437993175,0.25719182509248295,5.522966384887695
1747536068.6678815,0.18089410540510387,0.2661344636357553,4.927396774291992
1747536068.690227,0.20614577253791302,0.2766838913515901,7.396697998046875
1747536068.7069938,0.24522558256006677,0.2850102544227294,4.907131195068359
1747536068.7266138,0.30049781021171823,0.30908334565700174,4.8046112060546875
1747536068.7460082,0.32889455754784547,0.32368345601741055,5.137920379638672
1747536068.7669175,0.38250120885305094,0.341547970553562,4.938840866088867
1747536068.7941363,0.4229905702287184,0.3511102960084334,11.713504791259766
1747536068.8134644,0.5036105331006898,0.3596293338455161,7.208347320556641
1747536068.8351114,0.568733868303315,0.36769317695375386,7.555961608886719
1747536068.8603501,0.6321312610130934,0.37138333622511704,6.729602813720703
1747536068.8810673,0.6949463444741686,0.37636648135773737,6.12950325012207
1747536068.903266,0.7510496596140086,0.3853902060532993,6.071567535400391
1747536068.9252782,0.8585488799432573,0.38915493107609156,6.453990936279297
1747536068.944439,0.9490074042821474,0.39453895281329043,5.715370178222656
1747536068.9653194,1.0190141056624544,0.4019259430811793,7.191896438598633
1747536068.979625,1.0772062178891086,0.4103381270967101,5.662441253662109
1747536068.9939978,1.1608216322025346,0.4093267067426117,4.825592041015625
1747536069.0078561,1.265189557619938,0.4058554753755218,5.023002624511719
1747536069.0269985,1.3439037410863495,0.39892715770824316,4.947185516357422
1747536069.0492713,1.393337350404978,0.39226726692941777,6.405115127563477
1747536069.0678103,1.4471310015477488,0.37324511858672504,4.87828254699707
1747536069.086767,1.495747722051454,0.35560285597395735,4.754543304443359
1747536069.1098278,1.550616429399323,0.3404662987875778,6.692171096801758
1747536069.1275203,1.6209445190088534,0.317931232233491,5.009174346923828
1747536069.1472783,1.688159370043574,0.2979429953718472,5.041599273681641
1747536069.1666245,1.7345520504754008,0.28111703079053324,4.754304885864258
1747536069.186405,1.7837611290981301,0.24047945352165984,4.717350006103516
1747536069.2068899,1.8189460133035866,0.21256592439787442,5.055427551269531
1747536069.2281559,1.8486725651671339,0.19535294656429142,5.527973175048828
1747536069.2488747,1.908018992127884,0.1569930850728058,5.053043365478516
1747536069.270599,1.9597817918936946,0.12544173729289992,4.956722259521484
1747536069.296897,2.0003341080224066,0.10199737931695181,10.715246200561523
1747536069.317021,2.0325527138225943,0.06545232441790245,7.306814193725586
1747536069.3348706,2.053711931768869,0.030311698952230088,5.706548690795898
1747536069.3570452,2.0785156343846545,0.005171979433560057,7.5817108154296875
1747536069.3712509,2.1002844765271154,-0.012908319054065916,4.853725433349609
1747536069.3900037,2.158777365987599,-0.04209688644347704,4.803180694580078
1747536069.4072523,2.211298802938344,-0.07666601351950074,5.08880615234375
1747536069.4273713,2.243766919163675,-0.09937977644020735,5.168914794921875
1747536069.449436,2.2722451019777457,-0.1185144607723803,7.214546203613281
1747536069.4688883,2.3168580156961056,-0.1588939280834608,5.250453948974609
1747536069.4876819,2.3461464026519003,-0.1941288860656855,5.4225921630859375
1747536069.5076299,2.3587438980101925,-0.21378339443761904,5.203485488891602
1747536069.5270357,2.3991767473148053,-0.24664366412162148,5.041837692260742
1747536069.5470529,2.4196505667010415,-0.26474021744908294,6.115436553955078
1747536069.568819,2.451608080821024,-0.29061935689212776,5.45954704284668
1747536069.5935857,2.4792101255262375,-0.30691335083459304,6.622076034545898
1747536069.6137583,2.520392145618974,-0.36694574560550064,5.68389892578125
1747536069.6292906,2.529711532765683,-0.42082348375230527,5.414724349975586
1747536069.6462111,2.530864801441225,-0.45486897541098426,6.857633590698242
1747536069.669173,2.539791561904234,-0.49550394469099224,5.848407745361328
1747536069.6889493,2.5878293363360343,-0.5296586584906379,5.446910858154297
1747536069.7080584,2.6386829251624575,-0.5535784968202594,5.7392120361328125
1747536069.7271776,2.6940006682135387,-0.5823871613250018,5.671262741088867
1747536069.7503815,2.6930433840480026,-0.6320771533591514,8.085489273071289
1747536069.769608,2.725299600371658,-0.6805326528740746,6.161928176879883
1747536069.7887778,2.836853865433844,-0.7187612626910208,6.062507629394531
1747536069.80991,2.8447184839114295,-0.7673708935080796,6.759881973266602
1747536069.834659,2.802347891842364,-0.8027347193082464,7.733583450317383
1747536069.8501697,2.7608458779793694,-0.8466865172031023,5.703926086425781
1747536069.8674495,2.7468676876063283,-0.8694211145690507,5.575656890869141
1747536069.8878577,2.7770775859455847,-0.9314599374231377,5.546092987060547
1747536069.9072082,2.7960629591892068,-0.9801256040252581,5.383491516113281
1747536069.92747,2.8064687403473956,-1.0234961498952408,5.457401275634766
1747536069.9476683,2.8431098115228877,-1.0683022836175815,5.383968353271484
1747536069.9679127,2.864215114832534,-1.1175161925017099,5.337715148925781
1747536069.9871533,2.871223631904345,-1.147790121534042,5.1670074462890625
1747536070.0071938,2.903955955704015,-1.2058619014116185,5.11622428894043
1747536070.0226514,2.920095240032128,-1.2493075013604535,5.124568939208984
1747536070.045616,2.931433219136994,-1.2918507653690703,5.768299102783203
1747536070.0680304,2.9351877162737154,-1.3568457960460332,5.7315826416015625
1747536070.0850513,2.927813407379797,-1.3977910235872786,5.291223526000977
1747536070.1085627,2.922852032416612,-1.4536220290042983,5.706787109375
1747536070.1263335,2.918702620256042,-1.4911018261505318,4.691600799560547
1747536070.1483817,2.9310808169255194,-1.542055280087688,6.347894668579102
1747536070.1675107,2.9327091745774703,-1.584544722610895,4.598379135131836
1747536070.1896443,2.932324681126795,-1.621891458854058,5.144834518432617
1747536070.2096453,2.928056183095554,-1.654979309027985,6.35075569152832
1747536070.226936,2.9259100518116186,-1.6874228062692533,4.462718963623047
1747536070.2484648,2.9205697272448106,-1.7256679378108764,4.604339599609375
1747536070.2658873,2.9003215094382884,-1.7593717876832315,6.535768508911133
1747536070.2824078,2.888647479707928,-1.8018877736841907,4.611730575561523
1747536070.3075233,2.8810544664457267,-1.8451831539518688,5.027055740356445
1747536070.328311,2.8807602789484696,-1.9107819996744386,4.718780517578125
1747536070.353981,2.878249093457159,-1.966649634851177,6.162166595458984
1747536070.3687775,2.8787089188871975,-2.004773114575359,4.917621612548828
1747536070.3873267,2.879451997214354,-2.036371129698111,4.725456237792969
1747536070.407098,2.86635679607033,-2.0885031851943716,5.109548568725586
1747536070.4299443,2.84808869765433,-2.138907220153456,5.278825759887695
1747536070.449444,2.8349262376391464,-2.1582612222940614,6.734132766723633
1747536070.4668965,2.8056142777915483,-2.2238188488347514,5.905389785766602
1747536070.4866543,2.7889945711307647,-2.2917585638459688,4.876613616943359
1747536070.509251,2.7784945001670986,-2.341117895619961,6.919145584106445
1747536070.5270498,2.7590042695218564,-2.385337845702178,4.882335662841797
1747536070.5462296,2.7483603971599146,-2.4454751073678205,5.003929138183594
1747536070.5704117,2.7449435518685705,-2.496733813611784,6.633996963500977
1747536070.592811,2.7307662216645405,-2.548314899396173,5.700349807739258
1747536070.6099539,2.7163940852461623,-2.605251561642247,5.474567413330078
1747536070.6259637,2.706997679942769,-2.6474174290718753,4.836082458496094
1747536070.6441486,2.6938326871644143,-2.6874042163861045,5.777597427368164
1747536070.6651344,2.6728246896719394,-2.7449969122033324,7.113218307495117
1747536070.6855273,2.652828936801446,-2.8019482505801463,7.103919982910156
1747536070.7028358,2.642174078533151,-2.851301316429638,4.995107650756836
1747536070.7298515,2.6497238543589905,-2.9352976964204496,6.872415542602539
1747536070.750642,2.6481096574128493,-2.9915337317027824,6.914377212524414
1747536070.7698057,2.654614049570124,-3.0690042344388373,5.439281463623047
1747536070.7876427,2.661785155066109,-3.1458566083056936,5.026340484619141
1747536070.807717,2.6748470912046307,-3.2044810568949966,4.936695098876953
1747536070.8226078,2.684636525023632,-3.2435435479805608,5.088329315185547
1747536070.8470523,2.6980859646776745,-3.293609366240664,4.998922348022461
1747536070.8625286,2.7332444027315566,-3.350178618214159,4.87065315246582
1747536070.8895724,2.761765460114935,-3.419235639317024,7.122516632080078
1747536070.907961,2.7785674182815776,-3.461560512926227,5.414247512817383
1747536070.927235,2.8122823556549372,-3.525382511774183,5.131244659423828
1747536070.9498227,2.842248911638852,-3.588243293669255,5.353450775146484
1747536070.9674535,2.8604773534251824,-3.632037275803621,4.826068878173828
1747536070.9932117,2.9013251142617045,-3.7085297528372023,7.309198379516602
1747536071.0075428,2.9230784882557113,-3.751806589410376,4.624128341674805
1747536071.0281851,2.955673689517159,-3.8035393242872066,4.803895950317383
1747536071.0474355,2.968487427908972,-3.825550409857589,4.956722259521484
1747536071.0654016,3.0063760833797586,-3.9000296229593117,5.68699836730957
1747536071.090233,3.0523119754451598,-3.9707083586768346,7.870197296142578
1747536071.1061616,3.079009765644036,-4.006900374922604,4.820346832275391
1747536071.1266465,3.122882182023858,-4.0905072100595445,4.838705062866211
1747536071.1449971,3.1555547635148766,-4.139583390750155,5.306005477905273
1747536071.169371,3.1862731272232407,-4.182571199175456,6.805658340454102
1747536071.185314,3.2297458738804883,-4.246148743494688,5.826473236083984
1747536071.2076585,3.265684636529677,-4.3039352265225315,4.957914352416992
1747536071.2269814,3.282125702198069,-4.330389914355991,4.856109619140625
1747536071.247552,3.3338859890020607,-4.40551063606974,4.836082458496094
1747536071.269659,3.370617946963959,-4.452803782956597,7.103919982910156
1747536071.2869241,3.3942254769552482,-4.4855310638693355,4.821300506591797
1747536071.302868,3.4102546612273805,-4.5069519372625075,5.111455917358398
1747536071.3271642,3.4374398601846674,-4.54234897381262,5.057096481323242
1747536071.3475115,3.450119868546952,-4.593349526151038,5.0830841064453125
1747536071.3668988,3.4619237599919366,-4.633804358930257,5.070686340332031
1747536071.3870382,3.4699525353958673,-4.666501561511142,5.15294075012207
1747536071.4071517,3.476220554593154,-4.696234234881411,5.110502243041992
1747536071.428429,3.525310295562094,-4.7651125697973775,5.069255828857422
1747536071.4470825,3.556233032432391,-4.818793257026834,5.00798225402832
1747536071.4677444,3.5721073027312626,-4.862649106209779,5.330801010131836
1747536071.4869976,3.586559063445898,-4.920053264907345,5.35273551940918
1747536071.5045583,3.5982985630930555,-4.9624426662526595,4.947662353515625
1747536071.5275981,3.5981309418721783,-5.018955703829459,5.15437126159668
1747536071.5559382,3.6147070277457756,-5.086938510882891,6.219387054443359
1747536071.5731254,3.616941224176778,-5.146122022283334,5.803823471069336
1747536071.588173,3.6083519290441335,-5.200400271437775,5.434989929199219
1747536071.614414,3.622497511045707,-5.2617751940460975,6.67881965637207
1747536071.6323314,3.6335315559316244,-5.304427349204814,5.670070648193359
1747536071.6507003,3.6308169871213125,-5.34454041329167,6.181955337524414
1747536071.667953,3.6104502077122604,-5.389782286750485,8.353471755981445
1747536071.685826,3.611901009347855,-5.448743848656688,8.165359497070312
1747536071.709515,3.6009770916790864,-5.500707404481665,6.743907928466797
1747536071.72655,3.591076921004228,-5.527768349502724,6.288290023803711
1747536071.7471108,3.607087391024928,-5.577661108395452,6.107807159423828
1747536071.7656772,3.604625906972957,-5.621492897463415,8.073806762695312
1747536071.7849355,3.5958315910491994,-5.659008944027166,7.059335708618164
1747536071.8070235,3.5953343881199356,-5.71133396055353,5.460977554321289
1747536071.8236783,3.580380927469991,-5.746209934635242,5.266904830932617
1747536071.8493965,3.560430607138749,-5.78485353160786,7.286787033081055
1747536071.8716402,3.543908184072557,-5.84022427150913,5.737066268920898
1747536071.889352,3.5213393843359437,-5.87482716310876,7.079362869262695
1747536071.9073467,3.487701538704125,-5.913215304363874,4.870176315307617
1747536071.9268456,3.4589677019205674,-5.941295676926036,4.958868026733398
1747536071.94581,3.4176096258249027,-5.978641289200057,5.540370941162109
1747536071.9677615,3.38394297489334,-6.01644169108841,4.982948303222656
1747536071.9870052,3.360828021812795,-6.035776800687589,5.039691925048828
1747536072.015201,3.347018429120009,-6.073213897760611,8.304357528686523
1747536072.035344,3.3251031802459194,-6.098251303357197,7.537841796875
1747536072.0612702,3.2956687290952433,-6.119441238665569,11.065959930419922
1747536072.0754762,3.262419110361563,-6.157112507723746,5.192279815673828
1747536072.092418,3.2248222911007516,-6.184212430914073,6.883382797241211
1747536072.1091933,3.196216541911221,-6.1987654517970325,5.055665969848633
1747536072.1269913,3.1642155616067673,-6.214980795590736,6.17671012878418
1747536072.1484232,3.146477643492037,-6.250770219264887,5.07354736328125
1747536072.1696444,3.1252391582728354,-6.26981042147621,7.274150848388672
1747536072.1924648,3.099549487645981,-6.285522531411906,5.842685699462891
1747536072.2096958,3.0608860530617865,-6.299094315438684,6.1798095703125
1747536072.229247,3.012458005426542,-6.318356286393203,5.602121353149414
1747536072.244172,2.9817063023497363,-6.3257458067397545,4.969358444213867
1747536072.2678232,2.9147553789734935,-6.356870514076989,4.935264587402344
1747536072.2859323,2.8668817384489342,-6.369963869090495,5.696773529052734
1747536072.3034952,2.822781088368555,-6.3829423602121285,5.141735076904297
1747536072.3295586,2.7676067542083205,-6.400232695533546,7.102012634277344
1747536072.3494732,2.711414264749642,-6.412385141170746,7.109880447387695
1747536072.3688507,2.655589385806807,-6.421951517463783,6.117582321166992
1747536072.3880277,2.5928944082968846,-6.430066985427541,5.707263946533203
1747536072.4056184,2.5475855659694577,-6.436189232108599,5.35130500793457
1747536072.4272711,2.4680024408306784,-6.458373085493997,5.074739456176758
1747536072.4474692,2.4015988403473063,-6.4743091926731795,5.01561164855957
1747536072.4680295,2.344665579854891,-6.4871888989915805,4.957437515258789
1747536072.4898448,2.3010463241569057,-6.497694490590802,6.425380706787109
1747536072.5103056,2.270641228717032,-6.5025667607780715,6.849527359008789
1747536072.5300536,2.2395729859912654,-6.503842001091304,5.5694580078125
1747536072.550015,2.213581798209453,-6.505726077500457,5.007505416870117
1747536072.567855,2.157248600023077,-6.509837301556868,4.802227020263672
1747536072.6021352,2.1167644741309712,-6.512316925725235,7.111310958862305
1747536072.6256585,2.0552280912288396,-6.52004939832527,8.447408676147461
1747536072.649909,1.9250463282990478,-6.532845620019678,7.208824157714844
1747536072.6716616,1.8671126982333237,-6.537003869607378,6.732702255249023
1747536072.693881,1.8281615215096874,-6.542265329734086,5.803585052490234
1747536072.709631,1.7792230749648803,-6.548064918439383,5.629539489746094
1747536072.7264845,1.7414339956774139,-6.554759205317881,5.0830841064453125
1747536072.7488935,1.6873198253638977,-6.558472939990608,6.547212600708008
1747536072.7707193,1.6000667058989184,-6.558204865595063,5.833864212036133
1747536072.7867737,1.5159316964750418,-6.5607836729452655,4.8046112060546875
1747536072.8147001,1.450678157862272,-6.563140455570329,7.406473159790039
1747536072.9492736,1.1398610926659263,-6.554779362934654,6.292104721069336
1747536072.9662213,1.05562481466522,-6.526803411881947,4.8236846923828125
1747536072.9883907,1.0024803942398437,-6.515754703805436,5.584478378295898
1747536073.0075,0.9819523516857918,-6.514373120533288,4.8656463623046875
1747536073.0288246,0.9234399916654298,-6.5044189727045385,6.591796875
1747536073.0467646,0.878190201720689,-6.493622889003701,4.825592041015625
1747536073.0696847,0.8351275711209254,-6.4874884852654535,6.615161895751953
1747536073.0946639,0.7635018241607235,-6.46263428891289,7.077693939208984
1747536073.1151023,0.7101490529908634,-6.449065502676423,9.816884994506836
1747536073.1389713,0.656850924993821,-6.4406825642730166,8.846521377563477
1747536073.162438,0.5792301209276733,-6.408132156462441,5.916595458984375
1747536073.1775157,0.5217310378827871,-6.387232117770541,5.759716033935547
1747536073.1932933,0.47633587322401344,-6.373605900418444,6.136417388916016
1747536073.2098613,0.4357356224744359,-6.365477757584527,5.432844161987305
1747536073.2307215,0.3819793237423775,-6.341204983175053,5.120277404785156
1747536073.2495444,0.32235987181193876,-6.323897977025135,7.350921630859375
1747536073.2691696,0.2570093200506932,-6.313146198305207,6.923913955688477
1747536073.2946522,0.18983991721408347,-6.295366421835439,8.541584014892578
1747536073.310733,0.1140947884149724,-6.271764871139212,5.953550338745117
1747536073.3279347,0.06345648631073006,-6.262329254096503,5.168914794921875
1747536073.3480296,-0.01703575220549659,-6.20970568956147,5.250215530395508
1747536073.367835,-0.07666764355714319,-6.177671230902628,5.872964859008789
1747536073.384261,-0.11776575693568499,-6.161575715927292,5.4874420166015625
1747536073.4081476,-0.18672636205261747,-6.116083354728709,5.739450454711914
1747536073.4260948,-0.20607646279485517,-6.0843955443336055,5.860328674316406
1747536073.4547124,-0.20765530274064686,-6.037066879223702,9.05156135559082
1747536073.4740016,-0.18705558708521786,-5.9722003835254185,6.5212249755859375
1747536073.4964972,-0.20910658672346533,-5.936633331856919,8.148193359375
1747536073.5187693,-0.22808226250514563,-5.9169815861577035,7.687091827392578
1747536073.535672,-0.26954631150045283,-5.86648922594042,7.143259048461914
1747536073.5530465,-0.28061857205268076,-5.816860086628709,7.183074951171875
1747536073.568957,-0.2940651951479973,-5.777582632249636,6.50334358215332
1747536073.5887773,-0.3109481561134847,-5.741221090126243,6.324052810668945
1747536073.6109025,-0.3254997844796349,-5.69839251911965,6.866216659545898
1747536073.6334782,-0.33951455791788987,-5.6674617457365954,8.493661880493164
1747536073.6552894,-0.36557396662883385,-5.633787840630798,10.771989822387695
1747536073.6744156,-0.4127022157469309,-5.587526425930191,7.153987884521484
1747536073.7021337,-0.4466674209064185,-5.553185913996442,8.60738754272461
1747536073.7213056,-0.4747141187236972,-5.524429739787377,6.15692138671875
1747536073.737219,-0.5340734121330717,-5.457978941058903,6.789922714233398
1747536073.7527366,-0.5714071193672859,-5.41374751848652,6.163358688354492
1747536073.7702882,-0.5955995957051042,-5.3729212322042565,5.600690841674805
1747536073.788434,-0.6121280379824433,-5.341091673351282,5.562543869018555
1747536073.8092053,-0.6702654727045134,-5.27682117920991,7.053375244140625
1747536073.8272464,-0.6973349706294799,-5.242689242330315,5.284786224365234
1747536073.8429391,-0.7125675260766888,-5.219339340162233,5.276203155517578
1747536073.8672848,-0.8098907728854297,-5.1423096072853065,5.118131637573242
1747536073.8873436,-0.8602351002896376,-5.088042041013348,5.259990692138672
1747536073.9044878,-0.882496168352932,-5.049569404377784,5.176067352294922
1747536073.9270399,-0.9174888102385833,-4.997679556368952,5.0487518310546875
1747536073.951673,-0.9952158079822937,-4.947757108843162,8.669853210449219
1747536073.9727037,-1.030532776207581,-4.898455665871207,6.116390228271484
1747536073.9925623,-1.0489360383654671,-4.848266056065667,5.41996955871582
1747536074.0148754,-1.1263175415075328,-4.791952585324293,6.695032119750977
1747536074.032672,-1.1695806884017839,-4.727710852227871,7.476568222045898
1747536074.0489352,-1.1808734048530845,-4.682315084278997,4.7817230224609375
1747536074.068039,-1.2030625869832,-4.620545115884561,5.735635757446289
1747536074.0940251,-1.2093656378024378,-4.574776601014089,6.424188613891602
1747536074.1139667,-1.2703719700744251,-4.541036308576793,7.1773529052734375
1747536074.1350582,-1.3280079129935103,-4.473147213495415,5.878210067749023
1747536074.1537523,-1.346054318793015,-4.4354301604293,6.421566009521484
1747536074.1729147,-1.4177073053650202,-4.370235168108182,5.714654922485352
1747536074.1902652,-1.4526183544478566,-4.309947947289394,5.003213882446289
1747536074.2086775,-1.4673311278737105,-4.25378389543562,5.166053771972656
1747536074.226784,-1.5421967129280532,-4.193820902477782,4.826545715332031
1747536074.2467716,-1.5792766830300922,-4.122115650574639,4.848003387451172
1747536074.2670655,-1.5966564221221853,-4.060706847009992,4.655122756958008
1747536074.2846956,-1.6012708311074706,-4.018647449122245,4.927873611450195
1747536074.3066945,-1.6621651879889727,-3.9477333950404883,4.716396331787109
1747536074.327051,-1.6891657509371858,-3.88494961614616,4.864692687988281
1747536074.3468454,-1.702125820482426,-3.8258881757532173,4.84156608581543
1747536074.3665652,-1.7570597097489065,-3.761296242377835,4.906654357910156
1747536074.3875144,-1.7866402756031956,-3.7031613797618785,5.356550216674805
1747536074.4071689,-1.8065617249846557,-3.640280564127654,4.980802536010742
1747536074.4271793,-1.8398725515073373,-3.5974127177107507,5.141973495483398
1747536074.4478698,-1.8626063831876887,-3.5184421784896247,5.290508270263672
1747536074.4678915,-1.8702483563936767,-3.456085935568852,5.62286376953125
1747536074.4934225,-1.8859143069087927,-3.3868787639214126,6.448030471801758
1747536074.5099523,-1.8944929803761548,-3.3145234927624654,5.45048713684082
1747536074.527918,-1.8998403705409226,-3.2401770264453646,5.202293395996094
1747536074.5480714,-1.9117922250939918,-3.1721342715809406,5.468130111694336
1747536074.5699906,-1.9177896550890023,-3.096330223926658,7.050752639770508
1747536074.590164,-1.9282867131490269,-3.024531630352114,6.824016571044922
1747536074.608035,-1.9455888717999408,-2.962891889425375,5.695819854736328
1747536074.6286664,-1.9322323090984317,-2.8872459250619564,5.639553070068359
1747536074.652785,-1.93387715493747,-2.813897023233822,6.0272216796875
1747536074.6739943,-1.9427598687253744,-2.7348283482984055,7.352113723754883
1747536074.7010446,-1.9392647793744502,-2.6621794924214712,8.602619171142578
1747536074.715538,-1.935473030863765,-2.6177598925528978,5.541086196899414
1747536074.7301943,-1.9361026222911926,-2.5462745066789947,5.328655242919922
1747536074.748638,-1.9514450900863793,-2.473627327730751,5.800485610961914
1747536074.7672057,-1.969897234171092,-2.400075833163036,5.383014678955078
1747536074.7881024,-1.9836230669711796,-2.3208592202910325,6.122827529907227
1747536074.8086562,-1.9872234218170581,-2.2498602660955886,5.720376968383789
1747536074.8295043,-1.9139824438853874,-2.171316368210505,7.464885711669922
1747536074.8500218,-1.8814201182148094,-2.097913369324401,7.548332214355469
1747536074.869607,-1.8606278996143213,-2.032018376636121,6.434440612792969
1747536074.8902538,-1.8341455606436643,-1.9588625882280355,5.962610244750977
1747536074.912857,-1.808614066255257,-1.8811432519189755,6.84666633605957
1747536074.929614,-1.7909119585179651,-1.8266523395289078,5.740880966186523
1747536074.9481874,-1.7498785824057441,-1.726658796950528,5.392789840698242
1747536074.9698205,-1.7360006628577915,-1.6635827504181129,5.34367561340332
1747536074.9962487,-1.734259301508231,-1.6117426706112972,6.428003311157227
1747536075.0155466,-1.6884586700539974,-1.5063238326744708,6.391763687133789
1747536075.0320983,-1.6622698535644829,-1.4400454287367395,6.1798095703125
1747536075.0480003,-1.6441960173621146,-1.374135553971671,5.181074142456055
1747536075.0739315,-1.621124377418437,-1.2995047203899932,6.979465484619141
1747536075.1036823,-1.5645752918169817,-1.2388096053904758,6.592035293579102
1747536075.1265028,-1.5411090277851793,-1.1900233301855923,6.609201431274414
1747536075.1500163,-1.4583129879189853,-1.0667462404201977,6.353616714477539
1747536075.1691313,-1.419151792662247,-0.9829042621976701,6.108283996582031
1747536075.1895401,-1.3952162332441314,-0.928703551106499,5.9566497802734375
1747536075.2061272,-1.3728638508068138,-0.8802679293114274,6.007194519042969
1747536075.222545,-1.3111236711500611,-0.8272669924085565,5.5446624755859375
1747536075.2452273,-1.2661104965242596,-0.7847728099316199,7.821083068847656
1747536075.2631245,-1.230568597863565,-0.7436669637455465,5.637884140014648
1747536075.2849505,-1.2054653769498989,-0.7041625092470571,6.709814071655273
1747536075.3115773,-1.165633175830614,-0.6520930125942408,6.702423095703125
1747536075.3332615,-1.1250447827371823,-0.605776647681347,6.806373596191406
1747536075.3529446,-1.0903504948997949,-0.5550367498091805,6.633996963500977
1747536075.3738225,-1.0703638840354268,-0.516879638997395,7.621526718139648
1747536075.390013,-1.0117643704756796,-0.4783444600030491,6.282567977905273
1747536075.409443,-0.9438496928350053,-0.442117608304731,6.223201751708984
1747536075.4299867,-0.9003647510517893,-0.4201696228476473,7.832765579223633
1747536075.4502487,-0.8269777003985049,-0.35825488006642403,6.117105484008789
1747536075.4706986,-0.7955090932273738,-0.32662026169466135,5.483388900756836
1747536075.488278,-0.7438320778744709,-0.28288718537280866,5.972146987915039
1747536075.5156493,-0.6857710101223947,-0.23420504488667307,7.839202880859375
1747536075.5313816,-0.63298149110863,-0.1973919814530687,5.3768157958984375
1747536075.5506072,-0.5979803253392092,-0.17067915007440268,5.848407745361328
1747536075.5709882,-0.5192424121410992,-0.11069007082032896,6.577968597412109
1747536075.5900915,-0.4589313819999525,-0.0761819428570936,5.318641662597656
1747536075.6219425,-0.3986853390872013,-0.040917805661365964,7.789134979248047
1747536075.641796,-0.34618907094137535,-0.005392512215859681,6.836414337158203
1747536075.6617367,-0.291513032277284,0.022655080236392396,6.222963333129883
1747536075.6784074,-0.2359772979785277,0.04676456978320512,7.758617401123047
1747536075.693687,-0.17575093325296082,0.06982765175068958,5.852699279785156
1747536075.7163599,-0.10667369691443798,0.10705897132716709,6.4334869384765625
1747536075.7329917,-0.0355951476388107,0.13457126229007318,6.229639053344727
1747536075.748791,0.010857284936824712,0.15182400117119563,5.241632461547852
1747536075.766251,0.039458241067342796,0.18299978896565208,5.055904388427734
1747536075.7859323,0.08345935490372468,0.20829290561758623,6.319522857666016
1747536075.8074281,0.12032638523900467,0.2289176918438048,5.092144012451172
1747536075.8275547,0.16344206379125328,0.24570149098894373,4.922628402709961
1747536075.8469985,0.196176778561263,0.26563820381448133,5.043983459472656
1747536075.8674018,0.2311022541880786,0.28407678744010795,5.501985549926758
1747536075.887282,0.2678773570302761,0.30217650230143184,5.25355339050293
1747536075.9192214,0.3240148124018617,0.3152071301681486,5.675554275512695
1747536075.9353337,0.3635968767679668,0.3257978130952837,5.8803558349609375
1747536075.9501858,0.3929699739050232,0.3333852304741583,4.89044189453125
1747536075.9682782,0.4575756911547473,0.3393730105646117,4.892110824584961
1747536075.9960146,0.526112445349019,0.34545356199061894,5.668163299560547
1747536076.0163937,0.556161740582333,0.3503414641327473,6.26063346862793
1747536076.0343719,0.628859455199668,0.36191620715944667,6.293058395385742
1747536076.050613,0.6899069548581723,0.36822544121141726,5.918025970458984
1747536076.0696216,0.7395131487536013,0.37690011639844007,5.111932754516602
1747536076.0878856,0.791638389955088,0.3855377226174197,5.145788192749023
1747536076.107963,0.9003838276312235,0.40396983523560254,4.996299743652344
1747536076.1278758,0.9797419511277231,0.41108925478332514,4.951000213623047
1747536076.147683,1.0499576081398823,0.4179425981679995,4.907131195068359
1747536076.1670287,1.1500668817860638,0.4038196173754829,4.851341247558594
1747536076.1873038,1.2360010157860015,0.3932444588597742,5.091667175292969
1747536076.206659,1.2923063714047303,0.3894647458528675,4.910945892333984
1747536076.2303317,1.360615057154882,0.38622430465301383,5.353689193725586
1747536076.2472718,1.447312802303771,0.3832952962102572,5.109071731567383
1747536076.2667081,1.5057934211766513,0.37971030082359736,4.776477813720703
1747536076.286959,1.5530751530722544,0.3760146058437389,4.848957061767578
1747536076.3081458,1.6170541909575804,0.35099019431019224,4.872322082519531
1747536076.3284197,1.6954550959689552,0.3245321201721996,6.468772888183594
1747536076.3483014,1.746762472827769,0.3086852686386638,5.673646926879883
1747536076.3686364,1.8135513345494774,0.2798123882700037,4.887819290161133
1747536076.3893008,1.8798437467050388,0.24695975855366853,6.649971008300781
1747536076.408039,1.9264824740525281,0.22389454794484717,4.871129989624023
1747536076.428485,1.9732020185844794,0.1880685237926981,4.802465438842773
1747536076.447058,2.0150975471034656,0.16366286740556552,4.769086837768555
1747536076.4679117,2.046527385243881,0.1418814523835519,4.814386367797852
1747536076.487472,2.0616877827798206,0.11489429770599782,5.01704216003418
1747536076.5079029,2.0686409290200656,0.0930760224703529,4.931926727294922
1747536076.5325294,2.0839524483476874,0.07203279686682053,7.194757461547852
1747536076.5562286,2.1709953481105986,0.020627499652058713,6.043672561645508
1747536076.5743332,2.237290085030178,-0.01788886432600076,6.076574325561523
1747536076.5911584,2.2796812184482107,-0.04701144272321957,5.173683166503906
1747536076.6088476,2.3168248229838806,-0.07226060351764506,5.613565444946289
1747536076.627788,2.3546762280477918,-0.1127549033878716,5.258798599243164
1747536076.648045,2.3878157865846226,-0.14349942888185452,5.0811767578125
1747536076.669195,2.41957617436388,-0.16808933470047882,5.502223968505859
1747536076.687091,2.477185638058619,-0.21745802889401908,4.999399185180664
1747536076.7077744,2.524160642657059,-0.2535508497585331,4.9800872802734375
1747536076.7288525,2.564831093923993,-0.2812951409164695,6.0634613037109375
1747536076.7492638,2.601029800884686,-0.3069167969029176,5.025386810302734
1747536076.7677658,2.631234917745876,-0.32924694755872413,5.043983459472656
1747536076.7871287,2.675671326774824,-0.3665244520564716,5.214214324951172
1747536076.8071053,2.703754056717195,-0.3987843780741835,5.226612091064453
1747536076.8274817,2.7315210566639587,-0.4284648681928768,5.385160446166992
1747536076.8453171,2.7463152045217964,-0.4417303889470557,5.393743515014648
1747536076.8681734,2.7753774349677,-0.4903421957499231,5.865573883056641
1747536076.8880534,2.804615429377298,-0.5286051416856038,5.531787872314453
1747536076.9134572,2.819275675314902,-0.5577128679011002,5.821704864501953
1747536076.9293966,2.8123999612506343,-0.5765311108922532,5.980730056762695
1747536076.9475634,2.787647325608387,-0.6243031274319337,5.623340606689453
1747536076.9690304,2.7610865191845977,-0.660296771576601,6.1321258544921875
1747536076.9927108,2.7636369017262057,-0.7106512225680632,6.15692138671875
1747536077.0125656,2.7706763278782516,-0.7518231003376071,6.785869598388672
1747536077.0327787,2.7740361434298473,-0.7926425409941991,9.151220321655273
1747536077.0505219,2.78459695148098,-0.8603443269804466,5.732297897338867
1747536077.0780792,2.79551985725959,-0.9232599858165931,10.025739669799805
1747536077.1014698,2.7951078804505056,-0.9620019512791369,6.953716278076172
1747536077.1251109,2.8179874722546443,-1.0152834552923204,6.275653839111328
1747536077.1422925,2.8342184601292337,-1.0571221631119652,5.869388580322266
1747536077.1574557,2.845496830438013,-1.0925055076833459,6.602764129638672
1747536077.1760507,2.8552584245197665,-1.156743698582064,6.231784820556641
1747536077.191116,2.856067495459856,-1.2044123960449598,5.061149597167969
1747536077.2079415,2.8546309487831705,-1.241638271801063,4.924774169921875
1747536077.2269235,2.851576298129785,-1.2726766749020622,4.986286163330078
1747536077.2469513,2.854791102594719,-1.3260550991875784,5.049943923950195
1747536077.265985,2.852208005231183,-1.362256978634263,4.791975021362305
1747536077.286847,2.850444960969752,-1.4093268510390322,4.921913146972656
1747536077.3086636,2.850522533074923,-1.4640217934737074,5.053043365478516
1747536077.329526,2.8471160304448895,-1.5074689771798009,5.809307098388672
1747536077.349286,2.8435283537071134,-1.543559416502992,6.3800811767578125
1747536077.3693085,2.8433665415677383,-1.5755891048160107,4.980802536010742
1747536077.3892078,2.8389940181280218,-1.6220565783013703,6.348848342895508
1747536077.4076018,2.829139571132588,-1.6721356781629775,5.4149627685546875
1747536077.4274323,2.8209525715092765,-1.7198983315058065,5.469560623168945
1747536077.448214,2.8200494829843485,-1.7719100061822832,6.440401077270508
1747536077.4701862,2.8189049039090577,-1.8083823395082266,5.352258682250977
1747536077.4897768,2.814007802764735,-1.8525684056773226,4.580259323120117
1747536077.5154054,2.8052947449176493,-1.8872488503854787,7.137537002563477
1747536077.5444462,2.7845575672680103,-1.9435936157144325,6.098747253417969
1747536077.5681543,2.7507776209158616,-1.9908065301583915,5.694150924682617
1747536077.5855117,2.737534767312462,-2.0812128572636177,5.8994293212890625
1747536077.6044588,2.7382512372455627,-2.125078147482313,4.944324493408203
1747536077.6280377,2.7259282774994604,-2.171773693203929,4.973888397216797
1747536077.6489875,2.718994350864915,-2.215478153344215,6.374359130859375
1747536077.667163,2.7075563271816767,-2.2636386104330932,4.811525344848633
1747536077.6829748,2.7054605181338065,-2.295966139668644,4.860401153564453
1747536077.70727,2.674230752830501,-2.364793253332904,4.93168830871582
1747536077.7281396,2.6522687073282247,-2.419671108946304,4.845380783081055
1747536077.7468426,2.6407133835141745,-2.462949906805513,4.834890365600586
1747536077.7672124,2.620497887333396,-2.524531956986225,5.251646041870117
1747536077.786554,2.6040276025825206,-2.579401864114304,4.852294921875
1747536077.8164802,2.594212267397227,-2.6269659872344215,9.464740753173828
1747536077.9467423,2.5675280245017835,-2.9861342110803784,5.020380020141602
1747536077.966697,2.591988091423265,-3.0715676137927526,5.024194717407227
1747536077.9858873,2.5972620943559037,-3.140579633833811,5.056619644165039
1747536078.0053787,2.5976141650812417,-3.200065137539537,7.016420364379883
1747536078.0250716,2.605230828858928,-3.2460698846691414,6.482124328613281
1747536078.04828,2.6860324770440465,-3.3687391555967743,5.389690399169922
1747536078.0668151,2.7168099599971742,-3.407827587342168,5.188703536987305
1747536078.085469,2.7338823281649205,-3.444819642947605,5.171537399291992
1747536078.1069384,2.771402167526759,-3.5127247472627476,4.96673583984375
1747536078.1221044,2.7912362926289984,-3.548100002710435,4.918098449707031
1747536078.1466393,2.82422045994976,-3.5983820502330883,4.833459854125977
1747536078.1664772,2.878599679716313,-3.6593879478381144,4.715442657470703
1747536078.1835678,2.90567663682201,-3.7013706512857985,4.7054290771484375
1747536078.206369,2.9367279111108235,-3.7560033511688395,4.711151123046875
1747536078.222536,2.96761037625284,-3.811648863211188,4.664421081542969
1747536078.2439353,3.0095832486382523,-3.8684576048148527,5.09190559387207
1747536078.2669315,3.056617707604746,-3.9338496042585893,4.929542541503906
1747536078.2876782,3.086944949685624,-4.0065260511553475,4.974126815795898
1747536078.3084345,3.133007175357004,-4.080067588815567,5.120515823364258
1747536078.3289125,3.1639491636658557,-4.1243056168730545,5.22303581237793
1747536078.3475068,3.1915068834000753,-4.15442552844818,4.954099655151367
1747536078.367557,3.24841726909517,-4.214604171617121,4.937410354614258
1747536078.3867476,3.2879161193728574,-4.25836597883118,4.903078079223633
1747536078.4067478,3.3147453814901193,-4.294163013543277,5.042076110839844
1747536078.4368958,3.3310119983433615,-4.318871934323468,11.968851089477539
1747536078.4694216,3.3805335609899374,-4.415691807748105,5.100250244140625
1747536078.4879541,3.3951221942504706,-4.447991829148941,4.874944686889648
1747536078.5078132,3.413333256289994,-4.467387564285929,5.33747673034668
1747536078.527681,3.4481229866800347,-4.531995628062186,4.836559295654297
1747536078.547808,3.495779577306716,-4.583930295072396,4.878759384155273
1747536078.567407,3.539457844329266,-4.6370676103736,4.853963851928711
1747536078.5902889,3.548132920353383,-4.701773054759317,5.250215530395508
1747536078.6075437,3.5692885445971436,-4.773257682570817,4.909992218017578
1747536078.6279678,3.583216492426316,-4.823939679644673,5.639553070068359
1747536078.6473236,3.598829845545068,-4.8862704044014365,5.18488883972168
1747536078.6653152,3.6207163716773363,-4.932496557175578,5.572795867919922
1747536078.6868327,3.629497436360839,-4.993418382485299,5.003213882446289
1747536078.7088346,3.6292167987690718,-5.0330761359590666,6.854772567749023
1747536078.7297432,3.628287224401832,-5.090852451361149,5.069732666015625
1747536078.747007,3.619148701785936,-5.138397691229635,5.05518913269043
1747536078.767132,3.6050606905552796,-5.180319642196149,5.190372467041016
1747536078.7845104,3.615879706818789,-5.239461456894985,5.641460418701172
1747536078.8053966,3.611872016315747,-5.2912457430053115,5.849599838256836
1747536078.8293438,3.5993020117852295,-5.334896379930003,6.071805953979492
1747536078.8506663,3.6219863942122323,-5.388248296732315,5.748748779296875
1747536078.8721166,3.6249331853097635,-5.442522745061303,5.77998161315918
1747536078.8900876,3.6161177429918836,-5.4839790557039905,6.2503814697265625
1747536078.9087412,3.604743015602511,-5.5172076563871695,6.361246109008789
1747536078.9320896,3.590194165230992,-5.569144664178422,7.264852523803711
1747536078.952283,3.5708757926249795,-5.611603567826239,6.592750549316406
1747536078.974373,3.537457644662957,-5.655849297728878,9.989261627197266
1747536078.9935715,3.563557912690599,-5.694609012162746,5.658149719238281
1747536079.0097454,3.5570875739765864,-5.724689868010933,5.328655242919922
1747536079.0302894,3.550673592244413,-5.747547015427049,5.266427993774414
1747536079.049813,3.547155778424243,-5.792651097004419,5.397558212280273
1747536079.0723114,3.5295463346268288,-5.83204729964104,8.633852005004883
1747536079.0872903,3.5100093099790888,-5.857373884249465,4.909753799438477
1747536079.1047459,3.4930511568408376,-5.872829656041831,5.620718002319336
1747536079.1268723,3.4736468953624833,-5.918091012314109,4.889726638793945
1747536079.146689,3.450170863182716,-5.946463015887644,4.863500595092773
1747536079.1630971,3.4305023060130737,-5.962750857770985,4.908561706542969
1747536079.1869187,3.412178791622625,-6.016282879333098,4.974842071533203
1747536079.2074866,3.3954176128570244,-6.046602523590432,4.993677139282227
1747536079.2274446,3.3770423669110845,-6.071795233892467,4.983663558959961
1747536079.248515,3.357789265168899,-6.113072659710557,5.057573318481445
1747536079.2676485,3.3253637440244574,-6.146690441179993,5.002737045288086
1747536079.2927878,3.3005280019161893,-6.170917628975345,10.580062866210938
1747536079.311722,3.263323110136379,-6.202301755993253,5.710363388061523
1747536079.3334715,3.2141435417994106,-6.2272293809944586,5.780696868896484
1747536079.3494895,3.169541590634293,-6.247839773253304,5.043268203735352
1747536079.3656988,3.137266266920414,-6.26113083060742,4.887104034423828
1747536079.3888464,3.088844014939546,-6.2818608083477825,5.4492950439453125
1747536079.4075303,3.0462743292409584,-6.296313808797017,5.362987518310547
1747536079.4290612,2.977404686945164,-6.311977740467142,6.803035736083984
1747536079.4480715,2.935659231931039,-6.338525911014644,5.119562149047852
1747536079.4702647,2.8615827275517587,-6.366890905917012,5.770444869995117
1747536079.4882317,2.8014973995011148,-6.3816864621938665,5.054235458374023
1747536079.5084152,2.759741831993638,-6.390308241795888,5.388975143432617
1747536079.5260162,2.705036273278292,-6.4020192483996645,5.455255508422852
1747536079.5473168,2.6463636482154427,-6.4151588963870605,5.457639694213867
1747536079.5666656,2.6044379609568287,-6.416855310555214,4.944801330566406
1747536079.5868866,2.562376900877774,-6.422301605696221,4.915714263916016
1747536079.6071362,2.5016781809085114,-6.436090446824822,4.961729049682617
1747536079.632683,2.4513815804568893,-6.448442107007297,5.665779113769531
1747536079.6482036,2.4109231578684422,-6.455987490575641,4.932165145874023
1747536079.6691058,2.3509909297276903,-6.467226991551147,5.07354736328125
1747536079.6850288,2.306079626288005,-6.470479957704934,4.951715469360352
1747536079.707557,2.2513539821659467,-6.479200976827342,4.89497184753418
1747536079.7264512,2.2296942506982207,-6.48064062350858,5.108833312988281
1747536079.7489717,2.1594836316834387,-6.48938157805277,6.6471099853515625
1747536079.770331,2.1099784668459707,-6.493310891031642,4.915714263916016
1747536079.7896886,2.0694156775890336,-6.495479708002626,5.800485610961914
1747536079.8075485,2.012349780516942,-6.504819507084763,4.779815673828125
1747536079.8267353,1.973748608771895,-6.511553651837569,4.767417907714844
1747536079.847392,1.9471276366268169,-6.513691880413487,4.923820495605469
1747536079.8708415,1.9034952841157606,-6.515363216523079,5.06138801574707
1747536079.8886864,1.8669841686562483,-6.517127850175198,5.702733993530273
1747536079.9095452,1.8365677976692414,-6.5177613404276284,6.665229797363281
1747536079.9348238,1.7637355323936466,-6.525334736481417,7.445096969604492
1747536079.9507613,1.6847960858590303,-6.5296727173130265,4.637718200683594
1747536079.9671268,1.6116067329170392,-6.534185660872327,4.694938659667969
1747536079.9870586,1.5547773893626742,-6.5349291061434585,4.885435104370117
1747536080.007494,1.4952148447364209,-6.531943670747206,4.819393157958984
1747536080.0290227,1.4430668575022236,-6.529249747011912,6.784677505493164
1747536080.0496888,1.4132754398489606,-6.526573110178664,5.805492401123047
1747536080.069556,1.3674117615211026,-6.5244985095818,5.462884902954102
1747536080.0888467,1.3069309202746033,-6.522018890763015,6.611824035644531
1747536080.10722,1.26038640926618,-6.519832400462235,5.045890808105469
1747536080.127394,1.2024954337785299,-6.515768660398558,4.9839019775390625
1747536080.1472545,1.1538259001273252,-6.515424382165125,4.622220993041992
1747536080.1666691,1.1217524343290102,-6.515491898966938,4.68897819519043
1747536080.181817,1.1042842229918426,-6.516288703164883,4.868030548095703
1747536080.206538,1.022891891594334,-6.503667565070972,4.700183868408203
1747536080.227479,0.9516033574045796,-6.496250871048429,5.034446716308594
1747536080.2491744,0.895034855324518,-6.4939976372851556,7.227659225463867
1747536080.2716086,0.8176610735087758,-6.481460201653954,5.684852600097656
1747536080.2934318,0.7647362894273216,-6.4748068637201985,5.77235221862793
1747536080.3075893,0.7159510570064601,-6.471961602698837,4.767179489135742
1747536080.3266556,0.637820216203389,-6.458469127030101,4.932165145874023
1747536080.3471653,0.5891470921927693,-6.4438415427047575,5.100250244140625
1747536080.367717,0.5622926616450564,-6.435539958806364,5.440473556518555
1747536080.3899646,0.4671359188768544,-6.408684181710887,5.588769912719727
1747536080.4097147,0.40419294253072824,-6.390607993002245,5.374908447265625
1747536080.428167,0.34864980608930807,-6.382364968988317,5.166769027709961
1747536080.4477396,0.2831071713933971,-6.374777188250924,5.547285079956055
1747536080.4687967,0.18657774446930953,-6.344322280831382,5.420923233032227
1747536080.4930987,0.13724584579715632,-6.327717263149939,6.074666976928711
1747536080.5098593,0.0736326360493437,-6.306157395238026,5.357980728149414
1747536080.5272236,0.010399993754978626,-6.277273157801958,5.202770233154297
1747536080.5449646,-0.030135347620609324,-6.259651829874968,5.546092987060547
1747536080.5675738,-0.08020478786031777,-6.240201566677826,5.553245544433594
1747536080.5867062,-0.11830031729114952,-6.212395773297068,6.285667419433594
1747536080.6079144,-0.1731192192982775,-6.1750395799445466,5.780458450317383
1747536080.6282785,-0.24101464102852305,-6.1551005196336,5.603313446044922
1747536080.6473696,-0.16205319710936608,-6.098162595690772,5.574226379394531
1747536080.6680732,-0.1696726570850783,-6.054284529657152,5.771875381469727
1747536080.6878374,-0.20843148714287857,-6.007162428159288,5.7697296142578125
1747536080.7089994,-0.24327181894807537,-5.974947775394706,6.432533264160156
1747536080.7284985,-0.240848309375057,-5.953801091068827,6.181001663208008
1747536080.7502658,-0.25437160012637605,-5.925102427253596,8.05044174194336
1747536080.7697895,-0.2838491094928278,-5.894884412976844,6.056547164916992
1747536080.7890217,-0.29705830172519027,-5.855966516907736,6.043672561645508
1747536080.8087273,-0.3180562834485033,-5.8290426961369555,6.111383438110352
1747536080.8276913,-0.347874917923404,-5.79986123593715,5.925655364990234
1747536080.848963,-0.388159074485222,-5.755997685451023,6.67572021484375
1747536080.877739,-0.42450253659108816,-5.716286616513253,8.239030838012695
1747536080.9031534,-0.4577855715223532,-5.679955693779765,8.365154266357422
1747536080.9261055,-0.5114739149881804,-5.623256148798951,7.298707962036133
1747536080.9437454,-0.5551948192852381,-5.5731264528757505,6.774187088012695
1747536080.9594681,-0.5806279740484395,-5.542087778548517,6.382465362548828
1747536080.9759,-0.6624454640190998,-5.468014641383758,5.930900573730469
1747536080.993917,-0.6975802153226609,-5.422416388410614,7.088422775268555
1747536081.0098379,-0.7219513295763612,-5.380403880029704,5.904912948608398
1747536081.0275614,-0.7489256212466106,-5.336577684275582,5.426883697509766
1747536081.0473661,-0.8241342964340271,-5.290969452056584,5.375146865844727
1747536081.0695195,-0.8724832622528393,-5.2424007793170135,6.192207336425781
1747536081.092227,-0.9079758766570843,-5.198672822592689,9.760141372680664
1747536081.1145356,-0.9724835151321123,-5.143429448547891,5.55729866027832
1747536081.129582,-1.0066426857280415,-5.08208876395314,5.018711090087891
1747536081.1449904,-1.0182473569452941,-5.0418559984925135,5.024909973144531
1747536081.1680853,-1.0376705381527962,-4.988326411833203,5.561113357543945
1747536081.2040567,-1.05844604253883,-4.938170044399046,18.082618713378906
1747536081.224339,-1.1165456807624994,-4.895499830906278,6.00123405456543
1747536081.2422733,-1.1586358181344139,-4.848916900693923,7.025957107543945
1747536081.2589617,-1.1808797602897056,-4.809922721285186,7.173061370849609
1747536081.2791555,-1.2517543216238112,-4.765468973981052,4.84919548034668
1747536081.2986364,-1.3021128433881948,-4.697405526812171,4.974842071533203
1747536081.313133,-1.3273292445960347,-4.644000714291795,5.498409271240234
1747536081.3299615,-1.3455764530995067,-4.596308745343465,5.172014236450195
1747536081.3472607,-1.3995604937669424,-4.528147655983673,5.100488662719727
1747536081.3671699,-1.4260206395290498,-4.467017753169149,4.930019378662109
1747536081.3872766,-1.4405200921358234,-4.406694868444949,4.969596862792969
1747536081.4073343,-1.5105946769557705,-4.358104993358005,4.922628402709961
1747536081.432163,-1.5455573096040807,-4.304013965788729,5.258798599243164
1747536081.449835,-1.5628802643568456,-4.250291695307448,5.109548568725586
1747536081.4777064,-1.6156028783484158,-4.182918769601561,8.247137069702148
1747536081.5020025,-1.6367498130901152,-4.1165609165995996,6.304025650024414
1747536081.5172873,-1.6479482094628959,-4.045631411053824,5.4645538330078125
1747536081.5307572,-1.7045081801459734,-3.98651137170347,4.623651504516602
1747536081.5450356,-1.726473933785056,-3.931089220496368,4.9457550048828125
1747536081.5669122,-1.7417428978712528,-3.867099362408096,4.8923492431640625
1747536081.5880451,-1.7479537258514115,-3.816333011269141,5.300998687744141
1747536081.6075883,-1.7833672034240244,-3.750154570111302,4.924297332763672
1747536081.6269515,-1.8064897556929855,-3.6774346136677423,4.951000213623047
1747536081.6473641,-1.8190686735416226,-3.604876079659576,5.132436752319336
1747536081.6671975,-1.870422922267035,-3.532700857663734,5.032777786254883
1747536081.686895,-1.8871763503539636,-3.472397113402299,5.098104476928711
1747536081.7051842,-1.8967460947637147,-3.419368781365976,5.627632141113281
1747536081.728003,-1.9061443267992944,-3.335220290448976,5.403280258178711
1747536081.7488937,-1.8987318151586423,-3.2599583518029065,6.565570831298828
1747536081.7675972,-1.8968903119035967,-3.183488424832832,5.438566207885742
1747536081.7871568,-1.9046146980537548,-3.120602965430526,5.248546600341797
1747536081.8032465,-1.8981542498832717,-3.05853749063871,5.413532257080078
1747536081.8271518,-1.9057137843621947,-2.974476938776904,5.3806304931640625
1747536081.8494143,-1.9192648447432332,-2.9187217150518365,5.691289901733398
1747536081.8718667,-1.918960983168864,-2.8469398626115576,5.454301834106445
1747536081.8893259,-1.9222596975237667,-2.7793136191704093,5.778789520263672
1747536081.9080956,-1.929627704932969,-2.7137848807078266,5.560159683227539
1747536081.9278579,-1.9117147066348965,-2.6342205865363897,5.519866943359375
1747536081.9477532,-1.9097917854525073,-2.5582217104436236,5.539894104003906
1747536081.969555,-1.908503903487733,-2.487153059971626,7.097721099853516
1747536081.9878404,-1.912072190745519,-2.4163099107892902,5.609273910522461
1747536082.0080495,-1.8768999198990823,-2.334717822138679,5.458831787109375
1747536082.0282092,-1.8722019349096648,-2.261913694398475,6.198883056640625
1747536082.04707,-1.8752820885085162,-2.194738026685339,5.268096923828125
1747536082.0662663,-1.8541272769028894,-2.1408886048752254,5.27644157409668
1747536082.0833302,-1.8437021288240896,-2.0746658778377554,5.254507064819336
1747536082.1075845,-1.8399405133586055,-2.002653450617355,5.375385284423828
1747536082.125991,-1.8115535945157943,-1.9309895172713438,7.016420364379883
1747536082.147617,-1.7942921151549507,-1.840847725237481,5.286455154418945
1747536082.1675677,-1.7871845950065788,-1.7849034831681136,5.541086196899414
1747536082.1880817,-1.7282572542244936,-1.6845315218225487,5.568504333496094
1747536082.2105336,-1.6946264648833844,-1.5953589503277095,5.522012710571289
1747536082.2320504,-1.6721980978299515,-1.5191101018279878,6.072282791137695
1747536082.2521062,-1.630629063453193,-1.4473818217902419,5.359888076782227
1747536082.2734084,-1.601737680697315,-1.3750471444173074,7.330179214477539
1747536082.2891407,-1.5762142099266134,-1.3020687861704927,6.165742874145508
1747536082.3094223,-1.5618420383338687,-1.239343131651811,6.682634353637695
1747536082.3293762,-1.5138196337180894,-1.178468570985831,6.983280181884766
1747536082.3484893,-1.474004368942051,-1.1095903815503954,5.344390869140625
1747536082.3720703,-1.4377248092579533,-1.0428569043369094,6.490230560302734
1747536082.3895645,-1.4180524512295118,-1.0009408208034942,5.604982376098633
1747536082.409733,-1.3937013160062044,-0.9385216017084131,7.348299026489258
1747536082.4318311,-1.371455305178164,-0.8910371679652747,6.515741348266602
1747536082.451713,-1.3392797156733685,-0.8291543766012529,6.315946578979492
1747536082.4729323,-1.3246838774680805,-0.7934924864308077,6.171226501464844
1747536082.4877458,-1.2513874273890178,-0.725498232041142,5.520343780517578
1747536082.5074227,-1.2158551050756676,-0.6799555415263475,5.6438446044921875
1747536082.5283456,-1.1994273457848332,-0.6503388523938834,5.620241165161133
1747536082.5476024,-1.1483891192747553,-0.5966568960736516,5.643606185913086
1747536082.5684078,-1.1038346890438873,-0.541435488258278,6.318569183349609
1747536082.5882537,-1.064877500941512,-0.49939641117596184,5.612373352050781
1747536082.6080618,-1.0276795630675175,-0.46618420446270314,6.10041618347168
1747536082.627962,-0.9808357893358916,-0.4073038250405971,5.953550338745117
1747536082.6474361,-0.9375083563836081,-0.3492674639876017,5.70225715637207
1747536082.6720462,-0.9120919878281755,-0.31340392352064095,6.036520004272461
1747536082.6880553,-0.8279077406783291,-0.252469759247132,5.4798126220703125
1747536082.7034996,-0.7569245099064725,-0.22529033036943671,5.466222763061523
1747536082.7285028,-0.6958034511906397,-0.18294146470707023,5.724668502807617
1747536082.74959,-0.6182720328841335,-0.1352523806532131,5.8956146240234375
1747536082.7765002,-0.5587211833506864,-0.10181416952319713,6.817817687988281
1747536082.7998981,-0.507877929894021,-0.07535189884314539,7.408857345581055
1747536082.9575908,-0.06323488517049299,0.14267470691348139,6.718635559082031
1747536082.9741468,-0.015984142041174817,0.169060733404116,5.610466003417969
1747536082.9896917,0.07297626048316605,0.21457543535783405,5.1727294921875
1747536083.0100198,0.08131446886270166,0.2257756657114377,5.000114440917969
1747536083.0283568,0.1195722853016045,0.235375829468256,5.40471076965332
1747536083.0479393,0.18248063587483138,0.25252655379803507,5.322694778442383
1747536083.067012,0.3913586913658618,0.3040316179804213,5.014181137084961
1747536083.086851,0.5973664279330491,0.3503915338267806,4.919290542602539
1747536083.1066256,0.7083554977996602,0.3715594132529391,4.848957061767578
1747536083.1266832,0.7837839246893711,0.38426798804434315,4.886627197265625
1747536083.1476839,0.8754312669668,0.40297867911802776,5.456686019897461
1747536083.1670425,0.9378160268109785,0.4158346564564938,4.903554916381836
1747536083.187524,0.9872013216527339,0.4238046598570756,5.585670471191406
1747536083.209711,1.053180097305834,0.43576069211233015,6.708383560180664
1747536083.232665,1.1343525543738084,0.45449000767525616,7.894277572631836
1747536083.2517262,1.1914081355691015,0.4664552951280408,5.87773323059082
1747536083.2707267,1.229549370717673,0.485496124315149,4.922151565551758
1747536083.2917116,1.2438583330587945,0.48393208459456416,5.436420440673828
1747536083.3095691,1.2341357651957139,0.47167935673823963,6.702661514282227
1747536083.3297973,1.2435837641887457,0.4504661148715273,7.17926025390625
1747536083.3508267,1.294636297300208,0.43395143132024044,7.683277130126953
1747536083.3672917,1.3406187400310925,0.4254721569293589,5.033016204833984
1747536083.3895986,1.3772942928611298,0.4191052780295689,6.969451904296875
1747536083.4108655,1.4412997019058411,0.39089301388549746,5.118131637573242
1747536083.4389062,1.4905416827910114,0.3666861635102951,7.39598274230957
1747536083.464694,1.5336163768038684,0.3512853702100378,6.0520172119140625
1747536083.4866776,1.5692792343216666,0.32667261189195274,6.126642227172852
1747536083.5075576,1.6003280646148041,0.3030347516958823,5.696535110473633
1747536083.5224857,1.6251731382831704,0.2888382240444892,4.880666732788086
1747536083.5391135,1.6779512850781775,0.25735631020164074,5.524158477783203
1747536083.5585861,1.7303800311473077,0.23145768347749363,4.715204238891602
1747536083.5721812,1.7742310786482391,0.2102317734183029,4.605531692504883
1747536083.5871477,1.8138900154977442,0.1928527795432715,5.1136016845703125
1747536083.6046934,1.8381692778115377,0.16058890445809232,5.08570671081543
1747536083.6265595,1.8807870325487963,0.12423555121428681,4.670619964599609
1747536083.64671,1.9037263340199944,0.10422546472125342,4.69517707824707
1747536083.6648054,1.9259256277139742,0.07366858299336464,4.707098007202148
1747536083.686593,1.9635872512192238,0.035633881704414984,4.740238189697266
1747536083.7090511,1.9943915345980932,0.012526604025768896,6.893157958984375
1747536083.7292197,2.0111860865802775,-0.024990817031277923,5.208253860473633
1747536083.748567,2.049580599209588,-0.05496341923378168,4.996776580810547
1747536083.7695184,2.1231649619253794,-0.08371288229935785,7.129430770874023
1747536083.7850604,2.2085958568618564,-0.10453848108086143,5.230188369750977
1747536083.8077457,2.302204288365155,-0.12838190506827835,5.068778991699219
1747536083.8262935,2.321948799154839,-0.14481755730490586,5.241870880126953
1747536083.8481786,2.3592521195664315,-0.16821138211712125,5.626201629638672
1747536083.8695986,2.3950416559901617,-0.1840734122358333,6.649494171142578
1747536083.8892846,2.3713019463709095,-0.20979388490600265,6.018400192260742
1747536083.9108353,2.351752597520283,-0.22613035333068943,8.304595947265625
1747536083.9287457,2.3519659169338563,-0.24051688945187458,5.382299423217773
1747536083.9486952,2.3472955479880837,-0.2498568347605181,5.2051544189453125
1747536083.9700875,2.3999368769422227,-0.2748958119860466,7.224798202514648
1747536083.9873607,2.4389135906003117,-0.29474360919773396,5.1727294921875
1747536084.0074403,2.4643384885683437,-0.30898674429799894,5.274772644042969
1747536084.027149,2.4750598349241506,-0.3179297281034269,5.117893218994141
1747536084.0472107,2.4958681244641783,-0.3232206717787952,5.083799362182617
1747536084.0684953,2.516162076745083,-0.32728494668575436,5.326271057128906
1747536084.0872645,2.5145772269953826,-0.3318872372370842,5.176067352294922
1747536084.1023412,2.4872333882726365,-0.3287504035789421,5.218029022216797
1747536084.1275485,2.424216724173696,-0.31627819699119525,5.141258239746094
1747536084.1473746,2.368050481013012,-0.30434587824178694,5.24592399597168
1747536084.1676595,2.352317928703625,-0.30452513427194067,5.19108772277832
1747536084.1871083,2.3523001907117744,-0.30986346259079284,5.26881217956543
1747536084.2099683,2.3572566552966303,-0.31921923011520736,5.593776702880859
1747536084.2349603,2.3516413566563066,-0.3235093490775143,6.560087203979492
1747536084.2507834,2.34873355237723,-0.3253871136307851,5.571842193603516
1747536084.2692957,2.323850647894393,-0.3218487254770133,6.888628005981445
1747536084.2880278,2.640868173230124,-0.3937954208440576,5.080699920654297
1747536084.3073008,2.6836643407888343,-0.41440960115260383,5.352497100830078
1747536084.3354473,2.7025403931935332,-0.42285936185476486,6.644487380981445
1747536084.3577466,2.7106549820663117,-0.42727995487550874,6.138324737548828
1747536084.3737323,2.717304972402181,-0.43123329112117464,6.0520172119140625
1747536084.388237,2.727908686481372,-0.43591393342665435,5.380392074584961
1747536084.4079857,2.73674127891283,-0.44043351592278673,5.349874496459961
1747536084.4263093,2.705736973083834,-0.43514085054262047,7.596492767333984
1747536084.445649,2.676151414959878,-0.43150591820075707,6.445169448852539
1747536084.4657974,2.6514554604496725,-0.4278135728774359,7.40504264831543
1747536084.488182,2.638623637864951,-0.4212638323369786,5.358695983886719
1747536084.507578,2.6278502502508028,-0.4147609496724849,5.282163619995117
1747536084.530505,2.6168716375141807,-0.4076276197712563,6.899833679199219
1747536084.549523,2.575748185941431,-0.39673933269667044,5.31768798828125
1747536084.5672324,2.529855080079566,-0.38439303693605087,5.064964294433594
1747536084.5863616,2.48935602131264,-0.37593354787500183,5.233287811279297
1747536084.6086838,2.455180380042753,-0.36926928260923947,5.264520645141602
1747536084.6273618,2.4240793356205574,-0.35884718671355686,5.15294075012207
1747536084.648354,2.4044051815407737,-0.3524575884778975,6.247282028198242
1747536084.6673937,2.390370048528602,-0.34644971308196687,5.218744277954102
1747536084.6881545,2.386695449861282,-0.34065242563402376,5.347013473510742
1747536084.708379,2.383499389786465,-0.3382026428703679,5.2967071533203125
1747536084.729447,2.381815924307851,-0.33465713132158587,6.571292877197266
1747536084.7477493,2.374843254878099,-0.33626526765429204,5.062341690063477
1747536084.7625985,2.3697897569094586,-0.33662173411856483,5.241155624389648
1747536084.7899675,2.366649058669399,-0.3372045875768392,7.148027420043945
1747536084.8161037,2.363667132848477,-0.3306882398724203,7.812976837158203
1747536084.8336306,2.3644407558826805,-0.3243870786194056,5.880594253540039
1747536084.8573387,2.364178055526164,-0.3199626013957355,7.128715515136719
1747536084.8814392,2.3536021698203453,-0.3149872206657885,12.410163879394531
1747536084.9047935,2.3446501306340775,-0.3086372576520189,6.323575973510742
1747536084.9285507,2.3355599932495346,-0.30149591410915194,5.7544708251953125
1747536084.9478948,2.3443216738290285,-0.3062663167631769,5.297422409057617
1747536084.9677436,2.3501920247915296,-0.31457027235401663,5.258321762084961
1747536084.9880009,2.3562012322873533,-0.3195249383697173,5.293369293212891
1747536085.0082986,2.359255151736268,-0.3220291407279641,5.28264045715332
1747536085.027907,2.3579823592945615,-0.32343305025649066,5.097866058349609
1747536085.044861,2.356927688084196,-0.32386551536561364,5.367755889892578
