time,x,y,computation_time_ms
1747536115.8118916,-0.7882511055120232,-7.652498745686062,10.400533676147461
1747536115.8322313,-0.8485495299792626,-7.716447121984069,6.181240081787109
1747536115.852756,-0.8474345311953054,-7.7213133387734745,7.054805755615234
1747536115.8728821,-0.8447251870267736,-7.722317173551656,5.859613418579102
1747536115.893714,-0.8446415839871672,-7.7248950495803195,9.643077850341797
1747536115.9152231,-0.8405250912962468,-7.725685527842717,6.464242935180664
1747536115.9309292,-0.8363078113137324,-7.72851445061217,5.588531494140625
1747536115.9491842,-0.8310349074716709,-7.728746897278309,5.356550216674805
1747536115.968785,-0.8242337241804747,-7.729277630444027,6.286859512329102
1747536115.99371,-0.8100753395877027,-7.731071369648553,6.150722503662109
1747536116.0154798,-0.7955473040192069,-7.732928916788228,7.227420806884766
1747536116.0310044,-0.7830467557738554,-7.734453177318826,5.594730377197266
1747536116.0500026,-0.7721219418031925,-7.736500735717606,5.241632461547852
1747536116.0708094,-0.7723824730883374,-7.736409647380652,7.345676422119141
1747536116.0882392,-0.7771319704299565,-7.736457252314361,5.371332168579102
1747536116.1076157,-0.783073965049858,-7.735913383229381,5.383729934692383
1747536116.130299,-0.7736499408169365,-7.73635437865539,6.86335563659668
1747536116.1519244,-0.7615561079022664,-7.736688394084964,5.425453186035156
1747536116.1730468,-0.7454751683471943,-7.737461715958483,5.980253219604492
1747536116.1946485,-0.7288674320956166,-7.738392392040073,9.08041000366211
1747536116.2218916,-0.7261741742222969,-7.737963495289328,5.418300628662109
1747536116.236153,-0.7141285712789435,-7.737342217932722,5.435466766357422
1747536116.256277,-0.7022214614580723,-7.737561281339273,6.6509246826171875
1747536116.2706642,-0.698986254884892,-7.737942195723497,5.387306213378906
1747536116.290571,-0.6863564601461036,-7.7387756203358995,5.393266677856445
1747536116.311577,-0.6755123535504539,-7.74031661140126,5.74946403503418
1747536116.3306274,-0.6623360607435848,-7.740042374407563,5.497217178344727
1747536116.3482661,-0.6479670436246251,-7.74062438838754,5.086660385131836
1747536116.3703268,-0.6437361576852031,-7.741020477187985,6.5326690673828125
1747536116.3895812,-0.63122668578032,-7.7401895445234,5.397558212280273
1747536116.4196756,-0.6181439258691814,-7.7399693460909536,7.6580047607421875
1747536116.437306,-0.6104210573120857,-7.73996423939246,6.133794784545898
1747536116.4564881,-0.6136541535136578,-7.741739774582434,5.721092224121094
1747536116.4741347,-0.6172092102386171,-7.7418762440022935,5.842685699462891
1747536116.490131,-0.6185746405385778,-7.743340792177086,5.442142486572266
1747536116.506819,-0.6223425528326536,-7.7445959679867356,5.369901657104492
1747536116.5329423,-0.6177675203277841,-7.747426352262383,14.084577560424805
1747536116.5681148,-0.6141965715884095,-7.748220602516263,9.248018264770508
1747536116.5872414,-0.6101286852027831,-7.746654939336515,5.261421203613281
1747536116.6061823,-0.6063336010697092,-7.745637680921494,5.987405776977539
1747536116.6583045,-0.6307458664042824,-7.7440990492913455,13.04006576538086
1747536116.687278,-0.6455756112178586,-7.742847212123486,5.583763122558594
1747536116.7083015,-0.6313158808731275,-7.743082312641084,5.72967529296875
1747536116.7254336,-0.6059886667345407,-7.745017891876889,5.452871322631836
1747536116.7453225,-0.587235349182552,-7.746102562791137,5.570173263549805
1747536116.7713778,-0.5498764319150149,-7.746414278565622,6.272077560424805
1747536116.7912695,-0.5111411189855285,-7.7478449083043195,6.277322769165039
1747536116.8111832,-0.47559916223029736,-7.7478604535212074,5.418539047241211
1747536116.8298795,-0.44021668208974524,-7.750413283699432,5.602598190307617
1747536116.8571572,-0.4132636627912027,-7.75170137040067,8.713722229003906
1747536116.881011,-0.40009350846416747,-7.752267052807542,7.212638854980469
1747536116.900388,-0.39307659161179537,-7.751990515476632,8.358240127563477
1747536116.9224763,-0.38267863331534874,-7.751044520291353,5.351781845092773
1747536116.9367833,-0.3770982316494934,-7.751122295607886,5.321741104125977
1747536116.9535258,-0.37479557972751415,-7.751116419678905,5.453824996948242
1747536116.9704328,-0.37277374260970786,-7.748993300196613,6.662845611572266
1747536116.9856992,-0.3697874555432122,-7.749482809656209,5.220890045166016
1747536117.0091295,0.8072603504326826,0.5123256751147678,5.300760269165039
1747536117.027649,0.6347052580380659,0.21925256279481692,4.78363037109375
1747536117.0467887,0.5851634082334151,0.16293603050806724,4.8198699951171875
1747536117.0681517,0.5892623700937898,0.16405582547016317,4.960298538208008
1747536117.0883183,0.6058747327765108,0.16742492059306158,5.524396896362305
1747536117.1076155,0.6214205551374646,0.17005154558989552,4.837512969970703
1747536117.1274357,0.6362885643474873,0.17284250867013543,4.81414794921875
1747536117.1669257,0.6484730061464296,0.17451718817605294,20.852088928222656
1747536117.1957333,0.6676529135428494,0.17497651077685358,7.047414779663086
1747536117.225392,0.6798932753251781,0.17449209404462032,9.544610977172852
1747536117.2425354,0.6959231209004278,0.16619253367596834,5.377054214477539
1747536117.2599413,0.7043746916616216,0.16393028472882767,5.23066520690918
1747536117.2776954,0.7122974139124129,0.163223365211697,6.155729293823242
1747536117.3014872,0.7217671519596528,0.16434073167625265,6.793737411499023
1747536117.3202248,0.725002777519406,0.16787689274827516,5.214452743530273
1747536117.3376906,0.7353562948350676,0.17094817328468198,5.982875823974609
1747536117.358411,0.7383041608678771,0.17445166356491645,8.347511291503906
1747536117.3788428,0.7396034280308968,0.1714590783522466,5.077123641967773
1747536117.4061182,0.7431279337404365,0.16980355650791754,5.846977233886719
1747536117.4218202,0.7439988601984743,0.1682501484703113,5.33604621887207
1747536117.44182,0.7476784218634587,0.16890564002588757,8.582353591918945
1747536117.4622667,0.747184319260285,0.17158470950887736,7.811307907104492
1747536117.485639,0.7437417254021768,0.1712421938684026,5.845069885253906
1747536117.50556,0.7397738978025267,0.16799161670847446,6.118059158325195
1747536117.5215685,0.7337145779028984,0.16271069841022667,5.724191665649414
1747536117.5395005,0.7191042779326813,0.1593716251068034,4.8313140869140625
1747536117.5540254,0.7109617373114309,0.15582601373715937,5.055427551269531
1747536117.5700982,0.7070832212932897,0.164063403730897,4.729747772216797
1747536117.586569,0.70455870682791,0.16976189902647423,4.6844482421875
1747536117.6104686,0.7066849726899656,0.17320637066849845,6.786823272705078
1747536117.6263852,0.7120535524605475,0.1717311544255796,4.838705062866211
1747536117.6474693,0.7196640313901772,0.1701147906986151,4.787683486938477
1747536117.6676402,0.7251696432606334,0.1722930191825256,4.891633987426758
1747536117.6900558,0.7315319567657136,0.17237789437947315,7.682323455810547
1747536117.709503,0.7269706861879174,0.1719359039647737,6.458520889282227
1747536117.7236142,0.7217657043525522,0.17220381719533448,4.706621170043945
1747536117.7429185,0.7212240140889012,0.17100963844485437,4.830360412597656
1747536117.7701297,0.7270149068994917,0.17198469912309775,6.255626678466797
1747536117.7894168,0.732292533157636,0.17384672165656717,6.185770034790039
1747536117.8051033,0.7342043169947503,0.17555307620302785,5.03230094909668
1747536117.8228037,0.7356721911739228,0.17676780801085715,4.75001335144043
1747536117.8503647,0.7454987683172678,0.1771245972985401,6.963968276977539
1747536117.8670065,0.7504281806984575,0.17709954234913428,4.868030548095703
1747536117.896088,0.7395237394363624,0.17453290139486125,6.704092025756836
1747536117.9124968,0.7291115538360218,0.17232014046901664,6.567955017089844
1747536117.9285293,0.7246231680953275,0.17290283761190658,4.987001419067383
1747536117.9485507,0.7179100014638906,0.17241567620977785,4.838466644287109
1747536117.9783537,0.708902144097194,0.17135674138383886,7.065534591674805
1747536118.105903,0.7268275772793263,0.172191323485274,5.03230094909668
1747536118.122868,0.7388451863588912,0.17545095388895432,4.969120025634766
1747536118.1371503,0.7552869369924688,0.17784260005418054,5.433082580566406
1747536118.1518936,0.7721809197384369,0.17602009036647118,4.647254943847656
1747536118.1661437,0.7735120427826897,0.17536504406552386,4.80961799621582
1747536118.1843143,0.7780072017670089,0.17562818692532617,4.714012145996094
1747536118.2021813,0.7775176610758967,0.1754291840380794,4.720449447631836
1747536118.2296643,0.7688910145929801,0.17279416524103144,6.500244140625
1747536118.2476454,0.7629125784196186,0.17189314456613872,5.163431167602539
1747536118.2697186,0.7531270966670481,0.17208101636834042,6.507635116577148
1747536118.2875862,0.747038534544241,0.1778318610471187,4.890203475952148
1747536118.3043506,0.7441157087094141,0.17959632657209015,4.903554916381836
1747536118.327928,0.7344984024571699,0.18179124362593183,4.751443862915039
1747536118.347015,0.7568318711918974,0.18128567398810738,4.646062850952148
1747536118.365706,0.765851773987208,0.17950706886401963,5.274057388305664
1747536118.3913023,0.7748222684584678,0.17980164755877054,5.369901657104492
1747536118.4115486,0.7695074755401572,0.17883980121298543,6.583213806152344
1747536118.4325206,0.7685663301915252,0.17966782648591004,6.109476089477539
1747536118.4517398,0.7584805603912819,0.1805066022065458,4.825115203857422
1747536118.4737616,0.7574930000900988,0.1804774376867522,7.719755172729492
1747536118.4912546,0.7681886882561856,0.17985784079299907,6.532907485961914
1747536118.5066319,0.7725153302480421,0.17895357718992147,4.77147102355957
1747536118.5249074,0.7777408435471825,0.17998069378338183,6.602287292480469
1747536118.5473974,0.7728093395385497,0.17989432393805346,4.6176910400390625
1747536118.5632405,0.7599320027960067,0.17853486123501536,4.667520523071289
1747536118.5853555,0.7532458694573007,0.17784017530236645,5.768537521362305
1747536118.6051311,0.7460166253044237,0.17779142337770723,6.463527679443359
1747536118.624664,0.7563190584966384,0.17423270587040693,5.977869033813477
1747536118.6428404,0.7670134296261871,0.17349267072212302,4.874229431152344
1747536118.664412,0.7762051857351695,0.1757058843745444,4.863500595092773
1747536118.6879094,0.7877060225271159,0.18127111195904677,4.836082458496094
1747536118.7073412,0.7989644718962083,0.1817515955671909,4.780054092407227
1747536118.7313728,0.8055136070192346,0.18214548197936062,7.786989212036133
1747536118.7482002,0.810702657248288,0.18073798437947614,4.833698272705078
1747536118.7716107,0.8203856449722586,0.18020799023907913,8.807182312011719
1747536118.7954564,0.8206933110083613,0.1801285561812052,5.887746810913086
1747536118.8108017,0.8146255496433809,0.1853644458824778,4.7168731689453125
1747536118.8284047,0.8233556809848316,0.18909248558428535,4.840612411499023
1747536118.8443844,0.8295840166824608,0.19200110952695934,5.202293395996094
1747536118.8687334,0.8128488849829179,0.1879504276814546,5.017280578613281
1747536118.8889084,0.7945823967376141,0.18553773596986786,4.912376403808594
1747536118.9099548,0.7801913800353308,0.18254859172291582,6.602764129638672
1747536118.9317036,0.7753452491870539,0.18110088333681543,6.547212600708008
1747536118.949018,0.7772662318135117,0.17897211675315947,5.130290985107422
1747536118.9668643,0.7849745107379972,0.17637009610344728,5.861043930053711
1747536118.9874587,0.7837256321228052,0.17298420730011904,4.7054290771484375
1747536119.0085702,0.7858020787278805,0.17233252823441764,4.797458648681641
1747536119.0246563,0.7928532812760801,0.17374111794117644,4.842042922973633
1747536119.0476692,0.7937445549783084,0.17505024203551797,4.770755767822266
1747536119.0636547,0.7841218768153,0.17140003946501417,4.7607421875
1747536119.082782,0.7800744211374225,0.17108242852554323,4.932403564453125
1747536119.102566,0.7797088980232235,0.1700766069342977,4.741907119750977
1747536119.1230094,0.7721729615977866,0.17033835195574606,5.2127838134765625
1747536119.1436431,0.7745361737415646,0.17055280913488585,4.765748977661133
1747536119.167828,0.7724693144942455,0.16993989410057772,5.122661590576172
1747536119.1887412,0.7730662364758631,0.16940450747967087,4.980802536010742
1747536119.211407,0.784603848702083,0.17788517148159683,4.9457550048828125
1747536119.2297838,0.7950384340580929,0.1836336446713377,4.821062088012695
1747536119.2514625,0.8038293361219487,0.18675422808543304,5.074501037597656
1747536119.270505,0.8213447776031404,0.1807666163023337,4.82487678527832
1747536119.2862127,0.8379160009337133,0.17773949570720124,4.665136337280273
1747536119.308416,0.8558951644055676,0.17785151276249977,5.040168762207031
1747536119.332083,0.8490073899757697,0.17953349421714543,4.845619201660156
1747536119.3506255,0.8385526846506267,0.18222016310517916,4.7664642333984375
1747536119.368802,0.8360257914135414,0.18332126807520185,4.820108413696289
1747536119.3915656,0.8252514507144406,0.18527204596420765,4.82487678527832
1747536119.4092977,0.8169784511570584,0.18664385473544282,4.792451858520508
1747536119.425379,0.7997033051935256,0.18472530790523461,4.939794540405273
1747536119.445302,0.8007835628244945,0.18662501599227813,5.079030990600586
1747536119.4728856,0.8340886451780715,0.18479029689043716,6.532430648803711
1747536119.4929373,0.8556734743223334,0.1852038255656941,6.590127944946289
1747536119.5107162,0.8800214582795055,0.18639254528898477,6.825923919677734
1747536119.5276704,0.929306085692179,0.19155384850001814,4.572868347167969
1747536119.5422904,0.9567947546089526,0.1955668741037837,4.613637924194336
1747536119.5627894,0.9803560761614469,0.1978785723192089,5.24139404296875
1747536119.587992,1.0500817749100209,0.19007724565591574,4.684925079345703
1747536119.6075563,1.0963454862723154,0.18265783396657656,4.612922668457031
1747536119.6273973,1.1320960120500037,0.17617050666813783,4.575967788696289
1747536119.6484027,1.1656327662948431,0.17351923356373364,5.573749542236328
1747536119.6676407,1.2054192709664735,0.16166179753018775,4.619359970092773
1747536119.6875598,1.2465526741732065,0.16015106499466095,4.919767379760742
1747536119.7064605,1.2678197330779208,0.15967383690640327,4.59599494934082
1747536119.7278252,1.3193593770212981,0.14313029332329577,4.980325698852539
1747536119.7492473,1.386582143506495,0.12598022470930378,6.6204071044921875
1747536119.7681236,1.4346020782276776,0.1089891632411038,5.556821823120117
1747536119.791149,1.5010014938908016,0.09129911778243616,4.596471786499023
1747536119.807583,1.5186281666397428,0.08199979419830453,5.246162414550781
1747536119.8277843,1.543248463724752,0.07089117489571,4.605770111083984
1747536119.8431764,1.5477831541737765,0.07077762599292003,5.174160003662109
1747536119.8684967,1.625503636307044,0.048770973377521475,4.852771759033203
1747536119.887337,1.673354718785192,0.03752432511370118,4.578351974487305
1747536119.908924,1.7046608707663993,0.03248437988219298,4.880666732788086
1747536119.9292855,1.7554545095341114,-0.0036430593778070666,5.329608917236328
1747536119.9484065,1.793663584258969,-0.0307072972788632,4.837751388549805
1747536119.96776,1.8157511119200653,-0.045280052315776996,5.726099014282227
1747536119.9945884,1.8455306591282432,-0.06100823056181558,6.840705871582031
1747536120.0093713,1.8609467743181698,-0.06858744880161087,4.619836807250977
1747536120.0273705,1.9068472730751673,-0.09432901976518772,4.748344421386719
1747536120.0470445,1.947551419142441,-0.11405991418928288,4.703760147094727
1747536120.0627644,1.9759410041323473,-0.12335501737544013,4.657983779907227
1747536120.0878875,2.0413142518055536,-0.15509126820930855,4.870891571044922
1747536120.1070783,2.0858560059628206,-0.1734249653547714,4.7702789306640625
1747536120.1268325,2.1119654033407906,-0.1854458950348159,4.70280647277832
1747536120.1474645,2.139422473757691,-0.21865270607119278,4.820346832275391
1747536120.1638227,2.161148013691506,-0.23469958335994998,4.831075668334961
1747536120.1874585,2.1881899752941463,-0.25752012697381965,5.123615264892578
1747536120.203964,2.2077753275039247,-0.26936192259809494,5.807161331176758
1747536120.225662,2.243530975396751,-0.30614630738835097,6.420612335205078
1747536120.2452698,2.2610328187392352,-0.33395712309781883,6.742000579833984
1747536120.265184,2.2727300274968387,-0.3551496165026027,7.173776626586914
1747536120.2883315,2.3347780423235993,-0.3984848207935961,5.433320999145508
1747536120.3094637,2.387457240240134,-0.43684313129225594,7.033586502075195
1747536120.3256903,2.4137481091146213,-0.4591292100875941,5.354881286621094
1747536120.3487196,2.4493180571630098,-0.4959525035561351,5.724191665649414
1747536120.3672485,2.467142914868554,-0.5053989768632082,5.345344543457031
1747536120.3906975,2.4885207537416325,-0.5218768630419494,6.186485290527344
1747536120.411688,2.530952531351721,-0.5638312456116054,7.383108139038086
1747536120.4340956,2.568172345648583,-0.609814979861712,6.8225860595703125
1747536120.4548242,2.6218738361834104,-0.6694419839095194,6.343841552734375
1747536120.4744263,2.633776723073497,-0.7201654306524736,6.327390670776367
1747536120.4945464,2.627681657813536,-0.7522621735079419,6.654024124145508
1747536120.512441,2.6125036367841235,-0.7887251748233716,5.890369415283203
1747536120.5311909,2.5913743324481073,-0.8163530871084247,6.827831268310547
1747536120.5494082,2.641610751657643,-0.8354564031303446,5.779027938842773
1747536120.5695543,2.677860961175249,-0.8709597981855304,5.861759185791016
1747536120.5942605,2.7483117201393368,-0.9192161839244949,6.102085113525391
1747536120.6103148,2.7308793359569967,-0.9553350271206597,5.447626113891602
1747536120.6290195,2.7228570340388067,-0.9874302371786544,5.497217178344727
1747536120.6485188,2.722035889921761,-1.047546552983232,5.412817001342773
1747536120.668976,2.7429896588183924,-1.12214012464113,5.570650100708008
1747536120.6877654,2.7562074453612797,-1.1799373628748313,5.532264709472656
1747536120.708174,2.7635743808476287,-1.2292355332052276,5.163431167602539
1747536120.7306638,2.764800866514864,-1.2747013400983553,6.89244270324707
1747536120.7545187,2.754290839655174,-1.326341796987471,8.980035781860352
1747536120.770814,2.7462432147491036,-1.3769126842195007,4.789829254150391
1747536120.7985644,2.748160487765761,-1.4287053774772407,5.65338134765625
1747536120.8154101,2.7404406363916936,-1.4734141152509246,5.65028190612793
1747536120.8298266,2.732363151558046,-1.5083185627386084,4.829883575439453
1747536120.84963,2.734528481589637,-1.5500721993664843,5.67626953125
1747536120.8678873,2.718743986461513,-1.5780592573167087,4.728555679321289
1747536120.8870623,2.694431498826562,-1.6098411188134503,4.632472991943359
1747536120.9059925,2.6804350827720067,-1.642304067596869,6.460666656494141
1747536120.9230592,2.6736086375297767,-1.6758475165398978,4.869937896728516
1747536120.9497163,2.6658164247783107,-1.736758510046389,6.486177444458008
1747536120.9681585,2.664090071325983,-1.7748787950037401,4.896879196166992
1747536120.9912088,2.6637035900659334,-1.803940269878173,4.8828125
1747536121.0079231,2.6561891315653625,-1.8549625879192597,4.787921905517578
1747536121.0320966,2.649183023163684,-1.8998891519565215,6.211519241333008
1747536121.049176,2.6418113961011676,-1.9330111354718866,5.429267883300781
1747536121.0650752,2.6260532670853114,-1.9886484901227863,5.800724029541016
1747536121.0879595,2.6074473725587892,-2.0543762168501876,4.89497184753418
1747536121.1097515,2.5979121398200924,-2.103625584629106,7.06028938293457
1747536121.129315,2.577846802407376,-2.1614982033398693,5.662202835083008
1747536121.1475627,2.562386186629353,-2.212648959885818,4.975080490112305
1747536121.1715784,2.5453284803886396,-2.2682880886668384,6.909847259521484
1747536121.195782,2.507581058589975,-2.3131367671837095,5.209684371948242
1747536121.2098134,2.463602928791492,-2.3424755300873854,4.862070083618164
1747536121.2290924,2.4165377887839274,-2.374585688126037,5.096435546875
1747536121.248031,2.354756964566294,-2.428748621127872,4.828453063964844
1747536121.2688713,2.3309067252471953,-2.48579971965745,5.120038986206055
1747536121.2891529,2.318455082617878,-2.5406210912720133,5.666255950927734
1747536121.3074074,2.3104665581834247,-2.5810147178471543,6.678581237792969
1747536121.3287194,2.3623576402455937,-2.656367538120948,5.300283432006836
1747536121.347488,2.3712043104014424,-2.7112310320851405,4.765033721923828
1747536121.3682952,2.363758744485255,-2.759480626700405,4.86302375793457
1747536121.3912115,2.375261089448971,-2.8241223539267493,5.00941276550293
1747536121.4095948,2.3668133441492616,-2.8933670966083977,5.591630935668945
1747536121.4292016,2.3607145115600554,-2.952148623279166,5.32984733581543
1747536121.4523304,2.3538718821817954,-3.008670683674549,6.757974624633789
1747536121.4762142,2.4031337306828715,-3.0732397331309307,9.893417358398438
1747536121.4941826,2.432165695387218,-3.1277762830148816,5.241632461547852
1747536121.5076568,2.4590760128607876,-3.1703090579188458,4.730701446533203
1747536121.528012,2.505661326555077,-3.238506425798105,5.304098129272461
1747536121.542615,2.539472886954715,-3.274802166925619,4.91786003112793
1747536121.5674186,2.5636163186928322,-3.3272545543541816,4.880189895629883
1747536121.5890934,2.59594823031196,-3.386881617852043,4.965543746948242
1747536121.6063347,2.6144167941199044,-3.4251146801705303,4.925966262817383
1747536121.6305876,2.642281931433898,-3.4743407342315407,5.114078521728516
1747536121.6492124,2.660195827029588,-3.5095408696068984,5.968332290649414
1747536121.6675558,2.7186475815667674,-3.5702152432477705,4.961967468261719
1747536121.6878273,2.750849288850812,-3.616233075737169,4.97126579284668
1747536121.7084026,2.7698934614874497,-3.646795276756396,5.401134490966797
1747536121.7283282,2.839696543437564,-3.7032768594304706,5.109310150146484
1747536121.747734,2.8847085028513066,-3.7528237158711737,4.884481430053711
1747536121.7688408,2.9188300238801936,-3.796309332460848,5.453824996948242
1747536121.788467,2.973331507911652,-3.8552879723904026,4.804134368896484
1747536121.803342,3.023379987362867,-3.9149273734971493,5.072832107543945
1747536121.8239465,3.0700218156925994,-3.9775557494179097,5.93256950378418
1747536121.8486693,3.0984705368887377,-4.0107613921373035,5.406618118286133
1747536121.8692417,3.1082097588657165,-4.023849760363735,5.153179168701172
1747536121.8891568,3.1552048995673334,-4.0906744430245885,5.511283874511719
1747536121.9078157,3.2021096504297764,-4.141680804936508,5.016803741455078
1747536121.928098,3.2216820717543144,-4.16093225735184,5.009174346923828
1747536121.9490345,3.259889559494053,-4.221236139111259,5.382776260375977
1747536121.967958,3.2941557589358657,-4.272760183412252,4.8236846923828125
1747536121.9877107,3.3086626027000174,-4.299161291995295,4.761934280395508
1747536122.0072715,3.3339163116871298,-4.323859111505987,4.805803298950195
1747536122.0273552,3.3577777779209197,-4.3809117353008205,4.69660758972168
1747536122.043078,3.3682463450680844,-4.409973020083575,4.853010177612305
1747536122.0675077,3.384477170017686,-4.443213989337528,4.964590072631836
1747536122.083567,3.4329439656737444,-4.511360040477247,4.870414733886719
1747536122.1072626,3.4783863311182466,-4.575584792300645,4.816293716430664
1747536122.1275356,3.501222956849268,-4.615860294330783,4.907369613647461
1747536122.1549118,3.525209794405114,-4.689927753863742,9.10329818725586
1747536122.1817248,3.547006708262558,-4.7450512183401266,7.041454315185547
1747536122.2102237,3.5724243983089794,-4.810957275563901,6.0291290283203125
1747536122.2263973,3.604278091752143,-4.906395103311527,5.1116943359375
1747536122.249032,3.615975825265217,-4.973649619062968,5.218744277954102
1747536122.267745,3.620655303537873,-5.017257884893694,5.141258239746094
1747536122.2878952,3.6113784830893634,-5.0776490524527835,5.092144012451172
1747536122.3077853,3.6058428974944627,-5.12000301669091,5.472898483276367
1747536122.327157,3.598783129672907,-5.164115986125526,5.42902946472168
1747536122.3449287,3.609615157012143,-5.228517247226544,5.620002746582031
1747536122.3691885,3.6051873921429958,-5.291788886748325,5.750417709350586
1747536122.3926818,3.5911616119014202,-5.3284026042731965,6.153106689453125
1747536122.4191,3.5983909767155353,-5.384830455573934,8.001565933227539
1747536122.4371295,3.5896856611241628,-5.4205008240143835,8.007049560546875
1747536122.458399,3.578479970584268,-5.458655335707892,8.742809295654297
1747536122.4780188,3.557330967050127,-5.511246071637054,9.7808837890625
1747536122.49465,3.538254979091486,-5.5509367401207825,7.359504699707031
1747536122.5123618,3.512742825274699,-5.5994911282913895,5.70988655090332
1747536122.5295591,3.490328857671487,-5.630664394598651,5.599737167358398
1747536122.548312,3.488379990753691,-5.678756500186971,5.2928924560546875
1747536122.5643506,3.482838648186249,-5.70809195975667,5.246162414550781
1747536122.588023,3.4668454690143924,-5.742792775934857,5.097150802612305
1747536122.610458,3.435580144371417,-5.783964357542483,7.973670959472656
1747536122.6285386,3.4084818786780966,-5.816824207841287,5.122900009155273
1747536122.64865,3.3802284795798543,-5.842501163546856,5.655050277709961
1747536122.6682935,3.366484915652845,-5.873895441318693,5.087375640869141
1747536122.6878834,3.343452878267339,-5.899570586028671,5.001068115234375
1747536122.7076037,3.328155911333496,-5.916911529752238,4.822969436645508
1747536122.7273917,3.316566741886131,-5.926443744237313,4.9991607666015625
1747536122.749587,3.29287666874757,-5.948852165814224,6.758213043212891
1747536122.7734835,3.2672466581381747,-5.969612075176166,6.508588790893555
1747536122.7965028,3.226782799856635,-5.9937099077760685,7.415533065795898
1747536122.8279405,3.198604843906986,-6.0047235577337394,5.688905715942383
1747536122.8557637,3.157466700109785,-6.062471472247354,7.529258728027344
1747536122.8762653,3.14580097391286,-6.078746884735272,5.087614059448242
1747536122.890343,3.1302719544391446,-6.091282151303342,4.723310470581055
1747536122.9062185,3.093316981562673,-6.110864794126802,4.725217819213867
1747536122.9224262,3.0557849286269443,-6.127350975355763,4.770517349243164
1747536122.947306,2.9897090565920807,-6.150611524983425,5.024433135986328
1747536122.9654837,2.959451149488628,-6.162746005117261,5.542516708374023
1747536122.9872985,2.924013482957242,-6.18068840440718,4.831075668334961
1747536123.0076718,2.877926211974056,-6.1925353075455485,4.995107650756836
1747536123.147294,2.638326488402589,-6.302354794063052,5.20634651184082
1747536123.1674492,2.580880650566026,-6.3198858392824775,4.894256591796875
1747536123.1874616,2.512869098178068,-6.33292261834006,4.925012588500977
1747536123.207382,2.427296474915496,-6.349291949586882,4.8122406005859375
1747536123.2273164,2.2977974733322175,-6.371516756072097,4.965543746948242
1747536123.2480674,2.2194169279595863,-6.386350869464978,5.222082138061523
1747536123.2678206,2.1931464889162386,-6.387311383656646,4.903078079223633
1747536123.287829,2.165883448674378,-6.389280075852414,4.85992431640625
1747536123.3043234,2.1292874178474372,-6.388611309114883,4.8046112060546875
1747536123.3249948,2.0803645788405456,-6.392573955901579,5.056858062744141
1747536123.3479414,2.031466622686525,-6.396670657354061,4.877805709838867
1747536123.367874,1.978471613446141,-6.403667554044646,4.802465438842773
1747536123.3882003,1.9314264258936078,-6.408084152246149,4.891157150268555
1747536123.4071693,1.9059106131724446,-6.407460185330028,4.71806526184082
1747536123.427291,1.839744445386377,-6.412735022399607,4.6329498291015625
1747536123.445394,1.8026002910024628,-6.414155791775196,5.005598068237305
1747536123.462108,1.758213896499758,-6.415651391016802,4.703044891357422
1747536123.4876246,1.7060879408657348,-6.419982499013658,4.649877548217773
1747536123.5025127,1.6737116353040058,-6.419746119714441,4.637718200683594
1747536123.5269964,1.6008498456371434,-6.422392035590157,4.64177131652832
1747536123.5480254,1.5240931629160528,-6.424663953158545,5.258083343505859
1747536123.5674477,1.5178142980282014,-6.431024435573486,4.6825408935546875
1747536123.5875454,1.4985484723713631,-6.431883863744081,4.590749740600586
1747536123.6100163,1.4683013437571066,-6.4350712792201605,7.527351379394531
1747536123.6284134,1.3938610866833487,-6.4324600831461956,5.53441047668457
1747536123.6477997,1.3405835597866798,-6.43062533846761,4.970788955688477
1747536123.6675775,1.3024854528189802,-6.432556186628527,5.135059356689453
1747536123.687002,1.2163553101784301,-6.426728483933321,5.399942398071289
1747536123.702995,1.1494325460345374,-6.420039008310876,4.624605178833008
1747536123.7223647,1.1003253255735495,-6.417028212329913,4.812717437744141
1747536123.7635143,1.0210571451440689,-6.4049119264501115,9.998798370361328
1747536123.788495,0.9120929370043083,-6.38859389425434,5.146026611328125
1747536123.8064945,0.8792661840760905,-6.388893569948641,5.057334899902344
1747536123.8273714,0.8068365059644158,-6.375500598783147,4.773139953613281
1747536123.8502197,0.7569452416667947,-6.366618000579501,4.853487014770508
1747536123.870083,0.7071426480026467,-6.361526492652513,5.713224411010742
1747536123.8879871,0.6028741149915124,-6.325841653307078,4.916906356811523
1747536123.9083831,0.5451055194526202,-6.305854416889584,5.046844482421875
1747536123.9258153,0.5194768226725834,-6.297683623185698,4.991054534912109
1747536123.9433334,0.4663646170427281,-6.286729357768733,5.114555358886719
1747536123.9640055,0.39689736879912596,-6.258013927107384,6.644487380981445
1747536123.9828267,0.3472642642022828,-6.237027727260483,5.090236663818359
1747536124.0026188,0.3018597808858232,-6.225661811953304,5.277156829833984
1747536124.030252,0.2032319795322685,-6.199901059809403,7.931232452392578
1747536124.0463083,0.15967278614323346,-6.182772632557061,5.16200065612793
1747536124.063452,0.10932846542262985,-6.1651758900931535,5.405902862548828
1747536124.0889835,0.03030033140430918,-6.131746452125834,5.513191223144531
1747536124.108847,-0.027756963233672886,-6.108781575781084,5.627870559692383
1747536124.1262758,-0.06480984316675162,-6.095330548187555,5.646705627441406
1747536124.1441214,-0.0675233862945244,-6.062966332383341,5.741596221923828
1747536124.1685622,-0.08410041079128033,-6.018245119665186,5.707025527954102
1747536124.188489,-0.11006241659143236,-5.977680363140218,5.634546279907227
1747536124.2050865,-0.13124154108118066,-5.951212037266689,5.715370178222656
1747536124.225528,-0.13963940158616017,-5.918159698172574,6.775856018066406
1747536124.2495823,-0.17254715847294133,-5.870690621335474,6.533384323120117
1747536124.2690125,-0.17805547475834008,-5.846143750914166,6.351232528686523
1747536124.2956195,-0.19973159807915658,-5.778202308044089,9.148359298706055
1747536124.3145788,-0.22184348910508472,-5.745179509626337,7.430553436279297
1747536124.3346035,-0.2381033526299335,-5.71611088306157,7.2422027587890625
1747536124.3540761,-0.262391497327797,-5.678027052043277,7.721185684204102
1747536124.375875,-0.29459555964081335,-5.65335611335948,6.51097297668457
1747536124.3906775,-0.3427194215281799,-5.607393977582775,6.45756721496582
1747536124.40969,-0.36562648925183455,-5.584990722008942,7.451772689819336
1747536124.4291363,-0.3998198949532544,-5.538297282214907,6.618261337280273
1747536124.450049,-0.46216364931735776,-5.501431610726539,6.238460540771484
1747536124.4693122,-0.4980658194407528,-5.461855970587542,5.930423736572266
1747536124.4894888,-0.5179645597714481,-5.424335271559422,6.01959228515625
1747536124.508218,-0.5710355096279687,-5.372139154326431,5.770206451416016
1747536124.526612,-0.5999744906040779,-5.3415353103139696,5.609035491943359
1747536124.547739,-0.6358787050724762,-5.3018482598253645,5.43212890625
1747536124.5705009,-0.6764254927397537,-5.246400504822186,5.488157272338867
1747536124.5895824,-0.7053735369568804,-5.1990800290653425,5.629301071166992
1747536124.6094956,-0.7242484885995543,-5.163104526092367,5.432844161987305
1747536124.6294415,-0.7318890538113633,-5.141111419762885,6.545782089233398
1747536124.6471083,-0.8125848744135635,-5.086472246515788,5.244731903076172
1747536124.6679766,-0.8736031802831128,-5.026112991230735,5.173444747924805
1747536124.6886349,-0.9009103042461328,-4.9846910069988315,5.211591720581055
1747536124.709781,-0.990736661811735,-4.928607790563728,6.702423095703125
1747536124.7273834,-1.0323303792604566,-4.884254401663733,5.268573760986328
1747536124.7476704,-1.0724654244990273,-4.830995314191184,4.91786003112793
1747536124.7694821,-1.1374419116789556,-4.761700279925473,5.227327346801758
1747536124.7877195,-1.1682123848486647,-4.69929634632093,4.840373992919922
1747536124.809675,-1.1844785308390406,-4.650545167901923,4.8847198486328125
1747536124.8291142,-1.262848896263132,-4.608130200026851,5.664825439453125
1747536124.8447976,-1.2981028662049656,-4.557143468494424,5.116701126098633
1747536124.8625991,-1.3149049640102999,-4.513566598379296,4.781246185302734
1747536124.882214,-1.339637756672418,-4.461927761257858,4.681825637817383
1747536124.9030735,-1.413166849798961,-4.402384733551664,5.777835845947266
1747536124.9271991,-1.4507589286233167,-4.319676604486168,4.807710647583008
1747536124.947443,-1.4667906445301915,-4.246453729149814,4.9877166748046875
1747536124.9688873,-1.5356631685740139,-4.187653646630411,5.239009857177734
1747536124.9852316,-1.557011002587765,-4.155444043749608,4.777669906616211
1747536125.007185,-1.5690541419057649,-4.084849034398522,4.830121994018555
1747536125.022534,-1.5744379764703078,-4.0467936036456935,4.713535308837891
1747536125.0439508,-1.620719041414735,-3.9971217366250786,6.58726692199707
1747536125.067844,-1.642960202104975,-3.926914553933683,4.894256591796875
1747536125.08739,-1.6496615242775878,-3.88506875721661,5.919694900512695
1747536125.1081796,-1.704155837111029,-3.829763192333661,5.2738189697265625
1747536125.130633,-1.7324747489107073,-3.752262801366629,6.733894348144531
1747536125.1459548,-1.73932242350861,-3.72057226047098,4.7760009765625
1747536125.1673868,-1.7660750924074862,-3.646194783940967,5.041599273681641
1747536125.1893597,-1.7773373612321932,-3.564957550241262,5.338907241821289
1747536125.2164187,-1.7850082112941574,-3.48612584109044,8.504152297973633
1747536125.2359238,-1.7793150351445897,-3.3767045720155786,7.678508758544922
1747536125.2551877,-1.7706637811926382,-3.3144642600843746,7.902860641479492
1747536125.2750134,-1.775832379190671,-3.2157100270436114,7.354259490966797
1747536125.2934284,-1.7880461020666196,-3.137234182473856,5.153656005859375
1747536125.311003,-1.794541843357207,-3.050364128292215,5.257606506347656
1747536125.3282385,-1.802404502963341,-2.9846116373063225,5.260705947875977
1747536125.3436334,-1.808602795988217,-2.9423657777818515,4.990100860595703
1747536125.3675194,-1.828163758591079,-2.8527594755070886,5.032539367675781
1747536125.384176,-1.8451999556574417,-2.80181754795606,6.376028060913086
1747536125.4025528,-1.85819912981532,-2.7379584319075954,5.16057014465332
1747536125.4277778,-1.8249810811959628,-2.6346635975197876,5.2089691162109375
1747536125.4480176,-1.8041906861245458,-2.5613348639304783,5.049467086791992
1747536125.4677327,-1.7932982350500626,-2.500473004475423,5.443811416625977
1747536125.4873314,-1.7360594018236268,-2.435888981841404,5.056142807006836
1747536125.5070696,-1.7233274242850796,-2.3647220436669083,4.871129989624023
1747536125.528459,-1.718362547323733,-2.2858125374487126,5.5828094482421875
1747536125.5501373,-1.6786164865017648,-2.193201162089025,5.296945571899414
1747536125.574668,-1.6556730307014556,-2.1301711444010194,6.924152374267578
1747536125.5915062,-1.6338970068554561,-2.0432139350494065,5.446434020996094
1747536125.608375,-1.6266658522089061,-1.9871485188778952,5.085229873657227
1747536125.6274734,-1.5972449138418088,-1.9014946225335094,4.936456680297852
1747536125.6474764,-1.5850775425108643,-1.8322808393513617,5.117893218994141
1747536125.6676073,-1.5739307069796695,-1.7718476982352902,5.086660385131836
1747536125.6858156,-1.5707443658867912,-1.7277850018946947,5.077362060546875
1747536125.708024,-1.551392314036117,-1.6575578338692267,5.163669586181641
1747536125.7297945,-1.5269056087596207,-1.6010148621749383,6.777763366699219
1747536125.7478921,-1.5130692381287554,-1.5612621160357616,5.130767822265625
1747536125.7692983,-1.4930910663349855,-1.5068734774542376,5.242109298706055
1747536125.7894418,-1.428426575127878,-1.4191798047225188,5.126714706420898
1747536125.8045647,-1.3931448192238072,-1.3721368034791108,5.237579345703125
1747536125.8277931,-1.3441059904298147,-1.3072108187975016,5.1784515380859375
1747536125.8475525,-1.3194991349933658,-1.2323323932134385,5.09190559387207
1747536125.8679855,-1.30250889663606,-1.1653000984143003,5.438327789306641
1747536125.8877153,-1.2856218228109038,-1.1045167410027252,5.40471076965332
1747536125.9084783,-1.2701110136681482,-1.0547933402463059,5.428314208984375
1747536125.9236894,-1.2193822437087174,-1.0142079420615302,5.600690841674805
1747536125.948184,-1.1713120553891887,-0.9572947037534806,5.52058219909668
1747536125.9715776,-1.1330587706657707,-0.912054901326135,5.758523941040039
1747536125.9906328,-1.0723868961329195,-0.8583696187224591,6.106853485107422
1747536126.0102596,-1.0309286614584439,-0.8207359795332255,5.957603454589844
1747536126.030454,-0.9958935567133211,-0.7804482505178302,6.10041618347168
1747536126.048859,-0.9365268099342038,-0.7113594532002493,6.294012069702148
1747536126.0693607,-0.8817095777736083,-0.6540189430510278,6.1588287353515625
1747536126.0891986,-0.8489053865298077,-0.6097902523125069,6.07609748840332
1747536126.108448,-0.7892992849030781,-0.5307728807777491,5.935907363891602
1747536126.1259832,-0.7491828728951807,-0.4573965257364318,5.874395370483398
1747536126.1441383,-0.7132622778689997,-0.40783851233441265,5.993843078613281
1747536126.1694562,-0.656706748366633,-0.35355216671240364,5.631208419799805
1747536126.1903608,-0.5962840591477608,-0.31525102241154707,6.127834320068359
1747536126.2120574,-0.5389500483132096,-0.29371584581534166,6.965160369873047
1747536126.2308462,-0.4705351632911442,-0.26629535414721417,5.367517471313477
1747536126.2454567,-0.41605207658258897,-0.22379746937544032,5.1479339599609375
1747536126.263038,-0.3646195481812248,-0.18848516675266105,5.196809768676758
1747536126.2874012,-0.3199402841029177,-0.15874633854608544,5.0373077392578125
1747536126.3032725,-0.2999039000904477,-0.11723253968090872,5.099296569824219
1747536126.3279746,-0.24082070587796567,-0.060247016959221966,5.128622055053711
1747536126.3431273,-0.2103218483469942,-0.031573962461616374,5.124568939208984
1747536126.3686557,-0.168803045564788,0.02184382419240628,5.431175231933594
1747536126.3876648,-0.13423990061191227,0.053805354554614486,5.346059799194336
1747536126.4079244,-0.09206752681639298,0.07917315021430783,5.209445953369141
1747536126.429509,-0.0656144624731298,0.09205684788438273,5.744695663452148
1747536126.4510393,-0.04199889938012726,0.12171996119534119,5.58161735534668
1747536126.4713724,-0.010640259619665474,0.14271063211775645,5.606651306152344
1747536126.4910085,0.059406371561076025,0.16885403233281446,5.10716438293457
1747536126.5090787,0.08450260734095696,0.17679164702237055,6.684780120849609
1747536126.5277488,0.13189791238345705,0.16476632259513777,4.812002182006836
1747536126.548467,0.15198900811970856,0.1609775927376582,9.369850158691406
1747536126.5759125,0.22635888012126043,0.17036515229796453,6.935834884643555
1747536126.596911,0.26867850766452767,0.1720381041948507,7.802248001098633
1747536126.6193416,0.33185097750611,0.18101152410226726,7.7838897705078125
1747536126.641041,0.40798155320082546,0.18324037705215537,6.509542465209961
1747536126.662,0.48734407771198185,0.18702775962461932,6.083965301513672
1747536126.6811485,0.5398276644687576,0.19596319159065714,5.8689117431640625
1747536126.694808,0.6139893535274578,0.22975629916473708,4.759311676025391
1747536126.7093213,0.6821733515429333,0.2615013784351561,4.907369613647461
1747536126.7270534,0.7519725412834888,0.27628455858951567,4.668474197387695
1747536126.7478,0.8006944062013895,0.2848574102811605,4.883050918579102
1747536126.7673604,0.9161650267487573,0.27878511018990165,4.694938659667969
1747536126.7828755,0.9806394478969898,0.2697512366230199,4.862785339355469
1747536126.8088217,1.053756553296609,0.259021182627276,6.346940994262695
1747536126.8273206,1.1363181133339737,0.2480662463856163,4.694223403930664
1747536126.8488164,1.194394235094735,0.2354960307097035,5.488872528076172
1747536126.8691196,1.234630494259918,0.2307450027859235,5.786418914794922
1747536126.888789,1.2918445945250276,0.2193392594055804,5.162477493286133
1747536126.90731,1.3533924508140778,0.21202897740244794,4.971027374267578
1747536126.927857,1.4223701529219426,0.20046946177293057,4.738092422485352
1747536126.9458609,1.4635723344594154,0.19546699299637046,4.512310028076172
1747536126.9671032,1.5152913774750982,0.18467553918130164,4.672050476074219
1747536126.9876575,1.547025731606471,0.17994831578253612,4.721403121948242
1747536127.0058157,1.5846895746534237,0.16239452492850312,6.166934967041016
1747536127.022983,1.621260678062598,0.14411371455656793,4.873037338256836
1747536127.0471857,1.6513820019726289,0.13302127918784365,4.545688629150391
1747536127.0670235,1.7404626997045773,0.08898116597316032,4.65083122253418
1747536127.0875905,1.7967997983583053,0.05879668750901902,4.724025726318359
1747536127.107622,1.8231557370030853,0.043598481113797244,4.773616790771484
1747536127.127626,1.8781173382266998,0.020813004349128392,4.568338394165039
1747536127.1475124,1.9242197146906912,0.004139911061668946,4.708766937255859
1747536127.1675274,1.9716734363385493,-0.010257207198309469,4.707098007202148
1747536127.1875975,2.0750733469613265,-0.042836270370862975,4.607677459716797
1747536127.2073226,2.1308270771840534,-0.0714946498407355,4.783153533935547
1747536127.228299,2.166000639483526,-0.09496389739182005,5.090236663818359
1747536127.2485275,2.197510689422065,-0.11324507077093707,5.403041839599609
1747536127.2655663,2.243691353611999,-0.13478822632065685,5.097389221191406
1747536127.2878976,2.297730699725643,-0.16885143605442118,5.017280578613281
1747536127.30804,2.328109225620818,-0.19139512895645772,5.039691925048828
1747536127.3278294,2.375701013428777,-0.23621110914892693,5.032062530517578
1747536127.347902,2.4202738670028494,-0.2716776447847849,5.028724670410156
1747536127.371568,2.458398244356195,-0.2995541413366278,7.935523986816406
1747536127.3952944,2.4922132371936443,-0.3465457109948391,6.0939788818359375
1747536127.4150522,2.5339345748976627,-0.40284466520931067,7.157087326049805
1747536127.43043,2.5581664774643516,-0.43707918214710123,5.378961563110352
1747536127.449763,2.6143541899885334,-0.487724098310373,5.208253860473633
1747536127.4658756,2.665450549716147,-0.5299495052354617,5.719423294067383
1747536127.4866242,2.7012991744764676,-0.560246184716929,7.292032241821289
1747536127.5111856,2.7323399136030564,-0.5928800352530825,7.601737976074219
1747536127.5318904,2.7533533774244012,-0.6388661897826345,5.881786346435547
1747536127.5514915,2.79086346582757,-0.6868231836454735,5.998849868774414
1747536127.5768917,2.8229644578664757,-0.7297001342696201,8.247137069702148
1747536127.595644,2.8376943117179665,-0.7739040350591458,6.932973861694336
1747536127.613022,2.824449893859048,-0.837205903171033,5.652427673339844
1747536127.6290758,2.8028061983109835,-0.8979662650535508,5.6915283203125
1747536127.646452,2.7870074434564063,-0.9277215118089125,7.191896438598633
1747536127.6647146,2.772783890239177,-0.9688426655066358,5.479097366333008
1747536127.687972,2.77301294764902,-1.0174590594172712,5.261659622192383
1747536127.7081237,2.7725638337952776,-1.0561332960377101,5.869150161743164
1747536127.7277837,2.78446981609031,-1.0949077641173228,5.421638488769531
1747536127.7481792,2.790918182671936,-1.131020942504378,5.263805389404297
1747536127.7668548,2.7938999144034327,-1.1501038789671354,6.593227386474609
1747536127.788387,2.8268559132856184,-1.2075297068630098,5.625247955322266
1747536127.807921,2.8348760802903903,-1.2441978632819424,5.017280578613281
1747536127.8279839,2.8360152512175274,-1.2812993165841358,4.974365234375
1747536127.8491871,2.8326545225605173,-1.3372854050517857,5.129337310791016
1747536127.8667376,2.8332825163027677,-1.3718542680076604,4.949808120727539
1747536127.8879068,2.8352393145496286,-1.422321000493265,4.7626495361328125
1747536127.9031,2.834248155987916,-1.451012571397798,4.987001419067383
1747536127.929281,2.8486784954574627,-1.5170939615384027,4.93311882019043
1747536127.9479284,2.8499145983442173,-1.5646269415077805,4.599332809448242
1747536127.968951,2.847135198116332,-1.5952487799933588,5.547523498535156
1747536127.9888315,2.8617689304648133,-1.6440993562116073,4.914045333862305
1747536128.0111916,2.8648351987620853,-1.6785994055349884,6.195783615112305
1747536128.0311565,2.8691648093339963,-1.702229594719698,6.272315979003906
1747536128.1751895,2.7976063682074206,-2.062303354687343,5.509614944458008
1747536128.1903563,2.7660027413056074,-2.11585849343976,4.498004913330078
1747536128.20765,2.7460288434052122,-2.1571274417409976,4.683017730712891
1747536128.227541,2.7291538495845757,-2.189564163868733,5.044460296630859
1747536128.2477207,2.7236866555708277,-2.255065815975633,4.861354827880859
1747536128.2678864,2.7221961122719476,-2.306403486456237,5.178928375244141
1747536128.2866466,2.7186088810843927,-2.3424600334137184,4.9343109130859375
1747536128.308688,2.672651569391514,-2.4160834917499328,5.835056304931641
1747536128.3436642,2.655991108316536,-2.4769323225988105,11.237144470214844
1747536128.3619206,2.6525643456369163,-2.4865939438241296,6.066322326660156
1747536128.3788652,2.5864287067576686,-2.5533555638220973,6.656646728515625
1747536128.3949428,2.5536349516318673,-2.6026042285060385,6.889820098876953
1747536128.4092414,2.536813415613069,-2.640556428696527,4.80961799621582
1747536128.4261086,2.5153883001905264,-2.682912666999351,5.66554069519043
1747536128.4534564,2.4683965824901635,-2.744341664214488,14.883995056152344
1747536128.47682,2.4136764683091942,-2.8269688289875337,8.028030395507812
1747536128.5056694,2.4257183857515106,-2.874375636614315,6.365776062011719
1747536128.5214899,2.423160069179337,-2.9537925866423986,5.115747451782227
1747536128.5373826,2.416682865057135,-3.0023030579380583,6.7539215087890625
1747536128.5514545,2.411460045158185,-3.0678185751094764,4.6482086181640625
1747536128.5653665,2.4315190872042507,-3.1150488889418466,4.713773727416992
1747536128.5824826,2.4491672322187488,-3.1756599676016792,4.79435920715332
1747536128.6093912,2.4722848716000265,-3.2356571636748677,7.079124450683594
1747536128.6239676,2.480784755422969,-3.26299993106733,5.031108856201172
1747536128.6496558,2.4987369951695397,-3.310523773507786,6.85429573059082
1747536128.666531,2.5256648088251725,-3.3548002886626684,5.1593780517578125
1747536128.684325,2.547380923438845,-3.403187162616849,4.993677139282227
1747536128.7021625,2.5705292616777107,-3.4445874981183024,4.797220230102539
1747536128.7284353,2.6097727422799046,-3.5220244422739397,5.663156509399414
1747536128.7431903,2.6385704992487136,-3.565550644388124,4.874229431152344
1747536128.7626274,2.6589303044971273,-3.6049578257904944,4.82630729675293
1747536128.7828362,2.6716346070449584,-3.637849167656917,5.112648010253906
1747536128.8048997,2.712380864914435,-3.6967436416765467,6.572961807250977
1747536128.8295293,2.750435500648687,-3.752530882489084,5.55729866027832
1747536128.8474221,2.774926413926082,-3.785056387965225,4.814863204956055
1747536128.8673258,2.821569003807644,-3.840703083414736,4.683017730712891
1747536128.8862448,2.853962774360989,-3.8750346313430155,4.7588348388671875
1747536128.9026573,2.8843391770769555,-3.9097334520936555,4.786252975463867
1747536128.925192,2.904194941012418,-3.9348785216863766,6.9484710693359375
1747536128.943465,2.947493300723791,-4.000865562917716,4.870891571044922
1747536128.9656274,2.9971304470397984,-4.060281544289579,7.335424423217773
1747536128.9875047,3.0352434766886813,-4.107262358321091,5.966424942016602
1747536129.010725,3.1042908468298718,-4.176929824597098,5.759239196777344
1747536129.0291033,3.152876531400081,-4.225101931381863,5.245685577392578
1747536129.0487828,3.185125218065406,-4.2629365550227165,5.656719207763672
1747536129.0707326,3.2323904095268303,-4.3348357774694675,7.198810577392578
1747536129.1008584,3.2720147073846837,-4.381973118506103,7.950305938720703
1747536129.1173348,3.2989058706179883,-4.414837728694527,5.639076232910156
1747536129.1332378,3.338709332597681,-4.46881892490577,5.298137664794922
1747536129.1498075,3.3684109298301323,-4.500893568424343,4.798650741577148
1747536129.1675093,3.386970938260709,-4.521285137605487,4.91786003112793
1747536129.1875904,3.4546660919267715,-4.604028213404598,4.869699478149414
1747536129.2092385,3.4783091663778856,-4.6570510906025,7.030963897705078
1747536129.2301335,3.4940403260610693,-4.699921578060698,5.1555633544921875
1747536129.2482133,3.4991524394640425,-4.7219131317448415,4.94694709777832
1747536129.2673528,3.51079743038102,-4.771262935210228,5.084037780761719
1747536129.2897956,3.5205264907338774,-4.806276182985364,5.665779113769531
1747536129.3076463,3.543484679224915,-4.8584601798551,5.033731460571289
1747536129.3287961,3.579726494640191,-4.9185031295156705,5.327939987182617
1747536129.3510916,3.600446020399149,-4.971718077696093,6.270408630371094
1747536129.3677356,3.6113240920235703,-5.028842014315947,4.877805709838867
1747536129.3887222,3.61068809850762,-5.095594228281656,5.792379379272461
1747536129.4057662,3.60488347706291,-5.141470020496706,5.960226058959961
1747536129.4251337,3.5989886796021415,-5.194779654165587,5.666971206665039
1747536129.4579568,3.6125425603161303,-5.255495139467632,8.243560791015625
1747536129.473969,3.6068334176370427,-5.319895498970871,5.615472793579102
1747536129.5022342,3.5908839521359726,-5.370342620258182,8.962631225585938
1747536129.519783,3.5838088370855496,-5.418191032102934,8.126497268676758
1747536129.5359626,3.570915276326691,-5.480494031272358,6.449699401855469
1747536129.551883,3.558477968168813,-5.530603076644875,6.569385528564453
1747536129.569279,3.546522466185459,-5.565619563045929,5.972623825073242
1747536129.5884688,3.5471250602531574,-5.612940134222738,5.554676055908203
1747536129.608168,3.5405905318983613,-5.65129415520157,5.437374114990234
1747536129.6290045,3.5345270949869256,-5.682074966113204,5.885601043701172
1747536129.6459157,3.5295117395856246,-5.714700356962859,5.584001541137695
1747536129.6682868,3.504965575082498,-5.755217169557097,5.380392074584961
1747536129.6883376,3.485468335753497,-5.778113255627605,5.102634429931641
1747536129.7083905,3.4710479298472685,-5.796974431794238,5.1250457763671875
1747536129.727556,3.4549938358226115,-5.806383620255764,4.867315292358398
1747536129.7431293,3.437433606206,-5.832973933547361,4.930973052978516
1747536129.7677376,3.4031458025514008,-5.863852384958715,4.958391189575195
1747536129.7879217,3.365618154390848,-5.8884994254931335,5.069732666015625
1747536129.8077714,3.340456097354865,-5.926774110269094,5.01561164855957
1747536129.8283722,3.3140413341886514,-5.957260912704586,5.136966705322266
1747536129.8482416,3.281829950227066,-5.982874994005252,5.008220672607422
1747536129.8677607,3.2489112371545676,-6.004842415932992,4.842042922973633
1747536129.8873572,3.222606634815198,-6.033213918693586,4.848003387451172
1747536129.9075632,3.1981788279441026,-6.053916264809081,4.8542022705078125
1747536129.927528,3.1744486361506867,-6.068575617512215,4.857778549194336
1747536129.947267,3.146149306025496,-6.095633627617073,4.845142364501953
1747536129.9685626,3.0991671922009094,-6.12945379782305,5.028009414672852
1747536129.9885578,3.056502442693665,-6.147014483181082,4.8770904541015625
1747536130.0091913,3.0310246810431614,-6.16353355072496,4.973411560058594
1747536130.0307343,3.0011020325980855,-6.173873246187008,5.271673202514648
1747536130.04889,2.957551240380823,-6.187463368158714,4.970550537109375
1747536130.0682254,2.914073510871564,-6.209523335847123,4.9190521240234375
1747536130.0880527,2.8645485618333018,-6.226195365757908,4.863262176513672
1747536130.1073718,2.8107614680126094,-6.240857708724448,4.763603210449219
1747536130.1279042,2.7802345341645442,-6.251170456161659,4.871606826782227
1747536130.1478124,2.716714565978029,-6.272039054860808,4.832029342651367
1747536130.1673403,2.6707313340598704,-6.286629804894129,4.875421524047852
1747536130.1836002,2.6143214184546197,-6.300047849859241,4.868745803833008
1747536130.2076406,2.5586323491132896,-6.321427055187457,4.953861236572266
1747536130.2224648,2.5233914753881894,-6.330597837648557,4.781484603881836
1747536130.242364,2.476352612394091,-6.3426033278047536,4.883050918579102
1747536130.267901,2.4179268482491647,-6.354585867119511,5.173206329345703
1747536130.2913778,2.3839162927865365,-6.358947700080192,4.892826080322266
1747536130.309172,2.3392692155676222,-6.367355101141686,4.735708236694336
1747536130.3239396,2.3314009665306683,-6.3682963484932404,4.756450653076172
1747536130.347304,2.2216311788428893,-6.38267758663085,4.7817230224609375
1747536130.3641639,2.1679802478414842,-6.383853569094594,4.763126373291016
1747536130.3873339,2.1052864467879266,-6.395386913346974,4.796028137207031
1747536130.4037535,2.0570657344650414,-6.410458426735103,4.77910041809082
1747536130.4230437,2.003579824056152,-6.421679325075399,5.362272262573242
1747536130.4497788,1.9450259513857167,-6.432101043178721,6.577730178833008
1747536130.4703739,1.8853884922883741,-6.443815363456906,4.814386367797852
1747536130.4940596,1.8447501839716816,-6.4502619815126785,5.021810531616211
1747536130.50954,1.803663518942558,-6.4569419455985875,4.580259323120117
1747536130.5257049,1.756190336114799,-6.460739982652744,4.736423492431641
1747536130.5423667,1.6896496877024434,-6.465850060001872,4.673480987548828
1747536130.5622149,1.623678015519672,-6.4707065983205325,4.718542098999023
1747536130.5880117,1.5493214865889762,-6.473835768992614,4.950046539306641
1747536130.6036084,1.52330427340752,-6.469239787850359,4.802942276000977
1747536130.62816,1.4878882074879674,-6.466589915482321,4.842996597290039
1747536130.6475885,1.4574164579174196,-6.46251607209186,4.672050476074219
1747536130.667901,1.3731235957895875,-6.452912020670773,4.775524139404297
1747536130.6874208,1.3164217241701606,-6.4509352598033605,4.858493804931641
1747536130.7074707,1.281447228525913,-6.448256553192801,4.608392715454102
1747536130.7226896,1.2650087200518327,-6.448924157251502,4.698514938354492
1747536130.7425613,1.1946757400669366,-6.437614505587995,4.780054092407227
1747536130.7691934,1.103867758518628,-6.432439013646472,7.160663604736328
1747536130.7890594,1.04674411721602,-6.431124175071333,5.015850067138672
1747536130.8058703,0.9892639133144213,-6.426270843820196,4.857540130615234
1747536130.8241897,0.9206405359012003,-6.420674699145632,4.8770904541015625
1747536130.8427613,0.8699181336965299,-6.417228136821717,5.063533782958984
1747536130.8644085,0.7879772459807216,-6.391515268107762,5.059957504272461
1747536130.8879302,0.7209040984269381,-6.3725530350446755,4.859447479248047
1747536130.9054742,0.6827471254775173,-6.363997629817195,5.03849983215332
1747536130.9281926,0.5971897533348416,-6.331727216761098,4.939556121826172
1747536130.9453447,0.5590013151102383,-6.319097349970784,4.99272346496582
1747536130.9632542,0.5178891800226363,-6.310972354267221,5.063056945800781
1747536130.9892635,0.4318044548092651,-6.276383334073089,6.665229797363281
1747536131.0084023,0.37381380190276875,-6.264120863584117,5.111932754516602
1747536131.027443,0.31924783615016833,-6.243963960138266,5.208253860473633
1747536131.0439694,0.29996834651371823,-6.238575458277407,5.147457122802734
1747536131.0683417,0.19911281304307815,-6.210656920946426,5.246400833129883
1747536131.0889332,0.1356017638257833,-6.193196380205235,5.499362945556641
1747536131.1053228,0.1034121243310756,-6.18499062527989,5.189418792724609
1747536131.1284292,0.02043337617197108,-6.143194128576506,5.358695983886719
1747536131.1460214,-0.016019903110926045,-6.120605052230734,5.48553466796875
1747536131.1688147,-0.0784233864661914,-6.079246026410692,5.667924880981445
1747536131.191528,-0.12864448645642032,-6.051456249562887,7.889509201049805
1747536131.2123017,-0.16815272607557366,-6.03163409653224,5.692243576049805
1747536131.2313242,-0.1122086121104273,-5.978471158770725,6.051778793334961
1747536131.249825,-0.1277918494837116,-5.9673539899690065,6.538867950439453
1747536131.2663205,-0.1637030782697837,-5.9350306322313715,6.251335144042969
1747536131.286341,-0.19796503616375147,-5.885491777240613,6.540060043334961
1747536131.3042712,-0.2329165249779578,-5.843664925820604,6.240367889404297
1747536131.3237774,-0.26569972261690117,-5.806082444166448,6.232738494873047
1747536131.3440902,-0.29666879619534375,-5.765225112903379,6.178379058837891
1747536131.3696113,-0.3023501609288241,-5.71615686942209,6.399631500244141
1747536131.388535,-0.31456380826468694,-5.691602080455209,6.462812423706055
1747536131.4083247,-0.36119223429776326,-5.650049767413423,9.096145629882812
1747536131.4272933,-0.3650924710988738,-5.609141358560796,7.218837738037109
1747536131.4491737,-0.38504697437100494,-5.569423255579736,9.347200393676758
1747536131.4697235,-0.4030198160665689,-5.524984759837732,6.637334823608398
1747536131.4920368,-0.4426178698049935,-5.489124600179853,7.898569107055664
1747536131.5081465,-0.48256954275986386,-5.454765169966677,5.982398986816406
1747536131.5308516,-0.5151208533878698,-5.402728318172683,7.766246795654297
1747536131.549934,-0.5526668420213547,-5.358924826276139,5.918979644775391
1747536131.5686774,-0.5875684277883482,-5.30656317360999,5.705595016479492
1747536131.5889323,-0.6050650894468405,-5.27966462376388,6.110668182373047
1747536131.6066356,-0.6009826375649363,-5.253246986777491,6.887674331665039
1747536131.62491,-0.6696282294825529,-5.210888358404922,5.584478378295898
1747536131.6482053,-0.7239482958802576,-5.159747146638579,5.283355712890625
1747536131.6646788,-0.7375473269241855,-5.129499728704077,5.292177200317383
1747536131.6963243,-0.8063236685827431,-5.063769425115023,13.237714767456055
1747536131.7249148,-0.8384161598718504,-5.013407178532795,7.035970687866211
1747536131.7429485,-0.9388422257329625,-4.925294186654157,5.135297775268555
1747536131.764923,-0.9867881877573946,-4.8761892779471685,6.695270538330078
1747536131.7827544,-1.0209533353699953,-4.833361794333502,4.921913146972656
1747536131.8089283,-1.128562553479927,-4.7585998772051035,5.871057510375977
1747536131.8327863,-1.1759663863497147,-4.707607776833656,6.202936172485352
1747536131.853268,-1.1980963756464529,-4.668320402724897,6.211996078491211
1747536131.8698332,-1.2172199485615665,-4.627126034848283,6.129026412963867
1747536131.885503,-1.2836071565440685,-4.561289192133052,5.886077880859375
1747536131.9051888,-1.3130205369602799,-4.510472019356799,5.997180938720703
1747536131.9256206,-1.3336767015288238,-4.460932500570559,5.660057067871094
1747536131.9477265,-1.410944659740895,-4.392889022264313,4.827022552490234
1747536131.9639027,-1.441364768564622,-4.351411509271224,4.869937896728516
1747536131.98226,-1.4623343909513613,-4.288385782653566,4.747867584228516
1747536132.004743,-1.5367453126028308,-4.221516918822911,5.706310272216797
1747536132.028232,-1.568986293761082,-4.141199764231683,5.091428756713867
1747536132.0475004,-1.5804681676392536,-4.080334661192071,4.766702651977539
1747536132.0678754,-1.6475048654857234,-3.999081650461214,4.661321640014648
1747536132.0865955,-1.663952016940237,-3.9436679850199843,5.6705474853515625
1747536132.1077888,-1.6801905732316342,-3.8664569109011384,4.916906356811523
1747536132.1232865,-1.684317693677897,-3.8135328143145655,5.123615264892578
1747536132.1478796,-1.7377897933013122,-3.7273988996725707,4.902124404907227
1747536132.16401,-1.7536534548979956,-3.677152891367862,5.015850067138672
1747536132.1832283,-1.7624036060335186,-3.6224664249621297,5.079507827758789
1747536132.206271,-1.7837979887835869,-3.544853325308061,6.362676620483398
1747536132.228043,-1.7946683911831576,-3.463542435845831,5.021333694458008
1747536132.2433038,-1.7987291133255567,-3.4252546527980945,4.897117614746094
1747536132.2668192,-1.792941307454546,-3.330846434583402,7.247447967529297
1747536132.2828815,-1.7976764444538826,-3.2535633817136866,5.071163177490234
1747536132.3081667,-1.8054330358980082,-3.1832700276213504,5.116462707519531
1747536132.3300433,-1.8314036740132673,-3.1087390784812587,5.551338195800781
1747536132.3453248,-1.8467570610311013,-3.0601612118261543,5.944490432739258
1747536132.3665082,-1.857482710383964,-3.0002248287635407,7.869720458984375
1747536132.3894806,-1.8646461628221727,-2.9198476312921655,6.032228469848633
1747536132.40558,-1.8402128367908832,-2.8493216258002447,5.800962448120117
1747536132.4302928,-1.8349220804901143,-2.782630536978756,8.543968200683594
1747536132.4496067,-1.832779314630282,-2.7040595980671034,6.961345672607422
1747536132.4680758,-1.840001025926837,-2.643857909733942,5.143880844116211
1747536132.489648,-1.847560963793418,-2.574510346362856,5.844593048095703
1747536132.5088692,-1.8336629104775926,-2.5213165519137557,5.419254302978516
1747536132.524204,-1.8229324899673025,-2.4834110715517133,5.114316940307617
1747536132.548245,-1.80786828504589,-2.406195332256978,5.661725997924805
1747536132.5677025,-1.7823502630885157,-2.3410341187071504,5.143642425537109
1747536132.5873783,-1.7795086109208156,-2.272154387781809,4.994392395019531
1747536132.607864,-1.7811815795210357,-2.2100342370497135,5.010366439819336
1747536132.627979,-1.7306334016732472,-2.1466815402403805,5.064964294433594
1747536132.6508696,-1.707462202173939,-2.077276671439604,6.706953048706055
1747536132.6758864,-1.694441312200668,-2.0125736962965326,7.499933242797852
1747536132.706412,-1.6294143198708686,-1.8928301838251895,7.79271125793457
1747536132.7262886,-1.591478838585266,-1.8126199156994565,5.1727294921875
1747536132.7405221,-1.5708480328065122,-1.74638208576715,5.111217498779297
1747536132.7548258,-1.54388044408054,-1.6732311424903112,5.144834518432617
1747536132.771426,-1.5322175888571918,-1.6052864319313542,7.182836532592773
1747536132.788867,-1.5194889270916896,-1.5511199667156423,5.489349365234375
1747536132.8079598,-1.5135883199606777,-1.5211236616286588,5.233287811279297
1747536132.8343709,-1.4583788882776294,-1.433784870762263,11.565446853637695
1747536132.8508298,-1.4191949441536542,-1.3714504334746362,5.064964294433594
1747536132.867802,-1.399232054910689,-1.333035808419003,5.263090133666992
1747536132.886572,-1.343664263551344,-1.258028656950647,5.184412002563477
1747536132.9079967,-1.2930777663285666,-1.1998751515388437,5.42902946472168
1747536132.9256213,-1.2548401462916359,-1.1479190541649098,6.114482879638672
1747536132.943537,-1.2269997830410335,-1.1020747197784801,5.486488342285156
1747536132.9656637,-1.1946974201166327,-1.0375815388244776,7.346391677856445
1747536132.9834788,-1.1582526733104164,-0.9746128469697718,5.440235137939453
1747536133.003309,-1.1375245419245772,-0.9314492758698093,5.599260330200195
1747536133.0304415,-1.0519104243671757,-0.8583879071942877,7.085323333740234
1747536133.0496776,-0.9958202411206517,-0.8047843535202845,6.074666976928711
1747536133.1917603,-0.6340623969473909,-0.48747937269349345,5.911827087402344
1747536133.2119942,-0.601255872703127,-0.4516296163385052,7.336616516113281
1747536133.2351303,-0.5436612139231833,-0.38838339536645766,5.728721618652344
1747536133.2505774,-0.4942855196696518,-0.3425012259283211,5.16057014465332
1747536133.2664115,-0.457838912653751,-0.31509791076453264,6.110668182373047
1747536133.2919383,-0.38270276337321074,-0.2511285180911054,5.536079406738281
1747536133.3218462,-0.3386983346929755,-0.2153393106993004,8.40139389038086
1747536133.3423772,-0.2850465225218641,-0.1822911611768328,6.682634353637695
1747536133.3650436,-0.24063073920600203,-0.12760406265220212,5.40471076965332
1747536133.3875394,-0.1760217988457742,-0.09365319857672637,5.331754684448242
1747536133.406102,-0.07294473924578723,-0.04518648795832397,7.08460807800293
1747536133.428269,-9.577918145150818e-05,0.007669296215174431,5.225896835327148
1747536133.4495645,0.04528717957223688,0.036671097055392045,5.275726318359375
1747536133.4678633,0.087000094432214,0.05405416506993139,5.255937576293945
1747536133.488705,0.1315766086652673,0.09105995884314483,5.05518913269043
1747536133.5077574,0.17825006649613218,0.12459693870818768,4.833459854125977
1747536133.5264556,0.21119658247706105,0.14474298829644994,6.286382675170898
1747536133.5435617,0.22674731542747076,0.17662431254368643,5.880117416381836
1747536133.5678995,0.24934406640005302,0.19292431317220374,4.794836044311523
1747536133.587493,0.29087689157629415,0.20191958961299936,4.823207855224609
1747536133.607535,0.3374721763745429,0.22456571554016394,4.971742630004883
1747536133.6231976,0.3685169845185228,0.236352457148704,5.032062530517578
1747536133.6466098,0.4176481628590407,0.2490470602593954,4.878997802734375
1747536133.6662076,0.46713896982422587,0.26260214912236884,5.103826522827148
1747536133.6878064,0.582232307776855,0.2770897178563186,4.991054534912109
1747536133.7079298,0.6569953203057949,0.28950651182120696,5.1937103271484375
1747536133.7278666,0.7174211896292182,0.30458688630143815,4.782676696777344
1747536133.745009,0.8004115801882565,0.31820064132941295,5.31005859375
1747536133.7625988,0.9087587289155766,0.3380283376734228,5.087375640869141
1747536133.7836006,0.9609178053391819,0.3471198619459209,5.204677581787109
1747536133.8047497,1.000251889018833,0.35970357404062603,5.551815032958984
1747536133.8251722,1.0438950390001713,0.37117173724551167,5.149364471435547
1747536133.8492143,1.1345755730956462,0.36693038447474874,5.262851715087891
1747536133.8688078,1.1816317016807854,0.35901816234694234,5.142450332641602
1747536133.888438,1.2273274756460462,0.35427416933383044,5.59234619140625
1747536133.9093149,1.3052253681855184,0.3403920062355658,5.115985870361328
1747536133.9302428,1.3713804866666133,0.3320676756255345,6.509065628051758
1747536133.9473665,1.4280108769089652,0.31783395759338234,4.638195037841797
1747536133.9674551,1.501993483613734,0.2957195275884314,4.727363586425781
1747536133.987145,1.5704441287752418,0.2786683218841734,4.708051681518555
1747536134.007808,1.6243380359693864,0.2630114562196535,4.663228988647461
1747536134.0225415,1.664412284441139,0.2571467876852447,4.802703857421875
1747536134.0476518,1.7307868220272096,0.21902181195254572,4.863500595092773
1747536134.068503,1.7820289408805194,0.19373359716409735,5.053043365478516
1747536134.087371,1.826491478217014,0.17301952904160753,4.709482192993164
1747536134.1046848,1.8950275654804367,0.14676881397921182,6.323575973510742
1747536134.1331449,1.955367834992987,0.11907379775282642,5.733966827392578
1747536134.1537073,1.9870669682463509,0.10274075370745074,5.362510681152344
1747536134.1769757,2.000121999673672,0.07716232826426639,7.803201675415039
1747536134.2026043,2.015078320263414,0.05817939153147712,6.220579147338867
1747536134.2190125,2.0329493245842842,0.042147387467216454,6.232261657714844
1747536134.2357817,2.0757788081234883,0.005551848227090174,6.401538848876953
1747536134.2595344,2.115281974485342,-0.021821548478843128,7.636785507202148
1747536134.2820914,2.147640444007595,-0.045865691053950754,10.726213455200195
1747536134.3039875,2.1804279560200066,-0.09189761452371624,5.866765975952148
1747536134.3265681,2.221621039581146,-0.14918659590930367,6.32929801940918
1747536134.3494906,2.241387284365016,-0.1790267399955144,5.259990692138672
1747536134.374154,2.2988558041602696,-0.22137739497119502,6.15692138671875
1747536134.3910718,2.3590999244153013,-0.2587971384790493,5.115032196044922
1747536134.4066033,2.403729157535898,-0.2835127139669662,5.242109298706055
1747536134.4255056,2.4455850371902996,-0.3102915549523582,7.195234298706055
1747536134.4430268,2.450643499926044,-0.3494704950300185,5.094289779663086
1747536134.4697862,2.475760401731914,-0.38894911754956246,6.266117095947266
1747536134.4966714,2.554166750643418,-0.43256133201250657,6.67881965637207
1747536134.5175142,2.624176335932608,-0.4792049966645742,6.4697265625
1747536134.539818,2.6881218430685987,-0.514171710510826,8.800506591796875
1747536134.563164,2.7026055898846986,-0.5707162744574081,8.122682571411133
1747536134.5837271,2.7292016925786915,-0.6194901640999216,5.680322647094727
1747536134.6030462,2.749991402691997,-0.663924839077048,9.438514709472656
1747536134.6264348,2.7749002578516238,-0.7176633415545101,7.104396820068359
1747536134.6462975,2.8051265984907463,-0.766034160013177,7.969856262207031
1747536134.6679661,2.8362490665403883,-0.8093999161206842,7.2841644287109375
1747536134.696241,2.8707709505145704,-0.9076560552209668,6.503105163574219
1747536134.7187674,2.88717230925663,-0.9512041499840114,6.6432952880859375
1747536134.7371619,2.8905824638847943,-0.9851840077420306,5.870819091796875
1747536134.754909,2.8138410544413537,-1.0022718882125545,5.837678909301758
1747536134.773219,2.8119194619196595,-1.0318900065284768,5.862236022949219
1747536134.790312,2.8207466816425826,-1.0762132291028643,6.13856315612793
1747536134.8136227,2.828749338830561,-1.1106375045825185,6.820440292358398
1747536134.8360438,2.8335841589247837,-1.1552314383638853,5.852937698364258
1747536134.8514855,2.834462540544789,-1.1959229542935716,5.268335342407227
1747536134.8686852,2.8268223024596852,-1.2275973463072583,6.670236587524414
1747536134.886781,2.8534555878780035,-1.2842472506379188,4.924297332763672
1747536134.9025912,2.868892541712159,-1.3407590136524863,4.882574081420898
1747536134.9246907,2.8855002333745,-1.394223088043143,6.499767303466797
1747536134.9488251,2.898807608514181,-1.46120261202504,5.223989486694336
1747536134.9675524,2.8976044545669137,-1.5140590281337762,4.795551300048828
1747536134.9874973,2.8924066468817364,-1.558401093294136,4.577875137329102
1747536135.0077543,2.8877767035028965,-1.5963972041042942,4.731893539428711
1747536135.028266,2.8879199412937497,-1.634536215203957,5.387783050537109
1747536135.0494914,2.8852939683634036,-1.6607566601400674,5.932807922363281
1747536135.0675106,2.8825066603425107,-1.686324655829792,4.556417465209961
1747536135.0894272,2.8831557470169282,-1.7422131694567475,4.738807678222656
1747536135.104106,2.8758425182112144,-1.7814428710019923,4.674196243286133
1747536135.1229513,2.8682973004580217,-1.8285461423927218,4.579782485961914
1747536135.1477356,2.8706301640791922,-1.8857980236160616,4.713535308837891
1747536135.1712363,2.8727846773672665,-1.9238303140524067,6.814479827880859
1747536135.1935706,2.863030529495618,-1.9497795685856345,5.9261322021484375
1747536135.2120337,2.8669614515771045,-1.984515882437026,4.979133605957031
1747536135.2339416,2.867671633805961,-2.027955872265722,5.905866622924805
1747536135.2582579,2.8647863332900463,-2.0792959471253853,6.496191024780273
1747536135.277881,2.8543714564553264,-2.1404255112200494,5.773067474365234
1747536135.3032155,2.8443647141074533,-2.1724388127045184,6.368875503540039
1747536135.3196156,2.8296970479380867,-2.223539984043475,5.008220672607422
1747536135.3345053,2.817804495922881,-2.285781249366021,5.135774612426758
1747536135.3499682,2.8094368346589236,-2.323970346864973,5.785942077636719
1747536135.3679755,2.808802545777827,-2.358055291050052,5.228281021118164
1747536135.3876805,2.7745321421116036,-2.4178611965242154,4.802465438842773
1747536135.4075813,2.76243875883681,-2.466480565331507,5.239248275756836
1747536135.4275837,2.7541054332670725,-2.5073115682242806,4.886627197265625
1747536135.4499052,2.736915656128573,-2.5617988221769656,7.130861282348633
1747536135.4675674,2.7203210762529335,-2.6073374370445674,4.888772964477539
1747536135.4865763,2.71227178482919,-2.642793072641081,5.048513412475586
1747536135.5044928,2.7124130673430877,-2.6733528558828863,5.024909973144531
1747536135.5282521,2.683616614490063,-2.7395488441792675,5.025386810302734
1747536135.5481446,2.6681426498412124,-2.792504500254952,4.935979843139648
1747536135.5696638,2.6540266138890574,-2.8424601144116735,5.769014358520508
1747536135.5874608,2.645415817788085,-2.902162071740208,5.051374435424805
1747536135.60736,2.6412425788155303,-2.975911316918684,4.886150360107422
1747536135.6307263,2.6469636746245264,-3.0339751391980463,5.401611328125
1747536135.6504471,2.6505743783474833,-3.1032062103996187,5.110263824462891
1747536135.6711009,2.657599007864014,-3.174296278095175,5.635976791381836
1747536135.6920862,2.6677954499804244,-3.2302534863359176,4.924297332763672
1747536135.7147884,2.7009658753987327,-3.297218659188191,7.253408432006836
1747536135.7345443,2.734944547754298,-3.3618581266037815,6.0272216796875
1747536135.7512863,2.7610513044052833,-3.4080580585962843,5.387783050537109
1747536135.7735646,2.804825361257979,-3.472517196693209,5.325078964233398
1747536135.7901716,2.8480664429449827,-3.5247632107503937,4.923343658447266
1747536135.807321,2.876517980620645,-3.5741229138859683,4.807949066162109
1747536135.8278983,2.8966096356405493,-3.6117362915090325,4.848480224609375
1747536135.847774,2.935530622490744,-3.6779814299284586,4.841804504394531
1747536135.8688293,2.9721061604365975,-3.7326354643692286,5.0201416015625
1747536135.8866816,3.0197096633682854,-3.775276248488801,5.120277404785156
1747536135.9039028,3.0462483557655333,-3.8420261787812864,4.846096038818359
1747536135.9229114,3.0739261316014774,-3.8921553268486164,4.85682487487793
1747536135.94783,3.098564656502261,-3.931533032901391,4.940032958984375
1747536135.9678059,3.1514559022845323,-4.001297614938749,4.95600700378418
1747536135.9882858,3.196486301084862,-4.057251599249106,5.112886428833008
1747536136.0087514,3.225526189542138,-4.097178121091618,5.767107009887695
1747536136.0316837,3.2324183389000125,-4.11595696483948,8.123159408569336
1747536136.0496273,3.281003116732312,-4.18526325215866,4.805088043212891
1747536136.0649195,3.3061017611325685,-4.227202333136803,5.266666412353516
1747536136.083306,3.3301375059034126,-4.260919828115606,4.935979843139648
1747536136.1088347,3.391942598321682,-4.3350500171600475,5.405187606811523
1747536136.1288326,3.426671975474377,-4.385809331183737,5.112648010253906
1747536136.1512313,3.447842885444715,-4.4186859806747245,6.862401962280273
1747536136.1723106,3.501889722632495,-4.474879172796285,4.955768585205078
1747536136.1906374,3.5335339042687126,-4.516190307512856,4.82630729675293
1747536136.208004,3.5401540248610455,-4.533713078778211,4.687070846557617
1747536136.2318938,3.5820015472497913,-4.622260445778319,5.583286285400391
1747536136.2536168,3.6195293724240405,-4.691785792272896,5.544900894165039
1747536136.2744164,3.635007062857539,-4.7335013765108025,5.601167678833008
1747536136.294763,3.669022736219605,-4.810491242213995,6.280183792114258
1747536136.3102808,3.6855056010902247,-4.866407316147041,4.835367202758789
1747536136.3307545,3.6948981255624753,-4.921568682002723,6.732463836669922
1747536136.3464482,3.6938705607354665,-4.959365128267577,4.882335662841797
1747536136.367008,3.707366475047362,-5.043404840935183,6.000757217407227
1747536136.3833199,3.6972266262866693,-5.106252850527696,5.406856536865234
1747536136.406005,3.6892441405804974,-5.153425025331578,6.817817687988281
1747536136.425419,3.7051870768762676,-5.204537380829149,5.367279052734375
1747536136.4486656,3.7063650009091864,-5.2602815430369745,5.671977996826172
1747536136.4697456,3.6991176548587985,-5.301148382280801,5.783557891845703
1747536136.492443,3.6908194735840176,-5.321815375599334,5.572795867919922
1747536136.5101035,3.6790246332822085,-5.370413995114476,5.532503128051758
1747536136.5309138,3.662578005106909,-5.407609001890237,5.760431289672852
1747536136.5490885,3.6360006473328697,-5.452313051341839,6.447553634643555
1747536136.569282,3.6533641896875677,-5.495404033546014,6.210088729858398
1747536136.5883627,3.658864707461039,-5.530349434609231,6.135225296020508
1747536136.6057508,3.6508972879552477,-5.557154139781915,6.196498870849609
1747536136.625692,3.6442063334534085,-5.604818882630526,6.344079971313477
1747536136.6448812,3.6231934989731096,-5.647019049275984,5.9909820556640625
1747536136.6660116,3.593541135195143,-5.6822037500297435,5.574941635131836
1747536136.6901395,3.564175695257556,-5.712488174754083,6.450653076171875
1747536136.7068272,3.5339122845652815,-5.733422639459762,5.2051544189453125
1747536136.725283,3.5449735959600503,-5.766186215292711,5.745649337768555
1747536136.7437506,3.5334454919988185,-5.794110762823769,5.234718322753906
1747536136.7682703,3.514647680709127,-5.821646408261923,5.227088928222656
1747536136.7883744,3.499159568881216,-5.848004230515276,5.131959915161133
1747536136.8032174,3.480859454359445,-5.866407121467495,5.068063735961914
1747536136.8277733,3.4540523482435237,-5.893221012727909,5.301952362060547
1747536136.8438544,3.4471495350047876,-5.898198851011902,5.033254623413086
1747536136.8689384,3.3959616668681996,-5.949468535845159,5.417823791503906
1747536136.888019,3.3564490495187886,-5.975630704502966,4.832744598388672
1747536136.9037104,3.331095389582887,-5.988879529197154,4.883766174316406
1747536136.9279962,3.2781845100931983,-6.025285569119103,4.954099655151367
1747536136.950109,3.2464900022568117,-6.04404486745992,6.339073181152344
1747536136.9683754,3.219348121472923,-6.055446836296789,4.973649978637695
1747536136.9881783,3.1873688286935917,-6.094266121503376,4.970073699951172
1747536137.0083027,3.166730776058049,-6.117558401702209,5.021572113037109
1747536137.028842,3.1386203110500426,-6.137030353303723,4.902362823486328
1747536137.0473318,3.097186927572298,-6.166371094423883,5.006551742553711
1747536137.0628147,3.0575534173784695,-6.184839791092415,5.142927169799805
1747536137.084942,3.0039012318713874,-6.206341342988248,6.786823272705078
1747536137.1042018,2.945538533535146,-6.222280415564417,6.009340286254883
1747536137.1286497,2.881402190671996,-6.240628843091951,5.354642868041992
1747536137.14975,2.8183047137293706,-6.251060754561877,5.051851272583008
1747536137.169962,2.759008242088451,-6.2620603267495305,5.923271179199219
1747536137.1897824,2.7015818605843607,-6.271497399526866,5.251169204711914
1747536137.2091205,2.662716978341505,-6.277064496658877,5.824565887451172
1747536137.2291722,2.6070460545982543,-6.289988346146974,6.362199783325195
1747536137.2451496,2.5686562864371676,-6.3015215587433975,4.920005798339844
1747536137.2673159,2.5107791758113667,-6.316442317328897,4.864215850830078
1747536137.28776,2.4631119213723163,-6.325808350923854,5.139589309692383
1747536137.3034813,2.4211839757081135,-6.330420110413935,5.119085311889648
1747536137.3235724,2.357775140918926,-6.342255735360428,4.925012588500977
1747536137.3472009,2.278389390085784,-6.3548847117741625,4.856109619140625
1747536137.3625753,2.2293336256288385,-6.361381933994372,4.878997802734375
1747536137.3876283,2.161075340277429,-6.3757913602277805,4.678487777709961
1747536137.408501,2.114309655892359,-6.381237165832043,5.475521087646484
1747536137.4277148,2.0833615553229294,-6.387809716580748,4.74095344543457
1747536137.4481032,2.026685442651304,-6.398291192624774,4.879236221313477
1747536137.4672186,1.9842097348634926,-6.400494792089435,6.541967391967773
1747536137.4879568,1.919427772604089,-6.401904592428735,5.767822265625
1747536137.5071526,1.8458199219767935,-6.412961452009499,4.7435760498046875
1747536137.5233834,1.7924606792700968,-6.416643861854863,4.584550857543945
1747536137.5475295,1.722588500673061,-6.4238327487175955,4.83393669128418
1747536137.5656152,1.6837807542466288,-6.428141739871293,5.293369293212891
1747536137.589504,1.6295914193184968,-6.433638207861879,6.431341171264648
1747536137.610145,1.5985381101262097,-6.437248773811709,7.286787033081055
1747536137.6285162,1.5615947335174618,-6.4414550344459345,4.837512969970703
1747536137.648824,1.5050766953620223,-6.445292013437736,5.018711090087891
1747536137.6735072,1.4736656511587198,-6.448827792623382,5.876779556274414
1747536137.7000308,1.4110867757901266,-6.45328683891973,6.342649459838867
1747536137.7156887,1.3512433884774335,-6.454882797429826,4.795074462890625
1747536137.7311003,1.3084672173348644,-6.454197916496601,4.658222198486328
1747536137.748334,1.2877292609836108,-6.452981248657025,4.694700241088867
1747536137.7664988,1.2558299059310476,-6.453932946589499,5.658864974975586
1747536137.7831783,1.1718382102345508,-6.454158281544207,4.764318466186523
1747536137.807419,1.0921229813138047,-6.452798577110599,4.610538482666016
1747536137.8285596,1.0318322770056825,-6.455682141366209,5.680561065673828
1747536137.8477325,0.9734005332576021,-6.453309774226053,4.780292510986328
1747536137.8675928,0.9234342144301582,-6.4503428086230725,4.660129547119141
1747536137.8877876,0.8760200599078597,-6.447395750475786,4.792690277099609
1747536137.906677,0.7896578421926788,-6.418721044682532,4.756450653076172
1747536137.928667,0.7351554070181915,-6.3977489983017986,5.147695541381836
1747536137.9476764,0.6991147326697673,-6.386439080659166,5.908966064453125
1747536137.967919,0.6267265867513298,-6.366183208217581,6.036996841430664
1747536137.9858608,0.5655345309460734,-6.347636261738732,5.199432373046875
1747536138.0110343,0.5036516918474373,-6.326638043148986,7.343053817749023
1747536138.0275762,0.44191762638863746,-6.30068571388762,4.976511001586914
1747536138.0489047,0.36553274590244356,-6.2805693177002215,5.307197570800781
1747536138.0692027,0.33647465931480325,-6.273935349697665,5.553007125854492
1747536138.0957832,0.27770164167648376,-6.259992873040134,7.075071334838867
1747536138.1220338,0.2508124768235576,-6.263325045380822,6.232500076293945
1747536138.139349,0.1819406789374082,-6.223766780918727,7.123231887817383
1747536138.1547523,0.13860424197067167,-6.206572650510812,5.298376083374023
1747536138.1701543,0.09160191902906904,-6.187114559940959,5.678892135620117
1747536138.1857753,0.037977091257837325,-6.174037891239867,6.316423416137695
1747536138.2163317,-0.023410935209409702,-6.134076921547045,7.540225982666016
1747536138.3484645,-0.28079778517392945,-5.885165619680761,6.549596786499023
1747536138.3673341,-0.3140309321766954,-5.838682982262973,6.1168670654296875
1747536138.383379,-0.3394627386697393,-5.808483377700932,6.231069564819336
1747536138.4038262,-0.3682461575460576,-5.709859971947475,6.088733673095703
1747536138.4319286,-0.38938259684387977,-5.648671767884713,7.584333419799805
1747536138.453466,-0.4093316601846657,-5.601876203496298,10.001420974731445
1747536138.4710798,-0.3974371108181036,-5.564151933351514,6.377696990966797
1747536138.4891546,-0.42711051117826615,-5.5010335899458935,6.366729736328125
1747536138.5049133,-0.45555495165390514,-5.463996536069786,6.198883056640625
1747536138.5293038,-0.3977453467843427,-5.41128127838727,6.085634231567383
1747536138.5506582,-0.4184582617865018,-5.368429457019847,7.228612899780273
1747536138.5693297,-0.42962661073549707,-5.325545288773963,5.895853042602539
1747536138.5911484,-0.4870356041908464,-5.275567029385809,7.749319076538086
1747536138.6117582,-0.5279516923058759,-5.229455714631351,7.014989852905273
1747536138.6333857,-0.5538912437848177,-5.198854463029606,7.512331008911133
1747536138.6524942,-0.6242349585276806,-5.146503562510487,5.617380142211914
1747536138.6703715,-0.6753110263910456,-5.0834911586459,5.317926406860352
1747536138.6877282,-0.6984307154474554,-5.036662205797543,5.1898956298828125
1747536138.7027686,-0.7053752362274386,-5.010655523232201,5.264997482299805
1747536138.727797,-0.7603417087661112,-4.939550681694858,5.088090896606445
1747536138.7453806,-0.7775663718693708,-4.906377605607321,7.249593734741211
1747536138.767911,-0.8053337455774728,-4.84914234523956,5.116462707519531
1747536138.788941,-0.8844745686694404,-4.788394910818597,5.906581878662109
1747536138.810191,-0.9371317571480415,-4.737104312721444,6.234645843505859
1747536138.824852,-0.954264273586308,-4.712687600583032,5.339145660400391
1747536138.8452513,-0.9698158611809482,-4.6726990510425725,6.005048751831055
1747536138.8686516,-1.0552922044303406,-4.6001243362208015,4.856586456298828
1747536138.8837965,-1.0816371745822475,-4.561074859297917,4.852056503295898
1747536138.9110558,-1.1040609411607094,-4.517088707336147,5.114555358886719
1747536138.9320452,-1.1803147781871426,-4.452714323064766,5.5637359619140625
1747536138.9511828,-1.2179723857428084,-4.40184028066623,5.068302154541016
1747536138.9700048,-1.239951502412291,-4.3564549425149535,5.629062652587891
1747536138.9864836,-1.330015705190919,-4.312671927893579,4.799604415893555
1747536139.010087,-1.3646921673960437,-4.2349316657474585,5.896091461181641
1747536139.0287895,-1.375228641729551,-4.183134126080906,5.663394927978516
1747536139.0479524,-1.4496587011189865,-4.114686364171548,5.015373229980469
1747536139.070029,-1.4798068513492275,-4.048224774454913,4.948854446411133
1747536139.0890484,-1.4963102664792118,-3.9865354036994143,5.078315734863281
1747536139.1120565,-1.564398160033787,-3.9199073896701764,6.99162483215332
1747536139.131103,-1.5893809622829003,-3.8501530664956287,5.063295364379883
1747536139.1487715,-1.6015448207396228,-3.787404239744542,5.247592926025391
1747536139.167767,-1.6091741799206971,-3.7210086010477412,4.815816879272461
1747536139.1874983,-1.6631738883811917,-3.6604462304734025,4.808902740478516
1747536139.2082808,-1.6861546879285483,-3.601126762622451,4.82940673828125
1747536139.2279794,-1.69067934714692,-3.5415470414573176,5.592107772827148
1747536139.2474253,-1.7249791186287147,-3.459917387427942,4.643440246582031
1747536139.2707515,-1.734751651874487,-3.381701626133891,6.982088088989258
1747536139.2877424,-1.740429706434267,-3.318191732615872,4.965066909790039
1747536139.306054,-1.7693935259167881,-3.243180978977098,5.08880615234375
1747536139.3278887,-1.7872189641456886,-3.1543986807623687,5.166053771972656
1747536139.3478239,-1.7966784155658235,-3.0935175540654822,5.037069320678711
1747536139.3644192,-1.8037152211219594,-3.049781424200397,5.180597305297852
1747536139.389971,-1.8177645321036553,-2.9795174392210453,7.215976715087891
1747536139.4268203,-1.818258148089984,-2.8571607840892965,5.423307418823242
1747536139.447099,-1.8258325202076107,-2.7868099227223997,6.16455078125
1747536139.4752343,-1.8180520902720168,-2.7033498901945565,6.492137908935547
1747536139.4910793,-1.8127932439902463,-2.6534086225671554,5.211353302001953
1747536139.5079927,-1.827660879547757,-2.5668589900007484,5.057811737060547
1747536139.5283115,-1.8483445420405513,-2.496006675277892,5.445003509521484
1747536139.5486765,-1.8109207415210717,-2.4373091877951745,5.404472351074219
1747536139.5679433,-1.7950603141659462,-2.3907826677651607,5.467891693115234
1747536139.5890045,-1.7865260719591618,-2.305991155719348,5.655527114868164
1747536139.6101174,-1.7687802093731217,-2.2338899304707227,5.412578582763672
1747536139.6349401,-1.7620975796343048,-2.169151893830308,5.746603012084961
1747536139.654357,-1.7620155317126922,-2.114128059351734,6.543159484863281
1747536139.6813018,-1.7244355188367673,-2.0290760321024224,5.8383941650390625
1747536139.694932,-1.70900823160784,-1.9653500000418709,5.275964736938477
1747536139.709314,-1.698330146186839,-1.9108213066544606,4.968881607055664
1747536139.7283506,-1.6863630129511364,-1.8516233931257022,5.553483963012695
1747536139.7480037,-1.6472153209530473,-1.7736337009577992,4.960298538208008
1747536139.7718332,-1.6297062240994777,-1.7091444954380495,8.041620254516602
1747536139.7948067,-1.6217479099445027,-1.6607445916868533,5.3424835205078125
1747536139.8103292,-1.5692144779043715,-1.5736384848049114,4.994630813598633
1747536139.8295734,-1.5469188044531745,-1.5082265767081444,5.280971527099609
1747536139.848677,-1.5293320002566693,-1.4552097689644106,5.18035888671875
1747536139.8699074,-1.477784483747343,-1.3684869566362745,6.800651550292969
1747536139.889284,-1.4528804633648837,-1.3013866035090575,5.396127700805664
1747536139.909061,-1.4364006143904746,-1.2334389115129216,5.476713180541992
1747536139.9287283,-1.384595907014394,-1.180505410430992,5.371809005737305
1747536139.943889,-1.3447565082176813,-1.1228238058018682,5.355358123779297
1747536139.9677851,-1.3021836160725224,-1.0567479490130873,5.33604621887207
1747536139.9901469,-1.2736790647302325,-1.0083645733592081,6.191015243530273
1747536140.0137246,-1.2069370196637028,-0.9468540584877451,6.159782409667969
1747536140.0429096,-1.1658220476127419,-0.8980901551130689,6.747007369995117
1747536140.0619879,-1.1244740406492058,-0.8425143093071155,6.53076171875
1747536140.0812426,-1.0603832096118455,-0.7707905502476055,9.756326675415039
1747536140.0971866,-1.0254289204439795,-0.7293362637340713,6.578683853149414
1747536140.114253,-0.9777102313154732,-0.6758366812405361,6.255149841308594
1747536140.1305666,-0.9013544837678564,-0.616350776055341,5.768537521362305
1747536140.150206,-0.8487070166061268,-0.5721494828925213,6.534099578857422
1747536140.168414,-0.8097883187953651,-0.5333747430001935,5.691051483154297
1747536140.1893508,-0.776083636173675,-0.4986305516192745,6.365537643432617
1747536140.2079744,-0.7152457893519588,-0.4504072184163563,5.454540252685547
1747536140.2283475,-0.662963967732026,-0.40613697287246536,5.571842193603516
1747536140.2489085,-0.623761246379117,-0.36990567254918005,6.280183792114258
1747536140.2680717,-0.5533557695694709,-0.3149565352050135,5.299091339111328
1747536140.2838123,-0.5175224430022779,-0.28262361536421204,5.227804183959961
1747536140.303234,-0.4930498547293501,-0.26036411253043107,6.026506423950195
1747536140.3268867,-0.4135011115740275,-0.21392443674106246,6.335020065307617
1747536140.349555,-0.3427659823300343,-0.17048785141278855,6.051540374755859
1747536140.370619,-0.29422640928425214,-0.1498774050741931,6.848573684692383
1747536140.3919384,-0.22190937963580393,-0.10104536459898282,6.023168563842773
1747536140.408327,-0.12747501262605418,-0.04749278307191043,5.506753921508789
1747536140.4297688,-0.084870070841267,-0.025848042726859536,7.514238357543945
1747536140.4462528,-0.045176577636119486,-0.012913905812801371,5.714178085327148
1747536140.4700453,0.041557390372115956,0.028260672439600305,6.079196929931641
1747536140.4953344,0.08264650990213161,0.049610743703732,6.199836730957031
1747536140.5103042,0.13215693215808694,0.07355927269199154,4.988908767700195
1747536140.5267951,0.16927539566461408,0.11980435205702086,4.9724578857421875
1747536140.544125,0.2098987243041078,0.1426516859550592,5.460977554321289
1747536140.5681968,0.27500230901649964,0.16487959750992187,5.018472671508789
1747536140.5897415,0.2921745635108787,0.18802632143358092,6.545305252075195
1747536140.6103559,0.3234246923514522,0.2063483157774885,7.293224334716797
1747536140.6311522,0.36763687397680933,0.22064294689396274,5.249977111816406
1747536140.646335,0.4035532443880512,0.22577660820068549,4.90260124206543
1747536140.6624203,0.4489686928413094,0.23599188763851386,4.928350448608398
1747536140.6824367,0.48656121965406923,0.24302872441342968,4.943609237670898
1747536140.7080207,0.526995858198942,0.24873704992674658,5.009174346923828
1747536140.7281184,0.5655292361985181,0.25645936123450086,4.941225051879883
1747536140.7485065,0.6092357487167315,0.2656607925075211,5.604743957519531
1747536140.7643547,0.6311734628783953,0.2700814200947981,4.956483840942383
1747536140.784274,0.6603175636867112,0.27584746820124184,5.500555038452148
1747536140.8082852,0.6978325447527651,0.28438313772466545,5.070686340332031
1747536140.829271,0.8002284985353808,0.2982499028474851,7.073640823364258
1747536140.8480842,0.8767389814062795,0.3014512508547235,5.004167556762695
1747536140.8634903,0.917094760111641,0.3090571385634127,4.859209060668945
1747536140.8896224,0.9969918379217589,0.29821686608926357,6.0405731201171875
1747536140.9099333,1.0505832755426354,0.29357382869966875,6.652355194091797
1747536140.930226,1.100261191464955,0.2930322783732205,7.778644561767578
1747536140.9457366,1.192701562540389,0.2882045446368594,5.374670028686523
1747536140.9684837,1.2769046526065781,0.2775638877276255,5.250453948974609
1747536140.9877858,1.331342889180429,0.27206646137830437,4.81724739074707
1747536141.0065877,1.3646621974442763,0.27025552177017914,6.249904632568359
1747536141.026316,1.4499889219507802,0.24631812583494178,4.74858283996582
1747536141.047684,1.5283945312180722,0.2241738972263117,4.636287689208984
1747536141.069851,1.58726706599289,0.21284605398808523,4.8389434814453125
1747536141.0879166,1.6457274197617429,0.1825352045432275,4.63414192199707
1747536141.109668,1.6972483128163278,0.15950678881544483,6.829738616943359
1747536141.1279237,1.7341162765944922,0.13989256003813916,5.042552947998047
1747536141.1494918,1.8194712075931598,0.09671613387502459,5.293130874633789
1747536141.1675503,1.87495546301145,0.06960832706172852,4.52876091003418
1747536141.1875997,1.9151088211827536,0.04971761477087101,4.60052490234375
1747536141.207964,1.962022275613459,0.016779251849466985,4.611015319824219
1747536141.227734,2.0095527769670603,-0.007901598174590773,4.620552062988281
1747536141.2483873,2.042485489425135,-0.023567223686272044,5.087137222290039
1747536141.2680945,2.058149547577905,-0.03080371192850963,5.241155624389648
1747536141.2893105,2.1146149975959254,-0.06330372287221069,6.535768508911133
1747536141.3069842,2.1507573380728924,-0.08338856270505104,4.957914352416992
1747536141.328207,2.194690995251677,-0.11661188828201956,5.253791809082031
1747536141.3442101,2.2396846262765946,-0.15875447438478238,5.194664001464844
1747536141.3648837,2.2800598588598784,-0.19294394993104505,6.170034408569336
1747536141.390578,2.3139804499036316,-0.22413375379571635,5.616188049316406
1747536141.4153855,2.336723792722477,-0.2607223071821274,7.096767425537109
1747536141.4441218,2.3738023750385375,-0.2993977117369078,5.8765411376953125
1747536141.478327,2.4037791408609386,-0.3398510258535769,12.140035629272461
1747536141.5098906,2.491742742058852,-0.3894459831235007,6.947040557861328
1747536141.530309,2.564076900112114,-0.4452798547209668,5.223751068115234
1747536141.5492046,2.5991155454969714,-0.49486542843019454,5.798578262329102
1747536141.5684462,2.638372158637642,-0.5288401931076132,5.231142044067383
1747536141.5885696,2.6794502785317387,-0.5693589936858912,5.527019500732422
1747536141.6087642,2.6814193877657204,-0.5835095106841901,5.599021911621094
1747536141.6292574,2.695451725074755,-0.6126582404591246,6.346225738525391
1747536141.644568,2.6945890433011144,-0.6376704441053003,5.702018737792969
1747536141.6642206,2.743057515722694,-0.6569302543423261,5.882978439331055
1747536141.6890864,2.7887075445400096,-0.6860475827100888,5.975961685180664
1747536141.7087328,2.8252858988755425,-0.7122597289963083,5.860090255737305
1747536141.7322016,2.775605251780105,-0.7958600780846596,6.017923355102539
1747536141.7499208,2.753630818846245,-0.8511897987911083,5.738973617553711
1747536141.7687879,2.7616203337079606,-0.9026020281549941,5.72657585144043
1747536141.788245,2.7554405088643947,-0.9421330546905169,5.4149627685546875
1747536141.8088214,2.784220357548024,-1.0004624943769618,5.675554275512695
1747536141.8289342,2.787843563827607,-1.0534136208640006,5.689382553100586
1747536141.8467374,2.7898435251759146,-1.0930271574993184,5.622386932373047
1747536141.8701096,2.819061969200418,-1.1558531294373342,5.259990692138672
1747536141.8922272,2.8223348135770765,-1.2025683073843083,6.925821304321289
1747536141.9107368,2.821695094395259,-1.2501836935447503,5.82575798034668
1747536141.9379122,2.842249563014207,-1.2952889955768823,9.879350662231445
1747536141.9564042,2.845421362566965,-1.3364207310803093,6.896257400512695
1747536141.9753127,2.841503813123877,-1.3685940982073321,7.06791877746582
1747536141.9953065,2.838548036960421,-1.4292905552547106,7.60650634765625
1747536142.0104558,2.8390398805279684,-1.4894092666104013,4.521369934082031
1747536142.0283737,2.8420706758032606,-1.5418717172992247,5.565881729125977
1747536142.0478592,2.8472312759618768,-1.5888945146105289,4.858970642089844
1747536142.0685382,2.8564093406297117,-1.634867211399214,4.566431045532227
1747536142.0874639,2.8676911992162024,-1.6772261128722723,4.5490264892578125
1747536142.1078727,2.8064249548732696,-1.7048620549579772,4.594087600708008
1747536142.1275425,2.773712250227578,-1.7315288683453967,4.653453826904297
1747536142.1481123,2.754525553336376,-1.762945373501436,4.666805267333984
1747536142.1679265,2.740313669018553,-1.8158722882884704,4.74858283996582
1747536142.183681,2.7281235521235856,-1.8506808689691603,4.719972610473633
1747536142.2085247,2.716067686131067,-1.9018509636739747,5.2318572998046875
1747536142.230708,2.704388344661796,-1.9588886147835556,5.811214447021484
1747536142.247653,2.692249328866141,-2.0031474601177144,4.782676696777344
1747536142.275593,2.6876142582654383,-2.0418363484976667,8.920907974243164
1747536142.2976775,2.663473324296043,-2.1012067546383233,8.704423904418945
1747536142.3117793,2.6530130608118108,-2.140149371805133,4.859685897827148
1747536142.328143,2.6381086883487788,-2.191341564019741,4.961729049682617
1747536142.3491175,2.6376364435136055,-2.2234529387934443,5.307674407958984
1747536142.3686788,2.6027557121312177,-2.277300226575727,5.3920745849609375
1747536142.3869371,2.5683899298694017,-2.3084926901409544,4.945993423461914
1747536142.4096878,2.541455848190722,-2.3576266961941634,6.478786468505859
1747536142.4303262,2.471940532740457,-2.3804080467435207,5.088090896606445
1747536142.4552817,2.43909348522019,-2.4438093989673977,8.846044540405273
1747536142.4861846,2.414157998012331,-2.48783977560611,8.89897346496582
1747536142.5052938,2.391279810060106,-2.5866990869662607,4.962444305419922
1747536142.527555,2.376966864058335,-2.6535780280766734,4.760980606079102
1747536142.5445704,2.363960382098419,-2.6908147791195667,5.377292633056641
1747536142.5673037,2.400445941797347,-2.76793113767899,4.7969818115234375
1747536142.5873764,2.418841789182294,-2.8239954558696465,4.78672981262207
1747536142.6074033,2.4272469033654183,-2.8768784208142706,4.7321319580078125
1747536142.6278722,2.4313941664416725,-2.9212954353425356,5.074262619018555
1747536142.6489317,2.4115147948085687,-3.002887206498206,4.788398742675781
1747536142.6682022,2.3912116154428777,-3.081384399245528,4.887819290161133
1747536142.6888473,2.424686745159237,-3.1543022302094124,4.9076080322265625
1747536142.7078664,2.4517414745030184,-3.2234861335522536,5.000591278076172
1747536142.729868,2.47046612486852,-3.2783942894045035,5.132913589477539
1747536142.7488942,2.5077212980673047,-3.3447989828598286,5.25212287902832
1747536142.7679477,2.5411599338105852,-3.408214126999571,5.008935928344727
1747536142.7886512,2.5603462102062355,-3.4405802052808765,5.1136016845703125
1747536142.804461,2.5912039331672982,-3.4740226019030813,5.095958709716797
1747536142.8239453,2.6252843911095787,-3.5379327027029404,5.749940872192383
1747536142.844361,2.661137016096092,-3.5923180579083294,6.110668182373047
1747536142.8734326,2.692505480526676,-3.6414209907702944,9.889602661132812
1747536142.896755,2.7614140042806468,-3.707536355105816,7.43556022644043
1747536142.9111223,2.801522901421793,-3.747082480047072,4.717826843261719
1747536142.929551,2.8482562437459777,-3.802436251819724,5.924463272094727
1747536142.9508212,2.9159438250946046,-3.8608217305269297,6.799936294555664
1747536142.968425,2.9563848883847386,-3.905016593831894,4.920721054077148
1747536142.9893672,2.985381694953564,-3.942693205046113,4.94837760925293
1747536143.0089037,3.04728502732563,-4.020557443269382,5.7506561279296875
1747536143.0273452,3.097463106991582,-4.07168542966251,4.8618316650390625
1747536143.0483341,3.1487679325640068,-4.109669803085091,5.28264045715332
1747536143.0695405,3.1811097126447945,-4.135218654278875,5.093574523925781
1747536143.0905845,3.2126737435828012,-4.206675736623599,4.876136779785156
1747536143.110377,3.2420096013532325,-4.252651737831645,6.691694259643555
1747536143.127725,3.265849974784658,-4.279516934141739,4.838705062866211
1747536143.1479552,3.3184667501153187,-4.323675315613583,5.232810974121094
1747536143.1677437,3.3431563120224763,-4.352166200586043,4.824399948120117
1747536143.1850646,3.355520654944015,-4.367717886837725,5.041837692260742
1747536143.2084296,3.4086847385284034,-4.439810008356687,4.967689514160156
1747536143.2278843,3.438167760155211,-4.492507886138134,4.935979843139648
1747536143.2553642,3.4573268064358826,-4.5232287301678955,8.211135864257812
1747536143.3872669,3.616002621729188,-4.8253394000613365,5.314826965332031
1747536143.4066968,3.635400858885163,-4.892500880676911,5.108118057250977
1747536143.422104,3.658236017796982,-4.963684801654779,5.857706069946289
1747536143.4392824,3.666070008249713,-5.025871422278488,7.5778961181640625
1747536143.4577322,3.662366341480801,-5.076432417619317,5.654335021972656
1747536143.482452,3.6843250986803238,-5.151549269575297,12.125015258789062
1747536143.4989433,3.6943020435133525,-5.198479380639989,6.963253021240234
1747536143.5150526,3.6851661174664927,-5.259048485697197,6.494283676147461
1747536143.5314658,3.7012135509259663,-5.300661329546016,5.340337753295898
1747536143.5492895,3.7025950240377727,-5.355379317030836,5.555629730224609
1747536143.5662534,3.692687248741881,-5.388011266982304,5.456447601318359
1747536143.5853117,3.679213568922459,-5.4173465695808805,5.8727264404296875
1747536143.6104481,3.663819995192223,-5.454894360266886,6.338834762573242
1747536143.6299121,3.645700661362937,-5.500567486080341,6.339073181152344
1747536143.6494071,3.6233804925457798,-5.544592078862616,6.165742874145508
1747536143.6688025,3.607096015467289,-5.577125815842001,5.933284759521484
1747536143.690905,3.5903456803177414,-5.602527064902314,6.421089172363281
1747536143.7168462,3.5864828633568253,-5.647608835129283,11.201620101928711
1747536143.7348633,3.571513956509663,-5.678019956608825,7.0438385009765625
1747536143.7528484,3.5650360130076746,-5.698302296423978,5.447626113891602
1747536143.76954,3.55029215110133,-5.73872182197059,5.213737487792969
1747536143.7871969,3.535188660889608,-5.766791309420189,5.273342132568359
1747536143.8097947,3.5162496754599823,-5.7954727120205565,6.410121917724609
1747536143.8282907,3.5038657561635076,-5.845588397381309,5.121469497680664
1747536143.8495312,3.4816709959706085,-5.878046950880022,6.731271743774414
1747536143.8750222,3.46317816742455,-5.90235770522815,6.641149520874023
1747536143.8951662,3.422503382351811,-5.936493206865993,6.747961044311523
1747536143.9149935,3.378255233670711,-5.964888358233277,7.818698883056641
1747536143.9389117,3.338775115124535,-5.988409866871148,11.395692825317383
1747536143.9571776,3.295354332198351,-6.02144953820782,6.413936614990234
1747536143.974974,3.243024497316796,-6.059329705326847,5.511760711669922
1747536143.991885,3.1967988335744555,-6.083738166229656,4.884481430053711
1747536144.0081058,3.1641490139482435,-6.098833203728629,4.902362823486328
1747536144.027876,3.139123483579728,-6.125203838646549,4.951953887939453
1747536144.0487046,3.101455691236547,-6.143608258385731,5.012035369873047
1747536144.067643,3.054101903527435,-6.158745316916062,4.705905914306641
1747536144.0842,3.0127943265054267,-6.1692557760272075,5.044221878051758
1747536144.108105,2.983799160140029,-6.191857297337889,4.908084869384766
1747536144.1236284,2.9546990949322627,-6.2035294911033425,4.834890365600586
1747536144.150016,2.9066680196246115,-6.222650851354883,5.287408828735352
1747536144.1682606,2.8615222598646874,-6.236255575856439,4.861116409301758
1747536144.1900108,2.822859406369415,-6.245410915454517,5.232095718383789
1747536144.2079382,2.7891248965941116,-6.25143158128598,4.935741424560547
1747536144.223208,2.7247627612975487,-6.263551353347019,4.877805709838867
1747536144.2452524,2.663810412656031,-6.275502512964559,7.379055023193359
1747536144.2690814,2.589525114485549,-6.2914720399367905,5.181550979614258
1747536144.2879736,2.52915146691603,-6.3037832469979715,4.885435104370117
1747536144.3119977,2.4820201685497176,-6.311921461989982,4.792451858520508
1747536144.3328736,2.4398076079281155,-6.3208867902638115,5.360841751098633
1747536144.3565092,2.398827984677421,-6.333917508464807,7.539272308349609
1747536144.3777165,2.3636547834277817,-6.345339015391289,6.534099578857422
1747536144.400869,2.312148733178944,-6.35340920532598,7.738351821899414
1747536144.4192984,2.2705678674767085,-6.372664863571208,7.56382942199707
1747536144.436336,2.238946876208896,-6.384721738452069,6.282329559326172
1747536144.4525304,2.230132873065286,-6.390519137991499,5.084037780761719
1747536144.4693372,2.2037096195746493,-6.397641574964148,4.786252975463867
1747536144.487219,2.1562828111996533,-6.392443933120054,6.049871444702148
1747536144.5074759,2.0921642803062177,-6.396285502976824,4.715204238891602
1747536144.5281706,2.039402397948759,-6.397029648887556,4.733800888061523
1747536144.5442646,1.9972555529941172,-6.399505339664573,4.885196685791016
1747536144.567594,1.9366603629108967,-6.4136048647619,4.850149154663086
1747536144.595013,1.9036398964871402,-6.419843562274092,6.527423858642578
1747536144.6106348,1.7942369731922136,-6.438019789647225,4.649162292480469
1747536144.6250048,1.7292139008501788,-6.443740971469593,4.931449890136719
1747536144.6474562,1.6716495292044842,-6.450220195531858,4.71806526184082
1747536144.6663423,1.6521958370033345,-6.452446905468843,4.942178726196289
1747536144.6878939,1.5626550571348718,-6.451525413042806,4.69970703125
1747536144.7090468,1.5106467850859766,-6.45296453077995,6.415843963623047
1747536144.7268348,1.4582635505180386,-6.456446882977929,4.792213439941406
1747536144.7481892,1.3996301753167788,-6.465057528542708,4.75621223449707
1747536144.763637,1.386140405951825,-6.471825258319661,4.713296890258789
1747536144.7878234,1.3357658309737526,-6.481272269182154,4.727363586425781
1747536144.8066695,1.3065839828368895,-6.485470449468313,4.788637161254883
1747536144.8280435,1.1875490124794799,-6.478732019286591,4.881143569946289
1747536144.8485525,1.1462925819777252,-6.471098715213912,4.912614822387695
1747536144.8669055,1.128878426880309,-6.468475562531975,4.89354133605957
1747536144.8930945,1.0573961143871848,-6.47441539300555,8.739948272705078
1747536144.9139378,0.9950579584314657,-6.47790476479488,5.844354629516602
1747536144.9367075,0.9276797293125167,-6.477610967604557,9.122610092163086
1747536144.9518583,0.82766799938448,-6.454397724982432,5.167245864868164
1747536144.9678946,0.7479326334201549,-6.434926594651755,4.749536514282227
1747536144.9878573,0.6846160778647268,-6.425982633356152,4.943132400512695
1747536145.0087564,0.621617213496383,-6.422717943900664,5.754232406616211
1747536145.024439,0.5957388162905772,-6.422422843298433,5.335569381713867
1747536145.0473933,0.5196170182608083,-6.3973911482194215,5.023956298828125
1747536145.0631783,0.4787825326862007,-6.383956196409027,5.293369293212891
1747536145.0877125,0.4120266234016968,-6.368364326706105,4.97746467590332
1747536145.1081798,0.3536312292516224,-6.355077957566433,5.162954330444336
1747536145.1279485,0.3012353212437444,-6.343857327521465,5.145788192749023
1747536145.1489673,0.2527738724627393,-6.333945487300095,6.021022796630859
1747536145.169059,0.2040370512616663,-6.301790316706114,5.450248718261719
1747536145.1935701,0.16700585022875997,-6.273844654569162,5.925893783569336
1747536145.2117736,0.11668054901071678,-6.246811891811642,7.35163688659668
1747536145.235775,0.052741101973315094,-6.2115245026730985,6.201505661010742
1747536145.2540822,-0.024856916181118658,-6.173250265244397,6.35981559753418
1747536145.2701826,-0.06445707591864036,-6.15039502320235,6.638288497924805
1747536145.2885628,-0.1089251804347213,-6.1262371842104715,5.436420440673828
1747536145.3094227,-0.16041814214225902,-6.081555443847265,5.886316299438477
1747536145.3299565,-0.1829131966990159,-6.049853213889116,6.349325180053711
1747536145.3495467,-0.2074361867513881,-6.022632609884622,5.896329879760742
1747536145.3719149,-0.11458936621597222,-5.973206885867317,5.908966064453125
1747536145.3982043,-0.11704479702157658,-5.930551825514952,7.221698760986328
1747536145.4208472,-0.14157104454125022,-5.890727868115029,8.72182846069336
1747536145.445525,-0.15242155861030235,-5.841666147211074,9.356975555419922
1747536145.4677882,-0.18096468445687997,-5.805247877063302,6.368875503540039
1747536145.4853363,-0.233803572006981,-5.772762101191876,6.4907073974609375
1747536145.5089579,-0.25657969680274145,-5.701909708834894,6.386756896972656
1747536145.5296888,-0.26300381667851747,-5.684413906932594,6.38890266418457
1747536145.5494595,-0.2991744134182932,-5.639800427626822,6.4945220947265625
1747536145.5667243,-0.3238004838886369,-5.596726004677633,6.751298904418945
1747536145.58872,-0.3733426524093441,-5.537726274053711,6.505012512207031
1747536145.6100698,-0.40464708258256155,-5.486954119626345,6.233453750610352
1747536145.6291888,-0.4734153300125208,-5.435545241935762,6.212711334228516
1747536145.6456225,-0.5061329732249918,-5.394497925851928,5.928516387939453
1747536145.6698923,-0.5538162297443805,-5.338053408323221,6.067514419555664
1747536145.691631,-0.6201988214811223,-5.28738850396917,5.573034286499023
1747536145.7106087,-0.6568535181786982,-5.237802532087427,5.77092170715332
1747536145.7295556,-0.6702541066953143,-5.19831749370642,5.482196807861328
1747536145.7504354,-0.6913609483981502,-5.142747461971361,6.95037841796875
1747536145.7665029,-0.7535314240754404,-5.094236678547199,5.288839340209961
1747536145.7880714,-0.7993073469384098,-5.030020111022473,5.131721496582031
1747536145.8099527,-0.8234453385478265,-4.97083601888263,5.055427551269531
1747536145.8279095,-0.8955925202376289,-4.9159559274362765,5.005836486816406
1747536145.8494892,-0.9381895875668563,-4.861242613058768,5.939006805419922
1747536145.868159,-0.9602577261783242,-4.810297877987445,5.2165985107421875
1747536145.8895893,-1.0392067661376296,-4.755498763178554,5.502462387084961
1747536145.9102466,-1.0869576625270623,-4.700895736186115,5.71441650390625
1747536145.9287143,-1.112537141396167,-4.64066648381677,5.115509033203125
1747536145.949738,-1.1278353997592587,-4.5920398275624015,5.595684051513672
1747536145.9693267,-1.1954567772581597,-4.537755244141926,4.785776138305664
1747536145.9876354,-1.2301518775027656,-4.482575439424845,4.717588424682617
1747536146.0071661,-1.2408823209991446,-4.443340298495457,5.152702331542969
1747536146.0228603,-1.314420011589687,-4.37132323339574,4.804849624633789
1747536146.048474,-1.351991909486298,-4.295853183745753,5.749702453613281
1747536146.0676146,-1.371798661260912,-4.229369214770357,4.73475456237793
1747536146.0877793,-1.446796349315935,-4.1570635040085415,4.726171493530273
1747536146.1034465,-1.4723597816088534,-4.112608722887399,5.408287048339844
1747536146.1284206,-1.495171156475509,-4.053970532597062,4.944562911987305
1747536146.1432073,-1.5001444055639395,-4.02520047190837,4.866600036621094
1747536146.1672816,-1.5437697747769485,-3.9402119576088364,4.687070846557617
1747536146.187671,-1.5612300248852573,-3.8731803280963524,4.831552505493164
1747536146.2154684,-1.571032885927087,-3.80556516762631,9.032249450683594
1747536146.2370908,-1.6067402868284872,-3.74032400992258,6.990194320678711
1747536146.256661,-1.637447060929741,-3.6635520506096957,7.437467575073242
1747536146.2753735,-1.6571414213494997,-3.5918970667222347,4.999399185180664
1747536146.290119,-1.7061905840461014,-3.5029542729400034,4.705667495727539
1747536146.3083596,-1.7332490303659225,-3.417274675301314,5.031108856201172
1747536146.3248754,-1.7386874956798162,-3.3702710037565127,5.09953498840332
1747536146.3495874,-1.7336280526547918,-3.280512100786277,6.430149078369141
1747536146.3690073,-1.7289053396393295,-3.195456102942878,5.386114120483398
1747536146.3894007,-1.7345047483553857,-3.1169623778684565,5.075693130493164
1747536146.4102087,-1.7405078035827175,-3.051618925995704,5.301475524902344
1747536146.4289286,-1.7486455171173094,-3.0053210417475196,5.177021026611328
1747536146.4491787,-1.7618108423743082,-2.9371004376855225,5.273342132568359
1747536146.4707074,-1.7715496064917506,-2.8679911679989356,5.152702331542969
1747536146.4877005,-1.7854267651838633,-2.786806115341475,4.884481430053711
1747536146.505309,-1.791036742068161,-2.7418383816683276,5.431652069091797
1747536146.5242734,-1.7754929080271076,-2.7095991384919786,6.751775741577148
1747536146.5491424,-1.7692751212506024,-2.6481557050180293,5.369663238525391
1747536146.5687718,-1.768242695242383,-2.5972057371268247,5.686521530151367
1747536146.5877533,-1.764754016354869,-2.5233225470804217,5.127668380737305
1747536146.6059015,-1.7606935240395234,-2.4691020272467927,5.1593780517578125
1747536146.6279387,-1.7493669278373083,-2.383922216312454,5.141019821166992
1747536146.645376,-1.7137514881985818,-2.3202395590182068,5.759716033935547
1747536146.663753,-1.6949996322411225,-2.2412948960475814,5.567312240600586
1747536146.688253,-1.692293985830341,-2.154810644052773,5.168676376342773
1747536146.7097788,-1.6711900010814715,-2.0576415251399096,5.939483642578125
1747536146.726399,-1.6669130079209646,-2.0080043395301543,5.066633224487305
1747536146.7436688,-1.6644749493575357,-1.9500424995426113,5.098819732666016
1747536146.7696216,-1.6558563766147296,-1.86548211463261,6.825923919677734
1747536146.7856016,-1.6228585557763644,-1.8090446984550452,5.784034729003906
1747536146.8052447,-1.6005200037334677,-1.7483935454856347,5.885601043701172
1747536146.8318403,-1.580585082686263,-1.6750127623330515,8.095026016235352
1747536146.854269,-1.5283123894535608,-1.6036386595601306,6.508827209472656
1747536146.8782887,-1.507296085368654,-1.560597568917765,7.498741149902344
1747536146.8939242,-1.4823593075880186,-1.4710230696467694,6.08372688293457
1747536146.9175248,-1.438928561236997,-1.3954953441641047,9.07754898071289
1747536146.941492,-1.4106864340595826,-1.3370705682128443,10.475873947143555
1747536146.9587588,-1.374864019686064,-1.2623458576302278,6.017208099365234
1747536146.9743347,-1.3232694672297705,-1.182931591625809,6.04557991027832
1747536146.9886465,-1.2964129401519249,-1.1258212345912912,5.234003067016602
1747536147.0084743,-1.2669954905305973,-1.0532100680641618,5.418300628662109
1747536147.0230515,-1.2555774185914803,-1.0162232053250035,5.364418029785156
1747536147.048302,-1.1832334467937602,-0.9421557594114467,5.617380142211914
1747536147.0688462,-1.1342985789534397,-0.8931213454722673,5.786657333374023
1747536147.0904844,-1.099428499487062,-0.8507988578898074,7.384777069091797
1747536147.1086533,-1.04336682928816,-0.790469164404599,5.921125411987305
1747536147.1291292,-0.986443630167577,-0.7403772896774518,5.843639373779297
1747536147.1449065,-0.9587838986497377,-0.7125118763231286,6.078004837036133
1747536147.1723573,-0.8897395169196382,-0.6430571307876843,5.899906158447266
1747536147.196787,-0.8511738348016081,-0.5999240982192874,8.124589920043945
1747536147.2244015,-0.8045775385357395,-0.5511583774526354,6.906032562255859
1747536147.241509,-0.7476551372081263,-0.5024901499631647,6.613254547119141
1747536147.256999,-0.6817923808160489,-0.445560712900379,6.1550140380859375
1747536147.271586,-0.6448148626405376,-0.42203940188099365,5.253076553344727
1747536147.2907143,-0.6027404520986311,-0.39283726937054,5.738735198974609
1747536147.3103485,-0.5368983500562631,-0.3262728482905779,6.064653396606445
1747536147.3290915,-0.4901981079032628,-0.2837081229837835,5.3424835205078125
1747536147.3482378,-0.43919559885860066,-0.24380719071319853,5.373716354370117
1747536147.3687744,-0.3762021468783517,-0.1998291534654002,5.59234619140625
1747536147.3866918,-0.33245190191216006,-0.17430103129185967,5.222082138061523
1747536147.4078395,-0.2866845917614669,-0.15020447036416168,5.2852630615234375
1747536147.430692,-0.22551986646645533,-0.10704110873548188,5.845785140991211
1747536147.449679,-0.1975076562697848,-0.08472173982652047,5.676746368408203
1747536147.4694853,-0.13969953240170319,-0.05317775226099143,5.316495895385742
1747536147.4900846,-0.08391617427045181,-0.039755317287720825,5.714178085327148
1747536147.5078046,-0.06973889932873518,0.01622955603161559,5.030155181884766
1747536147.5237844,-0.030782365848226488,0.037624045675058504,5.14984130859375
1747536147.5426939,0.05730709187110058,0.0662974998672727,5.393743515014648
1747536147.5637097,0.034458776807436614,0.08262825642205343,5.037546157836914
1747536147.5879672,0.07040553202391212,0.09787993712959155,4.922389984130859
1747536147.6064281,0.10118335095712509,0.1103877354641001,4.966497421264648
1747536147.623668,0.1467719505283616,0.12508280268405975,5.064487457275391
1747536147.644015,0.17819425243678447,0.15040921984518546,5.326747894287109
1747536147.6680012,0.24132336020043033,0.1748133169855884,4.962444305419922
1747536147.6897418,0.2828453298911621,0.1852640630014863,5.193471908569336
1747536147.7074845,0.3124837547431221,0.20588813299633993,4.872560501098633
1747536147.7236743,0.3350568272787524,0.21815572100269132,4.997968673706055
1747536147.7446756,0.37022915662773337,0.2333611021672785,5.65648078918457
1747536147.768939,0.46378257214226304,0.2597060766034756,5.389928817749023
1747536147.7887087,0.5348024047377828,0.27902975076396463,5.085945129394531
1747536147.8147097,0.5804457386000367,0.2885262013152554,7.77888298034668
1747536147.832992,0.6243574068129327,0.2945594305257879,5.588293075561523
1747536147.8489425,0.6711557757132995,0.3016454236660989,5.267143249511719
1747536147.8722472,0.7384589833069054,0.3064039091113503,5.159139633178711
1747536147.8906538,0.792461503406828,0.307387757962768,5.046606063842773
1747536147.911538,0.8347481311132475,0.3109601093865097,5.021810531616211
1747536147.9292474,0.9711302836659422,0.30605976908075627,5.344390869140625
1747536147.9474237,1.0727722440413507,0.3072832783426177,4.730224609375
1747536147.9643953,1.1285621367411254,0.3096752740067379,6.593465805053711
1747536147.9874978,1.2359635457687603,0.29785419661877877,4.693746566772461
1747536148.0075192,1.3092582286732548,0.2905202740568262,4.647254943847656
1747536148.0306427,1.3625352713487504,0.2856515259869495,7.279872894287109
1747536148.047426,1.4024620768532687,0.2846304793940355,4.620790481567383
1747536148.0630476,1.4542918385126686,0.28581790522864553,4.979372024536133
1747536148.0874915,1.5153635469849738,0.2870363334806815,4.662990570068359
1747536148.1048996,1.5516557259589412,0.29008591502259934,4.958152770996094
1747536148.1280823,1.6059696150390166,0.27838657931364247,4.867315292358398
1747536148.1486921,1.6390072330309742,0.2697098786267846,5.142688751220703
1747536148.1704571,1.6816757693121611,0.2650999148652071,7.108449935913086
1747536148.1874177,1.7594683774918602,0.26546170152222454,4.671335220336914
1747536148.2047565,1.8363148218995935,0.25968251765634914,5.028486251831055
1747536148.2343173,1.9223827414831003,0.2430768089000012,6.348609924316406
1747536148.2540367,1.965968188173288,0.22683696806632284,5.379199981689453
1747536148.2786107,2.027615559166644,0.20982749866746017,6.260395050048828
1747536148.4131713,2.1533309444450093,0.16553352965759194,6.278753280639648
1747536148.4289906,2.1629143231794017,0.1604004996232334,5.290985107421875
1747536148.4480343,2.18531369751823,0.15923318276655535,4.980564117431641
1747536148.4648929,2.2149285685566547,0.15766359960540943,5.216360092163086
1747536148.4889023,2.2461747444735813,0.15197958179198107,5.501270294189453
1747536148.508996,2.2545451832415804,0.15017029760113706,5.119800567626953
1747536148.5317662,2.2611612669733754,0.14972650248857905,5.273342132568359
1747536148.5482013,2.2592295691580806,0.15137647759225822,5.069971084594727
1747536148.5677755,2.262161225316212,0.15015657668343382,5.005121231079102
1747536148.5875552,2.278658631949555,0.1533224225833896,4.91786003112793
1747536148.608672,2.351009498671808,0.14735287841132283,5.255222320556641
1747536148.6335335,2.4732224554748448,0.1272324837486108,7.432460784912109
1747536148.6517968,2.506530852614455,0.11463054814551828,5.039215087890625
1747536148.6737516,2.515877269256371,0.10313424341061013,6.810665130615234
1747536148.6888325,2.528490689973944,0.09324871735195886,5.202293395996094
1747536148.707886,2.535054772758644,0.09185099984505606,5.087614059448242
1747536148.7278118,2.5436887855259704,0.08940883250772724,5.045652389526367
1747536148.7478259,2.5592543784604347,0.08453761448643882,4.962921142578125
1747536148.7710752,2.567988129027752,0.08165507368025217,4.972219467163086
1747536148.7916536,2.5565686851219604,0.07458143483567234,7.1258544921875
1747536148.8081324,2.5399005454674404,0.07166647788687178,5.010843276977539
1747536148.8305655,2.517137802765292,0.07074196989304982,7.097005844116211
1747536148.8502827,2.549198949862832,0.0690840668161344,5.37872314453125
1747536148.8680837,2.558774790600266,0.07051137201292344,5.012989044189453
1747536148.8887925,2.565627233106272,0.07378624000817334,5.953788757324219
1747536148.907471,2.5442777471588354,0.07644978907390713,4.847049713134766
1747536148.9285197,2.506007797418422,0.08554096849979857,4.992485046386719
1747536148.9478164,2.4546742391582677,0.09794065444362815,4.883289337158203
1747536148.9680715,2.3710656138133537,0.12051465804582341,5.264759063720703
1747536148.9875858,2.32283375610969,0.12640714571139525,4.843473434448242
1747536149.0084317,2.2908125325177364,0.1275890891258115,5.126476287841797
1747536149.028224,2.2597284230337644,0.13033727483998672,5.192995071411133
1747536149.046274,2.249106031517072,0.13302867097830207,5.886316299438477
1747536149.0682976,2.2325700757239613,0.13636564856653216,5.150079727172852
1747536149.0893075,2.2177082033110684,0.13685020582986146,5.878448486328125
1747536149.1093092,2.2439532732495517,0.1397762051139631,5.420207977294922
1747536149.1256607,2.2642290097596183,0.13993531869550627,5.294561386108398
1747536149.1482456,2.2797851228464783,0.13848468118167495,5.034923553466797
1747536149.1682389,2.2644023349863756,0.13875511414213734,5.1021575927734375
1747536149.1889877,2.253572022103248,0.1387127215210591,5.3501129150390625
1747536149.2088048,2.247234355710672,0.14079159630052193,5.42902946472168
1747536149.2303667,2.241957137801886,0.14314716104302988,6.858110427856445
1747536149.2520685,2.2380380530566253,0.15006256460730552,5.25212287902832
1747536149.2714171,2.232938469997368,0.15463498112936092,5.332231521606445
1747536149.2902033,2.232075490081025,0.15748040426936688,5.7277679443359375
1747536149.309607,2.204355292088197,0.1563072029607927,5.421638488769531
1747536149.3280368,2.1844516496464217,0.1577361906686892,5.101919174194336
1747536149.34972,2.1784398515730943,0.15491560740289975,6.072521209716797
1747536149.3681438,2.1858477267274057,0.1498442753932934,5.002498626708984
1747536149.387938,2.1903643521529297,0.14652743826534212,5.052804946899414
1747536149.4100718,2.1933442117409525,0.14491498379354767,7.103204727172852
