time,x,y,computation_time_ms
1747536294.896925,0.9042298558177612,0.41708311105193446,9.298324584960938
1747536294.9202294,0.9428482132710289,0.3118148217310515,8.648872375488281
1747536294.9415574,0.9481290328590757,0.29403420121977364,7.317781448364258
1747536294.9641757,0.9346998247953612,0.29294052553332073,6.831645965576172
1747536294.9843717,0.9206811402080284,0.29610854737220116,5.1364898681640625
1747536295.0158694,0.882571548817654,0.29434151978363465,6.103992462158203
1747536295.0315962,0.8294461039181588,0.29066621056291675,4.934549331665039
1747536295.048852,0.7963728568958258,0.28915493841068407,5.003690719604492
1747536295.0667896,0.7853819135414476,0.2887381654687515,6.544589996337891
1747536295.0906398,0.9500695733719154,0.3309683625125262,5.164384841918945
1747536295.1105707,0.9998619374285251,0.31780066167058235,5.0106048583984375
1747536295.1267374,1.0050301433753601,0.32004535286636276,5.171775817871094
1747536295.1487668,0.993632925496513,0.3128698208072392,4.922628402709961
1747536295.1687143,0.9769144252086306,0.30626943191494793,4.875421524047852
1747536295.1850219,0.9710798395020286,0.2996997212946176,5.0334930419921875
1747536295.2088456,0.9239780592544478,0.29733719057670027,5.009889602661133
1747536295.2293432,0.8731480034898255,0.2929466457421296,4.909038543701172
1747536295.2487564,0.8442227400045539,0.28807831421671964,5.146503448486328
1747536295.2662847,0.8262574062383026,0.28721059374986857,4.878520965576172
1747536295.2905164,0.9885187541831755,0.967128099267668,5.693674087524414
1747536295.308788,0.8902128034756382,1.3052399530840224,4.278898239135742
1747536295.3229678,0.8751616055132989,1.3866581070493156,4.019975662231445
1747536295.3430803,0.8903085135705612,0.4726859914726342,3.398895263671875
1747536295.3644555,0.8616799735478602,0.30229700381935193,4.799604415893555
1747536295.3889194,0.8446067865776825,0.2930718990965668,5.058765411376953
1747536295.4093766,0.8394985743538478,0.29678857951669985,5.637407302856445
1747536295.4304638,0.8401163818779226,0.2979556222215685,6.011486053466797
1747536295.4493484,0.8432634084167175,0.30070922363425656,5.463123321533203
1747536295.477943,0.8921462642771046,0.2814380446995963,7.918596267700195
1747536295.5038736,0.9963347417436861,0.27010912948580496,4.761695861816406
1747536295.5227644,0.9879916511730552,0.27856132888721,4.803180694580078
1747536295.5405388,0.9843687287296135,0.29044504993222015,5.735158920288086
1747536295.5595696,0.9744894589736678,0.3007896938164237,6.579399108886719
1747536295.5747402,0.9617197319028217,0.3090138189088831,5.32221794128418
1747536295.5895479,0.947243630549195,0.31397876454796947,5.549430847167969
1747536295.6061957,0.942300998460348,0.31537101668396583,5.723476409912109
1747536295.623594,0.940344003639778,0.3122379222649326,4.880666732788086
1747536295.6502452,0.939020162706344,0.31213739700879994,6.361484527587891
1747536295.6655157,0.9160841528292706,0.31551232600239837,4.857063293457031
1747536295.6907225,0.3212844977282418,1.5345172404667526,5.084037780761719
1747536295.7075176,0.30978629632119986,1.5736388388679927,3.9446353912353516
1747536295.727662,0.2928980427569621,1.58890628076907,3.9544105529785156
1747536295.7480383,0.8329705477982937,0.6256318063857494,3.8220882415771484
1747536295.7699077,0.97739082331875,0.3441742581539954,4.685878753662109
1747536295.7853153,0.974445054317354,0.3328756540659896,5.677223205566406
1747536295.80373,0.9615015928295525,0.3279346612173634,4.972696304321289
1747536295.8237553,0.9560796614875496,0.3241707338272712,4.954338073730469
1747536295.8484635,0.9538344226555777,0.3213212133634575,5.702972412109375
1747536295.8768387,0.9754974657858738,0.3620262050522876,5.227088928222656
1747536295.896252,0.9839871859511571,0.3423154419422015,7.952451705932617
1747536295.9228292,0.9956993348913938,0.3451684482492563,7.691860198974609
1747536295.9462926,0.9390461416002347,0.3226464029045028,11.630058288574219
1747536295.966042,0.8436545177288336,0.2923829695235339,5.913019180297852
1747536295.98566,0.7688327362651409,0.268707980644737,5.427360534667969
1747536296.0098417,0.8737193527509423,0.3029128990597312,4.908561706542969
1747536296.0287488,0.9078493421594506,0.31478221241273663,4.894256591796875
1747536296.0453272,0.9080745656602824,0.31768818269257426,5.646705627441406
1747536296.083623,0.8871820857390277,0.318045656405911,11.51275634765625
1747536296.1035023,0.9124247933524293,0.29588958761342077,4.848480224609375
1747536296.1209357,0.9177960557510592,0.3054639361564205,6.139993667602539
1747536296.1459336,0.8993141402905199,0.2965452334057612,9.1552734375
1747536296.1623871,0.8833266681523942,0.29008168966082115,6.116628646850586
1747536296.178972,0.8673017238278163,0.28560613167425464,5.917072296142578
1747536296.1998634,0.8624684345180766,0.28641011202875766,8.729219436645508
1747536296.2416422,0.8565879891505034,0.28525024978993335,10.797500610351562
1747536296.2711625,0.8455649124038266,0.28632038632536555,5.079746246337891
1747536296.2909951,0.8373805367110574,0.28611776479279916,5.694150924682617
1747536296.3086374,0.8229227330978842,0.28716113581948044,5.395412445068359
1747536296.3372877,0.8161868660247935,0.2863276657916795,10.736942291259766
1747536296.366604,0.8042975749040588,0.2858434342821902,6.281375885009766
1747536296.3880413,0.8082398138021509,0.2812853180022319,4.8065185546875
1747536296.406708,0.8075536167515175,0.2771935450643376,7.681608200073242
1747536296.4265552,0.8110022958249964,0.2765028097123506,6.690740585327148
1747536296.4483328,0.8140444092784359,0.27523032839855205,8.342266082763672
1747536296.4673982,0.8181200752966483,0.28493714837387973,5.190372467041016
1747536296.4907877,0.8197528084139909,0.29015733324315934,6.77180290222168
1747536296.5109692,0.8231475704204885,0.2938296479425636,6.637096405029297
1747536296.5315197,0.8455532313780627,0.29575285645046034,7.72547721862793
1747536296.553111,0.856256397950662,0.29691870745046595,8.704185485839844
1747536296.5707395,0.8617885188454637,0.2970643707621331,5.491733551025391
1747536296.5906649,0.8652656897970602,0.304956818800179,5.01561164855957
1747536296.6087549,0.8665837779779724,0.3115706416279486,4.883527755737305
1747536296.62399,0.8699874279264057,0.3160423358904064,4.839181900024414
1747536296.649389,0.8758821590426653,0.313761011668147,5.445718765258789
1747536296.6687024,0.8794253620679497,0.3140338591299621,4.851102828979492
1747536296.689042,0.8868118729100164,0.31380556076480226,4.933595657348633
1747536296.7052996,0.8880427436753902,0.3123014655452206,5.011081695556641
1747536296.7241857,0.8874464826342385,0.30853950190525314,4.717588424682617
1747536296.7489393,0.885457731581036,0.30673567263734935,5.008459091186523
1747536296.7689867,0.8864657415762537,0.30550294777092774,4.933357238769531
1747536296.7921925,0.8820061417053519,0.30314742233478,7.972955703735352
1747536296.81318,0.8770681937574846,0.300853769587896,4.923820495605469
1747536296.8305714,0.8662217136621265,0.2988451126700729,6.749153137207031
1747536296.850583,0.8657036119058186,0.30293408285181006,5.781888961791992
1747536296.8713229,0.8691473414686802,0.3078167172468004,5.4683685302734375
1747536296.8888323,0.8644216303855677,0.3101709860034302,5.034685134887695
1747536296.9111245,0.8674667729194137,0.3076336797427232,5.5637359619140625
1747536296.933803,0.8674364727655397,0.3090344071021078,6.515979766845703
1747536296.9567435,0.8657644776010068,0.30979720415325707,9.382963180541992
1747536296.980174,0.8714973590478806,0.309955339452068,5.865573883056641
1747536297.0003626,0.8772346559868758,0.30815702134323647,5.357503890991211
1747536297.142617,0.8723939603695774,0.3017884199141508,5.645990371704102
1747536297.1572561,0.8674715685684385,0.2973592882192538,4.90117073059082
1747536297.171353,0.8712104309373464,0.29440739482394784,4.714727401733398
1747536297.1891336,0.8717590367771699,0.2935566873480804,4.878520965576172
1747536297.2038255,0.8684708340670588,0.29152788794591084,4.741430282592773
1747536297.2276802,0.867688272239204,0.2910489617040243,4.843711853027344
1747536297.2494519,0.8646323694691882,0.28893837597246674,4.91642951965332
1747536297.2729347,0.8634806853093354,0.28688355509893443,7.72404670715332
1747536297.2926328,0.8603932694499874,0.2867646124985028,5.138158798217773
1747536297.311022,0.8568132667737991,0.2882496988686271,4.797697067260742
1747536297.3283103,0.8528794277636516,0.2893193333418658,4.784345626831055
1747536297.3434248,0.8562427457040823,0.289680009507478,4.740476608276367
1747536297.378732,0.8528805121602576,0.2888628037572718,9.149551391601562
1747536297.4008021,0.8470884078870535,0.2882261403798491,6.329536437988281
1747536297.4235506,0.8463257087829764,0.28821024300540016,6.37054443359375
1747536297.4473822,0.847056584974612,0.2881013985769562,5.836725234985352
1747536297.471674,0.847078095294755,0.286424025391673,6.062984466552734
1747536297.4893017,0.84507407577703,0.2863733544082273,5.724191665649414
1747536297.5093112,0.8484004533084349,0.28506003886605275,5.518913269042969
1747536297.5314968,0.8498473681828482,0.28477712744900774,5.03087043762207
1747536297.5488684,0.8555191138668153,0.28595390982689206,5.282163619995117
1747536297.5696483,0.8571322294257631,0.28605767849643315,5.88226318359375
1747536297.5891228,0.8558749936169477,0.284711448186231,5.467891693115234
1747536297.6103096,0.8498782653585667,0.28445243549031046,5.886077880859375
1747536297.627528,0.849700505411095,0.28368856471966586,4.69207763671875
1747536297.6510952,0.8511565480819174,0.28983758603520954,7.26771354675293
1747536297.669275,0.8548262901031811,0.2934867265102606,4.9228668212890625
1747536297.686067,0.8606252862268335,0.2959135703808894,5.427360534667969
1747536297.7104652,0.8625913490510021,0.30034107449919084,6.339073181152344
1747536297.7371235,0.8658345129600717,0.30262647085697175,7.143735885620117
1747536297.7552183,0.8680273065381532,0.3059798061626402,6.3610076904296875
1747536297.7730713,0.8649695326312467,0.3107989278552467,4.834413528442383
1747536297.7921329,0.8645252323457092,0.3145619301569776,5.006313323974609
1747536297.8081288,0.869869247485928,0.31711328060670646,4.720926284790039
1747536297.8313913,0.8658204469735401,0.30793374213437474,6.189107894897461
1747536297.851827,0.8596308048693934,0.3011016648176601,4.797935485839844
1747536297.8750653,0.8532300290076021,0.2949848045733359,9.239435195922852
1747536297.8970807,0.840405431127693,0.2858043469341466,5.486965179443359
1747536297.9170573,0.8288654105655368,0.27863480687130404,6.11567497253418
1747536297.9469275,0.8224452612268833,0.2753420461802137,4.875659942626953
1747536297.9718454,0.8119021901785318,0.2818053472302141,6.046772003173828
1747536297.9895458,0.7989641048775565,0.2869463250700597,4.807472229003906
1747536298.0068018,0.7841195769026752,0.29386301522624036,4.704475402832031
1747536298.0266035,0.7785588842177985,0.2837314473855034,6.366252899169922
1747536298.0442073,0.7696799616147537,0.2766380858991227,4.808902740478516
1747536298.0639017,0.7618252036975599,0.27344724170336343,4.719734191894531
1747536298.0855062,0.7561691968391799,0.27115068406628634,5.242824554443359
1747536298.1051807,0.7722146101112773,0.2768902875593845,5.798816680908203
1747536298.1239603,0.7872818079951844,0.278936280885527,4.943370819091797
1747536298.1443076,0.7988363652108713,0.28280829479060177,5.189418792724609
1747536298.1712823,0.8131059961591722,0.2890341019854431,6.59489631652832
1747536298.190596,0.8190215863249786,0.2918229106107434,4.904747009277344
1747536298.2107697,0.829457899851882,0.2951161315006232,6.642818450927734
1747536298.2319243,0.8191092657720187,0.2900128800373091,5.720615386962891
1747536298.2477458,0.8049441631740393,0.287020041256647,4.704952239990234
1747536298.2636828,0.7953826478445094,0.28329229510894527,4.754781723022461
1747536298.2858636,0.7789959658147161,0.28243341397130023,5.22613525390625
1747536298.3107154,0.7719150000037741,0.27753973182639957,5.481719970703125
1747536298.333936,0.7664773481325431,0.2740117369150182,9.098291397094727
1747536298.3539965,0.7824941832544297,0.27996642904595326,5.953788757324219
1747536298.368283,0.7993132806688538,0.2855117691802137,4.843950271606445
1747536298.3918927,0.8162613902773184,0.2910145545937863,5.383968353271484
1747536298.4087234,0.8316826426019173,0.29619855335850237,4.946231842041016
1747536298.4313881,0.8280218761622862,0.2953536723223569,7.283210754394531
1747536298.4515014,0.8203781914824833,0.2927878001935722,6.754159927368164
1747536298.473388,0.8156892555379599,0.290345048709362,9.647130966186523
1747536298.490569,0.8008992291186421,0.28488385177209213,5.135059356689453
1747536298.5094223,0.7850009606850217,0.2838646708034445,5.690097808837891
1747536298.533602,0.7778327367134874,0.28277275015407227,6.879329681396484
1747536298.5546448,0.793223953520226,0.27987143349268734,6.906032562255859
1747536298.5754123,0.8039521926527158,0.2794410119706642,5.204677581787109
1747536298.5937755,0.8122280701159436,0.2802323615085301,5.574464797973633
1747536298.6108851,0.8151102588887951,0.28142766400231045,4.805803298950195
1747536298.6303189,0.8291672613730934,0.2841857644443866,5.570888519287109
1747536298.6548333,0.8364507857493063,0.28717519134080444,7.152557373046875
1747536298.6736739,0.8417338667953573,0.28858759328100414,5.134105682373047
1747536298.689835,0.8467016316101733,0.2905165080285411,4.800319671630859
1747536298.7087605,0.8517957136482462,0.2936709768978399,4.857301712036133
1747536298.7293313,0.8581554244013401,0.2938524147358488,5.5561065673828125
1747536298.7516804,0.8522302881269302,0.3004145438200672,4.832029342651367
1747536298.7662523,0.852076432757766,0.305194077807057,4.9591064453125
1747536298.7936356,0.8508199536460294,0.30966946385407557,7.918596267700195
1747536298.8128142,0.839725889292584,0.29943301804771477,6.150722503662109
1747536298.8293765,0.8273907544400252,0.2893200705184952,4.840612411499023
1747536298.8466551,0.8165044976354289,0.2826350433027178,5.490541458129883
1747536298.8646464,0.8090555241306374,0.2792004819446208,4.772424697875977
1747536298.8854668,0.8003463873555683,0.2787674795609981,5.087137222290039
1747536298.9093745,0.793019289946961,0.27885457639210276,4.928827285766602
1747536298.927805,0.7867439863943908,0.2773140518596557,4.842042922973633
1747536298.954173,0.7986232883760498,0.28657753617948856,6.797075271606445
1747536298.9734507,0.8142030537268684,0.29359810230304023,5.889654159545898
1747536298.994278,0.8177484688155681,0.2993904080767861,5.758523941040039
1747536299.0150743,0.8321718693990283,0.2994234216065422,5.402088165283203
1747536299.0299084,0.8403788822041344,0.30082669844712584,4.712104797363281
1747536299.0498319,0.843523963683899,0.2991004547350112,4.7550201416015625
1747536299.0687213,0.849393988096701,0.2971896734515524,4.975318908691406
1747536299.090374,0.8387821921448363,0.29393624939722407,6.760597229003906
1747536299.1085112,0.8342029587403572,0.29205404030669485,4.714012145996094
1747536299.1287837,0.8303015685725277,0.29026724691722516,4.884243011474609
1747536299.1505864,0.8118053341669923,0.28584617618569585,5.834817886352539
1747536299.1674442,0.7822310885936581,0.27908930216883054,5.501508712768555
1747536299.1899772,0.7637834465399441,0.277528221521703,6.088733673095703
1747536299.2094133,0.7639596476287386,0.2817698341957926,5.104541778564453
1747536299.2286987,0.7629034164893443,0.2861859597183828,4.889011383056641
1747536299.2444687,0.760712549429092,0.2877007737461322,5.089044570922852
1747536299.2697525,0.770462660378314,0.28702685118934773,5.820751190185547
1747536299.2915158,0.7777159809740997,0.28639214011568126,6.667852401733398
1747536299.3115447,0.7861825231175077,0.2866618813003186,5.886077880859375
1747536299.331147,0.7896498506858731,0.28639273412512656,5.700826644897461
1747536299.3600407,0.8057994421361667,0.2851460983878074,5.628347396850586
1747536299.3799784,0.8289582414316952,0.286439263251081,7.936239242553711
1747536299.399732,0.821433157516976,0.2817056506489463,6.667613983154297
1747536299.4195137,0.8105357833077991,0.27983770992556456,4.955768585205078
1747536299.434673,0.806257317318797,0.2773836185126653,5.481719970703125
1747536299.4508715,0.8053029011892613,0.27697706042815784,5.568742752075195
1747536299.466562,0.7985964819151163,0.2846918306212161,4.8313140869140625
1747536299.4899182,0.7966803929897776,0.2873101553611094,4.8618316650390625
1747536299.5090878,0.7949082668132964,0.2916797240515812,5.151510238647461
1747536299.533772,0.811424164831705,0.2887555841213339,6.516695022583008
1747536299.554421,0.8232994313236688,0.28978558579069036,8.510112762451172
1747536299.5696683,0.8358878852766465,0.29277752485302805,5.528450012207031
1747536299.58955,0.8405949972296002,0.29420150355407537,6.0272216796875
1747536299.6097906,0.8368460123434266,0.28510787592797004,6.498813629150391
1747536299.6251938,0.8347342790994153,0.2813720638993421,5.612373352050781
1747536299.6503808,0.8321804689344046,0.2792802803309688,5.815267562866211
1747536299.6703658,0.8210468225370667,0.28509342285757555,6.4487457275390625
1747536299.6879992,0.8093379643270294,0.2894250220567501,5.5446624755859375
1747536299.709474,0.7914828316076007,0.2927254643368653,5.671024322509766
1747536299.7291553,0.7814624509175866,0.27203456184523306,5.803823471069336
1747536299.750155,0.7662587285120703,0.25820542318286266,6.304025650024414
1747536299.7721136,0.7432930556144225,0.248091609590302,7.232666015625
1747536299.798476,0.7616450510193773,0.25645449465188236,8.85915756225586
1747536299.8204765,0.7800845930433354,0.26340439024465817,8.003950119018555
1747536299.8376472,0.7904658926646446,0.2671170899970822,5.847930908203125
1747536299.8547413,0.804095733382574,0.2706312645175729,6.504297256469727
1747536299.8699853,0.8091565046928444,0.279303463507833,4.721879959106445
1747536299.8862166,0.8138221457697393,0.28351921510711736,4.708528518676758
1747536299.9109366,0.825410594847415,0.28716543486415463,5.703449249267578
1747536299.9336126,0.8264373329742905,0.2812864490924854,6.021976470947266
1747536299.9546244,0.8304485988063621,0.27745104707714535,6.171464920043945
1747536299.973445,0.8400721422303532,0.27366723867088194,6.80088996887207
1747536299.9893918,0.8585157007486702,0.2719035020800973,5.193471908569336
1747536300.0095532,0.8724088830297925,0.2684840452589348,5.368709564208984
1747536300.0290353,0.9090763335332815,0.27911854520212703,5.527019500732422
1747536300.049561,0.9425444837397201,0.28871286158396514,5.1937103271484375
1747536300.0690649,0.978424715056683,0.2952856671416425,5.588293075561523
1747536300.0926528,1.0198670548332724,0.28834295038218066,8.912086486816406
1747536300.1179707,1.0635485658049182,0.28864013160054763,10.83230972290039
1747536300.138351,1.1262858676110425,0.29321310003329215,6.2923431396484375
1747536300.1600478,1.166499747586016,0.2915070623086141,4.988431930541992
1747536300.1740434,1.1916930429125454,0.28786607364656275,5.082130432128906
1747536300.1913228,1.2053589694253513,0.2844658874177095,6.364583969116211
1747536300.2114437,1.2368035954621368,0.2844256308890898,6.312847137451172
1747536300.2312896,1.2112226548456033,0.24259238465773633,7.120370864868164
1747536300.2584841,1.2181767086598632,0.21938731095435873,8.209228515625
1747536300.2823722,1.2258285739492738,0.20907185986547833,7.353544235229492
1747536300.3044105,1.3219902661261107,0.18670462264978563,4.794120788574219
1747536300.3294356,1.3691116751021546,0.17675680712893235,5.173206329345703
1747536300.3498878,1.4235492708590398,0.1586112065994576,4.88591194152832
1747536300.369414,1.466263140930136,0.13845958981489626,4.424333572387695
1747536300.3840077,1.5026773850674844,0.12457962124086348,4.7130584716796875
1747536300.4084089,1.5448706783760222,0.1083661487643134,4.762172698974609
1747536300.4248083,1.5801788128108263,0.09149975473691088,4.669189453125
1747536300.450208,1.6153468591836118,0.06458495064952122,6.677150726318359
1747536300.4681306,1.636893165184359,0.046709271557517584,4.62651252746582
1747536300.4881392,1.6829722934291123,0.0203153582291071,4.570245742797852
1747536300.5082326,1.7123928205682744,0.004181202825738743,5.243062973022461
1747536300.5311713,1.7460207080856651,-0.014579622103785148,5.472660064697266
1747536300.5511682,1.7567033331793709,-0.026361310644056765,6.719112396240234
1747536300.5739298,1.804838695679534,-0.04830714163358034,4.733562469482422
1747536300.5896494,1.840426644810029,-0.06493442150463902,4.590272903442383
1747536300.6109161,1.8658770908847604,-0.0729324066079701,5.782127380371094
1747536300.6294053,1.902848475599317,-0.1107109478172421,5.7544708251953125
1747536300.6497283,1.9306293239114456,-0.13208589292986772,6.098747253417969
1747536300.6685238,1.9552865285918153,-0.15071413428402358,4.966497421264648
1747536300.6910572,2.014386409222644,-0.20870882780549263,5.8727264404296875
1747536300.7120745,2.065831799351206,-0.24406690326748706,6.092071533203125
1747536300.7338939,2.084946301247745,-0.25623220352146936,5.801916122436523
1747536300.7551892,2.125126740535233,-0.28362838089257825,5.408048629760742
1747536300.77766,2.156155227959371,-0.3022587182661662,6.1702728271484375
1747536300.7925625,2.1860021898576885,-0.3237969187512195,4.86445426940918
1747536300.809124,2.2292482380630476,-0.36950114714093174,5.584478378295898
1747536300.8294604,2.2562272944320587,-0.40055150225008085,5.483150482177734
1747536300.845553,2.268326926499519,-0.4183734349303607,6.9580078125
1747536300.870019,2.2894774621056473,-0.4422765240763417,5.496025085449219
1747536300.8894403,2.3379163458085213,-0.47602937323165734,5.7468414306640625
1747536300.91002,2.368949740951748,-0.5064004093002703,5.590915679931641
1747536300.929536,2.4016617741846775,-0.5295911331627856,5.761623382568359
1747536300.9519513,2.4629186859462266,-0.5680564039550654,7.409572601318359
1747536300.971194,2.5156099178453153,-0.6043373579856499,6.56437873840332
1747536300.989235,2.565217652165615,-0.6323401614613848,5.625247955322266
1747536301.0051618,2.587075157556677,-0.6670070597469664,5.539178848266602
1747536301.03255,2.6135961905620593,-0.7240246541756724,7.8754425048828125
1747536301.0521336,2.632768607335519,-0.7571079953114339,8.428573608398438
1747536301.0746539,2.6414773299105487,-0.8349981952860723,6.718158721923828
1747536301.0922437,2.655949273611938,-0.8799234086912124,5.704164505004883
1747536301.110121,2.6660991700693084,-0.901594368894948,6.194829940795898
1747536301.1261337,2.6800126799596122,-0.930765363621502,6.135702133178711
1747536301.150058,2.7034994030779176,-0.981177880532456,6.131410598754883
1747536301.1701598,2.7165496365618687,-1.0191275261990371,6.131172180175781
1747536301.190063,2.720644846886215,-1.0531221977004663,5.918264389038086
1747536301.210086,2.7217083953961954,-1.1050638321960515,5.972146987915039
1747536301.2258704,2.703587542339633,-1.127540884568609,5.80143928527832
1747536301.2466946,2.6814652230722724,-1.1605027493724815,7.117271423339844
1747536301.2662807,2.675654972866754,-1.1918284009416882,7.01141357421875
1747536301.2903156,2.680727345155466,-1.2552791037621143,5.750417709350586
1747536301.310243,2.6800560869008465,-1.2966382482686771,5.352020263671875
1747536301.3257096,2.6738513337223737,-1.3265551670012077,5.789279937744141
1747536301.3505695,2.6567321405906608,-1.4071139336141176,6.0787200927734375
1747536301.3771586,2.646076763997686,-1.4561323586469015,6.454944610595703
1747536301.3927402,2.64957274920818,-1.4991329770513457,5.054950714111328
1747536301.4085689,2.666388387249024,-1.5689727175025272,4.723310470581055
1747536301.432369,2.6672938414215976,-1.6188452136749791,5.356311798095703
1747536301.4486299,2.666825745168773,-1.6572721197432145,4.906415939331055
1747536301.4724476,2.678715929606088,-1.7189306136789624,5.713701248168945
1747536301.49335,2.68466102493869,-1.7678632932567413,5.944490432739258
1747536301.512691,2.692933012278598,-1.8070714661001235,6.344795227050781
1747536301.5384681,2.6931112040048015,-1.853166545083969,5.913734436035156
1747536301.5563712,2.68820035698556,-1.8810837261116184,5.639076232910156
1747536301.5773675,2.682483868948078,-1.9163636664206418,5.7430267333984375
1747536301.594127,2.680182477361939,-1.948385060789179,5.706787109375
1747536301.609085,2.6808177750116604,-1.978411019281908,5.377292633056641
1747536301.6260276,2.6695239005924853,-2.0376851910961746,5.810260772705078
1747536301.6438434,2.6613546892240185,-2.08440895705052,4.920482635498047
1747536301.6666696,2.6556928477069857,-2.128335919824084,6.658792495727539
1747536301.6858323,2.6526895686553758,-2.164113344887828,6.490230560302734
1747536301.705013,2.655485181252535,-2.217630425634771,5.766868591308594
1747536301.7247465,2.642204632235176,-2.2688289569731257,5.425214767456055
1747536301.7517614,2.6357059364033697,-2.3222864431139736,7.345676422119141
1747536301.7796514,2.628666044292095,-2.3640917468657467,6.32786750793457
1747536301.7955894,2.6130341902029435,-2.4145762412691054,4.845619201660156
1747536301.810589,2.607605877382042,-2.4346515004405767,4.959583282470703
1747536301.8293571,2.5557376750272827,-2.4927564522558914,5.306482315063477
1747536301.845788,2.5348297288702617,-2.520816063656146,5.660057067871094
1747536301.8639958,2.5224257497909406,-2.569010577016351,4.861593246459961
1747536301.8840613,2.5167651474320265,-2.6145415422470024,4.9648284912109375
1747536301.9037497,2.5174237848245373,-2.6657868170770413,4.773616790771484
1747536301.9295006,2.515745568803105,-2.716993678018207,6.014108657836914
1747536301.949522,2.5104318749774652,-2.752551209330195,5.804300308227539
1747536301.9705772,2.5225319000409234,-2.8139803039355753,7.043123245239258
1747536301.9891143,2.5229499823685915,-2.8675041138169752,5.402326583862305
1747536302.0061085,2.519713937373619,-2.908113109865171,4.792928695678711
1747536302.149756,2.6955623787003993,-3.3059193162890472,6.002902984619141
1747536302.1681795,2.7527036691097613,-3.3649713492825404,5.895853042602539
1747536302.1902173,2.800118062775771,-3.4252945355933044,5.049228668212891
1747536302.2076259,2.8213000782647115,-3.4539491266480957,5.276203155517578
1747536302.2253804,2.8642600009136068,-3.5055348392373955,6.076335906982422
1747536302.2464356,2.9096972396636427,-3.549745879583756,5.096197128295898
1747536302.2696705,2.950763761871574,-3.5943412244923145,5.810737609863281
1747536302.2918444,3.002489977524432,-3.643199287543862,6.981849670410156
1747536302.312178,3.0451265288899814,-3.6818492616717156,5.552768707275391
1747536302.3291478,3.064210159386579,-3.7059730474256507,5.429506301879883
1747536302.34633,3.1569978674693844,-3.7671308479164187,5.304813385009766
1747536302.3683023,3.2175346086610492,-3.81611526264288,4.7626495361328125
1747536302.389466,3.2435110516181536,-3.8482117140085697,5.476474761962891
1747536302.4042525,3.256015061848661,-3.861485594363989,5.0106048583984375
1747536302.4288664,3.316865028559007,-3.913622314419656,4.918813705444336
1747536302.4520185,3.3564442539037667,-3.94042598511684,7.152080535888672
1747536302.4685316,3.388200829092148,-3.958502959748391,4.606723785400391
1747536302.4879324,3.506024636007063,-3.9935326942405758,4.598855972290039
1747536302.5087752,3.5924844875567947,-4.033465416766477,4.7016143798828125
1747536302.5261526,3.620535038893229,-4.049180194257628,6.038665771484375
1747536302.5455709,3.693505378972716,-4.085027185506852,4.771709442138672
1747536302.5641265,3.723868784837503,-4.10625068056723,4.699230194091797
1747536302.5899081,3.749995507200702,-4.125498352179255,4.578113555908203
1747536302.608325,3.8389089365265114,-4.159970976022058,4.666328430175781
1747536302.6292467,3.8974934729295696,-4.1908322958206865,4.860639572143555
1747536302.6446192,3.920516357285229,-4.213100947261598,4.901409149169922
1747536302.6698248,3.950681504754867,-4.24366688339341,5.12242317199707
1747536302.6885386,3.996139151295692,-4.27473860861249,4.654169082641602
1747536302.709373,4.049187822991033,-4.3214864987482695,4.593372344970703
1747536302.729711,4.079387989829102,-4.363062131238274,4.621267318725586
1747536302.7569184,4.144700620608916,-4.404366981647725,6.587505340576172
1747536302.7731354,4.186680066360316,-4.447583833138942,5.328655242919922
1747536302.789333,4.208113451219551,-4.481798025084014,4.946708679199219
1747536302.8061485,4.2492488173874,-4.516042181897322,4.644632339477539
1747536302.8294141,4.288092107872406,-4.5669739919148755,4.700183868408203
1747536302.8500364,4.3069158406052725,-4.6070989169248575,5.991220474243164
1747536302.8771803,4.376758828031261,-4.6478000648925475,7.144927978515625
1747536302.90342,4.406608544069206,-4.669161056764631,6.495952606201172
1747536302.9202065,4.426628626692939,-4.696231971093903,5.394220352172852
1747536302.9408975,4.489876107863273,-4.733661797694177,5.59687614440918
1747536302.9600563,4.5233313535944255,-4.768844228756772,7.189035415649414
1747536302.9799216,4.542004476138088,-4.800330161310413,6.815433502197266
1747536302.9970675,4.579376778028329,-4.870612139568135,5.582332611083984
1747536303.0131376,4.59680144365575,-4.915158446026483,5.523204803466797
1747536303.031889,4.604332769694677,-4.963825902810079,5.592107772827148
1747536303.0514946,4.638487083886156,-5.008428249985402,6.015539169311523
1747536303.069076,4.654421516288954,-5.064319060394875,5.148410797119141
1747536303.089468,4.66166024454889,-5.107615290196782,5.168676376342773
1747536303.1083114,4.686314889331306,-5.141883449244768,8.318662643432617
1747536303.135554,4.697992218987118,-5.184122377085427,8.643150329589844
1747536303.154795,4.698845473026012,-5.227632284389167,7.063627243041992
1747536303.175108,4.715034637358846,-5.278126548039765,7.623910903930664
1747536303.198486,4.72090046045964,-5.312541232157683,9.201765060424805
1747536303.2208369,4.719651879326321,-5.346487507820644,6.807565689086914
1747536303.2432628,4.720040340216644,-5.385586245832381,5.658388137817383
1747536303.2593064,4.713289531179901,-5.4228799023436745,5.783319473266602
1747536303.2752519,4.707352326879831,-5.4699872534144705,7.393836975097656
1747536303.295514,4.70272923906928,-5.524545898545111,6.488561630249023
1747536303.3126867,4.7046290630216445,-5.569446003279536,6.842613220214844
1747536303.3275464,4.690014524557343,-5.614161044680198,5.680561065673828
1747536303.3447955,4.673100020158232,-5.646487016719242,5.773067474365234
1747536303.3663607,4.665731473298115,-5.684988694885327,7.321596145629883
1747536303.3891919,4.645642263373397,-5.728531518578751,5.660533905029297
1747536303.4094317,4.632833301817246,-5.754562712730421,5.720376968383789
1747536303.4307327,4.618667857939473,-5.7803771489911755,6.193637847900391
1747536303.4510524,4.608950395620521,-5.798029471230117,6.79779052734375
1747536303.4714985,4.600490278234858,-5.813272948602644,6.68025016784668
1747536303.4962487,4.571558511713862,-5.837022163315355,7.359027862548828
1747536303.512868,4.549905066514179,-5.862853623383535,5.7392120361328125
1747536303.5316439,4.534239467221233,-5.880203276985256,7.790088653564453
1747536303.5493948,4.523002167667196,-5.898823109841249,5.495786666870117
1747536303.5777981,4.506973264187101,-5.917824544382513,8.682489395141602
1747536303.5951483,4.492829281344686,-5.935708917018896,5.589485168457031
1747536303.6162763,4.475441063489107,-5.955563317007823,9.676218032836914
1747536303.6345024,4.4670304541865375,-5.9605852273660425,7.202625274658203
1747536303.6508253,4.452215432036815,-5.971308306946775,5.57708740234375
1747536303.6714404,4.43888813642741,-5.983315583797404,7.631778717041016
1747536303.6937823,4.421287014615675,-5.99652944311899,7.328033447265625
1747536303.7105658,4.407076323745881,-6.005680489729916,6.53386116027832
1747536303.732197,4.390614760520308,-6.023013866112278,7.8563690185546875
1747536303.7495325,4.375828962521004,-6.037678731618055,5.449056625366211
1747536303.7681012,4.378017033688069,-6.053330651862362,5.45501708984375
1747536303.7894866,4.369093362548537,-6.075607959439463,5.4950714111328125
1747536303.809427,4.356565176352071,-6.093284363623905,5.712270736694336
1747536303.827079,4.330632875622916,-6.1105508768571815,5.606174468994141
1747536303.846031,4.299048474174499,-6.133735601727543,5.686283111572266
1747536303.8712192,4.2659111852768365,-6.158729221970937,6.7424774169921875
1747536303.890769,4.25184009669861,-6.188304073436067,5.789995193481445
1747536303.9128854,4.240599438312627,-6.210519132777055,8.658885955810547
1747536303.9373145,4.223966902874587,-6.229938736604402,9.363412857055664
1747536303.9623911,4.206755395363138,-6.243462696459147,9.592056274414062
1747536303.9872153,4.189654953221577,-6.254095326808831,6.107330322265625
1747536304.0045104,4.168471051203963,-6.265773019675499,6.023168563842773
1747536304.0204191,4.131556436886382,-6.267931449156487,6.136178970336914
1747536304.037398,4.107606858292907,-6.2707181322941405,6.407022476196289
1747536304.0542893,4.0746322560262245,-6.283022444951899,7.026910781860352
1747536304.0724375,4.054397465957765,-6.288296070180518,7.66444206237793
1747536304.1010947,4.034448782555131,-6.2968862912362935,12.601613998413086
1747536304.1243563,3.983729540423389,-6.318426038186085,6.644248962402344
1747536304.1543925,3.93871403629622,-6.339778143650957,9.530782699584961
1747536304.1776652,3.9081130388516647,-6.351128755777321,8.18943977355957
1747536304.198047,3.859450652283032,-6.354260680553021,7.719278335571289
1747536304.2127924,3.8377424731090395,-6.356814470823876,6.045818328857422
1747536304.2295415,3.8228512772917798,-6.3528814283156025,5.884647369384766
1747536304.2484536,3.8081881858182984,-6.362913072762443,5.88679313659668
1747536304.264817,3.7886895098667,-6.370743294253813,5.791425704956055
1747536304.2896016,3.7556410864452783,-6.383522577967019,5.886077880859375
1747536304.313045,3.690157656844993,-6.383399155371679,6.074190139770508
1747536304.3308427,3.659808264164409,-6.379817784736518,6.38580322265625
1747536304.346554,3.6410719879380515,-6.379401641137428,5.49769401550293
1747536304.3641076,3.623821494149431,-6.381050953498041,5.458354949951172
1747536304.384711,3.5616293789207614,-6.3791520999186275,5.527973175048828
1747536304.4095972,3.481843364225341,-6.383671686212817,5.760431289672852
1747536304.4329906,3.424577537406887,-6.391386703221276,7.748842239379883
1747536304.454239,3.3737780744027606,-6.381872971275947,6.421089172363281
1747536304.4714293,3.3202469188646595,-6.378469926293652,5.87010383605957
1747536304.4892616,3.273495224034321,-6.380554820877121,5.521059036254883
1747536304.5078359,3.231478836016375,-6.378138218686289,5.141973495483398
1747536304.535087,3.1848502539475056,-6.376420786423036,7.3184967041015625
1747536304.5590382,3.1500918621167897,-6.378396429328114,7.863759994506836
1747536304.58633,3.0731517244609234,-6.373460887386784,6.459474563598633
1747536304.610268,3.0478478176552897,-6.369222622709566,7.301568984985352
1747536304.6266387,3.010462015580626,-6.363477506418824,4.972696304321289
1747536304.6443255,2.9951656372904045,-6.349671559331589,5.209445953369141
1747536304.6720176,2.9829365132437635,-6.338151971231535,7.941484451293945
1747536304.6900852,2.9956885150016768,-6.325138650440014,5.832433700561523
1747536304.7069795,2.9219806090459426,-6.32416762044495,5.082607269287109
1747536304.7291217,2.8687569028639417,-6.320715459548868,5.078792572021484
1747536304.7495897,2.8395063115643255,-6.324566206366161,5.705595016479492
1747536304.7693064,2.821148469151619,-6.327613875388315,5.429267883300781
1747536304.7900846,2.781309278122043,-6.335521157876628,5.038261413574219
1747536304.809917,2.736268511824214,-6.346205018946495,5.684852600097656
1747536304.830848,2.70825987343765,-6.356585823909944,6.691455841064453
1747536304.848803,2.656064702952588,-6.362867286066319,4.998683929443359
1747536304.8672562,2.623203713167437,-6.372444461293726,5.393028259277344
1747536304.8901892,2.575084708792729,-6.384584970782833,5.886554718017578
1747536304.9139957,2.520151524681842,-6.394386899026426,7.242441177368164
1747536304.9389806,2.465403583511235,-6.408049088903827,5.330801010131836
1747536304.9541419,2.4175253706450066,-6.425692341965107,4.980802536010742
1747536304.9693074,2.345634994628874,-6.444318658428784,4.960060119628906
1747536304.9894166,2.2868447002835124,-6.460538949669599,4.941225051879883
1747536305.008998,2.2367748756458012,-6.472607522190879,5.189180374145508
1747536305.0271869,2.212720166931632,-6.479514859793536,4.894495010375977
1747536305.0492892,2.1380172613613038,-6.497348072500177,5.059003829956055
1747536305.073036,2.0764864735103052,-6.507315001406777,7.653713226318359
1747536305.0970623,2.0259069032134476,-6.511779492506694,7.697582244873047
1747536305.1142595,1.9699530404118175,-6.522976008543742,5.136966705322266
1747536305.1337903,1.9141045667074996,-6.5310274581143,5.632638931274414
1747536305.1478558,1.847856048075243,-6.5398366718207495,4.885673522949219
1747536305.1645637,1.7853681240579637,-6.554811733443559,4.881620407104492
1747536305.1897843,1.722702217657412,-6.562135591447939,5.765438079833984
1747536305.205744,1.6989537564109534,-6.562374641943676,5.312204360961914
1747536305.223796,1.6587604936197538,-6.5650407933591,4.871129989624023
1747536305.2440054,1.5931443805617351,-6.576030900018874,4.816293716430664
1747536305.2691762,1.5199322510158852,-6.580546926600292,5.462408065795898
1747536305.2888238,1.476976703399634,-6.582430455441654,5.0201416015625
1747536305.3091197,1.405092644981889,-6.572715732006395,5.143404006958008
1747536305.332167,1.3407321856875352,-6.567180761371839,5.1422119140625
1747536305.3519475,1.2491326834262344,-6.562865023663329,6.099939346313477
1747536305.3724844,1.1761693940267146,-6.5730331315261745,5.54347038269043
1747536305.3893676,1.1043648637659822,-6.573842044521432,4.803180694580078
1747536305.4089115,1.0588616840007574,-6.572453653509343,4.854440689086914
1747536305.4250305,0.9794619375934663,-6.546631855681191,4.909276962280273
1747536305.4508457,0.8993317302844568,-6.525576795294356,5.588293075561523
1747536305.4665263,0.8617812512927215,-6.5183086797555765,4.895448684692383
1747536305.4840553,0.8145543568146572,-6.512968675751828,4.942417144775391
1747536305.5091782,0.730704081428298,-6.496647395164663,5.20634651184082
1747536305.5328758,0.6635877684876904,-6.479957274823109,5.91588020324707
1747536305.5547884,0.6088838333605169,-6.4708557540560605,7.109403610229492
1747536305.5724838,0.5601844062274816,-6.469058213534511,5.9185028076171875
1747536305.595054,0.5008494667074516,-6.440829887492376,6.846189498901367
1747536305.6102397,0.4210565362880134,-6.4150585513738685,4.999399185180664
1747536305.6289697,0.3591060987971764,-6.400393551373848,5.265235900878906
1747536305.648736,0.3057422169878538,-6.3877706650370865,5.206823348999023
1747536305.668779,0.2428061216561022,-6.366538104439856,5.346775054931641
1747536305.6891367,0.1789547356683197,-6.342429181033617,5.367040634155273
1747536305.704093,0.13208443513230486,-6.329698034827907,5.167961120605469
1747536305.7292356,0.07726642702481301,-6.27175061012655,5.323648452758789
1747536305.7502477,0.03173148500728436,-6.236495300882966,6.350994110107422
1747536305.7695928,-0.018122694769336867,-6.213492500868936,5.516290664672852
1747536305.790082,0.07826185795579994,-6.17350326702211,5.706310272216797
1747536305.811432,0.07479914644893322,-6.144772726728585,6.011009216308594
1747536305.8301618,0.04300303850198201,-6.105535059708162,5.686521530151367
1747536305.8495414,0.010400452345860515,-6.0785454513556205,5.65338134765625
1747536305.8696175,0.020190628255518143,-6.027363489431952,5.598783493041992
1747536305.8888605,0.0035481774959389397,-5.984191030959836,5.433082580566406
1747536305.9095259,-0.025440482151144857,-5.947184236628767,5.769491195678711
1747536305.9324675,-0.03704733310053784,-5.889282371969466,5.865812301635742
1747536305.950632,-0.03360171479267148,-5.851910973621405,6.556987762451172
1747536305.9723377,-0.038353967874711875,-5.815597968470266,6.01649284362793
1747536305.9927092,-0.0031133898655919478,-5.75905080229804,7.58814811706543
1747536306.010952,-0.027891584351732515,-5.705111106516315,6.508588790893555
1747536306.0301688,-0.058700077893384495,-5.67216070222714,6.072759628295898
1747536306.0500145,-0.08852013849298064,-5.611221989054629,6.260871887207031
1747536306.0712388,-0.11901594995424263,-5.568633252688548,7.256507873535156
1747536306.0899394,-0.1433294427025383,-5.528226224075258,6.224393844604492
1747536306.106949,-0.1386447005501539,-5.494018309471808,6.711721420288086
1747536306.12797,-0.20352026773564247,-5.443918681377805,5.933523178100586
1747536306.1499202,-0.25450670698307903,-5.385434385929145,6.133079528808594
1747536306.1682544,-0.27585171134561454,-5.34916016844331,6.060600280761719
1747536306.1898468,-0.34414812119946797,-5.27713031114668,6.283998489379883
1747536306.2095282,-0.39122517954186875,-5.221415084379537,6.003141403198242
1747536306.2295206,-0.4190158122559604,-5.183674243710852,6.115436553955078
1747536306.249659,-0.47220573963875473,-5.117020928422176,5.703210830688477
1747536306.2696264,-0.5024867413057872,-5.078476137967235,5.766868591308594
1747536306.291047,-0.5431013277160699,-5.022489581667725,6.835699081420898
1747536306.3118055,-0.606965314131392,-4.9637751025616925,7.12275505065918
1747536306.3317318,-0.6643768652638656,-4.900040899268413,5.928754806518555
1747536306.3500671,-0.6934769930184018,-4.848020970050365,5.707263946533203
1747536306.3691204,-0.7082146762389822,-4.806690724061464,5.531549453735352
1747536306.385232,-0.775213069104418,-4.762573231781487,5.254268646240234
1747536306.4102628,-0.8290716835659528,-4.708813441776649,6.628751754760742
1747536306.4331985,-0.8624139316497201,-4.665008210801981,8.870840072631836
1747536306.4512699,-0.9441234598127287,-4.62439719789614,6.205320358276367
1747536306.4689646,-1.0023678069227324,-4.570381339662594,5.133628845214844
1747536306.4858668,-1.0179107841719817,-4.548861383049416,5.021333694458008
1747536306.5093105,-1.1319986008487724,-4.464629346876587,4.77290153503418
1747536306.529518,-1.17602725414716,-4.4095014522648475,4.694223403930664
1747536306.5477629,-1.1906681923322233,-4.3711952080751155,6.304502487182617
1747536306.5775394,-1.2862953490464835,-4.291973886618755,8.684873580932617
1747536306.5930471,-1.3194785929760522,-4.247262079329756,5.176782608032227
1747536306.6085408,-1.3501793113557028,-4.173328723867598,4.669427871704102
1747536306.6298192,-1.364511656993091,-4.127433005755788,6.330013275146484
1747536306.6488125,-1.4191715290264255,-4.057570021848904,4.758119583129883
1747536306.6683025,-1.4358010351163326,-4.002280389980558,4.675388336181641
1747536306.6865914,-1.4467827627910301,-3.947388103564746,4.923343658447266
1747536306.708516,-1.5147999021271479,-3.8768672785482625,4.703521728515625
1747536306.7265508,-1.5382754146952446,-3.8274478264101948,4.608392715454102
1747536306.7485254,-1.549885563400123,-3.754366954135779,4.680871963500977
1747536306.768233,-1.5833877908971146,-3.691484209006662,4.738807678222656
1747536306.7891002,-1.5962797707445842,-3.6237535432731263,4.877805709838867
1747536306.808544,-1.6053158190650303,-3.5594604021928586,4.832029342651367
1747536306.833218,-1.614641352593391,-3.495125918261851,8.183717727661133
1747536306.8518686,-1.6179263791874536,-3.421928945095,6.3610076904296875
1747536306.8685653,-1.6210040400435186,-3.3547666787889336,4.730463027954102
1747536306.8887773,-1.629990439006013,-3.293168825743654,4.87828254699707
1747536306.9099782,-1.6400654209424632,-3.234169369753871,6.152629852294922
1747536306.9334228,-1.660083343800832,-3.1748889317173847,7.067680358886719
1747536306.9478326,-1.6712666150486437,-3.103164480506784,4.9037933349609375
1747536306.9701037,-1.680477509501268,-3.0377822828843133,5.626916885375977
1747536306.990108,-1.6915521153831774,-2.981589590956724,6.181955337524414
1747536307.0107925,-1.6850814328065424,-2.906860195650294,5.041360855102539
1747536307.0301962,-1.6818240333245267,-2.848589882861433,5.7582855224609375
1747536307.1705763,-1.5741956666658203,-2.3795826198425525,5.05518913269043
1747536307.1855283,-1.5693310574273,-2.3478424506408695,4.982233047485352
1747536307.2098753,-1.5405299815353448,-2.2608495375279754,5.774736404418945
1747536307.2302654,-1.5292872739589438,-2.1964461428747746,5.934476852416992
1747536307.2571602,-1.52592188372197,-2.1294297645797795,8.18181037902832
1747536307.2740908,-1.4750962704428745,-2.044867874146226,7.374763488769531
1747536307.2892945,-1.45126036532167,-1.99437185421841,4.873037338256836
1747536307.307879,-1.4370167504844409,-1.9323076090341238,5.094289779663086
1747536307.3254027,-1.3863001185646335,-1.8641368134229321,5.818367004394531
1747536307.3490684,-1.3564933820440996,-1.7724035494521384,5.3005218505859375
1747536307.3734467,-1.3385974813574593,-1.7016298041938833,7.941007614135742
1747536307.3871741,-1.3301220663333218,-1.6654871848004484,5.069971084594727
1747536307.4039435,-1.274752200628448,-1.5959571005181867,5.106687545776367
1747536307.4348183,-1.2249435574605108,-1.514758932992123,8.607149124145508
1747536307.4582725,-1.2006659549482932,-1.467026517814179,8.954763412475586
1747536307.4748573,-1.1537262623090978,-1.4211486666988458,5.452156066894531
1747536307.4900334,-1.1169378756211983,-1.3513266888513982,5.190134048461914
1747536307.510771,-1.0899414810969947,-1.3044160933617903,6.065845489501953
1747536307.5325618,-1.0511933937388847,-1.2388021195169807,5.635976791381836
1747536307.549386,-1.014605159813664,-1.1763348779032676,5.554437637329102
1747536307.5645647,-0.9914942438174698,-1.1316003373690093,5.477666854858398
1747536307.5943935,-0.8896094287895869,-1.0480593697260525,6.737232208251953
1747536307.6112874,-0.8530474241049125,-0.9935402759673793,6.369829177856445
1747536307.6322472,-0.8254039967060548,-0.9433418554078672,7.037878036499023
1747536307.6595175,-0.7689480228434147,-0.8769204816749999,6.991147994995117
1747536307.6842368,-0.7164293165835673,-0.8208858559381256,7.006645202636719
1747536307.7008362,-0.6711744489431714,-0.7758631659535675,6.241559982299805
1747536307.7181008,-0.6470075942767646,-0.7482441907519146,7.956266403198242
1747536307.7367656,-0.5862354661389235,-0.683084713713869,8.342266082763672
1747536307.7525153,-0.5504483813979161,-0.6436750009452149,5.789995193481445
1747536307.76996,-0.4999778596093827,-0.5988115486116289,5.552530288696289
1747536307.7899384,-0.45007516304106726,-0.5398749298725269,5.881309509277344
1747536307.8074343,-0.41626862048437113,-0.5007032974665914,5.378246307373047
1747536307.824546,-0.35997803708350656,-0.4566331374408274,5.516767501831055
1747536307.8503544,-0.26105250067963576,-0.3851814865534709,6.079673767089844
1747536307.8745818,-0.19893447900289907,-0.34067442370845097,7.235050201416016
1747536307.9000487,-0.1513278598470198,-0.30757185243455915,6.491184234619141
1747536307.923055,-0.09238813656666203,-0.263373715589443,6.654024124145508
1747536307.9469392,-0.009227603050010332,-0.21578801169053946,5.800962448120117
1747536307.9682157,0.03482411751498025,-0.19183928694428523,6.7596435546875
1747536307.989097,0.08665299918240058,-0.14858085616526243,5.899667739868164
1747536308.0066178,0.13941393846608782,-0.11454794001985444,4.996299743652344
1747536308.0254326,0.1877382916439144,-0.08262163986640571,6.026029586791992
1747536308.0507476,0.2450578731245256,-0.03452352944598119,5.240917205810547
1747536308.070879,0.3043330890360868,-0.007812799113217276,5.072116851806641
1747536308.0857396,0.3920311412769888,0.018364746341503476,5.220651626586914
1747536308.1053486,0.472711453639003,0.039615552142526,6.081342697143555
1747536308.1295872,0.5014146931320255,0.06278971923962275,5.959987640380859
1747536308.1493225,0.4988423973198889,0.06763398920680151,5.507946014404297
1747536308.1694994,0.49600567739952656,0.07318970756861672,5.050182342529297
1747536308.1892772,0.552932348716233,0.10636899929645925,4.888296127319336
1747536308.2126517,0.5883900563179311,0.13367453793708947,6.418704986572266
1747536308.235046,0.617817908493831,0.1497391097062853,7.61866569519043
1747536308.2511058,0.6268131276918719,0.16481260134513148,4.838466644287109
1747536308.2724273,0.658188423455092,0.18620387700031735,6.988763809204102
1747536308.2935987,0.7360383514930696,0.17399602338707176,5.921840667724609
1747536308.3087337,0.8040268672704332,0.16727748312429921,4.795551300048828
1747536308.3236654,0.8341824584529467,0.1650153393064911,4.5948028564453125
1747536308.3457694,0.9644517213016555,0.1679231412359487,6.923198699951172
1747536308.3693154,1.0526454816272177,0.16199604086959377,5.300760269165039
1747536308.388848,1.08587111301221,0.15893348947427446,5.341291427612305
1747536308.4053452,1.12719786643461,0.15862348942718735,5.6056976318359375
1747536308.4240587,1.2479583976010171,0.1534559985884352,5.188703536987305
1747536308.449504,1.3234618170575991,0.14126000144601253,4.934072494506836
1747536308.4697826,1.402756651646139,0.12341520969429445,4.661083221435547
1747536308.486811,1.4661881291582417,0.10528709142589412,5.804777145385742
1747536308.503735,1.532394943782222,0.0942545833919886,4.525899887084961
1747536308.5282164,1.591109445289947,0.08205289972793406,4.515886306762695
1747536308.5497968,1.6525380043607725,0.05724926107828542,5.842447280883789
1747536308.569371,1.70415504214483,0.03633240896083676,4.922389984130859
1747536308.5895436,1.7490768798039804,0.02242793071741091,5.919694900512695
1747536308.608917,1.7976442534219343,-0.008747730042046015,4.743337631225586
1747536308.6293783,1.8475820635370257,-0.03160959935441996,4.822254180908203
1747536308.6485271,1.919280316000001,-0.049971153182380865,4.636049270629883
1747536308.670658,1.9138909472524597,-0.0893185005337482,5.6285858154296875
1747536308.6902423,1.9028265996766762,-0.11788233050508742,4.998207092285156
1747536308.7062418,1.8966684662466509,-0.13704073323598673,4.781961441040039
1747536308.7284489,1.9095407026937752,-0.161224653342972,4.736423492431641
1747536308.7488728,1.9609328204893561,-0.20445507840938257,4.955291748046875
1747536308.7705438,2.0042564847044746,-0.23372847772088287,5.973339080810547
1747536308.7890878,2.031476151391945,-0.2517990162517862,4.910945892333984
1747536308.8088207,2.1158629890861937,-0.2722196072244054,4.997014999389648
1747536308.829159,2.1976580313077667,-0.28312380581168894,5.082368850708008
1747536308.8502893,2.254681054265966,-0.30366705230558966,5.923271179199219
1747536308.8705947,2.2810526378350042,-0.34914454924557703,5.548238754272461
1747536308.8924272,2.315182699768184,-0.3912165975806621,8.012533187866211
1747536308.909738,2.3551279215152423,-0.4232473225090287,5.545854568481445
1747536308.931357,2.4069534977094023,-0.4675355214952507,6.430149078369141
1747536308.9458098,2.442520919217366,-0.49823500256914904,5.256175994873047
1747536308.966266,2.4808762649257807,-0.5300187583313372,5.299091339111328
1747536308.9896672,2.5266098101387127,-0.5636398010740916,5.621194839477539
1747536309.0093389,2.5538874933200164,-0.6112179482234226,5.510091781616211
1747536309.0269578,2.5655253796593533,-0.6346610074706783,5.450963973999023
1747536309.050543,2.5856548538327364,-0.6664295754399514,6.056070327758789
1747536309.0793371,2.623047823471316,-0.6902675737665459,6.967782974243164
1747536309.0973513,2.659840789561714,-0.7185908374837543,7.990360260009766
1747536309.1148424,2.719724942775262,-0.7723866603855362,8.049726486206055
1747536309.1313913,2.706585139970705,-0.7935280085680341,5.851984024047852
1747536309.1497765,2.703785125320535,-0.8324511477576225,5.744457244873047
1747536309.1704855,2.70185317896515,-0.869594078330495,5.943775177001953
1747536309.1894891,2.7019103128817683,-0.9043314220335631,5.700826644897461
1747536309.2096045,2.700466073914637,-0.9659814828466784,5.890369415283203
1747536309.2252498,2.6979722324412574,-1.0275589199880968,5.658149719238281
1747536309.2476573,2.6997645876059053,-1.0827278591243126,5.835056304931641
1747536309.2845383,2.724013401379404,-1.1561245780143887,7.50279426574707
1747536309.3065324,2.7342005363399977,-1.231214745050594,6.143808364868164
1747536309.3334994,2.740553362229273,-1.2978665540231173,7.339715957641602
1747536309.3497946,2.734164568686316,-1.3436014376704715,5.462646484375
1747536309.3690364,2.7281955194768814,-1.3885648459455553,5.247831344604492
1747536309.3845022,2.7225573016482167,-1.4138286005134093,5.2356719970703125
1747536309.4086707,2.725084888705233,-1.4784175453303856,4.708528518676758
1747536309.4280791,2.7166514512660282,-1.5290616193278648,4.617452621459961
1747536309.44982,2.7057034715130754,-1.5780758984629202,5.941152572631836
1747536309.4640803,2.69828230412537,-1.6309014659671348,4.6329498291015625
1747536309.4891057,2.6900193991402084,-1.6900111080895548,5.307674407958984
1747536309.50357,2.6867046510177692,-1.7202743052107226,4.661321640014648
1747536309.5305557,2.655553352118505,-1.7845540076776443,6.986856460571289
1747536309.5463128,2.639745253578292,-1.8193963368974084,4.856109619140625
1747536309.5701883,2.6261675749583846,-1.8716108936752378,4.838705062866211
1747536309.5853186,2.6114927622941426,-1.9291817388629953,4.833221435546875
1747536309.6094596,2.6002848563109873,-1.9842015987081565,5.571842193603516
1747536309.626172,2.597713972536992,-2.0128548046849284,5.708217620849609
1747536309.6528172,2.5862700477086844,-2.0578649140518688,7.359504699707031
1747536309.6696217,2.5882134269741255,-2.0852315146057263,5.873680114746094
1747536309.6904895,2.582654918169688,-2.132630160499136,4.911899566650391
1747536309.7057712,2.580903963408514,-2.1639952670001223,4.92095947265625
1747536309.726395,2.5775877673416003,-2.2028026994371017,6.002902984619141
1747536309.7517862,2.550639521005002,-2.278094777631875,6.116628646850586
1747536309.7743487,2.5515495790278537,-2.335384146500076,6.305932998657227
1747536309.798513,2.4586973765988653,-2.3765638828880844,6.801366806030273
1747536309.819734,2.413840075546509,-2.4141693264311312,6.033658981323242
1747536309.8377829,2.3871405133570356,-2.4723446156802247,7.430553436279297
1747536309.8543954,2.3896858588381047,-2.5179017265741552,4.77910041809082
1747536309.8689141,2.394552498470495,-2.569266292055228,5.310297012329102
1747536309.8852289,2.3977725949470043,-2.6182353855264755,4.826784133911133
1747536309.9084582,2.4002303405347676,-2.6737403015060033,4.878044128417969
1747536309.9381423,2.4024539278983172,-2.705325030258788,10.123014450073242
1747536309.9542415,2.421484022313371,-2.7556515859764725,4.973649978637695
1747536309.9717057,2.42318897689834,-2.818015088488836,6.058931350708008
1747536309.9893181,2.3999463492137787,-2.887274675611694,5.520343780517578
1747536310.0035079,2.3626356794887293,-2.925408834789024,4.723072052001953
1747536310.0291083,2.3861701203574386,-3.0031635191618893,4.8828125
1747536310.046012,2.390504898884671,-3.049618133275535,6.648063659667969
1747536310.0639095,2.3945362809868267,-3.0971032191613013,4.843235015869141
1747536310.089548,2.456294093092463,-3.1659173767578586,5.734920501708984
1747536310.1092815,2.4951728163772096,-3.218715281890702,5.492448806762695
1747536310.124571,2.5153383317021643,-3.2577080679085424,5.000591278076172
1747536310.145234,2.5890904482256674,-3.3058304347654026,5.9795379638671875
1747536310.1702504,2.6612653612803006,-3.3562510905476324,5.80143928527832
1747536310.1908019,2.695876228206929,-3.3773088978780827,6.103515625
1747536310.2113488,2.7735427111595734,-3.4319600316065344,6.0138702392578125
1747536310.2324123,2.8483070998944,-3.47995321085258,6.791591644287109
1747536310.2521348,2.908949401421937,-3.5132382058773137,5.83338737487793
1747536310.2666008,2.9436864350121774,-3.531085932240251,4.949092864990234
1747536310.2898006,2.991163960760853,-3.59707462761909,5.628824234008789
1747536310.3103974,3.0249308091915563,-3.6414715123463366,4.951953887939453
1747536310.3308506,3.0462614862783686,-3.673421860945282,5.691289901733398
1747536310.3487425,3.0901290279435525,-3.734109345972845,5.115270614624023
1747536310.3685036,3.121669102157451,-3.7730798465660516,4.839420318603516
1747536310.3907168,3.1558378682451216,-3.8057605482951518,6.969690322875977
1747536310.4095542,3.242571522339964,-3.847959659375604,5.870819091796875
1747536310.4298894,3.2952074130973648,-3.8842787499188605,9.456634521484375
1747536310.450836,3.3518770246292147,-3.9313429385306518,5.585670471191406
1747536310.471102,3.380859738833911,-4.003240907888012,5.148649215698242
1747536310.4896061,3.403259824356344,-4.057095067884982,4.498958587646484
1747536310.510394,3.4250026737067145,-4.091428844942904,5.449056625366211
1747536310.5356605,3.44584962926687,-4.11870363129612,6.307840347290039
1747536310.5531247,3.4974545945234854,-4.1726539649801255,5.65028190612793
1747536310.5704062,3.5299606247432322,-4.2203756667705115,4.832029342651367
1747536310.589333,3.547889075537786,-4.259333821676044,5.244970321655273
1747536310.60946,3.5664742865458767,-4.308966152501268,5.151987075805664
1747536310.6291087,3.5976407644680233,-4.35327572564057,4.834175109863281
1747536310.6439004,3.6191600551868124,-4.380940854651249,4.5833587646484375
1747536310.6639524,3.6431573113976667,-4.415231067119546,4.689216613769531
1747536310.6901755,3.6666400727736956,-4.478408094651552,6.152868270874023
1747536310.7097855,3.6835711399141604,-4.521840024064889,5.697488784790039
1747536310.7298286,3.6953438927088533,-4.558102012907344,5.389213562011719
1747536310.746389,3.717715705429072,-4.628187465238984,4.768133163452148
1747536310.7713778,3.739764078836643,-4.700107594166314,6.595134735107422
1747536310.7894955,3.74886939013368,-4.745985390939545,5.480051040649414
1747536310.8062265,3.741851023740828,-4.8018556356502495,5.857706069946289
1747536310.823854,3.7451674545960176,-4.860210066007961,4.790782928466797
1747536310.849245,3.750572682088333,-4.919392719857705,5.125522613525391
1747536310.869989,3.7406756495062243,-4.986511094303144,5.19251823425293
1747536310.8895898,3.7330134736766007,-5.042615473485378,5.045175552368164
1747536310.9097037,3.735081485024308,-5.099364248183076,5.67173957824707
1747536310.925299,3.728995247278675,-5.140981445786209,5.2814483642578125
1747536310.945062,3.705401845531631,-5.181251317382617,6.013393402099609
1747536310.969632,3.679447055931638,-5.227472357520709,5.447864532470703
1747536310.9862902,3.663223906370616,-5.254568544376753,5.371332168579102
1747536311.0109727,3.6499472544377642,-5.295217433948757,5.629301071166992
1747536311.0314744,3.656472829911404,-5.336529133952466,6.221294403076172
1747536311.0503364,3.6510104963371015,-5.362914183711632,6.186246871948242
1747536311.067676,3.6452923277373466,-5.376814287709478,6.112575531005859
1747536311.0917125,3.6323002816398566,-5.405848546443641,7.737636566162109
1747536311.1098754,3.6122036149390455,-5.440022904946015,5.951166152954102
1747536311.130606,3.5959370610100887,-5.467341772709941,6.640195846557617
1747536311.1453862,3.5846960378247084,-5.488828991364758,6.248950958251953
1747536311.1727352,3.5641543124040855,-5.539369942272226,7.923364639282227
1747536311.2045062,3.540290725018095,-5.577211410815575,9.015083312988281
1747536311.2320373,3.4925563581297085,-5.617923258181912,6.947755813598633
1747536311.2521381,3.4389023440702777,-5.670938223971266,5.541086196899414
1747536311.2694085,3.4024160220544513,-5.705287404283049,5.538702011108398
1747536311.2917857,3.379889520958583,-5.753226018539906,7.48133659362793
1747536311.3107097,3.357118692808325,-5.793778194295334,5.125761032104492
1747536311.3292823,3.3378603805091998,-5.819294379333708,5.150794982910156
1747536311.3492258,3.3229253924691835,-5.836168329315968,5.645036697387695
1747536311.3691604,3.287700762024857,-5.8757147977499224,5.093574523925781
1747536311.3858418,3.2503432308924785,-5.903683923593071,4.831075668334961
1747536311.4090488,3.2053471101884736,-5.935658227558942,5.009651184082031
1747536311.4287415,3.1697600804433983,-5.9801562787121965,4.90117073059082
1747536311.449948,3.1307342901136224,-6.01485755170111,6.005525588989258
1747536311.4695022,3.101157035627251,-6.037945694737825,5.702495574951172
1747536311.4942749,3.072956875242962,-6.078335451265936,8.855581283569336
1747536311.5154226,3.0465784170163013,-6.1104669752187295,6.252765655517578
1747536311.5337396,3.0314300479831995,-6.128796818598643,7.652044296264648
1747536311.5498106,2.9993310980073344,-6.165931664714427,4.769086837768555
1747536311.5657556,2.9565018853635676,-6.193505216971124,5.755186080932617
1747536311.5892172,2.9114834495968416,-6.218029409203658,5.234241485595703
1747536311.6135988,2.868779191688907,-6.234682945978579,7.491588592529297
1747536311.630573,2.812613590032734,-6.253943666282767,5.060911178588867
1747536311.650242,2.731144655698534,-6.280270902913698,6.262779235839844
1747536311.6656663,2.673579399765555,-6.293357363036122,5.65028190612793
1747536311.6851497,2.623118932489125,-6.320614474958891,5.1250457763671875
1747536311.7100768,2.5601828291757176,-6.345340263125678,6.044149398803711
1747536311.728811,2.5082358970149237,-6.358535321174589,4.894495010375977
1747536311.7500226,2.455606796091028,-6.367060659957871,6.331920623779297
1747536311.7694151,2.4041666376470294,-6.377840284542252,5.628824234008789
1747536311.7851613,2.3511366461477956,-6.38378228500391,5.204677581787109
1747536311.809905,2.26041328112953,-6.397118806258491,4.7893524169921875
1747536311.8288994,2.2055361870317327,-6.406822076566849,4.909515380859375
1747536311.848842,2.1326926993572015,-6.4129434640772045,4.787206649780273
1747536311.8721325,2.07116825785926,-6.420623259258539,6.923437118530273
1747536311.8888023,2.018177406613821,-6.422942448784134,4.828691482543945
1747536311.9069777,1.9865726934795787,-6.422204317375312,4.669904708862305
1747536311.9411752,1.9292799909250857,-6.426118972494071,5.462169647216797
1747536311.9601529,1.9125899744943962,-6.42256833241868,7.386207580566406
1747536311.9787285,1.8837550329329131,-6.415720861674548,5.8689117431640625
1747536311.9954789,1.8592043957379756,-6.41587284181191,6.654262542724609
1747536312.0104458,1.8022768011426655,-6.412789769596039,4.673004150390625
1747536312.0284796,1.7613362664468242,-6.411978246465344,4.651784896850586
1747536312.0491643,1.7153379683126353,-6.411720181921374,4.797458648681641
1747536312.2112112,1.254346615607053,-6.361982007718334,4.983425140380859
1747536312.2291589,1.1743324369081871,-6.343081699227443,4.886150360107422
1747536312.2486904,1.1116815679670125,-6.3317631255633975,4.810571670532227
1747536312.2698665,1.0596071893019312,-6.316616495170195,5.075693130493164
1747536312.288563,1.0200004322351268,-6.30559432930621,4.657268524169922
1747536312.3097126,0.981861245951942,-6.296688219262696,4.700183868408203
1747536312.3285038,0.9658876517321799,-6.290968597698658,4.748344421386719
1747536312.3482537,0.8980872775738447,-6.269427037888282,4.618167877197266
1747536312.368764,0.8462452831052594,-6.253011804274867,4.805088043212891
1747536312.3890824,0.8042613364841911,-6.243393402108707,4.809379577636719
1747536312.4098575,0.7377719841868902,-6.214698371221169,4.621028900146484
1747536312.4291954,0.6851298595254963,-6.1972963794613625,4.7760009765625
1747536312.4546876,0.6376993291465897,-6.1847013073353025,7.017374038696289
1747536312.4758837,0.573686766550159,-6.150496948123136,6.757974624633789
1747536312.4949112,0.5180275742912918,-6.124001742018598,6.5517425537109375
1747536312.513445,0.4687936598518409,-6.105257283987399,5.248308181762695
1747536312.5289166,0.44297875825779043,-6.097190242948364,5.021095275878906
1747536312.548926,0.3993652980167261,-6.082226726602406,5.111932754516602
1747536312.5722125,0.4029269406706033,-6.06266135391749,5.246400833129883
1747536312.5949156,0.3707848203831116,-6.04422538699742,7.1506500244140625
1747536312.6198547,0.3245331937540016,-6.028673099830464,9.474039077758789
1747536312.6434913,0.25866349509056036,-5.999841909555017,6.358146667480469
1747536312.6727605,0.1427989081252167,-5.960367105496193,7.5836181640625
1747536312.6914072,0.09597357407073352,-5.948461007203879,5.473613739013672
1747536312.7094884,0.03739991391239484,-5.904083809359096,5.487680435180664
1747536312.73015,-0.029730212513079987,-5.865946077787366,5.719423294067383
1747536312.7495513,-0.13891583117671547,-5.829988964256788,5.74946403503418
1747536312.7705944,-0.015914845419444323,-5.774425614260249,6.446599960327148
1747536312.7913504,-0.04110247665604157,-5.737670124080882,7.476091384887695
1747536312.8100045,-0.08536724308401059,-5.726294221848395,6.139039993286133
1747536312.8311775,-0.08254786221424919,-5.655824442905341,6.092071533203125
1747536312.8515658,-0.10243106449026734,-5.623726852621071,7.827997207641602
1747536312.8818872,-0.11774650193647715,-5.592694351604996,7.91621208190918
1747536312.9025412,-0.1395246648424926,-5.556855767793472,8.55875015258789
1747536312.920094,-0.1715840281923149,-5.518405130503491,6.35218620300293
1747536312.9384568,-0.2014741065509131,-5.472800932330898,7.363319396972656
1747536312.9548883,-0.2148173870469017,-5.442446833528513,6.210803985595703
1747536312.975017,-0.26836051177747916,-5.377763336343731,8.947372436523438
1747536312.9913385,-0.3070063925356255,-5.324468070039796,6.239414215087891
1747536313.0080855,-0.31097950730555945,-5.294396507497488,6.211042404174805
1747536313.0260956,-0.3275093849197799,-5.250950420019407,6.577014923095703
1747536313.0455477,-0.37901145546309356,-5.200935604043425,6.320953369140625
1747536313.0670712,-0.4128111771694883,-5.156092124842189,6.706476211547852
1747536313.0862057,-0.4320776813647131,-5.121256036965896,6.8187713623046875
1747536313.1317496,-0.5407159156174214,-5.018689807407828,7.25102424621582
1747536313.155341,-0.5808569270852515,-4.977061256712903,7.268428802490234
1747536313.1734962,-0.6542720956319122,-4.921236413207071,6.352424621582031
1747536313.1906652,-0.7140124495939993,-4.848977881529057,6.578683853149414
1747536313.2052157,-0.7348100848262069,-4.813968226046679,5.000829696655273
1747536313.233129,-0.8202107998895953,-4.740530501982821,7.847309112548828
1747536313.252447,-0.8535629579610539,-4.704087959015005,8.96906852722168
1747536313.2721071,-0.8907792045102926,-4.650514389397445,5.702018737792969
1747536313.291595,-0.9655379168933585,-4.5849648625826935,5.942583084106445
1747536313.3158283,-0.9992687016066949,-4.528405395844938,6.342411041259766
1747536313.3379164,-1.0195566614950193,-4.480341579821144,4.929304122924805
1747536313.3538947,-1.1033661094036542,-4.412224838431184,5.097627639770508
1747536313.3728755,-1.1508966948833772,-4.370154564780701,7.2231292724609375
1747536313.388781,-1.1886965462590124,-4.307087594890089,4.894256591796875
1747536313.4088576,-1.1973367756531408,-4.258315238395689,5.110263824462891
1747536313.4295533,-1.2735582838295862,-4.20113957794216,4.78363037109375
1747536313.449727,-1.3004043484904952,-4.14148181013218,4.967212677001953
1747536313.4685445,-1.3177194412969384,-4.078641758987732,4.835367202758789
1747536313.4894385,-1.3798756736453854,-4.030847381337561,5.169391632080078
1747536313.5084965,-1.4171591547907567,-3.9574595902904632,4.840850830078125
1747536313.5300236,-1.4329103507828505,-3.8897753844219007,5.22613525390625
1747536313.5498033,-1.5011068785733692,-3.824070541178045,4.747152328491211
1747536313.5680401,-1.5245875303038718,-3.773527719923301,4.800558090209961
1747536313.5874763,-1.536300312333133,-3.7172282890677075,4.9076080322265625
1747536313.6134033,-1.5494069197574323,-3.6352455192029187,8.065223693847656
1747536313.6301627,-1.5942752314031585,-3.5922344134042783,5.940437316894531
1747536313.649713,-1.6122682298802118,-3.5152815490489,5.881309509277344
1747536313.6696692,-1.620829728696662,-3.4534544848231183,5.810022354125977
1747536313.6899061,-1.6432489695131123,-3.3819310083612604,5.85627555847168
1747536313.710071,-1.653868633675978,-3.3119895441560345,5.740165710449219
1747536313.731172,-1.6636165409505983,-3.241409856243248,7.18379020690918
1747536313.7488809,-1.6430951291800875,-3.1715721577236176,4.935503005981445
1747536313.7686589,-1.6124620443503457,-3.099227405342062,4.931211471557617
1747536313.788744,-1.6090213228943873,-3.0322074146836293,4.985570907592773
1747536313.809959,-1.6122896735334513,-2.9461919381432478,5.77235221862793
1747536313.829515,-1.6118045203805957,-2.8913415073872644,6.514549255371094
1747536313.8511066,-1.6140354357467654,-2.823775577765674,5.7430267333984375
1747536313.8695133,-1.6228826256917026,-2.734996535769114,5.1364898681640625
1747536313.8948777,-1.6259088394514498,-2.6612185821182983,6.852865219116211
1747536313.9117858,-1.603278128233259,-2.5914664258273685,5.286693572998047
1747536313.9287984,-1.5977561951179968,-2.530174136773754,4.955768585205078
1747536313.9560397,-1.5990069373620999,-2.4728517660614497,9.303092956542969
1747536313.9741416,-1.604176833981144,-2.4292491428832883,7.3223114013671875
1747536313.9899049,-1.581048923678198,-2.349473965097898,5.624294281005859
1747536314.005889,-1.5685564765431286,-2.285879427632388,5.713224411010742
1747536314.0253484,-1.559961353698711,-2.228801513839276,6.201744079589844
1747536314.054715,-1.5220585970128793,-2.1377746853349384,9.62519645690918
1747536314.0776045,-1.50532526560674,-2.0678373744490575,6.439208984375
1747536314.097383,-1.5011743218640299,-2.004082626551246,6.952047348022461
1747536314.1115847,-1.449388075579416,-1.9339954837045643,5.246877670288086
1747536314.1284409,-1.4273054369603422,-1.8731780652911845,4.929780960083008
1747536314.148518,-1.417143677217437,-1.8092517568507367,4.9076080322265625
1747536314.169835,-1.3459174889564967,-1.7271724732713407,5.019903182983398
1747536314.1899981,-1.3012213877143846,-1.6514382476439762,6.151437759399414
1747536314.2091925,-1.2762213000150502,-1.6007467265771658,5.164384841918945
1747536314.2250664,-1.2697079935858728,-1.5721298788418605,5.667209625244141
1747536314.249537,-1.2187267981017011,-1.4848738725181396,5.406379699707031
1747536314.2670996,-1.2001732490325632,-1.4382880196648693,5.503177642822266
1747536314.2919352,-1.166742089316941,-1.3634732167578663,5.459785461425781
1747536314.3117092,-1.1352309605802018,-1.304899857765181,6.4601898193359375
1747536314.332772,-1.1113439543699108,-1.242818878896289,8.060693740844727
1747536314.3496172,-1.087129596788486,-1.1897946341863164,5.532264709472656
1747536314.369402,-1.0184426756765774,-1.1228045413208678,5.723476409912109
1747536314.386256,-0.9684050854457917,-1.0697636620685174,5.925416946411133
1747536314.4062326,-0.9286339540549824,-1.0221483585799513,6.506204605102539
1747536314.4255967,-0.8968485092732775,-0.9802112035748971,6.470441818237305
1747536314.4459279,-0.8351356346675914,-0.9015573536320174,6.7195892333984375
1747536314.4661899,-0.7969451693563886,-0.8434389932414251,6.41632080078125
1747536314.493027,-0.7538260620630781,-0.7703070480179969,7.288455963134766
1747536314.5136094,-0.7080661894077505,-0.7242404258642313,6.379604339599609
1747536314.5322793,-0.6709696555802599,-0.6907445010804637,7.3871612548828125
1747536314.5604274,-0.6340599130069381,-0.6592769879797573,8.682727813720703
1747536314.5807698,-0.554627101117672,-0.5806161243324307,6.005287170410156
1747536314.5954764,-0.5031926930513939,-0.5268661912453632,5.94329833984375
1747536314.6095893,-0.4661519268319261,-0.48888123727296245,5.561113357543945
1747536314.6292896,-0.4061813375459341,-0.42903160837782406,5.385160446166992
1747536314.6491845,-0.35482639857373666,-0.3852685714681456,5.480051040649414
1747536314.6641154,-0.32529062036954465,-0.3589003940577665,5.300045013427734
1747536314.6877143,-0.28720724118402247,-0.32995105161853633,5.385875701904297
1747536314.7092276,-0.19170678662168647,-0.2756226761485972,5.603313446044922
1747536314.7289793,-0.11430041921777899,-0.24369676136402804,5.409002304077148
1747536314.7498167,-0.06979626667435965,-0.22487084920893793,5.442619323730469
1747536314.7692428,0.010898035789463424,-0.17045680568887525,5.305290222167969
1747536314.7917438,0.07541712826183827,-0.129182520980187,7.4825286865234375
1747536314.811597,0.11906915523423714,-0.09466564003001056,6.473302841186523
1747536314.8291883,0.18474254361282286,-0.03954144327017408,5.113124847412109
1747536314.8468058,0.22321433707988855,-0.01703646417490092,5.416154861450195
1747536314.8645163,0.2955272286527717,0.00818829243496294,5.239725112915039
1747536314.891626,0.3692136270019399,0.04690788193896193,5.533695220947266
1747536314.9091358,0.41330583814712624,0.06678680699230134,5.153656005859375
1747536314.9315403,0.4538020578883249,0.08531182985575153,7.282018661499023
1747536314.949132,0.5050234068231749,0.10321487327132785,5.118370056152344
1747536314.9698892,0.47799841423523093,0.10610304839990385,4.920482635498047
1747536314.99202,0.5104241253511154,0.12190291311011227,5.839109420776367
1747536315.0095718,0.517873164871771,0.13217071526743288,4.909515380859375
1747536315.0313373,0.572771397420247,0.14081958601751735,7.261753082275391
1747536315.0537245,0.6173492091337259,0.14540826316218272,6.559133529663086
1747536315.0773165,0.6721163534644415,0.1535660426919702,7.364749908447266
1747536315.1038039,0.7286180972658807,0.1601069747116011,5.5027008056640625
1747536315.1195028,0.8235674781968811,0.16656461773430048,4.801511764526367
1747536315.1335244,0.8873635925839313,0.18044145936207223,4.695892333984375
1747536315.1487172,0.9456614101372496,0.18620033124370214,4.781961441040039
1747536315.1690545,1.0150595496988732,0.18651509589939116,5.081415176391602
1747536315.1893566,1.052191550969054,0.18847209041968455,5.026340484619141
1747536315.2057498,1.069031654558101,0.19921086969594817,4.6253204345703125
1747536315.2282639,1.1738958477077384,0.16434686541085614,4.666805267333984
1747536315.2488627,1.2529138355962786,0.15455158762271082,4.802465438842773
1747536315.2644992,1.3056773498389982,0.14918842064272286,4.645347595214844
1747536315.288684,1.3568919970596816,0.14283885754738718,4.813671112060547
1747536315.309614,1.3965478713978507,0.14590201003421366,4.691839218139648
1747536315.3304832,1.4984547094687923,0.12687790210918085,4.942655563354492
1747536315.349239,1.568244419372946,0.11419645840524666,5.550146102905273
1747536315.3668652,1.6217247026585953,0.10051040067505551,4.6710968017578125
1747536315.3907983,1.6921343462480714,0.07443268698607869,6.435632705688477
1747536315.408542,1.7410334789817994,0.05861680759545811,4.731893539428711
1747536315.429269,1.780277768509094,0.04634275684279099,4.906892776489258
1747536315.4491658,1.8237174865362746,0.02383455425152107,5.014181137084961
1747536315.4703817,1.8688978952965565,0.003956717458068659,5.218744277954102
1747536315.4968247,1.9228717599988812,-0.01350215423760685,6.896734237670898
1747536315.5185997,1.951925108569861,-0.05536237431733645,8.451223373413086
1747536315.5435276,1.9884561256940605,-0.08807447225734231,10.710000991821289
1747536315.5660615,2.031476553692133,-0.13126252822236664,5.544185638427734
1747536315.5887063,2.094014838137499,-0.18451736371217556,4.855871200561523
1747536315.608545,2.1297098128100287,-0.2204301797750802,4.811286926269531
1747536315.6288085,2.1515549830770397,-0.2433339044715129,4.922151565551758
1747536315.6452568,2.1631770744403456,-0.26152397795092425,5.047798156738281
1747536315.6688602,2.1859611190043156,-0.29354308544925634,5.2013397216796875
1747536315.6890984,2.198603413519405,-0.3179247191371008,5.226850509643555
1747536315.7079742,2.204444728395411,-0.33263704925841076,5.239009857177734
1747536315.7327354,2.2482361966319013,-0.39988609801333697,6.998538970947266
1747536315.7490983,2.272189500108975,-0.4398205514895661,5.289793014526367
1747536315.7692907,2.2910750691275252,-0.4695655787761591,5.487203598022461
1747536315.7897346,2.307316473822642,-0.4962589104721317,5.935192108154297
1747536315.8127427,2.3241942809372027,-0.518482632050258,7.193803787231445
1747536315.8329453,2.370984536899937,-0.5450706889324091,7.188081741333008
1747536315.853164,2.443746775085919,-0.5978713040209542,6.823062896728516
1747536315.8702495,2.5136172936964107,-0.6478438362939984,5.458354949951172
1747536315.889468,2.559665248608767,-0.6853413699555579,5.688667297363281
1747536315.9093614,2.622945394958538,-0.7187656250397736,6.049394607543945
1747536315.9277008,2.668912030048566,-0.7570435204125483,6.12950325012207
1747536315.9497824,2.7096088307390223,-0.8046043670981639,5.904436111450195
1747536315.970131,2.735026632197317,-0.8404003271566847,5.953788757324219
1747536315.996266,2.751504204530886,-0.9098943684315494,7.62176513671875
1747536316.0125005,2.759529337873352,-0.9618411883389303,5.594968795776367
1747536316.0324135,2.764646198620438,-0.988107624141022,6.929874420166016
1747536316.0525098,2.7614379100905015,-1.0584803936023535,7.107973098754883
1747536316.0712795,2.7382516964369246,-1.0867915915261364,6.06989860534668
1747536316.086887,2.7107031654606826,-1.1043808344004276,5.232095718383789
1747536316.1099968,2.7300396144398484,-1.1730888279919847,5.469322204589844
1747536316.1251984,2.738392327312685,-1.2200914610992946,5.4111480712890625
1747536316.1500244,2.752624540009447,-1.2900349584641055,5.099773406982422
1747536316.1690407,2.771148700132826,-1.3455087094785492,5.160093307495117
1747536316.1894407,2.7763317618938625,-1.401916621516698,5.008935928344727
1747536316.2093494,2.779935602058942,-1.4537396877757376,4.984855651855469
1747536316.228969,2.7818269839749665,-1.4966896601512876,4.778623580932617
1747536316.2468143,2.7934524683272506,-1.5424784544472694,4.525184631347656
1747536316.2642052,2.792833389844129,-1.5895567032991753,4.899024963378906
1747536316.2895546,2.794564297624691,-1.642843519838232,5.197763442993164
1747536316.3224733,2.797311446548719,-1.6904268175527135,5.499124526977539
1747536316.3387895,2.80116169882343,-1.758450864903816,5.528450012207031
1747536316.3547077,2.799438883606895,-1.8005526949008246,4.656791687011719
1747536316.3736954,2.793968149700688,-1.8485579089403674,6.580591201782227
1747536316.3900917,2.7851257498201325,-1.89682085763094,6.320953369140625
1747536316.4057205,2.7815983197128307,-1.9420526066893722,5.980730056762695
1747536316.4263363,2.7846556869807,-1.9816304685895383,5.893468856811523
1747536316.44405,2.767742387942069,-2.0213917656304443,4.805803298950195
1747536316.4701662,2.7579959755934307,-2.0716620513066513,4.846096038818359
1747536316.4894094,2.760185106498925,-2.110617817762006,5.432605743408203
1747536316.5099628,2.749280834834224,-2.144866496775323,6.238460540771484
1747536316.530695,2.7311045409549957,-2.201405017456405,5.291938781738281
1747536316.5491676,2.7172665157887885,-2.239557128390381,5.140542984008789
1747536316.5699322,2.7171543688227273,-2.297300160589863,6.333827972412109
1747536316.587074,2.7199441933559787,-2.338336838539718,5.091667175292969
1747536316.6087916,2.714769517643547,-2.391532145524814,4.960298538208008
1747536316.6284647,2.564097550593762,-2.450600158755398,4.876375198364258
1747536316.6488817,2.5181810364355655,-2.500751146475835,4.922628402709961
1747536316.6720407,2.48107533428607,-2.5441301899170874,8.044719696044922
1747536316.6885304,2.443595975167519,-2.5933379057126045,4.971742630004883
1747536316.709687,2.4240331087397538,-2.6537931427374537,4.776716232299805
1747536316.7252314,2.4113716334195265,-2.6908219987930395,5.059480667114258
1747536316.7509224,2.398861735364421,-2.758182215156914,7.033109664916992
1747536316.7727168,2.4001562543910793,-2.8233816424940703,6.894588470458984
1747536316.7928264,2.395288685496412,-2.87968460495851,8.914470672607422
1747536316.8099198,2.3950006030326767,-2.9260931311000573,5.522012710571289
1747536316.829191,2.440630277463237,-2.9958314228294705,5.238056182861328
1747536316.8487287,2.466394793157399,-3.0589281782860955,4.865407943725586
1747536316.8667169,2.491381351772136,-3.103055993152603,4.936695098876953
1747536316.8908055,2.540385100983689,-3.1819676987797174,5.501508712768555
1747536316.9099793,2.5610618001243237,-3.2487215286902353,5.969047546386719
1747536316.9338818,2.582306423566966,-3.300496358900921,5.756139755249023
1747536316.9514902,2.6003039801015517,-3.335403371965251,4.993915557861328
1747536316.9737535,2.6616223907324406,-3.3961526238827155,9.430885314941406
1747536316.9901855,2.7026024696849293,-3.4301545701913567,5.7697296142578125
1747536317.0095665,2.7460889324718907,-3.4785375182902647,5.741357803344727
1747536317.025854,2.7777535552248462,-3.5283304977030205,5.896091461181641
1747536317.0508804,2.807046148078168,-3.5838313582520356,7.332086563110352
1747536317.0732884,2.825769556319844,-3.613557581940114,5.585908889770508
1747536317.2121532,3.0747141137721266,-3.9398893432510795,5.430936813354492
1747536317.2376878,3.116512798735003,-3.9804513147677687,9.260892868041992
1747536317.25744,3.174983922341397,-4.019833623625747,7.217645645141602
1747536317.2737815,3.213629024178609,-4.05767044541593,5.605459213256836
1747536317.2889483,3.2413234648829894,-4.086304489425952,4.796028137207031
1747536317.3094475,3.262559861427419,-4.110627704443151,5.197048187255859
1747536317.3315175,3.313407054402865,-4.181003224664738,6.992578506469727
1747536317.3533576,3.3589127212728873,-4.233539550371071,5.998373031616211
1747536317.3733566,3.3977779575063827,-4.271097065188918,5.951642990112305
1747536317.4032915,3.4519925999198935,-4.341488467161546,6.458282470703125
1747536317.4222956,3.4696365616123743,-4.376483137316868,5.145788192749023
1747536317.4434385,3.4760992047737154,-4.398001487055299,4.701375961303711
1747536317.464531,3.5138555863530057,-4.4646931134029195,6.384134292602539
1747536317.481623,3.5335308635637825,-4.502161592964056,4.760980606079102
1747536317.4999845,3.5589584135932815,-4.54901341328245,5.690336227416992
1747536317.5163107,3.586048534755656,-4.597749215324585,5.418062210083008
1747536317.5332465,3.6076874042335283,-4.641202420026319,7.539033889770508
1747536317.5488555,3.624681607547172,-4.674475159144162,4.979372024536133
1747536317.5652342,3.649226510250941,-4.722244516136297,5.200386047363281
1747536317.5889056,3.6441874080213195,-4.789425362206017,5.0106048583984375
1747536317.6087165,3.644690680548839,-4.835886705775043,4.948139190673828
1747536317.6312208,3.650236400713067,-4.884978915831982,5.50389289855957
1747536317.653044,3.674920569557355,-4.955781331916125,7.171392440795898
1747536317.672557,3.6838299046087637,-5.021408985133548,5.490303039550781
1747536317.6941004,3.691015390304016,-5.080723748647528,7.2078704833984375
1747536317.7124903,3.6827524583607656,-5.136968427080627,5.689859390258789
1747536317.7323167,3.6761414945726294,-5.1947504890091825,8.473873138427734
1747536317.7494843,3.662059758609398,-5.242587367227241,5.454540252685547
1747536317.7729425,3.6450310218409334,-5.282984682471228,7.684469223022461
1747536317.7982285,3.646871468436729,-5.329924882594587,9.821176528930664
1747536317.8199239,3.6439537925437544,-5.373125128808602,5.993843078613281
1747536317.8569398,3.6273960123418423,-5.458052622424207,8.529186248779297
1747536317.879658,3.615285485921314,-5.486784101105306,6.81757926940918
1747536317.9040895,3.5969993983681907,-5.517623516843505,9.046316146850586
1747536317.9210863,3.5910245829285383,-5.554982912992346,5.942821502685547
1747536317.9408484,3.564260198444739,-5.600111035631403,6.08062744140625
1747536317.9574578,3.5362826155067735,-5.63324352847745,6.198883056640625
1747536317.9766815,3.498092948024116,-5.68349219089235,6.290674209594727
1747536317.9915638,3.4675189474455683,-5.714530038349189,5.623340606689453
1747536318.0061295,3.447258777368618,-5.732365611182924,5.08427619934082
1747536318.0242455,3.4209722369173456,-5.752765614296302,5.046367645263672
1747536318.048789,3.37630429456799,-5.799713762943208,5.2013397216796875
1747536318.068993,3.3309522959325606,-5.827964861807192,5.074977874755859
1747536318.0888097,3.2929987049966996,-5.851418833964103,5.073308944702148
1747536318.1097753,3.2572214289493893,-5.868592398753201,5.821943283081055
1747536318.1302798,3.2161941218497367,-5.885872210145167,5.495548248291016
1747536318.1492276,3.1994299709965683,-5.911424412382577,5.304574966430664
1747536318.1692734,3.1847557532122543,-5.929337543644,5.090951919555664
1747536318.1890306,3.159044278015388,-5.942261443361678,4.984617233276367
1747536318.209141,3.1197534033496797,-5.9747599514771,4.922151565551758
1747536318.2339928,3.08466521021481,-5.998031230350346,7.229328155517578
1747536318.258506,3.0492866964209298,-6.01385235080858,6.278514862060547
1747536318.2992449,2.982386874307117,-6.061575087352018,10.516643524169922
1747536318.3239937,2.955433764902652,-6.0773215884359475,5.60307502746582
1747536318.341001,2.903119397137142,-6.097208472875537,6.043910980224609
1747536318.3661816,2.8559166399311824,-6.118106884611552,6.65593147277832
1747536318.3861246,2.8079626489156904,-6.145914236651422,5.801677703857422
1747536318.4060578,2.769628320865183,-6.166287143706226,5.340337753295898
1747536318.421313,2.7418063421861896,-6.178800592129678,4.893064498901367
1747536318.4366412,2.719518815658042,-6.188759893014523,5.366325378417969
1747536318.4539425,2.691244923164745,-6.197166344922904,5.1898956298828125
1747536318.4741418,2.6282037024913487,-6.222556789470909,6.536006927490234
1747536318.4891026,2.559331701520449,-6.241402528045212,4.807710647583008
1747536318.5084538,2.5009490930514313,-6.254454919482271,4.787921905517578
1747536318.5285203,2.4352700408042245,-6.2773396660652665,4.818439483642578
1747536318.5465577,2.3869201931347646,-6.288817914746807,4.769086837768555
1747536318.5709891,2.3268788957927233,-6.303167439263882,5.514860153198242
1747536318.5881903,2.3006703096996484,-6.304652419548979,6.667137145996094
1747536318.6108203,2.2377617858104584,-6.3205183261622695,6.592512130737305
1747536318.6295273,2.2012039185431127,-6.330182361747704,4.748344421386719
1747536318.6527262,2.1807432091971295,-6.334188608846319,5.581378936767578
1747536318.6731436,2.1154188311998476,-6.34526226330284,4.955291748046875
1747536318.6885188,2.0717443358868675,-6.348685832071555,4.6539306640625
1747536318.703616,2.0495724807666207,-6.349970379288388,4.648685455322266
1747536318.7290857,1.9682728713112752,-6.352254829864727,4.951000213623047
1747536318.7491388,1.9171612594414273,-6.351795549402336,5.009651184082031
1747536318.7754111,1.865820037435064,-6.3518749123479825,7.787466049194336
1747536318.7998774,1.7680921255115658,-6.360470834406253,5.740165710449219
1747536318.8155298,1.684981292625054,-6.362618677235245,4.699945449829102
1747536318.831611,1.6224551125508406,-6.365865843409452,5.051612854003906
1747536318.8493192,1.5695533305022582,-6.370016361281311,5.496025085449219
1747536318.8685372,1.5245190277278546,-6.371426037597498,6.257534027099609
1747536318.8885708,1.455862326986331,-6.376826422393243,4.965305328369141
1747536318.9082632,1.405124979743494,-6.380522801875528,4.773378372192383
1747536318.9289732,1.3747856037463493,-6.3712101234757945,5.16963005065918
1747536318.9429235,1.3529180014900035,-6.365846995513873,4.371166229248047
1747536318.9699025,1.3120850136304252,-6.361149372175993,5.9986114501953125
1747536318.9887757,1.2449762212254125,-6.354712575776874,5.054950714111328
1747536319.0093374,1.1830866227618977,-6.346995655947245,5.231380462646484
1747536319.0252628,1.1445614988031503,-6.3442252181799486,6.803274154663086
1747536319.049581,1.0636012260970398,-6.334483398558726,5.2337646484375
1747536319.0695705,1.0094845992646675,-6.326789516332551,4.575014114379883
1747536319.0856566,0.9810043299335091,-6.325871311881549,5.087852478027344
1747536319.1095295,0.9172594753274582,-6.3185046234182085,5.5637359619140625
1747536319.1251686,0.8246928757154206,-6.29532568450068,5.432844161987305
1747536319.1452878,0.7573454932183977,-6.279061394095923,6.021022796630859
1747536319.1691468,0.6993671355447532,-6.268282652726041,5.373239517211914
1747536319.1898437,0.6308882844614822,-6.2362696995326,5.412578582763672
1747536319.2037408,0.5744592127518353,-6.221968264417538,4.954814910888672
1747536319.2312748,0.5093719503125901,-6.201344639028546,7.2994232177734375
1747536319.2543426,0.44325867447848144,-6.175273085204037,7.892608642578125
1747536319.2733593,0.3976845603324248,-6.156366804375286,5.8345794677734375
1747536319.290704,0.36854428923926497,-6.141270860337033,6.674289703369141
1747536319.3148637,0.30866408929607564,-6.105394311704822,6.533145904541016
1747536319.330254,0.2679781186544953,-6.08587482164576,5.118131637573242
1747536319.348055,0.23083284086911035,-6.067859176993932,5.165576934814453
1747536319.370287,0.17486108531230163,-6.05430951271889,6.071567535400391
1747536319.3896585,0.10984494340765102,-6.0290263061431295,5.650043487548828
1747536319.4103343,0.033299484571390786,-6.012711063443162,6.564855575561523
1747536319.4307628,-0.030030578424120078,-5.996650857732996,6.957530975341797
1747536319.449658,-0.038057067010584325,-5.939529429307748,5.888938903808594
1747536319.4687119,-0.06554502444446908,-5.909059030904076,5.469560623168945
1747536319.4903698,-0.11684597906603171,-5.870041816718094,6.14166259765625
1747536319.5128314,-0.12823284894524595,-5.814737265762751,8.10694694519043
1747536319.5321841,-0.13771101972313982,-5.772770380460994,6.184577941894531
1747536319.551684,-0.16109508242519924,-5.7345807735247405,6.635427474975586
1747536319.5718522,-0.18793852934001043,-5.710158751631228,6.98542594909668
1747536319.5967598,-0.12937157734872703,-5.6682787253116675,9.456634521484375
1747536319.6235888,-0.16854477838386997,-5.621208932067439,10.524272918701172
1747536319.6460617,-0.18810708308556714,-5.566534682877615,7.3604583740234375
1747536319.663573,-0.20883413684539884,-5.528280979663452,6.596565246582031
1747536319.6881647,-0.22996011515701442,-5.4814459096870545,6.951332092285156
1747536319.7068903,-0.2986053054902295,-5.427981109505979,6.720542907714844
1747536319.7279088,-0.3362185977269189,-5.376363999589619,8.024930953979492
1747536319.7494776,-0.36211858289814447,-5.331844073079788,6.392240524291992
1747536319.7720084,-0.40670063529082917,-5.251142553163563,8.491754531860352
1747536319.7907505,-0.4627426932380739,-5.19018085702442,6.588935852050781
1747536319.809913,-0.49583603199742177,-5.1496974700788645,5.85627555847168
1747536319.833812,-0.5182490276856592,-5.115689328376116,6.283998489379883
1747536319.8519328,-0.5338901367657769,-5.073765288265073,5.608081817626953
1747536319.8699312,-0.5709839077455203,-5.030913246821226,5.90825080871582
1747536319.8896275,-0.5972884214103303,-5.000711972114498,5.529880523681641
1747536319.9097214,-0.6338678531088067,-4.949931647925442,6.011247634887695
1747536319.9291325,-0.6537944860237259,-4.907074671154153,5.404472351074219
1747536319.9494832,-0.7383144298773041,-4.856079620846473,5.789518356323242
1747536319.9712088,-0.7934891535494806,-4.812946825397966,6.264925003051758
1747536319.9898963,-0.8191599791434706,-4.778935564632805,5.7659149169921875
1747536320.0134063,-0.8924402101058926,-4.72439709455236,8.952856063842773
1747536320.0295246,-0.9340441450557811,-4.678941534780836,5.709171295166016
1747536320.0522833,-0.9584596331995897,-4.638860675954438,5.917549133300781
1747536320.0741525,-1.0478850545287643,-4.583274486047755,6.860017776489258
1747536320.0937092,-1.0894728396774964,-4.541035161338869,5.240678787231445
1747536320.109892,-1.107497936557915,-4.502928733878173,5.448341369628906
1747536320.1314797,-1.1234953738835247,-4.462329775723934,6.244897842407227
1747536320.157097,-1.207008142675014,-4.403971307642373,10.339975357055664
1747536320.173399,-1.2527156951152851,-4.33721215260646,6.460428237915039
1747536320.1895702,-1.266998394899688,-4.304561698656167,4.693746566772461
1747536320.2096264,-1.3408410847087242,-4.233303023175008,4.749298095703125
1747536320.2294166,-1.3708501826718498,-4.176463646477873,4.973173141479492
1747536320.2512467,-1.3779021855988849,-4.1310427208442695,5.984306335449219
1747536320.2714083,-1.4490967331405127,-4.06620315045998,6.5765380859375
1747536320.290536,-1.48665472998724,-3.9875168460036727,5.248546600341797
1747536320.3091605,-1.496782312328049,-3.9243792296057256,4.938840866088867
1747536320.3316658,-1.565508377940616,-3.8557458164929876,6.458759307861328
1747536320.3581543,-1.5974024185425455,-3.793850718003024,8.918285369873047
1747536320.38091,-1.611461353278936,-3.742957427903313,7.340431213378906
1747536320.395809,-1.6313925168602692,-3.650959815358499,5.2280426025390625
1747536320.4109406,-1.6205003032882364,-3.5937042213808597,5.674123764038086
1747536320.4274728,-1.6173170074134673,-3.5176739592958013,4.698514938354492
1747536320.4520564,-1.6247983507874688,-3.4370357148890824,5.120754241943359
1747536320.4690902,-1.673770279249843,-3.387120776395159,5.031347274780273
1747536320.4899065,-1.6943052444447808,-3.319480003494608,4.8351287841796875
1747536320.5087428,-1.703594538128044,-3.277179606789459,5.1784515380859375
1747536320.526453,-1.6943181486162964,-3.1786004206030176,4.87518310546875
1747536320.548963,-1.6800952479243831,-3.0792633194924517,5.230188369750977
1747536320.5661833,-1.6783209755645285,-3.021062822632984,5.097389221191406
1747536320.5894585,-1.6568966094543698,-2.8994084239625653,5.03993034362793
1747536320.6093283,-1.6516515701146668,-2.8190834076358304,5.157232284545898
1747536320.6307127,-1.6527480034798185,-2.748128532948188,6.149053573608398
1747536320.6517541,-1.6585117749296259,-2.7024757575173695,7.302761077880859
1747536320.6709173,-1.63772094877716,-2.6210164701618988,5.196094512939453
1747536320.6923742,-1.6348753375215497,-2.5644270485052627,5.64122200012207
1747536320.706865,-1.6332458559901604,-2.510679525097495,4.916191101074219
1747536320.7241066,-1.601173790945388,-2.4409262304198673,5.089998245239258
1747536320.7505827,-1.5813365986319576,-2.3585840681390273,6.256818771362305
1747536320.771615,-1.5783636083103305,-2.2888121699500497,5.932092666625977
1747536320.7954865,-1.499013136577405,-2.210706442917862,7.038116455078125
1747536320.8181458,-1.4618253755352675,-2.143837883617774,9.081840515136719
1747536320.840307,-1.4386004123205216,-2.081463119776643,7.560014724731445
1747536320.8605292,-1.4277307692204557,-2.0184657832210404,5.851507186889648
1747536320.87954,-1.413671509386316,-1.9363013679628869,5.106449127197266
1747536320.899169,-1.4060938855930787,-1.8846601082180123,5.020380020141602
1747536320.9160547,-1.3975416902645275,-1.8332344036575632,6.3266754150390625
1747536320.9342282,-1.3625462345262846,-1.7687143112497008,6.668329238891602
1747536320.949887,-1.338094924452194,-1.7020579289405664,5.00035285949707
1747536320.9716487,-1.317673552976229,-1.6374410258105412,6.384849548339844
1747536320.989319,-1.2593586206838794,-1.5643294203965759,5.112409591674805
1747536321.0052814,-1.2254485157273625,-1.5101558201012284,5.191326141357422
1747536321.0244596,-1.1979171793627066,-1.4527497719406723,5.250692367553711
1747536321.0460503,-1.1746891925908032,-1.4023833248901603,5.721569061279297
1747536321.0711658,-1.107043266183738,-1.3276796276933163,7.326602935791016
1747536321.0981245,-1.0702918567919923,-1.2661046195820773,10.649919509887695
1747536321.123302,-1.0043142710963957,-1.1825156896062385,6.389379501342773
1747536321.1463487,-0.9577061976443135,-1.1118290176991983,7.484674453735352
1747536321.1652057,-0.9412539597298896,-1.071774472216036,6.039142608642578
1747536321.1813464,-0.9245779573709106,-1.0301619739562675,6.104469299316406
1747536321.1991236,-0.9071339918794576,-0.9932186555233998,6.21795654296875
1747536321.2186522,-0.8439226037944753,-0.9310752126323237,6.6318511962890625
1747536321.2382572,-0.8007287175872226,-0.8863064339761731,8.183002471923828
1747536321.257935,-0.7662465014635559,-0.8473124836978849,6.9637298583984375
1747536321.2831924,-0.7195424392222645,-0.7816043798109613,7.933616638183594
1747536321.3129876,-0.6341495720620608,-0.6913949852152831,8.703231811523438
1747536321.3371315,-0.5991796556841791,-0.6492980478716658,10.970354080200195
1747536321.3606327,-0.5567163072736053,-0.5833497975611961,8.657693862915039
1747536321.3826735,-0.5129507599994902,-0.5315306836855654,5.774497985839844
1747536321.3987334,-0.47144806571601117,-0.4911935748836623,5.409955978393555
1747536321.4169877,-0.40911119142883073,-0.4333476360321143,7.681369781494141
1747536321.432619,-0.35160237619717977,-0.3951043923391584,5.51915168762207
1747536321.4496963,-0.3138884068247925,-0.36979744862411856,6.966829299926758
1747536321.4695337,-0.25718406896323975,-0.33370901023360156,5.640745162963867
1747536321.4874542,-0.23776341090467557,-0.29667291337094054,5.339384078979492
1747536321.5071137,-0.19832378710938,-0.2524322637452374,5.2642822265625
1747536321.5315075,-0.14403564612850667,-0.21429605327652768,7.688999176025391
1747536321.549801,-0.06580154972244387,-0.16586230675167327,5.7239532470703125
1747536321.5710227,0.0007451410844561657,-0.13143336577286527,5.633354187011719
1747536321.5889978,0.04164293675944005,-0.10394586194529182,4.991769790649414
1747536321.6115646,0.08824384942383683,-0.049730077040872005,7.444858551025391
1747536321.630497,0.16559639357622097,-0.01015878114670782,5.524873733520508
1747536321.6493514,0.289043217278433,0.018749570138037464,4.970073699951172
1747536321.6705523,0.3163873796464829,0.054095210670558745,5.700349807739258
1747536321.6899254,0.3655948098272185,0.075580384392915,4.785060882568359
1747536321.7108297,0.41684283411504097,0.08943682839239182,5.361795425415039
1747536321.7286508,0.464330420952489,0.10055719540995109,5.003690719604492
1747536321.749814,0.48380355850920714,0.11571153419184602,4.933834075927734
1747536321.77275,0.4878407730740376,0.12438077852247603,7.381916046142578
1747536321.7907777,0.5201571882306646,0.13180047282237012,5.585670471191406
1747536321.813901,0.5048995264054612,0.1379421503336791,7.939577102661133
1747536321.83419,0.524296134052746,0.13653570650123367,6.253480911254883
1747536321.853323,0.5367830616628467,0.13436025636056934,5.295515060424805
1747536321.8765194,0.6537063189009714,0.135302383240383,9.165287017822266
1747536321.8990953,0.7184241956511405,0.13474505397098963,8.3465576171875
1747536321.920378,0.7676224222329938,0.1346601351229321,5.240440368652344
1747536321.9383738,0.86535033289178,0.1307148027634858,4.777431488037109
1747536321.9528477,0.9357240501186381,0.1289036503034182,5.022287368774414
1747536321.9665694,0.991506920134979,0.13297779459067463,5.115509033203125
1747536321.989012,1.0664671449765877,0.14518579053350592,5.207300186157227
1747536322.0063596,1.124546498012282,0.14283008946313175,4.544973373413086
1747536322.0286515,1.2008301665972871,0.13349261003468904,4.740238189697266
1747536322.0490139,1.248441873514604,0.1322346027776387,4.671573638916016
1747536322.0656877,1.3283524220920617,0.12366020887296171,4.597902297973633
1747536322.0883386,1.4302078973123342,0.1051047460201719,4.622459411621094
1747536322.143445,1.5467598011703179,0.08737546465813248,4.757165908813477
1747536322.170488,1.5846718674518092,0.08803525939158852,14.93692398071289
1747536322.199629,1.6631387111488363,0.04031136824087275,6.73222541809082
1747536322.235254,1.6995658912702472,0.01382158322537996,7.643461227416992
1747536322.254535,1.7650752615728693,-0.0346086802910045,5.035400390625
1747536322.2699645,1.783468541516121,-0.058046096674000895,4.773139953613281
1747536322.2911117,1.8054217158176844,-0.08068846346965482,5.224943161010742
1747536322.3274717,1.8951101748793773,-0.12574377796316205,7.014751434326172
1747536322.3496776,1.9711227429014486,-0.15243206858922337,6.493330001831055
1747536322.3673434,2.0499182371066893,-0.1796650214756161,5.630970001220703
1747536322.390599,2.148992241549364,-0.2527297391829218,5.397796630859375
1747536322.4105303,2.1817429663529078,-0.28419973133348364,5.5980682373046875
1747536322.430601,2.201137411594555,-0.30631202349895,5.649089813232422
1747536322.4539554,2.2233852190452406,-0.32896135350510625,9.473800659179688
1747536322.4696572,2.2768403039378624,-0.3501708819218291,5.334615707397461
1747536322.4851246,2.3129096033434466,-0.36057344965281374,5.377769470214844
1747536322.509591,2.350844869545464,-0.38730019337405847,5.450725555419922
1747536322.530891,2.4126857479513464,-0.4244342414160349,5.441904067993164
1747536322.5479343,2.465324099212819,-0.4517282651555192,5.280494689941406
1747536322.56546,2.5108458331000927,-0.4808496111408949,6.416559219360352
1747536322.5893,2.5573061102475654,-0.5087089861991944,5.499124526977539
1747536322.609438,2.592083610455537,-0.5264272368386892,5.440473556518555
1747536322.6310358,2.605352916747524,-0.577150208961335,5.767583847045898
1747536322.6505005,2.619168210114847,-0.6224424387036792,6.149530410766602
1747536322.6726818,2.627741647017752,-0.6570615893558671,7.941246032714844
1747536322.6939728,2.6217281150007117,-0.6806527071589005,6.486654281616211
1747536322.7130032,2.6357486967466315,-0.723796241613301,6.981372833251953
1747536322.7299614,2.653473027553708,-0.7675002430986295,5.790233612060547
1747536322.750134,2.6743751043839556,-0.808343501893254,5.788564682006836
1747536322.7701197,2.6974549096056206,-0.838039910219409,6.099224090576172
1747536322.7932706,2.706230606646152,-0.8497198722252943,5.980491638183594
1747536322.8118162,2.69812984715992,-0.8494160638399813,6.891965866088867
1747536322.8387063,2.7526672575474236,-0.8803731874858802,8.380413055419922
1747536322.860831,2.786849404529333,-0.912477126295242,7.715463638305664
1747536322.88284,2.809394037956005,-0.9388579704611465,8.334636688232422
1747536322.9035714,2.775996645471974,-1.0204477627886395,7.861852645874023
1747536322.9190223,2.726856316307856,-1.0963383092164007,5.457878112792969
1747536322.933623,2.7075947918953855,-1.1502647998998052,5.383968353271484
1747536322.9496608,2.7539789863309108,-1.2072263507397902,5.128383636474609
1747536322.9691272,2.7740972917605102,-1.264766712715851,5.217313766479492
1747536322.991136,2.772824671946278,-1.3227178424624355,5.157947540283203
1747536323.009093,2.7701001097473457,-1.3782783296139463,5.025625228881836
1747536323.0254838,2.7553084419563643,-1.4137941263483136,4.7626495361328125
1747536323.0452535,2.7438400542074324,-1.455220159339582,6.177663803100586
1747536323.0695453,2.7363635743492214,-1.5051154724980305,4.75311279296875
1747536323.0882578,2.7265100424378512,-1.5611050290719477,4.617452621459961
1747536323.1086318,2.7110951042047358,-1.622140073550723,4.651069641113281
1747536323.1310296,2.6983919178770037,-1.6647682243610002,4.925012588500977
1747536323.1472092,2.6937795955576904,-1.7084174719069987,4.696369171142578
1747536323.1708043,2.689282217537628,-1.759052595081022,5.713939666748047
1747536323.1918802,2.686684195952541,-1.7942207064090945,5.239248275756836
1747536323.209745,2.6652109788407827,-1.8534098293282728,4.847288131713867
1747536323.2292254,2.647195387741417,-1.9079244061456087,5.0601959228515625
1747536323.2527866,2.6344313033916897,-1.9557149397436961,7.1506500244140625
1747536323.2713192,2.628334851033092,-1.9823836424687469,6.201505661010742
1747536323.2902699,2.61478467732205,-2.05323438057217,5.010128021240234
1747536323.309162,2.6043979649755236,-2.0978910125636254,5.06138801574707
1747536323.330082,2.5968448088607654,-2.139860058354313,4.970788955688477
1747536323.353457,2.5893666812129132,-2.198822536354333,6.729364395141602
1747536323.3734753,2.5867286786130825,-2.252248829366214,5.4988861083984375
1747536323.404015,2.5840977197942934,-2.2990750405844684,10.619163513183594
1747536323.4207082,2.5577808659960115,-2.3631530122880564,5.687713623046875
1747536323.441095,2.5565083013145617,-2.425288725902734,8.744478225708008
1747536323.4577608,2.5640211927503054,-2.469106384976722,7.349967956542969
1747536323.476931,2.4856830299100268,-2.486427805982728,8.153915405273438
1747536323.493114,2.454644507788159,-2.53500376395755,5.4416656494140625
1747536323.5158987,2.439689864228782,-2.569635462143813,7.436275482177734
1747536323.533142,2.430699137902705,-2.601271099500327,5.530118942260742
1747536323.549384,2.4490712554846343,-2.6653272640453856,5.62739372253418
1747536323.5692098,2.462073667528557,-2.7204525590587827,5.725860595703125
1747536323.5894177,2.472144045864142,-2.758561537003897,5.636930465698242
1747536323.609916,2.481884992508924,-2.826090961376816,6.137371063232422
1747536323.6294124,2.483289859507655,-2.8733481564462364,5.515813827514648
1747536323.649996,2.479597963203366,-2.918841350622229,4.88734245300293
1747536323.665521,2.468715126550732,-2.9525740181392575,5.552053451538086
1747536323.6894445,2.472718256224095,-3.0555212737564017,5.30695915222168
1747536323.7094781,2.4975043372613643,-3.105635386959372,5.637645721435547
1747536323.7296565,2.515860803755182,-3.1462677792942295,5.4721832275390625
1747536323.7497869,2.584242351621286,-3.205566005042512,5.867719650268555
1747536323.770021,2.6449856751004557,-3.252908918179318,6.158113479614258
1747536323.7937806,2.7080717157735625,-3.3024499164614527,6.539583206176758
1747536323.8094275,2.735196712710493,-3.3361576217225886,5.834817886352539
1747536323.8294804,2.77693664453405,-3.3853403097245574,5.528450012207031
1747536323.8494468,2.8125171035544763,-3.4230294008223616,5.2337646484375
1747536323.870532,2.879977612122128,-3.4870480669970982,6.458759307861328
1747536323.8887594,2.936712628283917,-3.5406417993427186,4.975080490112305
1747536323.9087472,2.9707686230680443,-3.570932570932352,5.337238311767578
1747536323.9314365,3.0270033539833605,-3.6343083978982116,5.986213684082031
1747536323.9490244,3.0704330203444914,-3.6782936383581006,4.993200302124023
1747536323.9727516,3.1078726295351444,-3.7163773021677473,7.387876510620117
1747536323.9927576,3.1381695458968486,-3.742230135028901,5.471944808959961
1747536324.007262,3.1903186764258575,-3.7865790340793883,4.68897819519043
1747536324.0237808,3.257788605621384,-3.829559493287847,4.646778106689453
1747536324.0506268,3.313240017434393,-3.8703238923160446,6.12330436706543
1747536324.0778682,3.3619354005120656,-3.9246055371969764,9.37652587890625
1747536324.1011927,3.4140941890074674,-3.971572162730857,6.42085075378418
1747536324.1229312,3.4658841133182046,-4.012602061415626,5.983591079711914
1747536324.1389067,3.5024096698107203,-4.087936543683536,4.769802093505859
1747536324.1545534,3.5426817477341603,-4.142643303430074,5.50389289855957
1747536324.1714284,3.576091762077406,-4.181947814130142,6.105184555053711
1747536324.1994839,3.621312655034832,-4.233104437591972,10.940313339233398
1747536324.2170038,3.6520983554933104,-4.267177276579961,6.483793258666992
1747536324.237184,3.660728442095655,-4.309202882885057,8.957862854003906
1747536324.2560735,3.669383840742471,-4.3467313863406165,7.821083068847656
1747536324.2745044,3.684505084403625,-4.383535254579272,6.454229354858398
1747536324.2969604,3.682273285690654,-4.41848976923602,8.044719696044922
1747536324.3180013,3.70329331206677,-4.470381094122043,8.597612380981445
1747536324.3379624,3.726420116884082,-4.513530640852793,8.783340454101562
1747536324.353906,3.745338945581461,-4.544173733242038,5.812883377075195
1747536324.3739696,3.7476791837501167,-4.617189996377948,9.522676467895508
1747536324.394224,3.7513724454544337,-4.665402409042661,4.983425140380859
1747536324.4118927,3.7562672730040814,-4.700334330216841,5.831003189086914
1747536324.431218,3.7585630617078047,-4.76391408825384,7.259845733642578
1747536324.4492486,3.7608661252608773,-4.811318852223192,5.089759826660156
1747536324.468507,3.7672155883686873,-4.856188387778092,4.839658737182617
1747536324.4901497,3.779468660789375,-4.926234956269735,5.099773406982422
1747536324.5071414,3.7801860869655632,-4.965955305682479,4.913806915283203
1747536324.530809,3.779253233715888,-5.027916005260295,5.83648681640625
1747536324.554395,3.7800154082350743,-5.068167994745729,6.928205490112305
1747536324.5732088,3.758227261572516,-5.105577710436322,7.954835891723633
1747536324.600206,3.7396820714095003,-5.149350434165697,7.143974304199219
1747536324.6233914,3.728913341394346,-5.205532401196666,8.528947830200195
1747536324.647791,3.71888403609564,-5.245931429756429,8.607625961303711
1747536324.6714606,3.694557044197736,-5.320532164995247,7.068157196044922
1747536324.690617,3.663924948743807,-5.360283020217868,5.778074264526367
1747536324.7093704,3.6344788500224015,-5.401680034094075,5.575895309448242
1747536324.7342308,3.6121442694783417,-5.437362122587276,10.373115539550781
1747536324.763037,3.598582098613771,-5.477346854805638,9.467124938964844
1747536324.7842867,3.5825179303256873,-5.510902598960425,6.223440170288086
1747536324.8130553,3.547286564271907,-5.563200597076876,8.554935455322266
1747536324.8416543,3.5157820276440175,-5.5981734347681495,6.730556488037109
1747536324.858527,3.4867228991243575,-5.624528434966169,5.974054336547852
1747536324.8737066,3.4584322860960484,-5.648549117126174,5.695343017578125
1747536324.889258,3.4350676003722493,-5.68113642054455,5.953550338745117
1747536324.906456,3.407507551727913,-5.71409931744723,5.411624908447266
1747536324.9243999,3.3687939351939917,-5.738177338805841,5.303859710693359
1747536324.949624,3.3517862303636745,-5.788883411769991,5.270719528198242
1747536324.9688404,3.343245526233343,-5.819401056369713,5.044698715209961
1747536324.9891903,3.334503536978692,-5.841646818415018,5.198240280151367
1747536325.0118797,3.3206141664744306,-5.863752338037868,6.545066833496094
1747536325.0313795,3.271940024184249,-5.8996551705634666,5.414485931396484
1747536325.0504713,3.2373275259743144,-5.929496963212819,5.454301834106445
1747536325.069554,3.2212562715332007,-5.947003871198588,5.559682846069336
1747536325.0931547,3.1989373610241993,-5.981960994065351,6.054878234863281
1747536325.1089199,3.185969060200205,-6.003631909524418,5.352020263671875
1747536325.1292996,3.1660955953334375,-6.026371889633703,5.043983459472656
1747536325.1507483,3.133163999321267,-6.065784877832914,6.393671035766602
1747536325.1690571,3.0985967068477565,-6.096661821148336,5.196571350097656
1747536325.1851203,3.070684652814833,-6.114169132708225,4.7969818115234375
1747536325.2091925,3.039318418004075,-6.164235573387769,5.057096481323242
1747536325.2288961,3.0203835356469777,-6.192203501553724,5.151033401489258
1747536325.249025,2.9870069368395065,-6.223545701171492,5.0144195556640625
1747536325.269325,2.9642347979380026,-6.240794713547541,5.246162414550781
1747536325.2953722,2.908990552093027,-6.260634248207541,7.867574691772461
1747536325.324436,2.8668053407728546,-6.275602764231007,6.133317947387695
1747536325.3456323,2.839492392083009,-6.289021840087395,6.711721420288086
1747536325.3625777,2.7944003130576873,-6.3087990025494145,5.762338638305664
1747536325.3824744,2.7677423485163306,-6.314825202078641,6.759166717529297
1747536325.3982549,2.7096255503427926,-6.335747841883942,5.5522918701171875
1747536325.4154406,2.6418578134958257,-6.347401532493694,7.267236709594727
1747536325.4352696,2.55079994955054,-6.360492161757016,5.741119384765625
1747536325.453777,2.4870911329455394,-6.375973275195666,7.284641265869141
1747536325.4690995,2.418912735007559,-6.386001636489953,4.950523376464844
1747536325.484559,2.37432390457494,-6.39166053668617,4.879474639892578
1747536325.5090506,2.3183148126811814,-6.4108253851416555,4.822492599487305
1747536325.5249493,2.2929821824150576,-6.415987700318692,5.215644836425781
1747536325.5517845,2.242722347128452,-6.42480292534731,6.077766418457031
1747536325.5700576,2.176734639284623,-6.42724523899265,4.865169525146484
1747536325.58897,2.109768876085331,-6.429144944195617,5.0601959228515625
1747536325.6123948,2.040145918743119,-6.430875486261865,8.034467697143555
1747536325.63731,1.9705168753710014,-6.434067256699622,7.76982307434082
1747536325.6607,1.9014191551423507,-6.434565657284403,7.805347442626953
1747536325.682996,1.8626688228491461,-6.434351372625513,4.859447479248047
1747536325.6993124,1.7918620964384424,-6.4295057793080765,4.653692245483398
1747536325.713386,1.7460324067977113,-6.426474071825378,4.879951477050781
1747536325.7295532,1.7144078091368784,-6.423988159253114,4.724264144897461
1747536325.7487962,1.6650453486359256,-6.4231511704660464,4.837751388549805
1747536325.7693362,1.6172779963148411,-6.4166192421586645,4.891395568847656
1747536325.7891443,1.5736033845750246,-6.411080404031866,5.288362503051758
1747536325.812678,1.5342712093593307,-6.4063458487405445,6.922006607055664
1747536325.832688,1.465284357945828,-6.399335544011418,5.032062530517578
1747536325.8488202,1.4282083338307319,-6.390912429403408,4.923105239868164
1747536325.8693752,1.4000625269832065,-6.384670911807352,4.652261734008789
1747536325.8888512,1.38285998910173,-6.383419461387897,4.715442657470703
1747536325.9085355,1.3216093450040824,-6.3779600438796225,4.549980163574219
1747536325.9285064,1.2603561255637339,-6.376273806483537,4.850625991821289
1747536325.948516,1.2066075540817802,-6.375530185186686,4.614591598510742
1747536325.9703496,1.1126144862899328,-6.3521705801720785,5.3348541259765625
1747536325.9890819,1.0617073923018572,-6.33917888415228,4.7397613525390625
1747536326.004537,1.0274481947762046,-6.3322780536168155,4.751920700073242
1747536326.0285087,0.9414131120328504,-6.3133075026229015,4.760026931762695
1747536326.048965,0.891634277051705,-6.301902787196957,5.081653594970703
1747536326.0642874,0.8664166979144634,-6.2975855636851295,4.604101181030273
1747536326.0852273,0.8280546539708173,-6.291231093558547,5.440711975097656
1747536326.1133032,0.7595673384510409,-6.2725956769883915,9.469985961914062
1747536326.128778,0.7222565367815749,-6.264477554308197,5.029439926147461
1747536326.1489406,0.6651519480296717,-6.253339819767448,4.974603652954102
1747536326.1696236,0.5965866442531884,-6.2247446037187375,4.832029342651367
1747536326.1888173,0.5327330871466167,-6.209335737555171,4.896402359008789
1747536326.2086718,0.47865792417153186,-6.194892550940815,4.911184310913086
1747536326.2291887,0.4179057460993185,-6.1562329011428085,5.8765411376953125
1747536326.2527535,0.35234092751564544,-6.128415326043834,6.717205047607422
1747536326.2729414,0.30622313978473836,-6.110611485352839,7.26008415222168
1747536326.2985258,0.22391478264331988,-6.069115115927413,9.26971435546875
1747536326.3231692,0.14258072021231727,-6.041020354868565,6.356000900268555
1747536326.3404098,0.06550796258808186,-6.025289459771588,5.468845367431641
1747536326.3585775,-0.009691003750025885,-5.999954717367777,5.829095840454102
1747536326.3853955,-0.07486778378560967,-5.972217201519351,7.479190826416016
1747536326.4031236,-0.11702162901284612,-5.957823445525148,5.8193206787109375
1747536326.4231672,-0.12489219240886362,-5.914929462507803,7.106542587280273
1747536326.4431968,-0.11893453452817913,-5.876057102714503,7.0953369140625
1747536326.4590945,-0.1108343190052798,-5.85047142785264,5.782604217529297
1747536326.4748967,-0.1501769389185772,-5.808307122135426,6.190061569213867
1747536326.4923038,-0.14144620855581136,-5.763207718893357,6.007671356201172
1747536326.5106235,-0.1473743677846355,-5.726058637526564,6.468296051025391
1747536326.5301456,-0.1633067442174933,-5.68804891431775,6.168842315673828
1747536326.551512,-0.15724811473990125,-5.638113373947359,7.15327262878418
1747536326.572354,-0.186390294153335,-5.604294082145374,8.3770751953125
1747536326.5908904,-0.20866586010179708,-5.579868713600574,7.103443145751953
1747536326.6135235,-0.24743944489915407,-5.545062875619596,8.311033248901367
1747536326.6408205,-0.270836315885215,-5.483918041312082,8.462190628051758
1747536326.6634045,-0.28927237766926894,-5.431505632047222,9.757041931152344
1747536326.6889405,-0.3572727930344799,-5.372872397689791,7.561683654785156
1747536326.705619,-0.4082691440263964,-5.290141656656516,6.0405731201171875
1747536326.729632,-0.4323903123671387,-5.242196311023087,5.85484504699707
1747536326.7521825,-0.4962460797512911,-5.190985556112788,7.077217102050781
1747536326.7745762,-0.536693560606551,-5.137433222710887,6.42085075378418
1747536326.7938397,-0.559756907558816,-5.096641401665727,6.046056747436523
1747536326.809918,-0.5873773413666556,-5.041044016090197,5.5637359619140625
1747536326.830683,-0.6469616975626621,-4.987789959441424,6.731271743774414
1747536326.8503792,-0.6817464253856833,-4.95509157700958,5.254268646240234
1747536326.8661327,-0.7067127566218883,-4.911320028822506,6.298065185546875
1747536326.891191,-0.7777885889711589,-4.840144781999299,6.394624710083008
1747536326.9095597,-0.8156872118146663,-4.7808239901697425,5.544900894165039
1747536326.924162,-0.8314034444767067,-4.745318074498792,5.002498626708984
1747536326.9493144,-0.9298796878720049,-4.6640910947770315,5.648612976074219
1747536326.9657912,-0.9600107148163658,-4.616661585825448,5.619049072265625
1747536326.9942353,-0.9952947468800539,-4.545804878692213,6.31403923034668
1747536327.0165567,-1.069829358484151,-4.48224544235338,7.100343704223633
1747536327.0371296,-1.1066507305962796,-4.427309306804813,6.751775741577148
1747536327.0624146,-1.1321528575144524,-4.377849620380587,5.608558654785156
1747536327.082859,-1.1476370592228928,-4.339982757843912,5.316495895385742
1747536327.104832,-1.154839256722485,-4.317471293382031,4.8618316650390625
1747536327.2466614,-1.402423179284737,-3.874761355579421,5.902290344238281
1747536327.2642813,-1.442066168155505,-3.8058990923320106,4.939794540405273
1747536327.2793446,-1.4633042914485606,-3.735607119557866,4.83250617980957
1747536327.296707,-1.4709946228716138,-3.6829621034103073,7.680416107177734
1747536327.3139038,-1.5286662211425401,-3.598862597213283,4.913568496704102
1747536327.329062,-1.5452729442824644,-3.545034552418212,4.754781723022461
1747536327.344424,-1.552386705227763,-3.487533572693396,4.951715469360352
1747536327.3741546,-1.5892253271142966,-3.4128955942049437,7.539272308349609
1747536327.3984053,-1.6059796113754197,-3.338080379030957,5.344629287719727
1747536327.4149697,-1.6124489162977773,-3.283775256943899,6.0596466064453125
1747536327.4296415,-1.6201053592184884,-3.222593168490001,4.727363586425781
1747536327.4452386,-1.6026062475074367,-3.1648673815379853,4.840612411499023
1747536327.469329,-1.595608193976971,-3.0925629462928987,5.396842956542969
1747536327.4876337,-1.596202668335415,-3.0608002740444378,6.594419479370117
1747536327.5093155,-1.6226709527628305,-2.9733663209386316,4.870414733886719
1747536327.5290585,-1.636010047752642,-2.9076532353547404,5.155324935913086
1747536327.5458953,-1.6436129599373743,-2.8607496376428605,4.885673522949219
1747536327.578882,-1.5972921726188485,-2.7649617299722427,15.061140060424805
1747536327.5992928,-1.5644531657592944,-2.6882435689602393,5.202770233154297
1747536327.6240692,-1.5557734521499949,-2.6194562097205107,9.47117805480957
1747536327.6428423,-1.544334345612977,-2.543300908345695,6.146430969238281
1747536327.6579597,-1.5397134258688585,-2.469223713442417,4.914045333862305
1747536327.6728683,-1.5376774472385906,-2.3911918442565936,5.579710006713867
1747536327.6932397,-1.545626868207916,-2.3158169138963745,5.56635856628418
1747536327.7130952,-1.507384997575307,-2.237652350325425,6.243467330932617
1747536327.7332468,-1.492195697193251,-2.1627266636579874,7.906675338745117
1747536327.7549057,-1.4917125762401213,-2.0979273609062434,7.098913192749023
1747536327.7804785,-1.446809609191721,-2.0334267430864177,6.985664367675781
1747536327.8003502,-1.416792302883487,-1.9473575383544788,6.679296493530273
1747536327.8204057,-1.3965574066194155,-1.878157464987676,6.778478622436523
1747536327.842899,-1.3638309760730687,-1.799014168416788,5.801677703857422
1747536327.8583786,-1.340055489998201,-1.728070470893805,5.022525787353516
1747536327.8732145,-1.3322581878401865,-1.6816941749006893,5.13911247253418
1747536327.888093,-1.3325845399204304,-1.6405307573365657,5.035877227783203
1747536327.9092946,-1.2764199711835003,-1.5511064871036409,5.269765853881836
1747536327.9288907,-1.2501314061530133,-1.4988840621968005,5.141019821166992
1747536327.94912,-1.2336599977220482,-1.4489274782110024,5.319118499755859
1747536327.9708369,-1.1842502248820752,-1.3759462255481894,5.724906921386719
1747536327.987694,-1.1502470193243346,-1.3142564244161596,5.531787872314453
1747536328.0061803,-1.1242113878446964,-1.2572087405105246,7.020711898803711
1747536328.031318,-1.0560842999471802,-1.158126463179048,7.579565048217773
1747536328.0461247,-1.0242349784553166,-1.1071675894426876,5.4035186767578125
1747536328.0722485,-0.9822851062179763,-1.03455040188197,8.262872695922852
1747536328.093707,-0.9239336334215379,-0.9597563332308707,7.851839065551758
1747536328.1160548,-0.8777276276003976,-0.9031351070607587,7.383584976196289
1747536328.1390247,-0.8344405860937643,-0.8523976283109218,9.279489517211914
1747536328.1574175,-0.7640924270433115,-0.7751200330397201,7.140159606933594
1747536328.1778302,-0.7162338961635996,-0.7251157745832999,6.32166862487793
1747536328.1935225,-0.6794647688440675,-0.6844588623296662,6.01506233215332
1747536328.2138255,-0.649124156347753,-0.6494074595864695,8.258342742919922
1747536328.239605,-0.5918964365497379,-0.5982224017182078,10.077714920043945
1747536328.265059,-0.5414715718602375,-0.553335041312358,7.471561431884766
1747536328.2823944,-0.5119322654693559,-0.523944228465721,7.098913192749023
1747536328.298364,-0.4863257342968249,-0.47027759555013365,5.474567413330078
1747536328.31542,-0.4363565452215737,-0.4191777870329421,5.469799041748047
1747536328.3344154,-0.4013382972773734,-0.38169323495283286,7.195711135864258
1747536328.3506987,-0.3682961929419578,-0.34663001657260256,5.358457565307617
1747536328.3684442,-0.342183990309757,-0.32326103226032854,5.30552864074707
1747536328.389505,-0.26841762698176536,-0.2812819262946705,5.670785903930664
1747536328.4057033,-0.22503432607744622,-0.265661035719072,5.488157272338867
1747536328.4251611,-0.182068615867555,-0.2432236522533469,5.865335464477539
1747536328.4497614,-0.10801100412917695,-0.18988523617370237,5.026340484619141
1747536328.469659,-0.0546627668072579,-0.15409514840887947,5.932331085205078
1747536328.4893987,0.001973502910464465,-0.12150281963443375,5.794286727905273
1747536328.5066483,0.041650743641188745,-0.10364277865230355,4.972934722900391
1747536328.5296257,0.11670375298731858,-0.0522576913936348,5.548238754272461
1747536328.550445,0.16720644201351664,-0.01161607324672076,6.021261215209961
1747536328.569687,0.19838449838572383,0.0197089010879652,5.994558334350586
1747536328.5921688,0.275395500385092,0.04073247691060091,8.175134658813477
1747536328.612162,0.3228188867181691,0.04982652961280459,7.109880447387695
1747536328.6307552,0.3552365650525212,0.05895331750672762,5.535125732421875
1747536328.6492236,0.3661899072345447,0.07745756031994873,4.819154739379883
1747536328.6704779,0.3976204120627922,0.08640214502215637,6.761312484741211
1747536328.6889155,0.4411960391082857,0.09676468223307147,4.987478256225586
1747536328.711432,0.48214113144742643,0.10846347641957582,6.540536880493164
1747536328.729394,0.5099848062208768,0.11241749948008109,5.062103271484375
1747536328.7492423,0.5416872199229831,0.11175852301231387,5.073785781860352
1747536328.7763247,0.5678115272953569,0.11354121403007282,6.638526916503906
1747536328.7979212,0.6495865289627422,0.148141967987534,5.702733993530273
1747536328.8142996,0.679917840487889,0.17826256714699196,5.001068115234375
1747536328.8304775,0.725741046336408,0.19520913748744034,4.870891571044922
1747536328.8521993,0.8327301603494659,0.1945350744010395,7.367372512817383
1747536328.8689666,0.89882181359236,0.19635813765087723,4.719734191894531
1747536328.8885586,0.9860684129366051,0.20828273796052582,4.649877548217773
1747536328.912254,1.1120254444070994,0.19084452006483105,5.306243896484375
1747536328.929121,1.188234371343566,0.1804700677415326,4.810333251953125
1747536328.9452007,1.228542847084418,0.17282651622884887,5.709409713745117
1747536328.9685001,1.2853386395653195,0.16302736940439214,4.66465950012207
1747536328.9888678,1.353832882501399,0.1403697331699226,5.049705505371094
1747536329.0098221,1.408767266380296,0.1271919720210487,5.077123641967773
1747536329.0290911,1.4732564461132442,0.11770862243389274,4.907846450805664
1747536329.0493643,1.5475452900407534,0.09061273780763784,5.176782608032227
1747536329.0690842,1.6063683232449715,0.07153181281895368,4.830360412597656
1747536329.0911274,1.6530536403794684,0.05765739217851301,6.800651550292969
1747536329.1108952,1.7139906054194647,0.04633029071137097,4.810810089111328
1747536329.128469,1.8003872350323662,0.030291060592297345,4.633903503417969
1747536329.1484568,1.8756873309555493,0.018864540083631674,4.636287689208984
