time,x,y,computation_time_ms
1747536525.9912605,-1.7533641596812264,-6.285638163086774,8.108377456665039
1747536526.03029,-0.9501165686102544,-6.663370854601381,8.301496505737305
1747536526.0747235,0.5254810262212829,0.20553411146287554,12.731552124023438
1747536526.094732,0.5192582817635388,0.2012403443168436,7.444143295288086
1747536526.1147525,0.5272207139190932,0.20183788859620438,5.234718322753906
1747536526.1321547,0.5374740675630556,0.20308087016705256,4.9877166748046875
1747536526.157209,0.4873771435068914,0.19940206015078,10.830879211425781
1747536526.2258,0.4741902270375397,0.1986939514175541,20.984411239624023
1747536526.2671564,0.48313419338013663,0.19922570067914294,10.221719741821289
1747536526.295417,0.5957484341722404,0.2523364920534247,8.797168731689453
1747536526.3199353,0.5557767088633253,0.2428642918399019,6.49714469909668
1747536526.3392644,0.5330617381745258,0.2360325139002659,6.014347076416016
1747536526.356705,0.5466393781266838,0.23264051828405705,5.953788757324219
1747536526.3736024,0.5516270876085986,0.22965553256062718,5.179643630981445
1747536526.395099,0.557984215175069,0.22904162865069155,7.048606872558594
1747536526.4131415,0.5457308748856119,0.22734803420478258,5.637884140014648
1747536526.441976,0.5509630726505585,0.22860632557188476,8.509159088134766
1747536526.4770813,0.6789673439141566,0.2557393073933256,7.451295852661133
1747536526.494085,0.6438849797387456,0.24319701782456046,4.933357238769531
1747536526.5213263,0.5986193350120974,0.22551634083937136,8.326053619384766
1747536526.55527,0.5501379905256235,0.2171358121824335,7.507801055908203
1747536526.5913022,0.539892032760143,0.21894764915846765,9.092330932617188
1747536526.612816,0.5324169574762048,0.20830729182126834,6.746768951416016
1747536526.6353428,0.5257467128014459,0.2004150154465259,6.206035614013672
1747536526.6781545,0.9729469260704139,0.442789590335502,5.415678024291992
1747536526.701545,0.88922874528185,0.36601470429377453,6.4525604248046875
1747536526.7198904,0.730160122262187,0.2790945100707124,4.990816116333008
1747536526.747017,0.5725511660284137,0.2203374502348679,11.10696792602539
1747536526.8012788,0.5445103852026336,0.21280947511620346,10.73455810546875
1747536526.843029,0.5262045640591942,0.2032894952956037,8.862495422363281
1747536526.8946002,0.516794623717943,0.20839719319404792,8.90350341796875
1747536526.9357467,0.5151173297699011,0.21209269805477293,11.251449584960938
1747536526.9574585,0.5249018261764261,0.21833383401096515,6.597280502319336
1747536526.9806962,0.5323981078973906,0.22264751456368287,10.814428329467773
1747536526.9990313,0.5420165660989525,0.21871263058196086,5.310773849487305
1747536527.021523,0.5424961457052049,0.21304390747654595,5.527019500732422
1747536527.0411704,0.5312954828022018,0.20714442856449677,5.699396133422852
1747536527.0663917,0.5296581425278231,0.20463847055700796,11.643648147583008
1747536527.0907633,0.512288884594079,0.19791215158628447,7.018566131591797
1747536527.1097581,0.4991874459799562,0.19333838361651268,7.03883171081543
1747536527.1654282,0.4725319136383265,0.1926640712810358,10.332584381103516
1747536527.1901112,0.46238331801681165,0.19337965854528472,7.730007171630859
1747536527.2089353,0.4784721862471312,0.1988642454158077,6.194114685058594
1747536527.227464,0.506101797012078,0.2095840494529167,5.340099334716797
1747536527.2520428,0.5234139582861597,0.21696545598898645,5.150079727172852
1747536527.2767596,0.5266478346614254,0.21429732497320245,6.9522857666015625
1747536527.3068476,0.5249999438379507,0.20998325234820456,8.763790130615234
1747536527.332707,0.5092558969639289,0.20466853064033133,5.181789398193359
1747536527.351535,0.4927908204209447,0.1989398443866727,5.307435989379883
1747536527.3944554,0.486172592309673,0.19529626001815334,11.36636734008789
1747536527.4481814,0.496119741036299,0.20393643268705264,10.751485824584961
1747536527.4692779,0.49489470803762053,0.19927610874491883,7.896900177001953
1747536527.4901953,0.49540328527949645,0.19555372850962724,5.431890487670898
1747536527.5069947,0.4987601740846845,0.19428352937169963,6.197214126586914
1747536527.535205,0.4969536805547201,0.19615530391864933,6.35218620300293
1747536527.553351,0.494506720113681,0.19559937347739342,5.234003067016602
1747536527.580119,0.4938913523396373,0.19525924562057603,5.1021575927734375
1747536527.5968583,0.4930098814012373,0.19472487202639274,5.218982696533203
1747536527.613712,0.4891518762198378,0.19314321267439058,5.252838134765625
1747536527.6617959,0.4719364858030681,0.19613499057677639,7.885932922363281
1747536527.6948392,0.464572830481757,0.19962640768443263,8.626699447631836
1747536527.7311838,0.4591849846897495,0.1980935089824129,7.260560989379883
1747536527.749806,0.4549444326391154,0.1958308297963062,5.149126052856445
1747536527.7712204,0.4506668181609791,0.19331378526901455,5.128622055053711
1747536527.8015347,0.45926663233156517,0.1931730120700013,12.659788131713867
1747536527.8188014,0.4609946982383938,0.19295506881343333,5.044460296630859
1747536527.8435144,0.45758022264771964,0.19273881781972582,7.601261138916016
1747536527.8686767,0.4446970181397234,0.1973169282138216,7.086277008056641
1747536527.8878279,0.43619954086842555,0.19933837981448374,6.696462631225586
1747536527.9192262,0.43492787661133114,0.19424557251805022,9.401082992553711
1747536527.9608495,0.4271386933904036,0.19076956150408977,8.104562759399414
1747536527.9850714,0.43372407687570014,0.18989193442516047,7.989168167114258
1747536528.0070648,0.44066077748790317,0.18982121045853642,5.055427551269531
1747536528.0461495,0.43965385643097393,0.18958332288862018,7.156133651733398
1747536528.0654302,0.45838420626571025,0.18830219481847033,5.661725997924805
1747536528.0809956,0.4859395364935264,0.18804837079189837,5.235433578491211
1747536528.0989642,0.5206084904645931,0.18838091233124576,5.078792572021484
1747536528.1261494,0.48706427993929957,0.18991715934311543,11.006832122802734
1747536528.164202,0.4707912447412966,0.19012313714582418,10.12420654296875
1747536528.2067335,0.4879347756681727,0.19172158890945934,11.599302291870117
1747536528.24226,0.5044793685859437,0.1940922078875029,8.32509994506836
1747536528.266003,0.48977267273212716,0.1945422458138599,6.641387939453125
1747536528.2941234,0.4751861960968925,0.19316981791042834,9.195566177368164
1747536528.319249,0.4859480691890274,0.19053721839257398,6.173133850097656
1747536528.3452823,0.5215389909294688,0.19210765656004955,8.768558502197266
1747536528.3730676,0.552544967285634,0.19424688852549177,6.591558456420898
1747536528.4044354,0.5589399544375587,0.1953322547874787,9.578466415405273
1747536528.4456053,0.5755540914700804,0.19625610327542525,14.560699462890625
1747536528.4770625,0.5729453913456671,0.19646853602549127,9.32002067565918
1747536528.49702,0.5702114413019606,0.19952322097666178,5.590200424194336
1747536528.5156775,0.5470322100836352,0.1977691125007857,4.999637603759766
1747536528.5338237,0.51726003728718,0.1952681572052964,7.629871368408203
1747536528.5556035,0.5058081583871004,0.1972371171489626,8.717536926269531
1747536528.5817552,0.511047043369932,0.19903668698298285,8.218050003051758
1747536528.6027892,0.5109408171759813,0.1984614526850239,7.328271865844727
1747536528.6189563,0.5133030534509067,0.19957359984942344,5.020380020141602
1747536528.6516137,0.5276105708540129,0.20115052765730546,17.934083938598633
1747536528.679655,0.5466060865625662,0.2038535952490775,6.56890869140625
1747536528.6989696,0.5577930953757285,0.20630569215941827,7.732391357421875
1747536528.7491214,0.5248437504189593,0.20340533593291787,9.302377700805664
1747536528.8193767,0.5066495975448589,0.2051916637470621,27.302980422973633
1747536528.8644812,0.5167595578959793,0.21047337940581512,9.430170059204102
1747536528.8931596,0.5324855546111815,0.21558246301414258,7.513761520385742
1747536528.9228027,0.5278132304662186,0.2168802680515726,7.494449615478516
1747536528.948073,0.5306118376166568,0.21963719209746382,7.313728332519531
1747536528.9731545,0.5311175310309848,0.217271537384421,7.797479629516602
1747536528.9971695,0.5326408097740448,0.21809431904856452,6.220340728759766
1747536529.0182376,0.5320350051291377,0.21788986959391818,5.884647369384766
1747536529.0363789,0.5311761268915588,0.2180624946481333,5.910158157348633
1747536529.0528336,0.5325010601258451,0.2168586852615023,5.012035369873047
1747536529.0769486,0.5324477852685096,0.2185026622133251,4.948139190673828
1747536529.092296,0.5190048834067665,0.21479915189025806,5.000114440917969
1747536529.1291792,0.5092221082114137,0.21146008233905078,7.160186767578125
1747536529.1559372,0.49765585204821466,0.20899048089140734,5.051612854003906
1747536529.1765125,0.5012936320701027,0.20687442360089656,5.010843276977539
1747536529.1937792,0.49902885716023554,0.20445929792029316,5.499124526977539
1747536529.221046,0.4950725311299084,0.20045562731946248,7.548093795776367
1747536529.3613093,0.4950376513049156,0.19764713979245938,8.239030838012695
1747536529.4043143,0.495175012515134,0.19560592650959524,18.340587615966797
1747536529.4453273,0.4923655800228192,0.20038264956711344,22.34649658203125
1747536529.475356,0.5004031678354306,0.2036862956339605,5.130290985107422
1747536529.4954655,0.5085681794025664,0.2060607714092052,4.921674728393555
1747536529.5182486,0.510112488870404,0.20951537605718573,5.072593688964844
1747536529.5375738,0.5148787555824166,0.21126042077772714,5.202531814575195
1747536529.5608041,0.5097461297776075,0.21117672597715087,5.390167236328125
1747536529.5777125,0.4987603216723893,0.21071363209139635,6.993770599365234
1747536529.5937555,0.49729074402795787,0.21032738145104293,6.493806838989258
1747536529.60951,0.48785110382009145,0.21112606464126413,5.658626556396484
1747536529.6284313,0.4685397296592728,0.20872114402644434,6.8874359130859375
1747536529.647166,0.4567142176914804,0.20607650717664505,5.782842636108398
1747536529.6691535,0.44566417381851586,0.20185862674552618,8.312702178955078
1747536529.6893926,0.434589289132738,0.18860613448967403,7.5531005859375
1747536529.7069426,0.4273829730979372,0.18063885505385086,5.222082138061523
1747536529.7321832,0.4269685485096555,0.17680683588886187,5.434513092041016
1747536529.7519042,0.45031877841842594,0.17783197101641218,5.101203918457031
1747536529.7709262,0.47945149829004635,0.1787598029360171,5.008935928344727
1747536529.7895205,0.5672800378936247,0.1846432492523419,6.23011589050293
1747536529.810186,0.6377288790400494,0.193021662186898,7.417440414428711
1747536529.8294427,0.7012403206171276,0.18899538260795298,7.547140121459961
1747536529.8520029,0.7624937695895557,0.18904072048789544,4.96983528137207
1747536529.8739152,0.8000853893954796,0.19198343253556602,5.507946014404297
1747536529.8934588,0.8640886384771554,0.18855242049933607,6.309032440185547
1747536529.9096625,0.8975368149587089,0.18765904521154833,5.365610122680664
1747536529.928367,0.9392290060736437,0.18825229293392023,6.96873664855957
1747536529.959693,1.0234641504073074,0.17971787352743634,11.619806289672852
1747536529.9951632,1.0643254239273705,0.1719005959611497,7.163524627685547
1747536530.0163558,1.1127874303120202,0.16356943909340155,5.030155181884766
1747536530.03822,1.1400672163321088,0.16225974648150943,6.485223770141602
1747536530.0546968,1.2052869920612235,0.14994590916643455,5.158662796020508
1747536530.0702653,1.2470240545024662,0.14718726090695697,5.774736404418945
1747536530.09059,1.312287186551285,0.1442107668771881,4.661321640014648
1747536530.1115055,1.379825475069591,0.14058755800372866,8.296489715576172
1747536530.1372764,1.4171402653537095,0.12221976159813724,6.721973419189453
1747536530.158697,1.4302337224431503,0.11277473260845533,5.124330520629883
1747536530.176998,1.4393854753787174,0.08731223014477131,5.087614059448242
1747536530.1915555,1.44768312852298,0.06762572930999396,4.836082458496094
1747536530.2095892,1.4501235049563475,0.05445660174497534,5.637884140014648
1747536530.2302558,1.455767280876232,0.04446650936295788,8.043527603149414
1747536530.2542827,1.5001562323431359,0.014697893104785264,7.984399795532227
1747536530.2741044,1.5373942958996563,-0.0026177223592490383,6.125211715698242
1747536530.290675,1.5588253428748544,-0.011164426842428356,4.706144332885742
1747536530.3087032,1.580151754872612,-0.037788576521707605,6.389379501342773
1747536530.3261468,1.602120661607684,-0.05857223454792461,4.786491394042969
1747536530.3501482,1.6136389995916522,-0.06926827276754795,7.038354873657227
1747536530.3754554,1.6261604653963075,-0.12084128925960803,8.47768783569336
1747536530.3981955,1.6440002100240652,-0.1534151370539972,7.09223747253418
1747536530.4154816,1.6437127658945079,-0.17334204190742097,5.607843399047852
1747536530.4361937,1.6794658168739576,-0.21009927919022736,5.249977111816406
1747536530.4535205,1.7071577759602419,-0.23467400859199097,5.789995193481445
1747536530.470691,1.7273194582086453,-0.25346011480785974,4.86445426940918
1747536530.4905999,1.7455706690933463,-0.26678155434095374,4.7740936279296875
1747536530.5211132,1.7597947995613534,-0.2993025887602455,8.136749267578125
1747536530.5467486,1.7749204499999336,-0.3219171113765171,8.007287979125977
1747536530.5658112,1.7895237177813799,-0.34297594145132154,6.038427352905273
1747536530.5843897,1.8330552742706367,-0.36819326737347124,7.283210754394531
1747536530.6016972,1.8796279475011926,-0.397915882220181,5.543231964111328
1747536530.6215465,1.8941080212975756,-0.4120710562542206,5.984067916870117
1747536530.642712,1.9240830990814386,-0.44001365812119736,7.777690887451172
1747536530.6586425,1.9382605075185388,-0.45724659962182057,5.446910858154297
1747536530.6791022,1.9587134697212618,-0.4738104258196126,7.452487945556641
1747536530.7039142,2.0147994157646574,-0.5137464766980058,9.23466682434082
1747536530.7235384,2.058633770185618,-0.5425833584552567,8.359670639038086
1747536530.7399695,2.0884624864341603,-0.5613756118854372,5.298614501953125
1747536530.75847,2.1214945915307224,-0.5838283620185696,6.5631866455078125
1747536530.777903,2.1802977746181886,-0.6033138801427181,6.065845489501953
1747536530.7954147,2.2218390019943492,-0.6174630892000438,7.6580047607421875
1747536530.8132687,2.255197919877969,-0.6303998380091028,6.310462951660156
1747536530.8339617,2.3000475132679186,-0.6643378090332591,7.642507553100586
1747536530.85349,2.3222138025522012,-0.683125391927135,6.384611129760742
1747536530.8752706,2.3525939620913654,-0.7097779760827116,7.643222808837891
1747536530.8998394,2.4167429261136024,-0.7328734460902205,6.187200546264648
1747536530.9229178,2.46833383501162,-0.7570416732731117,8.634567260742188
1747536530.941059,2.5053391711062774,-0.7856130069048652,6.332874298095703
1747536530.9602847,2.5297400002052046,-0.8017642724216979,5.717277526855469
1747536530.9805424,2.539678054173053,-0.8155904285739141,6.250143051147461
1747536530.9983616,2.550558728284417,-0.8303101546518997,6.042718887329102
1747536531.0176692,2.5601928945186208,-0.8482271829687903,7.2917938232421875
1747536531.0364475,2.593633571637477,-0.8836225868411851,5.561590194702148
1747536531.0550752,2.6125680417957122,-0.9155162500286986,5.708456039428711
1747536531.0716426,2.619859269028976,-0.9384720996886396,5.77998161315918
1747536531.096056,2.654347213310839,-0.983964180752783,6.058454513549805
1747536531.1155362,2.677138868966493,-1.0262009232044023,5.730390548706055
1747536531.1347852,2.6890426215907355,-1.0673143940061252,7.028341293334961
1747536531.153697,2.694420180600775,-1.113530022583528,6.256818771362305
1747536531.1747725,2.723346253777562,-1.1673729272742854,7.481813430786133
1747536531.1932588,2.7250384087581945,-1.2187221928291596,5.460500717163086
1747536531.2103486,2.713464331558741,-1.2876859086838561,5.220651626586914
1747536531.2343323,2.7279368461438542,-1.3327196766213094,8.203744888305664
1747536531.2543364,2.7270712016087106,-1.3773679263895053,6.139516830444336
1747536531.2739532,2.721532703254121,-1.4236280613951102,6.959438323974609
1747536531.2949274,2.710364437438288,-1.4813624811062622,4.986286163330078
1747536531.3138149,2.7096316200218364,-1.5228971666608846,4.99725341796875
1747536531.3317578,2.7041348637707228,-1.5633825776059602,4.880428314208984
1747536531.353402,2.690338602676635,-1.6431375712106053,5.779027938842773
1747536531.3738527,2.6843632053747624,-1.6911205453296805,6.903648376464844
1747536531.3916974,2.66351099424498,-1.7342965856655048,5.45954704284668
1747536531.4115908,2.641686064690882,-1.7808486954450957,4.940271377563477
1747536531.43356,2.6631062461746815,-1.8327906459946297,7.182598114013672
1747536531.4520319,2.6758457857168434,-1.8814500549791904,4.878759384155273
1747536531.4776907,2.6860974629408245,-1.9094062987257527,6.8569183349609375
1747536531.5100608,2.6612869322233297,-1.976977934813772,9.598731994628906
1747536531.5350688,2.6458057280903695,-2.0578994726457225,7.691144943237305
1747536531.5585763,2.6011503808531438,-2.1202562817166495,6.547689437866211
1747536531.5841403,2.5785803891548973,-2.1642386680285854,6.045818328857422
1747536531.6070216,2.5580504859579496,-2.204828185594631,8.785009384155273
1747536531.6397874,2.513243229042531,-2.307204925635594,6.450414657592773
1747536531.6666214,2.4910782205449387,-2.3575811370037987,7.256269454956055
1747536531.6906443,2.4724226077038254,-2.411707824662567,6.52313232421875
1747536531.7156377,2.4494951128171554,-2.5159961595844074,7.340192794799805
1747536531.7386794,2.4512073104810668,-2.565619949330526,6.203651428222656
1747536531.771765,2.4525462269352722,-2.6232669098650323,8.025646209716797
1747536531.8118591,2.44479272659139,-2.7184334607460765,11.758089065551758
1747536531.856106,2.445179672019736,-2.821021131516593,9.861469268798828
1747536531.8933268,2.457109067458623,-2.93767774002102,9.725570678710938
1747536531.9176834,2.467896175879776,-3.0535408471499905,4.882097244262695
1747536531.9377031,2.4619361496431007,-3.108779688126948,8.701801300048828
1747536531.9569998,2.5113442417595304,-3.1742981212865793,5.241155624389648
1747536531.9747937,2.5330251934356975,-3.2139784352544836,5.286931991577148
1747536532.0006616,2.555992887658865,-3.273331933780738,5.212306976318359
1747536532.018255,2.5603292451776833,-3.3156068535932173,5.516529083251953
1747536532.0401669,2.6179470887854994,-3.3648291813582323,5.558252334594727
1747536532.0714266,2.6604268785313674,-3.4115058455946214,7.537364959716797
1747536532.0906656,2.6836840336048926,-3.439384081078408,6.331920623779297
1747536532.1107,2.7424030047289647,-3.495668037641837,6.164312362670898
1747536532.130089,2.781791475794509,-3.5323449904293778,7.581949234008789
1747536532.1483548,2.809421544472761,-3.562523254414632,7.201671600341797
1747536532.1659443,2.8333548352980595,-3.5926800109432984,6.000995635986328
1747536532.1813722,2.8670144947790264,-3.6437307941417245,4.817724227905273
1747536532.198634,2.9062756059620827,-3.6850342470446655,5.45191764831543
1747536532.2173893,2.9408873105634346,-3.717603083826196,6.329059600830078
1747536532.2658346,3.026423121830327,-3.8077205279199666,6.543397903442383
1747536532.286374,3.06366423864717,-3.843091582512967,6.142377853393555
1747536532.3111124,3.1270937001515224,-3.8980267834983153,9.339570999145508
1747536532.332935,3.1976638960639407,-3.9778128580929746,5.558013916015625
1747536532.3537884,3.2201723127300026,-4.0080462615516135,5.036830902099609
1747536532.376471,3.283191671364888,-4.08304311021442,4.876852035522461
1747536532.3964667,3.3131017962754057,-4.122054696819904,4.728555679321289
1747536532.4121158,3.337749423620135,-4.151239532356966,4.964351654052734
1747536532.4323237,3.3997867691084194,-4.224811844278432,4.88591194152832
1747536532.4491434,3.44013602609483,-4.261410540802946,5.103826522827148
1747536532.472787,3.4702401534707503,-4.300374686669562,5.898237228393555
1747536532.4967244,3.500023829477702,-4.334861687316704,6.756067276000977
1747536532.5138178,3.531792957100505,-4.367983180287732,4.519939422607422
1747536532.5313103,3.55905277139562,-4.419172842706374,4.590511322021484
1747536532.553526,3.5736812668254334,-4.456488882114083,5.23829460144043
1747536532.5735466,3.588509046131966,-4.5177243637919835,5.593538284301758
1747536532.596798,3.6102889418624464,-4.572006606327183,5.3462982177734375
1747536532.6168048,3.626378182283514,-4.6160006835714515,5.209922790527344
1747536532.6530337,3.6474458389883457,-4.671062768375411,10.00213623046875
1747536532.6884046,3.678110279341503,-4.781572140422213,6.70933723449707
1747536532.7135856,3.6967910950181357,-4.886164241482698,5.659341812133789
1747536532.7338195,3.7105050206724157,-4.932386469291403,7.1163177490234375
1747536532.7724164,3.695999084821033,-4.994029290030759,9.447336196899414
1747536532.7932367,3.6921803296415816,-5.071135811953221,6.220579147338867
1747536532.8149047,3.6852350542950374,-5.114038297773814,5.428314208984375
1747536532.8509002,3.6854574519362355,-5.18834402017894,9.810447692871094
1747536532.8780153,3.6676674391199313,-5.273089960688182,7.079362869262695
1747536532.9216418,3.6581580660768456,-5.316074442429556,11.604785919189453
1747536532.9593992,3.6169117961996387,-5.42243953832724,9.114265441894531
1747536532.9898908,3.601776416780812,-5.467229559347353,9.691476821899414
1747536533.0184178,3.5624868981104454,-5.531713936888999,7.510662078857422
1747536533.0387406,3.5452242663370916,-5.556089946403629,7.282495498657227
1747536533.057746,3.543828955581267,-5.570350283059984,6.936073303222656
1747536533.0892978,3.5275466386610828,-5.5946269135416395,9.229660034179688
1747536533.120508,3.4814086651533502,-5.6600587989193,8.8043212890625
1747536533.1517065,3.4339877275285966,-5.7086647639771915,7.32874870300293
1747536533.1826766,3.3999032406421716,-5.734947940568549,10.598182678222656
1747536533.212765,3.395832694216229,-5.759374522677601,11.573314666748047
1747536533.2423613,3.35033320210676,-5.8083655469552165,8.231401443481445
1747536533.2725282,3.32396531893101,-5.841340216907539,7.43412971496582
1747536533.3206768,3.271448526891275,-5.885100521710488,15.963554382324219
1747536533.3688915,3.1708838180853336,-5.9502036344027385,7.652044296264648
1747536533.3926485,3.07689569577225,-6.005114980901731,6.6776275634765625
1747536533.4131331,3.033823321066536,-6.024438990370072,5.729436874389648
1747536533.4337382,3.0083625303234323,-6.035434603297431,5.477190017700195
1747536533.4535804,2.9662640722226583,-6.064035093275101,5.14984130859375
1747536533.4713793,2.9216736933184326,-6.084194064508039,5.231142044067383
1747536533.4894555,2.8734744664767473,-6.09681106908854,5.479097366333008
1747536533.513851,2.8029662001469795,-6.118018476890351,5.886316299438477
1747536533.5516748,2.749240316725263,-6.159338929160896,10.556459426879883
1747536533.5935228,2.6994838862170396,-6.1956249855431365,12.582540512084961
1747536533.6411264,2.5693368815444706,-6.247112210243823,10.074853897094727
1747536533.683221,2.4971641088598844,-6.285718205327217,5.659580230712891
1747536533.7043517,2.46225523493224,-6.302268392858158,7.413625717163086
1747536533.7252765,2.423811657662177,-6.314046372610423,8.409500122070312
1747536533.7740076,2.3450026834292736,-6.334628502068808,16.53265953063965
1747536533.8054574,2.2438151428931645,-6.366731184539839,8.688211441040039
1747536533.8221817,2.2056840113104634,-6.376870751334849,6.002664566040039
1747536533.8453689,2.130898378273659,-6.391269813084756,6.06083869934082
1747536533.8614874,2.074614424369558,-6.3985229785894555,5.287647247314453
1747536533.8851557,2.011145121661449,-6.409390059148495,9.116172790527344
1747536533.9037018,1.978701962492446,-6.4152181981175245,6.645679473876953
1747536533.9218867,1.9123941341689705,-6.430235829549612,6.355047225952148
1747536533.944187,1.855159107155293,-6.438716573931452,5.293607711791992
1747536533.9611018,1.7995843464335675,-6.446644751467837,6.781816482543945
1747536533.9826026,1.7260254958124701,-6.450948020511464,7.977008819580078
1747536533.9985447,1.682246008893257,-6.442087830923484,4.761934280395508
1747536534.014422,1.6245430046690543,-6.4345054966446105,4.732608795166016
1747536534.0331993,1.5554838644700721,-6.435519603043481,6.38890266418457
1747536534.0502732,1.513718397494357,-6.434633932574643,4.663944244384766
1747536534.0734513,1.45600092434762,-6.432425933119025,5.701541900634766
1747536534.0935316,1.432174133901577,-6.43070559038163,5.803585052490234
1747536534.1099877,1.3654706728052703,-6.426423291434018,4.96363639831543
1747536534.1314232,1.29932340459127,-6.4195135409395,9.084224700927734
1747536534.1472604,1.2538817426804105,-6.414318744086006,4.903078079223633
1747536534.1684716,1.1841957888354315,-6.396487987401575,4.78672981262207
1747536534.1964598,1.100273630403362,-6.379937546312379,5.234241485595703
1747536534.2178907,1.0672134636458461,-6.376745350233145,6.733894348144531
1747536534.379378,0.6081548908666574,-6.235975372260154,5.016326904296875
1747536534.3955233,0.57071847609014,-6.223554883632291,4.956722259521484
1747536534.414867,0.5600386893322973,-6.222129533658838,4.915475845336914
1747536534.4299784,0.4992867060686741,-6.1890659495069755,4.94837760925293
1747536534.4538558,0.42358225893952556,-6.154346348412351,5.896568298339844
1747536534.4710236,0.3931088709464167,-6.140534291624991,5.284786224365234
1747536534.4988894,0.33280400982030195,-6.120508302226114,9.230613708496094
1747536534.5158186,0.2747251600539707,-6.090872224749311,5.1364898681640625
1747536534.5350432,0.23618675639749523,-6.073054403219225,7.606267929077148
1747536534.553639,0.17816547981012906,-6.053698603618304,5.737066268920898
1747536534.5711703,0.2417537709596252,-6.005793815536279,6.621837615966797
1747536534.5896018,0.2471383191629849,-5.962231060042375,6.342887878417969
1747536534.614798,0.2087041332746108,-5.910636644211365,6.642818450927734
1747536534.6341107,0.17648327071939687,-5.889519468252124,6.735324859619141
1747536534.649187,0.1076614582858252,-5.861322635070498,5.715370178222656
1747536534.6674316,0.051602735292330705,-5.842305829570778,5.572080612182617
1747536534.6870062,-0.23753550152012393,-5.827663598980338,6.008386611938477
1747536534.7092092,-0.3239951251689741,-5.804623527738908,8.641242980957031
1747536534.733226,-0.3426343172823294,-5.74284613060559,6.628751754760742
1747536534.753019,-0.3629843701736239,-5.6968387077931695,6.450414657592773
1747536534.7731557,-0.37924606498539765,-5.656050466232858,6.892204284667969
1747536534.793473,-0.35609950831479387,-5.5825719872894,7.112979888916016
1747536534.8150058,-0.3480283332322762,-5.536387798661843,6.730318069458008
1747536534.832114,-0.35982708602990826,-5.477226842651687,6.408214569091797
1747536534.855032,-0.3858432442236487,-5.389785673765678,7.225990295410156
1747536534.8734999,-0.37325568228219336,-5.3490729851242005,6.919384002685547
1747536534.8948731,-0.37076090257280025,-5.315228215005886,7.86590576171875
1747536534.9136298,-0.3733108481240174,-5.291193747288364,6.477594375610352
1747536534.9322333,-0.3494825114548102,-5.24674329362317,7.28607177734375
1747536534.9540472,-0.3765618689474193,-5.1931229532664736,6.6375732421875
1747536534.976043,-0.37675206240995335,-5.161475253678513,6.051540374755859
1747536534.9982016,-0.4436624243561317,-5.1259619456896335,6.534099578857422
1747536535.021989,-0.49120091299410473,-5.085189666871978,7.745265960693359
1747536535.0425787,-0.517489300503033,-5.058307672455293,6.835222244262695
1747536535.063895,-0.5574961506798098,-5.01280497111225,6.767511367797852
1747536535.0817492,-0.5913309175138375,-4.9812694336506915,7.120847702026367
1747536535.0986319,-0.6139252332611062,-4.94620638593953,5.4607391357421875
1747536535.1176074,-0.633807862165807,-4.907880038687334,7.325172424316406
1747536535.1377685,-0.6964860374683912,-4.881599663654828,5.924224853515625
1747536535.1557972,-0.7522092807013593,-4.8304165561993075,5.408763885498047
1747536535.174682,-0.7624172535812817,-4.811834259067455,5.169391632080078
1747536535.1921117,-0.8812346308684986,-4.7579737704307865,5.339860916137695
1747536535.216134,-0.9305096233746448,-4.7155782144919804,5.41234016418457
1747536535.2349987,-0.9584782048279721,-4.675269390928799,5.7735443115234375
1747536535.2519014,-1.0502320947577863,-4.628165889133624,5.476713180541992
1747536535.278951,-1.1230392688265667,-4.573793435875081,7.269144058227539
1747536535.2954755,-1.1567022025072065,-4.533054155067719,4.8465728759765625
1747536535.3228977,-1.2361549484475898,-4.490300949178627,8.46099853515625
1747536535.3495772,-1.269715727445309,-4.429565570081858,7.245063781738281
1747536535.3746006,-1.2778196312766457,-4.393961056510726,6.336212158203125
1747536535.3956544,-1.3805497592934088,-4.275494618906928,5.425930023193359
1747536535.4137118,-1.3971731415796032,-4.239425812949585,5.324363708496094
1747536535.438162,-1.4248650821023239,-4.17548790923372,6.653070449829102
1747536535.4572592,-1.4834646913890355,-4.1189918494461,5.928516387939453
1747536535.476087,-1.5135847370677904,-4.049355820040978,4.922389984130859
1747536535.493666,-1.5348134054066283,-3.9777564283154874,5.357265472412109
1747536535.5132341,-1.5973034308499046,-3.905532375514177,5.459070205688477
1747536535.531732,-1.622213576322326,-3.8363323342075817,5.229473114013672
1747536535.549215,-1.6280321436009455,-3.783111793767936,6.087779998779297
1747536535.5698373,-1.6344295430675952,-3.7188936877951773,6.754636764526367
1747536535.5890934,-1.6543296703286934,-3.646965916211262,7.595062255859375
1747536535.6137207,-1.6596269698104378,-3.5694991691476776,6.029844284057617
1747536535.6415424,-1.6619547201285985,-3.5064222924436965,9.310483932495117
1747536535.6637502,-1.6827897337346995,-3.4344036415520347,7.2784423828125
1747536535.6850858,-1.6890163492528525,-3.3874569587540146,6.521463394165039
1747536535.700934,-1.7006207571446006,-3.315857367029853,5.537509918212891
1747536535.721777,-1.7081707942616637,-3.2404032313174973,5.403280258178711
1747536535.738349,-1.72056443157803,-3.1622031004636684,6.48808479309082
1747536535.7635736,-1.7265954589835184,-3.096562339817893,12.120485305786133
1747536535.7954814,-1.6966671940377676,-2.952706273741574,6.363391876220703
1747536535.8229458,-1.694063725452506,-2.8935532103108814,6.729602813720703
1747536535.8427935,-1.6812198190866527,-2.796928486873702,5.151033401489258
1747536535.8638108,-1.6770062873030795,-2.7306163245840995,5.326271057128906
1747536535.879034,-1.6769170607613797,-2.660282458832359,5.076169967651367
1747536535.8975616,-1.6810177372738044,-2.5935469788829506,5.890607833862305
1747536535.9136608,-1.6405117372378115,-2.511419254043736,5.52678108215332
1747536535.9304023,-1.6237481564464042,-2.473188145818775,5.180597305297852
1747536535.9481685,-1.616740711399694,-2.424989688685923,6.774187088012695
1747536535.9735775,-1.6168751262399503,-2.3623283293571666,7.264137268066406
1747536535.9937744,-1.6324066927934213,-2.3129667863871775,7.2879791259765625
1747536536.0133755,-1.5812146238680833,-2.2439842738862033,5.469799041748047
1747536536.0320995,-1.557133784430191,-2.183861315101859,5.169391632080078
1747536536.0536747,-1.5465320340191817,-2.1417595551477233,6.073951721191406
1747536536.0707846,-1.5054225023598062,-2.092781975282187,4.922389984130859
1747536536.091842,-1.4828222124188297,-2.0211617376430673,5.056142807006836
1747536536.114486,-1.4682717605772937,-1.9694692979032447,7.025957107543945
1747536536.1301355,-1.460470803661568,-1.9325352537819855,5.720615386962891
1747536536.1497045,-1.433923243121306,-1.870269702943804,7.581949234008789
1747536536.1697502,-1.4162238422798519,-1.8120178464862804,9.27281379699707
1747536536.1869864,-1.3973027068055688,-1.7584754542401033,5.2032470703125
1747536536.208054,-1.330349432865626,-1.675116722734689,6.860256195068359
1747536536.2274806,-1.2938587354125297,-1.6023572128511847,5.526542663574219
1747536536.252241,-1.2737681748830507,-1.5263494321409787,5.343914031982422
1747536536.2723067,-1.2274428040289431,-1.4674012069598987,5.710363388061523
1747536536.2937968,-1.198993431159337,-1.4029816897260765,7.692098617553711
1747536536.3141074,-1.1735403874001877,-1.3425159871935308,7.7877044677734375
1747536536.3344512,-1.1061416078104536,-1.261479525646376,7.419824600219727
1747536536.3513694,-1.0562447321435107,-1.2064780403459388,5.747318267822266
1747536536.3703475,-1.0013790704733352,-1.1475592792446327,6.313085556030273
1747536536.3889256,-0.9706157905544949,-1.1003529335441882,6.250858306884766
1747536536.4161527,-0.9280219047481262,-1.0216577806051188,8.885383605957031
1747536536.4350145,-0.8929566039072175,-0.9585372476244712,6.621599197387695
1747536536.4607806,-0.8595250532187109,-0.9118192056736774,7.603168487548828
1747536536.4882014,-0.8078558181168258,-0.8519713152278305,7.430791854858398
1747536536.5115464,-0.7720163997870717,-0.8026119578543213,7.519245147705078
1747536536.5354984,-0.6671652210811722,-0.6925327010860269,6.698846817016602
1747536536.5535724,-0.6330009529150533,-0.6552205827972167,6.37507438659668
1747536536.574215,-0.5856586486757238,-0.6081044556503442,6.567239761352539
1747536536.5925262,-0.552439199337225,-0.5768457472473535,5.649089813232422
1747536536.6099045,-0.4962499838721868,-0.5270292315452892,6.368875503540039
1747536536.6363416,-0.4321475074709098,-0.47664189552627334,8.841514587402344
1747536536.6576786,-0.39739852692749034,-0.44560626231233874,7.879734039306641
1747536536.6853688,-0.34423586362508296,-0.3978701765293045,8.864402770996094
1747536536.7034907,-0.29495189758314516,-0.35621505324448155,5.539417266845703
1747536536.7220418,-0.25833000546316687,-0.33207067697399995,6.536245346069336
1747536536.7432692,-0.19356995315266207,-0.266915159148329,7.205009460449219
1747536536.7617857,-0.13790760176152883,-0.22622577962069332,6.70933723449707
1747536536.779292,-0.08454018059016101,-0.19365960232711363,5.164861679077148
1747536536.802447,-0.05137405918310818,-0.15061388359408323,7.373809814453125
1747536536.8187833,-0.02469020585530469,-0.12052351890248317,5.363941192626953
1747536536.837103,0.04191421176199826,-0.0801720511148176,8.778810501098633
1747536536.8650336,0.08843274095859292,-0.03850913076167005,9.395599365234375
1747536536.8963416,0.19695899827266727,0.0050721854465653375,5.832910537719727
1747536536.921287,0.23340049765669912,0.0402566283082483,6.115913391113281
1747536536.9481273,0.23309214350643032,0.057806769439790774,7.013559341430664
1747536536.9695966,0.25305928666566846,0.0717002135465162,7.857799530029297
1747536536.9898272,0.34212357143577676,0.11409052461404195,7.470846176147461
1747536537.0064003,0.3932155487410656,0.13457043127173532,5.105733871459961
1747536537.0299513,0.4305538992988029,0.15029693584074644,5.857229232788086
1747536537.0534954,0.4525081245161956,0.16591200979259033,8.09788703918457
1747536537.069354,0.5222536881031316,0.18071860117454078,5.495548248291016
1747536537.0879421,0.5721769287998979,0.18829547173478903,6.900787353515625
1747536537.1107743,0.6132394685966706,0.19668497655009523,5.084514617919922
1747536537.1296625,0.6888643032692343,0.2270860895589746,6.160259246826172
1747536537.1483095,0.7524294885682012,0.24645437142791687,6.7615509033203125
1747536537.1719282,0.8403779628456516,0.2643534711870863,5.099773406982422
1747536537.1898363,0.9627050243787796,0.25347734961077445,4.809379577636719
1747536537.209072,1.0531244182431168,0.24231288661968045,5.6285858154296875
1747536537.2269003,1.1418340024775029,0.23805893115250137,5.272150039672852
1747536537.248931,1.2025302540766625,0.23516091785720497,8.118629455566406
1747536537.269051,1.2756219391935766,0.23511436144036527,7.323980331420898
1747536537.2872624,1.3222753264984246,0.23017258706612506,4.754304885864258
1747536537.3104434,1.3627457764811581,0.2298287691929896,5.073070526123047
1747536537.3345904,1.4618025948763707,0.20905864381339553,7.324695587158203
1747536537.3532634,1.5212635139603587,0.19807434475758667,5.287885665893555
1747536537.3695688,1.5676952693816182,0.19384636292791957,6.307840347290039
1747536537.3941095,1.6287934866304108,0.17036114338713712,5.610227584838867
1747536537.4136271,1.6740425161571684,0.15260403746927817,6.132602691650391
1747536537.4339771,1.734275965752945,0.13494667243456387,5.563497543334961
1747536537.4550304,1.7902094217399296,0.11663756228343122,6.8225860595703125
1747536537.4733245,1.84217492659257,0.10157135177289683,5.60307502746582
1747536537.4905033,1.8945491813180575,0.07478450194579192,4.764318466186523
1747536537.5154376,1.939012867284973,0.054012245199461226,6.64973258972168
1747536537.5394607,1.981403840313828,0.03566131726093601,5.904674530029297
1747536537.5601218,2.0140191488875914,0.0005062553463192099,5.301952362060547
1747536537.5781944,2.0392633502617654,-0.025056073033418485,5.120992660522461
1747536537.5973804,2.0766606273763974,-0.05464506574671939,5.9356689453125
1747536537.6181755,2.127106138556047,-0.11899900494210154,5.77092170715332
1747536537.6374435,2.166369516470411,-0.16237933655069073,5.231618881225586
1747536537.6550176,2.1916739381648362,-0.1957401749287897,5.021810531616211
1747536537.6776774,2.2270731938276596,-0.23490316561810096,7.417917251586914
1747536537.6979284,2.2712266944271047,-0.2768138237201228,5.787372589111328
1747536537.7226,2.294838905357766,-0.3039016837780161,8.723258972167969
1747536537.7380562,2.317496971304322,-0.3254946074421761,5.654335021972656
1747536537.7562907,2.3223524322410714,-0.37802381090197656,5.561113357543945
1747536537.779002,2.3253150900371,-0.417530684701268,7.250785827636719
1747536537.7957056,2.3219596922796883,-0.4303253830348398,5.778312683105469
1747536537.8142457,2.354953334560137,-0.48545980687629564,5.804777145385742
1747536537.8354626,2.371369630812377,-0.5259026425381743,7.166862487792969
1747536537.8520262,2.3822270600994098,-0.5586181048205656,6.18743896484375
1747536537.8738022,2.444541676899693,-0.6046275993598027,6.2198638916015625
1747536537.8930173,2.4968003445823714,-0.6300165745611531,6.450653076171875
1747536537.917175,2.5399640601438707,-0.667786152511243,6.148815155029297
1747536537.9387622,2.5380934212964124,-0.7251599279924752,7.009267807006836
1747536537.9577425,2.537739615849036,-0.7680265163206874,6.844997406005859
1747536537.9778068,2.5391229852820065,-0.8060035302197605,7.550954818725586
1747536537.9963458,2.53451774535162,-0.8415820950709857,5.581378936767578
1747536538.0156472,2.574686350236324,-0.9100497596718704,5.960941314697266
1747536538.0376813,2.597608760247638,-0.9824928049115716,7.959604263305664
1747536538.058151,2.6051174542715474,-1.0472108726852105,7.938385009765625
1747536538.0779557,2.622029917106628,-1.0960194445251996,6.438255310058594
1747536538.0953205,2.6275708330794103,-1.1328900467623562,5.522489547729492
1747536538.1144536,2.6293278882527327,-1.1720413492985642,5.47027587890625
1747536538.133727,2.6466778289001884,-1.227454644207955,5.5389404296875
1747536538.1519873,2.667082643103902,-1.2807052197658941,5.237579345703125
1747536538.1737916,2.6758940564900353,-1.3210909117339322,5.282402038574219
1747536538.1937869,2.6804410835855963,-1.3565555844350288,6.234407424926758
1747536538.2120779,2.7002083710494786,-1.398992653009778,4.960060119628906
1747536538.231596,2.706468904693939,-1.4295079827904165,5.21397590637207
1747536538.249705,2.711030732429222,-1.4663726300168012,6.470680236816406
1747536538.2693107,2.6979845164068896,-1.5193228622467931,7.782697677612305
1747536538.2891042,2.678593135290607,-1.5691220331319233,7.52711296081543
1747536538.3137038,2.672531598522188,-1.6195375130243128,5.51152229309082
1747536538.3347855,2.7011430421707847,-1.674818489956597,4.861354827880859
1747536538.350639,2.7226680018531733,-1.7325873517824133,4.933595657348633
1747536538.3688996,2.737468986028977,-1.7775367472135257,6.18433952331543
1747536538.3959591,2.744779486727881,-1.830741141787909,5.3195953369140625
1747536538.4171312,2.679847016798777,-1.8599259752669066,6.665706634521484
1747536538.4332116,2.6670693315198597,-1.8872315553420211,5.460500717163086
1747536538.450821,2.6455068122235987,-1.9283274735973137,6.495952606201172
1747536538.4725215,2.6657998177523985,-1.9675614763091536,6.9789886474609375
1747536538.4920547,2.6669088067830953,-1.9996508375285673,6.213665008544922
1747536538.5356903,2.645107183640894,-2.0703487764597233,14.068365097045898
1747536538.5768967,2.6001477548894973,-2.210171366758988,5.782365798950195
1747536538.5937266,2.581988805057338,-2.252133670983721,5.285739898681641
1747536538.6137984,2.5687339201400734,-2.292398148308212,5.0067901611328125
1747536538.6307368,2.5544293960471807,-2.327418833629676,6.24394416809082
1747536538.6504302,2.539028975876376,-2.360566606104544,5.945920944213867
1747536538.6684792,2.5139657470214583,-2.4192257057010615,5.28264045715332
1747536538.6905937,2.4982917341230166,-2.4768651806571134,6.9408416748046875
1747536538.7069256,2.489946937594685,-2.5220564952798172,5.555629730224609
1747536538.7282143,2.4727142650110165,-2.5781213534317273,5.759000778198242
1747536538.7505383,2.4573892408962466,-2.629637577768086,5.011081695556641
1747536538.7903755,2.4315184677929995,-2.7153849774161625,10.44321060180664
1747536538.8154166,2.445020260371,-2.7968504267807277,4.946708679199219
1747536538.8331888,2.448856705005904,-2.8660223937206,5.351543426513672
1747536538.8545454,2.4714047093619578,-2.928830352733154,6.103277206420898
1747536538.8731298,2.4894413855687785,-2.986302622582289,5.895137786865234
1747536538.8937354,2.487285271322634,-3.0492572490525136,5.654335021972656
1747536538.9133093,2.481060018514277,-3.1156736436919554,5.486965179443359
1747536538.9361064,2.5000030437699126,-3.212692209025244,8.093118667602539
1747536538.9540331,2.5290876489432628,-3.2690975222128884,5.829811096191406
1747536538.9719071,2.5513832381797115,-3.3120790444084487,5.051136016845703
1747536538.9887106,2.595470726745337,-3.3545397693138996,5.376338958740234
1747536539.0131707,2.64276691107891,-3.412309711274812,6.32929801940918
1747536539.030261,2.6640771844927675,-3.436994677929523,5.038022994995117
1747536539.0600698,2.6944827551746817,-3.465083134335738,17.6393985748291
1747536539.0878966,2.7697504880478427,-3.5060756505125203,8.322477340698242
1747536539.1054988,2.8174092973429725,-3.548057348208465,6.653070449829102
1747536539.122831,2.862297029271021,-3.6014946560291436,5.779266357421875
1747536539.1458657,2.9052093616775525,-3.644375047172796,7.5588226318359375
1747536539.169948,2.937927473419842,-3.675164846992913,9.895086288452148
1747536539.2026324,3.042430050558784,-3.780828900754291,7.589578628540039
1747536539.2301023,3.110920594449377,-3.8371216142971933,9.070158004760742
1747536539.3168364,3.2539758355545696,-3.994900788813754,10.070085525512695
1747536539.3959813,3.4253407053498046,-4.163812760015839,4.82177734375
1747536539.4499476,3.5006027985323143,-4.265845844120643,15.532493591308594
1747536539.4793937,3.5728492248616344,-4.359020266260207,6.506443023681641
1747536539.4993541,3.602131822460927,-4.417390889444915,4.953622817993164
1747536539.515114,3.6135469765099364,-4.44915353010757,4.673957824707031
1747536539.5331967,3.625397916447276,-4.486510204671642,6.969213485717773
1747536539.5496328,3.6658163064746847,-4.539109272683193,6.1588287353515625
1747536539.570789,3.71031288951736,-4.5989069074051665,5.069732666015625
1747536539.5909774,3.746065024580423,-4.653163224586521,6.923913955688477
1747536539.6075013,3.7465254813331392,-4.689642717800763,4.919290542602539
1747536539.6336231,3.7512910691038397,-4.74058956576973,5.641460418701172
1747536539.6539934,3.7497396044537945,-4.765443359275849,5.873441696166992
1747536539.671909,3.755300125752706,-4.797849286468656,6.165266036987305
1747536539.6904678,3.7837320679615294,-4.84629871498683,5.437374114990234
1747536539.7077413,3.8005723842389023,-4.889055333691485,6.164312362670898
1747536539.7301793,3.8115389212189483,-4.932524722377159,7.012367248535156
1747536539.747936,3.822745498215378,-4.981002409532665,5.345344543457031
1747536539.7739797,3.83529208461074,-5.045104086566526,6.081581115722656
1747536539.794036,3.8354040501917415,-5.104686560135052,5.653858184814453
1747536539.813755,3.855869421295055,-5.1644264394538295,5.864381790161133
1747536539.832057,3.8686242422847203,-5.219262424897255,5.556583404541016
1747536539.8542018,3.865675048018175,-5.270537069890731,5.7735443115234375
1747536539.877336,3.84083758345113,-5.3213489800315195,9.048700332641602
1747536539.8964078,3.8177175687133094,-5.376805550306472,5.516767501831055
1747536539.915644,3.8020149014932523,-5.431100194546811,5.722761154174805
1747536539.9348917,3.7841129837674234,-5.467515646008089,6.343603134155273
1747536539.9579363,3.765109116084573,-5.511623095804768,9.4451904296875
1747536539.983063,3.7475587734915283,-5.544311323554961,7.419586181640625
1747536540.003186,3.7424691050108843,-5.585458024572935,6.2274932861328125
1747536540.025255,3.7256383283357013,-5.617279773924468,9.148836135864258
1747536540.0424185,3.70601602754333,-5.644714499860227,7.160186767578125
1747536540.0684757,3.659061219204005,-5.697650528641519,8.507966995239258
1747536540.0863826,3.62655464663882,-5.727902279143058,7.350921630859375
1747536540.103115,3.5891640807135854,-5.767131113047366,5.766868591308594
1747536540.1224983,3.5510565539010956,-5.798237505785486,8.246660232543945
1747536540.1426134,3.5227234724962977,-5.819094988452007,6.529331207275391
1747536540.166171,3.492559756127346,-5.841178488368312,9.645462036132812
1747536540.187091,3.4819158290291354,-5.845922110118244,5.730867385864258
1747536540.2068624,3.47914753700584,-5.872363324092123,6.626605987548828
1747536540.2234173,3.46234547557798,-5.891229006865542,5.61070442199707
1747536540.2435064,3.4422445865288624,-5.906294287407734,7.240772247314453
1747536540.2654438,3.4099157043376445,-5.933291709019002,8.950471878051758
1747536540.2824576,3.38930180938305,-5.949395359790382,5.1422119140625
1747536540.301658,3.372564156775731,-5.964154083769835,7.085323333740234
1747536540.3218098,3.3494328426315616,-5.974396671557801,6.69550895690918
1747536540.3399317,3.274175336736832,-5.996369200335784,5.047798156738281
1747536540.3588,3.2162756049677546,-6.014475817604037,4.96363639831543
1747536540.3803205,3.1821628493679563,-6.02514832154929,5.149364471435547
1747536540.399222,3.122321482274016,-6.043957242478408,5.613565444946289
1747536540.4159095,3.0602057098353295,-6.05794162189651,5.380868911743164
1747536540.4338667,3.0168113075601095,-6.079421606191597,6.502866744995117
1747536540.4505813,2.9796467808418705,-6.091913976974614,5.030155181884766
1747536540.4704092,2.942086967670634,-6.103743592210996,7.207393646240234
1747536540.4879725,2.9052578968960923,-6.112487327258911,6.409406661987305
1747536540.508949,2.8467061478613536,-6.131493893438126,6.862401962280273
1747536540.5284925,2.8028805299968123,-6.142059383963658,6.356477737426758
1747536540.5493393,2.765778558556711,-6.151328443576,6.102800369262695
1747536540.574136,2.698793177248222,-6.1789043145486024,6.105899810791016
1747536540.5938678,2.6459140951348883,-6.200751484958981,6.359577178955078
1747536540.6108778,2.6128825267875366,-6.212624538136574,5.0048828125
1747536540.6327817,2.580638136876958,-6.2279536468672765,5.465507507324219
1747536540.6536713,2.531872142740489,-6.240954344778198,5.436420440673828
1747536540.6713512,2.462640729701087,-6.248806145801204,4.848718643188477
1747536540.6982472,2.373479402673595,-6.274911609738049,6.118535995483398
1747536540.7195218,2.3367435174563265,-6.2830554605595745,7.843971252441406
1747536540.7369568,2.3061917094343056,-6.289453293669624,6.877899169921875
1747536540.7569656,2.2665914328577927,-6.306600473787911,5.829334259033203
1747536540.779317,2.2195395372004354,-6.321606814959589,4.723548889160156
1747536540.799264,2.1531469395611427,-6.331993948264512,8.543968200683594
1747536540.8178196,2.0871139070333133,-6.348742062016095,6.012439727783203
1747536540.8347507,2.0189380877932708,-6.366327245133921,4.900693893432617
1747536540.85337,1.966676484801029,-6.376421907516293,5.751132965087891
1747536540.8715615,1.9245183175026674,-6.384693211974095,4.737615585327148
1747536540.8920238,1.874385255761872,-6.409048027838494,5.339384078979492
1747536540.9095824,1.8448734221241645,-6.4186697814965585,5.532503128051758
1747536540.9419734,1.7813959447999255,-6.430127842153592,5.869626998901367
1747536540.9605386,1.7823665800469057,-6.441170969979727,5.488395690917969
1747536540.9820786,1.7494959483121133,-6.454707950689373,5.7621002197265625
1747536541.0042675,1.7098660373832995,-6.46467074110746,6.1206817626953125
1747536541.055442,1.580765508466465,-6.478222206641727,9.605646133422852
1747536541.098493,1.419437201060819,-6.492078877505807,8.697509765625
1747536541.1194372,1.3701813359782828,-6.488598655798544,6.581783294677734
1747536541.1374362,1.3285503034466202,-6.483767949215163,4.908323287963867
1747536541.1558006,1.2563768624683322,-6.492091011994338,5.307197570800781
1747536541.1956828,1.2103333048804914,-6.493407253489449,11.48080825805664
1747536541.2259429,1.047407037715879,-6.454004662132271,7.671117782592773
1747536541.2672656,0.9425711590388455,-6.4279026337849965,9.478092193603516
1747536541.298685,0.8238694279299957,-6.395761179549623,5.736589431762695
1747536541.3162491,0.7506058306714908,-6.379498741736254,5.7392120361328125
1747536541.3560076,0.7020152643168582,-6.347493391265717,8.716583251953125
1747536541.391159,0.5976066982100239,-6.311643513996576,8.892059326171875
1747536541.4400773,0.4921505350856059,-6.2574578652042305,13.164997100830078
1747536541.4589949,0.39990080191189553,-6.2195324134986265,5.203723907470703
1747536541.4955614,0.3527291808948434,-6.190019205683551,11.756658554077148
1747536541.548941,0.19070123939165934,-6.087812209064136,14.081478118896484
1747536541.5765584,0.08830286818789682,-6.033209849691487,5.316019058227539
1747536541.5971375,0.0511457496555145,-6.0176733752994425,5.604743957519531
1747536541.6235893,5.695264364422441e-05,-5.968686493067948,8.69441032409668
1747536541.655475,-0.06469347061708058,-5.898923518833848,8.39543342590332
1747536541.6817296,-0.036608722726573666,-5.83893121226601,7.77888298034668
1747536541.7014651,-0.029730441133573992,-5.784974163032893,6.2046051025390625
1747536541.7399156,-0.08787079878550628,-5.670298874327069,8.280038833618164
1747536541.7908618,-0.1565324663221807,-5.591529245871642,15.110254287719727
1747536541.8394322,-0.18596898953807373,-5.4862578034079315,11.470317840576172
1747536541.879175,-0.24328208660479858,-5.3364585730534175,6.344795227050781
1747536541.8990586,-0.24664374471749634,-5.283766086154226,6.667375564575195
1747536541.9184554,-0.2515278751693038,-5.2372800775633275,6.958246231079102
1747536541.9533389,-0.3199688825697114,-5.153755782041678,7.989406585693359
1747536541.9816477,-0.3465213813485648,-5.111548087803319,11.420726776123047
1747536542.037628,-0.42762459015040316,-4.99917187245185,18.045425415039062
1747536542.0615854,-0.47729862288996794,-4.907071135797103,6.313562393188477
1747536542.0857854,-0.5105331360531438,-4.868840785347956,8.756875991821289
1747536542.1055384,-0.5418037871912189,-4.817136118042344,9.190559387207031
1747536542.1442866,-0.6333682176849359,-4.716532924030695,11.425256729125977
1747536542.1724727,-0.6613483951032736,-4.671619214848705,6.938934326171875
1747536542.194473,-0.678477157798044,-4.629747327323413,8.454561233520508
1747536542.2384238,-0.7467473675785993,-4.515882726015613,7.99560546875
1747536542.2644265,-0.7869304329771665,-4.437347814379806,5.461692810058594
1747536542.2974544,-0.8759456991362071,-4.315848152908324,8.392095565795898
1747536542.3216674,-0.9032519113977053,-4.26203568736855,8.471488952636719
1747536542.3401513,-0.9171671814450753,-4.225493573907362,5.338430404663086
1747536542.3596885,-1.0008778355811252,-4.1728294387916565,6.6051483154296875
1747536542.3788393,-1.047377027145542,-4.102182365946096,5.346059799194336
1747536542.4157474,-1.0627478940418762,-4.057078336153912,12.73202896118164
1747536542.4398437,-1.140349181936323,-3.9604879655097442,7.353305816650391
1747536542.462487,-1.1628001083683432,-3.8921778579596524,6.224870681762695
1747536542.4868839,-1.169183678958026,-3.8597214969003657,7.220983505249023
1747536542.5104475,-1.23222230910691,-3.773876675585069,4.816770553588867
1747536542.5335982,-1.2605056945939874,-3.6955956146350686,7.25865364074707
1747536542.5542326,-1.3323916137018672,-3.5881502158287297,4.784345626831055
1747536542.5795994,-1.3604065113154848,-3.5100540247959966,5.309820175170898
1747536542.6165323,-1.3633096302464258,-3.4791366628504425,7.764577865600586
1747536542.6500943,-1.413231622116477,-3.306571910319284,5.153417587280273
1747536542.6706772,-1.4181822944802618,-3.2521222999821826,4.694938659667969
1747536542.6919324,-1.4720071213464143,-3.1578740036513535,4.875659942626953
1747536542.7112157,-1.5121593329729535,-3.113342593233504,5.348682403564453
1747536542.7305794,-1.5249534015328114,-3.0723518518577615,5.269527435302734
1747536542.7532167,-1.5310351286696364,-3.014781034649004,5.70368766784668
1747536542.795487,-1.5372236720220613,-2.9423325203611843,11.34800910949707
1747536542.8410528,-1.532074298953628,-2.719021934983148,7.924556732177734
1747536542.8647356,-1.527683130777989,-2.6366654715090476,8.353471755981445
1747536542.885128,-1.5462014766497292,-2.583791324881901,6.787300109863281
1747536542.9223711,-1.554189912184807,-2.440630820341481,7.628440856933594
1747536542.9426935,-1.558454010963023,-2.3592374609984845,5.330324172973633
1747536542.9822416,-1.5448665480821941,-2.2150946643474976,7.839679718017578
1747536543.0136247,-1.537233215689232,-2.1538639285318935,5.748987197875977
1747536543.0301933,-1.4893706719656972,-2.0663621274102937,5.050897598266602
1747536543.049099,-1.4556511915436947,-1.9360274593691957,5.228281021118164
1747536543.078976,-1.4412145187980188,-1.8649560540241557,8.930444717407227
1747536543.1186264,-1.398590582973349,-1.721316900096034,9.349822998046875
1747536543.1578224,-1.3195051226100283,-1.5789058432528944,10.621786117553711
1747536543.1966805,-1.2673244237217318,-1.4471810325518253,11.279106140136719
1747536543.216539,-1.2340166020670802,-1.3605979578949197,5.543947219848633
1747536543.2342157,-1.1999453416192278,-1.2900626666450596,5.838155746459961
1747536543.2541456,-1.1751678015538787,-1.2249668117377177,5.578041076660156
1747536543.2728703,-1.1542099731978177,-1.1716313727021554,6.671428680419922
1747536543.2923312,-1.1219254997550225,-1.1197843004681192,7.453441619873047
1747536543.3267221,-1.0851116864575492,-1.0411302687939603,11.637449264526367
1747536543.3547778,-0.998010050263858,-0.9364395438228297,5.753517150878906
1747536543.383563,-0.9525412376523141,-0.8784404669946321,8.542060852050781
1747536543.4231215,-0.850589940039014,-0.7700380093076438,11.512994766235352
1747536543.4652667,-0.7625443271582181,-0.6808805356399481,9.200572967529297
1747536543.481856,-0.7132980614004778,-0.6285834726911498,6.016731262207031
1747536543.5187528,-0.6098751236388047,-0.548151657892571,7.783651351928711
1747536543.535027,-0.5719793831586705,-0.5128136884129167,5.388975143432617
1747536543.55302,-0.5376348054191706,-0.4854798050458335,6.001949310302734
1747536543.5746675,-0.4836726438674804,-0.4316231053032583,5.388975143432617
1747536543.603389,-0.4352870887593954,-0.3872811198815848,6.32476806640625
1747536543.6187913,-0.4144131575698374,-0.36573464652293264,5.129337310791016
1747536543.650585,-0.33945178838112233,-0.30905430832636027,10.082244873046875
1747536543.6753242,-0.2537545325152958,-0.25123655153666163,5.548238754272461
1747536543.6964033,-0.20280148204476808,-0.22030367714892174,6.310701370239258
1747536543.7336056,-0.1399181991132034,-0.1815137866391619,14.482975006103516
1747536543.7694778,-0.024878055438100143,-0.12760859512488462,10.535955429077148
1747536543.7996023,0.10741502079165324,-0.07628511391271989,8.075475692749023
1747536543.8342254,0.18806161552381534,-0.0207940437299855,6.6204071044921875
1747536543.8534904,0.29875875577994176,0.040671314489905686,5.191326141357422
1747536543.8908322,0.3602808838887709,0.06678709932994722,8.218526840209961
1747536543.9129071,0.45651487568348076,0.12018803770658602,5.485773086547852
1747536543.933399,0.4981275241441727,0.14161223231516223,5.324840545654297
1747536543.953899,0.488587777527421,0.14677766981833693,4.823446273803711
1747536543.985346,0.47540516569470775,0.1596637448982463,8.715152740478516
1747536544.017343,0.5767196739241575,0.1705525659581461,5.746603012084961
1747536544.0599446,0.654426911172016,0.1892972033095739,9.469032287597656
1747536544.0797348,0.7064841198983858,0.20666545164263878,4.797458648681641
1747536544.1093357,0.8252815028250177,0.21181288496506828,5.456447601318359
1747536544.1412172,0.9777072276329449,0.2110681200750703,6.87408447265625
1747536544.1585355,1.0380103941896777,0.20129303125757533,4.846096038818359
1747536544.172427,1.0910970751738196,0.19032186437881207,4.651784896850586
1747536544.1939733,1.1558881619372874,0.18136502001981322,7.42340087890625
1747536544.2120898,1.2104771046393483,0.17721174798683512,5.165815353393555
1747536544.2301803,1.3130400324538392,0.15522493799356477,4.75311279296875
1747536544.2466679,1.3994399299048743,0.13203758478022767,5.181312561035156
1747536544.2748485,1.4771114472781568,0.11931509607669046,8.446216583251953
1747536544.3092358,1.5886854515159574,0.08116909930019643,4.810333251953125
1747536544.468646,1.9159713123142845,-0.1042634256582051,7.221460342407227
1747536544.510392,1.9988233204433217,-0.15398800070708427,9.408235549926758
1747536544.538428,2.0527985310064354,-0.18009731422636785,5.019664764404297
1747536544.5549607,2.130258105759714,-0.2449537390187065,4.8675537109375
1747536544.5728142,2.1715979624701,-0.2745411563401975,9.028434753417969
1747536544.6606734,2.3326605255802075,-0.41294618090914637,8.486270904541016
1747536544.6841059,2.3535445812272626,-0.42356879648450707,8.222818374633789
1747536544.70334,2.3917009033324628,-0.44940994805274087,7.488489151000977
1747536544.7190537,2.4251273133436997,-0.4618735648131171,5.247831344604492
1747536544.7384202,2.4455980246184565,-0.4726861179603746,6.0100555419921875
1747536544.7602177,2.5197702677032305,-0.4959009851855932,6.158590316772461
1747536544.7894123,2.5635020989743618,-0.5167105979026625,11.117935180664062
1747536544.8163145,2.648257237180929,-0.5956221701419742,5.74183464050293
1747536544.8424978,2.6841603409905685,-0.635899593821219,8.941888809204102
1747536544.862265,2.7080494157377406,-0.6649069547823512,6.692171096801758
1747536544.8894262,2.722017897816388,-0.6923563868180846,10.294675827026367
1747536544.9111793,2.747953615259847,-0.7227369693190355,8.382320404052734
1747536544.9445386,2.7836697518147,-0.8036745914049562,17.676115036010742
1747536544.9704742,2.8062025216386672,-0.8584277322866866,9.079217910766602
1747536544.992981,2.829892211646999,-0.9201362577799648,8.418560028076172
1747536545.0159094,2.845250178745131,-0.9851484008917359,7.869482040405273
1747536545.0547473,2.84923248624501,-1.0787536885486448,7.753849029541016
1747536545.1000555,2.8408461285441673,-1.2533329341911472,11.603832244873047
1747536545.1395948,2.824750327759405,-1.327605803649459,7.789134979248047
1747536545.1792617,2.7923246369421837,-1.3936646163261397,9.688615798950195
1747536545.2050064,2.7552142026084336,-1.4233221355893697,8.166313171386719
1747536545.2235456,2.729756706621668,-1.4633247392052384,6.148815155029297
1747536545.2468507,2.7161377016944432,-1.5046654065409066,8.773326873779297
1747536545.2651198,2.692511905665046,-1.5506147545958302,7.387399673461914
1747536545.2833648,2.673175650818079,-1.5809277835276914,5.622386932373047
1747536545.303232,2.6510539060339133,-1.6291352339388194,8.687019348144531
1747536545.3228393,2.6415689808106406,-1.6870466666898374,6.706953048706055
1747536545.3426373,2.622951732095874,-1.7313638533184343,5.794525146484375
1747536545.357413,2.608401870501266,-1.7663951302454102,4.966020584106445
1747536545.3745549,2.566897718786322,-1.8224289745432494,7.045507431030273
1747536545.4058115,2.5373472198751394,-1.8771118092638053,9.543180465698242
1747536545.4520166,2.510063146872669,-1.9752827402106556,14.98866081237793
1747536545.4937518,2.466901002130212,-2.097410992691743,8.969783782958984
1747536545.516489,2.4203976629674426,-2.151475618710069,6.115913391113281
1747536545.536506,2.3919489472135846,-2.1903087836152375,5.432367324829102
1747536545.5800047,2.350628598486392,-2.293105668442846,7.1125030517578125
1747536545.614585,2.338690659818798,-2.3246317780739103,7.254362106323242
1747536545.6482282,2.2994727891010327,-2.4364584589671967,7.800817489624023
1747536545.670703,2.2933295086164653,-2.4795536878509363,6.138801574707031
1747536545.6962643,2.3084751162626653,-2.5960023985816223,5.537509918212891
1747536545.716271,2.323246313081366,-2.6466809406874083,5.354881286621094
1747536545.7450712,2.3336067982596904,-2.686801060388555,7.968664169311523
1747536545.7665668,2.34418480990314,-2.74611338494837,9.828567504882812
1747536545.7835305,2.3438412203325982,-2.798169837697933,5.079746246337891
1747536545.800878,2.335645274435883,-2.856749661446748,6.789445877075195
1747536545.8319583,2.266944911381394,-2.9553147855968795,9.169578552246094
1747536545.8663301,2.3298274601295046,-3.0713789713799415,8.852720260620117
1747536545.8851743,2.3487627563778695,-3.115117029312853,5.213260650634766
1747536545.9088924,2.399239206273303,-3.2323947085751996,6.834983825683594
1747536545.933551,2.4242002532620037,-3.292272174983624,6.18290901184082
1747536545.9779127,2.486213663516344,-3.330693145727956,8.240222930908203
1747536545.9954183,2.5804245070058447,-3.417207831276655,5.076885223388672
1747536546.0129747,2.62475295884117,-3.446661881236767,5.359411239624023
1747536546.0312564,2.712330683781813,-3.4943045249984177,4.937887191772461
1747536546.0531826,2.7675762114103115,-3.5309287740934514,6.10804557800293
1747536546.0772457,2.8124021726061437,-3.5665915247574462,5.578279495239258
1747536546.1195664,2.902739025243759,-3.650359663988488,8.52346420288086
1747536546.154415,2.995042404064816,-3.7298165683801554,4.885196685791016
1747536546.1848795,3.0431735317998716,-3.773493179483223,11.257171630859375
1747536546.2005205,3.0762493557538426,-3.801361707162584,5.667686462402344
1747536546.2296815,3.1620220509013652,-3.8609809809438502,11.057853698730469
1747536546.2507508,3.225089117857777,-3.91957394795051,5.985021591186523
1747536546.269692,3.2602412375247933,-3.958373107762835,8.801460266113281
1747536546.2899573,3.351498597127422,-4.05399620921016,4.7168731689453125
1747536546.319777,3.3897762726291782,-4.10418917947563,4.680871963500977
1747536546.3429244,3.4227364062867625,-4.155232192999391,8.076667785644531
1747536546.3637128,3.4548711389790276,-4.1816810846161125,6.446361541748047
1747536546.393676,3.519318863575363,-4.264193543158309,4.796504974365234
1747536546.4212623,3.5335468370956535,-4.283923133646998,7.894754409790039
1747536546.4539135,3.576600806199076,-4.337824792851653,6.5898895263671875
1747536546.4704127,3.6111638835490005,-4.379255221229775,5.797386169433594
1747536546.4988663,3.633545258571934,-4.413130894618784,9.733438491821289
1747536546.5362105,3.7057628929439526,-4.564658755379927,5.238056182861328
1747536546.553615,3.7178889461256115,-4.607189961550146,4.869699478149414
1747536546.570432,3.7252290996039177,-4.628987832651597,4.868745803833008
1747536546.5893917,3.7273576021705344,-4.6902182794251335,6.934642791748047
1747536546.6116352,3.731420609532374,-4.740961278410425,6.800651550292969
1747536546.637942,3.7344635154458055,-4.789705011806176,8.719205856323242
1747536546.6583252,3.748868907680085,-4.844123073853177,5.133867263793945
1747536546.6786752,3.7597645693656645,-4.889042138268728,6.9255828857421875
1747536546.698018,3.765475008983812,-4.938492800938504,5.187749862670898
1747536546.7168598,3.7715883976025224,-4.984927657770431,5.166053771972656
1747536546.7360625,3.7751808590518725,-5.047584602883099,4.968881607055664
1747536546.7591603,3.772572409387187,-5.090977306598248,5.759954452514648
1747536546.8001719,3.7759849396283633,-5.179703868176987,8.095979690551758
1747536546.8301232,3.769225678939985,-5.247501783504604,5.603790283203125
1747536546.853167,3.740705575800718,-5.319175710807345,5.60307502746582
1747536546.885251,3.7222048756010886,-5.36130063189966,9.747505187988281
1747536546.9141996,3.700951941229346,-5.417097155798254,6.41632080078125
1747536546.9340289,3.68053367984568,-5.46008175494809,7.44318962097168
1747536546.9730053,3.6420744634218436,-5.5178851920489835,8.623838424682617
1747536547.0181723,3.603090364043012,-5.5769654722999356,11.17706298828125
1747536547.0580935,3.547894547405633,-5.682189263215233,7.859706878662109
1747536547.0864944,3.5274380963480736,-5.712376012400721,8.348703384399414
1747536547.117218,3.476632688447044,-5.769749900713031,6.695032119750977
1747536547.1344404,3.4469198761480984,-5.797239736252759,5.304813385009766
1747536547.1546943,3.4367845914239865,-5.8065639785237195,5.323648452758789
1747536547.1774814,3.4143816337238504,-5.821075603778202,7.462739944458008
1747536547.1964583,3.374317226560365,-5.840156886532017,5.3691864013671875
1747536547.2187214,3.348022858679449,-5.856581126431565,7.506132125854492
1747536547.261386,3.31092858594934,-5.885960165316186,15.894412994384766
1747536547.289297,3.2231070819897436,-5.940137496182305,9.916543960571289
1747536547.336959,3.1575262236157386,-5.9873114758577515,7.687807083129883
1747536547.388805,2.9978567495941952,-6.065490139923731,11.670112609863281
1747536547.430269,2.9186679312062016,-6.096590654098851,11.06882095336914
1747536547.4579442,2.8440179398645293,-6.131796437925763,7.764339447021484
1747536547.4828188,2.793406540083028,-6.1449039807005725,8.059978485107422
1747536547.5130646,2.7424562191020296,-6.173863445560059,8.270502090454102
1747536547.5312376,2.6935296488255904,-6.1945119153405335,5.261421203613281
1747536547.5473769,2.6453939025348117,-6.21272969106155,6.605863571166992
1747536547.5640023,2.5810515226918533,-6.23641892804895,5.678892135620117
1747536547.5783494,2.5240477918196595,-6.256687972833636,4.69970703125
1747536547.5928848,2.4874807721197936,-6.268388243055317,4.824638366699219
1747536547.6119032,2.454596196176294,-6.279946412523644,4.897832870483398
1747536547.6318681,2.399939513715987,-6.2993799073665215,5.009651184082031
1747536547.6618764,2.3270098000935837,-6.321846453648694,5.798101425170898
1747536547.6824749,2.285510444149212,-6.329570200307915,7.977724075317383
1747536547.7066665,2.2161629917584804,-6.369860484376587,4.957437515258789
1747536547.7261703,2.2067099883205823,-6.382944020902581,5.028963088989258
1747536547.7588875,2.176999243417181,-6.39484001302229,7.306814193725586
1747536547.7832718,2.1401955963162793,-6.408100832562072,7.387399673461914
1747536547.8018496,2.0765128604140433,-6.426857928356658,7.088661193847656
1747536547.8210793,2.019678915401063,-6.446832837578041,6.804227828979492
1747536547.8409982,1.9417732181129215,-6.460885083635313,5.730152130126953
1747536547.8576863,1.8936884548466781,-6.470323185092853,4.750967025756836
1747536547.8728142,1.8751587657578768,-6.476414730270888,4.93931770324707
1747536547.8915963,1.827359132392522,-6.485240369535705,4.956245422363281
1747536547.916549,1.807998726577503,-6.4852946422958135,5.377054214477539
1747536547.9377227,1.7215429380823826,-6.491300653404408,7.978200912475586
1747536547.9571428,1.653910747557918,-6.489257941335836,5.610466003417969
1747536547.9776967,1.5712013741179247,-6.490861604466155,5.806684494018555
1747536547.9975235,1.4798118642069042,-6.496203481610903,4.7779083251953125
1747536548.0129583,1.4109941203679162,-6.496598327058494,5.008697509765625
1747536548.034449,1.35424524843899,-6.497333091830974,8.142948150634766
1747536548.0537102,1.3003276917874698,-6.498464127013377,5.563974380493164
1747536548.0716708,1.246053567557615,-6.505321487507461,5.167961120605469
1747536548.0915568,1.2134487529441276,-6.506304474210296,4.8427581787109375
1747536548.113137,1.1928576447471355,-6.507531957429135,5.685329437255859
1747536548.1322925,1.1085581914118567,-6.491766761569654,5.702972412109375
1747536548.153646,1.0396420841695806,-6.478686815491011,5.583047866821289
1747536548.173574,0.9795722478026664,-6.473021244168103,6.973028182983398
1747536548.1920054,0.9240366570351957,-6.452430945993042,4.902839660644531
1747536548.211877,0.8789099895313097,-6.43494226160861,4.750251770019531
1747536548.233278,0.8311313955286913,-6.425386290280498,7.330179214477539
1747536548.255596,0.7479180407907532,-6.398400031166484,5.0754547119140625
1747536548.274039,0.672223656176363,-6.379787164906222,5.078792572021484
1747536548.293404,0.6048276165376513,-6.370501909773819,6.15382194519043
1747536548.3160315,0.5858596747571045,-6.36806239289919,5.249738693237305
1747536548.3339698,0.5220581888043225,-6.338451976755314,5.083560943603516
1747536548.3485494,0.4739562440746394,-6.313680791957815,5.713462829589844
1747536548.3725483,0.4231798049281053,-6.290997226085427,5.153894424438477
1747536548.392247,0.3908662942551121,-6.250382054977407,6.613492965698242
1747536548.4090965,0.3516145614078191,-6.219769522877499,6.006002426147461
1747536548.4270887,0.330473992917813,-6.201822394009805,5.381107330322266
1747536548.449903,0.31150317522444204,-6.1910402668549445,7.162809371948242
1747536548.4756134,0.25754119026402683,-6.152353767455432,5.76019287109375
1747536548.4933705,0.17887853162029832,-6.106991693647569,5.584716796875
1747536548.5164893,0.14526886557286672,-6.088464038994171,6.911993026733398
1747536548.5362864,0.0567594715422935,-6.043872839929404,5.377054214477539
1747536548.556117,0.002525966986097297,-6.02138173397688,7.674217224121094
1747536548.5744507,-0.060220629606836995,-6.002191884667582,6.494283676147461
1747536548.5963748,-0.07128894638502628,-5.959525029786037,8.259296417236328
1747536548.6139462,-0.08936688695398907,-5.916534919353195,6.043672561645508
1747536548.6337457,-0.11440680226521861,-5.87807404255725,7.530927658081055
1747536548.6541386,-0.12764029241682562,-5.807372387017714,6.11114501953125
1747536548.672953,-0.12230583508101285,-5.7662644988102425,5.923986434936523
1747536548.687522,-0.13414366873109498,-5.7234712604648506,6.256580352783203
1747536548.7168584,-0.1419041313077287,-5.638150532699097,6.835460662841797
1747536548.735953,-0.13112017405280446,-5.613367734816621,6.433010101318359
1747536548.7549293,-0.13631835259688518,-5.583181009288757,6.943225860595703
1747536548.778417,-0.13627168997823802,-5.526603468590293,8.321046829223633
1747536548.7962499,-0.18270271246902584,-5.475584220027872,8.443355560302734
1747536548.8127217,-0.2075005391828605,-5.428182942149849,6.359100341796875
1747536548.82766,-0.23892445300833212,-5.38146755153218,6.021976470947266
1747536548.8493018,-0.28008477415043276,-5.329660986648895,8.502721786499023
1747536548.8741379,-0.32185675832921523,-5.26421509892899,6.574869155883789
1747536548.8938594,-0.3358837142445196,-5.224252508072365,6.6471099853515625
1747536548.9318795,-0.4163487271230708,-5.134407881445115,7.889747619628906
1747536548.9540668,-0.4610326581288823,-5.078618169241819,6.753444671630859
1747536548.9777274,-0.5252629167033281,-5.028967096568059,6.538152694702148
1747536548.9963765,-0.5671907208756676,-4.982419683829278,5.603313446044922
1747536549.0414712,-0.59968857801598,-4.9323791681036,14.59050178527832
1747536549.0593755,-0.6854334894346228,-4.842557514764355,5.301713943481445
1747536549.0770462,-0.730991289091291,-4.775236983325907,6.931304931640625
1747536549.096271,-0.7562379730175994,-4.731082513905048,5.446434020996094
1747536549.1146421,-0.8306431242594389,-4.692050369707352,5.085229873657227
1747536549.1331356,-0.8828363317588224,-4.634011508031322,6.63447380065918
1747536549.1525247,-0.9010928536444015,-4.601909423520426,5.186319351196289
1747536549.1688817,-1.0048214403245659,-4.538036796924559,5.964756011962891
1747536549.1933568,-1.0454658311222902,-4.484283625654672,5.57398796081543
1747536549.2130308,-1.0644884170792235,-4.452927408518069,7.2479248046875
1747536549.2302115,-1.0842603685692018,-4.409648338007846,5.8956146240234375
1747536549.255165,-1.1750173408488147,-4.33960558974805,6.157636642456055
1747536549.2745204,-1.2086273255408952,-4.293351151994952,6.477117538452148
1747536549.2920961,-1.2192512514523013,-4.267117952296301,5.146265029907227
1747536549.3077197,-1.3015157871457501,-4.207202836544497,4.841327667236328
1747536549.334676,-1.33962838862548,-4.14967295161587,6.811380386352539
1747536549.4817,-1.545968746050715,-3.6887220220583457,5.903720855712891
1747536549.5100806,-1.569083102102085,-3.6256280298718266,13.02027702331543
1747536549.529611,-1.5759615646557634,-3.573116229043889,7.557392120361328
1747536549.5499582,-1.6368158143779408,-3.4472168716980875,5.503177642822266
1747536549.5681045,-1.685595524024072,-3.3883689097975846,4.921436309814453
1747536549.5878725,-1.6991099253949535,-3.324372174901175,6.186008453369141
1747536549.610438,-1.6847709576876388,-3.252725924017027,9.181499481201172
1747536549.6348364,-1.6642413723924476,-3.178818642668031,12.431621551513672
1747536549.6615052,-1.658155527431936,-3.1064672727396614,8.053302764892578
1747536549.6813703,-1.6637608630721652,-3.0309023638063737,5.492210388183594
1747536549.7003167,-1.674906869728625,-2.962489034928423,5.262136459350586
1747536549.7152967,-1.6834102017485277,-2.9042692930531517,4.769563674926758
1747536549.734485,-1.6837398193047388,-2.8021569977299325,5.266427993774414
1747536549.7545838,-1.6891923905377042,-2.760815987125036,7.149696350097656
1747536549.7783892,-1.6972395657245494,-2.699463921551997,5.2852630615234375
1747536549.8012311,-1.6946252891000195,-2.626534370999091,7.000446319580078
1747536549.818782,-1.7059843797282257,-2.5587947418267007,5.056142807006836
1747536549.8345628,-1.713454423534723,-2.4906082254190562,4.973888397216797
1747536549.851133,-1.7111400662659528,-2.4278173739837525,5.145549774169922
1747536549.8692372,-1.661729058331875,-2.3522601123346902,7.644414901733398
1747536549.8897984,-1.6327067990047883,-2.276436633181426,7.236242294311523
1747536549.9091353,-1.6167626849889365,-2.205250611306055,6.308078765869141
1747536549.9277656,-1.5583247917555474,-2.12977300656925,5.394697189331055
1747536549.9507942,-1.5260963086044894,-2.063138760190582,6.723165512084961
1747536549.9754038,-1.504688674555831,-2.002244958658403,5.361318588256836
1747536549.992537,-1.47961520138702,-1.9304954092728777,5.198001861572266
1747536550.0104523,-1.470592713568034,-1.8593429495488132,8.836984634399414
1747536550.031884,-1.4554055006719275,-1.774762908039582,5.084991455078125
1747536550.052458,-1.4577083090644762,-1.7233576023465385,5.330324172973633
1747536550.0744164,-1.4102163183738632,-1.6695955523591939,8.02922248840332
1747536550.1010563,-1.3738265337752935,-1.5947653457168964,11.270284652709961
1747536550.1311688,-1.2992364579445321,-1.5110366190753497,7.70878791809082
1747536550.1535308,-1.238635162549124,-1.3890933279566218,5.94639778137207
1747536550.1704366,-1.2204308874011307,-1.3400837715366216,5.2642822265625
1747536550.1903756,-1.1531990454982175,-1.2803348942059392,7.785320281982422
1747536550.211492,-1.111432747342455,-1.2271867962578227,9.394645690917969
1747536550.2325284,-1.083770337772127,-1.1861134858384477,5.580663681030273
1747536550.253929,-1.031948652157947,-1.1233410285351546,6.592512130737305
1747536550.2746449,-0.9966827253464303,-1.0616028318464077,6.331682205200195
1747536550.2940087,-0.965984084584794,-1.003089230366348,7.673025131225586
1747536550.31448,-0.9371976480413687,-0.9560479878503364,6.088018417358398
1747536550.3326867,-0.8810449946468148,-0.897431144355443,6.084918975830078
1747536550.3476229,-0.84351170606038,-0.8534371122023718,6.1283111572265625
1747536550.3695624,-0.8149327164056583,-0.8240645304596762,8.087873458862305
1747536550.3946207,-0.7381577330290892,-0.7525409973230719,7.460117340087891
1747536550.4187624,-0.6966092137117658,-0.7113910229359823,6.2313079833984375
1747536550.4350166,-0.6555893636457386,-0.6718044102422062,5.846500396728516
1747536550.4538558,-0.5942575495934731,-0.623155759606913,6.05463981628418
1747536550.4755085,-0.5262266837529579,-0.5661160061796865,8.435726165771484
1747536550.4971719,-0.4830260458207581,-0.530198089050248,6.587743759155273
1747536550.526795,-0.4356632955926213,-0.46834352146472175,6.527900695800781
1747536550.5428712,-0.38376847422520616,-0.41317291229685493,6.96110725402832
1747536550.5593293,-0.35877320848858696,-0.38633949373297305,5.483150482177734
1747536550.5784512,-0.28568387600493556,-0.31386714438613417,6.020069122314453
1747536550.5947669,-0.2353012594790046,-0.2658243683303223,5.336523056030273
1747536550.612173,-0.18744900612427226,-0.2286794600313979,6.03485107421875
1747536550.6305807,-0.15644332251856036,-0.2044034293461634,7.548332214355469
1747536550.6555312,-0.09981962941947092,-0.16280912110364798,6.04248046875
1747536550.671718,-0.05750716830750628,-0.13734099674425865,5.380868911743164
1747536550.6939344,-0.036160264026150406,-0.12415405501606104,7.157564163208008
1747536550.7244277,0.00013799897255908236,-0.09179675895150992,5.691289901733398
1747536550.748145,0.09548388290758322,-0.054097386256892026,8.038043975830078
1747536550.7681959,0.16725223958139204,-0.03268649982837987,8.521795272827148
1747536550.7865336,0.16864733915795804,0.00662683601985603,5.387544631958008
1747536550.8035505,0.18816941691238154,0.03544662277444763,6.792783737182617
1747536550.8184257,0.21924845559331768,0.0602582984103688,4.888057708740234
1747536550.8378127,0.2668826251253111,0.08192671403163813,5.921363830566406
1747536550.8576593,0.2705815243422053,0.09926214984081935,7.2689056396484375
1747536550.874381,0.27938688904873504,0.11141093619972264,4.932880401611328
1747536550.8933294,0.292772416866976,0.12406403104247471,6.319761276245117
1747536550.9143436,0.3777824648893125,0.1536632051209682,6.794452667236328
1747536550.9295888,0.42599153121653827,0.17615817777670295,4.85682487487793
1747536550.9462416,0.45701555102586144,0.1885263324742236,4.93168830871582
1747536550.9672945,0.49083216965191534,0.2006515108290104,5.986213684082031
1747536550.988193,0.5227524364416725,0.21372280049533487,5.452156066894531
1747536551.0070388,0.638890441190711,0.19609939737740772,5.191802978515625
1747536551.0296526,0.7195962310923398,0.19424076028703408,6.914377212524414
1747536551.068448,0.7982746914563641,0.20491531373634647,10.49494743347168
1747536551.0946434,0.909639982710351,0.21725220945661072,4.918336868286133
1747536551.1145172,0.9748029472443749,0.21937424379101722,4.943132400512695
1747536551.1346583,1.073972118966354,0.20098700712495327,4.881620407104492
1747536551.1497135,1.1374260601639765,0.19494764751816454,4.794836044311523
1747536551.1672206,1.1922974134671278,0.19402835700917148,5.2356719970703125
1747536551.1934137,1.2411426670560022,0.19519186762283944,7.187128067016602
1747536551.211155,1.3149518966781386,0.17361472846372417,4.817962646484375
1747536551.234504,1.3738955799540522,0.15282072514911652,7.22956657409668
1747536551.271706,1.4113941969274488,0.14237786625334709,12.282371520996094
1747536551.3145404,1.5832618158984435,0.09428339198001862,10.619640350341797
1747536551.3409703,1.656305699590189,0.04668693583066428,6.170511245727539
1747536551.3594952,1.736347139582679,-0.00046992667349384475,4.717588424682617
1747536551.3804266,1.7805434424678142,-0.025727771341143225,4.766941070556641
1747536551.3991985,1.8452719599069525,-0.056758352422346,5.795478820800781
1747536551.4175904,1.9023998730204452,-0.07140883654432467,6.548881530761719
1747536551.4360387,1.9527066722049542,-0.09301367240701672,6.526708602905273
1747536551.452546,1.992826909188106,-0.11058785372148335,5.199193954467773
1747536551.473575,2.028818363209806,-0.15181813376199388,5.630016326904297
1747536551.4905405,2.0492809759517616,-0.17313130141043245,5.077123641967773
1747536551.506977,2.072960103714468,-0.19679325931494113,4.920005798339844
1747536551.5439749,2.1061829818725157,-0.2482229141547452,8.50534439086914
1747536551.5673006,2.1411513140875202,-0.2950854692039559,9.262561798095703
1747536551.5973768,2.2171690297014353,-0.38409962485600924,6.363153457641602
1747536551.6195154,2.248716288255591,-0.4226335713687081,6.361722946166992
1747536551.6460469,2.273832710549715,-0.4544352054851377,9.858369827270508
1747536551.6713877,2.3111043192168492,-0.5014394385531542,6.8912506103515625
1747536551.7001648,2.373511558840343,-0.572080316019349,6.660223007202148
1747536551.7204788,2.4047151759092213,-0.6063630177901783,6.141424179077148
1747536551.7401726,2.4639845658896444,-0.651338252258416,7.981300354003906
1747536551.758498,2.502674338366346,-0.673919881626708,6.61158561706543
1747536551.779174,2.5286312306259235,-0.7013442702709377,5.978584289550781
1747536551.8023968,2.5811186193168547,-0.7345576491817862,6.598711013793945
1747536551.8274305,2.6148918669378736,-0.7620776448550214,7.670164108276367
1747536551.8502812,2.6512678861114582,-0.7958385650464156,8.227109909057617
1747536551.8741055,2.670929944830224,-0.8799292610391845,8.77690315246582
1747536551.8921208,2.6701361168193825,-0.9158641237651637,5.910396575927734
1747536551.9171257,2.6672664729126425,-0.9532752916429935,8.60285758972168
1747536551.9396446,2.689629209804009,-1.0039551327642195,8.860349655151367
1747536551.9588823,2.6986969540061314,-1.0577869068972376,6.32023811340332
1747536551.976392,2.6942646365266736,-1.1008648342163474,5.684614181518555
1747536552.0013442,2.7142388758260987,-1.1452635716377833,8.308887481689453
1747536552.0216813,2.7183853405102787,-1.2061830098191162,6.107568740844727
1747536552.049897,2.7145358495502316,-1.2496113189556166,7.483959197998047
1747536552.070221,2.7385326994670836,-1.3014869114064542,7.727146148681641
1747536552.0947175,2.7454623663177755,-1.351654339194603,7.222414016723633
1747536552.1135643,2.7379698596518107,-1.4416839285871226,7.091045379638672
1747536552.132914,2.722562435240255,-1.4819522274729335,6.5326690673828125
1747536552.1553955,2.707254675857492,-1.5379522112088866,7.385015487670898
1747536552.1866214,2.703494573187187,-1.5836945456942835,7.416009902954102
1747536552.2115414,2.701804322885202,-1.624938937018615,9.027481079101562
1747536552.2357235,2.6762310350753458,-1.7113135408309557,5.772113800048828
1747536552.257319,2.6644634320244815,-1.7480386692600636,7.144451141357422
1747536552.2816505,2.644083068223801,-1.7926267502334434,7.215738296508789
1747536552.2985418,2.6321308421105134,-1.8342381436063209,7.384538650512695
1747536552.317981,2.611506480895414,-1.9060868678979335,6.841182708740234
1747536552.334778,2.5909213566040354,-1.959866071328988,4.929065704345703
1747536552.35359,2.5793454263768205,-1.9946253902266093,5.67626953125
1747536552.371079,2.5655797794212902,-2.0418359128161483,5.922555923461914
1747536552.3881729,2.5383081037839097,-2.0909795550379036,5.385875701904297
1747536552.414591,2.514037523112919,-2.142805562020528,7.203578948974609
1747536552.4371912,2.497730088505283,-2.183240549697965,7.79414176940918
1747536552.4615173,2.4811142296999797,-2.228549279011124,7.990121841430664
1747536552.4864423,2.462558154698543,-2.2840273453388473,6.592750549316406
1747536552.5073922,2.4541982160970006,-2.325377496663118,9.013891220092773
1747536552.5265048,2.4399904095693645,-2.393566441707943,5.103349685668945
1747536552.5419223,2.4317600418207155,-2.438594720840525,5.74493408203125
1747536552.5617058,2.4245016228660217,-2.499687906339054,5.364656448364258
1747536552.5793428,2.4205941744110917,-2.574355386381667,4.8122406005859375
1747536552.5959034,2.4087107164550985,-2.640127051419173,4.852294921875
1747536552.614225,2.4023283227846024,-2.681437956680467,4.965066909790039
1747536552.6345656,2.3917212190343404,-2.7325176656650005,5.203962326049805
1747536552.6573174,2.412683877207901,-2.7842019945573644,5.908727645874023
1747536552.6804478,2.4184290685946133,-2.8413410250836035,8.11910629272461
1747536552.6970537,2.4145820823687996,-2.8957154439291544,5.240917205810547
1747536552.7164366,2.4546419881121007,-2.9661013466798667,4.824399948120117
1747536552.734585,2.462594894671989,-3.044036974066947,5.032062530517578
1747536552.7533681,2.4565848441273936,-3.1229664720619743,5.880117416381836
1747536552.7743094,2.4613633960483723,-3.1733424068803537,5.146503448486328
1747536552.8060558,2.508548023094186,-3.2272239081104916,10.58340072631836
1747536552.8344219,2.57414797060849,-3.32459664660739,6.054401397705078
1747536552.8564217,2.588835426921604,-3.350968024872832,5.490779876708984
1747536552.8744776,2.6594200664999206,-3.3854340506237732,5.347967147827148
1747536552.895953,2.7102461503605295,-3.407901522025449,5.094289779663086
1747536552.9175978,2.7422731783670065,-3.420485843399392,5.471229553222656
1747536552.9389825,2.776146603102876,-3.445016255997429,10.524988174438477
1747536552.9604986,2.816095062132366,-3.4871079485207446,5.411386489868164
1747536552.9775038,2.846334042827896,-3.5242744855597357,6.157398223876953
1747536552.994746,2.877530566174182,-3.560777947882896,4.9571990966796875
1747536553.0227485,2.9585768018217675,-3.635440043407999,6.850719451904297
1747536553.0474138,2.9919647248151024,-3.671105514805654,8.778572082519531
1747536553.0665734,3.0180147246952598,-3.69935111578096,5.936145782470703
1747536553.0893927,3.063857448998322,-3.7478653508812982,7.488727569580078
1747536553.1149635,3.1420510721145387,-3.822534753990172,5.178928375244141
1747536553.135368,3.214543376856043,-3.8830897071719948,7.0285797119140625
1747536553.1524365,3.2636874034418715,-3.9593553194405273,4.776239395141602
1747536553.17389,3.294408106151496,-3.9989100320720232,5.424022674560547
1747536553.192563,3.3189509917485696,-4.027843042949914,6.374597549438477
1747536553.2125304,3.370828746214164,-4.075722917759642,6.590127944946289
1747536553.229513,3.432224971277851,-4.116599735336847,6.711483001708984
1747536553.2496855,3.471317410842333,-4.152382235328657,7.7056884765625
1747536553.2745712,3.491862506377901,-4.199682511050486,6.554365158081055
1747536553.2936714,3.5163882628860073,-4.246337567690797,6.2255859375
1747536553.3143952,3.530346522674951,-4.275784872297971,4.953861236572266
1747536553.3315797,3.580709033991167,-4.324756956696031,4.637241363525391
1747536553.3494802,3.618934444578724,-4.372967574312574,5.9642791748046875
1747536553.3707182,3.638625428859944,-4.410582888631471,7.529020309448242
1747536553.3898427,3.6534319223183767,-4.444340405762709,8.056402206420898
1747536553.4103906,3.6531729196919156,-4.497259875147223,6.758928298950195
1747536553.4300814,3.650312690181596,-4.550105434589868,6.4411163330078125
1747536553.4493532,3.6537663954702966,-4.599426180946159,6.960391998291016
1747536553.4700727,3.677730932722407,-4.677941240762664,6.701946258544922
1747536553.4961286,3.7064107839886122,-4.755101689428426,5.054235458374023
1747536553.5185008,3.7148854383565175,-4.7928408708574635,5.28264045715332
1747536553.5384982,3.6981480203611303,-4.831095657008985,6.610393524169922
1747536553.5575616,3.6912508852852293,-4.8880540094040885,5.487918853759766
1747536553.5735612,3.6903293543875386,-4.92053265456656,5.841732025146484
1747536553.5925133,3.7059793835581054,-4.978492855802095,5.1479339599609375
1747536553.6148617,3.714649921970899,-5.040275399826234,5.352020263671875
1747536553.6339805,3.7170725665654807,-5.089024534286226,5.656242370605469
1747536553.654523,3.7197231783416025,-5.11818919186959,7.733345031738281
1747536553.6735368,3.6896734922080636,-5.175942156281643,7.203340530395508
1747536553.6976595,3.6604492880385093,-5.226216039668985,5.96165657043457
1747536553.7215092,3.640213589243357,-5.26848252382048,9.10186767578125
1747536553.7417355,3.6501682915731086,-5.34457949959432,7.920980453491211
1747536553.7644575,3.637965338759873,-5.397600999609889,9.112119674682617
1747536553.781333,3.61813572184113,-5.438665443328337,6.18433952331543
1747536553.8000042,3.591248060846453,-5.495076881391359,6.235837936401367
1747536553.8196678,3.5677938792536876,-5.532875409342632,6.313323974609375
1747536553.838947,3.5511798161959693,-5.56480600096897,6.929874420166016
1747536553.858627,3.541400892741944,-5.593072085483822,7.168054580688477
1747536553.874962,3.537989435445772,-5.609665938595466,6.4334869384765625
1747536553.8962572,3.50236402118168,-5.650177542983602,5.615949630737305
1747536553.9160104,3.47836670978718,-5.677132991681531,5.489110946655273
1747536553.9319909,3.455795386512755,-5.696153714608393,5.447149276733398
1747536553.954371,3.444068360167052,-5.739632638471511,6.058692932128906
1747536553.9702818,3.4315380092340084,-5.761859217694998,5.211830139160156
1747536553.987974,3.408115864477273,-5.7848639435917955,5.1288604736328125
1747536554.0097406,3.384470747265838,-5.804753505677899,7.409811019897461
1747536554.0309002,3.3579123059522953,-5.8404416999586655,6.551504135131836
1747536554.0470512,3.3350187381559944,-5.864542851739049,4.935503005981445
1747536554.0742836,3.313656382842077,-5.88183591665282,11.35873794555664
1747536554.1012824,3.267146378486982,-5.940092544235291,8.536577224731445
1747536554.1309295,3.2356636822842053,-5.969014033879037,6.783008575439453
1747536554.1564207,3.179784434017291,-6.030835366762101,5.607843399047852
1747536554.178719,3.1591588277730613,-6.048456679142265,5.213499069213867
1747536554.1980865,3.1342365714511824,-6.069924076985811,4.845142364501953
1747536554.2224941,3.1071297770842685,-6.0988226055003105,7.260560989379883
1747536554.2447877,3.082182227405931,-6.123392377327606,7.17926025390625
1747536554.278358,3.0463685134686984,-6.144870751459996,22.093772888183594
1747536554.3106565,2.9633059240123747,-6.192545179903914,8.192777633666992
1747536554.3297248,2.920943247056158,-6.210112666726109,7.210254669189453
1747536554.3473191,2.893547363209801,-6.222184440312448,7.20524787902832
1747536554.3672464,2.853758103646027,-6.240254322773529,6.720781326293945
1747536554.5094943,2.5729994210326113,-6.36035229019455,7.146358489990234
1747536554.5294187,2.5205572408404424,-6.35807443119132,7.484674453735352
1747536554.5535684,2.4298354059591283,-6.371025034135564,5.68699836730957
1747536554.577494,2.376784214648946,-6.377265253596251,6.499052047729492
1747536554.5987628,2.318729868772588,-6.3859405674538126,6.444692611694336
1747536554.6183667,2.2428973316592757,-6.38259944826693,5.288600921630859
1747536554.63865,2.1706865893635228,-6.375801062601009,5.251407623291016
1747536554.66201,2.1062002967785154,-6.3730361722720295,6.532907485961914
1747536554.6857278,2.032265569840628,-6.375887081025708,11.087656021118164
1747536554.7133355,1.9314009399745313,-6.382574477885797,6.398916244506836
1747536554.7388253,1.8841727827591424,-6.385798718602511,7.988214492797852
1747536554.7641842,1.8361938028757008,-6.38600387634563,6.0482025146484375
1747536554.7839155,1.7962866933639985,-6.382481233958036,5.310297012329102
1747536554.8032176,1.7219756736522795,-6.3732451302138005,5.766153335571289
1747536554.821572,1.6456666939109392,-6.365277906662832,5.903959274291992
1747536554.8416882,1.5738322521852062,-6.359913654401677,7.586956024169922
1747536554.8596756,1.5267428123579303,-6.357615902815299,4.731416702270508
1747536554.877567,1.4661030363437388,-6.354225570502384,4.6710968017578125
1747536554.8957503,1.4205556087561966,-6.350243890456403,4.621028900146484
1747536554.9334466,1.3269471923399303,-6.336575964840548,6.023406982421875
1747536554.9530885,1.2735516721350664,-6.33138868193424,4.912614822387695
1747536554.969662,1.2258905457864513,-6.330655313103269,6.444454193115234
1747536554.989235,1.1814620957233806,-6.32901944197534,7.283687591552734
1747536555.0099251,1.1085215174992034,-6.311026796139872,6.627082824707031
1747536555.0285273,1.056427988198525,-6.299147169050371,5.101680755615234
1747536555.051928,1.0173815791839604,-6.290453901086112,5.342245101928711
1747536555.0916173,0.9461266584153982,-6.271962501711918,8.966207504272461
1747536555.134017,0.7840576897283992,-6.223214188902275,5.512475967407227
1747536555.1530423,0.730541640450466,-6.208226460012464,5.222797393798828
1747536555.1742604,0.6729991009950131,-6.194937705474165,4.87518310546875
1747536555.1940517,0.6518492196814739,-6.1951664177312376,5.989789962768555
1747536555.212076,0.5788865364843347,-6.176523345065464,4.868984222412109
1747536555.2371266,0.49509901099821624,-6.1608986319104755,5.37419319152832
1747536555.2581718,0.4597792851114601,-6.1567954403707965,6.586551666259766
1747536555.2863514,0.38994711704014895,-6.1322637119302,6.895542144775391
1747536555.3265703,0.2556563207951444,-6.090923839611014,12.154102325439453
1747536555.3732884,0.12225034085076485,-6.043326084955062,11.951446533203125
1747536555.3961813,0.17098427626937593,-5.944515138982713,8.737564086914062
1747536555.4256375,0.19909659153376374,-5.882583710572369,8.136987686157227
1747536555.4474986,0.1805243359182176,-5.853371328591121,7.736444473266602
1747536555.4692047,0.10201708542069371,-5.794875813607884,6.972312927246094
1747536555.4927607,0.09397768902577767,-5.773522144442343,6.3228607177734375
1747536555.5119643,0.09300594107763165,-5.7591802731707435,8.335351943969727
1747536555.5511606,0.06674366860459971,-5.728224079648463,15.291929244995117
1747536555.5920672,-0.03271091852280447,-5.6631528771271435,10.729312896728516
1747536555.6304107,-0.16763612054723961,-5.5819470857900875,8.15129280090332
1747536555.6544614,-0.19100790060395567,-5.57123690969658,7.262945175170898
1747536555.6721175,-0.2697722469654119,-5.490998212103788,6.381988525390625
1747536555.6948953,-0.3283534138862369,-5.437133354504571,7.092952728271484
1747536555.736467,-0.3608494889615126,-5.400981423224328,9.221792221069336
1747536555.781783,-0.5048125780703019,-5.269795729413749,11.001825332641602
1747536555.8098238,-0.5402653011957248,-5.234899294310357,9.81760025024414
1747536555.8312097,-0.5851313964694077,-5.184290838562305,7.117748260498047
1747536555.854997,-0.6178228190439462,-5.139294410134463,8.784055709838867
1747536555.8759322,-0.6792060725036437,-5.052728847203805,6.930351257324219
1747536555.9271357,-0.7766789711622114,-4.962638424455998,13.341665267944336
1747536555.9585752,-0.9038728987416894,-4.8679917342052255,9.559154510498047
1747536555.9759076,-0.9495027834840486,-4.822196013370968,5.305767059326172
1747536555.9920313,-0.9812043845746972,-4.777214120403327,4.878044128417969
1747536556.0138063,-0.9998511083506327,-4.729536377847614,4.92548942565918
1747536556.0320792,-1.0633048783763805,-4.680896706264245,5.0334930419921875
1747536556.0537112,-1.1029846604213294,-4.6298248643852915,7.157325744628906
1747536556.0724704,-1.127218392078726,-4.576333006955718,5.101680755615234
1747536556.092558,-1.204372814290315,-4.522597990622685,5.120515823364258
1747536556.1109853,-1.2384140330248883,-4.47481312183174,4.977703094482422
1747536556.1321917,-1.2603701637839404,-4.422571275140039,5.497217178344727
1747536556.1556284,-1.3448717711122569,-4.3782620853194505,8.031845092773438
1747536556.1792471,-1.3790877250654103,-4.326641792035886,8.264541625976562
1747536556.2195194,-1.4046189850661766,-4.258241503108125,12.571573257446289
1747536556.2520373,-1.487941244106262,-4.117710858224922,6.622552871704102
1747536556.2748265,-1.514464251832315,-4.0193137716551695,6.260156631469727
1747536556.3066344,-1.5649234808881078,-3.9502065586684916,9.836435317993164
1747536556.3364375,-1.594570825906022,-3.8181399679068204,7.552623748779297
1747536556.3724053,-1.6188423402910597,-3.749721900234544,9.582281112670898
1747536556.4744816,-1.685028865212403,-3.3398337502160285,7.632017135620117
1747536556.498633,-1.6862220082267272,-3.26528747530739,6.366252899169922
1747536556.517327,-1.6971187919797028,-3.170224839397872,6.01649284362793
1747536556.5351832,-1.7095365875728217,-3.107181135338693,6.832122802734375
1747536556.5532596,-1.6817847222740987,-3.0271125818373448,5.648374557495117
1747536556.57448,-1.6746571723947896,-2.95775068158595,4.867792129516602
1747536556.5916138,-1.6768063802567237,-2.8976668124816105,4.890203475952148
1747536556.612836,-1.657601321331501,-2.8218780130630643,6.155729293823242
1747536556.6378555,-1.6491280942789766,-2.7571169322295743,8.466005325317383
1747536556.6577446,-1.650685955256951,-2.6967618797254787,5.789279937744141
1747536556.6787014,-1.6504533075389094,-2.6274449356151424,7.448911666870117
1747536556.7098868,-1.6166792027124166,-2.548555406030466,10.320425033569336
1747536556.7510142,-1.5665036104170744,-2.400587011964748,9.833812713623047
1747536556.7894254,-1.5369753064033442,-2.2189524757303176,5.912065505981445
1747536556.8150253,-1.4943990209609317,-2.1203687555195687,8.421182632446289
1747536556.8415701,-1.477264686333993,-2.050630450395697,6.239652633666992
1747536556.8654366,-1.4717211519683633,-1.9832911273139835,8.303403854370117
1747536556.9064538,-1.4246794570493715,-1.8488596602150105,13.329505920410156
1747536556.9412014,-1.355467589977196,-1.7151840873322985,9.93037223815918
1747536556.9815874,-1.3115523110211358,-1.5784092634389717,11.110544204711914
1747536557.0555966,-1.1955264093238986,-1.3305189526356118,7.995843887329102
1747536557.1000304,-1.1577702883722092,-1.236292011400018,12.103080749511719
1747536557.130284,-1.0923504069819543,-1.163909883671917,7.308006286621094
1747536557.1481278,-1.0481441137497918,-1.110599997028925,6.918430328369141
1747536557.1653433,-1.0047988063184514,-1.0440377542317594,6.70170783996582
1747536557.1854038,-0.9707241396243382,-0.9877086669372205,6.607294082641602
1747536557.2029562,-0.9428758254218043,-0.9331869829845071,7.3871612548828125
1747536557.2200048,-0.9158837063454184,-0.8888974835494595,5.841255187988281
1747536557.2461348,-0.858837950937911,-0.8268273192370639,7.11512565612793
1747536557.266407,-0.8170124578405804,-0.7826888049849388,7.077693939208984
1747536557.282969,-0.7847708345584984,-0.7435640825454154,7.158517837524414
1747536557.3041577,-0.7726339349626042,-0.7178222956946041,9.744405746459961
1747536557.3209236,-0.7085286067227975,-0.6651372216447338,6.264209747314453
1747536557.3557186,-0.5965377796349481,-0.5748099488731622,5.781650543212891
1747536557.3790255,-0.5385349830310223,-0.5209254430227627,9.57798957824707
1747536557.4093335,-0.49490547203855617,-0.48435844346204027,7.540464401245117
1747536557.428796,-0.39196728919992735,-0.3759204455376528,7.9708099365234375
1747536557.454026,-0.34252658483560783,-0.31518651049290936,5.918979644775391
1747536557.4719706,-0.3092441509179828,-0.27596525560744584,5.503177642822266
1747536557.5144818,-0.24159570932394128,-0.22508488159994328,14.650583267211914
1747536557.5571568,-0.12693580087309042,-0.15816729618529948,7.449626922607422
1747536557.5965283,-0.004497800351382865,-0.07722822314064248,11.13581657409668
1747536557.620241,0.07297818048452104,0.008846879605128585,5.532741546630859
1747536557.640995,0.11752329725340664,0.03526017018453756,5.513429641723633
1747536557.6619258,0.17191294032578022,0.05717885848771928,5.397558212280273
1747536557.692554,0.24154421992673697,0.10998197992418927,4.94694709777832
1747536557.7113843,0.2661903122215123,0.12481426610387351,4.991769790649414
1747536557.7397084,0.2998439807295067,0.13865543806509342,8.765697479248047
1747536557.7814033,0.40719663050460186,0.16604436364475228,5.405664443969727
1747536557.7990584,0.4529950848221225,0.1772942315647477,4.913568496704102
1747536557.8162904,0.5158989576850991,0.17998799254025738,4.897356033325195
1747536557.8359895,0.5814338099356733,0.17967850716673325,7.13348388671875
1747536557.856799,0.6339141573511298,0.18020413320804227,6.747722625732422
1747536557.8745024,0.6776045449215404,0.1799307110232496,5.151510238647461
1747536557.8971717,0.7408040600028605,0.1929624826825373,4.92095947265625
1747536557.9204137,0.8007851593713925,0.1978742426322507,6.684303283691406
1747536557.9644432,0.9709725175469097,0.20397657886167234,9.618520736694336
1747536557.9905484,1.0562627505187119,0.21346962276104445,9.527206420898438
1747536558.0107906,1.1745850920894625,0.21176162320552455,4.748821258544922
1747536558.0342927,1.2651129173144695,0.20011272704280889,7.140398025512695
1747536558.07491,1.3153252544860305,0.19545138995128386,10.632753372192383
1747536558.1199856,1.4782492844969308,0.14957297868998648,8.392333984375
1747536558.1639984,1.5823977234628992,0.11710006090018447,7.281064987182617
1747536558.1884782,1.6659587141874126,0.08345253792242245,4.724740982055664
1747536558.2076719,1.7096719565179792,0.07174859640737052,4.842519760131836
1747536558.234593,1.7636068838961139,0.05281616858459556,6.177186965942383
1747536558.253168,1.8453947402385253,0.0393802295507114,4.902362823486328
1747536558.2670972,1.9027243405180276,0.029119246402459928,4.548549652099609
1747536558.2934005,1.9409969237832907,0.006046790682654955,5.6896209716796875
1747536558.3280685,1.9622791492043925,-0.005597510647374145,7.962226867675781
1747536558.34674,1.9979051332517677,-0.0153908136954007,6.654262542724609
1747536558.3620303,2.0251514001366,-0.024120437533133567,5.765199661254883
1747536558.3958852,2.0578604060040457,-0.03534603249118005,19.201993942260742
1747536558.4160163,2.1360310632327417,-0.08668137097627376,5.572795867919922
1747536558.4462926,2.175285463406058,-0.11195400161685963,11.828184127807617
1747536558.49536,2.2421675839035187,-0.1450301643763532,7.696390151977539
1747536558.5341094,2.288411325041198,-0.15933055986587566,11.584758758544922
1747536558.5533636,2.3360194197131525,-0.18390613619980092,6.927013397216797
1747536558.5780041,2.357567767440787,-0.19398570430104717,11.745929718017578
1747536558.5962374,2.3792821487291103,-0.1991561637536985,5.995035171508789
1747536558.6135497,2.405158748967342,-0.20676910937635012,6.072044372558594
1747536558.6319706,2.441584827972111,-0.21758155451709713,5.238533020019531
1747536558.6538885,2.473892937852633,-0.2299911390511039,5.608797073364258
1747536558.6749113,2.4977105612459276,-0.24332864478770522,5.483865737915039
1747536558.6947253,2.5171284790416264,-0.2562772151479497,5.181074142456055
1747536558.7232583,2.5146232311100984,-0.2655877861991262,7.89642333984375
1747536558.7499733,2.509443689570837,-0.26754806257736086,9.826421737670898
1747536558.7785864,2.508200884656175,-0.26780957679240636,10.335683822631836
1747536558.8034093,2.5121726014111205,-0.269007499432849,8.485794067382812
1747536558.83,2.508280989450461,-0.2695631660784845,9.551763534545898
1747536558.8558793,2.50086699042761,-0.26163281133076577,8.274078369140625
1747536558.8747616,2.4946535792022506,-0.2581293865882666,6.194829940795898
1747536558.8913972,2.4878832216576927,-0.2543059175608028,5.065441131591797
1747536558.9109218,2.470830522699062,-0.25661174471648956,5.147695541381836
1747536558.928186,2.44970171195155,-0.25606447337736776,5.135297775268555
1747536558.9541292,2.411933431796247,-0.2485154201879431,5.636930465698242
1747536558.9735787,2.5207764454520403,-0.2575063374419945,7.0171356201171875
1747536558.9921377,2.5633580367775624,-0.26505033401215083,7.812261581420898
1747536559.0099018,2.579552176218576,-0.2690576131818868,7.252693176269531
1747536559.0318854,2.5838764152702196,-0.2645874146555847,5.027055740356445
1747536559.054543,2.5887625933139082,-0.26117204932365384,7.836818695068359
1747536559.0799923,2.588979069917507,-0.25985925165264634,7.558107376098633
1747536559.1132743,2.5536064112103736,-0.2605098402340135,7.702350616455078
1747536559.1544547,2.527896565966886,-0.2569801769369363,9.058713912963867
1747536559.1888976,2.5033976754296847,-0.2526589951369159,8.529901504516602
1747536559.227218,2.440633655681547,-0.2575925101923661,5.800485610961914
1747536559.2455385,2.4032824436213236,-0.2551209036423354,7.221460342407227
1747536559.2639232,2.373616286322928,-0.24699326235099434,7.780551910400391
1747536559.2827554,2.3558098925643707,-0.23985847474973496,7.225990295410156
1747536559.3063202,2.365542243650022,-0.23177542402801696,10.252952575683594
1747536559.3300781,2.3735545391865918,-0.2258472299706667,6.334781646728516
1747536559.353803,2.3781150005290614,-0.22165105881693284,6.995439529418945
1747536559.3772464,2.3773419770144315,-0.22115834281395633,7.042646408081055
1747536559.5410316,2.3754645040731934,-0.21868319979289239,6.294488906860352
1747536559.5738473,2.366055426746514,-0.2245601091293195,5.68389892578125
1747536559.5943916,2.3561793493072343,-0.22765815859922978,5.204439163208008
1747536559.6122417,2.349937580077647,-0.23015342652116008,6.9599151611328125
1747536559.6300862,2.341104291668979,-0.22678396805243123,7.264137268066406
1747536559.649675,2.337453042008622,-0.22346785645037062,7.276773452758789
1747536559.6693146,2.333794561837997,-0.2233872704482136,6.960391998291016
1747536559.6892447,2.3441285102221747,-0.22248896213656116,7.207393646240234
1747536559.7120445,2.34910163414948,-0.22058374121823923,5.477428436279297
1747536559.7271616,2.3546124939172293,-0.21532767813525414,5.046844482421875
1747536559.7490888,2.359141794444053,-0.20776708193769183,7.475614547729492
1747536559.7737458,2.3555092503146953,-0.189200827086589,5.645990371704102
1747536559.7974586,2.3503969615011537,-0.1788065529137112,8.90970230102539
1747536559.814635,2.3328340210971357,-0.20088019686341607,5.119562149047852
1747536559.8319054,2.3166841050724605,-0.2090005219087866,5.32841682434082
1747536559.848383,2.3118999663526187,-0.21339143995587784,5.159139633178711
1747536559.8730962,2.314961562287658,-0.21951715886407572,6.2732696533203125
1747536559.8937669,2.3262155752379416,-0.22406005524777084,6.520986557006836
1747536559.910741,2.335638263989229,-0.22701797943146154,6.517171859741211
1747536559.9295335,2.343057807716146,-0.22900166656972784,5.630016326904297
1747536559.948463,2.3446721150441205,-0.22845738249408074,5.30242919921875
1747536559.9749274,2.34864007365017,-0.2281193021833891,6.660699844360352
1747536559.9991448,2.349621592646149,-0.2291492777997935,7.10606575012207
1747536560.0298038,2.3449090944365976,-0.22789729344313953,18.490076065063477
1747536560.0478685,2.345281984164291,-0.22664561318085683,5.242586135864258
1747536560.0633605,2.3432873051445657,-0.2245651437578325,5.247831344604492
1747536560.0799193,2.3379416271270665,-0.22059627081383038,5.2814483642578125
1747536560.098215,2.331816955872815,-0.2166116601624556,6.2808990478515625
1747536560.1136222,2.32503074512674,-0.21135314695455773,5.684614181518555
1747536560.1322591,2.3150465858744087,-0.20571584059270967,5.197048187255859
1747536560.1483173,2.3309927715881225,-0.2077762862031248,5.29932975769043
1747536560.1734266,2.349789149335162,-0.2121870417200334,5.963563919067383
1747536560.1973999,2.368956691171688,-0.2171082594391446,7.128000259399414
1747536560.2149844,2.381267570512652,-0.2216563120611576,5.1784515380859375
1747536560.23383,2.3835892844681905,-0.22416105541977194,6.358861923217773
1747536560.2501621,2.383436416505257,-0.22288186704736002,5.146265029907227
1747536560.267915,2.384694788245574,-0.22493471650375182,6.90460205078125
1747536560.2938309,2.3724571882253334,-0.22398795751086853,7.3413848876953125
1747536560.3138337,2.364560975317663,-0.22360678980126913,5.632638931274414
1747536560.3336315,2.3640711328894026,-0.22230352794192526,7.054805755615234
1747536560.3533373,2.3523489656910486,-0.22074578395081274,6.073713302612305
1747536560.3794708,2.3431291020311003,-0.21890075459957337,8.197784423828125
1747536560.3999999,2.336678191470421,-0.2155652271227486,6.129741668701172
1747536560.4172983,2.3346576974665663,-0.2209519960246448,6.888866424560547
1747536560.432398,2.3328009919104757,-0.22311588384681386,5.238771438598633
1747536560.4510167,2.3320699560558604,-0.22450335600300242,6.965875625610352
1747536560.4902284,2.335964965835701,-0.22343941493272806,6.9637298583984375
1747536560.5228822,2.3389616326632363,-0.22497978591946213,5.631685256958008
1747536560.5422602,2.3362012107567085,-0.2237903871996,6.833076477050781
1747536560.5614913,2.3340993749667063,-0.22145586676673648,7.55620002746582
1747536560.5783,2.3314316012840375,-0.22046307312143634,6.443500518798828
1747536560.5936618,2.3255424496870343,-0.2136819044805759,5.536079406738281
1747536560.6149426,2.3307152801154816,-0.21126764173635054,6.426811218261719
1747536560.6351159,2.339480279575602,-0.21091651219169288,5.361795425415039
1747536560.6553197,2.3459355197460168,-0.21242771065696536,5.315303802490234
1747536560.674539,2.3504084596223596,-0.2121824303856778,6.270885467529297
1747536560.6990633,2.360587314269862,-0.215788175113937,6.635427474975586
1747536560.722152,2.361298998353553,-0.21889611115818294,6.319522857666016
1747536560.7398412,2.365694823948972,-0.2249365385182934,5.298852920532227
1747536560.7624547,2.3667757902714235,-0.22607630868424622,8.418083190917969
1747536560.782861,2.3688150287601624,-0.22652159694697882,7.380962371826172
1747536560.8034184,2.373272627242599,-0.22546192011720997,6.2427520751953125
1747536560.8280668,2.3737758133570606,-0.22481038165710013,5.345344543457031
