time,x,y,computation_time_ms
1747536664.247749,0.7516268563742566,0.7739891525818631,7.673025131225586
1747536664.266111,0.7946308628264159,0.6036304842180799,4.788875579833984
1747536664.2886388,0.8367753053270626,0.34664505289056424,7.7533721923828125
1747536664.3106434,0.8562543346478229,0.16713150523968126,5.087375640869141
1747536664.3302746,0.860016190107664,0.16366845594237614,5.326509475708008
1747536664.3538945,0.8669922574235872,0.1617634794295392,7.920980453491211
1747536664.3730423,0.8753403844895475,0.15922023930293824,5.621433258056641
1747536664.391895,0.8792511797912923,0.15416024814901366,5.226850509643555
1747536664.4065573,0.8827927483461037,0.15131092740135246,4.726409912109375
1747536664.4289973,0.8524018109908827,0.15163124518782808,5.167722702026367
1747536664.4467869,0.9516430029225723,0.1463674678394526,4.64177131652832
1747536664.470595,0.9396778444305641,0.14110448997375494,6.206274032592773
1747536664.487839,0.9262660293610799,0.1358491432750354,5.585670471191406
1747536664.5061731,0.9168970941484063,0.14384089530256192,5.60760498046875
1747536664.5243273,0.9218518407669157,0.15150760935578583,4.70733642578125
1747536664.5478451,0.9292915035715696,0.15878921804229174,8.082866668701172
1747536664.564493,0.9449136957009728,0.1635141232441142,4.7969818115234375
1747536664.5847504,0.956916259703595,0.1686722590645067,5.227088928222656
1747536664.6120372,0.9021834278756246,0.14733462342705356,7.045269012451172
1747536664.630648,0.8524334233701779,0.13875403700920602,5.9261322021484375
1747536664.6505132,0.8428273340009149,0.13926217568915927,5.646705627441406
1747536664.6683216,0.8258321763142193,0.1397599397927442,4.901409149169922
1747536664.6859138,0.8184896221771855,0.14029914164206975,5.101680755615234
1747536664.7055414,0.8147465379124306,0.14210531909565075,4.878044128417969
1747536664.7303388,0.8156003089810119,0.1461121003865174,5.581855773925781
1747536664.7551088,0.8106668828301441,0.1472387731034387,6.887912750244141
1747536664.7733521,0.8124046003306193,0.1406338847705866,6.003618240356445
1747536664.7906396,0.8160869671701506,0.13603087814613588,4.874229431152344
1747536664.8189912,0.949016383571589,0.17290023935800491,7.454633712768555
1747536664.8384717,0.9625354739257587,0.15610286933325943,7.13038444519043
1747536664.8627625,0.9530956508541726,0.1546275540293086,5.84864616394043
1747536664.8816879,0.9375126316414621,0.15179469211979962,4.799604415893555
1747536664.897469,0.8742299915155196,0.15923527765068596,4.990816116333008
1747536664.911089,0.8239082657192984,0.1623419851751664,4.763603210449219
1747536664.9263504,0.8103676646826407,0.16519888574414937,6.553411483764648
1747536664.9443438,0.8080289910787918,0.16650861685554222,4.957914352416992
1747536664.9643462,0.8088937366537438,0.15870585034222948,4.807949066162109
1747536664.987634,0.8087641093019307,0.14992582856613043,8.415460586547852
1747536665.0105994,0.8672291658146036,0.1417482607534808,5.534887313842773
1747536665.0267031,0.8773594939469622,0.14160120089789452,4.665851593017578
1747536665.049529,0.8816649407976902,0.14409469704953287,4.9839019775390625
1747536665.0676408,0.8758685502172943,0.1463423199396845,4.8542022705078125
1747536665.086233,0.8869564360648461,0.14939521266064665,6.861686706542969
1747536665.1049392,0.8990830627626109,0.15340046575349342,5.087852478027344
1747536665.1277564,0.9166611632354477,0.16032187824854377,5.241632461547852
1747536665.1502104,0.8582601491344152,0.15108321386921586,4.877805709838867
1747536665.1694446,0.8204415642178823,0.14668185508690235,5.106449127197266
1747536665.1912372,0.8061084609845097,0.14512391052066342,6.430864334106445
1747536665.2092588,0.7980987022782929,0.14326168629022376,5.735874176025391
1747536665.2342997,0.8122604753338266,0.16388406829449073,5.364894866943359
1747536665.254109,0.82363782131571,0.16377571429923296,5.042314529418945
1747536665.2693849,0.8254550221134361,0.16233723857366875,4.910707473754883
1747536665.2867944,0.8058887121817735,0.14352166768414512,4.723072052001953
1747536665.3041146,0.7972722689279061,0.1354835959232014,4.788875579833984
1747536665.326591,0.7805329469459417,0.13321156135955722,4.930019378662109
1747536665.345026,0.7778416577381079,0.13525137073511678,4.910469055175781
1747536665.3699853,0.7777924810851866,0.13860776975472222,5.192279815673828
1747536665.3927467,0.7769286969969295,0.13949824105111425,5.020856857299805
1747536665.417234,0.7449535377996821,0.1292899912881106,5.190610885620117
1747536665.4305615,0.7592171099427529,0.10759770985705833,4.635810852050781
1747536665.450198,0.7647282853026733,0.11276154280232606,5.067586898803711
1747536665.469268,0.7718849381018129,0.12152043050254997,4.865884780883789
1747536665.4849765,0.7816868761367102,0.12733199851683602,4.837274551391602
1747536665.5048883,0.7870990317378977,0.1313105530876483,4.946231842041016
1747536665.52937,0.7931174282512152,0.14367454495866838,4.916906356811523
1747536665.546105,0.7936726418459683,0.14664585438570574,6.592750549316406
1747536665.570229,0.7947733597382526,0.14714682010496588,5.509614944458008
1747536665.5902243,0.7871243429835131,0.15014541307332227,8.640050888061523
1747536665.614986,0.7747907849939053,0.14230108274796857,5.488872528076172
1747536665.629704,0.7720065824192729,0.14828938809095352,4.998445510864258
1747536665.6536272,0.791578885901703,0.14931466554180559,6.811618804931641
1747536665.6720233,0.804283183622014,0.1517502057315203,4.912137985229492
1747536665.689971,0.8109078057208474,0.1530084416059957,5.242586135864258
1747536665.7100728,0.8147697303269225,0.14869058265651855,5.257129669189453
1747536665.7308547,0.8171484263126216,0.14239207820880972,5.393028259277344
1747536665.74998,0.8138506399938097,0.13857954179018814,4.970312118530273
1747536665.768804,0.8100250088599511,0.1342884079704799,6.965875625610352
1747536665.7934039,0.8045185640117068,0.1443401808164121,5.3043365478515625
1747536665.8081605,0.802465412549822,0.14964276591416212,4.683017730712891
1747536665.8299506,0.7589283735608333,0.2064783346292575,5.283594131469727
1747536665.849965,0.962751043210196,0.1835102871327339,5.496978759765625
1747536665.866121,0.9460679440696931,0.1809905826785145,4.907846450805664
1747536665.889769,0.9488337636300137,0.1794074564990009,5.026817321777344
1747536665.9098506,0.9544637506469152,0.17723500525494637,5.401849746704102
1747536665.9247303,0.960024911362826,0.17701901194120911,4.623651504516602
1747536665.9496076,0.9705639681716471,0.17581694700272274,5.110740661621094
1747536665.9640653,0.973247328440608,0.17645548306762038,4.704952239990234
1747536665.9918966,0.9627559165263143,0.17518457498463108,6.036281585693359
1747536666.0200796,0.8086980255995178,0.16624507711696979,5.2947998046875
1747536666.0373833,0.8016817631545204,0.16095760654226565,5.790472030639648
1747536666.066624,0.8002347084041548,0.15390168806457305,10.808944702148438
1747536666.083693,0.8010735401095059,0.14819884398966934,4.756927490234375
1747536666.0975568,0.8022499771789743,0.1469312578458936,4.829645156860352
1747536666.1104362,0.8064103941228387,0.14727779648900388,4.651546478271484
1747536666.132836,0.806179938920696,0.14610363693003564,7.37452507019043
1747536666.1507127,0.8099010220181186,0.14638209101754665,4.812002182006836
1747536666.1737294,0.8011039830673041,0.1382211329243983,5.728960037231445
1747536666.1940358,0.7816667829540214,0.1328151293480606,5.695343017578125
1747536666.2208638,0.7506205665769385,0.1470433668445814,7.1964263916015625
1747536666.2407951,0.8072210118738693,0.14869354482229358,6.497859954833984
1747536666.2585428,0.8265248950635035,0.14882260997838298,4.755496978759766
1747536666.2789543,0.8314911721372568,0.15201743706183887,8.927583694458008
1747536666.2953553,0.8313188247571027,0.15356819926366513,4.570722579956055
1747536666.3112051,0.8221787744725415,0.15452253631862342,4.744052886962891
1747536666.3264005,0.8204168967038165,0.15460420901424526,4.700899124145508
1747536666.47867,0.8428029453577636,0.1609119466583033,6.098508834838867
1747536666.507963,0.7659140560385969,0.14139151423010402,6.153106689453125
1747536666.5283604,0.7408310924130157,0.1358618379799811,5.661964416503906
1747536666.550183,0.7391342387885548,0.13817830367483253,5.023002624511719
1747536666.5648189,0.7644161528214778,0.14528911714394974,4.911184310913086
1747536666.5841815,0.7819974418939332,0.15081188854134664,4.814624786376953
1747536666.6052032,0.9067221125245207,0.1656920509706161,5.160093307495117
1747536666.6337974,0.910021404342609,0.16982131098021166,4.779577255249023
1747536666.649675,0.9067093667643169,0.1721503981352339,4.724025726318359
1747536666.6705933,0.8983179010968074,0.17371224868869986,4.715919494628906
1747536666.6876485,0.893085179575589,0.17518865788280805,4.677057266235352
1747536666.709358,0.8928330539382515,0.17603849274406175,4.853725433349609
1747536666.7298431,0.8855403992818489,0.17685699649165587,4.580259323120117
1747536666.7498343,0.8857875185323307,0.17681470267069238,5.402565002441406
1747536666.7643917,0.8793197546921895,0.1738998550974032,4.903078079223633
1747536666.790073,0.8679262215267679,0.17123439298315524,5.513906478881836
1747536666.81221,0.7949982993370354,0.1876633151552878,5.015373229980469
1747536666.830221,0.8056526059090848,0.18530056367180264,5.676984786987305
1747536666.8506691,0.8100837203121447,0.17626547424502217,5.305767059326172
1747536666.8854558,0.8130917632166549,0.17206110369278513,11.961936950683594
1747536666.91521,0.8186916381127592,0.16418392069573548,5.101919174194336
1747536666.9353287,0.827188399162356,0.15897660235219307,5.205392837524414
1747536666.9554935,0.831677154408167,0.1573238980906179,4.958391189575195
1747536666.9759893,0.8358744949098987,0.15524431097329924,5.840063095092773
1747536666.9959064,0.8407183852998404,0.15568340124113692,6.250143051147461
1747536667.0209725,0.8294002965036075,0.14758333289204026,6.822347640991211
1747536667.0419304,0.8189607209816484,0.13916487188408067,5.83958625793457
1747536667.063265,0.8098580973902808,0.1360790883196097,7.303714752197266
1747536667.0857768,0.8026500964467254,0.1273932846705185,7.936000823974609
1747536667.1091568,0.7971023551614007,0.1216267625383347,7.174015045166016
1747536667.1306453,0.7893523167665452,0.1159988542870038,4.80341911315918
1747536667.1498787,0.7927754592832746,0.11431446925488746,4.975795745849609
1747536667.165162,0.7933241626476252,0.11248080622039942,4.846811294555664
1747536667.1852286,0.794988319450388,0.11019111963188365,4.970073699951172
1747536667.2109244,0.7952487508945895,0.11075740183316926,5.558252334594727
1747536667.232385,0.7935075858958923,0.12273309187144213,5.825996398925781
1747536667.2473445,0.7925344386855827,0.12935533961905715,4.727602005004883
1747536667.269609,0.7859265453894444,0.13077893638241325,5.126476287841797
1747536667.2898843,0.787182784231212,0.1356645799730146,5.133390426635742
1747536667.310063,0.7901483017673492,0.1376818630504122,5.503416061401367
1747536667.3315635,0.7908519139171523,0.13973069224662332,6.901025772094727
1747536667.350291,0.790231124627261,0.13849988295993967,5.77235221862793
1747536667.3645449,0.7913624208146559,0.13843923584327825,4.581928253173828
1747536667.3895278,0.7938948028694912,0.14032518832189944,5.168437957763672
1747536667.4096637,0.792659945343892,0.1381402848925429,5.196571350097656
1747536667.4321344,0.7957035816117185,0.1370962204715941,5.070924758911133
1747536667.4480405,0.7957183115328207,0.13538721641200477,4.768848419189453
1747536667.4698951,0.7990429587481792,0.13607186280192818,4.993438720703125
1747536667.4931548,0.7932067450374192,0.1333290597426082,6.649255752563477
1747536667.5082347,0.7871251352376455,0.13038723339508376,4.871845245361328
1747536667.5297554,0.7818478197352619,0.12924042789737494,5.091190338134766
1747536667.5505843,0.777305112609916,0.1203063878614593,5.585193634033203
1747536667.569862,0.7747020441613395,0.11331697031294831,5.402803421020508
1747536667.5907073,0.7741442223856309,0.10851921856081657,4.884004592895508
1747536667.609803,0.7766843331528976,0.11626081765348167,5.707979202270508
1747536667.6317725,0.7958816042428317,0.12553085736396324,5.101680755615234
1747536667.6472857,0.8053582262733744,0.1324176821131463,4.893302917480469
1747536667.673003,0.808315728306116,0.14610158229141795,5.526542663574219
1747536667.6895087,0.8280131054176434,0.1574954771800915,5.323648452758789
1747536667.7145538,0.8301701599149491,0.16303701152947653,4.882335662841797
1747536667.7298913,0.8356659153872954,0.16775982475435997,4.767417907714844
1747536667.7491472,0.8393987974777538,0.16326021121691728,4.749536514282227
1747536667.769517,0.8345182711290546,0.15853115731230247,5.17725944519043
1747536667.7891924,0.836835212579162,0.15523062772790105,4.799842834472656
1747536667.8091965,0.8249609985229641,0.14988473862501345,4.899501800537109
1747536667.830279,0.8153098050796078,0.1469185543751054,5.179166793823242
1747536667.8493955,0.8100235078043939,0.14456496088069365,4.84156608581543
1747536667.8700762,0.8135222810434224,0.14287332079849357,5.831241607666016
1747536667.8951077,0.8137348176980985,0.14076084192671992,7.5283050537109375
1747536667.913342,0.808901154205468,0.14096039638903735,4.9419403076171875
1747536667.931977,0.7967159686155338,0.1417789962322157,5.155086517333984
1747536667.950627,0.7913390657084535,0.1405556326330562,4.903078079223633
1747536667.967106,0.7866401984106575,0.13908469859083986,5.289554595947266
1747536667.9855707,0.7887631216084601,0.14108791826089562,4.801273345947266
1747536668.0041907,0.7903014188405384,0.1420343279814467,4.6825408935546875
1747536668.026144,0.7940060641450786,0.1428976356887668,4.84013557434082
1747536668.0484414,0.7994098652925726,0.14288971503823736,4.9190521240234375
1747536668.068729,0.7989909950777997,0.15223922083693517,5.386114120483398
1747536668.0920558,0.804784881525425,0.15708119234029397,7.207393646240234
1747536668.1133966,0.8077704221888885,0.16165167273831446,6.285429000854492
1747536668.134201,0.8077397466493612,0.15468637012981878,5.415439605712891
1747536668.1607037,0.8072597310158495,0.15020433870694627,9.335041046142578
1747536668.176911,0.8075848336357684,0.14590480665215783,4.922151565551758
1747536668.191796,0.807599197449944,0.14471439829522442,4.696846008300781
1747536668.2099686,0.8216487185003337,0.14749364965419764,5.537509918212891
1747536668.2300937,0.8384660558381599,0.1504248486492509,4.992961883544922
1747536668.2504146,0.8550495710310138,0.15687536160447568,4.723787307739258
1747536668.2691607,0.8504484266977188,0.16071036675875922,4.814863204956055
1747536668.2900393,0.8468391858947943,0.16244295389130958,4.959821701049805
1747536668.306228,0.8465658304317192,0.16298367388543367,4.721641540527344
1747536668.326487,0.832574684689081,0.15502313531797923,4.759311676025391
1747536668.3493044,0.8105680492064681,0.14704290489629993,4.908323287963867
1747536668.3668463,0.8067728782296276,0.14447561487183733,4.865407943725586
1747536668.393909,0.7898124309071862,0.1369619746735815,6.866455078125
1747536668.4123025,0.7780987675289281,0.1321506818505517,4.821300506591797
1747536668.4343584,0.7658287530392098,0.1307494106452528,4.810571670532227
1747536668.4542992,0.7535166113378089,0.1301679120350297,7.012844085693359
1747536668.4726532,0.7585353140962581,0.1393580289338752,5.13911247253418
1747536668.489822,0.7664651256344487,0.1459696374669141,4.886388778686523
1747536668.5094018,0.775161918495247,0.14910027615144253,4.957437515258789
1747536668.526182,0.7874526121780488,0.1468252971759973,4.67681884765625
1747536668.5521364,0.7965330508002779,0.14581380498978996,7.399559020996094
1747536668.5792272,0.8033986640588071,0.14550873795440364,6.244421005249023
1747536668.6014118,0.8020143243823984,0.1424306795113232,5.555868148803711
1747536668.616169,0.8032869645757484,0.14168945920460838,4.691362380981445
1747536668.6356714,0.8008983510613726,0.14019201045660545,4.652261734008789
1747536668.650428,0.7992410009801197,0.13978928185786602,5.295515060424805
1747536668.6673014,0.7879864036048243,0.14201275666551552,6.984472274780273
1747536668.6912835,0.7888596066829315,0.1431821206170165,7.322788238525391
1747536668.7148657,0.7885384039262466,0.14506276767406137,7.695436477661133
1747536668.7330728,0.787882539589108,0.13705380960763394,6.602764129638672
1747536668.7484398,0.7866895025066946,0.13194269068165476,4.719018936157227
1747536668.771188,0.7894273691057098,0.12992807131178158,6.425142288208008
1747536668.7856174,0.7961219568960782,0.13430960005011217,4.592418670654297
1747536668.8111627,0.8080655176471011,0.14005864546926894,6.465911865234375
1747536668.8294072,0.8174167662306537,0.14432092321047793,4.630088806152344
1747536668.853522,0.8155319370126076,0.14723842165491555,5.172967910766602
1747536668.8674088,0.8075599248166732,0.14925264248378092,4.602193832397461
1747536668.884901,0.803501284263609,0.14950945326576032,4.895925521850586
1747536668.9101815,0.8021201519022314,0.14902052866282411,5.767345428466797
1747536668.92624,0.8082109718733032,0.14278742250123833,6.437540054321289
1747536668.944536,0.8150899508897308,0.1397904322763563,4.82940673828125
1747536668.9712152,0.8164126203973254,0.1392500030691234,6.267309188842773
1747536668.991806,0.8334524224297685,0.14351545522578352,6.84046745300293
1747536669.0130627,0.842089613927394,0.14675138752473896,6.564617156982422
1747536669.0348408,0.8516610234841694,0.15001593152783646,5.572319030761719
1747536669.0502815,0.8713677254753467,0.15053713608579575,5.135059356689453
1747536669.0652075,0.8803853889430321,0.14982788599552335,4.858732223510742
1747536669.0844266,0.8895825593930777,0.14927295699411636,4.816293716430664
1747536669.1117613,0.9099140073456587,0.15150631217239907,6.777048110961914
1747536669.1319242,0.9450983500558082,0.15726228378153012,4.99272346496582
1747536669.1513948,0.9801447328056213,0.1627095050595778,6.646394729614258
1747536669.1712818,1.0148123419338801,0.1690844566641726,6.524324417114258
1747536669.1912937,1.0203041568344347,0.15434761119497276,6.618022918701172
1747536669.209746,1.0410121635563696,0.15119302535792484,5.295753479003906
1747536669.23019,1.061950393207273,0.14797315350256957,4.675865173339844
1747536669.2497041,1.106555177683587,0.1350208558362215,5.0067901611328125
1747536669.2689486,1.1443587183210906,0.13136535983432185,4.672527313232422
1747536669.2892802,1.1753416353371535,0.13013999641114898,4.738330841064453
1747536669.3094091,1.2136381954084206,0.12221024631612783,4.913568496704102
1747536669.3295703,1.254479244467681,0.11596085414816522,4.9076080322265625
1747536669.3491788,1.2889924509038162,0.11166402027039338,4.615068435668945
1747536669.3695312,1.3134773498198336,0.10850395461571162,5.140781402587891
1747536669.3894732,1.3474485893932762,0.07666444490620038,4.92405891418457
1747536669.408951,1.3817231535621173,0.05253973074075509,4.589557647705078
1747536669.4278843,1.4004958218545545,0.04053811988932438,6.704807281494141
1747536669.450493,1.4643654812147802,0.015068750745195593,5.642890930175781
1747536669.4699757,1.5017031566970882,-0.008426830727664383,5.149126052856445
1747536669.4899244,1.5281044030274524,-0.01981836175945696,5.381107330322266
1747536669.5092225,1.5605009794209044,-0.03893974392053272,4.7130584716796875
1747536669.5253704,1.5731162176695914,-0.051773309863985276,4.4994354248046875
1747536669.5492413,1.597043782145964,-0.07069944039532108,4.529714584350586
1747536669.5678864,1.605889096910804,-0.07752169192528376,5.315542221069336
1747536669.589852,1.6716785063630446,-0.1074093269058665,5.071878433227539
1747536669.6109266,1.7129490310737625,-0.13080104632685405,5.151510238647461
1747536669.6388152,1.7641673664296493,-0.17075204961543525,6.491899490356445
1747536669.6583848,1.794080431822309,-0.201745941740193,7.135868072509766
1747536669.6751215,1.8298982998312527,-0.22841982568740024,7.235527038574219
1747536669.6910913,1.8670969380980924,-0.25212824367323466,5.048274993896484
1747536669.7152443,1.9140978573388745,-0.28511152613574575,5.201578140258789
1747536669.7307057,1.9398802151809833,-0.30243297574085165,4.701375961303711
1747536669.7473748,1.9661294560690217,-0.31569036011256535,4.657745361328125
1747536669.769371,2.018754151209027,-0.3609928775547086,4.920244216918945
1747536669.7910624,2.0560768798771867,-0.39053256902604044,6.675958633422852
1747536669.8098028,2.0869694078732572,-0.4138675034947537,5.264043807983398
1747536669.8280327,2.1084384568980634,-0.4272604766689245,4.908561706542969
1747536669.8454106,2.146557378276024,-0.4688645237626834,5.0067901611328125
1747536669.8695848,2.182613708118267,-0.5058030821509232,5.193948745727539
1747536669.8900578,2.1990040253672647,-0.5267478006331838,5.371570587158203
1747536669.9097009,2.228847050849748,-0.5625907898267547,5.329608917236328
1747536669.9324462,2.2621894441008727,-0.589095345527404,6.014585494995117
1747536669.954717,2.295008645817491,-0.6141198843791766,9.08660888671875
1747536669.975685,2.3180128403242684,-0.6267815632815281,7.187366485595703
1747536669.9913144,2.3375809588391574,-0.6414605097302343,5.694389343261719
1747536670.010296,2.3625350033946844,-0.6784899985609327,5.653858184814453
1747536670.0305974,2.3855183619309677,-0.7074377920525389,6.140708923339844
1747536670.0480666,2.3959277162993238,-0.7216129073223017,6.635904312133789
1747536670.0678892,2.4257035292122744,-0.7709926608783968,6.484270095825195
1747536670.087372,2.4410915541737066,-0.7857763010330505,5.950450897216797
1747536670.106981,2.4589517867176505,-0.7871148880672547,7.260799407958984
1747536670.1273339,2.498772305493267,-0.8262670655088225,5.6781768798828125
1747536670.1508822,2.5569967199435313,-0.9004744859210426,5.786418914794922
1747536670.1698337,2.597424177832554,-0.9541519709060873,6.447315216064453
1747536670.1909935,2.618252924300217,-0.997789476450987,6.119728088378906
1747536670.2108984,2.6278709482824727,-1.0159009870936027,6.377458572387695
1747536670.232335,2.6229668900764853,-1.0294191470894682,8.053779602050781
1747536670.2476478,2.608087729064627,-1.0599955198847997,5.647420883178711
1747536670.2658854,2.6123289022117633,-1.1193395765618193,5.652427673339844
1747536670.2900093,2.607015682656722,-1.1821201437579008,5.682229995727539
1747536670.310041,2.6071907005917994,-1.2178300495721512,5.680561065673828
1747536670.326184,2.639855919982593,-1.2567502923262677,5.16819953918457
1747536670.3504555,2.660716127056435,-1.305659793105131,6.085634231567383
1747536670.3698926,2.671543997014043,-1.338242263669384,5.401849746704102
1747536670.384848,2.661456484985354,-1.358994733612367,4.917383193969727
1747536670.4062274,2.6740394922170583,-1.4030598249427626,5.306482315063477
1747536670.4406292,2.674414681147287,-1.4394595080762562,8.988618850708008
1747536670.462878,2.691834371289823,-1.4974123149036696,4.75311279296875
1747536670.4774692,2.68917259925335,-1.5385509847903422,4.809379577636719
1747536670.492646,2.6637472716909585,-1.6008459935278936,6.215333938598633
1747536670.505928,2.6227365262013267,-1.6648322739568016,4.57000732421875
1747536670.5309572,2.618859208968189,-1.7334053883105836,6.421566009521484
1747536670.5500143,2.6042667114409004,-1.7757488231716791,7.205009460449219
1747536670.5806484,2.5958507253730123,-1.841469338826496,6.814002990722656
1747536670.6010995,2.5904138989396945,-1.8837062737602943,6.64520263671875
1747536670.621078,2.5786597064234718,-1.9268169630934302,6.621122360229492
1747536670.6502523,2.5660891223903226,-1.9697296307753343,8.686304092407227
1747536670.670668,2.5762808786198916,-2.0712917323519906,5.996942520141602
1747536670.6907933,2.5834078559758624,-2.128177064338686,6.395816802978516
1747536670.7050126,2.591606246702694,-2.1551852599380483,4.883050918579102
1747536670.7299025,2.575223521047814,-2.2124428618180323,5.483150482177734
1747536670.7514136,2.559017806410676,-2.2551468636771674,6.916999816894531
1747536670.7719588,2.547545678909373,-2.2922371560823356,4.995107650756836
1747536670.7931252,2.5560584975289227,-2.35834346483051,5.532026290893555
1747536670.8108218,2.5552081485466682,-2.4158525955718213,6.401777267456055
1747536670.8252685,2.5522523353176503,-2.4568456381339305,4.743814468383789
1747536670.8446646,2.5505629204041416,-2.492182013155566,4.767894744873047
1747536670.8665917,2.557800063972402,-2.571929163505179,6.645917892456055
1747536670.886456,2.5503642427478073,-2.6367799183723526,6.210088729858398
1747536670.9058957,2.5456816349336417,-2.6855131581205423,5.833148956298828
1747536670.9253442,2.579285038212436,-2.7157679258839473,5.394458770751953
1747536670.9499738,2.576434844377819,-2.749581043255228,4.945278167724609
1747536670.969694,2.5743770320242407,-2.7802576996452855,5.299091339111328
1747536670.9899049,2.594527939596453,-2.8747477923518225,5.739688873291016
1747536671.0054338,2.6066907380419044,-2.9365532744076264,5.462408065795898
1747536671.0260346,2.621192306726246,-2.9774909306029627,5.041599273681641
1747536671.0505407,2.6317911975209647,-3.0598377284251876,5.181312561035156
1747536671.066789,2.6298191562138333,-3.1047088870133424,5.006551742553711
1747536671.0873106,2.63289991267175,-3.1624387292369827,5.764484405517578
1747536671.1107843,2.6713909690275015,-3.227239025065512,5.190372467041016
1747536671.1265905,2.6907310561551574,-3.2588539578042375,4.87971305847168
1747536671.149752,2.7345712516831258,-3.315759844107117,5.313396453857422
1747536671.1665506,2.7673170868835153,-3.338474021371369,6.461858749389648
1747536671.1913772,2.8103101829980655,-3.412696705705152,6.4697265625
1747536671.2102356,2.8562502330636206,-3.467106027212889,5.689859390258789
1747536671.2267447,2.8802738448629994,-3.4999802014836163,5.187034606933594
1747536671.2497346,2.912861220105907,-3.5714038636717897,5.292177200317383
1747536671.2704368,2.941456624635544,-3.6241020111239237,5.61070442199707
1747536671.2907426,2.9604101897462884,-3.661761837905431,5.598306655883789
1747536671.3100007,3.006175174369856,-3.722956356862593,5.564689636230469
1747536671.333331,3.0408196676113652,-3.7718305265468226,7.027387619018555
1747536671.4865942,3.2679707642952067,-4.136293107496323,5.393028259277344
1747536671.5128891,3.3337882772203753,-4.195988336975653,7.349252700805664
1747536671.541714,3.383632088957082,-4.255853331943729,9.03177261352539
1747536671.5682733,3.405000030139099,-4.28516802495206,5.630016326904297
1747536671.5899184,3.460504564999682,-4.400806013226192,4.744529724121094
1747536671.6102576,3.477325619252851,-4.445880660579128,4.93931770324707
1747536671.6308682,3.4881743032277557,-4.484048597260952,4.980564117431641
1747536671.6457818,3.5093552282840195,-4.543693935052342,4.53495979309082
1747536671.6643357,3.52766714138676,-4.601789158421457,4.792690277099609
1747536671.684774,3.5398381334448383,-4.639957820982311,5.184173583984375
1747536671.7071707,3.5639148760046,-4.711082558993178,6.67572021484375
1747536671.7244105,3.581033959347021,-4.768007506511841,4.930734634399414
1747536671.7447863,3.5964662587837735,-4.81492001196018,5.004167556762695
1747536671.764482,3.608980470064418,-4.855580573623779,5.028009414672852
1747536671.7895281,3.622736665831858,-4.90240924698208,5.158901214599609
1747536671.8120105,3.6176533396370716,-4.942532921544061,6.006002426147461
1747536671.8275506,3.6160469972918183,-4.987639029393255,4.864931106567383
1747536671.8461547,3.6133207854039147,-5.026672032744027,6.202936172485352
1747536671.867967,3.628197394323113,-5.089196159935765,6.323099136352539
1747536671.8910866,3.6199078341429165,-5.142806497645158,5.90968132019043
1747536671.911306,3.612732003298383,-5.175325513156762,6.126880645751953
1747536671.940213,3.6217759641643346,-5.233550208473066,15.488386154174805
1747536671.9645686,3.6167128713754058,-5.275458996325391,5.637407302856445
1747536671.9881065,3.596197761053638,-5.330021676926306,6.791591644287109
1747536672.011766,3.602066646768745,-5.368584029078253,8.324623107910156
1747536672.034571,3.595196699714275,-5.4020205017132525,7.492303848266602
1747536672.0503695,3.5846358167776833,-5.433100146714916,6.486654281616211
1747536672.070663,3.563802249987671,-5.488725659844893,6.198644638061523
1747536672.0907087,3.5474408766282597,-5.517877749511366,6.442785263061523
1747536672.1055977,3.5370891953397314,-5.535662898830862,5.862951278686523
1747536672.130226,3.518608277358328,-5.592662411162308,5.779504776000977
1747536672.1461725,3.5054846398085524,-5.620450227928286,5.667924880981445
1747536672.1715121,3.4820994745841474,-5.656261021075174,5.574226379394531
1747536672.1914499,3.457374056158829,-5.699509680320744,6.0596466064453125
1747536672.2101986,3.4227105563327633,-5.734312418321088,5.657196044921875
1747536672.230354,3.387538017447637,-5.7629372880951,5.4607391357421875
1747536672.245074,3.355602711525213,-5.781643584004511,5.175352096557617
1747536672.2698185,3.328188790761504,-5.827311442421569,5.441904067993164
1747536672.2960064,3.2934143581574955,-5.864725241372239,6.386280059814453
1747536672.3138592,3.275616908350837,-5.8756199186132365,7.361650466918945
1747536672.3312366,3.237915086331397,-5.908041327595579,6.439924240112305
1747536672.3465889,3.2190745225842763,-5.928037944860096,4.911899566650391
1747536672.3700142,3.1722310117119394,-5.953039332860844,5.164861679077148
1747536672.3897672,3.1286639415404713,-5.9823534623253645,4.98509407043457
1747536672.4101057,3.0890262536374644,-6.005013731395076,5.689382553100586
1747536672.4328704,3.0520270402522036,-6.016240580929133,5.707740783691406
1747536672.454208,3.0062052552604173,-6.033039629271695,9.52291488647461
1747536672.471689,2.96865624674585,-6.06036079240404,5.174875259399414
1747536672.491112,2.92664046373068,-6.076234060365874,6.171226501464844
1747536672.512861,2.8941637804830975,-6.086385593215977,6.607770919799805
1747536672.5311468,2.85652650443999,-6.111395553558667,5.852222442626953
1747536672.5458152,2.8353844267548767,-6.125235812312039,4.688739776611328
1747536672.5713084,2.7971338752416353,-6.14623563162128,6.65736198425293
1747536672.590073,2.75317558932001,-6.166338808139095,4.920482635498047
1747536672.6050498,2.723298146007828,-6.178137303775956,4.809379577636719
1747536672.629739,2.6767005435888827,-6.1959822517741525,5.168676376342773
1747536672.6495874,2.6164777522877447,-6.212961864566157,5.130767822265625
1747536672.6675339,2.5745993750788965,-6.220346878395816,7.410764694213867
1747536672.6851585,2.530575613060605,-6.229571881922449,4.830837249755859
1747536672.706673,2.480224645522311,-6.2385939163343584,4.922628402709961
1747536672.7292953,2.4029544387635227,-6.267779318147474,4.90117073059082
1747536672.749267,2.3601846587088553,-6.280589885477598,4.739999771118164
1747536672.7703314,2.3254684918982913,-6.289569861478035,5.419731140136719
1747536672.7886305,2.2751460356864426,-6.300797231344546,6.617546081542969
1747536672.8130782,2.2146428773548017,-6.3128531882817525,6.926059722900391
1747536672.8373635,2.177265273692692,-6.318795659897214,5.416393280029297
1747536672.8514006,2.0993848453531205,-6.331200521856098,4.623889923095703
1747536672.8666093,2.044864650138728,-6.33817118343884,4.486799240112305
1747536672.8913822,1.9877450995831738,-6.347448370109319,7.034778594970703
1747536672.9126594,1.9329138373958357,-6.361617800583327,6.581306457519531
1747536672.9296463,1.9018419045215829,-6.367526583809017,6.010770797729492
1747536672.947482,1.866144492351896,-6.372307950735943,4.957675933837891
1747536672.9703784,1.8170571434841294,-6.376468457219575,5.446195602416992
1747536672.9930754,1.7573253214398292,-6.37308390109243,6.263256072998047
1747536673.0147634,1.688414334279349,-6.372135284320809,5.933284759521484
1747536673.0405376,1.6249695726037554,-6.374959052554561,7.126331329345703
1747536673.0560615,1.5450139790455424,-6.383524709347689,4.615545272827148
1747536673.0713298,1.5059004718384308,-6.3858332336253145,5.1441192626953125
1747536673.0895662,1.4687964742380673,-6.387648007541601,5.1136016845703125
1747536673.1097984,1.3830120062886666,-6.382484599066855,5.472898483276367
1747536673.124831,1.3264485895093185,-6.378358582469182,4.590034484863281
1747536673.1499977,1.2684786737307994,-6.37557196540607,5.312204360961914
1747536673.166136,1.2311935935507514,-6.37594602686303,4.603385925292969
1747536673.189227,1.1701811489315403,-6.370738303969687,4.927635192871094
1747536673.2093136,1.1202287073726929,-6.368030826194573,4.880666732788086
1747536673.2298934,1.0769011526818961,-6.363803763677822,4.907131195068359
1747536673.2461066,1.0010651247095528,-6.366640316774465,4.52423095703125
1747536673.2672126,0.9375799913240336,-6.364412010881121,7.3413848876953125
1747536673.2929542,0.8863298384750545,-6.3640154415060195,6.739616394042969
1747536673.3114426,0.8255374743451952,-6.360869577729731,6.769895553588867
1747536673.3299866,0.7840102916054428,-6.361766413351952,5.429983139038086
1747536673.3481154,0.7515249184493966,-6.345110201845169,7.031679153442383
1747536673.369946,0.6994203846800519,-6.32860745531975,5.558252334594727
1747536673.3908215,0.6740746176627237,-6.3203540678605075,6.088972091674805
1747536673.4066808,0.6436109986752642,-6.307123549367532,5.125284194946289
1747536673.4275324,0.5969642161739601,-6.289737877139519,4.86445426940918
1747536673.451061,0.5587461183984428,-6.278105127543441,6.170749664306641
1747536673.4696648,0.4858144612564236,-6.252138118445873,5.241870880126953
1747536673.4888628,0.4342256123019295,-6.237467561935707,8.539438247680664
1747536673.5098207,0.37377240744000306,-6.217303256107598,5.257844924926758
1747536673.529904,0.3343990592526391,-6.212859049389399,5.534887313842773
1747536673.5499015,0.28410393297202136,-6.170237195672848,5.556583404541016
1747536673.5698051,0.25745834679913965,-6.147352788740074,5.163669586181641
1747536673.5897932,0.2025078457942525,-6.123824669035337,5.306243896484375
1747536673.6052663,0.17980875630978202,-6.100293551190404,5.171060562133789
1747536673.6246643,0.12738412064380086,-6.0667970123238,5.347728729248047
1747536673.6463206,0.07734003059112764,-6.035334262690151,5.514860153198242
1747536673.670062,0.008455822948876736,-5.981130514713773,5.41377067565918
1747536673.690275,-0.07436984199275119,-5.94843944921705,5.563974380493164
1747536673.7099786,-0.14361078309958125,-5.930164921764629,9.144783020019531
1747536673.7305555,-0.054135588092652474,-5.876416886570778,5.863428115844727
1747536673.750485,-0.05169807523911602,-5.831715960188866,5.789995193481445
1747536673.7708948,-0.08351871141412286,-5.793311340387464,6.067514419555664
1747536673.7884076,-0.11571943638447293,-5.7718984686205115,6.582736968994141
1747536673.8108535,-0.08905815442682957,-5.712537202906286,6.049156188964844
1747536673.832911,-0.0958616994037971,-5.686192503009647,6.210565567016602
1747536673.850788,-0.15150012895455034,-5.656291603399582,6.426334381103516
1747536673.8744187,-0.1601633003090416,-5.599804471464701,10.068416595458984
1747536673.8952682,-0.16905538859896335,-5.5711897249014095,8.521556854248047
1747536673.9117868,-0.1952837315227278,-5.520927167563685,6.252765655517578
1747536673.9313936,-0.2360547337224438,-5.480209194205358,6.362199783325195
1747536673.9512286,-0.27520553620862737,-5.433745220681392,6.484746932983398
1747536673.971017,-0.2997913491040074,-5.394842234962504,6.309747695922852
1747536673.9915318,-0.3193783020310802,-5.359663792246228,6.354808807373047
1747536674.009659,-0.3632186030629885,-5.323213360109088,6.23631477355957
1747536674.0311716,-0.41037967405800724,-5.272317350025388,6.16455078125
1747536674.0462554,-0.4300291395806182,-5.227391465454495,5.800008773803711
1747536674.0653713,-0.5079571230918603,-5.164174591871821,5.9070587158203125
1747536674.0869582,-0.5523354474885545,-5.114615516635934,5.515813827514648
1747536674.1051042,-0.5817250561036389,-5.066777222383758,5.55109977722168
1747536674.1259212,-0.6440727126665924,-5.0050331021489844,5.571842193603516
1747536674.1497471,-0.69297515227338,-4.943372395283767,5.361795425415039
1747536674.1694894,-0.7191920731962643,-4.900136511107504,5.203723907470703
1747536674.1983514,-0.7976157961969763,-4.852305195324263,5.980491638183594
1747536674.2139525,-0.8462747664019427,-4.800860732327836,5.474328994750977
1747536674.2312233,-0.8816769884430967,-4.751825081812464,5.169391632080078
1747536674.246308,-0.8979844032367479,-4.707762191642336,5.20777702331543
1747536674.266541,-0.9670486960799505,-4.651082053162766,4.891633987426758
1747536674.290198,-1.0128503254865016,-4.592730656338598,5.199670791625977
1747536674.3061206,-1.0273691588388345,-4.561993468276993,5.03230094909668
1747536674.3266492,-1.102962315134977,-4.502608515385761,6.153106689453125
1747536674.3503404,-1.1448233911753716,-4.439184391607142,5.859136581420898
1747536674.368479,-1.1569091477503262,-4.401121409326889,5.49626350402832
1747536674.3899958,-1.239088989011769,-4.339793114986898,7.050514221191406
1747536674.4071786,-1.2823767691717065,-4.278895863462847,4.781961441040039
1747536674.4272242,-1.2991895863053973,-4.235257762514634,4.770040512084961
1747536674.4458885,-1.3082908476868005,-4.192162516390317,4.953145980834961
1747536674.4709606,-1.3915980845447091,-4.1002259078005,6.05010986328125
1747536674.4915664,-1.4220422846559588,-4.04345177164692,6.905317306518555
1747536674.5067353,-1.4332353471311008,-4.013620386233159,4.654407501220703
1747536674.5239677,-1.474727582211491,-3.939986393035012,4.681587219238281
1747536674.5490992,-1.4983955967707256,-3.832120236371916,4.647254943847656
1747536674.5695384,-1.510359520361999,-3.7566497929650975,5.128145217895508
1747536674.58983,-1.5621534169816491,-3.689884331620611,5.339622497558594
1747536674.604655,-1.5803134367627745,-3.63394850946013,4.778861999511719
1747536674.6243005,-1.5908309857828902,-3.569968031156759,4.723787307739258
1747536674.6442719,-1.5990140193898936,-3.505699044710174,4.745006561279297
1747536674.669384,-1.6460834284094021,-3.4217881987946996,5.193233489990234
1747536674.6841779,-1.6647576292905453,-3.3782551518910235,4.691839218139648
1747536674.7097168,-1.669662906857697,-3.3049833727597493,5.316495895385742
1747536674.7249546,-1.6474178559610648,-3.2568361191894137,4.839181900024414
1747536674.7510273,-1.649513856309241,-3.1719166803655297,5.540609359741211
1747536674.7706752,-1.6513335386763375,-3.110935833132484,5.304098129272461
1747536674.7904124,-1.6652148997906715,-3.036550908333905,5.686759948730469
1747536674.8103855,-1.6738850896077477,-2.9628682508322477,5.609035491943359
1747536674.8301947,-1.6820794880558152,-2.896074030316264,4.996776580810547
1747536674.8514695,-1.6900848722218984,-2.839575720917879,5.741596221923828
1747536674.8701246,-1.6974707808408867,-2.7717229750059507,5.278587341308594
1747536674.8881483,-1.688277982045817,-2.7259710877905086,4.9533843994140625
1747536674.9118757,-1.6884126243777102,-2.638293959892657,6.2408447265625
1747536674.9317467,-1.6933481640229469,-2.5690791044550205,6.809234619140625
1747536674.9526787,-1.6780647392343702,-2.498314686249662,7.153749465942383
1747536674.9720879,-1.6700031049580686,-2.44057446454554,6.183147430419922
1747536674.9918487,-1.6678036737475566,-2.3811469229722815,6.685972213745117
1747536675.0101373,-1.6307138476107443,-2.294226954340707,5.382776260375977
1747536675.033686,-1.6065220140747172,-2.2116205770237496,6.089210510253906
1747536675.0504215,-1.6012172911043177,-2.165191903433282,6.214618682861328
1747536675.0703828,-1.5882883399350254,-2.0953859037349805,5.886077880859375
1747536675.0901725,-1.5673621318036899,-2.0370405765553157,5.671262741088867
1747536675.1098347,-1.5482043679123336,-1.9757451328783409,5.4416656494140625
1747536675.131254,-1.5379240119930495,-1.9213044597892646,6.480932235717773
1747536675.1533349,-1.4881240324941738,-1.8436525084908577,6.853818893432617
1747536675.169728,-1.4644624687641086,-1.783009968706162,5.397796630859375
1747536675.1899312,-1.4542109240279715,-1.733999549036783,5.372762680053711
1747536675.2107933,-1.402648626531662,-1.6487093149529002,5.568265914916992
1747536675.2390702,-1.371760883150186,-1.5734462725461507,8.902311325073242
1747536675.2539723,-1.368261175596668,-1.545879604252961,5.441188812255859
1747536675.273016,-1.3026396921937757,-1.4586965099983265,6.268739700317383
1747536675.292286,-1.2620301101520575,-1.388991828712116,5.189418792724609
1747536675.3100595,-1.2302062931499238,-1.3288957628412368,5.339384078979492
1747536675.331684,-1.2110127822994925,-1.2838569872686427,6.511211395263672
1747536675.351796,-1.1608496811751094,-1.2184471124400296,6.927013397216797
1747536675.3719282,-1.1254302590990195,-1.161585933900662,7.035017013549805
1747536675.3920572,-1.0934913888383706,-1.1118676305310575,7.020473480224609
1747536675.4159343,-1.0559716463372075,-1.0401828256313677,8.620977401733398
1747536675.4414325,-1.0258017723461195,-0.9793441331917064,8.092880249023438
1747536675.459438,-1.0063469316627405,-0.9409655241970845,5.877017974853516
1747536675.4789648,-0.9373195386357999,-0.8648049159197032,5.791187286376953
1747536675.4954264,-0.8954032183661276,-0.8099251199126418,7.967710494995117
1747536675.5112839,-0.8617028219753929,-0.7724526260918159,6.367921829223633
1747536675.5310152,-0.8241805128201471,-0.7240442705198388,6.312131881713867
1747536675.5466583,-0.7657830925724405,-0.6812508037877325,5.989313125610352
1747536675.5708418,-0.6989680163327135,-0.6259678353246155,6.35838508605957
1747536675.591026,-0.6592763126258623,-0.5955421522091251,5.788087844848633
1747536675.6106036,-0.6003711010219199,-0.5387969791442674,6.108999252319336
1747536675.6321392,-0.5506075603534165,-0.49111447705407857,7.676124572753906
1747536675.6498091,-0.5111800004473139,-0.45161061161272276,5.378961563110352
1747536675.6651564,-0.4458558110035712,-0.39604298099301094,5.259037017822266
1747536675.690279,-0.38021676725972253,-0.3383245098400729,5.935907363891602
1747536675.71171,-0.33943842136129354,-0.3014738529141039,6.956815719604492
1747536675.730428,-0.2778752767807715,-0.24569651825542796,5.703210830688477
1747536675.7505982,-0.21575269453022858,-0.20507209168934434,5.951881408691406
1747536675.7717392,-0.17516127406251053,-0.18290646560569124,5.487918853759766
1747536675.7899861,-0.13092576785044124,-0.16475016365546274,5.327939987182617
1747536675.8052654,-0.10552072904593962,-0.13075249363866018,5.049467086791992
1747536675.8314784,-0.06018499537450465,-0.09492851282648915,6.400585174560547
1747536675.8510907,-0.009506660021111933,-0.07346071002946002,6.347894668579102
1747536675.8709254,0.049866787464872234,-0.030495823676163294,6.2656402587890625
1747536675.890844,0.1180687977518588,-0.004082822205984472,5.804300308227539
1747536675.9109912,0.19392854496128856,0.022623091673778732,5.742311477661133
1747536675.9305525,0.2247937207617507,0.04352579904507863,6.63447380065918
1747536675.9538388,0.28096354941665547,0.06485208848008144,6.576061248779297
1747536675.9696538,0.31953065004783154,0.07431361346202951,4.844188690185547
1747536675.989641,0.32836294271531097,0.10087899492430495,5.159854888916016
1747536676.0104117,0.3523662580650146,0.11810234951920709,5.693912506103516
1747536676.0269191,0.38348537135379557,0.12939280778770795,4.69970703125
1747536676.0446835,0.43239996938902847,0.14042826136059056,5.082130432128906
1747536676.0644288,0.4837883004074113,0.1660856959308067,4.913330078125
1747536676.0895748,0.5481473675804617,0.19512440936975764,4.9381256103515625
1747536676.1092298,0.5854331916387775,0.21700713298900612,4.819393157958984
1747536676.1299286,0.7029979476979442,0.20759315474333287,5.482196807861328
1747536676.1576927,0.7588614581626784,0.20510370330226077,5.760431289672852
1747536676.1771884,0.7938095594281487,0.20534719802978196,6.6013336181640625
1747536676.1959941,0.9038415714151715,0.2332207909323607,4.691600799560547
1747536676.214216,0.9640453613053074,0.23875559969257654,5.786418914794922
1747536676.2334561,1.042893577798551,0.2408501746546925,6.3533782958984375
1747536676.2491944,1.0969230689872433,0.2438858697957427,4.651308059692383
1747536676.2641828,1.1446319776933263,0.2500956739396868,4.666566848754883
1747536676.29089,1.2284053671457245,0.2378659793479596,5.901575088500977
1747536676.3109136,1.2888099505174466,0.2321954389340716,6.12187385559082
1747536676.3372297,1.33654329899865,0.22924784818859062,4.902124404907227
1747536676.474148,1.6626457562957522,0.11940494770956599,6.488800048828125
1747536676.4912822,1.720028625632581,0.09278452405486684,5.64265251159668
1747536676.5096376,1.7908361997010889,0.06978022105504815,4.856586456298828
1747536676.5309517,1.8412696939794835,0.055791672327401926,5.836963653564453
1747536676.5571377,1.8965564899369096,0.01821525931838025,6.171226501464844
1747536676.5756063,1.9396340068181157,-0.013674883319003182,5.695581436157227
1747536676.5939035,1.9813745187591738,-0.03980921001778807,5.486965179443359
1747536676.6133091,2.024759958859162,-0.09389562113159691,6.342887878417969
1747536676.6375415,2.0599593046713687,-0.13389416723401487,5.50532341003418
1747536676.6537569,2.094846566072088,-0.162321039296169,7.046222686767578
1747536676.6743548,2.1250023733145587,-0.1836328327882147,6.170749664306641
1747536676.6912842,2.168983928419194,-0.22302999852872302,5.606412887573242
1747536676.7076986,2.19030705632634,-0.24391726499532096,5.045890808105469
1747536676.7246215,2.214163854908035,-0.2677942953974277,5.127668380737305
1747536676.745681,2.2292802540355714,-0.31360033106500673,5.192041397094727
1747536676.7650435,2.2319098928059518,-0.357632578806847,5.456447601318359
1747536676.7982323,2.2385779889309885,-0.4000639657234986,11.590957641601562
1747536676.8204553,2.2742789391316998,-0.4257053139816604,6.38270378112793
1747536676.8419006,2.313197472084783,-0.4680260561009838,7.854223251342773
1747536676.8616683,2.336951592411463,-0.4916260657076549,6.958961486816406
1747536676.8827562,2.389185587864037,-0.5272166572686874,6.8531036376953125
1747536676.9002888,2.429043429649638,-0.5627565253593649,5.467653274536133
1747536676.9148018,2.459863890483381,-0.5966620890382076,5.634546279907227
1747536676.9307504,2.485019947285896,-0.6212153695065351,5.462169647216797
1747536676.9511244,2.5040435141121,-0.654360152740177,5.655765533447266
1747536676.9705803,2.5163524719143173,-0.6759528281106245,6.058931350708008
1747536676.9856012,2.526671095623032,-0.6931267886246144,5.888700485229492
1747536677.0059268,2.572947583026812,-0.7395094082513515,5.833625793457031
1747536677.026516,2.596329338314501,-0.769013090010305,5.873918533325195
1747536677.0452275,2.6164852955796123,-0.7978891852384028,5.747318267822266
1747536677.0720758,2.6642748176475646,-0.8594199181079657,6.778717041015625
1747536677.0870821,2.6770248639286045,-0.9008300996187077,5.5294036865234375
1747536677.1056852,2.6722419297748825,-0.9582581789716186,5.809545516967773
1747536677.1296675,2.66266278219643,-1.0090016562298543,7.472515106201172
1747536677.1551638,2.6731294295968113,-1.0638826542027655,6.972789764404297
1747536677.1768668,2.675995436439212,-1.1147984032385132,7.471561431884766
1747536677.1990483,2.6672055411288293,-1.1605963884919663,6.226062774658203
1747536677.2137866,2.691480212235286,-1.2228022990197156,5.665063858032227
1747536677.2277327,2.6992765205085747,-1.2751523764535393,4.8465728759765625
1747536677.2452483,2.7000117156162564,-1.3251923400027683,5.222797393798828
1747536677.2654548,2.7016960684328986,-1.3686239650788785,5.195856094360352
1747536677.2860703,2.7075772063887804,-1.4233380374563827,6.316423416137695
1747536677.3044581,2.696325011366582,-1.4730170498025235,4.853487014770508
1747536677.32818,2.688855102789326,-1.518258030449363,6.936073303222656
1747536677.3516853,2.6914565711093816,-1.5836776565332416,5.972146987915039
1747536677.371736,2.69079792869511,-1.6383744798150748,6.40106201171875
1747536677.3912678,2.6929049207516806,-1.6912824893562288,5.565881729125977
1747536677.4060369,2.652861568431332,-1.7212140954563642,4.643917083740234
1747536677.4295692,2.6439573071932467,-1.7635574141675978,5.1212310791015625
1747536677.4450026,2.639320244312617,-1.7900665324098815,5.369901657104492
1747536677.4653869,2.638723710594415,-1.8389379852110697,5.728483200073242
1747536677.4929512,2.6329127998594104,-1.888377201744102,8.294343948364258
1747536677.5099664,2.625873394786497,-1.9197669957282888,5.542755126953125
1747536677.5333776,2.597706061045828,-1.962357122535196,8.848428726196289
1747536677.5507114,2.57427556535948,-2.0093892509596936,4.924297332763672
1747536677.5652387,2.557592334819892,-2.05520642327384,4.99725341796875
1747536677.5853,2.5479798349472484,-2.0956081887334834,5.387783050537109
1747536677.6122255,2.537712961725124,-2.1578361539447535,6.588459014892578
1747536677.6322708,2.536817348643137,-2.2046344602409604,6.684541702270508
1747536677.6511269,2.533137789189224,-2.2473053793705966,5.941152572631836
1747536677.6705225,2.5213998637574093,-2.309260961232782,6.111860275268555
1747536677.685599,2.512503821316431,-2.3518426928723333,4.87208366394043
1747536677.7080464,2.5005876137274354,-2.392377111537759,5.021095275878906
1747536677.7315187,2.5001312253563723,-2.470889912829524,5.958080291748047
1747536677.7597072,2.505389728702882,-2.5265141836063587,5.637168884277344
1747536677.7842684,2.5159654302028405,-2.599252458182932,8.896112442016602
1747536677.8084004,2.518421327310535,-2.6606909216649606,5.100488662719727
1747536677.8316262,2.520916602927813,-2.7569574692682455,8.037090301513672
1747536677.8507557,2.518492913848247,-2.8163893566582803,5.911350250244141
1747536677.869929,2.52508331777608,-2.877427313549571,5.560874938964844
1747536677.8855598,2.504092369467967,-2.9318723383469365,5.287408828735352
1747536677.9098163,2.4988530138501206,-2.9995821041378123,5.495548248291016
1747536677.931306,2.543993414862826,-3.0565083959610235,6.862163543701172
1747536677.951335,2.5887237801996785,-3.107800558826842,5.731105804443359
1747536677.9713216,2.6218559988791736,-3.142967283305882,5.758762359619141
1747536677.9909751,2.685182721440586,-3.2154240807124888,6.150484085083008
1747536678.0102382,2.730419423742282,-3.270370930017196,5.871295928955078
1747536678.024892,2.7612641781734943,-3.301821128068587,5.034208297729492
1747536678.0444703,2.7955915324302913,-3.342313064879253,5.056142807006836
1747536678.072066,2.837413925959137,-3.401833555311377,7.995128631591797
1747536678.0959332,2.870540137216562,-3.4469351337787546,8.753776550292969
1747536678.1200743,2.8975581920742544,-3.4840797802960544,7.877111434936523
1747536678.1372569,2.9288153147560463,-3.544759722115694,5.006551742553711
1747536678.1522074,2.94625403979082,-3.583597016841214,4.918575286865234
1747536678.169995,2.9761460540956164,-3.627947887980387,5.128622055053711
1747536678.1901033,3.0406790399184795,-3.6964269529529696,5.118370056152344
1747536678.209907,3.0900987127069532,-3.74806623894336,5.341768264770508
1747536678.229946,3.1184312665813865,-3.780596238744641,5.229711532592773
1747536678.2501276,3.1396496777081544,-3.802626473223882,4.979372024536133
1747536678.2699306,3.1614718643958137,-3.815324659107163,5.16963005065918
1747536678.2930667,3.212651755691552,-3.8980391214796133,6.936073303222656
1747536678.3158262,3.251389900489551,-3.9553535956781327,8.571386337280273
1747536678.3353953,3.2815538540598825,-3.995413171256937,4.84013557434082
1747536678.3513446,3.3089852387701826,-4.050509619917919,5.4073333740234375
1747536678.36917,3.3401749564015386,-4.101264782296782,4.693031311035156
1747536678.3841598,3.3620883170191114,-4.135115125657985,4.682064056396484
1747536678.4092844,3.3843156403646644,-4.161515179689745,4.907369613647461
1747536678.4295492,3.424956033178259,-4.2219918300360355,5.025386810302734
1747536678.4489424,3.4549452798924594,-4.266588710364058,4.599571228027344
1747536678.469325,3.482203847853269,-4.303493021048775,4.4689178466796875
1747536678.4914777,3.506004008074675,-4.364296965706491,7.00068473815918
1747536678.5061657,3.5223081237739495,-4.407288564173944,4.549264907836914
1747536678.5309143,3.5376836474628255,-4.461442224138881,6.526947021484375
1747536678.547509,3.5463551942283913,-4.505582997546862,4.538297653198242
1747536678.5724983,3.5668217545133283,-4.570325457375693,7.992029190063477
1747536678.590515,3.585166182011868,-4.612980386376249,5.311250686645508
1747536678.6117387,3.6029470218506146,-4.688935581217087,6.324052810668945
1747536678.6313338,3.6213461444539883,-4.76187892756514,6.534337997436523
1747536678.6494758,3.633609158341392,-4.823290267600938,5.020618438720703
1747536678.6653106,3.6434827953906104,-4.865054365334046,5.368232727050781
1747536678.6845365,3.6493111751606118,-4.928468493256563,5.232572555541992
1747536678.7105577,3.651705032646652,-4.99048880586978,5.612373352050781
1747536678.7327397,3.6466711128856115,-5.027921680997262,7.775068283081055
1747536678.752349,3.6381786386942454,-5.093345821557175,6.58106803894043
1747536678.777624,3.6283054003536273,-5.136777632559837,5.491018295288086
1747536678.7927573,3.6115370420428996,-5.190145159970707,5.609273910522461
1747536678.8105478,3.6096819443773343,-5.237450075419198,5.719900131225586
1747536678.8263562,3.607159054305631,-5.268859660706734,5.547285079956055
1747536678.851244,3.59260226059171,-5.3170464269108955,6.613969802856445
1747536678.8712566,3.5752533793746997,-5.3513485773759415,6.411075592041016
1747536678.8900552,3.5565403993142217,-5.3992287983314196,5.631446838378906
1747536678.9110408,3.541360643142586,-5.434038423678824,6.250858306884766
1747536678.9265585,3.52974537818524,-5.456135892913273,5.894899368286133
1747536678.9461856,3.507505743169768,-5.5089294205026205,6.111621856689453
1747536678.9714234,3.478923273410657,-5.551395255675288,6.960391998291016
1747536678.9918666,3.460367362103981,-5.573949715457023,7.362604141235352
1747536679.0075035,3.441305974623726,-5.608029744320229,5.496501922607422
1747536679.0311859,3.4093081874450197,-5.65585209032989,6.267786026000977
1747536679.0475807,3.388850589070034,-5.68047855841294,7.220029830932617
1747536679.0721357,3.3800116919001586,-5.725945986950273,6.989717483520508
1747536679.0928574,3.364580546303933,-5.753843052810303,6.953954696655273
1747536679.1177666,3.3529410019419292,-5.771057657131601,5.400896072387695
1747536679.1346018,3.293208201227068,-5.8105043381963535,6.196737289428711
1747536679.1484804,3.2319086353145585,-5.843942564759466,4.845142364501953
1747536679.1702821,3.166938118668721,-5.879799929774788,5.617618560791016
1747536679.1909523,3.11933589997016,-5.90609987615534,6.202459335327148
1747536679.2114675,3.124467504336622,-5.92910121005727,5.742788314819336
1747536679.2307427,3.1111627708871836,-5.953738847562301,6.268739700317383
1747536679.2512693,3.0929399369437673,-5.968224159872339,6.759405136108398
1747536679.2705052,3.0803222698267967,-5.991829652708478,6.409883499145508
1747536679.293091,3.062561173181088,-6.017702918990179,8.354663848876953
1747536679.3109913,3.0271327980567633,-6.033874362567256,5.816936492919922
1747536679.332971,2.9902214130188014,-6.056277370790676,6.581783294677734
1747536679.349875,2.9517777124755313,-6.082293049197181,5.200624465942383
1747536679.3678586,2.926497758393626,-6.093261360025491,4.700183868408203
1747536679.3893166,2.8833927998108404,-6.112987745511931,4.998207092285156
1747536679.4092364,2.8526894176137714,-6.139446744805823,4.747867584228516
1747536679.429188,2.8143731011971176,-6.160254013256567,4.795551300048828
1747536679.4455638,2.783723230772383,-6.173097089635807,4.70423698425293
1747536679.4692948,2.7383363143042003,-6.192329310598399,4.7817230224609375
1747536679.4847193,2.7100809379572497,-6.199007592710924,5.201101303100586
1747536679.5093365,2.6541087702556587,-6.223086692203466,4.9228668212890625
1747536679.5302873,2.5890133989766047,-6.238687335210652,5.312681198120117
1747536679.5500705,2.5291754946294307,-6.249715957481733,5.32984733581543
1747536679.5762563,2.4747153887932862,-6.27479625773681,5.19871711730957
1747536679.5945199,2.4545780524268372,-6.285616476040352,6.605386734008789
1747536679.6096947,2.38286578558852,-6.302766353134315,4.718542098999023
1747536679.626429,2.315357817780324,-6.321561419191496,4.887819290161133
1747536679.6493337,2.252592501163031,-6.339299498286931,4.882335662841797
1747536679.6697595,2.2088204267222955,-6.348631040135949,4.920244216918945
1747536679.6915174,2.1296447082398653,-6.364395649438979,5.368709564208984
1747536679.711605,2.079365831975036,-6.372512159286505,5.753278732299805
1747536679.729322,2.0386070597100105,-6.38435035256582,4.901885986328125
1747536679.7516363,1.9995606938343273,-6.3913483265141595,7.254838943481445
1747536679.775627,1.9574199128325611,-6.402451257693269,5.216360092163086
1747536679.7933135,1.8888815128149887,-6.413959471528496,6.525516510009766
1747536679.8108861,1.8384571669652525,-6.419304352177785,6.125450134277344
1747536679.829748,1.7733657210063751,-6.418214997276372,5.36036491394043
1747536679.8492455,1.7138830274890848,-6.4167275290414745,4.886627197265625
1747536679.8641772,1.6458775333921207,-6.414367983763876,4.585981369018555
1747536679.8893607,1.576750577702502,-6.4105206246843895,4.71806526184082
1747536679.907177,1.54136425240642,-6.406300529519677,4.674196243286133
1747536679.929216,1.4903463481786037,-6.404910890668907,4.6844482421875
1747536679.9493825,1.4506581258451219,-6.4026270034729595,4.5948028564453125
1747536679.9711082,1.3905660161130071,-6.408528022469677,5.636930465698242
1747536679.9903004,1.337705972981999,-6.412245190560836,5.784749984741211
1747536680.0130122,1.269240605040511,-6.414222167873745,7.578372955322266
1747536680.0374918,1.2175843441376317,-6.405531632272425,5.679607391357422
1747536680.057466,1.172002899966616,-6.3977668801246,5.441427230834961
1747536680.076698,1.1246554864226166,-6.389828673333256,4.821062088012695
1747536680.0928657,1.0634627937243943,-6.373701208956289,6.3495635986328125
1747536680.1069267,1.0252168044413605,-6.363683261407942,4.561901092529297
1747536680.1338544,0.9504149653237395,-6.35375563948691,5.711793899536133
1747536680.151398,0.8625213702807162,-6.34895312906935,5.876302719116211
1747536680.1799326,0.809891273296584,-6.3455016209218496,6.575345993041992
1747536680.201802,0.7457252999539397,-6.341516449220987,7.994651794433594
1747536680.2218306,0.692264674005207,-6.324343547742586,5.362749099731445
1747536680.2404413,0.6220979818757351,-6.308176377185484,5.80286979675293
1747536680.2584283,0.5722666961446381,-6.2996733400457545,4.948616027832031
1747536680.28071,0.5209215554672868,-6.263441202886148,5.295038223266602
1747536680.295782,0.4808869705487439,-6.242143839570254,5.172491073608398
1747536680.3108413,0.4618021461445113,-6.229567775661716,5.169391632080078
1747536680.3249788,0.4377863127703623,-6.216917175073746,5.004167556762695
1747536680.35028,0.3569872726142842,-6.176178095036101,5.712270736694336
1747536680.3706532,0.3195270758582809,-6.154052117865342,5.901575088500977
1747536680.3934433,0.280373759991035,-6.137926735260871,6.897687911987305
1747536680.4105475,0.2544945563348566,-6.127830339780667,6.618738174438477
1747536680.426962,0.19475900028204934,-6.08908822651709,5.042314529418945
1747536680.4499273,0.11940279139709414,-6.050916427784409,5.485773086547852
1747536680.4694824,0.07968317045420924,-6.034544007319869,6.650209426879883
1747536680.4870627,0.06622032141055557,-6.000163921804221,7.132291793823242
1747536680.5112178,0.009891841107353585,-5.958615122747196,6.38890266418457
1747536680.5315332,-0.03400900198296332,-5.93383838927922,6.705760955810547
1747536680.5507224,-0.04600435565029319,-5.876726508020017,6.204128265380859
1747536680.5741131,-0.04225589663516843,-5.847751060488089,6.923437118530273
1747536680.5914528,-0.07345873955160465,-5.817175929587467,7.046222686767578
1747536680.6146622,-0.060160049725043414,-5.768137207441892,7.825374603271484
1747536680.6321442,-0.06350918216466551,-5.726000216936325,5.860328674316406
1747536680.651121,-0.06864758204363192,-5.6959918285409765,6.298303604125977
1747536680.6720726,-0.07833447260786912,-5.672897707844686,7.23576545715332
1747536680.6919353,-0.09314946563686874,-5.623298149713659,6.962776184082031
1747536680.707625,-0.10070372094055526,-5.590116133420067,6.248950958251953
1747536680.7312307,-0.11597392657102538,-5.538712202616728,6.553173065185547
1747536680.7543995,-0.1892653260636749,-5.512095227305316,8.898496627807617
1747536680.7727745,-0.215263934620833,-5.4914720129429595,6.258726119995117
1747536680.7882662,-0.23745090499442525,-5.45040414375385,6.255388259887695
1747536680.8063507,-0.30912296928308913,-5.396749708315473,6.126165390014648
1747536680.8258038,-0.3575535172858401,-5.340316158007928,6.169795989990234
1747536680.8509727,-0.3987097588104968,-5.2837474125117385,6.46519660949707
1747536680.8714557,-0.47544101586856025,-5.2314294348719885,6.145000457763672
1747536680.886406,-0.5172153383356204,-5.194287920678081,5.581378936767578
1747536680.9054508,-0.5516190465613167,-5.147109720733003,5.458593368530273
1747536680.9312458,-0.5820512288712183,-5.091259889855714,6.454706192016602
1747536680.9462507,-0.6183410948965246,-5.044693412716201,5.291461944580078
1747536680.965648,-0.6459804065860549,-4.991098389975358,5.384206771850586
1747536680.990665,-0.6730855418944699,-4.936437703959313,5.621433258056641
1747536681.0069606,-0.7472038449892732,-4.886790760401175,5.1174163818359375
1747536681.0302973,-0.8096553432723355,-4.828673010336415,5.8689117431640625
1747536681.049974,-0.8417122230668718,-4.791343649782314,5.4779052734375
1747536681.0733485,-0.8635702479889353,-4.753684155913685,8.301973342895508
1747536681.092277,-0.8880833949511383,-4.723204522178304,7.178783416748047
1747536681.111069,-0.927261805003782,-4.6702791353741535,5.8765411376953125
1747536681.1310704,-0.9512956803960595,-4.624513383294498,6.046772003173828
1747536681.1572635,-0.9754891298482108,-4.570106200410465,12.270689010620117
1747536681.179606,-1.0475679785366159,-4.517220969403777,5.0029754638671875
1747536681.1958432,-1.0924046347095118,-4.467676781611956,6.208896636962891
1747536681.2101762,-1.1130644916736263,-4.4270919467742,5.088329315185547
1747536681.2314858,-1.1881829538833513,-4.365906237435689,6.7958831787109375
1747536681.2508476,-1.2290830523868213,-4.31478114012815,5.817413330078125
1747536681.2697306,-1.252116085012641,-4.2609813093619255,5.251884460449219
1747536681.2911692,-1.265721316782277,-4.207908420197505,5.419492721557617
1747536681.3101838,-1.3357408752761946,-4.149215813595077,5.445003509521484
1747536681.3251607,-1.3616737322721009,-4.102419896245839,4.76527214050293
1747536681.4863877,-1.5496524456834477,-3.6249400841545483,5.423069000244141
1747536681.5117857,-1.5967212435571176,-3.5141862429528676,4.925966262817383
1747536681.5310855,-1.613612778049516,-3.440300266364019,6.187915802001953
1747536681.5504606,-1.621460285464778,-3.399808617369292,5.800008773803711
1747536681.5713828,-1.6663919981025501,-3.335775201113326,7.8125
1747536681.59134,-1.6860484669118418,-3.2589308185796355,6.439924240112305
1747536681.6099887,-1.6912662007614443,-3.203646359182273,5.012989044189453
1747536681.630499,-1.7100023429355076,-3.1355365190057256,5.045175552368164
1747536681.6498606,-1.7187642514995316,-3.073805354196942,5.123615264892578
1747536681.6648018,-1.7227046351577413,-3.0279772248887196,5.067110061645508
1747536681.6846938,-1.7295788822438938,-2.9676334069116415,5.178213119506836
1747536681.706319,-1.6873214767689892,-2.8795775168051594,5.031108856201172
1747536681.7293785,-1.6683069495805436,-2.7899860603166617,5.011558532714844
1747536681.7495162,-1.6668632912110717,-2.7141202427235673,4.842042922973633
1747536681.7773495,-1.6555449143580385,-2.6311415637278723,10.807275772094727
1747536681.7913616,-1.6486958697860583,-2.5644115254702173,5.051136016845703
1747536681.8055875,-1.6466570179288074,-2.518103609019438,4.866123199462891
1747536681.8245401,-1.6291112274608288,-2.437624636179465,5.03993034362793
1747536681.8496866,-1.61529129544257,-2.345537729801381,5.370140075683594
1747536681.8694527,-1.6075519473787299,-2.271113633862114,5.005121231079102
1747536681.889595,-1.5740894465708426,-2.1971604804339804,4.865884780883789
1747536681.9193802,-1.5624758835130508,-2.143122378618002,17.79317855834961
1747536681.93566,-1.5504489533524708,-2.0689904385166207,7.382869720458984
1747536681.951841,-1.516787745971696,-1.991407338221666,5.23829460144043
1747536681.966408,-1.5033395141398247,-1.920412525579679,4.808664321899414
1747536681.984798,-1.4958711541967373,-1.848601261137834,5.028009414672852
1747536682.004458,-1.49387231846634,-1.7800708484325816,4.981517791748047
1747536682.0278416,-1.438207094489551,-1.7022422665939427,5.041360855102539
1747536682.051502,-1.3988283165793944,-1.6203432545371002,6.352663040161133
1747536682.06886,-1.3817543804483015,-1.573229301570467,5.541086196899414
1747536682.0911984,-1.3350938528553142,-1.4826270559033048,6.742954254150391
1747536682.1172895,-1.3154956932267103,-1.4085885229033976,5.645751953125
1747536682.1355371,-1.307804992278065,-1.3532340858681275,7.128477096557617
1747536682.1524806,-1.2253079522631158,-1.2691968550180368,5.92041015625
1747536682.1693807,-1.189137334471717,-1.2203598945848582,5.779027938842773
1747536682.1857872,-1.1563455275960675,-1.1595542929300624,5.922555923461914
1747536682.2062588,-1.13491841313352,-1.1124666549468238,6.715059280395508
1747536682.2301574,-1.0647496794298443,-1.0405085046042073,5.799770355224609
1747536682.2501223,-1.0061889781597027,-0.9746383275055321,5.812644958496094
1747536682.2704124,-0.9745703683337595,-0.9370222090583168,5.699634552001953
1747536682.2869213,-0.9198429334256664,-0.8830726693068712,5.648374557495117
1747536682.3055212,-0.8753714100818659,-0.8258640609016078,5.916833877563477
1747536682.3266597,-0.8459173980433261,-0.7854656762403892,7.222414016723633
1747536682.3457956,-0.7953124987105871,-0.7201335354630821,6.310701370239258
1747536682.3740182,-0.7416906349294293,-0.6609388235056691,7.403373718261719
1747536682.3986938,-0.7161204614920635,-0.6320609443289873,8.626699447631836
1747536682.4220002,-0.6843047922270438,-0.5985494040902907,8.504867553710938
1747536682.444904,-0.6267002586525059,-0.545177997926109,7.128238677978516
1747536682.462766,-0.5752825761583158,-0.4954328052096265,6.81614875793457
1747536682.4779863,-0.5290749148188063,-0.44673799113980667,5.644321441650391
1747536682.492153,-0.5108043948634341,-0.41956518131585746,5.322933197021484
1747536682.5105493,-0.45149451913484934,-0.3820050755150357,5.357265472412109
1747536682.525585,-0.4064173564729674,-0.3514091616439752,5.42449951171875
1747536682.5469167,-0.3618713522728711,-0.3230915957121286,6.595849990844727
1747536682.5691419,-0.3189882185207488,-0.29974664978259413,6.415128707885742
1747536682.5911078,-0.2515899244619676,-0.2505924420713785,8.135795593261719
1747536682.6155448,-0.19612343994074533,-0.21053538197913704,7.961273193359375
1747536682.6305733,-0.15268948172258429,-0.18519246486817723,5.372524261474609
1747536682.6516476,-0.08829937162379344,-0.14900112977716426,6.348609924316406
1747536682.671215,-0.027691849503542827,-0.11304036362448812,6.212711334228516
1747536682.689948,0.013759001315083725,-0.08778050808048085,5.843162536621094
1747536682.7141876,0.0690351495352222,-0.03623180185445078,6.833314895629883
1747536682.7304645,0.13200249164772485,-0.0039382679250815665,6.021738052368164
1747536682.7493236,0.1766913472731744,0.01797669581607448,5.033016204833984
1747536682.771285,0.22962168876057212,0.048257192469820534,5.823373794555664
1747536682.7903287,0.2788734305876668,0.0738841862462877,5.2661895751953125
1747536682.805591,0.30991946413293003,0.09143527121386068,5.026102066040039
1747536682.8254075,0.3610938956558249,0.11220252140014525,5.0563812255859375
1747536682.8485494,0.3660760133559684,0.11919260109397664,5.192995071411133
1747536682.871737,0.4057414158226661,0.12226884922128155,7.062196731567383
1747536682.8899553,0.42599201291640987,0.12701703895882804,5.2013397216796875
1747536682.910657,0.4732575332746533,0.13385511381690157,4.993677139282227
1747536682.929957,0.5099198640103971,0.13954577229369095,5.290746688842773
1747536682.9503644,0.5466587975465762,0.14530857360770608,5.403041839599609
1747536682.9737415,0.6367588913265105,0.15497233970182317,6.808996200561523
1747536682.9927166,0.7100715318196452,0.16515374074833747,6.66499137878418
1747536683.0119417,0.7656779636654889,0.17799593670012032,6.182193756103516
1747536683.0355346,0.8648314834776754,0.18233959931492413,7.904529571533203
1747536683.056276,0.9187128968545342,0.18531829227912003,7.625341415405273
1747536683.0736654,0.987499081624412,0.18816352462032276,5.8078765869140625
1747536683.0904608,1.037917725109937,0.19302723816520326,5.893707275390625
1747536683.1104543,1.1492863675224398,0.1889435234227368,5.219221115112305
1747536683.1292903,1.2279326718498633,0.18383213456559144,4.80961799621582
1747536683.14648,1.2668495292080066,0.1802428595574458,4.700899124145508
1747536683.1711369,1.351200316616454,0.1535188352950588,6.578207015991211
1747536683.1890008,1.4081740942817194,0.13820941460398786,4.642248153686523
1747536683.2090266,1.4650283485892566,0.12703551468430893,4.692792892456055
1747536683.236868,1.5534143274263177,0.09799235846505507,4.790306091308594
1747536683.2509353,1.6198940104349944,0.07958966514737682,4.709482192993164
1747536683.268178,1.6840724903999957,0.06789749023171662,4.716396331787109
1747536683.2906399,1.7403002925371696,0.05756980498754761,5.672216415405273
1747536683.3115802,1.779248659846237,0.029302631316377673,5.51605224609375
1747536683.330786,1.816257767117056,0.006128429751540256,5.839109420776367
1747536683.3500519,1.8424485918070557,-0.011410325040226876,5.097627639770508
1747536683.3691123,1.9049430859194079,-0.050439948852515605,4.729986190795898
1747536683.3916225,1.968203905682837,-0.08389280975178454,5.159139633178711
1747536683.407296,2.0067051453943954,-0.1049286103686798,4.865407943725586
1747536683.4336588,2.0340024200751103,-0.15535239586389338,6.099462509155273
1747536683.4500935,2.0442521909095883,-0.18300643467151376,5.235195159912109
1747536683.4733796,2.049724527147361,-0.20487782727464712,7.275104522705078
1747536683.4912283,2.063495424580987,-0.24423733078503512,5.181312561035156
1747536683.5110703,2.1068745823182486,-0.2852160199048263,5.362749099731445
1747536683.5280342,2.1512896250544498,-0.317130700962066,4.935026168823242
1747536683.551618,2.1854795998670196,-0.34012961757114246,6.597995758056641
1747536683.5704567,2.21447078523208,-0.37844777539314,5.934000015258789
1747536683.5858226,2.232562659015362,-0.40243494916129485,5.097150802612305
1747536683.6050172,2.250026909229778,-0.4295242284896019,5.439043045043945
1747536683.625233,2.3012202980688383,-0.46079121588063,5.5217742919921875
1747536683.6500015,2.3589482471011074,-0.5009878252595666,5.613803863525391
1747536683.6652586,2.3876495075171054,-0.5178849220913448,5.395650863647461
1747536683.6905277,2.457931456672928,-0.5817484548396309,6.154775619506836
1747536683.711321,2.493702150208498,-0.6208196589669326,6.094694137573242
1747536683.7286556,2.515755529010763,-0.6507490633119608,7.683992385864258
1747536683.745665,2.540720221465451,-0.6816680766539777,5.735874176025391
1747536683.7708385,2.596346551375905,-0.7284068861898728,6.200075149536133
1747536683.7908602,2.62925286283405,-0.7450047471432903,6.171226501464844
1747536683.8114655,2.6577312172357854,-0.7829753778286699,6.741762161254883
1747536683.8309789,2.687755273328462,-0.8162026520970387,6.061792373657227
1747536683.8496459,2.710422177281208,-0.8423093320012771,7.4710845947265625
1747536683.8668377,2.733424162415771,-0.8755155701488069,5.756378173828125
1747536683.8878071,2.756579384162603,-0.9278096486690952,7.5130462646484375
1747536683.9101474,2.774040734681956,-0.9668547268226656,5.8917999267578125
1747536683.9316163,2.785208825351516,-1.0081902970694254,6.691694259643555
1747536683.9513104,2.778006197101522,-1.0397100798325474,6.292104721069336
1747536683.971527,2.769973600922283,-1.0556443621821063,6.478786468505859
1747536683.9915805,2.757529322249568,-1.1475635974478602,5.988121032714844
1747536684.0084772,2.755451705187779,-1.191341603393911,5.241632461547852
1747536684.0258918,2.7410622266024043,-1.2498012459617533,5.206584930419922
1747536684.051059,2.7379855847715198,-1.308617775345902,6.133794784545898
1747536684.0663826,2.7326690229266393,-1.3392221961300999,4.930257797241211
1747536684.0844188,2.7270245141569394,-1.378571085256397,4.760265350341797
1747536684.104431,2.7310815313261827,-1.4131211161424106,4.794836044311523
1747536684.1296415,2.7381418295987308,-1.4913593498283,5.239963531494141
1747536684.1442611,2.7323067179330796,-1.543139349531007,4.692554473876953
1747536684.1697028,2.7260444456343307,-1.6049155116323888,5.174398422241211
1747536684.1896966,2.734869379669237,-1.6535835868329598,4.945278167724609
1747536684.2073212,2.7224481174926685,-1.6937557047884988,4.8370361328125
1747536684.2270477,2.698391507249874,-1.745870369537529,4.803895950317383
1747536684.2506278,2.6845184226304553,-1.7843598810291914,5.048513412475586
1747536684.2707202,2.6900586088529836,-1.7814372821252078,6.519556045532227
1747536684.2938144,2.6824578615731216,-1.8062127090237805,6.854534149169922
1747536684.3206356,2.6764522672462516,-1.8764368933833604,6.027936935424805
1747536684.3369434,2.658085750469986,-1.9241855640902368,5.132913589477539
1747536684.3589957,2.6449780682705946,-1.9556664127841357,5.584001541137695
1747536684.378332,2.6542990643288555,-2.025380444284182,4.967451095581055
1747536684.393899,2.648308656204324,-2.077383593533531,5.518913269042969
1747536684.4082108,2.6477811002734137,-2.108459857144228,4.816293716430664
1747536684.4248621,2.6400464343115435,-2.1326477395936836,5.191564559936523
1747536684.4504533,2.642516725821483,-2.210256277491426,5.444049835205078
1747536684.4679081,2.6482472052474697,-2.249937394072851,5.290746688842773
1747536684.4902315,2.643376725819591,-2.294438084618412,5.294561386108398
1747536684.512146,2.6182363776815616,-2.3444628950719832,5.988597869873047
1747536684.5307589,2.5980152956019196,-2.406513041371811,5.8078765869140625
1747536684.551083,2.5847763449557757,-2.4507149162068678,6.096124649047852
1747536684.572335,2.586689270321483,-2.5215263072488994,6.7043304443359375
1747536684.589924,2.5759944650241247,-2.581876335883155,4.968881607055664
1747536684.605449,2.5648887787681667,-2.6211583564438588,4.951715469360352
1747536684.6295998,2.5504386030666284,-2.677040040600868,5.031585693359375
1747536684.645146,2.564206687911002,-2.725188524699298,4.836559295654297
1747536684.6713057,2.576206945346357,-2.7953373641177923,5.226612091064453
1747536684.689852,2.5768230565105688,-2.852366952193963,5.365610122680664
1747536684.7099245,2.579007026417233,-2.9190337605107675,6.3304901123046875
1747536684.7316544,2.5880945300337332,-2.991910903521871,5.710601806640625
1747536684.7504923,2.5940426369835006,-3.0374079947562143,5.311489105224609
1747536684.7667568,2.6209764739448156,-3.1135160240494577,4.860162734985352
1747536684.7898886,2.6524580303189325,-3.2118724143531714,5.220651626586914
1747536684.815359,2.6767538149492838,-3.2603932980921795,7.781982421875
1747536684.8313677,2.68796933004173,-3.2819359449882266,5.261421203613281
1747536684.8475308,2.722870060389497,-3.333409770636612,4.976987838745117
1747536684.8715227,2.7646271318639903,-3.3887640216722126,5.8383941650390625
1747536684.8899214,2.791382331308828,-3.4221680526581326,5.181789398193359
1747536684.9101374,2.8319246348218354,-3.4746438832839988,5.296468734741211
1747536684.9243827,2.854646981772134,-3.506475488270115,4.965543746948242
1747536684.9450588,2.8887748154767285,-3.54499287409656,5.148887634277344
1747536684.9701207,2.9634900912888886,-3.6320365422457264,5.025148391723633
1747536684.990984,3.01544862717096,-3.695297298518529,6.0710906982421875
1747536685.0117555,3.045978902740588,-3.727429236486591,6.9141387939453125
1747536685.0379117,3.096884322977187,-3.7872726623281703,9.363651275634766
1747536685.0580401,3.12823664801463,-3.8156439262309485,7.5931549072265625
1747536685.0766454,3.1717247780374827,-3.854767430181023,4.986047744750977
1747536685.0903542,3.2017072770218067,-3.878147421093563,4.9152374267578125
1747536685.1074967,3.267368365432336,-3.937814858037824,4.796266555786133
1747536685.129655,3.3167009475925564,-4.007455640352515,4.903078079223633
1747536685.1467738,3.3382581594508616,-4.042321096414596,6.402254104614258
1747536685.1700313,3.387688127155571,-4.122183937043498,5.384683609008789
1747536685.1862414,3.4190243520884174,-4.164515110406221,5.054473876953125
1747536685.2042592,3.4401387594882147,-4.198336260295235,4.5375823974609375
1747536685.2251904,3.48525349383236,-4.2647826732219185,5.0525665283203125
1747536685.24929,3.522172293071861,-4.328204743151046,4.607200622558594
1747536685.267843,3.533214284755609,-4.352221118276388,5.006074905395508
1747536685.2933881,3.5848875600388874,-4.429335327255472,6.968498229980469
1747536685.3194885,3.613859551102373,-4.4943312414028895,7.380962371826172
1747536685.3343537,3.631189384418132,-4.522667520501547,5.387067794799805
1747536685.3532326,3.653948672012844,-4.566967695116152,7.8277587890625
1747536685.3706217,3.6815163040106373,-4.617535385311673,5.28264045715332
1747536685.386334,3.698929007066188,-4.650950705222923,4.9152374267578125
1747536685.405615,3.717394350424832,-4.692731386815422,5.774497985839844
1747536685.4299543,3.735941678200661,-4.759257031249224,5.07354736328125
1747536685.4519832,3.7537005172999565,-4.821277570081763,6.743907928466797
1747536685.4713562,3.7668950282261346,-4.873115282806605,6.41632080078125
1747536685.4915714,3.789387617806877,-4.935771137624303,5.927085876464844
1747536685.514253,3.805369644554474,-4.986204115981071,6.256580352783203
1747536685.5302973,3.8134483274901014,-5.029447679917392,5.111455917358398
1747536685.5458267,3.81579724793185,-5.058680408767723,5.050182342529297
1747536685.5699303,3.816437396969892,-5.10012178107868,5.089282989501953
1747536685.5904915,3.830306793435567,-5.1465910323825685,5.412578582763672
1747536685.6107094,3.8342005191854858,-5.187755826780191,5.504608154296875
1747536685.6300726,3.8319833061160646,-5.2225020247591365,5.765199661254883
1747536685.6514359,3.8227819195260944,-5.251149259986992,7.003068923950195
1747536685.6667054,3.8240079328620804,-5.286146386027528,5.192756652832031
1747536685.6916134,3.8184618205046075,-5.337331824336148,6.302118301391602
1747536685.7121255,3.806674929450991,-5.375255441014876,6.802797317504883
1747536685.7303193,3.808105429839003,-5.426221317669795,5.507469177246094
1747536685.7532103,3.786993361883729,-5.47475158091502,7.925271987915039
1747536685.77359,3.7717031768118896,-5.5160344773661025,7.7686309814453125
1747536685.7938623,3.769670149612157,-5.561974602748534,8.346080780029297
1747536685.822055,3.7635905564291257,-5.591143534088371,8.496761322021484
1747536685.8376892,3.7549258898390137,-5.607437317906584,5.858421325683594
1747536685.8574812,3.7413813707546817,-5.659321071010132,9.688138961791992
1747536685.877491,3.7308244768669008,-5.689817001034328,8.624792098999023
1747536685.8933494,3.7144757422817363,-5.727146591652105,6.588935852050781
1747536685.9184244,3.6879804207813334,-5.760351216883703,5.518198013305664
1747536685.937952,3.6588855435232817,-5.787025477878943,5.515336990356445
1747536685.9596853,3.62603301362465,-5.8124180082841255,7.749080657958984
1747536685.9813235,3.588397046772578,-5.8448839118914755,6.390094757080078
1747536685.9998353,3.5464056491121347,-5.876848538979291,5.042791366577148
1747536686.016329,3.522622905853011,-5.896775146641574,5.938529968261719
1747536686.0313559,3.504596883809624,-5.908169566029234,4.970788955688477
1747536686.0484881,3.4857730757572662,-5.929574878011557,6.060600280761719
1747536686.0701141,3.4494335114357706,-5.953971029490292,5.373716354370117
1747536686.0853243,3.4233009809835715,-5.966779926932899,4.909992218017578
1747536686.110674,3.3760043897785152,-5.9982588367248715,5.648374557495117
1747536686.1302307,3.340581782850498,-6.018705934734354,5.427122116088867
1747536686.1500754,3.2992575192191445,-6.040371906516639,5.545616149902344
1747536686.1699407,3.2707953383571464,-6.054633965953379,5.389213562011719
1747536686.1849918,3.227143139225217,-6.066495930422425,4.99725341796875
1747536686.210016,3.1782420620249034,-6.082206786685351,5.534172058105469
1747536686.2249246,3.145491476245892,-6.089009607352462,4.993915557861328
1747536686.2512589,3.1051902136664293,-6.1087444032284655,6.0749053955078125
1747536686.2713966,3.0643147990101545,-6.12202269643499,6.619691848754883
1747536686.291321,3.0149765814223586,-6.132133807535526,6.4411163330078125
1747536686.3163462,2.981222827033915,-6.143400670019623,4.847526550292969
1747536686.3311298,2.9212231131259196,-6.160197417027263,4.863500595092773
1747536686.4785602,2.6042587681875657,-6.259910581417362,5.344390869140625
1747536686.495953,2.527668863140227,-6.267586454234024,5.934715270996094
1747536686.5137784,2.4450341720708417,-6.27433065491818,6.899356842041016
1747536686.530629,2.366805282137097,-6.282551471368547,7.346630096435547
1747536686.5492315,2.2978762145638965,-6.291110709902389,4.821062088012695
1747536686.5712845,2.2430706842973804,-6.295730453203256,5.947113037109375
1747536686.5908551,2.2010146762524903,-6.2985876060591846,5.778789520263672
1747536686.6095448,2.1598199534560756,-6.305189616901954,5.0983428955078125
1747536686.631385,2.118874213375225,-6.310462941882832,6.217241287231445
1747536686.6462579,2.0544130985141438,-6.328085872951385,4.4765472412109375
1747536686.6697395,1.9914745306448998,-6.341188690744403,5.026102066040039
1747536686.6898243,1.9375592403710116,-6.351913388595599,5.380153656005859
1747536686.7125497,1.8538517720377858,-6.362482218365013,7.794380187988281
1747536686.7332416,1.7936361409299535,-6.369480545439902,7.057666778564453
1747536686.7542427,1.7002437536565222,-6.378397110059992,6.999969482421875
1747536686.7744026,1.6875523746150491,-6.381253254526885,5.892515182495117
1747536686.7891777,1.6642997479921264,-6.384162505241568,4.641056060791016
1747536686.8104067,1.6263006998180227,-6.388492687530296,5.244731903076172
1747536686.8332016,1.576440939392369,-6.392831454008305,6.725549697875977
1747536686.85146,1.5433520306881778,-6.394425475178923,6.275177001953125
1747536686.871286,1.513276530542335,-6.3959288444681555,6.020307540893555
1747536686.8918939,1.4865448902790426,-6.3972964175904234,6.772756576538086
1747536686.9124553,1.420569555896728,-6.400207399973322,6.990194320678711
1747536686.9350622,1.3558387979092708,-6.402924019367492,6.07752799987793
1747536686.949597,1.32541801795676,-6.404226278306696,4.655599594116211
1747536686.9694705,1.2272501506778195,-6.398086853289585,4.745960235595703
1747536686.991344,1.172020768437115,-6.390893080717201,6.020545959472656
1747536687.0092146,1.1264780934539596,-6.388277270344265,4.659175872802734
1747536687.0291655,1.0842399841709611,-6.395266836257993,5.028724670410156
1747536687.049609,1.0274308506512375,-6.39997130133411,5.052328109741211
1747536687.06966,0.9763144182551227,-6.404875711194883,5.139350891113281
1747536687.0847318,0.9539808576741038,-6.408902483135388,5.125999450683594
1747536687.1093192,0.8366643561159701,-6.391230382350573,4.814624786376953
1747536687.1304548,0.772416430538757,-6.378995219102243,5.477666854858398
1747536687.144331,0.7432116102767666,-6.3767112427724655,4.728078842163086
1747536687.1698592,0.6808672370774372,-6.369538928086433,5.365848541259766
1747536687.1941206,0.6124267759708176,-6.349713303419244,6.8302154541015625
1747536687.2107108,0.5501824193687493,-6.336561406555887,5.6743621826171875
1747536687.233521,0.5022633385804363,-6.328603330661327,6.779670715332031
1747536687.2513986,0.44222128450148745,-6.316344100443375,6.218433380126953
1747536687.2740102,0.40865240010889425,-6.2868523083114995,7.292270660400391
1747536687.2902658,0.34913945779534405,-6.266280477998995,5.254268646240234
1747536687.3109627,0.3250635993526689,-6.2540649125412875,6.203889846801758
1747536687.335085,0.26628626606363204,-6.227006066653637,6.634712219238281
1747536687.355617,0.2190899751747518,-6.205937807920719,6.1511993408203125
1747536687.3710785,0.17510180434175263,-6.187623629347068,5.5027008056640625
1747536687.3901472,0.09583043074071983,-6.149207593442695,5.311727523803711
1747536687.4058483,0.051428179235212236,-6.125728317657464,5.484580993652344
1747536687.4318182,-0.022082837096003012,-6.100098238776833,6.767988204956055
1747536687.451096,-0.08917478378649064,-6.083859434999001,5.606412887573242
1747536687.4663122,-0.13304106901812934,-6.048427157207084,5.669593811035156
1747536687.4911559,-0.19029300518050524,-6.006657195594377,5.937337875366211
1747536687.5101984,-0.2511778074711456,-5.979773087802301,5.85627555847168
1747536687.5299666,-0.21906355619889237,-5.92157002098868,5.803823471069336
1747536687.5510778,-0.22041271090462247,-5.87179369277022,6.067752838134766
1747536687.5705097,-0.24123458583011997,-5.829679072085981,6.045341491699219
1747536687.5908988,-0.2544413374434051,-5.776859865906143,6.371498107910156
1747536687.6108935,-0.2734317055828963,-5.733721611510813,6.548166275024414
1747536687.6291583,-0.2860852930875705,-5.709819126148445,6.564617156982422
1747536687.6545546,-0.28732863574989415,-5.641060914918679,9.052515029907227
1747536687.671595,-0.3007342060009037,-5.598560252244039,6.767511367797852
1747536687.6918077,-0.3210672575307669,-5.554005433602194,6.869077682495117
1747536687.7115824,-0.33929143552553576,-5.518650863909814,6.643056869506836
1747536687.7316763,-0.29375295403160245,-5.484264429835607,6.398200988769531
1747536687.7581654,-0.31161046967326134,-5.426936351148483,12.803077697753906
1747536687.7757344,-0.32790318714047056,-5.390052062953375,7.3699951171875
1747536687.7990687,-0.3798666653758214,-5.336285666008766,8.990287780761719
1747536687.818477,-0.4133095665888502,-5.288095143364717,6.647586822509766
1747536687.8386874,-0.44186125833687573,-5.226169744937919,6.741523742675781
1747536687.8555057,-0.5027523535125553,-5.184531407976042,5.78761100769043
1747536687.8711374,-0.5517083351475341,-5.122589576202749,5.470514297485352
1747536687.8904152,-0.57338972633756,-5.082486859689499,5.553722381591797
1747536687.9102917,-0.5863754858019372,-5.052873553911168,5.42759895324707
1747536687.925532,-0.6449248709396758,-5.009290834394514,5.513191223144531
1747536687.9509966,-0.6951455848155605,-4.949990932676309,5.192279815673828
1747536687.965225,-0.7134692654445182,-4.919863295246541,5.362510681152344
1747536687.9898233,-0.7871275708064838,-4.837004112509014,5.088329315185547
1747536688.009346,-0.8252998888162538,-4.784827474770297,5.046606063842773
1747536688.029814,-0.8504089966200111,-4.738161579061259,4.935264587402344
1747536688.0440495,-0.9194980895764946,-4.690525978400548,4.868745803833008
1747536688.0695982,-0.9702573806775121,-4.626845767621921,5.029439926147461
1747536688.0892646,-0.9945840371936483,-4.579082661513301,4.888057708740234
1747536688.1050096,-0.9972142881354834,-4.557293011303529,4.9915313720703125
1747536688.1302335,-1.0838221043215543,-4.4901128793798,4.857301712036133
1747536688.1497018,-1.1210405198097646,-4.43781574581339,4.674434661865234
1747536688.1706042,-1.141533026298013,-4.392861794316589,5.132436752319336
1747536688.1904566,-1.2128274077415762,-4.339231713078637,5.064964294433594
1747536688.205341,-1.2483163819639111,-4.293816446673435,4.597663879394531
1747536688.2304413,-1.2781023781068146,-4.223651746162718,5.305051803588867
1747536688.2513168,-1.3511048227374634,-4.160111090790787,6.478548049926758
1747536688.2726448,-1.384504211101344,-4.099236638906356,6.569147109985352
1747536688.291585,-1.393500828799571,-4.052123648718722,6.821632385253906
1747536688.3118563,-1.4575737527757473,-3.9945679831668834,8.509397506713867
1747536688.3314161,-1.4863028077123306,-3.9019033229212785,6.073713302612305
1747536688.3478465,-1.4976488514361082,-3.8408358244622782,4.95600700378418
1747536688.3714137,-1.5607467755287503,-3.746812382243749,5.70368766784668
1747536688.390681,-1.5826644807242995,-3.6807402258159128,5.899906158447266
1747536688.4064062,-1.5887082459099373,-3.6278269636992997,4.715442657470703
1747536688.4256248,-1.5960539235679778,-3.5547183331187613,4.647731781005859
1747536688.444247,-1.6322942992931726,-3.4734542685947862,4.829883575439453
1747536688.4707081,-1.6548195819406586,-3.3804412950417126,5.941867828369141
1747536688.485169,-1.6621345992706467,-3.321632826205006,4.872322082519531
1747536688.504545,-1.66875931061625,-3.251477333031713,4.873752593994141
1747536688.530123,-1.6600977259441694,-3.1834834176795352,5.3539276123046875
1747536688.5456908,-1.6630263962313825,-3.1385965071793342,4.786491394042969
1747536688.5714312,-1.679943886324905,-3.0387944033267957,6.595611572265625
1747536688.5862617,-1.6860768791559253,-2.9808959096841217,4.769802093505859
1747536688.6116261,-1.692386560231308,-2.8992733461765097,7.266044616699219
1747536688.633003,-1.7033465043530123,-2.847383680444643,5.336999893188477
1747536688.6477783,-1.7129618528759623,-2.777044248145932,5.175590515136719
1747536688.6717107,-1.7339995843228364,-2.682474112897713,6.119728088378906
1747536688.6906261,-1.763230196451777,-2.6110464818770165,5.427837371826172
1747536688.7128625,-1.7818312581190368,-2.5152591475083113,7.993459701538086
1747536688.730743,-1.7569373499889305,-2.4529932984601035,5.534648895263672
1747536688.7503037,-1.734292822592383,-2.380729883890242,5.742311477661133
1747536688.7679074,-1.7295074616040635,-2.342725034506613,5.309581756591797
1747536688.7920468,-1.7253113081531513,-2.2828020070031902,7.231950759887695
1747536688.8115067,-1.6782903128649678,-2.218438557815637,6.4105987548828125
1747536688.8379273,-1.6522229624591842,-2.1572863512784894,5.291223526000977
1747536688.8590033,-1.641624453926705,-2.0982979910340878,5.18798828125
1747536688.878728,-1.617544876765047,-2.018627880822016,5.412578582763672
1747536688.900228,-1.603248212877408,-1.9462476327068279,7.1697235107421875
1747536688.9184775,-1.5936319250971538,-1.8858829796297925,4.996061325073242
1747536688.9333882,-1.5502532165423089,-1.7977885589895555,5.124568939208984
1747536688.9499815,-1.5355352009210856,-1.7411528213867482,5.0220489501953125
1747536688.9703026,-1.5212642094644186,-1.687269778921102,5.800724029541016
1747536688.9868858,-1.5156255679025774,-1.6561653325352157,5.029201507568359
1747536689.0102599,-1.4570424525348702,-1.5756521383703035,5.267858505249023
1747536689.0316014,-1.4234355648954569,-1.5160190605333943,5.207300186157227
1747536689.050685,-1.3937003055953558,-1.4594628540451715,6.156444549560547
1747536689.0658498,-1.3641148308653572,-1.4044343632594452,5.071401596069336
1747536689.090422,-1.3315337339337219,-1.3334124220934795,5.730628967285156
1747536689.1103172,-1.3059909268120016,-1.2797732092991807,5.618572235107422
1747536689.1374588,-1.2502687718514387,-1.215160151857806,6.751775741577148
1747536689.158357,-1.1918813212534953,-1.1499867643149215,7.783174514770508
1747536689.1795492,-1.1402836236550744,-1.0954009683565118,5.65338134765625
1747536689.2000148,-1.1287277368848845,-1.0315332386487033,5.975008010864258
1747536689.21631,-1.1088578336825712,-0.9745363616248565,5.821704864501953
1747536689.235052,-1.0941578221756239,-0.9376620012955292,6.481409072875977
1747536689.2515054,-1.0539325270471354,-0.879535294244607,6.7539215087890625
1747536689.2740378,-0.981009859864381,-0.8150667536743011,7.760286331176758
1747536689.2922149,-0.9241974159691685,-0.7642341447970447,6.186246871948242
1747536689.3116963,-0.8965705172658951,-0.7255807103296895,6.387472152709961
1747536689.3374453,-0.8462764097700098,-0.6800508650043583,8.133172988891602
1747536689.357423,-0.7842868275948437,-0.6208761877314194,8.948326110839844
1747536689.379914,-0.7457006683886964,-0.5840030592400752,7.58051872253418
1747536689.401558,-0.6938450457246393,-0.5272407375987117,6.033658981323242
1747536689.4200068,-0.6509315010669798,-0.47314694905976995,5.727052688598633
1747536689.438922,-0.6073884969830565,-0.431589626446468,5.449056625366211
1747536689.4534822,-0.5438306658102798,-0.3871803309660865,5.433320999145508
1747536689.4699543,-0.4773234920710623,-0.3366008326640713,5.4950714111328125
1747536689.4901342,-0.4376247029537506,-0.30420339601336144,5.336284637451172
1747536689.5098171,-0.4010670747535464,-0.27764252939953843,5.366802215576172
1747536689.5298555,-0.342140735370137,-0.22951333145797598,5.339384078979492
1747536689.546506,-0.30880410959303295,-0.19057825604997292,5.132436752319336
1747536689.5702362,-0.2662330607814189,-0.14543722277773885,5.4416656494140625
1747536689.5902414,-0.2208218284503184,-0.10527391309036582,5.384922027587891
1747536689.6098402,-0.16806372269007605,-0.07644399507032551,5.299568176269531
1747536689.6389368,-0.13215230746306236,-0.0541847535188647,6.430864334106445
1747536689.661758,-0.11239566251288224,-0.02700621054708217,7.583379745483398
1747536689.6869414,0.030926194117375638,0.0305674040963543,7.2174072265625
1747536689.7098105,0.10976378867381344,0.06287339880043184,5.276918411254883
1747536689.7301724,0.16125440380153486,0.10254237566816575,5.66864013671875
1747536689.7496653,0.20772309455973909,0.12791096121029752,7.221221923828125
1747536689.769949,0.27831980976143156,0.15597152254798535,5.077123641967773
1747536689.7898583,0.24069328657379055,0.15065798394267574,5.329132080078125
1747536689.8098125,0.2657192955403866,0.1625924612356055,6.972789764404297
1747536689.8347344,0.29613005986800106,0.1798524746156399,8.76474380493164
1747536689.8589826,0.384839554604241,0.1748214060817952,5.1746368408203125
1747536689.874039,0.4533329456627097,0.17639894381490978,5.928277969360352
1747536689.8901262,0.508567603272084,0.17758526983630943,5.169391632080078
1747536689.9097188,0.5784114342421638,0.19602130610500046,5.311727523803711
1747536689.931342,0.6458059663870517,0.21023667849270955,6.610631942749023
1747536689.946298,0.7011637422476196,0.2232518538134092,4.728078842163086
1747536689.9722764,0.763255354089312,0.23410324871578653,7.874488830566406
1747536689.9896805,0.8414667159190138,0.2292317765577405,5.272626876831055
1747536690.0098283,0.912196520828019,0.22958953715263225,4.754304885864258
1747536690.0297096,0.9671477068669475,0.23260042139892148,5.283832550048828
1747536690.0503178,1.091923263140764,0.23035341575781715,4.806756973266602
1747536690.0697215,1.1859639889752667,0.2220111502404499,5.0907135009765625
1747536690.0899088,1.247648196941305,0.22332973551991606,5.489349365234375
1747536690.1117024,1.3201392615491463,0.21618151208866906,6.602048873901367
1747536690.1318464,1.3700892839119796,0.21367302476529254,5.953550338745117
1747536690.1523268,1.414760359915086,0.2118982352808394,7.132291793823242
1747536690.170129,1.4447431927532204,0.21222123095423187,4.886388778686523
1747536690.1914985,1.4803734664862982,0.21190375914668855,5.534172058105469
1747536690.209766,1.5462267754569061,0.1854848826860187,4.970550537109375
1747536690.2255054,1.5957823318528757,0.16151011373122476,4.700899124145508
1747536690.2527354,1.6504288580313544,0.13214442442734764,7.702350616455078
1747536690.2758625,1.6757612754628537,0.09114574363288797,8.4991455078125
1747536690.2984364,1.7029492845487735,0.055895539510276294,5.669593811035156
1747536690.3177474,1.7270261313047908,0.02845766102503616,5.295038223266602
1747536690.341339,1.7760316571568562,-0.01572795013129421,5.760431289672852
1747536690.3620896,1.8158773601339433,-0.04433215007643622,6.098747253417969
1747536690.380701,1.8467059517219573,-0.06301581491723933,4.874944686889648
1747536690.3971121,1.9076782454040468,-0.09373168873898206,4.859447479248047
1747536690.41218,1.9635232557937874,-0.12132202376229707,4.750251770019531
1747536690.4313848,2.0069122090261957,-0.14062706309121842,6.08372688293457
1747536690.4538732,2.0385294388664046,-0.1557588884160806,6.558895111083984
1747536690.4713635,2.0298073760838817,-0.24161736453726146,7.29060173034668
1747536690.489941,2.046603484760966,-0.30393464515402346,4.9228668212890625
1747536690.50777,2.049881202292093,-0.3305955025114211,4.876375198364258
1747536690.5256248,2.053373908674076,-0.3456102875000762,5.949974060058594
1747536690.5456896,2.0736329237117794,-0.3977606792830235,4.971981048583984
1747536690.5646899,2.092050252141999,-0.42638874176161057,5.128145217895508
1747536690.5860603,2.1091240266991775,-0.4487614072258414,5.589723587036133
1747536690.6136565,2.1565954883422433,-0.5031010072042715,7.4310302734375
1747536690.634376,2.206437780089786,-0.5396243034227731,7.283926010131836
1747536690.6575882,2.252904142374261,-0.5680308831043254,5.486249923706055
1747536690.6768603,2.2825893740861223,-0.6044742456665472,6.843090057373047
1747536690.6920683,2.315472662172833,-0.6294564082767282,5.72967529296875
1747536690.7147744,2.3782957420520825,-0.6731224225979289,9.178400039672852
1747536690.735385,2.4204062064138907,-0.7437410457206867,8.655548095703125
1747536690.7587438,2.452994234151539,-0.7943991367937457,6.82830810546875
1747536690.7795403,2.4634202097708546,-0.8340556256054695,5.895137786865234
1747536690.805646,2.514206578260784,-0.8832499963719523,7.333993911743164
1747536690.8281925,2.5388470428490155,-0.9198910562634198,6.97779655456543
1747536690.8523257,2.5687954564483775,-0.9589261959462088,10.276556015014648
1747536690.8791838,2.60255318337854,-1.044406426729075,6.700038909912109
1747536690.896271,2.598135129796163,-1.0931884535511023,7.3394775390625
1747536690.9142811,2.6084972414347956,-1.1354700125703157,7.12275505065918
1747536690.9318116,2.640487184397114,-1.1896337287052694,6.5364837646484375
1747536690.9479666,2.648729217256047,-1.2249642346970775,6.277322769165039
1747536690.9712887,2.654003555789109,-1.270778465826436,6.804466247558594
1747536690.990612,2.6952237439441458,-1.3340293035425828,5.527496337890625
1747536691.0110283,2.7004152480124493,-1.3941102966666503,5.215883255004883
1747536691.0254886,2.6974715345496247,-1.4326882453376375,4.715204238891602
1747536691.0495079,2.700765842098498,-1.4813524509097726,4.867076873779297
1747536691.0714931,2.7134271559059027,-1.5447490867490514,4.9076080322265625
1747536691.0892205,2.7135903389530687,-1.5957249135004496,4.51350212097168
1747536691.1119416,2.7077654974563554,-1.6284257343218806,6.641626358032227
1747536691.1338186,2.7110506878936347,-1.696070202072993,6.989479064941406
1747536691.1536198,2.7089259850189102,-1.7486431567535559,7.931709289550781
1747536691.1711702,2.7112545849550105,-1.7925432828694887,4.924774169921875
1747536691.1900346,2.715867139873462,-1.8351112170156096,5.23686408996582
1747536691.2116122,2.706605877188069,-1.8751641120808988,5.67173957824707
1747536691.2318852,2.6966534750359514,-1.9161395352684512,6.994009017944336
1747536691.2517915,2.690063077905289,-1.9565663983494823,6.431818008422852
1747536691.2716794,2.6992218816302063,-1.9934275504387513,5.311250686645508
1747536691.292011,2.7041330191926525,-2.025071327571122,7.3337554931640625
1747536691.3115132,2.709089836536545,-2.043135640259458,6.458759307861328
1747536691.3321724,2.6987248858697344,-2.0984313736733866,6.883859634399414
1747536691.3510299,2.6942457497140815,-2.1230107325511596,4.941463470458984
1747536691.4913986,2.6476890387723326,-2.511746791170796,5.591392517089844
1747536691.5070653,2.632839633103803,-2.542607150016474,6.009817123413086
1747536691.5296302,2.6230589572941714,-2.609784684749868,4.806041717529297
1747536691.55239,2.6133282754913894,-2.6622442707660956,7.222890853881836
1747536691.5697284,2.602419507011244,-2.7078103098336346,4.82487678527832
1747536691.590906,2.648249067161899,-2.7667611472274456,4.984617233276367
1747536691.6106606,2.6563827436557377,-2.815878288271561,5.489587783813477
1747536691.6300035,2.657496626648524,-2.867909291773366,5.128383636474609
1747536691.6500392,2.65061106689305,-2.929778520448748,5.219221115112305
1747536691.6697989,2.6473562703676095,-2.987605091228941,4.997491836547852
1747536691.6923425,2.6441366734318907,-3.0469947521852103,5.441188812255859
1747536691.712212,2.671928263081153,-3.1207398406605105,5.275487899780273
1747536691.7309902,2.700377451467996,-3.1855097477648977,5.6095123291015625
1747536691.7505631,2.7222242978460915,-3.2325283753371825,5.431890487670898
1747536691.772344,2.741716443172162,-3.2603970509452322,5.425691604614258
1747536691.795405,2.7904517363272094,-3.3354121290109426,7.348060607910156
1747536691.8133137,2.8179518853893524,-3.3880824008768116,6.9065093994140625
1747536691.832166,2.8307419760722055,-3.4163640360633782,5.867242813110352
1747536691.8508625,2.882790511960422,-3.4875702884972237,5.935430526733398
1747536691.870742,2.9249764109571106,-3.5382161219034476,5.240678787231445
1747536691.8897872,2.961536159901676,-3.579096446274476,5.063533782958984
1747536691.9096775,2.9884496646966325,-3.6345258702826735,5.108833312988281
1747536691.9295247,3.020969981841116,-3.6778668792613427,4.8122406005859375
1747536691.9494538,3.051531691195314,-3.718679912574718,4.947185516357422
1747536691.9699929,3.0866010772931882,-3.7576916630058035,5.237340927124023
1747536691.990293,3.1132097379868333,-3.8143246282222054,5.054950714111328
1747536692.009981,3.1744070296472153,-3.8947664410604825,5.445718765258789
1747536692.026696,3.1984095807202553,-3.930887534395562,5.484580993652344
1747536692.0499353,3.2568325462489534,-4.010372833058675,4.848480224609375
1747536692.0694163,3.294177966399332,-4.056643921850935,4.665851593017578
1747536692.0893865,3.3200811260216945,-4.093207026245108,4.682779312133789
1747536692.106334,3.329328534542719,-4.106633987654795,4.6710968017578125
1747536692.135501,3.3506917268721965,-4.135792242722572,10.176897048950195
1747536692.1553948,3.3905844046031794,-4.19026640074244,7.264375686645508
1747536692.1743698,3.4113753553768884,-4.227942808775455,6.258487701416016
1747536692.1948473,3.4243491677971503,-4.245647982820677,7.399559020996094
1747536692.2102141,3.4585871928810192,-4.325250106901747,4.731416702270508
1747536692.2307196,3.483854487372929,-4.376337977798613,5.672693252563477
1747536692.2497554,3.5011070708913903,-4.408795281320476,6.456613540649414
1747536692.2702405,3.5364244439413284,-4.48048840194146,5.279779434204102
1747536692.2905114,3.5642686010767815,-4.536867691788054,5.492687225341797
1747536692.3120756,3.5950501481740673,-4.589867927738547,6.811857223510742
1747536692.3331547,3.6178641238504516,-4.624582294250725,6.688117980957031
1747536692.3536148,3.61720166849065,-4.685472233570284,8.030176162719727
1747536692.3717608,3.6238898864593376,-4.733099388197062,6.155252456665039
1747536692.394423,3.6313066366678988,-4.766904127394661,5.489110946655273
1747536692.4100876,3.64311297454443,-4.842747663414884,4.861116409301758
1747536692.429442,3.6504499743156784,-4.898449332402267,4.889488220214844
1747536692.4513288,3.657729184308584,-4.958474502702056,6.491899490356445
1747536692.4702234,3.657214505050844,-5.033042309359339,4.982948303222656
1747536692.4869545,3.6598672900793665,-5.078565471368973,5.039215087890625
1747536692.5116985,3.650466681554723,-5.131056432575531,7.190942764282227
1747536692.531125,3.641855161496446,-5.188328570303431,6.086587905883789
1747536692.5466049,3.6215657967692643,-5.231659396796478,5.327463150024414
1747536692.5708194,3.597483704080622,-5.285249647104138,5.5980682373046875
1747536692.5898795,3.585826204509127,-5.304070340334721,6.081342697143555
1747536692.6063979,3.58614073134752,-5.347771247180409,5.570411682128906
1747536692.625898,3.580559225866982,-5.384357457257966,5.809783935546875
1747536692.6458993,3.570933632206397,-5.415412683865472,5.827903747558594
1747536692.6662538,3.558170678169995,-5.4662595348049114,6.114959716796875
1747536692.6859643,3.5435082175917034,-5.506583645579646,6.145238876342773
1747536692.7203414,3.5183800260696265,-5.5465093683257685,7.818937301635742
1747536692.7435925,3.500467988193829,-5.585661687397681,7.618188858032227
1747536692.7685003,3.460169357626823,-5.652824818533612,6.644725799560547
1747536692.7932775,3.440451018541153,-5.6854709659043525,6.570339202880859
1747536692.8219821,3.4005510267131323,-5.7254007624080785,7.2345733642578125
1747536692.8434188,3.374051673672425,-5.748056945273447,6.935834884643555
1747536692.8634908,3.3633780929129746,-5.783589565367851,5.536317825317383
1747536692.8815365,3.345783438704808,-5.816396411538715,6.049871444702148
1747536692.897659,3.32369540611836,-5.838312502549289,5.331277847290039
1747536692.9121554,3.2973929119314556,-5.860411774357565,4.867076873779297
1747536692.929037,3.2617457633109903,-5.8921718614910334,5.238771438598633
1747536692.9453387,3.2019536616283246,-5.927270147498113,5.438327789306641
1747536692.9650025,3.1397255158137125,-5.954858884583795,5.296468734741211
1747536692.9848976,3.096141547275367,-5.976840448139731,5.188941955566406
1747536693.0095212,3.057934636984065,-6.011635295108718,4.790544509887695
1747536693.029563,3.0345897432433957,-6.030872147245382,5.221843719482422
1747536693.0500474,3.013763183564604,-6.046270660888908,4.810810089111328
1747536693.0692825,2.985025877589362,-6.074753195975131,4.9343109130859375
1747536693.0898693,2.961338193081626,-6.094719281648172,4.738092422485352
1747536693.1045105,2.942773858955269,-6.10501724877894,4.815340042114258
1747536693.1318526,2.8984494870755513,-6.138123151927322,5.3997039794921875
1747536693.1502674,2.8617886698681865,-6.157690817116023,5.495548248291016
1747536693.1693702,2.8259510613085057,-6.172189552235266,4.815816879272461
1747536693.1921537,2.7591643503365404,-6.1941956807318475,7.355690002441406
1747536693.210839,2.7134502592410743,-6.21321679603317,5.217552185058594
1747536693.2307277,2.671277720013818,-6.226140992543248,5.831241607666016
1747536693.2520664,2.6195376007535014,-6.247552192669498,6.316184997558594
1747536693.271543,2.580011745394461,-6.261570569614796,6.517171859741211
1747536693.2921252,2.537458006710588,-6.275824322840014,7.111549377441406
1747536693.3116148,2.5026220050624404,-6.282842232513453,6.429433822631836
1747536693.3298314,2.466568043486358,-6.299748439687243,4.915714263916016
1747536693.3493965,2.4263130706403926,-6.31116547502075,4.658937454223633
1747536693.3691878,2.376024678132658,-6.319977120664793,4.797220230102539
1747536693.3893483,2.3016554159514575,-6.329243469952812,4.65846061706543
1747536693.4094253,2.2098044309183855,-6.3370416479609935,4.765987396240234
1747536693.4309227,2.1434661927929914,-6.347675458028191,6.458759307861328
1747536693.4497132,2.079806748475736,-6.355609280290578,5.053520202636719
1747536693.4644659,2.0167978666109247,-6.359532336237664,4.613399505615234
1747536693.491364,1.9428806446961504,-6.372790364769963,6.825685501098633
1747536693.5097487,1.8962368126321272,-6.375381640061331,5.03993034362793
1747536693.5247185,1.8601521670594199,-6.378310723469697,4.759788513183594
1747536693.5520415,1.836838896602116,-6.390784851401812,6.389141082763672
1747536693.5735745,1.8160276778754194,-6.397953954510297,7.918834686279297
1747536693.5932617,1.800838352221087,-6.403667949835229,6.611824035644531
1747536693.6182003,1.7722994135393049,-6.410343459311007,4.891395568847656
1747536693.6347036,1.686247713905785,-6.40839401372159,5.208015441894531
1747536693.6492083,1.6133852209290538,-6.40697408786694,4.649639129638672
1747536693.6652975,1.5688449764297734,-6.405239165496168,4.738330841064453
1747536693.6852164,1.4904355373011018,-6.405960598266659,4.931449890136719
1747536693.7126915,1.417373742719706,-6.4058638631233356,7.865667343139648
1747536693.7357128,1.3650717473137866,-6.406363463928881,6.301403045654297
1747536693.7580934,1.313581405339186,-6.413074001452315,6.5765380859375
1747536693.7762363,1.2420491735812802,-6.415108131754178,6.432056427001953
1747536693.795042,1.1833522866926716,-6.415447854153071,7.203102111816406
1747536693.8191946,1.1343059548266523,-6.4046546367340484,6.956577301025391
1747536693.8378701,1.0668385015177748,-6.396037135896213,4.791021347045898
1747536693.8545525,0.9850274258341949,-6.389219219476829,6.251335144042969
1747536693.8700387,0.9114124478695471,-6.38431744744068,5.377531051635742
1747536693.8911633,0.8665760229651285,-6.373968051280383,5.065441131591797
1747536693.9094384,0.8350592349489785,-6.364591135744939,4.685878753662109
1747536693.9306076,0.8226511435911888,-6.3616651102717485,6.071567535400391
1747536693.9502354,0.740782817369822,-6.342268361371701,5.78618049621582
1747536693.9708328,0.6761874275651941,-6.327519440584042,6.070375442504883
1747536693.9856544,0.634406547210538,-6.321073979241196,4.7168731689453125
1747536694.0054393,0.582301626612519,-6.2986943804774045,4.790306091308594
1747536694.0297182,0.5001152086609798,-6.272969041807466,4.982471466064453
1747536694.0494277,0.42689541355116756,-6.2633434222305935,6.292819976806641
1747536694.0703952,0.40492682049334267,-6.221081696913717,5.085229873657227
1747536694.093791,0.3689689694725064,-6.193236717965135,8.32366943359375
1747536694.1111226,0.33678694600557624,-6.176787512425607,5.156517028808594
1747536694.1304657,0.3219085925722817,-6.172568272341296,5.973100662231445
1747536694.150426,0.2721688587627185,-6.1479340322066225,5.738973617553711
1747536694.1661737,0.23686612839238952,-6.129848309995889,5.220890045166016
1747536694.191684,0.17179701960151741,-6.100557468231165,6.343603134155273
1747536694.2194471,0.1538682884666988,-6.065898712920023,7.132530212402344
1747536694.2374997,0.1456336922009606,-6.03116101731051,6.087303161621094
1747536694.2634287,0.10260036810302792,-5.989119963593228,8.287906646728516
1747536694.287293,0.1208871403283182,-5.94803725548025,8.072614669799805
1747536694.304224,0.11020722881137293,-5.9126787477600145,5.359172821044922
1747536694.3186674,0.07512786408633045,-5.88114432610393,5.35273551940918
1747536694.3334813,0.05990906509270836,-5.8294824649214165,5.685091018676758
1747536694.350999,0.04760211676701384,-5.786735381376271,5.5866241455078125
1747536694.3707194,0.006670270898105228,-5.76633662500373,5.915403366088867
1747536694.39088,-0.03401341952964507,-5.743127080693817,6.204128265380859
1747536694.4108362,-0.03996397560769723,-5.705183165532496,5.792856216430664
1747536694.430994,-0.07015753756603496,-5.671058583776386,6.133794784545898
1747536694.4508934,-0.09578678941746802,-5.647888987881501,6.060361862182617
1747536694.4711213,-0.15942448479002935,-5.602725761449401,6.446599960327148
1747536694.4912763,-0.20655948060698467,-5.567355852427039,6.84046745300293
1747536694.5114262,-0.24208410614699974,-5.534966541761561,6.760835647583008
1747536694.5363133,-0.30236829815524974,-5.482302799806939,8.18777084350586
1747536694.5644639,-0.3627401970594909,-5.442095001068871,10.449886322021484
1747536694.587991,-0.3860040130240862,-5.396709354132718,8.11314582824707
1747536694.6093957,-0.4703024666483461,-5.308471654351193,6.045103073120117
1747536694.6307108,-0.5222438853740929,-5.250632497278837,5.923986434936523
1747536694.650866,-0.5537914413672944,-5.204489369902288,5.719900131225586
1747536694.671587,-0.6301775277399658,-5.152487802869835,6.039142608642578
1747536694.6909826,-0.6757314374815685,-5.105648468988523,5.656242370605469
1747536694.7115154,-0.701237850916561,-5.061709018143994,6.543397903442383
1747536694.7319465,-0.7638620520823234,-5.001485796724547,6.134986877441406
1747536694.7516284,-0.7995035433868913,-4.954304627824908,6.011486053466797
1747536694.772387,-0.8259014437518408,-4.90764969944588,5.727529525756836
1747536694.791209,-0.8936454725110129,-4.83762809050305,5.959272384643555
1747536694.8117504,-0.9363109898316978,-4.779064654637527,6.3934326171875
1747536694.8390753,-0.9589225081236668,-4.72410398203877,9.834527969360352
1747536694.8564756,-1.0348417087097537,-4.67750211009228,4.969120025634766
1747536694.8706276,-1.0866200225785034,-4.624248741412781,5.462884902954102
1747536694.89068,-1.12304993326866,-4.560121116588951,5.967855453491211
1747536694.9100246,-1.136630006837251,-4.522924507365126,5.275487899780273
1747536694.9310021,-1.2116386137503534,-4.457162927507071,5.945444107055664
1747536694.949368,-1.2527145497680763,-4.401675884250774,4.702568054199219
1747536694.9705863,-1.2770623354393489,-4.356131989674789,5.355119705200195
1747536694.98597,-1.3440286016341836,-4.3128259889255265,5.029439926147461
1747536695.0116477,-1.391708552552899,-4.238864646769889,6.222009658813477
1747536695.0349166,-1.4063094820126363,-4.196505844830553,6.5135955810546875
1747536695.0535536,-1.4540091129989954,-4.125547811096135,6.207466125488281
1747536695.0705285,-1.4764365108144666,-4.06248895047179,5.214929580688477
1747536695.0909803,-1.487886836829042,-4.000706514270862,5.495309829711914
1747536695.1107237,-1.4956740243045614,-3.9471490427727707,7.115364074707031
1747536695.1284502,-1.4940770981651206,-3.906083288662818,4.781007766723633
1747536695.145185,-1.5009304526176175,-3.8599145327516053,5.047321319580078
1747536695.1717193,-1.5475677774901915,-3.7699178053120863,5.706548690795898
1747536695.1897902,-1.5621360363391268,-3.7063361939641455,4.7779083251953125
1747536695.2110617,-1.5747459149493166,-3.647350411506676,5.620479583740234
1747536695.228934,-1.6236533139102343,-3.5966329412369156,4.9648284912109375
1747536695.2499204,-1.6486537023928542,-3.518159365525695,4.788875579833984
1747536695.2649071,-1.653889702780604,-3.477039223240424,5.012035369873047
1747536695.290526,-1.6500046416554761,-3.3920499455414896,5.667209625244141
1747536695.3101475,-1.6489288791393317,-3.317371388858917,5.597591400146484
1747536695.3251195,-1.6516148461540117,-3.2656061622148416,4.869222640991211
1747536695.3509843,-1.659892468714887,-3.1653072149480184,6.152629852294922
1747536695.3706212,-1.6620457386147065,-3.099454922302677,5.926370620727539
1747536695.3911374,-1.6657711024680857,-3.0408957384582336,5.404233932495117
1747536695.4111526,-1.6738548835616334,-2.9845333111004235,6.302595138549805
1747536695.4316957,-1.6780410838141875,-2.913114508813088,6.183862686157227
1747536695.4504213,-1.6803770868100483,-2.8467697327795096,5.679607391357422
1747536695.4712858,-1.684928020819668,-2.780421506897202,5.980491638183594
1747536695.4944,-1.6868412708256506,-2.7044597341135836,6.6852569580078125
1747536695.514466,-1.6880644322579557,-2.640305629380254,8.06117057800293
1747536695.5317702,-1.6913523744924248,-2.5678551987390295,5.095958709716797
1747536695.5512621,-1.6546787581961997,-2.488502263545452,6.019353866577148
1747536695.5704944,-1.633602372142642,-2.407619536999155,5.794048309326172
1747536695.5915196,-1.6261076152900362,-2.3490006258559637,6.988286972045898
1747536695.6122139,-1.586983349923596,-2.2518358047162375,6.4792633056640625
1747536695.6442323,-1.5707901188913933,-2.173789404721775,6.808757781982422
1747536695.6816437,-1.5558137016315592,-2.0674662962225865,20.452499389648438
1747536695.6981237,-1.525763863271779,-1.9810456910112262,5.073070526123047
1747536695.7158647,-1.4998197443486265,-1.899982298886412,5.238533020019531
1747536695.7300286,-1.488365240224891,-1.8581475183114662,4.924297332763672
1747536695.7569773,-1.4772471964191913,-1.7705360018935163,11.23189926147461
1747536695.774536,-1.4698960347053145,-1.714969423999303,6.180763244628906
1747536695.7938027,-1.4568980817088153,-1.628058946510696,5.391597747802734
1747536695.8111227,-1.384159374747876,-1.5432638213486851,5.186319351196289
1747536695.8328612,-1.3463602885252288,-1.4769142337433503,6.239652633666992
1747536695.97472,-1.0643859408085585,-1.0670401557186833,6.402015686035156
1747536695.9906611,-1.050919562216892,-1.0229362800912567,6.977558135986328
1747536696.0117931,-0.9939362568994153,-0.9423517321828225,6.433010101318359
1747536696.0300791,-0.9685903627088863,-0.9021172075931589,7.178306579589844
1747536696.052397,-0.9286587581898081,-0.842242820831617,7.459402084350586
1747536696.0720975,-0.8532655566839387,-0.7857452364412767,6.215333938598633
1747536696.0914447,-0.785071859834609,-0.7314104486401337,6.44230842590332
1747536696.111027,-0.7254907054531352,-0.6865141565459444,6.379604339599609
1747536696.132312,-0.6871654673149319,-0.6490116187887321,6.72459602355957
1747536696.1518376,-0.6461274147096341,-0.5909401152486141,6.005764007568359
1747536696.1779263,-0.6173371449633762,-0.5439913498747305,6.55364990234375
1747536696.1995,-0.5944524155983275,-0.49919154281151296,7.013797760009766
1747536696.2205482,-0.5196941342214821,-0.4218228698906633,5.805730819702148
1747536696.2427762,-0.45852101772502685,-0.371281251633446,7.719516754150391
1747536696.2622938,-0.43513197538137716,-0.34969400439575393,6.263256072998047
1747536696.2787936,-0.3698975271109167,-0.2819070894041783,5.211353302001953
1747536696.2935143,-0.33341057872481955,-0.23575411830700305,5.897283554077148
1747536696.3101435,-0.3010915008455647,-0.20140915229172865,5.598545074462891
1747536696.3253732,-0.29366374285837377,-0.18531900111759494,5.339384078979492
1747536696.3505688,-0.1873565048152418,-0.13042227349490085,5.629777908325195
1747536696.3707833,-0.1299935125867575,-0.10405147021460853,5.959510803222656
1747536696.390783,-0.08878262690977648,-0.08438517462552861,5.732297897338867
1747536696.4106271,-0.03844826875480495,-0.04055039948622854,5.856752395629883
1747536696.42531,-0.008671402562129626,-0.010388528784666316,5.104541778564453
1747536696.4502213,0.055733707696104744,0.0174482560745554,5.8422088623046875
1747536696.4697223,0.09036462951916331,0.05553792534849061,5.277156829833984
1747536696.4917493,0.13137782226002642,0.07767675084698285,7.101774215698242
1747536696.5116434,0.17760590135535573,0.09424724207003046,6.818056106567383
1747536696.5314121,0.20499550938913327,0.10199176856263364,7.318735122680664
1747536696.550492,0.29426833597454966,0.1173599291816625,5.5294036865234375
1747536696.5706406,0.3129650854231762,0.14702868378584075,5.502939224243164
1747536696.5920668,0.38136153899789466,0.18167415771776904,5.133628845214844
1747536696.6066885,0.431947865863969,0.2006013280620734,5.006313323974609
1747536696.6305957,0.3757211601533084,0.22556677051844223,5.669593811035156
1747536696.6522985,0.3927978712439551,0.23894380528087034,6.725311279296875
1747536696.6707053,0.4268388180296224,0.25487478872715724,5.708932876586914
1747536696.6909068,0.514289368477699,0.257864994589687,5.810022354125977
1747536696.711425,0.6133280743665198,0.2627970297889717,6.207466125488281
1747536696.7315397,0.6857689792942012,0.27170680832537497,4.974126815795898
1747536696.7504578,0.7473807712829812,0.2833590255499527,5.629539489746094
1747536696.7716231,0.8176817931084798,0.29298785697474966,5.697488784790039
1747536696.7932734,0.8768605132527146,0.3015533306585531,8.51893424987793
1747536696.8077693,0.9286764206608802,0.30677334203731527,4.924774169921875
1747536696.8293278,1.0257621746457424,0.2955603491583513,4.858970642089844
1747536696.8507736,1.1094638785010444,0.29211360764911365,6.034135818481445
1747536696.8709486,1.1806234448197612,0.2932024417582851,6.245851516723633
1747536696.8894553,1.2968437273243183,0.2634504242995232,4.736900329589844
1747536696.909136,1.3683190107470065,0.2420417722192666,4.699468612670898
1747536696.9309075,1.433043337042366,0.22519554366576686,5.472660064697266
1747536696.9531255,1.4849116546178167,0.2122108188360514,8.289575576782227
1747536696.9735215,1.5312638523164446,0.18848979518946787,6.74891471862793
1747536696.9923925,1.5648479657954675,0.17698847896311837,6.857633590698242
1747536697.0106268,1.5826256422641913,0.17174075861438418,5.653619766235352
1747536697.0303788,1.631228960158698,0.14909348585646173,5.491018295288086
1747536697.0508099,1.675791961167628,0.12917328419196078,5.298614501953125
1747536697.0733576,1.7025412039285563,0.11646031786493634,5.485773086547852
1747536697.0908637,1.7635146608582353,0.07310323507968428,5.858898162841797
1747536697.1100786,1.7980923848794192,0.04431681213690626,4.909753799438477
1747536697.133303,1.8295389585889332,0.021614400884787797,7.976770401000977
1747536697.1501596,1.8498123606366328,-0.014720988666011724,5.074501037597656
1747536697.1709945,1.8597886496145004,-0.04385249822070328,4.669189453125
1747536697.1905499,1.8691396718730067,-0.06748137690497706,5.354404449462891
1747536697.2114885,1.8918503833727003,-0.09299332054856536,5.672931671142578
1747536697.2320583,1.916008704152351,-0.14315104177396673,6.237983703613281
1747536697.2502835,1.965016850772302,-0.2053651688220834,4.711151123046875
1747536697.2694952,2.0197692177818727,-0.2673206405176967,4.699945449829102
1747536697.2844963,2.056927553601674,-0.3025311285832757,4.770517349243164
1747536697.3097713,2.090222551321556,-0.33879025056005024,4.921913146972656
1747536697.3303523,2.133161564307339,-0.3747588767283681,5.362033843994141
1747536697.349617,2.1451830906598537,-0.4126106357400661,5.113124847412109
1747536697.3791845,2.162908389522972,-0.45031437889498277,5.198001861572266
1747536697.3980498,2.187294539297489,-0.4798357087641038,5.171537399291992
1747536697.4164495,2.1945934022789992,-0.5157906789557726,5.203723907470703
1747536697.433528,2.218343189947665,-0.5438832879342861,5.298852920532227
1747536697.452731,2.266666466607211,-0.5712485485781245,5.613565444946289
1747536697.470263,2.320090792010303,-0.5938784233970154,5.461215972900391
1747536697.4887373,2.3762922045382826,-0.6156284338942078,7.359743118286133
1747536697.505863,2.400958543605928,-0.6273187379819449,5.727529525756836
1747536697.5330777,2.4303318953661406,-0.6408226149871695,7.836818695068359
1747536697.5545902,2.443856483244832,-0.6664635682116143,7.268428802490234
1747536697.577724,2.4569700977517765,-0.6881265400052571,6.361961364746094
1747536697.5964556,2.472413210496363,-0.7071201264616831,5.889654159545898
1747536697.6147523,2.5075950387633306,-0.7166124130546252,6.736993789672852
1747536697.6315234,2.532935982787176,-0.7294406632039744,5.897760391235352
1747536697.6511552,2.5521699202654853,-0.7423944961934411,5.980014801025391
1747536697.6711905,2.5666310993068984,-0.7665332867468778,5.811214447021484
1747536697.6904485,2.582523431958266,-0.7874350683593601,5.909204483032227
1747536697.7056448,2.5988617758262182,-0.8049949748806308,5.81812858581543
1747536697.7285485,2.609420192740296,-0.8163245183359995,5.868673324584961
1747536697.75418,2.6000965341640803,-0.8178444503620114,9.457588195800781
1747536697.7723098,2.588251198368766,-0.814556566972924,5.778312683105469
1747536697.7907815,2.567779676906874,-0.805159323690452,5.529642105102539
1747536697.811118,2.5542867766762405,-0.8045917120762969,5.734682083129883
1747536697.830951,2.524838989858117,-0.7937666449343231,5.779027938842773
1747536697.850413,2.5105119591622773,-0.7907122275898397,5.707263946533203
1747536697.8670087,2.5004615282056046,-0.7883216592825073,5.774736404418945
1747536697.8945417,2.491030937627751,-0.7755246563879633,8.475542068481445
1747536697.9207938,2.479180508937204,-0.7649500122409176,6.003618240356445
1747536697.940088,2.441542739172087,-0.7556100009270642,5.8841705322265625
1747536697.9552298,2.4174193620163438,-0.7494903652637915,6.689786911010742
1747536697.972963,2.378223512783232,-0.7373976552164366,5.873203277587891
1747536697.9920688,2.346808394268982,-0.7258473278348343,6.562471389770508
