time,x,y,computation_time_ms
1747537209.3495636,-0.2614555511896502,-7.017728874954678,14.16778564453125
1747537209.3719246,-0.4738884303302823,-7.424232832460283,8.574485778808594
1747537209.398502,-0.5361979161824137,-7.524584633461023,9.600162506103516
1747537209.4194207,-0.5516648008741417,-7.549846056044143,7.042646408081055
1747537209.440898,-0.5685735212395091,-7.571069184087352,8.034229278564453
1747537209.4659786,-0.5727658453854199,-7.575359816889212,9.847402572631836
1747537209.4962757,1.2213485284752201,0.4574111413006986,7.854700088500977
1747537209.5337684,1.2303628675517384,0.4536616273234479,10.803937911987305
1747537209.5919175,1.233007383687791,0.45514056575569245,9.56106185913086
1747537209.6216683,1.252424778494121,0.4573168546041379,6.5364837646484375
1747537209.6553593,1.3612125149657377,0.4714221858545317,6.506204605102539
1747537209.6790361,1.386430477409882,0.4803648438261381,6.182193756103516
1747537209.7071176,0.9478194917913424,1.441391896532296,5.576610565185547
1747537209.721577,1.3957892869360315,0.650057535904345,3.607034683227539
1747537209.738414,1.4774713658451053,0.49889558247003907,5.119800567626953
1747537209.7553444,1.4668830340067618,0.4952171432538574,5.400657653808594
1747537209.7933514,1.4662320455836748,0.49057993437894637,12.699127197265625
1747537209.8267226,1.4606680397044303,0.48854036703541176,7.948875427246094
1747537209.8461256,1.449791161196579,0.487586990451084,5.855798721313477
1747537209.8666823,1.4369549629568885,0.4888421786523523,5.295991897583008
1747537209.8979428,1.404674413821027,0.5317652350203601,6.338357925415039
1747537209.9194958,1.5102656042033822,0.5222879598665301,5.665302276611328
1747537209.9396725,1.5458728019312729,0.5223988737327013,7.461071014404297
1747537209.9627607,1.5551430693062425,0.5213062624285904,8.775711059570312
1747537209.9833887,1.5554815467761245,0.5192400464769842,7.608890533447266
1747537210.0020304,1.5574503111627058,0.5193678386209215,5.684852600097656
1747537210.0225532,1.5553478318195735,0.5200604672897728,6.200075149536133
1747537210.0400975,1.5387304799483787,0.516827126859628,5.372762680053711
1747537210.0599303,1.5227748321921202,0.5151888464123544,5.915403366088867
1747537210.0871663,0.9894892292192644,0.4106711223336648,5.503177642822266
1747537210.1110294,1.2592516998863117,0.4404505799233501,6.502628326416016
1747537210.1296287,1.2614607204929864,0.4460369048838418,5.92350959777832
1747537210.1507976,1.2608741470331775,0.45402150247916595,9.015560150146484
1747537210.1680355,1.2829884500535174,0.4589033461621692,5.2947998046875
1747537210.187171,1.3022810266057954,0.4669810198898208,6.842613220214844
1747537210.206164,1.3247798837155134,0.47590785314244605,6.637334823608398
1747537210.2266674,1.3524436857404143,0.4812030594627837,7.279157638549805
1747537210.243945,1.372782219791267,0.4826031395193125,5.182743072509766
1747537210.262466,1.3842531450759112,0.4833920858905121,7.156610488891602
1747537210.291862,1.255431758800528,0.6651046824988195,7.554292678833008
1747537210.3140454,1.422618423840374,0.5295259265560972,5.498647689819336
1747537210.3360736,1.4467303307472903,0.509455713262022,5.29170036315918
1747537210.3583844,1.45400747263955,0.5025210770122481,6.299734115600586
1747537210.3784297,1.454842956614292,0.49707753859071135,6.51240348815918
1747537210.397178,1.4437398071576697,0.49350606536418873,7.362127304077148
1747537210.4162378,1.4373885527555912,0.4908747997883391,8.396625518798828
1747537210.4344444,1.4339746823236634,0.489975464152802,5.289316177368164
1747537210.4564755,1.4312484674301127,0.48792251187835006,5.792140960693359
1747537210.4799507,1.4306728403242563,0.4861146525763534,5.321025848388672
1747537210.5059853,1.081149385132884,0.46325452865888256,5.736827850341797
1747537210.5338888,1.1499769322173845,0.474223564024908,7.772207260131836
1747537210.5590396,1.2014585768249935,0.47686291919814294,11.243343353271484
1747537210.5958462,1.2177589464222907,0.4750426208767925,12.264490127563477
1747537210.6402931,1.2221188703591062,0.46993618912195584,8.023500442504883
1747537210.6904507,1.2286634235467924,0.46911162047619304,13.112545013427734
1747537210.7480464,1.2350789011445675,0.46313178808066147,12.244462966918945
1747537210.8036447,1.236889613703727,0.4595072369335146,10.246992111206055
1747537210.8598862,1.2421739107137175,0.4510505017636637,8.757591247558594
1747537210.9105139,1.257652348276336,0.44558170427632593,11.466026306152344
1747537210.9389448,1.2699100360766815,0.44119907126227675,6.83903694152832
1747537210.9657645,1.264970563802955,0.44074126819177367,6.561756134033203
1747537210.986926,1.2637098101440354,0.44234750965151826,8.005857467651367
1747537211.009745,1.2645781465208024,0.44279295900813925,5.663394927978516
1747537211.0494359,1.2562829971654323,0.44750656146843454,7.842063903808594
1747537211.0730667,1.2424846824439837,0.4475806734879237,6.534814834594727
1747537211.098433,1.252265233990726,0.44272615412482985,9.488344192504883
1747537211.1255045,1.2622568266648782,0.4419662537440517,6.100893020629883
1747537211.147071,1.273314757758778,0.44066818933187246,7.7953338623046875
1747537211.1653752,1.2658551724418174,0.4438812408177213,6.256580352783203
1747537211.1837673,1.2695691604098147,0.44681248985827127,8.192062377929688
1747537211.2052536,1.2714765250470599,0.44738411909931525,6.142854690551758
1747537211.2231643,1.2630851659901234,0.4485003794621868,5.518913269042969
1747537211.2459648,1.2562569567590416,0.45064033026131806,6.227970123291016
1747537211.2655807,1.2496374513868884,0.45188619686765197,6.037473678588867
1747537211.2857983,1.2563634171889524,0.45088048348231907,7.839202880859375
1747537211.3057551,1.2558455060271616,0.4511246963561895,5.751371383666992
1747537211.3221521,1.254742926938066,0.4491114858336785,6.645679473876953
1747537211.3506515,1.2587853718739068,0.45160565765885086,7.190465927124023
1747537211.3700345,1.261882705363224,0.4536164513690853,8.697509765625
1747537211.3896227,1.2684585813783549,0.4565398894539817,5.975008010864258
1747537211.4101143,1.2820153812621278,0.4631101586160628,5.136013031005859
1747537211.4256914,1.2874254440742372,0.46777865496243964,6.301641464233398
1747537211.44555,1.2902410317861894,0.47182695530545543,5.809307098388672
1747537211.462384,1.2900300917382073,0.4741617576943692,6.228446960449219
1747537211.4802167,1.2929515006313315,0.4770415046034134,5.502939224243164
1747537211.497438,1.2975703932937475,0.4791953025871032,5.92494010925293
1747537211.5146327,1.301030394673403,0.479392015114835,5.18798828125
1747537211.5385106,1.3006543210030224,0.47942859353036543,5.375862121582031
1747537211.5590777,1.3041682282998515,0.47934008037041764,6.815671920776367
1747537211.5862684,1.311557372360021,0.4812914405979583,6.220579147338867
1747537211.62127,1.3486483117735393,0.4850312083129724,6.613969802856445
1747537211.6484442,1.3700313657199497,0.48675148110624344,7.5321197509765625
1747537211.6659296,1.3845055092684404,0.48762660599762203,6.310701370239258
1747537211.685375,1.4064733014310768,0.4862635013909586,5.831718444824219
1747537211.7051215,1.4254145988861768,0.4855390834244103,5.5179595947265625
1747537211.7217376,1.4346778413264532,0.48767050333361184,4.961490631103516
1747537211.745743,1.423509220680246,0.4850228285749251,8.676528930664062
1747537211.7640662,1.419756565646257,0.48295827840056843,5.450010299682617
1747537211.781533,1.4202489552395967,0.4831556449883772,5.557775497436523
1747537211.798742,1.4184500045875281,0.4809841104347448,6.281137466430664
1747537211.8177974,1.4172452308721437,0.4857944462509062,5.489826202392578
1747537211.839095,1.4162824219846084,0.4874987990168852,5.570888519287109
1747537211.859079,1.4119210365198995,0.4887382955481152,5.120277404785156
1747537211.8774729,1.4168370579970893,0.489159875832156,7.145404815673828
1747537211.893832,1.4178838381818992,0.48884102800494195,5.152702331542969
1747537211.9132826,1.4159409044368265,0.4883482417741023,5.612611770629883
1747537211.9346986,1.4126094935114666,0.48778171175265533,6.342887878417969
1747537211.9623322,1.4140050751236317,0.4876251474532466,7.222890853881836
1747537211.9821627,1.4135213849012265,0.4876087233663444,6.852626800537109
1747537212.003802,1.4127407815252788,0.4846770931487423,5.954265594482422
1747537212.0300386,1.4128743703022615,0.48476939591150564,6.566524505615234
1747537212.0509536,1.4119345704043582,0.48548337614266224,7.995843887329102
1747537212.071601,1.4129529233445797,0.48801335038188176,5.45501708984375
1747537212.089946,1.4137366511663008,0.48964918149091063,7.426738739013672
1747537212.1098201,1.4152308426586695,0.4901763045904028,5.327939987182617
1747537212.1318514,1.4183436009385728,0.49055256998561825,8.992910385131836
1747537212.1539466,1.4101844026907044,0.4887818156124807,9.436607360839844
1747537212.1693625,1.4022827197593133,0.4870774640630484,5.717754364013672
1747537212.186786,1.3845661430667384,0.48531481016236305,5.229949951171875
1747537212.2057874,1.3786604994650304,0.4808077659385964,5.759477615356445
1747537212.2303019,1.376321527961942,0.4790111109057917,7.0095062255859375
1747537212.2494524,1.3726999896605645,0.4780142279312128,7.015228271484375
1747537212.2698822,1.3693751235679792,0.47447753405590287,6.267309188842773
1747537212.2896788,1.379930725151691,0.47289423518764256,5.963325500488281
1747537212.3057997,1.3830704255521216,0.4714796879511649,5.779504776000977
1747537212.32655,1.382333265193975,0.47081354025345135,7.924318313598633
1747537212.34642,1.398775276142855,0.47553458108225566,6.90150260925293
1747537212.3661947,1.4082066790336139,0.4781984974162484,5.977392196655273
1747537212.3859472,1.4136154844201414,0.47953348663148565,6.446361541748047
1747537212.4072323,1.415555277561018,0.48109747440790296,7.373809814453125
1747537212.431285,1.4191203511930537,0.4822396897394574,5.542755126953125
1747537212.4532356,1.4191355214451418,0.48382137759351446,9.409427642822266
1747537212.469843,1.4415847805416815,0.49213116615469504,5.661725997924805
1747537212.4896884,1.4578941718760094,0.4945096917474283,7.522821426391602
1747537212.5058696,1.4679919414484959,0.49748018490682994,5.4683685302734375
1747537212.5301793,1.4785070190081364,0.5012637415882093,8.093833923339844
1747537212.5515807,1.4914800814362825,0.5054578646454216,8.549928665161133
1747537212.5715811,1.4977275076376613,0.5067765035767662,7.8678131103515625
1747537212.589539,1.5060989692404532,0.50806529600937,6.4373016357421875
1747537212.610031,1.5093356847610295,0.5067549674394075,7.899999618530273
1747537212.6310065,1.5109430910852342,0.5061121970477731,5.84101676940918
1747537212.6498575,1.5143813387901948,0.5070308691860274,7.832765579223633
1747537212.6710813,1.51891064273479,0.5028147035034738,5.796670913696289
1747537212.689662,1.5214444464252463,0.501664292791082,7.099390029907227
1747537212.7067955,1.519294802116478,0.49861176041972455,6.021022796630859
1747537212.7253222,1.5124853560212799,0.4973815193761293,5.831241607666016
1747537212.746218,1.5128839866343406,0.49709630148976375,5.581855773925781
1747537212.7735336,1.517327169066836,0.4958337024633648,7.305622100830078
1747537212.7934523,1.5181824883634174,0.4917969415203437,7.109642028808594
1747537212.8095205,1.51376110903001,0.4912288675652747,6.293535232543945
1747537212.834685,1.51979630660249,0.493558056701982,8.570432662963867
1747537212.8508906,1.5287681102518018,0.48984453146193613,4.997968673706055
1747537212.8701918,1.532431371650795,0.4868146118074793,7.455587387084961
1747537212.8894715,1.5440021409720348,0.4817548957976375,5.715608596801758
1747537212.922026,1.5519526710058449,0.478659892810313,10.96200942993164
1747537212.9665153,1.5143356619821429,0.4812429760003023,10.431051254272461
1747537212.9993865,1.4792109801660165,0.4794189215282672,13.799905776977539
1747537213.0301845,1.4619938479689611,0.47725877467774847,5.998134613037109
1747537213.056441,1.4348211979570717,0.4787099614958824,9.249687194824219
1747537213.0861351,1.426574676087709,0.4807383417755222,8.125782012939453
1747537213.1177819,1.4227620439643642,0.48416961554531474,8.754253387451172
1747537213.139266,1.4219263594409999,0.48614551167102565,6.403207778930664
1747537213.1593378,1.4196090971088005,0.48683083677894606,7.047414779663086
1747537213.1784391,1.4168347413943658,0.48414354594009723,6.072282791137695
1747537213.2021785,1.4137969804407184,0.481619605246542,9.984970092773438
1747537213.2232022,1.4122374881412074,0.47971864503438166,5.873918533325195
1747537213.2447033,1.4059813591321233,0.4765354408275258,5.631446838378906
1747537213.2657588,1.4087382861636726,0.47970279813905325,5.662679672241211
1747537213.4154341,1.4081276563063672,0.48938758092193374,12.114763259887695
1747537213.438654,1.405587553093809,0.4961948043633188,9.594202041625977
1747537213.479008,1.4202030803347028,0.5014661215538789,7.111310958862305
1747537213.5162272,1.4264436191647272,0.49794202325546083,9.08970832824707
1747537213.54487,1.4282393510163538,0.49331641608065696,5.461692810058594
1747537213.5631573,1.433582992390561,0.49286348277314723,5.436182022094727
1747537213.5896592,1.423448027596198,0.48638872765396535,7.036685943603516
1747537213.6102912,1.4191046374541065,0.4812056806313667,8.523702621459961
1747537213.6305857,1.4204180526590195,0.48107272240694166,5.737781524658203
1747537213.654768,1.4109467855799243,0.4807760969369906,6.603479385375977
1747537213.6752114,1.4074592168540738,0.4837795884423541,7.071256637573242
1747537213.7194505,1.4008155722190703,0.4855150783116587,8.735418319702148
1747537213.747623,1.3844648353333515,0.4832949225555599,6.9828033447265625
1747537213.7657242,1.3707507523620435,0.48042540153925173,6.097316741943359
1747537213.7848046,1.365438717006724,0.4796424054208993,5.28264045715332
1747537213.8080647,1.3794696506648116,0.48176656630636633,6.361484527587891
1747537213.8372855,1.40580563668342,0.48389577994169447,9.039163589477539
1747537213.8570647,1.4253958430087803,0.4862952269813638,7.212162017822266
1747537213.8729753,1.4168213845455964,0.4850769894220015,5.129814147949219
1747537213.892704,1.41092905908613,0.4867357392580203,7.310390472412109
1747537213.91073,1.4133034788800842,0.48681034300212384,5.567312240600586
1747537213.949229,1.4154711884698448,0.4883680428387278,6.532192230224609
1747537213.9825716,1.4091814082575123,0.49010752279885317,5.34510612487793
1747537214.0292826,1.392298341879735,0.4908767781242012,8.86845588684082
1747537214.0596747,1.371566034492143,0.4892793874587287,8.621931076049805
1747537214.091706,1.3678288367381517,0.4894069343516461,8.919000625610352
1747537214.124456,1.3646664889969458,0.49019382739239886,12.130498886108398
1747537214.16051,1.3657504664034121,0.4840365887674829,7.477760314941406
1747537214.1918,1.3598792484138693,0.4775671372312636,9.396076202392578
1747537214.226959,1.3387881368952175,0.4849127903741932,7.806062698364258
1747537214.2559736,1.3280195605317244,0.4893830102557489,8.858203887939453
1747537214.284007,1.3323421728223,0.4903278679588453,5.863189697265625
1747537214.3105524,1.3404291486543691,0.49081212968965715,6.439685821533203
1747537214.333853,1.353659868387918,0.4894982869901913,8.604764938354492
1747537214.3507922,1.3846605676505768,0.49269330406041006,5.427122116088867
1747537214.376029,1.4199017335808795,0.4973064420223686,6.347179412841797
1747537214.3959744,1.4234242685619918,0.4969313747237271,5.410194396972656
1747537214.4132977,1.4245078853456912,0.4952851676991293,5.5084228515625
1747537214.451881,1.4177771375521957,0.49353623612901243,13.873100280761719
1747537214.4992988,1.4226677945073267,0.4893782773998871,9.377241134643555
1747537214.5282552,1.418178438884918,0.4977044709181381,7.467031478881836
1747537214.5533628,1.412657949318688,0.5040383528611294,6.705760955810547
1747537214.5777621,1.4095706367235792,0.5075616663551833,5.946874618530273
1747537214.6026797,1.420757610196193,0.5084042900785373,7.770538330078125
1747537214.6311903,1.4437816620963542,0.5079344610437969,10.74075698852539
1747537214.6509619,1.4691841787778575,0.5084297392694234,7.973909378051758
1747537214.6683204,1.4484703072389156,0.5023689921571187,5.446672439575195
1747537214.699805,1.428500154762329,0.4958959005051235,11.246442794799805
1747537214.7243297,1.4670198920612214,0.49120413702286514,7.25555419921875
1747537214.7539365,1.4930703245277313,0.48692143792233067,11.876344680786133
1747537214.7713172,1.523498546986572,0.48549663300577384,5.408287048339844
1747537214.7912593,1.552857536172618,0.48549447358135844,5.633831024169922
1747537214.821349,1.621875934670135,0.4800996315293052,5.213022232055664
1747537214.8393903,1.6514628191401557,0.4781425343355957,5.3806304931640625
1747537214.8617198,1.6340802890687833,0.48412240947029356,5.618572235107422
1747537214.8776953,1.6486120459705047,0.48869696125043716,5.400657653808594
1747537214.8987675,1.6745967997605211,0.49008875204865465,6.723880767822266
1747537214.9176521,1.6985620197416775,0.4828322827189192,5.591630935668945
1747537214.9335372,1.732599953347782,0.47908288366774565,5.611419677734375
1747537214.955371,1.7710537427251825,0.4759525549186681,6.8874359130859375
1747537214.9745443,1.8109321420370694,0.4723028176396359,6.9713592529296875
1747537214.9947073,1.8651413906708385,0.4673457285379814,6.736993789672852
1747537215.0194206,1.8946665540596923,0.4612805424360894,6.208896636962891
1747537215.0548,1.9650605508936503,0.43697899469485063,8.791446685791016
1747537215.0816898,2.010855118353956,0.41354787556441364,8.033275604248047
1747537215.0997832,2.028674052370874,0.40008899152061767,5.765199661254883
1747537215.1191525,2.035325372924072,0.3778013737313089,5.310297012329102
1747537215.1409435,2.053929294791583,0.35327192521468415,7.126808166503906
1747537215.158838,2.0778431528231107,0.33766307603228357,5.5446624755859375
1747537215.1781492,2.1597809985870544,0.2893789861070269,5.222797393798828
1747537215.1997304,2.224168678219518,0.25096509544623663,7.426261901855469
1747537215.2216573,2.2653316950561577,0.22891523818447368,6.77943229675293
1747537215.2514327,2.346390766461665,0.17347932637196617,7.04503059387207
1747537215.273367,2.4054386356535566,0.1338056811595808,7.42793083190918
1747537215.290215,2.436713245052884,0.11301931015655313,6.215333938598633
1747537215.3061123,2.4712977146248396,0.09305889658562198,4.9076080322265625
1747537215.3325112,2.515394427176979,0.05440618820432284,9.948015213012695
1747537215.3803492,2.5706547085505513,0.010536134646929497,17.438411712646484
1747537215.413647,2.630938570932019,-0.034050807658208344,5.897998809814453
1747537215.4338553,2.688028286699283,-0.06666323989918842,9.933948516845703
1747537215.4504614,2.7129652885097513,-0.0989646635935354,6.556510925292969
1747537215.4749982,2.7838109835774825,-0.15698897761305977,6.720304489135742
1747537215.4981852,2.803486566794628,-0.17603949581411693,6.198406219482422
1747537215.5215554,2.8525821128740336,-0.21317900625206637,7.076501846313477
1747537215.54456,2.9085302762894245,-0.25298688255522245,5.753755569458008
1747537215.5636692,2.94468236270324,-0.28014980145776364,7.005453109741211
1747537215.5837233,3.0095290631076748,-0.3259095838449277,5.231380462646484
1747537215.6004915,3.044462309445395,-0.3526285622532234,5.4111480712890625
1747537215.6200085,3.0811507864399243,-0.38459244703431805,5.3081512451171875
1747537215.6458745,3.077032377789603,-0.43817901676533855,9.337902069091797
1747537215.6651568,3.0845646894339893,-0.46972561254105943,6.304025650024414
1747537215.689936,3.1017886319363654,-0.5030406067819946,9.384870529174805
1747537215.7197945,3.1589719586014664,-0.5848169220966812,8.448600769042969
1747537215.737473,3.1772887160300924,-0.6276897379433076,6.387948989868164
1747537215.7560143,3.198631660111961,-0.672782463540112,6.236791610717773
1747537215.7751224,3.2096293872266104,-0.7203411294355606,5.639791488647461
1747537215.794537,3.219132370619134,-0.7624163683941988,7.1353912353515625
1747537215.8143773,3.227532132830531,-0.7958425786995107,6.455421447753906
1747537215.8459742,3.2538538412191254,-0.854601468219254,8.809804916381836
1747537215.8658297,3.2704090072902305,-0.8971326880578273,7.645368576049805
1747537215.8830903,3.2785261709966167,-0.9286358290414054,5.090951919555664
1747537215.904161,3.301232426331845,-0.97304595794453,5.693674087524414
1747537215.9266148,3.3125142773459575,-1.0089036500288953,5.506277084350586
1747537215.945961,3.319514724509988,-1.0451726866531543,8.176326751708984
1747537215.9700692,3.3644478438517798,-1.1018180135231568,9.888887405395508
1747537215.9875135,3.3991579510318317,-1.1599664331769777,5.707979202270508
1747537216.0178697,3.413944248706933,-1.2146514665455643,6.927490234375
1747537216.0388067,3.434076972992106,-1.3050710008598385,5.845069885253906
1747537216.058025,3.432695816940541,-1.3386981109882097,6.731748580932617
1747537216.076546,3.4301865570795727,-1.3821617244036588,8.478403091430664
1747537216.0950253,3.425860509531804,-1.4275693729671877,5.52678108215332
1747537216.114349,3.422220781965288,-1.4650103228140392,6.77180290222168
1747537216.137378,3.4206206529599714,-1.5288388288881196,7.042646408081055
1747537216.1544595,3.4144746044854273,-1.5894119828096038,6.38890266418457
1747537216.1811068,3.411355225301166,-1.641355968633341,8.812904357910156
1747537216.2062857,3.3838588982782594,-1.6832308143202406,7.045507431030273
1747537216.2323596,3.3473403271111715,-1.7346459679200539,7.506847381591797
1747537216.2523432,3.2710616778474964,-1.7726127841014965,5.770444869995117
1747537216.2818277,3.2177467154210095,-1.837329572664835,6.071567535400391
1747537216.297725,3.1888784720754497,-1.8595852712738945,5.305051803588867
1747537216.315256,3.160567616468549,-1.8819359825769182,7.653236389160156
1747537216.3378575,3.0607849149442496,-1.936467135384926,5.93256950378418
1747537216.3621001,3.004396686873524,-1.965340005128792,5.552530288696289
1747537216.3805037,2.9768378975865604,-1.983299762780488,6.413936614990234
1747537216.3992813,2.8923189738193975,-2.0362556889962926,5.9680938720703125
1747537216.4221008,2.8240129172486714,-2.079327392267988,5.880832672119141
1747537216.438701,2.8040038837383814,-2.0965752519142935,4.678487777709961
1747537216.4595444,2.753510431298934,-2.1011490711083467,8.335113525390625
1747537216.4779952,2.713916752808178,-2.1063579904573873,5.4264068603515625
1747537216.501037,2.68515229217823,-2.11902597573299,7.637500762939453
1747537216.5226462,2.5975953308150084,-2.1498443446956066,7.210493087768555
1747537216.54409,2.539363643261251,-2.1678977857654256,5.050897598266602
1747537216.5663793,2.508185633200116,-2.1795211969265176,5.9680938720703125
1747537216.5863557,2.4186372929672646,-2.212842517840249,5.79833984375
1747537216.6020725,2.382125166625741,-2.228087793235976,4.906654357910156
1747537216.7045472,2.191686424976502,-2.341932071745859,8.474349975585938
1747537216.7430642,2.16339610890681,-2.402207395959315,5.686044692993164
1747537216.761757,2.167205999259647,-2.4212107813062316,5.579471588134766
1747537216.7788107,2.15612957737661,-2.4371544435705843,5.416631698608398
1747537216.7953615,2.124588324757805,-2.4528904191920913,5.297183990478516
1747537216.815828,2.1019264124012262,-2.4770310982861257,5.070209503173828
1747537216.8396773,2.084389178797438,-2.505927299823145,9.451150894165039
1747537216.8616028,2.0546559106534046,-2.548088728442832,6.760120391845703
1747537216.8816307,2.045338401494057,-2.572274160098584,8.578300476074219
1747537216.9258952,2.016449229382599,-2.6520647548573915,8.351564407348633
1747537216.963003,1.9918100965566061,-2.737059161107774,7.241249084472656
1747537216.9992716,1.991002674416348,-2.780689570884465,13.35000991821289
1747537217.0224044,1.974550705606947,-2.850492333018494,7.076501846313477
1747537217.0545378,1.9935069022263363,-2.904080173129045,8.382081985473633
1747537217.0953214,1.9863621746270872,-2.998255731010088,7.549762725830078
1747537217.1349459,1.993749533358338,-3.1002178199507395,13.423442840576172
1747537217.1680968,2.0019849281434987,-3.1805040855502447,9.963035583496094
1747537217.2170758,2.0234439514543823,-3.275050150636545,9.136438369750977
1747537217.2483115,2.0653751639328033,-3.353235463156429,6.606340408325195
1747537217.2785594,2.100088577899601,-3.4152127502637746,8.85629653930664
1747537217.2959795,2.1341774184080444,-3.4992894589656762,5.46717643737793
1747537217.3200018,2.1805061261474017,-3.567559511725488,5.241632461547852
1747537217.34351,2.2216501952566725,-3.6259126458029094,5.12242317199707
1747537217.3624082,2.2529669279232314,-3.665846536340791,4.934787750244141
1747537217.3859563,2.30451926565587,-3.700166621520245,5.598306655883789
1747537217.406137,2.359152323718263,-3.7439189701375586,6.305694580078125
1747537217.4231162,2.402012697721217,-3.775041040520374,4.980325698852539
1747537217.4677725,2.476660349998404,-3.815850321037539,14.340639114379883
1747537217.5070927,2.616694077251694,-3.9175501783612403,17.032861709594727
1747537217.5350604,2.6670670111661874,-3.9432129350681913,7.422924041748047
1747537217.5607853,2.7783207619985717,-3.957567890750307,8.224964141845703
1747537217.592233,2.893387806531049,-3.977797617219695,10.32710075378418
1747537217.6602228,3.0472485190621668,-4.018191830169107,14.005661010742188
1747537217.693198,3.187392345088032,-4.053339608972724,11.244058609008789
1747537217.7268403,3.33057789486027,-4.073054596497987,8.273124694824219
1747537217.7595124,3.4279679876033997,-4.08105741174036,7.829904556274414
1747537217.7743158,3.5164642786832867,-4.088547975232387,4.6329498291015625
1747537217.7937334,3.644101771316791,-4.118863685990724,4.623651504516602
1747537217.8183334,3.7093734608242888,-4.1470503893215716,5.960226058959961
1747537217.838661,3.783537803738559,-4.1848352246932015,6.82377815246582
1747537217.8559954,3.8355164187839645,-4.221629606808181,6.5479278564453125
1747537217.8731914,3.8816121549063842,-4.257403306130156,5.7430267333984375
1747537217.8924289,3.910193611519806,-4.285882740003243,5.509614944458008
1747537217.9315348,3.9670641900594066,-4.315047354494355,4.8732757568359375
1747537217.9490588,4.008759767526419,-4.344208857721737,6.147861480712891
1747537217.9696798,4.037228615634444,-4.3763368042538024,7.825374603271484
1747537217.9935699,4.062486031563142,-4.407666440913403,7.363319396972656
1747537218.0276315,4.114662358769551,-4.4444685083635544,8.432865142822266
1747537218.0506215,4.177845820425953,-4.503050057336458,8.649587631225586
1747537218.0746326,4.230260940160412,-4.570297903040491,6.276130676269531
1747537218.0943315,4.246606990551147,-4.602059699698888,5.924224853515625
1747537218.1132646,4.265621057687426,-4.640082245932801,5.36799430847168
1747537218.135314,4.301633364481237,-4.689230371998945,7.313251495361328
1747537218.154498,4.324190739049166,-4.733599127829516,6.313323974609375
1747537218.1737278,4.338528200501308,-4.773137118026967,5.637884140014648
1747537218.1951396,4.372749134699189,-4.8131791603891045,6.695270538330078
1747537218.2191422,4.390210600204921,-4.866858739348693,6.842613220214844
1747537218.2472773,4.39410656876739,-4.89655867398605,8.536815643310547
1747537218.2704988,4.424978250665416,-4.960140321034049,5.437374114990234
1747537218.4334056,4.481547434655383,-5.318177341632105,8.213996887207031
1747537218.447842,4.467532591915526,-5.39992277637148,5.444526672363281
1747537218.4658215,4.446294434580799,-5.47918309003705,6.383657455444336
1747537218.4829957,4.4232932409618275,-5.535576679311431,5.894184112548828
1747537218.5023468,4.3982042935039365,-5.596333790227901,6.755352020263672
1747537218.5180378,4.3482738916167625,-5.651416976493335,5.647897720336914
1747537218.5344691,4.31719770641294,-5.697577278961098,5.617380142211914
1747537218.5663593,4.2875800353075055,-5.744320531392863,8.52060317993164
1747537218.608689,4.248957785241863,-5.825660272333267,10.071992874145508
1747537218.6441422,4.223509681734568,-5.865190024469125,9.65261459350586
1747537218.6712782,4.152528021218699,-5.938209054256456,5.619287490844727
1747537218.6884813,4.11153068180789,-5.971917017737776,5.945920944213867
1747537218.7040293,4.075540463096992,-6.000963691991266,5.49769401550293
1747537218.7215624,4.040269864451381,-6.033075060924611,5.928516387939453
1747537218.7373838,3.999977925457819,-6.062631673522213,5.461931228637695
1747537218.757651,3.962521026778576,-6.086573366810532,5.762815475463867
1747537218.7785337,3.9071500947351403,-6.115545888763593,5.642890930175781
1747537218.7996168,3.859497032680621,-6.138919089820505,7.36546516418457
1747537218.821039,3.8230774883862297,-6.157472124720951,6.166934967041016
1747537218.8428428,3.780247329787237,-6.177349637912299,5.785465240478516
1747537218.860521,3.7432528417946065,-6.19241670366647,5.501747131347656
1747537218.8778176,3.690490524932009,-6.207712962030423,5.672693252563477
1747537218.894904,3.6473777195970047,-6.219114337522356,6.017208099365234
1747537218.9136467,3.6103928542500916,-6.2309741434552866,5.822658538818359
1747537218.940465,3.564782695210352,-6.247473843807962,5.490541458129883
1747537218.9580362,3.5098363299243793,-6.2494363894364575,5.702018737792969
1747537218.9736898,3.417214924324439,-6.258387837327118,5.928754806518555
1747537218.9981508,3.327189771606331,-6.273058117771103,6.549835205078125
1747537219.0184507,3.253138978478311,-6.281433838054683,5.045890808105469
1747537219.0383782,3.1692761127999938,-6.287283529305313,5.274772644042969
1747537219.0581212,3.121906162376471,-6.287774462264448,5.766153335571289
1747537219.0798783,3.026943419444386,-6.2875949628880665,5.186319351196289
1747537219.0975156,2.9628544973587427,-6.288543836395525,5.210638046264648
1747537219.119581,2.880157806429673,-6.288737115091472,5.525112152099609
1747537219.136669,2.8459918914668174,-6.288209473042111,5.33604621887207
1747537219.1541336,2.781934642203625,-6.27594210918956,6.352901458740234
1747537219.1731167,2.735640903468523,-6.26283938332962,5.329608917236328
1747537219.1998653,2.6960758277326775,-6.249810489846151,7.4291229248046875
1747537219.2299774,2.703229246122305,-6.230393785952295,8.235454559326172
1747537219.2487733,2.6760159657879914,-6.215668960925463,5.432367324829102
1747537219.26309,2.6744612069524134,-6.209451663394343,4.703044891357422
1747537219.2794602,2.628358097023142,-6.193135220903055,4.889011383056641
1747537219.2977536,2.5917355516821523,-6.187565373988432,5.471467971801758
1747537219.3183444,2.557118304131104,-6.182745828317943,5.835771560668945
1747537219.3562572,2.4769330038821518,-6.170822070489639,6.926536560058594
1747537219.3765316,2.434327380734696,-6.16795942302023,5.6781768798828125
1747537219.4068441,2.3206828313022854,-6.156798586089477,5.782842636108398
1747537219.4226177,2.3004718474242094,-6.156717392815323,5.829095840454102
1747537219.4467905,2.2876258039367703,-6.160963299356989,6.039142608642578
1747537219.467873,2.2422474949013447,-6.163787713439018,6.595373153686523
1747537219.4912322,2.206416135761691,-6.1670289842033155,12.645483016967773
1747537219.528548,2.1126539551810946,-6.175496847382722,10.560989379882812
1747537219.5553706,2.007886430115078,-6.181676845972339,5.580663681030273
1747537219.5827682,1.9426358945339341,-6.198418756014625,7.767915725708008
1747537219.6065133,1.8939698556641176,-6.2352799089834505,5.786895751953125
1747537219.6221561,1.860886662651449,-6.261336226170022,4.787683486938477
1747537219.638341,1.8335875719094155,-6.283476633606669,4.518747329711914
1747537219.6543567,1.8153232636176073,-6.2970143617660295,6.016016006469727
1747537219.677751,1.7594874476499938,-6.331114769641861,4.662036895751953
1747537219.692364,1.7433143405544176,-6.351462571142303,4.702091217041016
1747537219.7119286,1.7133468763016624,-6.372204014051023,4.818439483642578
1747537219.7397897,1.677693300102139,-6.415634611325192,6.000757217407227
1747537219.7620614,1.6361527250010341,-6.4514969407002445,5.723237991333008
1747537219.7899895,1.5828304312326464,-6.475388465291787,7.27391242980957
1747537219.80785,1.5311855579468325,-6.5214170024565465,5.22923469543457
1747537219.8254158,1.4652317056533766,-6.55208976481034,5.230426788330078
1747537219.8538744,1.4124744814783132,-6.570954354660821,6.084918975830078
1747537219.875122,1.31224323956112,-6.637225819666296,6.709575653076172
1747537219.9028203,1.2378758398589536,-6.662068509484512,5.104303359985352
1747537219.9216893,1.171397964311942,-6.679592757492535,6.056785583496094
1747537219.9482079,1.184271594461876,-6.725670338481034,6.256103515625
1747537219.973955,1.1890790704367218,-6.753164499364352,7.639884948730469
1747537219.9985693,1.2099529028877376,-6.796616956689545,6.120920181274414
1747537220.0173738,1.219561811769191,-6.819004839547286,5.805730819702148
1747537220.0352302,1.241584205033651,-6.83306708658516,7.964372634887695
1747537220.0845146,1.1615884738056994,-6.87570413690815,18.898725509643555
1747537220.1112819,1.1121560175820746,-6.899156431659403,7.086277008056641
1747537220.1378381,1.1123067141527123,-6.906566085478818,11.131763458251953
1747537220.158377,1.0870828831527561,-6.933968395234218,6.337404251098633
1747537220.182391,1.0841977822717013,-6.942739237627607,7.997274398803711
1747537220.2193909,1.0653955444539471,-6.948171587370131,15.216588973999023
1747537220.2474618,1.0370798474585843,-6.955482093641495,7.497072219848633
1747537220.3104467,1.0301336143195303,-6.963842758170548,14.282941818237305
1747537220.3313878,1.0322377986441424,-6.965883886887585,4.293203353881836
1747537220.3477948,1.0415232968388701,-6.964818309136637,5.328655242919922
1747537220.364095,1.0462792561136103,-6.965665768224202,5.1059722900390625
1747537220.3822653,1.0545148538065787,-6.965238422821872,6.755828857421875
1747537220.4021444,1.0405532335161112,-6.96014433234528,6.5765380859375
1747537220.4224114,1.0190586009540832,-6.957267641857212,5.463838577270508
1747537220.4381635,0.9843000368746876,-6.952011888679809,5.827665328979492
1747537220.459052,0.9570517074252426,-6.953736783608045,7.143259048461914
1747537220.478493,0.9396278427003046,-6.952201393578117,6.761789321899414
1747537220.4982219,0.917811747618675,-6.952200809333996,8.08858871459961
1747537220.5223143,0.9061186752280188,-6.958588143151155,6.85572624206543
1747537220.5510578,0.9059919312176452,-6.9618982784163865,7.467985153198242
1747537220.5771515,0.9122131237214721,-6.962368000807057,10.452747344970703
1747537220.5977645,0.9162008851911068,-6.961638348671836,5.844831466674805
1747537220.6194406,0.9226850674447757,-6.961210574697015,7.254362106323242
1747537220.6438031,0.9257464964122498,-6.962242290357717,7.451772689819336
1747537220.6669726,0.878723189150919,-6.956488013311436,6.474971771240234
1747537220.6881485,0.8190253046455929,-6.950421560111105,6.594657897949219
1747537220.708804,0.7985825620053689,-6.948133183818047,7.354497909545898
1747537220.731538,0.8191472844019985,-6.953468973697932,8.850812911987305
1747537220.7594378,0.8494380992504638,-6.956623104266793,9.935617446899414
1747537220.7830672,0.8677270664755934,-6.958701207977326,7.18235969543457
1747537220.8059952,0.8819796600753976,-6.959418606789338,8.121728897094727
1747537220.8311763,0.8813815988575779,-6.953489290502202,6.795644760131836
1747537220.8509226,0.874883052161044,-6.944792509667915,7.518529891967773
1747537220.8781238,0.8641954192113622,-6.942926030655675,10.225534439086914
1747537220.902832,0.85403236521741,-6.942097605334595,6.969928741455078
1747537220.92673,0.8530175025494232,-6.942175679384702,7.141590118408203
1747537220.9434242,0.8488756787228144,-6.939341122515736,6.193876266479492
1747537220.966393,0.8435273612719332,-6.938750614762059,8.333206176757812
1747537220.9825969,0.8407604751091021,-6.938433300067337,6.292819976806641
1747537220.9990454,0.837638205336795,-6.938830385940087,6.2408447265625
1747537221.0223677,0.828494747894958,-6.9413858913216675,6.9026947021484375
1747537221.0433953,0.8238263430312407,-6.94340650570066,6.356477737426758
1747537221.0631492,0.8187070701217681,-6.943003119314966,7.071733474731445
1747537221.0942729,0.8319800920093676,-6.941568116467406,15.931129455566406
1747537221.1256437,0.8539283555097766,-6.940467633558925,7.214546203613281
1747537221.1496458,0.8902305172616904,-6.93825876245841,7.689952850341797
1747537221.1801176,0.9211578806815713,-6.937918912290716,11.337518692016602
1747537221.2117462,0.9460719494124519,-6.928531783069993,9.228229522705078
1747537221.2384043,0.9707232019073614,-6.924204553347288,8.741140365600586
1747537221.2616801,0.9776164598758241,-6.923175902888452,8.430957794189453
1747537221.293883,1.0340861521080094,-6.928259850401508,7.278203964233398
1747537221.3122587,1.0762871261581102,-6.934374740014125,6.260871887207031
1747537221.3339953,1.0959507886911275,-6.941803364449658,7.469892501831055
1747537221.3620496,1.1038174530762452,-6.941399130920544,9.614944458007812
1747537221.3803375,1.108558413365815,-6.940087810535618,6.29878044128418
1747537221.404258,1.116565873833983,-6.916528743613373,5.852699279785156
1747537221.4265263,1.1271446722581013,-6.902345726941778,7.985115051269531
1747537221.449642,1.1444200521505763,-6.889956008070559,7.75456428527832
1747537221.47452,1.1485088381282502,-6.892563736596423,7.857561111450195
1747537221.5014846,1.1457033705718396,-6.9008033419536225,10.895490646362305
1747537221.5285356,1.1390253805944552,-6.905462893366877,8.845806121826172
1747537221.551311,1.185045261278377,-6.879224393990906,6.63304328918457
1747537221.5717564,1.21568013291458,-6.870158588104492,7.85517692565918
1747537221.6006832,1.2333305064364053,-6.86842325303423,6.017923355102539
1747537221.6250079,1.244623493342183,-6.866178183480937,6.646156311035156
1747537221.6587224,1.2556434806566668,-6.866546305590168,18.497467041015625
1747537221.691088,1.2603168453919311,-6.869708686075011,14.988183975219727
1747537221.722981,1.2637080101031397,-6.88669015350057,6.218433380126953
1747537221.7461097,1.273352789420149,-6.8950449032967045,7.195234298706055
1747537221.7783775,1.2837360605678338,-6.89955943165155,11.649131774902344
1747537221.8286679,1.2930896491566444,-6.90256242488372,15.022993087768555
1747537221.8684037,1.2970178088754716,-6.892857614946559,9.311199188232422
1747537221.9109273,1.3037932607165204,-6.885861946300952,17.027854919433594
1747537221.9540727,1.3213131599013983,-6.860861419732392,11.832952499389648
1747537221.982087,1.3321902975361521,-6.850641096157224,8.116006851196289
1747537222.0190222,1.3223151913941578,-6.870222098691673,12.007474899291992
1747537222.0410142,1.3136555528143465,-6.887645455049511,7.029056549072266
1747537222.064187,1.3165968475380225,-6.876381588499457,7.00831413269043
1747537222.0829606,1.3214515584335829,-6.870251353844293,6.697893142700195
1747537222.109336,1.3362441025446081,-6.866576791089247,8.934736251831055
1747537222.1308818,1.3403547326324636,-6.8676410271895545,8.801698684692383
1747537222.1505857,1.357900359814815,-6.869433681616109,7.70258903503418
1747537222.1752565,1.3565597699507117,-6.8738879786822995,8.277654647827148
1747537222.2014449,1.3575271346449986,-6.868560213063857,9.212970733642578
1747537222.2200794,1.3696161497365817,-6.864472602714349,6.559133529663086
1747537222.246009,1.3817390171352846,-6.860548719820027,10.806560516357422
1747537222.269902,1.315909311911178,-6.859090028299418,11.441230773925781
1747537222.2908194,1.2679244655492066,-6.8641580172784336,8.60738754272461
1747537222.3115115,1.2253635049843452,-6.867897924407406,8.671045303344727
1747537222.336245,1.1910117315667743,-6.869295906255889,6.945371627807617
1747537222.354787,1.1492165542286774,-6.870479159908014,7.042646408081055
1747537222.3851497,1.098281990908382,-6.868696056024501,6.547212600708008
1747537222.4057026,1.0744950568053897,-6.868511730130335,7.184028625488281
1747537222.4345653,1.0492082668193115,-6.865467838458789,8.420228958129883
1747537222.4538856,1.0297394531814392,-6.865435004465359,7.530927658081055
1747537222.4803662,1.0009539066049329,-6.864892149362253,8.25047492980957
1747537222.501318,0.8037079508167092,-6.873872957716348,6.518363952636719
1747537222.5196292,0.7468633281526177,-6.873390512012199,7.244110107421875
1747537222.543197,0.704015792414454,-6.873586498738568,6.000995635986328
1747537222.5624177,0.6560958597434815,-6.876734119504288,6.185293197631836
1747537222.5857432,0.6100838326942017,-6.876405578278868,6.2885284423828125
1747537222.605156,0.5691253059800014,-6.874259750450981,7.114648818969727
1747537222.6261458,0.5222280612692931,-6.876275107275015,6.698131561279297
1747537222.6505904,0.5090426659244747,-6.886164273331336,8.574962615966797
1747537222.671821,0.49618076765910635,-6.88719438286141,6.352424621582031
1747537222.7185047,0.40715794160368923,-6.890853963813221,23.262977600097656
1747537222.7377634,0.33891031491968715,-6.894324354942656,6.904125213623047
1747537222.7671366,0.28693074738050767,-6.901869435386719,7.067203521728516
1747537222.788817,0.23940104172200763,-6.904692385685325,7.172107696533203
1747537222.807112,0.1680811768117115,-6.903880419994816,6.233930587768555
1747537222.8452854,0.0764091806609569,-6.897269735870582,9.335994720458984
1747537222.8650973,0.04877319680406383,-6.8985840071665,7.770061492919922
1747537222.8905556,-0.00889111882428175,-6.8977204846258635,8.39853286743164
1747537222.9117224,-0.08865630691003983,-6.890439508235211,6.075143814086914
1747537222.9318516,-0.12596092602069484,-6.887963494837401,9.318351745605469
1747537222.9557562,-0.19912968665274264,-6.872442990685774,7.642269134521484
1747537222.9747236,-0.2556643087670057,-6.854759644854326,8.009910583496094
1747537222.9912748,-0.2897176421104585,-6.842636287705278,7.016181945800781
1747537223.0237038,-0.4227519724670363,-6.809125377077671,6.388425827026367
1747537223.0425506,-0.4802176241426245,-6.7862648290887835,6.782054901123047
1747537223.0633864,-0.5124230804948763,-6.768960435388767,6.818532943725586
1747537223.0905275,-0.5806532695779076,-6.7289156180219685,12.43138313293457
1747537223.116768,-0.6310325155864974,-6.6975315786175775,7.851123809814453
1747537223.1477034,-0.7366650226393554,-6.621586002567105,8.495569229125977
1747537223.1788025,-0.7674286731918801,-6.593253718880588,10.418891906738281
1747537223.1986287,-0.8397194725672619,-6.531641374771069,6.449222564697266
1747537223.2178168,-0.8492229374137086,-6.487191203983706,5.975008010864258
1747537223.2442245,-0.8519420698457194,-6.45480637704998,13.194561004638672
1747537223.280266,-0.883708784039055,-6.411110608437981,9.038925170898438
1747537223.4489148,-1.1260332806164788,-6.029744850470826,8.974313735961914
1747537223.4828699,-1.1408502233533024,-5.923143575991601,6.512165069580078
1747537223.501552,-1.1327269607678274,-5.871504975231687,6.409406661987305
1747537223.517874,-1.1270683328975668,-5.817366962861868,6.249189376831055
1747537223.5411701,-1.1345323659152928,-5.747053274938851,6.953716278076172
1747537223.557826,-1.148378646226123,-5.679229043122329,7.395267486572266
1747537223.5792892,-1.1691791207538533,-5.605630041176107,6.777524948120117
1747537223.5984616,-1.1883479733913396,-5.533722397373938,6.572484970092773
1747537223.6153598,-1.2082524957275844,-5.479672814485766,5.627155303955078
1747537223.6390457,-1.232569587488968,-5.4134778910638,5.814075469970703
1747537223.657879,-1.2438946414470213,-5.373002350609726,5.852222442626953
1747537223.6787891,-1.2420249797144616,-5.320324664336904,6.267309188842773
1747537223.6981418,-1.2500674891596033,-5.261857421940511,6.370306015014648
1747537223.7200067,-1.2661718685835313,-5.1962035382449745,7.818698883056641
1747537223.7431147,-1.2823509844594425,-5.147410626115573,5.860805511474609
1747537223.7692115,-1.2949607912085457,-5.082567146299677,7.546186447143555
1747537223.7870045,-1.3121779368090372,-5.018897200825391,5.184173583984375
1747537223.8031008,-1.31909799409837,-4.97213760079164,4.96363639831543
1747537223.8216052,-1.3319164068304359,-4.902997447755316,7.249355316162109
1747537223.8453827,-1.3446701721028678,-4.840771118220218,5.95402717590332
1747537223.8629107,-1.375309380640334,-4.789271805476998,4.945039749145508
1747537223.8797958,-1.3920714988085343,-4.747433557971737,5.94782829284668
1747537223.8960621,-1.4083277569747792,-4.7111889951189845,5.432605743408203
1747537223.913616,-1.411614495310149,-4.6937774851643645,5.965232849121094
1747537223.9376724,-1.4152306161660928,-4.638406355179233,9.437799453735352
1747537223.952707,-1.4244552643340231,-4.580168640890242,5.257368087768555
1747537223.9786813,-1.4353540931619255,-4.52224001601735,6.646156311035156
1747537223.9983788,-1.4623277844565299,-4.482007574059095,4.890918731689453
1747537224.0175552,-1.4907718426368806,-4.429226570972224,5.804538726806641
1747537224.0347528,-1.498871706183494,-4.399725277348508,7.285594940185547
1747537224.0573835,-1.5154674991338115,-4.321823362829963,5.549192428588867
1747537224.0789018,-1.5229558809003594,-4.262246808558642,7.039546966552734
1747537224.0982442,-1.530048674723325,-4.209051054782117,6.112575531005859
1747537224.1185358,-1.5457291656405292,-4.155477262037385,5.252838134765625
1747537224.1388514,-1.5550358227835885,-4.113000767562668,5.644083023071289
1747537224.1563284,-1.5647644225478656,-4.0673447763989214,5.496978759765625
1747537224.1761265,-1.5663842534828247,-4.028502842108095,7.663965225219727
1747537224.195031,-1.5877467505742078,-3.988447375309028,5.016088485717773
1747537224.2212877,-1.602838986645808,-3.941741293451995,7.367372512817383
1747537224.2399726,-1.6118731865187916,-3.916853117390775,6.688594818115234
1747537224.2563524,-1.6308846314441525,-3.8462216399646048,4.991054534912109
1747537224.276148,-1.6397602502926147,-3.7864527132780403,7.393598556518555
1747537224.2922547,-1.6462774402789937,-3.738819226228413,5.063533782958984
1747537224.3123295,-1.6514936331802217,-3.6911073202953033,5.457162857055664
1747537224.3332846,-1.6500970155621348,-3.651657864787028,5.92041015625
1747537224.3577614,-1.6847203914537854,-3.5989504717351672,7.363080978393555
1747537224.3758814,-1.6954974237802312,-3.5523420930442944,6.448507308959961
1747537224.3941765,-1.7022411018454007,-3.511632664840944,5.966663360595703
1747537224.4140763,-1.6939229010789039,-3.4434761762931334,5.829572677612305
1747537224.438992,-1.7017438359307049,-3.3734356731133337,5.249977111816406
1747537224.456654,-1.705665799928941,-3.3406869092434417,6.119012832641602
1747537224.4857688,-1.711007246451719,-3.262173163935211,6.972551345825195
1747537224.5094273,-1.7069711521349415,-3.1897443974920363,7.322072982788086
1747537224.533716,-1.712038882708982,-3.1320497764991604,6.130218505859375
1747537224.5560796,-1.7080683790820717,-3.081015949809128,5.512237548828125
1747537224.5779624,-1.7082111744241464,-3.031654236344479,6.726980209350586
1747537224.5922277,-1.7067400132007244,-2.9893311573930466,5.074739456176758
1747537224.60927,-1.7070263712635891,-2.9507619676959123,7.030725479125977
1747537224.6300917,-1.6792683236968216,-2.902406613124212,7.65228271484375
1747537224.645647,-1.6687690792739356,-2.860509029237754,5.214452743530273
1747537224.6638794,-1.669165610806489,-2.8265680381048117,7.453680038452148
1747537224.6868062,-1.6530139941665343,-2.775611204232938,7.007122039794922
1747537224.7042332,-1.6528351955579317,-2.732157956055815,5.11622428894043
1747537224.722065,-1.6569294955127385,-2.6877746129747315,6.41322135925293
1747537224.7437751,-1.6654081464920976,-2.632250035980655,5.067348480224609
1747537224.762678,-1.6693499722723626,-2.581536240747803,8.188486099243164
1747537224.7814343,-1.670051475161546,-2.5455867079720846,7.524728775024414
1747537224.8000581,-1.6715373923408285,-2.508800474861501,5.141258239746094
1747537224.8214612,-1.6461187205400647,-2.4605341076378204,9.020090103149414
1747537224.8438802,-1.6356943133958346,-2.4273468937837643,5.145072937011719
1747537224.8589034,-1.6296737282201672,-2.36987067444601,4.945516586303711
1747537224.8778195,-1.635523339905338,-2.3153913207917514,6.188869476318359
1747537224.8983846,-1.645470295528801,-2.265644048354704,5.222082138061523
1747537224.914976,-1.6482954128406486,-2.2301339342527178,5.449533462524414
1747537224.9405363,-1.6356887193277878,-2.1612772591778016,9.848356246948242
1747537224.9629314,-1.626525496515709,-2.1094974079806263,7.435798645019531
1747537224.9859195,-1.620244352812682,-2.0692748221666273,5.745172500610352
1747537225.0041013,-1.628377263593914,-1.9944666398539614,5.11479377746582
1747537225.0274444,-1.632973684084222,-1.9224453069474672,5.540132522583008
1747537225.0515873,-1.6322754806387119,-1.8695401505179796,5.829334259033203
1747537225.072373,-1.6324800709169651,-1.8140544197955992,5.137920379638672
1747537225.0939565,-1.6329970582851934,-1.7637623439553982,5.801677703857422
1747537225.11043,-1.6272685471577562,-1.7083997320702338,5.91588020324707
1747537225.1314378,-1.6235263069581731,-1.6738314450721288,7.291316986083984
1747537225.1540942,-1.603247024895313,-1.5585257966752024,6.26063346862793
1747537225.174966,-1.5903965890315743,-1.5183393520750634,6.6738128662109375
1747537225.2072184,-1.5787431211943859,-1.43770268109829,6.585121154785156
1747537225.2395172,-1.5636241190401698,-1.3696665596931414,17.395973205566406
1747537225.2750928,-1.5421074091126572,-1.2576399829919143,12.019157409667969
1747537225.3097768,-1.510128576406233,-1.1866505590698937,7.614612579345703
1747537225.3771899,-1.4288607929981598,-0.9444023766735858,11.075019836425781
1747537225.3986158,-1.4029880753379493,-0.9232870301492893,6.341218948364258
1747537225.416541,-1.360780724716803,-0.8651532160345038,5.677461624145508
1747537225.4397504,-1.3076182353187409,-0.7909402778430418,5.837678909301758
1747537225.4627085,-1.257722232060425,-0.7501482805770081,6.457805633544922
1747537225.4842978,-1.2185612039688476,-0.7136784983666686,5.897283554077148
1747537225.50577,-1.1884828615054925,-0.6841217874969513,6.783962249755859
1747537225.5228503,-1.1558483194731106,-0.6506182326728595,5.570888519287109
1747537225.5420089,-1.1191873558120102,-0.6209597660598617,6.670236587524414
1747537225.56118,-1.083559550159198,-0.5952757021256367,6.4716339111328125
1747537225.5785017,-1.060019025738662,-0.5764290915148786,6.146669387817383
1747537225.5994353,-0.9960418049467635,-0.5408379966203595,6.92439079284668
1747537225.6199512,-0.9658824569503521,-0.5302844409415414,5.972623825073242
1747537225.638603,-0.9350611687411149,-0.5184959344216079,6.949901580810547
1747537225.6662235,-0.8739417483595034,-0.49509681466240474,6.723165512084961
1747537225.6859243,-0.8177071499454359,-0.4557639088557423,7.536411285400391
1747537225.7060976,-0.8039730832829404,-0.4125652373459328,6.8721771240234375
1747537225.725305,-0.7034893546141517,-0.40556904011969386,6.214618682861328
1747537225.7456248,-0.6265400423266329,-0.3849716738865853,9.41014289855957
1747537225.7640047,-0.5981982961512862,-0.37298828981405674,5.702972412109375
1747537225.7818406,-0.5449846288587866,-0.35396485427672664,6.126880645751953
1747537225.7989674,-0.5009061213057444,-0.33462567917995956,5.285501480102539
1747537225.815948,-0.44796240721090685,-0.31346237762288653,5.384922027587891
1747537225.8340325,-0.39898310666854575,-0.2976888344646031,6.6070556640625
1747537225.8592765,-0.358171172914006,-0.2875921230941821,10.902166366577148
1747537225.8786235,-0.3282152638725576,-0.24934749561506073,6.194353103637695
1747537225.896154,-0.2888780967750564,-0.21265976610192264,6.081819534301758
1747537225.9137638,-0.25081825556816484,-0.18690960281621163,5.453348159790039
1747537225.9321887,-0.16926389435810382,-0.16061018495726562,5.344152450561523
1747537225.9579048,-0.10590488905675634,-0.1308105606760913,5.593776702880859
1747537225.975748,-0.08946549802203563,-0.12229656913787866,5.560636520385742
1747537225.9919646,-0.03579097975725221,-0.10906656566965024,5.069971084594727
1747537226.0184398,0.05121112994933363,-0.08838495355999054,5.166769027709961
1747537226.0377772,0.12569866825411657,-0.06951058807730988,5.845308303833008
1747537226.0601437,0.11191274523229439,-0.06172516501655571,5.1422119140625
1747537226.0785902,0.1298631856538309,-0.050643568190613795,5.241870880126953
1747537226.0937033,0.1307550593564133,-0.044784914013094965,5.72514533996582
1747537226.1187544,0.16282478333081243,-0.035531986282732485,6.4373016357421875
1747537226.1376734,0.17701449490311733,-0.026658678384843447,5.848169326782227
1747537226.1614687,0.22091915184920263,0.018838355637150788,7.555484771728516
1747537226.175767,0.29646885463566325,0.05116875377986882,4.954099655151367
1747537226.1960027,0.3587124971355252,0.07889091869894899,5.284309387207031
1747537226.2174702,0.34819001240397734,0.10548381049860311,6.8988800048828125
1747537226.2375944,0.3478268466048939,0.12522767284405623,7.876157760620117
1747537226.2639632,0.3778029951067679,0.13945512839770588,5.141258239746094
1747537226.281283,0.3853982357815248,0.15548153615198237,5.639314651489258
1747537226.3039186,0.41760390126311175,0.17243332864707156,7.365942001342773
1747537226.325141,0.4589078690864312,0.18587093560581458,9.94873046875
1747537226.3428984,0.5015593233203118,0.19972772234116135,5.1708221435546875
1747537226.3642209,0.5565245264981306,0.23241913423830923,5.791187286376953
1747537226.3862052,0.5886009289465892,0.2555646711946426,5.682945251464844
1747537226.403898,0.6195219777366318,0.2710686476163046,5.111932754516602
1747537226.4212797,0.6530189380827133,0.29267062144597794,6.887912750244141
1747537226.4373164,0.7125908075314964,0.31318466781628646,5.876779556274414
1747537226.4617772,0.7961899520904263,0.33347537312851566,7.312536239624023
1747537226.4817069,0.8742135514481427,0.34669132138050845,5.606174468994141
1747537226.4985988,0.9352228378001523,0.3627319871108722,4.854917526245117
1747537226.5148242,0.9918290050575724,0.3730301367237146,4.846096038818359
1747537226.5418544,1.0561313954814144,0.38496636817199437,6.188154220581055
1747537226.5585892,1.1239433636013993,0.3810445448293373,4.905939102172852
1747537226.5817935,1.2247842412045469,0.37750530388015374,9.528875350952148
1747537226.605345,1.2833440883755218,0.3734955708269232,7.811546325683594
1747537226.6219683,1.349199360951279,0.3667248035508947,5.490541458129883
1747537226.64321,1.4493855274739993,0.3610598329024937,6.190299987792969
1747537226.7054317,1.594705393498483,0.32101824913730603,12.539863586425781
1747537226.7819586,1.753649013473178,0.24764401107673278,12.700080871582031
1747537226.817307,1.8602532929494853,0.1783488329721116,5.440950393676758
1747537226.8386133,1.966149899694087,0.12604714631162042,5.449771881103516
1747537226.8581078,2.023883721798715,0.09478754396910163,5.6781768798828125
1747537226.8808465,2.086142677076839,0.06104809785959209,7.415294647216797
1747537226.9026842,2.136027106286077,0.04350490249476786,8.566141128540039
1747537226.9226913,2.179570078642133,0.021785661332718115,7.107973098754883
1747537226.9425483,2.2500430110436866,-0.0297338179350547,8.320808410644531
1747537226.961538,2.2962120386198146,-0.061038564648833,7.456541061401367
1747537226.983434,2.3407616051722795,-0.09034356130822757,5.123376846313477
1747537227.0077775,2.3742488266707906,-0.11000505915260796,7.867574691772461
1747537227.034829,2.4702946836912822,-0.16551435386285457,9.078741073608398
1747537227.0577245,2.5562923655205987,-0.22404091728627012,6.906986236572266
1747537227.0780475,2.6000264151221617,-0.26373410920531365,7.360219955444336
1747537227.1018813,2.6397535373584584,-0.2938026284009629,7.289886474609375
1747537227.1213624,2.6668308414902984,-0.3140578881427833,6.976604461669922
1747537227.1392806,2.7235184232965493,-0.34896262222849517,5.368471145629883
1747537227.158529,2.7631209348144816,-0.3742485613509567,7.011890411376953
1747537227.1790423,2.8152163876613088,-0.40288038223039807,6.879329681396484
1747537227.2042172,2.8572202477170094,-0.45648510953290866,9.449243545532227
1747537227.22053,2.8957641336865225,-0.4994185167705988,5.562305450439453
1747537227.2380683,2.920074387861929,-0.5328950798405017,8.481979370117188
1747537227.2594607,2.944714823146944,-0.5652689195856159,7.5817108154296875
1747537227.2786765,2.998161018192196,-0.6024714754596014,6.170034408569336
1747537227.3003018,3.0496804795706276,-0.6456107021407071,7.112979888916016
1747537227.3212194,3.0722706320580424,-0.6726616130171208,6.156206130981445
1747537227.3423593,3.1211456353246243,-0.7283266588603403,9.405851364135742
1747537227.3645425,3.1519892024768414,-0.7737928749632013,6.464242935180664
1747537227.388965,3.182392802602943,-0.8184445512167049,10.569334030151367
1747537227.4161615,3.2402131203421995,-0.8923369455008067,5.36036491394043
1747537227.4413922,3.2607464899310616,-0.9315003829080434,12.545585632324219
1747537227.4715936,3.314856541927855,-0.9980328796200705,7.266759872436523
1747537227.5035975,3.35785313724244,-1.0819041358590047,6.149768829345703
1747537227.523798,3.40419792072895,-1.1209441660181614,5.217552185058594
1747537227.5585237,3.4321455407313888,-1.1813141889137397,6.931781768798828
1747537227.5792394,3.44112140043028,-1.2230734561817547,5.710840225219727
1747537227.5986848,3.436932542858629,-1.2443455363269087,5.2127838134765625
1747537227.6177168,3.429153752667694,-1.2739311084683076,6.803750991821289
1747537227.6382186,3.4611143852913524,-1.335957546041762,5.854368209838867
1747537227.6748207,3.4810638866065062,-1.3952425284533383,6.543397903442383
1747537227.691782,3.513550553311429,-1.4566173714515411,5.035161972045898
1747537227.7107394,3.522499323706584,-1.5301128737240997,5.086183547973633
1747537227.7276895,3.5157903379703956,-1.589218091448211,4.958868026733398
1747537227.7457,3.5114528610072173,-1.6390831816283105,6.40416145324707
1747537227.7680967,3.4484502119708993,-1.689213983433547,6.966590881347656
1747537227.7866452,3.402330295644348,-1.7029766103507955,6.970405578613281
1747537227.811779,3.413556107890374,-1.726882128403364,6.537437438964844
1747537227.8308697,3.366297879774239,-1.7827752498457616,6.582498550415039
1747537227.8546698,3.3379958443214304,-1.820012553913759,6.738424301147461
1747537227.8770645,3.3134302898140526,-1.8569365108383014,7.268190383911133
1747537227.9000428,3.264662105508023,-1.9647006263457838,7.275819778442383
1747537227.919352,3.23963670730683,-2.0126033151252365,4.66465950012207
1747537227.9427197,3.2276601531200653,-2.033222502482282,8.126497268676758
1747537227.9661298,3.160494440435509,-2.104524991395974,6.774663925170898
1747537227.9859118,3.1064521935878036,-2.15392999501658,7.156848907470703
1747537228.015252,3.0821188879173764,-2.1799935146349547,6.837368011474609
1747537228.0378711,3.0195937898946426,-2.2109696662454645,6.561279296875
1747537228.0549562,2.9672491639388103,-2.2416349398805835,5.084753036499023
1747537228.0725522,2.9299061369709984,-2.269184536561355,6.4525604248046875
1747537228.1006868,2.81806144040828,-2.3212137548719896,6.485223770141602
1747537228.1230998,2.759976472318826,-2.346526537007214,5.154132843017578
1747537228.145003,2.6897014660238967,-2.3657618797403224,5.620718002319336
1747537228.165913,2.63376747450289,-2.380627663286559,7.546901702880859
1747537228.1883364,2.5826717469105946,-2.409616728538942,7.404804229736328
1747537228.209061,2.5382158631509677,-2.4460940948928678,6.997585296630859
1747537228.2308187,2.4413386717221344,-2.5183231678443256,4.922628402709961
1747537228.2494836,2.3976495587012288,-2.5524079542488862,5.409955978393555
1747537228.275895,2.378476637280717,-2.5768330958292553,6.731510162353516
1747537228.293959,2.3368728066852165,-2.61715954076061,6.389856338500977
1747537228.3587425,2.2468906498004912,-2.7188068439134794,22.055387496948242
1747537228.4627182,2.101220539721514,-2.9847613572881566,6.262063980102539
1747537228.4801288,2.0876035779156212,-2.9826466941809007,5.516529083251953
1747537228.5024204,2.0756901046176015,-3.0198434464087276,6.760120391845703
1747537228.5175774,2.0750552458907925,-3.0376428603454606,5.659580230712891
1747537228.5468485,2.0475818977138194,-3.082005066874505,6.558418273925781
1747537228.5632033,2.038542383826221,-3.094275675119877,5.120754241943359
1747537228.5821695,2.029985828140572,-3.1305625859855293,7.132530212402344
1747537228.5980709,2.025239864270039,-3.174506812635844,5.645036697387695
1747537228.614235,2.0423957636520518,-3.2076893909108883,5.148172378540039
1747537228.638683,2.0469862964329186,-3.251120710610522,6.187200546264648
1747537228.6544836,2.0495884012826804,-3.2854768607007583,5.3386688232421875
1747537228.6826913,2.059173970412249,-3.340183450989593,6.80851936340332
1747537228.7019863,2.0677994778032462,-3.3710133678738705,5.9070587158203125
1747537228.7196336,2.072402739740204,-3.4071453455726037,5.060672760009766
1747537228.7412505,2.077431878422442,-3.4516875084031433,6.434440612792969
1747537228.7579973,2.095544010825598,-3.5039892969566653,5.530118942260742
1747537228.7744534,2.1081911939571563,-3.546151490416815,5.451202392578125
1747537228.7941558,2.1208386130498473,-3.5833770861948695,6.86955451965332
1747537228.8186185,2.1274894364016967,-3.6373386819764217,6.3152313232421875
1747537228.8456388,2.1318880928356108,-3.6641516214474277,6.018161773681641
1747537228.8775191,2.1646722539861343,-3.7345512760113575,6.353616714477539
1747537228.9035144,2.2376859879509152,-3.837094231200105,5.729436874389648
1747537228.9304442,2.3051028927276236,-3.8974042138844163,7.60197639465332
1747537228.9587677,2.357987228088988,-3.9509755446372035,9.552001953125
1747537228.9799945,2.455699826460551,-4.007948547714826,6.377696990966797
1747537229.00551,2.5169176174410612,-4.068895562407041,6.625175476074219
1747537229.0294924,2.565338917563371,-4.106883800351907,5.942821502685547
1747537229.0502913,2.618850235546951,-4.1381972972142425,6.348133087158203
1747537229.0696719,2.7013814897171615,-4.154457028138615,5.497932434082031
1747537229.1013362,2.8904920152798157,-4.166363576374093,7.0648193359375
1747537229.1222064,2.9520329062358113,-4.188939960689811,5.054473876953125
1747537229.1414979,3.008182198327561,-4.224459674624904,6.898641586303711
1747537229.1582558,3.0598014705911987,-4.253235228969003,4.983425140380859
1747537229.1781633,3.1394965948893794,-4.280082286863093,8.538484573364258
1747537229.1994843,3.223496513559578,-4.2695235666258124,6.21795654296875
1747537229.2229705,3.295122985637542,-4.269606618174799,7.541656494140625
1747537229.2436967,3.3902651545457445,-4.306993460412347,6.318092346191406
1747537229.273905,3.521566507153007,-4.333474478281858,9.848356246948242
1747537229.291724,3.6103783659895203,-4.340896269873765,4.958152770996094
1747537229.315195,3.6537665944005897,-4.355975083011466,7.122516632080078
1747537229.331598,3.7464539782436335,-4.370189116200341,4.592657089233398
1747537229.3576994,3.814899189447037,-4.388884168189343,11.137962341308594
1747537229.3770635,3.877704747904695,-4.4163246478134,6.548643112182617
1747537229.3977268,3.956327298178597,-4.43270997774946,5.771398544311523
1747537229.4227283,4.006301902647682,-4.455153623084407,6.642818450927734
1747537229.442178,4.036518428558606,-4.476144967919313,8.624553680419922
1747537229.4583125,4.051331901595451,-4.491632117030801,5.061864852905273
1747537229.4784303,4.0559659425784,-4.507892506706115,4.749298095703125
1747537229.4990013,4.119950741251376,-4.5250730475197525,6.7310333251953125
1747537229.525911,4.162921519850914,-4.5473234836745515,4.798412322998047
1747537229.5474544,4.18173313971914,-4.565303077489422,4.811763763427734
1747537229.569738,4.270683840767622,-4.60106841333254,5.622625350952148
1747537229.5894856,4.315388716443245,-4.637920661264987,5.664825439453125
1747537229.6082382,4.326723390529571,-4.654459739568755,6.916046142578125
1747537229.6304924,4.401000732132544,-4.698682777444005,4.968166351318359
1747537229.649725,4.4294856950344785,-4.733627106930379,5.9814453125
1747537229.6721804,4.442182976831094,-4.7638364474964545,5.263328552246094
1747537229.6935935,4.5210297531648385,-4.8069632198674626,7.522106170654297
1747537229.7112944,4.568035900852887,-4.857306902471704,5.646944046020508
1747537229.733599,4.607486071355572,-4.930597900447099,6.050825119018555
1747537229.7525086,4.6426940795628955,-4.968810298248654,5.302190780639648
1747537229.7794542,4.665801323779025,-5.028246349788889,7.068157196044922
1747537229.8026164,4.678629821669772,-5.096835306287596,5.316972732543945
1747537229.8221192,4.724571785820566,-5.170775465495841,6.360054016113281
1747537229.8490899,4.7465578793853105,-5.229755830820773,5.999326705932617
1747537229.8714557,4.75231520573181,-5.269064331620701,10.311126708984375
1747537229.8865883,4.749890148958523,-5.329742407394586,5.371570587158203
1747537229.9058027,4.754180987914977,-5.388979530613287,6.319522857666016
1747537229.9300988,4.7477305443855675,-5.439229284344778,7.205963134765625
1747537229.9555142,4.746166574102816,-5.52526581030608,6.293773651123047
1747537230.0675335,4.7416149886933425,-5.743251100210181,5.864858627319336
1747537230.1027277,4.7206772709915805,-5.79228581843075,6.293296813964844
1747537230.1232336,4.6848671448126264,-5.789780291234529,5.735635757446289
1747537230.1469073,4.633844024280872,-5.7903304668759406,8.179426193237305
1747537230.1694105,4.5933698027518615,-5.808892672163137,8.067131042480469
1747537230.1897979,4.564947716977839,-5.835910789489566,6.578207015991211
1747537230.2088299,4.549897523841719,-5.848450695650493,6.262540817260742
1747537230.2307277,4.535193464847577,-5.864223335067396,5.536794662475586
1747537230.2507522,4.525895044824214,-5.8750331719264866,6.517171859741211
1747537230.283205,4.510575564277971,-5.9446638971777315,5.666494369506836
1747537230.302724,4.531485437917174,-5.937687580620339,5.682468414306641
1747537230.3227236,4.5537006584755675,-5.935329587526401,5.744457244873047
1747537230.3462057,4.565947841284457,-5.949133823579063,11.619091033935547
1747537230.3636465,4.571143060433445,-5.966932359827523,5.628347396850586
1747537230.3834019,4.566002744124343,-5.978534644708403,5.713462829589844
1747537230.4115639,4.570634029461449,-5.983015958560507,6.729602813720703
1747537230.4283626,4.571527132609176,-5.9874563388294115,5.780935287475586
1747537230.4583848,4.572374082039866,-5.994997121238892,7.063865661621094
1747537230.4832032,4.571505056188033,-5.9964810124498635,8.444070816040039
1747537230.5041556,4.574954006103216,-5.991190149126631,6.628274917602539
1747537230.527775,4.57925086543377,-5.9946700264715025,9.299755096435547
1747537230.552054,4.5791228674463245,-5.995779483309462,9.186267852783203
1747537230.5821037,4.589925859085392,-5.998388356427605,10.940074920654297
1747537230.603431,4.591135887522256,-6.003282631670179,9.810924530029297
1747537230.6230228,4.592279423380063,-6.002187942098717,5.6304931640625
1747537230.6497087,4.604065281450553,-5.997318869190514,7.613420486450195
1747537230.6665163,4.609098628078194,-5.995199522467653,6.247043609619141
1747537230.6853275,4.6132421453668355,-5.993780764091513,7.542848587036133
1747537230.705822,4.594439501928547,-5.989888246332525,6.234407424926758
1747537230.7273543,4.5879059203213695,-5.985624805916749,7.138490676879883
1747537230.7472732,4.5882110648441845,-5.981935932698256,5.787372589111328
1747537230.7652733,4.587928648073897,-5.977868137502972,6.150245666503906
1747537230.7868602,4.593365827131828,-5.969175819012708,7.222175598144531
1747537230.8036165,4.599397184010478,-5.9617724226488935,5.748510360717773
1747537230.8224423,4.603334798026865,-5.951301425505272,6.260871887207031
1747537230.850491,4.584151418693412,-5.932545236281035,8.690834045410156
1747537230.8696675,4.580280166980886,-5.9132292277333,6.2694549560546875
1747537230.8914285,4.583670537349782,-5.895439580771767,9.559392929077148
1747537230.9116287,4.581854694238584,-5.877944465578741,5.66864013671875
1747537230.9324992,4.583546246016795,-5.854918779430375,5.707502365112305
1747537230.967109,4.5902774727269335,-5.805770182717733,12.140035629272461
1747537231.0172985,4.58210832498245,-5.759715650508671,15.83552360534668
1747537231.057148,4.56394851161011,-5.696090712724796,11.431217193603516
1747537231.0947554,4.552095039935593,-5.668162475703487,13.45205307006836
1747537231.146748,4.550378194579145,-5.612846385095191,10.269641876220703
1747537231.1699488,4.537255758657255,-5.5987832077526,6.571054458618164
1747537231.1866624,4.548333950048797,-5.573059895519801,5.91278076171875
1747537231.2050643,4.554600325751013,-5.557493927085319,6.351232528686523
1747537231.2250311,4.562600183239287,-5.545559240642357,7.548332214355469
1747537231.2565112,4.564329610994601,-5.522286644849997,9.58871841430664
1747537231.2764592,4.56296876968854,-5.5068528834516055,7.329702377319336
1747537231.2973564,4.567627117476822,-5.471745458125506,6.220579147338867
1747537231.3338587,4.571214428818662,-5.454265499280674,11.156558990478516
1747537231.3773222,4.590192229471698,-5.437678935271985,11.032342910766602
1747537231.4165025,4.590810535093373,-5.441002879016259,18.25237274169922
1747537231.4504147,4.597717899760273,-5.431884220817617,15.500307083129883
1747537231.4683473,4.601337100830931,-5.42726124365439,7.129192352294922
1747537231.4895692,4.609671264015362,-5.412169235070289,6.514310836791992
1747537231.522911,4.614558010452072,-5.407539555848732,14.392614364624023
1747537231.5505013,4.616936096378702,-5.402852020818018,7.188081741333008
1747537231.573035,4.621782583967976,-5.395082284637854,6.893157958984375
1747537231.5931165,4.622015766151043,-5.386836010671674,6.217002868652344
1747537231.6113472,4.622239581408937,-5.376219605850181,6.078958511352539
1747537231.6335466,4.625021856375608,-5.38087806033145,6.519556045532227
1747537231.6546474,4.6245576415721565,-5.380194450131913,7.043600082397461
1747537231.6775527,4.625042395479656,-5.3831408425636225,10.097503662109375
1747537231.6994514,4.614211591241077,-5.389498781689394,5.6285858154296875
1747537231.7220337,4.609383788885181,-5.398354909840851,5.712985992431641
1747537231.7405405,4.609428051155531,-5.4041549398689455,7.358789443969727
1747537231.7745056,4.604156461845429,-5.409398588299184,14.776945114135742
1747537231.7921147,4.584550342053301,-5.41273131698689,5.629539489746094
1747537231.8106203,4.573855128357252,-5.412142784042003,6.986379623413086
1747537231.833727,4.561598384597907,-5.418212849517457,7.246494293212891
1747537231.8575385,4.520389428428222,-5.453811274494679,8.152484893798828
1747537231.8777318,4.507334386485703,-5.4683630382229795,6.7615509033203125
1747537231.8996515,4.496506479527675,-5.48449478099377,7.47990608215332
1747537231.9409938,4.463515750474093,-5.490357587764831,7.709741592407227
1747537231.9601355,4.427562930591527,-5.513577921837821,6.961584091186523
1747537231.9820962,4.4075788327779675,-5.534566450472621,6.272792816162109
1747537232.0059288,4.389287274387804,-5.554457302455226,8.128881454467773
1747537232.0232697,4.369948578200904,-5.57714475477286,5.928754806518555
1747537232.0437758,4.332861054923146,-5.596402877306921,6.396293640136719
1747537232.0640018,4.311094423424998,-5.609935839063294,5.944728851318359
1747537232.0902474,4.27655834522854,-5.632691607204252,7.079124450683594
1747537232.109184,4.230562896379031,-5.648764513326624,6.192207336425781
1747537232.1285677,4.194444822391636,-5.661428219492971,5.694150924682617
1747537232.146184,4.169621751399283,-5.672517600455942,6.35218620300293
1747537232.165772,4.159643371662287,-5.681566164999946,6.385087966918945
1747537232.2165117,4.080335298240539,-5.727056715613351,14.39046859741211
1747537232.2737296,3.9780679052929933,-5.775482473173432,9.865760803222656
1747537232.310626,3.881357921697137,-5.826386046950807,10.19740104675293
1747537232.3427994,3.8215728614917905,-5.864943682134088,8.322954177856445
1747537232.3632898,3.7963608509162117,-5.888359965619032,5.693197250366211
1747537232.3856893,3.7236630213289765,-5.916441351787393,7.771968841552734
1747537232.4063156,3.6645117119786232,-5.937248345927288,6.089925765991211
1747537232.4252722,3.6293282076730575,-5.951049994034871,6.045818328857422
1747537232.445271,3.6039273758872534,-5.9649576390144805,6.885528564453125
1747537232.462434,3.5751965552561025,-5.9845121393335114,6.072998046875
1747537232.4939356,3.5579096634419063,-5.991310086262991,8.903741836547852
1747537232.5178077,3.4713957048290753,-6.0357724145946605,5.996942520141602
1747537232.5340576,3.4346435479039616,-6.0540002297525115,5.894184112548828
1747537232.555934,3.397146431605662,-6.076175768311779,5.223751068115234
1747537232.574788,3.3668182892015874,-6.105635964987078,6.811380386352539
1747537232.5947602,3.349433477690362,-6.129755410763494,5.170345306396484
1747537232.6172984,3.3221804965114083,-6.151282367687293,8.633613586425781
1747537232.6378574,3.258932789350472,-6.189956449341867,5.4683685302734375
1747537232.657916,3.20615212309674,-6.217255430633119,7.76982307434082
1747537232.6770947,3.1590186172452,-6.239432070656153,7.322549819946289
1747537232.6944373,3.120634037546226,-6.259136494858986,5.611658096313477
1747537232.717794,3.051923881275686,-6.276987532632407,5.929708480834961
1747537232.7351038,2.9994317166272966,-6.292548953223614,5.609750747680664
1747537232.7558143,2.957780474200218,-6.306142765399008,7.419586181640625
1747537232.7744682,2.908319212377786,-6.324076083471115,4.976987838745117
1747537232.7944705,2.8523822949716577,-6.334627171395696,5.347251892089844
1747537232.8136504,2.8056556709824974,-6.342676943498234,5.724668502807617
1747537232.840243,2.736821989093818,-6.3531563640249935,5.297660827636719
1747537232.8624735,2.6885492086488303,-6.352881765534975,8.152246475219727
1747537232.8818471,2.646984877119546,-6.356132476999516,7.102727890014648
1747537232.9023573,2.534795896913433,-6.339870214662666,8.118629455566406
1747537232.9226856,2.4758272131768466,-6.335301254928304,4.85992431640625
1747537232.9422126,2.4300779419944623,-6.334768637432069,7.74073600769043
1747537232.9618046,2.3654691938977006,-6.327683529370563,5.6705474853515625
1747537232.9857957,2.3175646451477383,-6.32729900718041,6.453752517700195
1747537233.0099301,2.2613240380688047,-6.328862285489979,7.868766784667969
1747537233.0304315,2.207098638283411,-6.334031277639326,6.278514862060547
1747537233.0491302,2.1450673093900376,-6.339413675719062,5.850553512573242
1747537233.0704134,2.095068452347334,-6.345654714415013,7.79414176940918
1747537233.087844,2.0598944972064714,-6.349776815558716,4.813194274902344
1747537233.1055624,2.004339226578689,-6.3584974211849525,5.345821380615234
1747537233.1252306,1.9461102885706552,-6.363478321389674,5.419731140136719
1747537233.1417487,1.9224301727222155,-6.367187088537498,5.806207656860352
1747537233.1598198,1.864489800652113,-6.370072169905309,7.311582565307617
1747537233.1769333,1.8151310997695083,-6.3724595008942115,6.529331207275391
1747537233.2012978,1.771397535692623,-6.373442001519658,10.863780975341797
1747537233.2199113,1.7339980368668162,-6.375260357021869,4.886627197265625
1747537233.2373703,1.6828353420818243,-6.3897141171687455,5.43212890625
1747537233.254578,1.6314505944983428,-6.400617313853412,6.972312927246094
1747537233.273734,1.5868883177038737,-6.408985609810299,5.866765975952148
1747537233.2977073,1.5185426287478605,-6.407570912434704,5.451202392578125
1747537233.3183756,1.481812468739066,-6.409178064331191,5.309820175170898
1747537233.3420084,1.4247997851523928,-6.411634753575224,8.888959884643555
1747537233.366632,1.375880855741173,-6.42089581977003,6.268978118896484
1747537233.5338352,0.9235018101990389,-6.468064488695142,5.759716033935547
1747537233.5535722,0.8636904803095028,-6.480842588782825,5.573511123657227
1747537233.5733516,0.8057821226937094,-6.489698984230236,5.560159683227539
1747537233.592456,0.7543479792169645,-6.496938070116944,5.200862884521484
1747537233.6143267,0.716967058131665,-6.5000042287275335,7.219791412353516
1747537233.6324217,0.662358109586926,-6.517411470293196,5.2509307861328125
1747537233.6521997,0.5855399918072196,-6.52933625121443,5.142450332641602
1747537233.672914,0.5214255157470989,-6.538067711500085,5.541563034057617
1747537233.6984022,0.4608966065172633,-6.548406768089992,5.357265472412109
1747537233.722004,0.43021104159578094,-6.55444527908114,6.388425827026367
1747537233.7382476,0.3902011987715109,-6.560589378618143,5.779504776000977
1747537233.7578866,0.3500518913231579,-6.576410216142855,6.829738616943359
1747537233.7736163,0.316791595210463,-6.580007852250643,5.722761154174805
1747537233.7932615,0.2091119581654437,-6.593106924701042,6.000280380249023
1747537233.8181858,0.10469322223042062,-6.6057450700512685,7.067441940307617
1747537233.8337502,0.0522274614645429,-6.61049892635108,6.509065628051758
1747537233.8550508,0.0070411090347176795,-6.616529457283562,5.5255889892578125
1747537233.8825643,-0.04555187188888735,-6.619807626614949,5.774497985839844
1747537233.900039,-0.08411863784350482,-6.621555404940686,5.55109977722168
1747537233.9278975,-0.143346616809476,-6.628810123017087,16.852378845214844
1747537234.0023446,-0.33065081627314447,-6.646499398676952,10.47515869140625
1747537234.0224233,-0.4105848680183132,-6.652572372508863,6.300449371337891
1747537234.0433264,-0.4398950958076865,-6.674651964552826,7.684946060180664
1747537234.0760384,-0.5494509369474866,-6.686328836052882,7.8296661376953125
1747537234.0961866,-0.6115446491480651,-6.69193672759967,7.261991500854492
1747537234.1360924,-0.641178414725293,-6.699132432280517,9.282112121582031
1747537234.1838555,-0.7358622871749277,-6.691044520861619,10.466575622558594
1747537234.210717,-0.7383778194553837,-6.687284613273289,6.506204605102539
1747537234.2288892,-0.7544394923127995,-6.684927360527354,7.136821746826172
1747537234.2502213,-0.7741965675752838,-6.6863660265286144,7.340908050537109
1747537234.2737763,-0.7869062697905159,-6.678167651236753,10.291576385498047
1747537234.2921062,-0.8286828685311076,-6.682436269440144,5.704164505004883
1747537234.3112206,-0.8509160749612759,-6.665900142988846,5.72967529296875
1747537234.330755,-0.8792120171562212,-6.658338442074843,6.308794021606445
1747537234.3479455,-0.9056451236269044,-6.650541477146746,5.482196807861328
1747537234.365401,-0.9537283718391261,-6.639902783127773,6.238222122192383
1747537234.385923,-0.9432610246701436,-6.615688212796501,7.498741149902344
1747537234.407204,-0.9568292346757514,-6.591144328498957,5.713462829589844
1747537234.4257042,-0.9871675658847754,-6.562520838218739,6.494760513305664
1747537234.4442098,-0.9635257780242482,-6.530543294741631,6.767034530639648
1747537234.4653206,-0.9612387100353266,-6.506005663262846,7.467985153198242
1747537234.484742,-0.9710467843384226,-6.486203147667305,5.721569061279297
1747537234.502083,-0.9990908485524562,-6.453745582350857,5.399942398071289
1747537234.5209832,-1.0087296453458092,-6.431748876029929,5.712032318115234
1747537234.542464,-1.0279180965762924,-6.408548156500672,7.333993911743164
1747537234.5652003,-1.0498186603138961,-6.384505253088954,10.885238647460938
1747537234.587137,-1.0899332619431514,-6.347018913593495,5.898475646972656
1747537234.6103065,-1.1255145873182484,-6.299823448566165,6.821155548095703
1747537234.6267874,-1.142458718124381,-6.275338715876767,5.322694778442383
1747537234.6448731,-1.184945287512598,-6.245505975924573,5.604982376098633
1747537234.6628463,-1.2334651340538172,-6.200245474102409,5.7430267333984375
1747537234.6803713,-1.2577794260034962,-6.169105940045658,5.273342132568359
1747537234.7017837,-1.2908451961244205,-6.135217121710293,7.521390914916992
1747537234.722961,-1.319548802887082,-6.095113588166351,5.43665885925293
1747537234.742237,-1.3484944169669746,-6.052064983066524,6.03795051574707
1747537234.7590637,-1.3747795188078837,-6.012201234296627,5.5675506591796875
1747537234.7783256,-1.4144730625182003,-5.967417927667176,5.843162536621094
1747537234.804026,-1.4368142358170162,-5.933729831483387,5.9452056884765625
1747537234.8250885,-1.4449411712177742,-5.901034482445438,6.366491317749023
1747537234.8558407,-1.4983336118007802,-5.850681563912038,7.475614547729492
1747537234.8808942,-1.5391464435434297,-5.773866272758216,6.500482559204102
1747537234.9007638,-1.5659984152449642,-5.716569792610808,6.136417388916016
1747537234.920388,-1.5846887802408307,-5.658337754543734,7.939815521240234
1747537234.9432447,-1.5951567927236205,-5.60637760833705,6.765604019165039
1747537234.9681149,-1.6107129010532915,-5.5738824082080916,8.580446243286133
1747537234.9911706,-1.6212795113111755,-5.532495105316054,8.293390274047852
1747537235.0148535,-1.6298992531872096,-5.495206575798695,9.682178497314453
1747537235.0354278,-1.6450684311515134,-5.373688297941046,5.722761154174805
1747537235.0549562,-1.646461855368476,-5.30453331333906,6.884098052978516
1747537235.0869486,-1.6471593467390768,-5.237198753073678,7.276296615600586
1747537235.1110222,-1.660959107619427,-5.187496440778116,8.496522903442383
1747537235.1306558,-1.6688560660654053,-5.153315371567778,7.737636566162109
1747537235.1502485,-1.6754969240477033,-5.111965412343321,6.743669509887695
1747537235.1712806,-1.6607609350006851,-5.0520888395802785,7.065534591674805
1747537235.2124717,-1.6594294730213353,-4.994450514361469,29.105424880981445
1747537235.2629547,-1.6429445090849342,-4.82333136715884,14.808893203735352
1747537235.291435,-1.6216558539776376,-4.714406148614074,7.001399993896484
1747537235.3211462,-1.6197460150723355,-4.614578567262113,6.730794906616211
1747537235.360314,-1.6293435556110551,-4.567259779617185,15.628814697265625
1747537235.3949544,-1.6341182347022318,-4.462305808646574,9.346961975097656
1747537235.4362931,-1.614216284814182,-4.358246392639177,8.789539337158203
1747537235.475783,-1.6258276953938453,-4.207768453129503,7.453203201293945
1747537235.5045455,-1.6245640153129164,-4.155829581397879,5.98597526550293
1747537235.5338693,-1.6323001436132487,-4.0962556871760425,5.75709342956543
1747537235.5535197,-1.645832494397789,-4.010672050532945,6.083488464355469
1747537235.5746343,-1.65495647415805,-3.9732176353924458,6.810188293457031
1747537235.5976079,-1.634378937551992,-3.937397408420689,5.7621002197265625
1747537235.6207247,-1.6321801500860067,-3.897044922305442,6.846189498901367
1747537235.637194,-1.6322214630291025,-3.8603593001050998,5.122184753417969
1747537235.6533134,-1.6353231055934938,-3.805198841626395,5.138397216796875
1747537235.6730046,-1.6406550092327556,-3.7596847372418876,5.481958389282227
1747537235.6986825,-1.649352712493965,-3.7084454848654436,6.341695785522461
1747537235.8096864,-1.64443510357824,-3.498548855669257,14.76287841796875
1747537235.8749819,-1.6446183690107568,-3.2989006816420656,7.581472396850586
1747537235.894096,-1.6476786600172935,-3.24553405265426,5.210638046264648
1747537235.9135838,-1.6372221457708924,-3.180342684308102,6.036043167114258
1747537235.9311295,-1.6348476139212895,-3.1405898832197914,5.144596099853516
1747537235.9499788,-1.6371572491182727,-3.0981965108531577,4.890918731689453
1747537235.967896,-1.6446618895735912,-3.054635540828104,5.36346435546875
1747537235.9870837,-1.6364278565334986,-2.993127516189137,5.293130874633789
1747537236.0070434,-1.6399482516729562,-2.9500411760878986,6.793975830078125
1747537236.0290542,-1.6425181004318832,-2.90428181236194,6.780147552490234
1747537236.0501752,-1.6401436100763909,-2.84808219790692,7.858991622924805
1747537236.0696876,-1.6462508421238835,-2.8051903440986874,5.478858947753906
1747537236.0868008,-1.6429018229606387,-2.777007851465578,5.150556564331055
1747537236.1064973,-1.6517032183364277,-2.7162649619193426,5.072116851806641
1747537236.1275601,-1.659649724470668,-2.6681599709297092,7.920980453491211
1747537236.1508772,-1.6612865343909269,-2.6237988097142235,6.563663482666016
1747537236.1758745,-1.6821694017739135,-2.5609107425711515,5.322933197021484
1747537236.1936824,-1.6973097012066984,-2.505163688121912,5.91278076171875
1747537236.2122524,-1.6988493082452036,-2.455553738384241,5.773067474365234
1747537236.2337816,-1.7000434307258259,-2.4079814135682227,6.022930145263672
1747537236.2536685,-1.6889378841970348,-2.311082090998702,5.558967590332031
1747537236.2816968,-1.6813744824240495,-2.2481860904013162,9.535074234008789
1747537236.2996466,-1.6783249825229567,-2.2120679487631536,5.101680755615234
1747537236.3222783,-1.6984889287191671,-2.1578009501999813,5.237579345703125
1747537236.3418875,-1.7126552751986308,-2.113649271821294,5.774497985839844
1747537236.371146,-1.7317589768239328,-2.037763491917661,9.113788604736328
1747537236.3910756,-1.734231657782815,-1.9795610457847723,5.61070442199707
1747537236.409027,-1.7365175326412072,-1.946629169079665,5.890369415283203
1747537236.429683,-1.7361755514513817,-1.8985949533280952,8.524894714355469
1747537236.4790432,-1.7412341522599615,-1.793075392938409,14.539718627929688
1747537236.510279,-1.7755238086603609,-1.6691328728319441,8.909225463867188
1747537236.5286777,-1.7808727729347975,-1.6165728981351493,7.13658332824707
1747537236.5459716,-1.776614157727591,-1.565772310819742,5.169868469238281
1747537236.5679653,-1.7851947370413432,-1.5046696611826038,9.115934371948242
1747537236.586706,-1.7775495176318574,-1.4464292142633703,5.543708801269531
1747537236.6114013,-1.7677885482636693,-1.3864531323807947,5.420923233032227
1747537236.6356168,-1.743106429868623,-1.3182967213716,7.45701789855957
1747537236.6544757,-1.7228790607020583,-1.207774628342106,6.466150283813477
1747537236.6810489,-1.712856808059955,-1.1359746358126317,5.618572235107422
1747537236.6993353,-1.6998024901114248,-1.0905168935638543,5.455732345581055
1747537236.7204578,-1.6805403273982829,-1.0387162007358777,6.051540374755859
1747537236.7402954,-1.6567974695117609,-0.9863398069236491,5.812168121337891
1747537236.7584605,-1.6363025374829745,-0.9358343454944125,6.278514862060547
1747537236.7803268,-1.6078524155800755,-0.876790750553313,6.7005157470703125
1747537236.7986865,-1.587361055618511,-0.8224967781926268,6.70933723449707
1747537236.8185406,-1.5730208124963907,-0.7769219771883971,5.722761154174805
1747537236.8343527,-1.536506339059475,-0.7225830813547377,5.941152572631836
1747537236.8538816,-1.5021432430148018,-0.6709101621153126,6.2770843505859375
1747537236.8776817,-1.474936732240441,-0.62084475370051,6.220817565917969
1747537236.9016716,-1.4204895333285597,-0.5931280414177114,7.26628303527832
1747537236.9267697,-1.3686367906144068,-0.548555370193347,9.848594665527344
1747537236.9511137,-1.3381733541814036,-0.5204269319441114,10.733604431152344
1747537236.9735012,-1.305040477051416,-0.48686275773743315,9.16743278503418
1747537236.9938788,-1.2656862780168174,-0.45777255513543724,8.465766906738281
1747537237.0125346,-1.234922154448898,-0.4343763624363764,5.387306213378906
1747537237.03845,-1.1388057929871451,-0.38752973248642847,5.530357360839844
1747537237.0556207,-1.094256803163847,-0.36990657244167857,5.601167678833008
1747537237.0813632,-1.059078699578316,-0.3548913151561167,7.361888885498047
1747537237.099727,-0.993109649962515,-0.3408479057768885,5.679607391357422
1747537237.1181648,-0.9427148348267417,-0.3292729997817515,6.221532821655273
1747537237.138236,-0.9028543458777429,-0.31576301528762785,6.400823593139648
1747537237.1585443,-0.871308305906755,-0.3046557685511095,7.487773895263672
1747537237.1778007,-0.8345206715997406,-0.29079065798010434,6.621360778808594
1747537237.1977024,-0.7846530861531101,-0.277050364154796,7.3566436767578125
1747537237.2225215,-0.7136547912347884,-0.2614904471411284,6.258726119995117
1747537237.2450233,-0.6480135750601049,-0.24613331056927915,5.989313125610352
1747537237.2643592,-0.5847413704352875,-0.23209730824991706,5.9947967529296875
1747537237.2852702,-0.5538458638579277,-0.22496411019562462,6.26063346862793
1747537237.3067975,-0.5166100613518523,-0.21620130944574778,5.434989929199219
1747537237.3279912,-0.5009942745385286,-0.20203044162325542,5.388975143432617
1747537237.3498302,-0.49105159762474093,-0.192260846026624,5.7830810546875
1747537237.3712714,-0.47544860305069775,-0.18297056915772075,8.206605911254883
1747537237.3942575,-0.43151017212925913,-0.1693959545257066,6.757497787475586
1747537237.4155793,-0.3955535668005383,-0.15173413496658428,8.181333541870117
1747537237.4336624,-0.30184596882861925,-0.12285021891692036,6.104946136474609
1747537237.4575741,-0.2216597118562911,-0.11119120700976395,5.706787109375
1747537237.4818926,-0.15557046757713383,-0.1003167576960708,6.11424446105957
1747537237.5016448,-0.09541040080969443,-0.0850389604892142,6.1855316162109375
1747537237.5231702,-0.021575083950467117,-0.05538797896572051,5.400419235229492
1747537237.5416143,0.05457022188011262,-0.01593556811353761,5.271434783935547
1747537237.5582767,0.07999332813295992,-0.0005734935393168071,6.580352783203125
1747537237.5859005,0.11445820923517443,0.013154284985011193,8.144140243530273
1747537237.611484,0.17407592437055136,0.035099693117415426,5.799293518066406
1747537237.6328022,0.22739002691330956,0.05728916352615001,5.963802337646484
1747537237.6500273,0.26809769193911714,0.0721075243332574,6.183862686157227
1747537237.6738496,0.3612417877105834,0.09388134422097337,5.470752716064453
1747537237.6948807,0.4306918690426665,0.10249859144138704,5.392313003540039
1747537237.7162328,0.4555898519416476,0.1385107196339638,5.119085311889648
1747537237.7355974,0.5033130716023477,0.16512577245362542,5.098819732666016
1747537237.753289,0.5573537173278967,0.1824670603493416,5.924701690673828
1747537237.7813716,0.6144084291001685,0.19796714709843305,6.083965301513672
1747537237.8016787,0.6398577999022254,0.20588956543014023,5.755186080932617
1747537237.8282013,0.6574982376528979,0.21029843986430788,6.903409957885742
1747537237.8509216,0.6839396436265263,0.2266296640393921,4.935026168823242
1747537237.8703864,0.6817904040656402,0.2338171178611051,4.981040954589844
1747537237.8915648,0.7200150907816778,0.24528328327835788,5.895137786865234
1747537237.912108,0.7506757127372926,0.26364176703384495,6.903409957885742
1747537237.9300818,0.7812735464203744,0.28237907064440837,4.867315292358398
1747537237.9473853,0.8178097547625766,0.2962575556795705,5.967140197753906
1747537237.9737487,0.8515444111863926,0.30843008023361945,7.100582122802734
1747537237.9937422,0.940677172217236,0.33232557643802874,6.968498229980469
1747537238.014678,1.0350608903460954,0.34802539077364686,6.32166862487793
1747537238.034269,1.1597643677426521,0.36018713026947885,5.150794982910156
1747537238.0547547,1.1989042109661074,0.3820486488222666,5.004644393920898
1747537238.085162,1.2352123428218071,0.4001054783348181,6.714820861816406
1747537238.1415765,1.4197379899785691,0.41640597486476844,6.704807281494141
1747537238.160301,1.5490397518819783,0.4102810983385032,5.273580551147461
1747537238.1836808,1.6418910420007666,0.3888053068704436,5.023717880249023
1747537238.2028348,1.7200119805903071,0.35984728996399795,5.739927291870117
1747537238.2217364,1.787016263042217,0.3367830592317817,5.920171737670898
1747537238.2469897,1.8287009973249515,0.31486770724272267,9.0484619140625
1747537238.2661943,1.8639003838991446,0.2956666698749078,6.957054138183594
1747537238.2865632,1.9216982657202302,0.2662013796534892,5.526065826416016
1747537238.309296,1.990023259110635,0.23069399502048807,5.949735641479492
1747537238.3268304,2.0581799993267915,0.19160546664295536,5.054950714111328
1747537238.3540173,2.1007419452466176,0.16574823145542275,6.491184234619141
1747537238.3746078,2.1649068395953983,0.12384427589088577,6.297111511230469
1747537238.538969,2.4383252906522297,-0.20996541809897576,5.124092102050781
1747537238.5547106,2.4576955344278173,-0.23519091399975933,5.2852630615234375
1747537238.5783195,2.494648568721966,-0.27752396582697675,5.95545768737793
1747537238.5987942,2.5164410412205784,-0.30568276490097457,6.642818450927734
1747537238.6185746,2.534656556250551,-0.32458180456405566,6.366252899169922
1747537238.6382713,2.584158593811448,-0.3731482947900888,6.468534469604492
1747537238.6577349,2.626584119485709,-0.4127079100608974,5.651235580444336
1747537238.6779478,2.651820695289065,-0.43263071328523783,7.597446441650391
1747537238.698751,2.6820386490644004,-0.4859912973076758,5.354404449462891
1747537238.724431,2.725777405463862,-0.5178778880467287,7.561445236206055
1747537238.7416139,2.808377856711246,-0.5397795509988842,5.942344665527344
1747537238.7630033,2.8309773892430394,-0.5757344693157578,6.695747375488281
1747537238.7812219,2.8404871913542427,-0.6137879148222345,6.535053253173828
1747537238.8017836,2.8615815439489456,-0.6554331783323204,7.593393325805664
1747537238.834367,2.8063014981224543,-0.7055368144847848,8.416891098022461
1747537238.8604984,2.8274002717327074,-0.7724700871689203,7.165431976318359
1747537238.8885117,2.8260638815134573,-0.8005845115031313,11.113405227661133
1747537238.9179702,2.839684605966878,-0.8381162458729651,6.969451904296875
1747537238.9419088,2.851208232467125,-0.8949763581400781,6.53529167175293
1747537238.9625542,2.8756070461548444,-0.9911300747108078,7.467508316040039
1747537238.9858594,2.875676879106196,-1.0520777580754035,6.054401397705078
1747537239.0066836,2.881193504100114,-1.0980249583289166,7.273197174072266
1747537239.0273602,2.88265670875373,-1.142717701005897,7.616519927978516
1747537239.0497832,2.868991287767223,-1.198217633297292,7.5702667236328125
1747537239.0722337,2.865056091583091,-1.2503103103587943,5.301952362060547
1747537239.0952115,2.862110637046685,-1.2899300803315046,7.338762283325195
1747537239.1149704,2.8590840546743883,-1.332892095418856,6.491661071777344
1747537239.1372128,2.8556513206818233,-1.3909899084213404,6.282567977905273
1747537239.1595972,2.8489269708101794,-1.4174293085220044,7.974386215209961
1747537239.1819646,2.843528614103005,-1.4443289327784936,6.519794464111328
1747537239.2024388,2.8451047908579943,-1.4830858780483815,7.0819854736328125
1747537239.2226052,2.829806769853571,-1.5236215813510672,7.148504257202148
1747537239.2460048,2.8157642413560517,-1.5614812247645125,7.814645767211914
1747537239.2637284,2.7940375427505884,-1.5925193874922106,4.705190658569336
1747537239.2824757,2.770595546491611,-1.6201170397687576,4.780054092407227
1747537239.3029711,2.7499454551341143,-1.642346314931738,8.154869079589844
1747537239.3260489,2.7089538561939657,-1.6719309706132006,9.949445724487305
1747537239.3468728,2.687264784409869,-1.692689320803045,4.923105239868164
1747537239.375226,2.653011053339035,-1.715477413196972,11.060476303100586
1747537239.3985405,2.6043202604735316,-1.7671265066481783,6.779193878173828
1747537239.4211612,2.586207711900432,-1.7890538683025832,6.172418594360352
1747537239.4386814,2.571113544230174,-1.809969923180465,5.339145660400391
1747537239.457638,2.5081798682273573,-1.8405778428468083,5.799055099487305
1747537239.477171,2.4770842546927248,-1.8660572936205766,6.784677505493164
1747537239.498263,2.44758958315313,-1.8898224058172028,5.84864616394043
1747537239.5184565,2.4191625634173395,-1.9241997422226096,5.356073379516602
1747537239.5386908,2.4000369615884862,-1.9570106322825542,5.549192428588867
1747537239.5593984,2.386951089640045,-1.9843314476646576,5.045175552368164
1747537239.5856063,2.3690917119905843,-2.030991983680537,7.127523422241211
1747537239.609124,2.354245916832936,-2.0730396683228554,7.902383804321289
1747537239.635363,2.3382405933466903,-2.1044515986229713,5.503416061401367
1747537239.6604292,2.302051017726056,-2.1944477588800395,5.255937576293945
1747537239.6854258,2.286756877992154,-2.2354124012522725,5.891561508178711
1747537239.7060652,2.270979741714481,-2.2668494338982996,6.176471710205078
1747537239.7252448,2.2633776194346034,-2.300551602819876,7.147550582885742
1747537239.7538261,2.253592812938592,-2.329109631366046,5.897760391235352
1747537239.7779274,2.2047994531420505,-2.4062990635868067,8.684158325195312
1747537239.7974932,2.1831749189867544,-2.438791148010193,5.570173263549805
1747537239.8205278,2.1635832305618528,-2.468552491822688,5.697965621948242
1747537239.846753,2.1323725527650543,-2.516594783306496,5.418062210083008
1747537239.8676398,2.1123096623340247,-2.5583478513339566,5.623579025268555
1747537239.8923848,2.0963870626585663,-2.5954137147559746,6.903648376464844
1747537239.9120188,2.105645117405752,-2.637185778777252,5.069255828857422
1747537239.9329948,2.1091990711487285,-2.672162495097871,7.605791091918945
1747537239.9510415,2.1063548231065505,-2.70432309399526,5.448818206787109
1747537239.9740958,2.101075281369034,-2.7317795988837466,10.801553726196289
1747537239.9918225,2.1074195579742603,-2.762433493600856,4.950761795043945
1747537240.0149024,2.0943858873331718,-2.8520033340711777,5.90205192565918
1747537240.0385818,2.1115978077198485,-2.904159634307263,5.030155181884766
1747537240.0573664,2.119205909902092,-2.948242573081296,5.754709243774414
1747537240.0778139,2.1199156048294605,-2.9888717047547475,5.78761100769043
1747537240.0983863,2.1176696487878717,-3.028308043295797,5.21087646484375
1747537240.1172342,2.1405103099265896,-3.0729610047775915,5.854606628417969
1747537240.1335628,2.152463590494098,-3.1201143651529066,5.326986312866211
1747537240.162815,2.1609848052199387,-3.160251270672881,14.518976211547852
1747537240.1977637,2.2046386327832384,-3.223203866650707,7.1201324462890625
1747537240.2261512,2.2509000934328562,-3.3227548270401206,7.053613662719727
1747537240.2548172,2.3037044613813875,-3.366751108543301,6.462335586547852
1747537240.2860594,2.3621935898504893,-3.443495607551712,7.1582794189453125
1747537240.3081255,2.4191720664441134,-3.492631988836009,5.168676376342773
1747537240.331066,2.4792166344392426,-3.549513774098725,7.796287536621094
1747537240.3583841,2.5296913152193574,-3.60775838716377,7.08317756652832
1747537240.383158,2.593397871863271,-3.636746989532619,6.596088409423828
1747537240.41017,2.6423398433639864,-3.6606357570053483,8.21995735168457
1747537240.4390557,2.70414274490448,-3.6832541337243443,13.267755508422852
1747537240.4715092,2.846481528835453,-3.747732488079543,8.46719741821289
1747537240.500308,3.033928545628335,-3.7987388252998,5.801200866699219
1747537240.5278525,3.097618016821628,-3.8192825740467176,5.189657211303711
1747537240.5601954,3.213180011014286,-3.849057937356678,5.167484283447266
1747537240.59038,3.2710174560111573,-3.8672783067598133,8.358240127563477
1747537240.6093764,3.3224784776032945,-3.892426417818323,5.942106246948242
1747537240.6310735,3.3839082443899127,-3.909125439004719,7.155418395996094
1747537240.6497195,3.44618376962899,-3.9347479512768357,6.351947784423828
1747537240.6666594,3.4975062477941092,-3.958277633978428,5.799770355224609
1747537240.6826754,3.5228427012609704,-3.977777811514547,5.50389289855957
1747537240.7016566,3.5641557126525076,-4.019389196909774,5.201816558837891
1747537240.7221239,3.6180046273417634,-4.0623129074017825,7.414579391479492
1747537240.745571,3.6578854237122953,-4.092623705703421,5.841970443725586
1747537240.7695813,3.684878274027874,-4.123244275849816,5.865573883056641
1747537240.7931285,3.7121737800132526,-4.148904504148812,6.039619445800781
1747537240.8147027,3.7539272708864315,-4.191024924045701,6.662845611572266
1747537240.841451,3.762017815460744,-4.2288635507192325,6.61158561706543
1747537240.8722093,3.7761264954923455,-4.258062272294248,17.571449279785156
1747537240.8933556,3.7831624094666534,-4.276675115326343,6.028413772583008
1747537240.923227,3.8126157029477743,-4.317009598681336,10.755777359008789
1747537240.9464755,3.824583825903074,-4.338780702533909,8.186817169189453
1747537240.9778802,3.8353389734204333,-4.371894793450829,12.026309967041016
1747537241.0101633,3.8540225369444947,-4.412626949694081,8.182525634765625
1747537241.0435042,3.8641929033889264,-4.434366765115652,8.058786392211914
1747537241.0709004,3.866132514837244,-4.465816943199818,6.227731704711914
1747537241.0997407,3.8692828524670286,-4.486049166456018,8.000850677490234
1747537241.1312,3.8739933895059173,-4.508711329753197,7.44318962097168
1747537241.1634033,3.8723003423038835,-4.518064915557187,8.032560348510742
1747537241.1906903,3.863082563479026,-4.556503006696513,6.284952163696289
1747537241.2149541,3.8548430522045125,-4.569633513717973,7.0819854736328125
1747537241.2404244,3.870013590686106,-4.609570377105676,6.270885467529297
1747537241.263544,3.856810979435042,-4.608192699859823,7.094144821166992
1747537241.286896,3.851663190085241,-4.615600715149141,5.020380020141602
1747537241.3174727,3.8548643385301915,-4.63716565371188,6.276130676269531
1747537241.343203,3.8652763270934805,-4.687604051572692,6.641864776611328
1747537241.3721354,3.867195245443225,-4.708933864220779,8.82101058959961
1747537241.4070106,3.8744694357915654,-4.780913703780027,6.712675094604492
1747537241.4311836,3.876430284468226,-4.8044343615751535,5.202531814575195
1747537241.4576595,3.8677669533059627,-4.878298290732007,5.439043045043945
1747537241.4823394,3.857592048190622,-4.896077180125849,5.179882049560547
1747537241.5048945,3.853880854019687,-4.918463592907997,8.976221084594727
1747537241.533264,3.833601575503581,-4.961742838271426,14.158964157104492
1747537241.5617483,3.824294490445691,-5.036855473614467,6.402492523193359
1747537241.5890698,3.80582723329322,-5.090591180611091,6.122350692749023
1747537241.6110592,3.793627107857871,-5.136850415602101,8.94784927368164
1747537241.6337607,3.780381239421733,-5.18898913711177,10.02645492553711
1747537241.654199,3.743487276692649,-5.269095183258783,5.970001220703125
1747537241.6754084,3.714901041720405,-5.311047962901945,5.729913711547852
1747537241.6973245,3.695617538678364,-5.34253326534344,7.959127426147461
1747537241.7217543,3.6612865836107575,-5.39434693192671,6.798028945922852
1747537241.744109,3.6266565178385606,-5.438094860331236,6.103038787841797
1747537241.7692833,3.597467118414214,-5.474506521137838,7.28297233581543
1747537241.7897875,3.551325149098238,-5.516654402931947,7.166147232055664
1747537241.8129969,3.508780547008771,-5.550782487700624,6.789922714233398
1747537241.840025,3.4204775290347267,-5.627536616707963,7.030963897705078
1747537241.8624284,3.3751714361116427,-5.654041594683413,8.148908615112305
1747537241.8824756,3.3448133524894406,-5.666206156456577,5.909919738769531
1747537241.902276,3.3075280937247418,-5.702846097567245,6.42704963684082
1747537241.9263413,3.2685957736810165,-5.726728798195199,6.078481674194336
1747537241.9616108,3.188190693132478,-5.778227237316295,7.256269454956055
1747537241.9863076,3.126322904841269,-5.798417345068576,5.780458450317383
1747537242.0084085,3.08181777508075,-5.8059271696675125,7.034063339233398
1747537242.0283554,3.029131741962501,-5.818139789557181,6.033420562744141
1747537242.0680413,2.9243694341789794,-5.864614734030545,7.615089416503906
1747537242.0909615,2.86209691131146,-5.874959043132761,5.836963653564453
1747537242.110956,2.8070207883049063,-5.873189929078834,6.954193115234375
1747537242.1341214,2.7577665251916845,-5.872919536418847,7.10606575012207
1747537242.1539156,2.6913979979975493,-5.878676476768802,6.937742233276367
1747537242.172266,2.6428007713339268,-5.883091827578074,5.013465881347656
1747537242.1946845,2.626028227408855,-5.878305075385977,7.263422012329102
1747537242.2186983,2.54165782975338,-5.877309086671826,5.296230316162109
1747537242.2389567,2.4650211832562117,-5.877607038697387,6.54292106628418
1747537242.2575505,2.4149526507310117,-5.872509954950749,5.945682525634766
1747537242.282204,2.387987373570478,-5.870062450812322,5.984783172607422
1747537242.302962,2.3406426081998895,-5.863114669476453,4.837512969970703
1747537242.3233938,2.305527559073116,-5.859470314430331,7.6580047607421875
1747537242.3557134,2.274165165270357,-5.859198409634206,17.82512664794922
1747537242.3786504,2.183617972465589,-5.862177340475633,5.471706390380859
1747537242.4010384,2.09648607766348,-5.865967429022528,9.090662002563477
1747537242.4183521,2.0497903001748754,-5.867192368281858,5.581855773925781
1747537242.4416628,2.002516909960505,-5.864041015456093,5.269765853881836
1747537242.4641247,1.9572084407754298,-5.86444839004125,10.744094848632812
1747537242.4875212,1.9154990266390481,-5.867714997874034,6.338596343994141
1747537242.517688,1.8377753286756917,-5.872507212357887,7.825374603271484
1747537242.5417223,1.7363024820472466,-5.878025402209274,9.380578994750977
1747537242.5638855,1.6675193942769784,-5.892000156980051,4.919290542602539
1747537242.5881164,1.6100163677438424,-5.900037508692329,6.314754486083984
1747537242.606084,1.5614406382925465,-5.907218050574163,5.80906867980957
1747537242.6259587,1.5224188725520593,-5.923533821366263,6.416082382202148
1747537242.645916,1.4671145856666241,-5.942518092037777,5.994081497192383
1747537242.6630483,1.4060277931187855,-5.957713768089343,5.160331726074219
1747537242.6803455,1.3721700966362822,-5.96457444060549,5.141735076904297
1747537242.6994767,1.3221705045962087,-5.993828459516816,4.815578460693359
1747537242.722757,1.275950493757517,-6.019786206253128,5.573034286499023
1747537242.7456062,1.2161205496584273,-6.036929408067738,7.328510284423828
1747537242.7662103,1.1915271088590762,-6.061848268930681,6.959676742553711
1747537242.7891676,1.1446854170477496,-6.08069569305417,10.309457778930664
1747537242.8096647,1.1142468906986183,-6.090394510887145,6.655216217041016
1747537242.8298206,1.073611752327035,-6.117947878826603,6.824493408203125
1747537242.8518462,1.0309818763850929,-6.137187886204603,4.756450653076172
1747537242.872558,0.9969458586917234,-6.149870026705326,6.441831588745117
1747537242.8983817,0.933430718321445,-6.166208883518748,6.464242935180664
1747537242.9151397,0.9163347966613092,-6.167687612446352,5.0830841064453125
1747537242.945067,0.8293199509569661,-6.191863432575656,6.90913200378418
1747537242.9638333,0.795667826108376,-6.1962893800643615,4.86445426940918
1747537242.9877036,0.7322835621073348,-6.221519534392233,7.499456405639648
1747537243.0103638,0.6862081107719761,-6.234035615270168,9.13691520690918
1747537243.029016,0.6215888418594734,-6.248453290552856,5.60450553894043
1747537243.053615,0.5751478137904357,-6.275349648206971,5.481243133544922
1747537243.0734036,0.5407592341738865,-6.293438448211816,6.260395050048828
1747537243.0926993,0.510337839887327,-6.304480980792873,5.521059036254883
1747537243.1146822,0.44765566796222905,-6.329517434735554,5.456447601318359
1747537243.135325,0.39085747598290155,-6.347724403794694,8.510589599609375
1747537243.1610496,0.329285777141953,-6.368034137563461,5.767822265625
1747537243.1957772,0.27403577457280853,-6.396059319200118,11.421680450439453
1747537243.2381034,0.1836952482275472,-6.420778138699267,9.799003601074219
1747537243.2726872,0.11784100688561949,-6.44643042351086,9.409666061401367
1747537243.299875,0.09050319872819956,-6.461065492377517,8.992433547973633
1747537243.3265772,0.011556498964861512,-6.484800594487895,6.74748420715332
1747537243.3722491,-0.07178027144736407,-6.497436089912503,11.536836624145508
1747537243.4001935,-0.10335688594290113,-6.507555891847151,6.836891174316406
1747537243.548345,-0.38767411806750113,-6.426030920836464,9.844303131103516
1747537243.5760424,-0.40998436183591136,-6.47609022987515,7.918596267700195
1747537243.6156657,-0.4871565608035283,-6.505503688979864,6.711006164550781
1747537243.6349683,-0.5010432145834147,-6.505063496964062,6.789922714233398
1747537243.6551294,-0.5269337663264752,-6.480255531215195,6.637334823608398
1747537243.6716921,-0.5384568843187983,-6.45813645236924,5.9299468994140625
1747537243.6911438,-0.5515078649012025,-6.442235801746146,6.705760955810547
1747537243.7107928,-0.5545137181750894,-6.428019804516763,6.449222564697266
1747537243.7296233,-0.5653248881549323,-6.406787043650386,6.346702575683594
1747537243.7481592,-0.5658246582085158,-6.39644030905739,5.490541458129883
1747537243.7661436,-0.5918647651491071,-6.377601723258349,6.425619125366211
1747537243.785812,-0.5924903271012142,-6.351653744781146,7.524728775024414
1747537243.808039,-0.5981034727614639,-6.326580963437435,8.144617080688477
1747537243.8264918,-0.5943090870029979,-6.304080694372255,5.464076995849609
1747537243.845822,-0.6127327708935079,-6.284038935610231,6.308794021606445
1747537243.8637,-0.6485549266638517,-6.257459200201044,6.786823272705078
1747537243.8860075,-0.6921027893320008,-6.227957995664352,7.791042327880859
1747537243.9178424,-0.7470345847509332,-6.183136526496992,7.289886474609375
1747537243.937718,-0.7851457130659572,-6.137293226663495,7.286787033081055
1747537243.9591198,-0.8052956975852028,-6.115090263157497,7.812976837158203
1747537243.9855268,-0.8664594183763086,-6.043490752988291,9.428262710571289
1747537244.0096552,-0.877291759388917,-6.01559283149375,9.629487991333008
1747537244.0432513,-0.9633785108788117,-5.937052492293502,6.970405578613281
1747537244.065745,-1.0103695812316755,-5.890968435728633,8.208036422729492
1747537244.0900934,-1.0411530794038688,-5.8498377767945975,8.142232894897461
1747537244.1114728,-1.074561542060051,-5.812833769704225,7.615327835083008
1747537244.1354442,-1.0998300437815007,-5.780470951868723,9.431838989257812
1747537244.1554408,-1.1306706874157912,-5.733631557698777,7.856607437133789
1747537244.1765263,-1.1865455609058542,-5.690925471801468,6.617546081542969
1747537244.1995482,-1.220046185860568,-5.657828814822278,8.87155532836914
1747537244.2244294,-1.2599286786789772,-5.598264477239117,6.854772567749023
1747537244.2532277,-1.306627478339144,-5.5511857133250055,9.628057479858398
1747537244.30604,-1.349437054204752,-5.4759065511651475,19.524097442626953
1747537244.357346,-1.4314482899670544,-5.335422491499743,12.618303298950195
1747537244.3819451,-1.4580428148691864,-5.289043348967207,6.8492889404296875
1747537244.4304442,-1.4907758911279143,-5.154474615864821,12.228012084960938
1747537244.4575489,-1.5040132937138755,-5.110917241999146,11.954545974731445
1747537244.500125,-1.5178211199769494,-5.005454791462532,19.080400466918945
1747537244.5413747,-1.539379779413537,-4.867284150033932,8.895635604858398
1747537244.6014767,-1.510869114985265,-4.75688596570515,13.402223587036133
1747537244.6353452,-1.4871960788276506,-4.6465559317385825,8.277654647827148
1747537244.6772609,-1.4744440208229093,-4.5343044479613654,13.72981071472168
1747537244.7565062,-1.4294723325630414,-4.359129431966959,27.550458908081055
1747537244.8073034,-1.3571752337785397,-4.188916887337765,9.636163711547852
1747537244.8573928,-1.2914655578031289,-4.046725927566241,6.004571914672852
1747537244.8777957,-1.2696989431749988,-3.9826018500617697,5.962371826171875
1747537244.9079232,-1.2608797468448183,-3.918494043617462,12.017965316772461
1747537244.937813,-1.233151419012132,-3.850271531408064,7.7953338623046875
1747537244.9617891,-1.2116969899171128,-3.788155746817354,6.7119598388671875
1747537244.981487,-1.164639132315014,-3.723687272008001,6.538152694702148
1747537245.0081735,-1.1431323228352859,-3.6720692892766023,8.97979736328125
1747537245.0538888,-1.0967829133968143,-3.5695525829450063,6.82830810546875
1747537245.0895116,-1.0800431122956329,-3.490048626741813,13.870954513549805
1747537245.1082501,-1.0867486563916846,-3.4633785609650047,7.133007049560547
1747537245.1370876,-1.0465241886752472,-3.4027220061939136,7.976055145263672
1747537245.160009,-1.0305763340270062,-3.3083369765809976,8.211851119995117
1747537245.18662,-1.0057887380925108,-3.2613002189968103,8.62431526184082
1747537245.2081053,-1.002206171251931,-3.225099619375448,5.821943283081055
1747537245.2282474,-1.0022474317974241,-3.1719439469353228,5.916833877563477
1747537245.2541873,-0.9891192829916355,-3.124884874652124,7.86590576171875
1747537245.2800848,-0.9930416704075014,-3.0748020319139555,7.747888565063477
1747537245.3058825,-1.001517103985977,-2.965907229670977,7.738828659057617
1747537245.3718271,-0.9928598833971805,-2.8593920418487477,13.282537460327148
1747537245.3947313,-1.002202985895799,-2.8185037003197175,8.977413177490234
1747537245.4151518,-1.0296098553093103,-2.7340182878796626,6.930351257324219
1747537245.4400141,-1.0328892463858526,-2.696146612885903,9.196281433105469
1747537245.4626758,-1.0825396083061598,-2.6412896795077963,8.778810501098633
1747537245.4860072,-1.1103552980673181,-2.574678711699293,6.482124328613281
1747537245.5082688,-1.179631545904075,-2.545585263445779,6.060123443603516
1747537245.5309267,-1.218956254763215,-2.4896954042382387,8.123397827148438
1747537245.549768,-1.2374850734400098,-2.4473237945279847,7.08770751953125
1747537245.569045,-1.2509641156645472,-2.4048275961687415,7.489442825317383
1747537245.5952795,-1.3263871419617201,-2.3469058220258394,9.764432907104492
1747537245.6222143,-1.3712118233488304,-2.291203700630412,7.9975128173828125
1747537245.6430087,-1.441226115301169,-2.270324137065601,5.83648681640625
1747537245.6617823,-1.4841642813129483,-2.2500918497349436,6.940126419067383
1747537245.6804454,-1.5116849137782866,-2.223543303607098,6.678581237792969
1747537245.6995869,-1.5229630255811573,-2.197930059298379,5.865335464477539
1747537245.718737,-1.576505421588694,-2.166268517808507,6.425380706787109
1747537245.7392788,-1.603606655915094,-2.143207766155346,7.762670516967773
1747537245.759907,-1.6274665667247472,-2.1079675266651186,6.414890289306641
1747537245.8010066,-1.7502222365586682,-2.042266767646887,9.276866912841797
1747537245.8265014,-1.783847356179589,-2.0053647545662376,7.657051086425781
1747537245.8562088,-1.848332089113512,-1.963548715499532,9.100198745727539
1747537245.8798764,-1.8822251784799533,-1.8828199478167518,8.036613464355469
1747537245.9028633,-1.9425657435512151,-1.8228069624900067,7.185220718383789
1747537245.9263964,-1.9584025074767961,-1.7898149148248919,8.915185928344727
1747537245.9488745,-1.9632136489355032,-1.7473451761072003,7.577657699584961
1747537245.9821668,-2.0073062772629235,-1.6947778182459863,14.298677444458008
1747537246.009194,-2.0293714740494067,-1.6126616593813743,9.676694869995117
1747537246.035761,-2.07421881251585,-1.51367430130015,7.5588226318359375
1747537246.0619037,-2.0807218398448297,-1.4557718432032565,12.084245681762695
1747537246.0921566,-2.0739260441620684,-1.409569512721662,10.259866714477539
1747537246.1133738,-2.093476173266084,-1.3579633786258913,7.258176803588867
1747537246.1346066,-2.096522147793046,-1.3064627133142537,8.234500885009766
1747537246.1589012,-2.1002117911397984,-1.2194366206122824,7.692575454711914
1747537246.1836293,-2.092854244223987,-1.1883063069306836,10.446548461914062
1747537246.2068315,-2.080387137757325,-1.1276186686691168,8.292913436889648
1747537246.2324665,-2.0727330769782766,-1.075715837335672,8.168458938598633
1747537246.2594666,-2.0738751243433615,-0.9589611887216881,7.568597793579102
1747537246.2784786,-2.0699994251886844,-0.8928939441391593,7.423877716064453
1747537246.303223,-2.06399643797269,-0.8431466296754514,7.467031478881836
1747537246.3263834,-2.038684604502403,-0.7713770214435974,7.4214935302734375
1747537246.3516939,-2.0140785010784503,-0.698777323906109,7.51948356628418
1747537246.3792052,-1.9998135668927017,-0.6609032891780099,10.698318481445312
1747537246.4080963,-1.958594191385566,-0.5550059093376638,8.478403091430664
1747537246.433559,-1.9443002251726027,-0.5146239943972573,10.569095611572266
1747537246.4581187,-1.8730228086300498,-0.4182860804161693,7.957220077514648
1747537246.4801733,-1.8393363764560018,-0.36798255465104596,6.975889205932617
1747537246.510594,-1.8258922893954288,-0.3398915235237107,9.18722152709961
1747537246.5346043,-1.7923212154074228,-0.281576560928895,9.186267852783203
1747537246.5610588,-1.7698200730442688,-0.24411922623203552,8.687257766723633
1747537246.5947764,-1.6533101799794885,-0.18693715880553718,10.921478271484375
1747537246.6261084,-1.5714345996392995,-0.1461330788580995,10.677099227905273
1747537246.6486588,-1.5412837152771068,-0.13069561569606053,6.870508193969727
1747537246.675283,-1.4708868142556628,-0.10858226043121455,8.642196655273438
1747537246.695397,-1.4373675293438826,-0.10196592969103767,7.514476776123047
1747537246.7204692,-1.3754072833143247,-0.06810850685805754,10.228157043457031
1747537246.746071,-1.3246757112295546,-0.04466141562237638,8.458852767944336
1747537246.768102,-1.286589894509647,-0.014613476747039786,6.753683090209961
1747537246.791349,-1.2254079403849125,0.006253409202119393,7.5836181640625
1747537246.8133104,-1.176411294555194,0.022396831836959768,6.824254989624023
1747537246.8460772,-1.1046627842687056,0.053288175367744835,8.531332015991211
1747537246.8722985,-1.0281373117319197,0.07952244574435131,8.277416229248047
1747537246.8944652,-0.9893243439099977,0.09096961662676585,8.900642395019531
1747537246.9152863,-0.9265745769436372,0.09317478365031528,7.309436798095703
1747537246.9513972,-0.8291287066784506,0.12210123218847253,10.626792907714844
1747537246.9838135,-0.688486697006521,0.1283232231634179,7.765769958496094
1747537247.0083241,-0.6210960567447962,0.13136168459918265,9.94729995727539
1747537247.0321364,-0.5332350355529522,0.14558203898156227,8.419513702392578
1747537247.055018,-0.4792887469773462,0.16662772164279305,8.067607879638672
1747537247.0868793,-0.3817338305857084,0.20251057582543186,11.65914535522461
1747537247.1257088,-0.29528410791666426,0.23553825203241074,7.692575454711914
1747537247.1505415,-0.24043769708647356,0.25663326688843835,6.205320358276367
1747537247.1702604,-0.1975823055427755,0.271831292960246,6.474018096923828
1747537247.205019,-0.1171013392379399,0.29032202891855013,10.28895378112793
1747537247.2349632,-0.060331131463372545,0.2954660293288681,9.331703186035156
1747537247.270332,-0.011822466126780992,0.2993482919180639,11.539220809936523
1747537247.302653,0.08049873658468897,0.2899976042899711,9.419441223144531
1747537247.331739,0.11532977942993954,0.26907491078995277,7.422208786010742
1747537247.3630385,0.13405747987688996,0.2632384995254099,8.112907409667969
1747537247.3965094,0.21705288637362616,0.2703239988886555,8.1329345703125
1747537247.4329739,0.3135429510953683,0.2919662679918637,7.4405670166015625
1747537247.4582093,0.35696670933008745,0.28768165383503486,10.105133056640625
1747537247.481686,0.43652065840416165,0.2642838529511685,6.326198577880859
1747537247.5071423,0.4729136782950127,0.2280691209270874,8.363723754882812
1747537247.5295894,0.6265179539369057,0.2689989243995784,7.200479507446289
1747537247.5548358,0.6709317470032297,0.2618832181469367,8.523702621459961
1747537247.5762677,0.7356912177671635,0.24283318594158637,7.994651794433594
1747537247.5957353,0.7596420828947632,0.23990557002140248,6.241559982299805
1747537247.6185617,0.8090601368381685,0.22781947551735818,6.623983383178711
1747537247.637612,0.8562539296818743,0.2193675088143302,5.958318710327148
1747537247.668475,0.9134429950237978,0.20914050267341786,7.355213165283203
1747537247.6895485,0.976725201379746,0.2040196657418232,6.366491317749023
1747537247.706258,1.065168347926322,0.19908504399814145,5.414247512817383
1747537247.7283416,1.1237148016603389,0.1943548246081657,5.888938903808594
1747537247.7497334,1.1580734275731248,0.1781752342645577,7.327079772949219
1747537247.7736735,1.1840445376849065,0.1648945898319204,6.740808486938477
1747537247.7978117,1.219923143379365,0.14754723581475174,10.42938232421875
1747537247.8223045,1.239503466584275,0.13838615391451137,7.022857666015625
1747537247.8454468,1.2523334382639295,0.1306908941028876,10.003089904785156
1747537247.8698912,1.2974808749816096,0.12506074246452434,6.558656692504883
1747537247.8974016,1.3396409086406937,0.11822091920890794,8.429288864135742
1747537247.9217305,1.3654072779303377,0.11717863045412115,10.16545295715332
1747537247.9458485,1.3782138896944673,0.11615469546826132,6.761074066162109
1747537247.97526,1.3639101566949494,0.10741850199484092,10.136842727661133
1747537247.9994807,1.3987885194701102,0.09218849838294453,6.492853164672852
1747537248.0260162,1.4319797775424676,0.08506032008584974,11.160612106323242
1747537248.0516574,1.471804441792558,0.08062519668504224,7.994890213012695
1747537248.0854254,1.4952628285759846,0.0912475677179375,9.866952896118164
1747537248.1079788,1.5208089292584244,0.09254460933614149,7.595300674438477
1747537248.1316092,1.5194202417142644,0.09464317116369297,8.792400360107422
1747537248.1617234,1.520744476761494,0.09480748629021724,5.9146881103515625
1747537248.1853464,1.5237995826077713,0.09606171988788084,8.129596710205078
1747537248.2062461,1.5313410559185303,0.09321081138059796,8.437395095825195
1747537248.2434552,1.5479319247637149,0.0896184415960176,9.908199310302734
1747537248.2850616,1.5446477872339663,0.08375610532273552,6.876468658447266
1747537248.326242,1.5287616186826034,0.09122954908342422,7.81702995300293
1747537248.3492796,1.491898396229717,0.09735484483784022,6.468057632446289
1747537248.3727105,1.452179459625981,0.09972931790461288,7.989168167114258
1747537248.397376,1.4594540476081825,0.09732701559949827,9.783029556274414
1747537248.55323,1.4509029188315319,0.09140389817584554,6.334066390991211
1747537248.5757935,1.431791465151182,0.08721575401502084,5.835771560668945
1747537248.5941317,1.4591965185030018,0.09307249828732965,5.453348159790039
1747537248.610936,1.4762423037560444,0.0967462056326594,6.082057952880859
1747537248.626075,1.4790375871129002,0.09729561987304315,5.34510612487793
1747537248.6422265,1.4789127581127326,0.10041550146140552,5.7811737060546875
1747537248.6586783,1.4902650320666626,0.09962757835817794,5.502223968505859
1747537248.6787176,1.4960915869291782,0.10093759599132142,5.692243576049805
1747537248.697392,1.5043235977727725,0.1022411156092883,5.707979202270508
1747537248.715606,1.524864235090612,0.10041906659694831,6.762981414794922
1747537248.7342525,1.543024093858543,0.10005576636466174,6.664514541625977
1747537248.7584786,1.5591972075675098,0.09874570100585103,5.541563034057617
1747537248.7779648,1.5758212354951662,0.09777365019365665,5.681037902832031
1747537248.801774,1.572653858301342,0.08565761855644186,8.771419525146484
1747537248.82722,1.6067432520433762,0.0747176649545822,14.823675155639648
1747537248.863443,1.6421763563270757,0.06902669534086145,7.78651237487793
1747537248.8905554,1.6702565995852172,0.06526030821195436,5.883693695068359
1747537248.9100966,1.7123795810927698,0.06113220659549627,5.694866180419922
1747537248.928104,1.7370370080038895,0.06093853806545212,6.839990615844727
1747537248.951486,1.7549621823218033,0.05843723810664565,5.698919296264648
1747537248.9755125,1.7706574910905282,0.0550316859566828,9.826898574829102
1747537249.018702,1.778566271150732,0.04895102575830698,8.85009765625
1747537249.045079,1.7768518274087564,0.048057102947256604,6.235361099243164
1747537249.0695908,1.780447331963272,0.044878830522797425,9.272575378417969
1747537249.1026895,1.7799557617140145,0.04388333622600571,9.891986846923828
1747537249.1291687,1.8137548901065796,0.04349770485240355,11.731147766113281
1747537249.1532016,1.8316740793766182,0.04305077482417979,8.674383163452148
1747537249.172386,1.8479854382865175,0.04178786552020264,5.87010383605957
1747537249.197134,1.8365726506788007,0.03881900054527488,6.535768508911133
1747537249.2214787,1.8292074706456067,0.037472598444647946,6.115913391113281
1747537249.2498837,1.827210085870401,0.03664046825312142,7.139921188354492
1747537249.2773674,1.8277597675313033,0.037749812739355675,7.817506790161133
1747537249.294654,1.8297141567206388,0.03734882813364753,6.125450134277344
1747537249.3173954,1.821925826948119,0.03639518438450103,5.909919738769531
1747537249.3464558,1.8166420899490485,0.036130984634749,8.844614028930664
1747537249.370193,1.8233607832177317,0.038726326704069385,6.148815155029297
1747537249.4004214,1.8279277939070477,0.03983279320488903,6.859064102172852
1747537249.4220943,1.8337351497227705,0.04221064759665893,6.597042083740234
1747537249.4413764,1.8258723172120082,0.04043651594715361,5.48243522644043
1747537249.461924,1.8213933575135781,0.03959329603186062,8.854389190673828
1747537249.4907343,1.8143971833223285,0.03898181690954793,6.999731063842773
1747537249.5165546,1.8308644943345707,0.041407504723613965,6.054401397705078
1747537249.5434039,1.8488425841061962,0.04294764632607722,5.5999755859375
1747537249.5640242,1.8682614769047856,0.04563581637426444,5.646944046020508
1747537249.5844402,1.8454720951684598,0.04214954898719003,6.575822830200195
1747537249.6042154,1.8242822767775488,0.040685674949650474,6.357669830322266
1747537249.634341,1.8078048117850571,0.04101706689723877,10.231971740722656
1747537249.6555033,1.816152341396191,0.03920569610795219,6.7996978759765625
1747537249.676069,1.8251043596117111,0.0361220283308922,6.877660751342773
1747537249.7205107,1.8370753682258445,0.0394598410257981,11.477947235107422
1747537249.7655766,1.8255129356921596,0.040308766052507196,6.038427352905273
1747537249.7892826,1.8200009720801211,0.041773151004945476,7.967233657836914
1747537249.8230891,1.8172908383819046,0.04131477468486044,10.876178741455078
1747537249.8512087,1.8119112419460737,0.04231395142119598,6.526708602905273
1747537249.874318,1.8077959627131732,0.044528928360657305,5.847930908203125
1747537249.8979301,1.8168776066091965,0.04502073749916668,9.798049926757812
1747537249.917713,1.826185833839333,0.04271292104413355,5.888938903808594
1747537249.9403334,1.8357487557274232,0.040774685141216856,8.564472198486328
1747537249.961637,1.8315444827903702,0.042114141209750884,6.159782409667969
1747537249.980901,1.8244435287915959,0.041550396741315054,5.591154098510742
1747537249.9990482,1.8245766244791977,0.042505900237066074,5.751371383666992
1747537250.0308816,1.8266374718116694,0.04124036132364977,16.133546829223633
1747537250.0511665,1.8166680850353534,0.039860617528957726,6.735324859619141
1747537250.072193,1.8132190949462983,0.04089074437249109,8.855581283569336
1747537250.122579,1.808342438271031,0.04484654163534529,6.222248077392578
1747537250.147598,1.8034732213838454,0.04801963042512708,10.528564453125
1747537250.1703713,1.8077398318396827,0.04544051929591936,7.524728775024414
1747537250.1961894,1.8129320326880023,0.042849292240180706,8.402109146118164
1747537250.2218056,1.8123977504856494,0.041653930676303665,6.844282150268555
1747537250.2497702,1.8225602214503291,0.043142249236288545,11.092424392700195
1747537250.269645,1.8332409278580424,0.04366921951959337,7.33637809753418
1747537250.2952595,1.8399494265096887,0.0463512348257055,7.476329803466797
1747537250.3237627,1.8502175826913412,0.04796364755166556,7.997989654541016
1747537250.3552048,1.8613045695929418,0.04903267877287313,10.170936584472656
1747537250.3778894,1.841065459399718,0.04549216943620726,7.2689056396484375
1747537250.406076,1.829349315052515,0.04277171845524554,10.46609878540039
1747537250.4277165,1.819552585689768,0.041862341329153153,5.548715591430664
1747537250.4448986,1.8114672226732846,0.04277364274723657,5.575656890869141
1747537250.461867,1.8064492871778437,0.04446398849859278,5.226373672485352
1747537250.4860864,1.7989935675971316,0.04350739488072556,6.882667541503906
1747537250.5136392,1.8038135653901575,0.04488337225796742,6.34455680847168
1747537250.5387762,1.8045263926608446,0.04581770698249929,9.11402702331543
1747537250.5612922,1.8053380610102778,0.046833250976693094,6.538629531860352
1747537250.5788295,1.7993932965030834,0.05205930040125257,5.568265914916992
1747537250.5979433,1.790908411617606,0.05517850019697971,5.621433258056641
1747537250.615282,1.7836331012039983,0.05547998125148624,5.779743194580078
1747537250.6346483,1.773447752292409,0.05807459933482824,5.607128143310547
1747537250.6604626,1.749360932445277,0.06185505679608928,11.245489120483398
1747537250.6820881,1.758835336352571,0.054841943391727675,5.974531173706055
1747537250.7027774,1.7678572220529405,0.049612070702355654,5.767107009887695
1747537250.7264087,1.771320543849523,0.04549753514065035,5.856513977050781
1747537250.7513716,1.772177865393155,0.04759405539553431,7.009267807006836
1747537250.7783391,1.7704329344929697,0.04881205841397042,6.927728652954102
1747537250.799382,1.7621510512270568,0.050735404838010256,6.25300407409668
