time,x,y,computation_time_ms
1747273882.426854,-3.268794145583128,-8.598987668089935,3.475666046142578
1747273882.4537163,-3.2721522304732917,-8.602918503030235,3.6025047302246094
1747273882.4687448,-3.2703627860025373,-8.60303919125437,2.9375553131103516
1747273882.4830647,-3.2755745130686877,-8.60555510163686,2.7544498443603516
1747273882.508034,-3.2688548318445876,-8.609942985371308,3.1626224517822266
1747273882.5299685,-3.26526413240182,-8.613591436795165,4.060029983520508
1747273882.5435636,-3.267168831698764,-8.612557079663755,2.7391910552978516
1747273882.5699139,-3.2776424313575494,-8.604954379618121,5.26118278503418
1747273882.5912309,-3.2812441341038334,-8.602092016991962,5.972862243652344
1747273882.6090708,-3.2748303521104796,-8.604911843073717,4.393100738525391
1747273882.6280549,-3.276966424927704,-8.607318856243543,3.1757354736328125
1747273882.648051,-3.2784392886514757,-8.610987227472828,3.2219886779785156
1747273882.6632857,-3.2816845570924253,-8.609259789493736,2.8600692749023438
1747273882.6893258,-3.280672546854844,-8.61870647443383,4.409313201904297
1747273882.7092974,-3.278704802939109,-8.621920512876512,4.428386688232422
1747273882.7250113,-3.279796956168473,-8.629822871943933,2.578258514404297
1747273882.7496622,-3.2690219557962945,-8.635860022233366,4.609823226928711
1747273882.7712011,-3.259110607381995,-8.64170130632242,6.174325942993164
1747273882.7884321,-3.256308189153526,-8.646276569779422,3.0128955841064453
1747273882.807891,-3.2590131035373813,-8.647193128878508,2.755880355834961
1747273882.827509,-3.2519507188289207,-8.651806916005334,2.584695816040039
1747273882.8475187,-3.2453266252023805,-8.65387664117609,2.6183128356933594
1747273882.8621957,-3.2349924582231093,-8.660316995493924,2.7217864990234375
1747273882.8882883,-3.2243322485306263,-8.671256475257598,3.1328201293945312
1747273882.9115624,-3.213743732547108,-8.68135641275873,5.797863006591797
1747273882.9274185,-3.210025362334384,-8.683954417160754,2.6056766510009766
1747273882.9474618,-3.213669736785447,-8.689052974379834,2.57110595703125
1747273882.968766,-3.2080217812537484,-8.696364486696073,3.8123130798339844
1747273882.9895504,-3.203627871435642,-8.700278836931043,4.657745361328125
1747273883.0072744,-3.1755653865154048,-8.708951000141226,2.8176307678222656
1747273883.028286,-3.153865004021144,-8.728817708971027,3.0379295349121094
1747273883.0512667,-3.133527442863864,-8.74040540982373,4.738569259643555
1747273883.0698812,-3.1113553606028694,-8.752215953063835,4.238128662109375
1747273883.0872889,-3.0981411711512403,-8.76610134469414,2.5568008422851562
1747273883.1074731,-3.0883435696525274,-8.77714788392166,2.8214454650878906
1747273883.127248,-3.0609871001377074,-8.78605913417757,2.633333206176758
1747273883.1474872,-3.0442581068526264,-8.792022943501085,2.5937557220458984
1747273883.167551,-3.0186131973772357,-8.801968340693547,2.5129318237304688
1747273883.1914768,-3.0199599251941907,-8.806046633450359,5.466938018798828
1747273883.2116444,-3.0094667749437747,-8.817335380173246,5.909919738769531
1747273883.2316957,-3.002367043664609,-8.826622852029367,5.940437316894531
1747273883.251554,-2.9923009800477542,-8.837039802380895,6.449699401855469
1747273883.2701297,-2.984671553987007,-8.844325794868444,4.931926727294922
1747273883.2897005,-2.9726977644102344,-8.857717022765852,4.71949577331543
1747273883.3094382,-2.953387500433236,-8.870075330850495,4.464387893676758
1747273883.3294477,-2.947302243612877,-8.881063988042202,4.317045211791992
1747273883.3515508,-2.938871042907615,-8.889065946799867,6.0787200927734375
1747273883.3655958,-2.9330115305839635,-8.892064318424415,2.643108367919922
1747273883.391238,-2.9194868886583945,-8.901712000418607,5.582571029663086
1747273883.4112108,-2.9127258283448194,-8.90713943932234,5.846977233886719
1747273883.432021,-2.858367673429511,-8.940648166912341,4.943609237670898
1747273883.4520257,-2.847498288059573,-8.946571692874342,5.531549453735352
1747273883.4676113,-2.852297343973705,-8.94157939861065,2.597332000732422
1747273883.4878762,-2.842151850256286,-8.908716294243881,2.6960372924804688
1747273883.510225,-2.8086416077135925,-8.895049488455756,5.080461502075195
1747273883.5345309,-2.7952930195934633,-8.89514984205648,3.1723976135253906
1747273883.5625432,-2.771087589102766,-8.893252058456564,12.44807243347168
1747273883.5815916,-2.7367884533850884,-8.88681719031002,2.6357173919677734
1747273883.5988371,-2.6886834376446163,-8.889330438761714,2.7306079864501953
1747273883.6120746,-2.6650362468258315,-8.891078667263391,2.523660659790039
1747273883.6320074,-2.640478710104809,-8.896282913072145,4.811525344848633
1747273883.6491528,-2.628141392061848,-8.901227520240466,4.188776016235352
1747273883.6704268,-2.6097468511992497,-8.905106656789624,5.189180374145508
1747273883.6844945,-2.5885268282758385,-8.908984457039644,2.7496814727783203
1747273883.7135398,-2.5646664873110447,-8.909603939822873,2.864837646484375
1747273883.7315907,-2.54559665457788,-8.913703659436258,5.620241165161133
1747273883.751269,-2.5298138198188447,-8.919673925416571,4.442691802978516
1747273883.7625935,-2.5123021834712578,-8.924305304402171,2.4797916412353516
1747273883.7895563,-2.4868196578060124,-8.93071903709626,4.15349006652832
1747273883.8038754,-2.4816245782363726,-8.933263906800171,3.598928451538086
1747273883.8317654,-2.4725195754197404,-8.937929439698966,6.2732696533203125
1747273883.8466723,-2.4431285847364768,-8.949675611385072,3.0279159545898438
1747273883.8712084,-2.4065319958983955,-8.960911161269324,5.6972503662109375
1747273883.891406,-2.3756325604298776,-8.965625487533819,6.263494491577148
1747273883.9111633,-2.387059492469999,-8.971114311635544,5.676746368408203
1747273883.9315822,-2.417674904109492,-8.975930602247265,6.276607513427734
1747273883.9496136,-2.4643609670796742,-8.977660006303923,2.8617382049560547
1747273883.9675896,-2.463857872575444,-8.98059262287482,2.5353431701660156
1747273883.9873106,-2.4797054804466154,-8.984766180924185,2.3436546325683594
1747273884.007412,-2.5035736824365493,-8.988434670622164,2.503633499145508
1747273884.0274963,-2.505636144584071,-8.989798710748389,2.520322799682617
1747273884.0486522,-2.4945859962233494,-8.991588813321096,3.434419631958008
1747273884.0705945,-2.481611889832746,-8.989687884679212,4.943370819091797
1747273884.0909255,-2.462243724580307,-8.989748509543745,6.215572357177734
1747273884.1073718,-2.438309440260371,-9.001040892851815,2.5398731231689453
1747273884.1302466,-2.4191382475216994,-9.008526805527792,4.65083122253418
1747273884.149789,-2.3907960404928716,-9.01887077160719,4.709482192993164
1747273884.1720927,-2.3554094290492475,-8.998418790607037,6.219625473022461
1747273884.189976,-2.340869254242857,-8.993408355976824,4.77910041809082
1747273884.2099996,-2.329730540226999,-8.994094983273586,4.484891891479492
1747273884.2305233,-2.3366005961946654,-8.99419763507813,4.2877197265625
1747273884.249728,-2.336869573983785,-8.992874929096526,4.579782485961914
1747273884.267489,-2.3544050481452556,-8.996407229711698,2.5331974029541016
1747273884.2885625,-2.3444297348396255,-8.99439098834704,3.2024383544921875
1747273884.311784,-2.338618577766766,-9.001052522348242,5.6915283203125
1747273884.331815,-2.329847790904205,-9.005280427688076,5.691289901733398
1747273884.3512845,-2.3245821759079774,-9.010417318511386,5.821943283081055
1747273884.3714263,-2.3510432399008905,-8.994836917484417,5.461692810058594
1747273884.3916323,-2.3479092032054667,-8.994164503271286,6.067991256713867
1747273884.4117668,-2.350783587564005,-8.99329341444013,6.273031234741211
1747273884.4322078,-2.36843550481765,-8.99229396809332,2.496957778930664
1747273884.4495308,-2.3952875680277104,-8.992606379642806,4.184484481811523
1747273884.4685633,-2.408157794978931,-8.991766403633596,3.129720687866211
1747273884.4831383,-2.439901417667062,-8.991699553104365,2.7108192443847656
1747273884.5095978,-2.4432621971054798,-8.991941554108411,4.153966903686523
1747273884.5234857,-2.4630271067794705,-8.992191036974711,3.2396316528320312
1747273884.5486774,-2.472900927467326,-8.993878531827493,3.359079360961914
1747273884.571077,-2.482435921852451,-8.99108294279914,5.102634429931641
1747273884.5875056,-2.503034571410351,-8.991462522965486,2.5131702423095703
1747273884.6074042,-2.5285240470312385,-8.988700415488394,2.457857131958008
1747273884.6315749,-2.5170562619767307,-9.007696949323352,4.764318466186523
1747273884.647471,-2.5195222566850655,-9.012723214054368,2.4328231811523438
1747273884.668789,-2.5030476259474472,-9.016954544363266,3.331899642944336
1747273884.6900246,-2.495061729031909,-9.020962327919083,4.549980163574219
1747273884.7084897,-2.548306292185961,-8.998278514769199,5.00798225402832
1747273884.7302632,-2.5677806663815503,-8.993434316622142,4.296541213989258
1747273884.7496088,-2.567934478695185,-8.993005951278333,4.265069961547852
1747273884.767482,-2.580089866150794,-8.993125091507668,2.362489700317383
1747273884.7915869,-2.577316244813624,-8.991814764805984,5.426645278930664
1747273884.8116417,-2.583888139913014,-8.99012726662419,5.841970443725586
1747273884.8347006,-2.573760571052615,-8.988305084867786,2.6962757110595703
1747273884.8518884,-2.566881962096021,-8.986843615764164,6.064176559448242
1747273884.8713062,-2.5618786359261625,-8.984759611544236,5.42902946472168
1747273884.889387,-2.5589845177070187,-8.987601093999114,4.2400360107421875
1747273884.9101498,-2.5757417344181763,-8.985793081902166,4.488229751586914
1747273884.9329443,-2.5879666559007903,-8.984691340766075,2.721548080444336
1747273884.9491239,-2.588334099325012,-8.984490030764437,3.967761993408203
1747273884.969508,-2.5960987115114253,-8.982956140994638,4.139184951782227
1747273884.9839625,-2.6003286849082876,-8.98413880273556,2.4902820587158203
1747273885.008839,-2.620402444859028,-8.97997419577954,3.8022994995117188
1747273885.0234416,-2.641964762123487,-8.98137825247217,2.4836063385009766
1747273885.0499668,-2.6193568743619142,-8.986433014813807,4.878759384155273
1747273885.0703087,-2.6317404903796033,-8.985504374007878,4.904508590698242
1747273885.0857942,-2.6337003146783324,-8.986841240444319,2.6187896728515625
1747273885.1095269,-2.6279779253836213,-8.991877905956907,4.257917404174805
1747273885.1324685,-2.616715817982341,-8.994527258265519,7.175445556640625
1747273885.1505878,-2.614247533731388,-8.997048878464229,5.387067794799805
1747273885.16929,-2.5882172944281816,-8.988471132769964,4.218101501464844
1747273885.191544,-2.590289409028187,-8.987631551305565,5.472660064697266
1747273885.2116144,-2.570054279623065,-8.98687786388606,6.151437759399414
1747273885.233132,-2.5824026358377097,-8.990184954153763,2.7697086334228516
1747273885.2513313,-2.615254607017615,-8.99127540903533,5.550861358642578
1747273885.267893,-2.6418426371342187,-8.992305656385156,2.5289058685302734
1747273885.289397,-2.622442301395243,-9.010064356751851,4.144906997680664
1747273885.3143847,-2.6276102638892307,-9.015933422760197,4.145383834838867
1747273885.3405297,-2.6074477865023273,-9.018456326968895,3.908395767211914
1747273885.361899,-2.6319577734080717,-9.017574797845123,2.5594234466552734
1747273885.3779466,-2.623064927507656,-9.014877570868688,3.850698471069336
1747273885.393994,-2.633213420848143,-9.010837866514466,2.5670528411865234
1747273885.4055345,-2.6518716129489652,-9.005640096728797,2.7697086334228516
1747273885.4241753,-2.674076627918577,-8.990098941658578,2.5827884674072266
1747273885.4519951,-2.674094802977073,-8.987919561316776,4.537820816040039
1747273885.4651442,-2.67354224478226,-8.986686877002976,2.6121139526367188
1747273885.4879847,-2.6804009689939745,-8.984864368333465,2.548694610595703
1747273885.507868,-2.6919937576223956,-8.988685772945349,2.6755332946777344
1747273885.5273726,-2.7032133480290264,-8.986879908256142,2.3903846740722656
1747273885.549538,-2.708557266282767,-8.985421886434185,3.4933090209960938
1747273885.5636652,-2.6954495905214184,-8.984258013650663,2.948284149169922
1747273885.588589,-2.7302205722021773,-8.984640544849373,2.70843505859375
1747273885.613564,-2.711504972305444,-8.983212067115637,3.529787063598633
1747273885.636984,-2.6893734068143305,-8.986178364122406,3.4296512603759766
1747273885.658607,-2.6892969933709194,-8.986748661991307,3.9818286895751953
1747273885.6727624,-2.685935797549603,-8.988691163241237,3.2606124877929688
1747273885.6859498,-2.685628163808686,-8.984630595005541,2.5157928466796875
1747273885.7030785,-2.6685445619296524,-8.985221924570961,2.595663070678711
1747273885.7234273,-2.6719400106769284,-8.982291600241927,2.7420520782470703
1747273885.7480667,-2.659074308187241,-8.990401722343641,2.5985240936279297
1747273885.7676651,-2.6541590103876036,-8.997680309902075,2.5091171264648438
1747273885.7878282,-2.650694402450464,-9.004718033317893,2.4902820587158203
1747273885.807811,-2.6342653933274325,-9.012913546598615,2.4509429931640625
1747273885.8281264,-2.608028103588463,-9.019942347328792,2.597332000732422
1747273885.8481326,-2.6961711054245368,-8.989041965764862,2.5620460510253906
1747273885.8641584,-2.7057525229228303,-8.992769661108014,2.812623977661133
1747273885.890221,-2.6934987350254573,-8.992684735083468,3.453493118286133
1747273885.9118917,-2.6902251013185823,-8.989468323665331,3.79180908203125
1747273885.92828,-2.6670608322175338,-8.988105452697148,2.759695053100586
1747273885.9475224,-2.6423486778615186,-8.98972746420815,2.442598342895508
1747273885.9723625,-2.6261515362387984,-8.997501096962143,3.678560256958008
1747273885.9913654,-2.632165454692027,-9.003590183317415,5.469083786010742
1747273886.0075426,-2.61749722131351,-9.01124521436703,2.438783645629883
1747273886.0275629,-2.6113440708249547,-9.013145846756334,2.5064945220947266
1747273886.0473542,-2.6108499246011556,-9.014113221238748,2.333402633666992
1747273886.0675735,-2.631475469296298,-9.005562963297615,2.454996109008789
1747273886.0888698,-2.648834876371151,-8.995747118363738,3.031015396118164
1747273886.1079097,-2.6487156777624055,-8.992717493472062,2.494335174560547
1747273886.1290174,-2.6457509707202473,-8.990650710309506,3.613710403442383
1747273886.150452,-2.639937304500039,-8.991562046098252,4.447698593139648
1747273886.1728525,-2.637022789503171,-8.99417549327845,6.053924560546875
1747273886.1882007,-2.6277249488634946,-8.994269602979587,2.445220947265625
1747273886.212261,-2.6303028932897448,-8.994825255267598,6.385564804077148
1747273886.2309632,-2.626759942578017,-8.99431014272305,5.664825439453125
1747273886.2478168,-2.6224826111140787,-9.001873334584639,2.447366714477539
1747273886.2703345,-2.606605197982422,-9.009407942309737,4.8065185546875
1747273886.2911396,-2.592016349562271,-9.016821357576317,4.569292068481445
1747273886.4392676,-2.4663231639875356,-9.068074735525274,4.323482513427734
1747273886.4613578,-2.444493202572663,-9.07961203388149,2.6397705078125
1747273886.4742362,-2.4208754403705166,-9.08843269317831,2.170562744140625
1747273886.490119,-2.3948150550844307,-9.098235965572025,4.176855087280273
1747273886.5058851,-2.386554031728429,-9.109042406471556,2.2916793823242188
1747273886.523072,-2.3781830970532827,-9.127491862699378,2.4831295013427734
1747273886.547993,-2.3606566141859986,-9.138716238453284,2.4623870849609375
1747273886.5711498,-2.3374492171990178,-9.146284083726872,5.610227584838867
1747273886.592197,-2.315232587561145,-9.159899989330901,2.7475357055664062
1747273886.611203,-2.3051754724111175,-9.173489623148573,5.846500396728516
1747273886.631678,-2.279026772025375,-9.185593244652113,4.974126815795898
1747273886.6515443,-2.254552738497432,-9.197002086953388,4.005670547485352
1747273886.6749072,-2.239500490745724,-9.204983754574945,3.1638145446777344
1747273886.687576,-2.2199053539432088,-9.215499670213473,2.8638839721679688
1747273886.7079496,-2.1960767759938085,-9.221104489708399,2.3801326751708984
1747273886.7281814,-2.1854881564586734,-9.253154583829907,2.3403167724609375
1747273886.7494812,-2.1599223331087236,-9.274258803468602,3.038167953491211
1747273886.7637916,-2.1362550926681503,-9.278877627433939,2.3391246795654297
1747273886.7833807,-2.137690835334984,-9.292990976366058,2.4399757385253906
1747273886.8033543,-2.122215997804144,-9.311473706110865,2.4902820587158203
1747273886.8288171,-2.112942606194346,-9.3154663781591,2.907991409301758
1747273886.842928,-2.0926129328248937,-9.337707673505847,2.2628307342529297
1747273886.8636625,-2.070156813269534,-9.355382360419684,2.562284469604492
1747273886.8879387,-2.0603359835231414,-9.383649032703168,2.3870468139648438
1747273886.9031715,-2.0559460479449565,-9.394239078781617,2.32696533203125
1747273886.933025,-2.0487287164201238,-9.425782873907977,5.49626350402832
1747273886.9495478,-2.0274328957045062,-9.429866172422255,3.4012794494628906
1747273886.9686556,-1.9805510365001504,-9.438272712555111,2.680063247680664
1747273886.9829574,-1.9984921567025928,-9.477439881949309,2.3086071014404297
1747273887.0083883,-1.9680040363078004,-9.495885560177634,2.5246143341064453
1747273887.028281,-1.9831947975021647,-9.52287256507621,2.4306774139404297
1747273887.0477953,-1.9729200310679327,-9.536509422585809,2.3279190063476562
1747273887.0742328,-1.9731192168262257,-9.558423898714347,8.455991744995117
1747273887.088133,-1.9766862434828756,-9.579384828572502,2.415895462036133
1747273887.1116064,-1.9265198592035806,-9.565709290866725,5.376338958740234
1747273887.1330488,-1.891943923308019,-9.564466686623913,4.936933517456055
1747273887.1558435,-1.8764642088500982,-9.573047551418737,2.3267269134521484
1747273887.1677208,-1.8502869437672558,-9.570791895609537,2.2170543670654297
1747273887.183269,-1.8187787380545506,-9.570863189583585,2.3353099822998047
1747273887.2106347,-1.782919548438967,-9.57522014894891,4.767656326293945
1747273887.2299016,-1.7698394373794415,-9.589183987874145,4.257917404174805
1747273887.2517958,-1.7569250000225316,-9.606696182238897,5.19561767578125
1747273887.2711902,-1.7993687445910018,-9.647050885848506,5.499601364135742
1747273887.2919614,-1.8180209285848572,-9.670776158603605,5.806446075439453
1747273887.3122177,-1.8211190375915416,-9.672961158624286,6.436347961425781
1747273887.3325002,-1.8204465856904533,-9.670384274469967,6.327152252197266
1747273887.351461,-1.8364757811733095,-9.688610011731143,4.360198974609375
1747273887.367592,-1.8335613576266554,-9.715823475876801,2.1686553955078125
1747273887.3882914,-1.8673830456818117,-9.734702528152441,2.3345947265625
1747273887.4081798,-1.8571794388401806,-9.759448908494813,2.5510787963867188
1747273887.4303646,-1.7738343481264263,-9.743463178835333,4.186391830444336
1747273887.4478948,-1.7740021089026508,-9.72757023648693,2.4051666259765625
1747273887.4678228,-1.780950221453897,-9.748946218911891,2.3746490478515625
1747273887.4863107,-1.8156248623927675,-9.745276418635175,2.523183822631836
1747273887.5107296,-1.8032586832164037,-9.74753199157339,4.736900329589844
1747273887.532328,-1.8316539718382403,-9.759050045436112,5.805492401123047
1747273887.5516095,-1.8687834274543553,-9.778901333552453,4.664897918701172
1747273887.5678835,-1.9477064627766618,-9.80697734555677,2.248525619506836
1747273887.5878067,-1.9257574123587073,-9.822647980663458,2.3806095123291016
1747273887.6112137,-1.9041321894989935,-9.827570114288179,4.799127578735352
1747273887.6298852,-1.8913164020225932,-9.81790025819299,4.338264465332031
1747273887.6433606,-1.9072465176628843,-9.820857877376284,2.3565292358398438
1747273887.6728714,-1.9140024962425009,-9.837515517446397,7.152795791625977
1747273887.6904588,-1.8837524730916573,-9.806258817292381,3.052234649658203
1747273887.710441,-1.929728224249047,-9.842744841548532,3.8831233978271484
1747273887.7302654,-1.9778668729238211,-9.868646628327726,3.5636425018310547
1747273887.7545211,-2.014557412226441,-9.87318929396421,3.058195114135742
1747273887.7752898,-2.1008369824955584,-9.897048816183755,5.311489105224609
1747273887.7930408,-2.1934044134955344,-9.930599291194989,2.4597644805908203
1747273887.8077931,-2.2150945240826427,-9.954499688966836,2.2275447845458984
1747273887.8278277,-2.1908991132542335,-9.943191680907189,2.2847652435302734
1747273887.8478649,-2.1780548853902304,-9.925113978557317,2.2470951080322266
1747273887.8708851,-2.2266371460090904,-9.953835074482457,4.947423934936523
1747273887.8879702,-2.34459153713918,-9.98010653049935,2.439260482788086
1747273887.9079177,-2.3882821180617357,-9.984323457563175,2.2046566009521484
1747273887.9279366,-2.4109059578456895,-9.982177382423266,2.2547245025634766
1747273887.9472673,-2.4095993801375593,-9.990624618610738,2.5200843811035156
1747273887.96866,-2.3903093751383593,-9.973118677410465,2.604961395263672
1747273887.9840655,-2.187474654424115,-9.890514196096268,2.8960704803466797
1747273888.009138,-2.2427357087170012,-9.912567745821063,3.239154815673828
1747273888.0353546,-2.3204659875890914,-9.928792878168913,9.523391723632812
1747273888.0536754,-2.2882198060043937,-9.909356304930691,3.559589385986328
1747273888.072282,-2.1090036414571554,-9.831843252254492,3.4873485565185547
1747273888.0897853,-2.128389803896046,-9.837651944392555,2.6464462280273438
1747273888.107906,-2.0427248011083585,-9.803768643920064,2.2966861724853516
1747273888.1286228,-2.0387905255553527,-9.790558688749242,2.544403076171875
1747273888.1493914,-2.0635319525997233,-9.808671442377605,3.432035446166992
1747273888.1637442,-2.0179306393452805,-9.799937937417349,2.470254898071289
1747273888.1923149,-1.925481705293502,-9.756459577862387,4.112720489501953
1747273888.2092235,-2.005700772873757,-9.776329199075798,3.323793411254883
1747273888.2308824,-1.9588806388820104,-9.760673591269413,4.68134880065918
1747273888.249251,-1.900901175996371,-9.729726597305715,3.3702850341796875
1747273888.2703242,-1.8441360881519344,-9.709336455239132,4.423618316650391
1747273888.2930226,-1.7369051015888914,-9.649316574723438,6.705760955810547
1747273888.3060315,-1.7981577693740773,-9.665103043192794,2.3195743560791016
1747273888.3232129,-1.7913768232975082,-9.667827198295182,2.4530887603759766
1747273888.3450267,-1.7234603179845138,-9.62896117233317,3.4515857696533203
1747273888.368536,-1.6431871352941947,-9.587921430540485,2.7315616607666016
1747273888.3914785,-1.6764260099452997,-9.60608098214955,5.321025848388672
1747273888.4079943,-1.7236629773380865,-9.648353183027533,2.323627471923828
1747273888.4280143,-1.776828666813772,-9.666744960266062,2.261638641357422
1747273888.4479814,-1.735746626607498,-9.635257073525185,2.3970603942871094
1747273888.4679568,-1.7927814683345178,-9.664759511619891,2.242565155029297
1747273888.485498,-1.7535558253442223,-9.657298331333397,2.4368762969970703
1747273888.5130022,-1.743215851348184,-9.652157399900858,3.702402114868164
1747273888.529232,-1.8573994326866305,-9.681110343755893,2.798318862915039
1747273888.5489714,-1.7268606011652883,-9.616694856332067,2.6612281799316406
1747273888.5696044,-1.6705232280527031,-9.580712460300584,2.969503402709961
1747273888.5901008,-1.622761581910461,-9.543611277126317,4.619836807250977
1747273888.6098375,-1.672934254839079,-9.562286269959776,3.1354427337646484
1747273888.6284935,-1.6759277365318184,-9.565084293800549,2.354860305786133
1747273888.645098,-1.6182970804111945,-9.532131161354119,2.5687217712402344
1747273888.6686802,-1.5758769821536676,-9.503879111861426,2.534627914428711
1747273888.6889114,-1.5297334457023612,-9.466736989712512,2.6345252990722656
1747273888.708336,-1.5314507544554894,-9.460841381356182,2.2857189178466797
1747273888.7288659,-1.497649143963621,-9.433502796528147,2.5873184204101562
1747273888.74967,-1.4714828297871092,-9.433352369029912,2.975940704345703
1747273888.7635863,-1.468639562777781,-9.430710195018644,2.4750232696533203
1747273888.788211,-1.5043303839072606,-9.463989557844691,2.287626266479492
1747273888.8028593,-1.4887735099164345,-9.449625195295125,2.271413803100586
1747273888.8278136,-1.490417392431198,-9.442085283565426,2.3336410522460938
1747273888.8480368,-1.5202138275012445,-9.462773603784528,2.3250579833984375
1747273888.8677135,-1.500122768668913,-9.45583931367112,2.2640228271484375
1747273888.889975,-1.593379675944197,-9.509599994712158,3.7369728088378906
1747273888.9112806,-1.617862036052054,-9.514539203842228,3.5529136657714844
1747273888.9278116,-1.5826697796160147,-9.513226934846157,2.190828323364258
1747273888.9559278,-1.5807456472905803,-9.504043157122458,2.3970603942871094
1747273888.9714608,-1.5318603128873602,-9.476537335813779,3.674030303955078
1747273888.9937677,-1.5160116542648925,-9.466809842993031,4.645586013793945
1747273889.0134022,-1.5392486086765553,-9.488127391733356,5.652904510498047
1747273889.0279477,-1.607453718775334,-9.545949474211788,2.244234085083008
1747273889.052466,-1.5439291022707053,-9.500738993561125,4.917144775390625
1747273889.070344,-1.5229790457356525,-9.493587184297727,4.503726959228516
1747273889.090837,-1.4901469622563281,-9.480775893070305,4.75001335144043
1747273889.1109617,-1.4594008584011235,-9.458692133405753,5.075931549072266
1747273889.1315484,-1.4434608649526437,-9.460822059392989,5.4035186767578125
1747273889.1544187,-1.4628391369825617,-9.475406140136554,2.474546432495117
1747273889.170677,-1.4623666436322011,-9.472685986360053,4.624128341674805
1747273889.192362,-1.526613055610916,-9.49915003335075,6.116151809692383
1747273889.2107327,-1.5177951647794483,-9.484677966456566,4.927396774291992
1747273889.228124,-1.5029904261112421,-9.470985030589013,2.2592544555664062
1747273889.2513933,-1.486449182827804,-9.468525551218196,5.455493927001953
1747273889.268048,-1.5014632144211233,-9.470322807217137,2.237558364868164
1747273889.2878687,-1.4732544502263416,-9.458398487920327,2.2373199462890625
1747273889.3081868,-1.5092052523549282,-9.4861171507552,2.282857894897461
1747273889.3232906,-1.5291044612652742,-9.488486224283484,2.2346973419189453
1747273889.3482265,-1.4859513773740531,-9.471618350346818,2.377748489379883
1747273889.367883,-1.4689201362346234,-9.46683973281361,2.288818359375
1747273889.3877673,-1.4756490527355444,-9.474487162109169,2.2535324096679688
1747273889.4118493,-1.4409444886272211,-9.457877687645604,5.521059036254883
1747273889.428317,-1.4391579331912696,-9.445935463671134,2.2568702697753906
1747273889.4521403,-1.4482511619068767,-9.436260552241002,5.653142929077148
1747273889.4719968,-1.4782646022901893,-9.444595549155173,3.0286312103271484
1747273889.4842603,-1.446333104787015,-9.429689751921707,2.4476051330566406
1747273889.5038095,-1.4284816502188444,-9.430027981688424,2.496004104614258
1747273889.524424,-1.4647188285659825,-9.422369977405213,2.6688575744628906
1747273889.5480402,-1.5012004794972273,-9.414959213020024,2.3238658905029297
1747273889.575441,-1.504957903403613,-9.413514897123102,2.598285675048828
1747273889.5898094,-1.4907360397835125,-9.419686939263118,2.4623870849609375
1747273889.6086748,-1.4723418548892828,-9.417896387943427,2.8405189514160156
1747273889.632232,-1.4742943773094837,-9.412189747285215,5.016565322875977
1747273889.6500921,-1.4518746478608,-9.404304862746386,2.8672218322753906
1747273889.6730797,-1.444476535273608,-9.401383717715513,5.5255889892578125
1747273889.6944053,-1.4540723896056753,-9.404495959360814,3.6096572875976562
1747273889.7135215,-1.463667778454792,-9.402732998460623,2.2814273834228516
1747273889.7259798,-1.4618524134099815,-9.393782857111848,2.256631851196289
1747273889.7437496,-1.4605686477612387,-9.393316683817567,2.2172927856445312
1747273889.7649088,-1.4492796580960172,-9.401621985280972,2.630472183227539
1747273889.7887166,-1.4399939484808344,-9.409226431712296,2.414703369140625
1747273889.8084607,-1.4396818596389045,-9.408280321156372,2.2928714752197266
1747273889.8291,-1.3961746172046385,-9.418149437435247,2.9692649841308594
1747273889.8483255,-1.387580103749287,-9.421173633073458,2.386331558227539
1747273889.8718026,-1.3491319724203525,-9.425519512964785,4.352807998657227
1747273889.894153,-1.3432395155355212,-9.419922068813147,2.469301223754883
1747273889.9072132,-1.3333113030441726,-9.41644721578722,2.284526824951172
1747273889.9319038,-1.320523380753016,-9.421404492373565,5.649328231811523
1747273889.9523952,-1.3457961202287103,-9.410736179424932,4.585504531860352
1747273889.964173,-1.3334754351355171,-9.413108620344772,2.3212432861328125
1747273889.9832776,-1.345077583389361,-9.412796513615659,2.319812774658203
1747273890.008103,-1.3460103288115628,-9.417339072630066,2.3040771484375
1747273890.0323966,-1.3780127314613622,-9.408105226993769,5.460977554321289
1747273890.0504205,-1.374505874483123,-9.410700974701912,4.420042037963867
1747273890.0722609,-1.3766282210662188,-9.400166450023445,4.017829895019531
1747273890.091897,-1.3612782916422645,-9.396268205807958,4.309654235839844
1747273890.1129837,-1.3498203851863042,-9.410049762315637,3.9739608764648438
1747273890.1308038,-1.3360246052026383,-9.416663886202635,4.3125152587890625
1747273890.1559763,-1.3391571481449522,-9.41114273556719,3.427267074584961
1747273890.168185,-1.3215009041512202,-9.419827128882853,2.340555191040039
1747273890.1884115,-1.3190152550142125,-9.409694409658306,2.3767948150634766
1747273890.20964,-1.3216679789018784,-9.40077548383921,2.9573440551757812
1747273890.2281947,-1.306856528976623,-9.396116575505566,2.2034645080566406
1747273890.2485301,-1.3087169132138807,-9.387775489507243,2.2847652435302734
1747273890.2681785,-1.303715717452795,-9.395464454261845,2.2428035736083984
1747273890.2891707,-1.3179173285385613,-9.375466652683693,2.5365352630615234
1747273890.3129058,-1.3273170857106664,-9.370423872038605,6.182670593261719
1747273890.3283563,-1.3337299963919265,-9.365367209886264,2.423524856567383
1747273890.3521116,-1.3614722040356178,-9.369874822933044,3.020763397216797
1747273890.3679743,-1.3392876924426276,-9.361570735272437,2.3794174194335938
1747273890.3881714,-1.332761139292712,-9.36068667191687,2.308368682861328
1747273890.4079325,-1.3464011501678221,-9.365670847563928,2.323627471923828
1747273890.429333,-1.3589661020697683,-9.368930664175824,3.101348876953125
1747273890.4560797,-1.3187056923604212,-9.359222209762446,8.811712265014648
1747273890.4791977,-1.3057063107775755,-9.356651768060445,2.5174617767333984
1747273890.4930549,-1.2924630870162086,-9.360750757733024,4.693746566772461
1747273890.5103219,-1.2944714977439844,-9.370520325519355,4.05120849609375
1747273890.528639,-1.2926873981315072,-9.389843771451378,2.384185791015625
1747273890.5529337,-1.2743248072077304,-9.3973809773698,6.332635879516602
1747273890.566159,-1.2740733537105722,-9.395300908427831,2.549886703491211
1747273890.5911689,-1.2578952027230559,-9.399084087388884,4.886865615844727
1747273890.6115694,-1.2498285388164976,-9.40773179031133,5.570650100708008
1747273890.6283984,-1.2447913690150336,-9.416682815363355,2.310037612915039
1747273890.6515403,-1.2321497290289802,-9.424177496466353,5.341291427612305
1747273890.6714745,-1.216727397980953,-9.432892744661261,5.536556243896484
1747273890.6881773,-1.2126738821119183,-9.425306155497498,2.325296401977539
1747273890.707859,-1.2246172283313412,-9.408488894404423,2.2530555725097656
1747273890.727924,-1.2208887729026205,-9.430046861972238,2.2094249725341797
1747273890.7519107,-1.2198089946863557,-9.42894097745651,5.352973937988281
1747273890.7681117,-1.2171181410953869,-9.430780595325144,2.2873878479003906
1747273890.788086,-1.2129977466704347,-9.415002754157287,2.3288726806640625
1747273890.8077033,-1.2260034050807815,-9.405255369878164,2.62451171875
1747273890.8324213,-1.23708377330731,-9.393410409341948,5.903720855712891
1747273890.855189,-1.2344180332144812,-9.402971997499453,2.5522708892822266
1747273890.8672636,-1.2140100195843526,-9.375823835928733,2.2542476654052734
1747273890.8880258,-1.211489105659177,-9.372715571244314,2.2478103637695312
1747273890.9081557,-1.210206663068015,-9.392307430755714,2.3326873779296875
1747273890.9282503,-1.2133937723740698,-9.415303376138736,2.349853515625
1747273890.9486952,-1.2197314150720309,-9.435214221453332,2.5556087493896484
1747273890.9683073,-1.18708896275896,-9.407075226888969,2.3965835571289062
1747273890.9832575,-1.1978618428023042,-9.430650344506496,2.3245811462402344
1747273891.008206,-1.1868612767514983,-9.441758571176301,2.490997314453125
1747273891.0283773,-1.1875537701439354,-9.45008491524298,2.3546218872070312
1747273891.050653,-1.2234798537487601,-9.512457347305013,4.546403884887695
1747273891.076101,-1.283812486141788,-9.556338662627839,9.35220718383789
1747273891.095707,-1.2737314534215272,-9.562803083594607,4.145622253417969
1747273891.111284,-1.2570328209519912,-9.553513702565255,4.741907119750977
1747273891.1346502,-1.285810735947363,-9.545902190021842,6.332635879516602
1747273891.1557262,-1.3040058870400493,-9.587446778460377,2.896547317504883
1747273891.171731,-1.3397695300221895,-9.604351929302519,4.478931427001953
1747273891.1911728,-1.3080787522515334,-9.593301912225106,4.760026931762695
1747273891.2084146,-1.3432922818463306,-9.617654642264174,2.373933792114258
1747273891.228165,-1.3433030297470492,-9.62656060791828,2.2122859954833984
1747273891.2484832,-1.3334493304731876,-9.659392181377854,2.421140670776367
1747273891.2681248,-1.3400211891424834,-9.642833021526618,2.2764205932617188
1747273891.2844107,-1.316740219578743,-9.63314746307081,2.7589797973632812
1747273891.443101,-1.3916427681016426,-9.658266137706882,2.7878284454345703
1747273891.4658856,-1.4389573705993772,-9.664519758682552,4.221677780151367
1747273891.4880059,-1.3781013268269386,-9.711155551363293,2.366781234741211
1747273891.5043194,-1.500911934955713,-9.768843851416497,4.773616790771484
1747273891.521612,-1.5385140775322785,-9.778774915943774,3.0901432037353516
1747273891.5409465,-1.5192130883217905,-9.809250264620049,2.877950668334961
1747273891.554255,-1.5704121369871544,-9.833631838316375,4.486322402954102
1747273891.5686612,-1.5986749831506184,-9.840228864720721,2.3374557495117188
1747273891.5890071,-1.5423259333284383,-9.856272890558284,2.4161338806152344
1747273891.6136568,-1.6643667058336065,-9.840463354433874,6.509065628051758
1747273891.6318562,-1.6726937852713406,-9.841104620088586,5.431652069091797
1747273891.6485035,-1.713898224002974,-9.876132163491217,2.572298049926758
1747273891.6728902,-1.7763179044661372,-9.85523280729874,5.3558349609375
1747273891.6901176,-1.8111031278801053,-9.842072720100006,2.994060516357422
1747273891.7100465,-1.8963386712312607,-9.843678599853316,3.1757354736328125
1747273891.72824,-1.9018481227359487,-9.883556586100784,2.312898635864258
1747273891.7482288,-1.9473998932418441,-9.86639763109474,2.3031234741210938
1747273891.7687943,-1.9892084168413748,-9.863137259992348,2.331256866455078
1747273891.788237,-2.0428239396969543,-9.809655673391097,2.416849136352539
1747273891.808238,-2.0694501868974515,-9.81222178295086,2.2525787353515625
1747273891.8288782,-2.1168072753337235,-9.809741264968578,2.458810806274414
1747273891.8450406,-2.160573665694152,-9.788893220959151,2.9587745666503906
1747273891.8685987,-2.196556380210576,-9.809745890004969,2.3784637451171875
1747273891.8882864,-2.2570865019421293,-9.738439242510655,2.2509098052978516
1747273891.9158816,-2.299857920442156,-9.749567399811097,5.513429641723633
1747273891.9338126,-2.3089522053943297,-9.765325400305368,5.524158477783203
1747273891.9562156,-2.355993199849256,-9.745433664956279,6.385564804077148
1747273891.9740121,-2.3833024155885285,-9.733592113801764,3.348112106323242
1747273891.9919555,-2.424677307833224,-9.750844668181793,5.471467971801758
1747273892.0086155,-2.440072821023999,-9.749737407153185,2.3756027221679688
1747273892.0284567,-2.4926806206702645,-9.67766082671661,2.2721290588378906
1747273892.0434873,-2.538213934701932,-9.660759257358077,2.3665428161621094
1747273892.0643885,-2.5662630368143353,-9.666068098299235,2.3725032806396484
1747273892.0943844,-2.589754923106237,-9.698678936257188,7.525205612182617
1747273892.1115828,-2.6000289188926287,-9.727204853059712,5.018711090087891
1747273892.1306586,-2.6073755307058155,-9.755884076736606,3.905057907104492
1747273892.152235,-2.6229981233245856,-9.752321136718754,4.874944686889648
1747273892.1707284,-2.6428365603340187,-9.705398739584417,2.4394989013671875
1747273892.1930747,-2.649046701167578,-9.711652589543132,5.1212310791015625
1747273892.2119954,-2.6502753998055946,-9.743372115690214,4.372596740722656
1747273892.2236047,-2.6636787178536547,-9.762608163581504,2.3233890533447266
1747273892.2444403,-2.6846797669861817,-9.7346957337591,2.3217201232910156
1747273892.2689974,-2.712798723224179,-9.69867260681769,2.6662349700927734
1747273892.288883,-2.71962487217123,-9.71035992117534,2.341032028198242
1747273892.3090558,-2.7319512392105287,-9.716806732047118,2.5343894958496094
1747273892.3288655,-2.7360749884494315,-9.708161801581664,2.6493072509765625
1747273892.348373,-2.7519118580408017,-9.65844631366309,2.1924972534179688
1747273892.3686607,-2.777072811671511,-9.622910427245895,2.4690628051757812
1747273892.3883796,-2.7444867962249373,-9.537378553690132,2.2885799407958984
1747273892.4101737,-2.758369080693648,-9.538110482434785,4.2591094970703125
1747273892.4312701,-2.7774809877119084,-9.586802162044236,2.908468246459961
1747273892.4439793,-2.7825904073893635,-9.599641163954034,2.231597900390625
1747273892.4644136,-2.8027528134323383,-9.577051164035765,2.3720264434814453
1747273892.485299,-2.8338729903039868,-9.567798912951611,2.5300979614257812
1747273892.5090866,-2.8621266645837156,-9.58022928244641,2.7801990509033203
1747273892.5327454,-2.9452204243318993,-9.631950299377742,4.94837760925293
1747273892.5482402,-2.9402463570953943,-9.728986313453186,2.2161006927490234
1747273892.573945,-2.9520189600955034,-9.82765549339898,7.2994232177734375
1747273892.5889618,-2.972824922595234,-9.759112426757506,2.3653507232666016
1747273892.6110766,-2.9811712011587344,-9.774983879366042,4.67681884765625
1747273892.6327112,-2.989253203203867,-9.796014267185978,6.151437759399414
1747273892.652829,-2.998656456641409,-9.862485127314214,6.27446174621582
1747273892.6773462,-3.0276292888918697,-9.875155373877686,2.4890899658203125
1747273892.6940413,-3.0199415958364684,-9.903030506365363,5.676507949829102
1747273892.7097175,-3.0441550950594762,-9.94388841282054,3.1893253326416016
1747273892.7287478,-3.0643562634539383,-9.953298203296526,2.3810863494873047
1747273892.7483463,-3.1373737950408422,-9.883013646455522,2.263307571411133
1747273892.7684574,-3.1452361394949806,-9.940537280151165,2.249002456665039
1747273892.7886808,-3.166149157576182,-9.906848792632433,2.2575855255126953
1747273892.8085043,-3.1793793577185974,-9.925646461813862,2.28118896484375
1747273892.8284976,-3.1985662794388108,-9.932487254916312,2.3584365844726562
1747273892.8507028,-3.169513199346215,-9.956743137212426,4.145622253417969
1747273892.8655708,-3.19628212825791,-9.941075563114998,2.271890640258789
1747273892.8908386,-3.180594422205441,-9.956090838133045,4.349708557128906
1747273892.9121192,-3.1463314881266635,-9.981728565004344,5.785703659057617
1747273892.9257395,-3.1369725856118316,-9.96194940286087,2.499103546142578
1747273892.9445994,-3.1494157194220898,-9.95264075785138,2.5148391723632812
1747273892.9741092,-3.193368059186817,-9.912733451794775,7.132291793823242
1747273892.992288,-3.19752280501082,-9.891254682028986,4.896640777587891
1747273893.0086675,-3.180193381553369,-9.9282300708572,2.3491382598876953
1747273893.0286016,-3.217409890792708,-9.893203460291437,2.2742748260498047
1747273893.0540056,-3.230004914846024,-9.903910267979974,6.8874359130859375
1747273893.0812035,-3.284212176049927,-9.889697334590599,3.8597583770751953
1747273893.1043532,-3.2352011994918963,-9.915767942374691,6.612539291381836
1747273893.1262362,-3.288743144006748,-9.8723133556987,4.46629524230957
1747273893.140999,-3.284294871115147,-9.923042408753766,3.1092166900634766
1747273893.152503,-3.2278362924160766,-9.94311129060633,3.639698028564453
1747273893.1698277,-3.2565556261200594,-9.896205388970586,2.979755401611328
1747273893.1844902,-3.270798491215726,-9.905628281723256,2.387523651123047
1747273893.2095048,-3.2648376955465737,-9.909084282657258,2.835512161254883
1747273893.2238042,-3.2495566910700884,-9.878378160294794,2.290010452270508
1747273893.244336,-3.30081737964,-9.902120043704565,2.4302005767822266
1747273893.2689834,-3.29305492844682,-9.876894705720638,2.4671554565429688
1747273893.2889187,-3.311283161420428,-9.892247101684918,2.468585968017578
1747273893.309594,-3.39189814032572,-9.921415584459966,2.631664276123047
1747273893.3288162,-3.449608977326565,-9.984355918867788,2.3872852325439453
1747273893.343753,-3.5152907490268372,-9.972519430475186,2.304553985595703
1747273893.3638525,-3.543661356376682,-9.958987379849207,2.2499561309814453
1747273893.3909447,-3.5867119071729614,-10.050075774563291,4.240512847900391
1747273893.4086046,-3.6346708767111044,-9.998002394228575,3.8824081420898438
1747273893.424747,-3.6464342654816826,-10.067603963491873,2.723217010498047
1747273893.4556215,-3.6951707781222956,-10.018454629723214,6.291866302490234
1747273893.4719937,-3.695825030762367,-9.934968784827252,2.9511451721191406
1747273893.4841604,-3.6977397658382514,-9.960394616738748,2.20489501953125
1747273893.5119047,-3.747515857949166,-9.919989409380797,5.294561386108398
1747273893.5304542,-3.7580084390006094,-9.962680321394705,3.8938522338867188
1747273893.5502043,-3.7960967052278902,-9.974259109528123,3.8330554962158203
1747273893.5738635,-3.805701105280306,-9.86889970366184,5.454063415527344
1747273893.590195,-3.809823984078698,-9.837349632647907,3.625154495239258
1747273893.6123798,-3.828448096050844,-9.910424214593263,6.021022796630859
1747273893.6319823,-3.8200158610759534,-9.824221968214745,5.565404891967773
1747273893.6536613,-3.842464745583865,-9.806645422538796,5.700111389160156
1747273893.6690552,-3.86368106305573,-9.786544134697316,2.3145675659179688
1747273893.691583,-3.895898529138298,-9.774392409826413,4.473447799682617
1747273893.7096176,-3.9193752744101533,-9.814180926653318,3.0336380004882812
1747273893.7286992,-3.94299903655178,-9.85823309381708,2.305269241333008
1747273893.7436426,-3.9394701613174226,-9.808205929409079,2.3505687713623047
1747273893.768579,-3.9520711579376786,-9.783907635476039,2.345561981201172
1747273893.78857,-3.9439318890574158,-9.73530862907932,2.2690296173095703
1747273893.8085263,-3.940678725556054,-9.705602273310003,2.275228500366211
1747273893.8289907,-3.9712917278754283,-9.751363477668077,2.4085044860839844
1747273893.8486981,-3.989822230461992,-9.744913324994599,2.3348331451416016
1747273893.8758438,-4.027570768063735,-9.846970017790593,8.710384368896484
1747273893.8947453,-4.047077874102381,-9.81716706795434,7.013082504272461
1747273893.923174,-4.046591043326077,-9.87078271906277,2.9137134552001953
1747273893.9482083,-4.043329265564889,-9.838823630466592,2.6345252990722656
1747273893.97374,-4.038718437344265,-9.615720609410692,7.800817489624023
1747273893.994584,-4.094733135901629,-9.616259476979039,7.854700088500977
1747273894.0103526,-4.158787023888582,-9.652876916599283,2.649068832397461
1747273894.0306468,-4.198552942126347,-9.685876613509851,3.0024051666259766
1747273894.04881,-4.224544783454693,-9.64914742988064,2.475738525390625
1747273894.0694356,-4.26326340565434,-9.71853925294327,2.8014183044433594
1747273894.090935,-4.314198035439551,-9.787136919392433,4.431009292602539
1747273894.1117826,-4.319100088656343,-9.847079727574753,5.438089370727539
1747273894.132611,-4.31984928534168,-9.922081604334451,4.305124282836914
1747273894.1521182,-4.327071019154701,-9.877939674094533,5.77092170715332
1747273894.1718016,-4.358875269880074,-9.847644076002384,5.429744720458984
1747273894.1947238,-4.3851886826066115,-9.787218284237518,6.974458694458008
1747273894.2073503,-4.4047535490158545,-9.758831154845321,2.3038387298583984
1747273894.2287579,-4.4482542537831975,-9.691766707838939,2.4313926696777344
1747273894.2490537,-4.476981292430486,-9.78879946703241,2.4242401123046875
1747273894.2685537,-4.471990500684162,-9.755037822012307,2.290010452270508
1747273894.2938693,-4.481820503380422,-9.67698031875216,6.729841232299805
1747273894.3104236,-4.492348899283263,-9.732036038158986,2.4302005767822266
1747273894.3286524,-4.553173893773468,-9.819039773379698,2.418041229248047
1747273894.3486106,-4.624434618119646,-9.97178027725812,2.383708953857422
1747273894.3703742,-4.620752857302506,-9.968237305644715,4.167079925537109
1747273894.3912194,-4.677991231033002,-9.899466625750934,3.143787384033203
1747273894.409038,-4.718317374196011,-9.930544147235675,2.374887466430664
1747273894.4354286,-4.720150597201622,-9.931024354386086,3.9298534393310547
1747273894.4521265,-4.733914172190972,-9.898010014090111,2.7513504028320312
1747273894.4707909,-4.748200554080289,-9.906725732631726,2.553224563598633
1747273894.4899924,-4.743388560160514,-9.988942419384644,2.5980472564697266
1747273894.5101073,-4.723826148687073,-9.992234900894019,2.7115345001220703
1747273894.5289836,-4.738410245259754,-10.077336844107965,2.4094581604003906
1747273894.556822,-4.760825107127859,-10.211999368404097,10.571718215942383
1747273894.5730925,-4.783521749544207,-10.29944148738517,4.691600799560547
1747273894.584825,-4.776365675742475,-10.264863798172126,2.300739288330078
1747273894.6128724,-4.783816726575136,-10.148168719162866,4.936456680297852
1747273894.629162,-4.790029985290359,-10.156228074503826,2.439737319946289
1747273894.648867,-4.759510713988495,-10.144668391682664,2.4461746215820312
1747273894.665567,-4.762933263899153,-10.131543286712969,2.345561981201172
1747273894.6907427,-4.7809785790070665,-10.215021776578416,3.839254379272461
1747273894.7091491,-4.793289892285383,-10.16290221494215,2.462625503540039
1747273894.7306132,-4.810223344656157,-10.12560526673825,3.056764602661133
1747273894.7457268,-4.810890172506908,-10.01933427065383,2.293825149536133
1747273894.7639601,-4.843799030344547,-10.022941798755559,2.371549606323242
1747273894.7907765,-4.829478661637006,-9.99743507200001,2.560138702392578
1747273894.811774,-4.816529500015745,-9.768606814406077,5.036592483520508
1747273894.8282301,-4.8065023557578535,-9.721919000931848,2.49481201171875
1747273894.8492622,-4.804216518038299,-9.690816545796762,2.444744110107422
1747273894.8659136,-4.8197237295473405,-9.710799714966212,2.8448104858398438
1747273894.892843,-4.855622171196049,-9.75133987441272,5.553007125854492
1747273894.9092972,-4.840050131468882,-9.73188941505472,2.5987625122070312
1747273894.9245913,-4.846413430140546,-9.83572491748423,2.4585723876953125
1747273894.954366,-4.86069690861733,-9.837942308308172,5.486011505126953
1747273894.9722388,-4.867920036567343,-9.87001123454662,2.954244613647461
1747273894.988868,-4.854788354621336,-9.806454866985021,2.4890899658203125
1747273895.009624,-4.885689009332287,-9.921194614645213,2.427339553833008
1747273895.028867,-4.874044838524737,-9.804623590405667,2.3212432861328125
1747273895.0488596,-4.895561921642699,-9.789656459810107,2.469301223754883
1747273895.0701308,-4.891301527024972,-9.786272893354749,2.7022361755371094
1747273895.0923693,-4.918909064165245,-9.829190705153632,5.488395690917969
1747273895.1107473,-4.942682986857457,-9.879563890165317,4.377603530883789
1747273895.1291654,-4.97007927496983,-9.915879065093643,2.4292469024658203
1747273895.1503143,-4.943410183698464,-9.86414845522607,2.3965835571289062
1747273895.1712308,-4.97040003313148,-9.942152851755278,3.3423900604248047
1747273895.189481,-4.93422461280368,-9.859871487810699,2.407550811767578
1747273895.2092605,-4.925819884367314,-9.807481449931874,2.808809280395508
1747273895.2296731,-4.935753282258327,-9.861659299147618,2.8498172760009766
1747273895.2525692,-4.879949095111932,-9.784220287542436,3.299236297607422
1747273895.2698216,-4.85669546721147,-9.772799416996849,3.0808448791503906
1747273895.2922754,-4.829502902151738,-9.672312434552696,4.379510879516602
1747273895.308754,-4.8371029489058674,-9.703129957326698,2.3069381713867188
1747273895.3289292,-4.839422505310974,-9.704603694645142,2.337932586669922
1747273895.3486073,-4.789101966197724,-9.561374387363411,2.3202896118164062
1747273895.3692129,-4.812641208332743,-9.67706796664916,2.494335174560547
1747273895.3891206,-4.798773711918864,-9.602084662785938,2.382516860961914
1747273895.408971,-4.819364960674648,-9.639627761746812,2.3849010467529297
1747273895.4293954,-4.805748728163026,-9.603640780462515,2.578258514404297
1747273895.4501622,-4.82255687900887,-9.64672132388815,3.651142120361328
1747273895.4723594,-4.8375046562162725,-9.716087117732803,4.33349609375
1747273895.493595,-4.841280906483932,-9.70261513702143,3.445863723754883
1747273895.5129273,-4.836272422654562,-9.770266067478628,6.268978118896484
1747273895.5298777,-4.813290585819847,-9.759002655691388,2.567291259765625
1747273895.55095,-4.797550954829597,-9.694048627103601,4.505395889282227
1747273895.571509,-4.811413477869813,-9.820179448983378,4.324197769165039
1747273895.5954247,-4.837955264240899,-9.962403789788482,2.737283706665039
1747273895.6168451,-4.7916244536076675,-9.849982332628661,7.978200912475586
1747273895.6365497,-4.844486193133932,-9.974033447613447,3.2329559326171875
1747273895.6544657,-4.842165731548688,-9.99012755420218,2.980470657348633
1747273895.669486,-4.843067634363974,-10.047172810038978,2.5606155395507812
1747273895.6878204,-4.848803374366381,-10.016285688954047,2.9501914978027344
1747273895.7100003,-4.886376851798797,-10.114174142015196,2.4411678314208984
1747273895.7318451,-4.827174022522137,-10.10159751444812,2.996683120727539
1747273895.7442646,-4.7936929388410165,-10.064016659724567,2.2683143615722656
1747273895.772698,-4.780240982521259,-10.09211048470656,4.148721694946289
1747273895.7890067,-4.7603954237371715,-10.109242306133165,2.4230480194091797
1747273895.8088896,-4.768912756675663,-10.141157483851327,2.2749900817871094
1747273895.8249612,-4.763434255170542,-10.087906647341535,2.6645660400390625
1747273895.8490608,-4.770410783638387,-10.189157480081487,2.3450851440429688
1747273895.8707905,-4.82538379213522,-10.285860485099231,2.6116371154785156
1747273895.8890743,-4.825385389534072,-10.295988915564543,2.4077892303466797
1747273895.908856,-4.8375112529156725,-10.325115888690611,2.4657249450683594
1747273895.929602,-4.745598033605859,-10.282056890219993,2.8617382049560547
1747273895.9546223,-4.743241007365484,-10.3177313878034,7.929563522338867
1747273895.9753308,-4.765928886726461,-10.334157580762707,2.6912689208984375
1747273895.992408,-4.721247336642738,-10.333908650219236,2.778291702270508
1747273896.0090008,-4.713350606979395,-10.266606783838082,2.3679733276367188
1747273896.02923,-4.705059575035371,-10.249628764930009,2.7489662170410156
1747273896.0495608,-4.658396169240445,-10.303706041703162,2.5911331176757812
1747273896.0742924,-4.5845524501916834,-10.326719563237084,5.197763442993164
1747273896.0909855,-4.5658594053473625,-10.315202887113015,2.774953842163086
1747273896.1095047,-4.613598181254462,-10.242124000658485,2.5589466094970703
1747273896.1267018,-4.571253423916525,-10.403949580842045,2.415895462036133
1747273896.1494837,-4.627001176649608,-10.483564948216268,2.725839614868164
1747273896.1732895,-4.575708731287687,-10.545683414387675,4.507541656494141
1747273896.1889448,-4.5656350126391985,-10.498421178988764,2.3262500762939453
1747273896.2096825,-4.494471168180792,-10.513565399836693,2.596139907836914
1747273896.2290523,-4.757750896778257,-10.56387978787684,2.315521240234375
1747273896.2492962,-4.645863035555884,-10.576731516854558,2.4144649505615234
1747273896.2724614,-4.596805582824275,-10.583343156415078,2.5606155395507812
1747273896.2899597,-4.750580587318426,-10.592552779955966,2.424478530883789
1747273896.4480643,-4.778904968348305,-10.66344740523543,3.4868717193603516
1747273896.475108,-4.692556003398437,-10.592740760638842,2.367258071899414
1747273896.4933097,-4.6919004147711165,-10.580201659318414,5.009889602661133
1747273896.5108836,-4.566944393697182,-10.571628309365199,3.1478404998779297
1747273896.5345519,-4.551629470518164,-10.565318626420675,7.577657699584961
1747273896.5537534,-4.596322679658183,-10.630293940158493,5.771398544311523
1747273896.5737724,-4.5957370223418,-10.652800975868967,6.406068801879883
1747273896.5918934,-4.62490364956828,-10.7003041554394,4.446506500244141
1747273896.6201272,-4.577886277937268,-10.673878160909496,7.569551467895508
1747273896.6490629,-4.584036863645847,-10.645393167981167,3.371715545654297
1747273896.6656103,-4.570712617925853,-10.663917977063292,2.8090476989746094
1747273896.683446,-4.528073535955586,-10.66678456167162,3.313779830932617
1747273896.7014804,-4.54985324862272,-10.680402150654945,3.801584243774414
1747273896.718273,-4.548548050193343,-10.666468344258945,3.3092498779296875
1747273896.7319605,-4.454055040665784,-10.68512113812051,2.7265548706054688
1747273896.7535367,-4.5269707183251935,-10.689888212447554,5.085468292236328
1747273896.771875,-4.619648747092322,-10.75183012662888,5.206584930419922
1747273896.7928855,-4.610153183481909,-10.724912893972142,5.591869354248047
1747273896.813986,-4.708228358032832,-10.81605497623867,6.226778030395508
1747273896.8302207,-4.8266040066565,-10.82822842276515,2.3784637451171875
1747273896.8495219,-4.782917245155668,-10.859464850919712,2.4461746215820312
1747273896.8653593,-4.96781224725938,-10.81444715832054,2.264738082885742
1747273896.8951135,-4.805764528430008,-10.814618290933497,7.359504699707031
1747273896.9092102,-4.827591750015298,-10.813930019243209,2.724170684814453
1747273896.9403758,-4.794205274585714,-10.792273077117171,5.03849983215332
1747273896.9587579,-4.720589209949206,-10.773740958206684,2.444744110107422
1747273896.9730005,-4.744996005437966,-10.746279977609504,3.1473636627197266
1747273896.9884157,-4.7161006913780374,-10.753824694970659,2.7794837951660156
1747273897.005072,-4.894504643086844,-10.750289454816121,2.7942657470703125
1747273897.0337615,-4.786799455032113,-10.740889046055571,5.1937103271484375
1747273897.049833,-4.692649713262239,-10.735755079058132,2.3717880249023438
1747273897.071875,-4.761296278257352,-10.710795991437232,4.277944564819336
1747273897.0939503,-4.853752738432142,-10.677153104000187,7.064104080200195
1747273897.1128757,-4.916967835625828,-10.687675426735517,4.333734512329102
1747273897.1326983,-4.886964159060831,-10.647237767609365,4.7473907470703125
1747273897.1526074,-5.056306831616797,-10.668561229120487,5.382299423217773
1747273897.1711361,-5.14778481095787,-10.639140987549453,3.419637680053711
1747273897.184365,-5.275677495220396,-10.583389955212914,2.343416213989258
1747273897.2098632,-5.325067781190251,-10.562507235618122,2.3059844970703125
1747273897.2300568,-5.381729318731407,-10.54616991539658,2.779245376586914
1747273897.2494261,-5.367625990668757,-10.55968610358371,2.6214122772216797
1747273897.2696161,-5.281380168356336,-10.587103306453168,2.2726058959960938
1747273897.2908678,-5.251457712081738,-10.570009711110488,2.697467803955078
1747273897.3106415,-5.223631052289782,-10.592145495045871,2.2890567779541016
1747273897.3291209,-5.2379317874714,-10.567510004457247,2.375364303588867
1747273897.3491056,-5.198111129760144,-10.582893193253446,2.3229122161865234
1747273897.3696277,-5.20737053934596,-10.57426483854434,2.2988319396972656
1747273897.39252,-5.1180280784978756,-10.60606806847254,4.120588302612305
1747273897.415089,-5.280104781800302,-10.561010610640684,6.758451461791992
1747273897.434481,-5.276160994914288,-10.572333565614207,6.692171096801758
1747273897.4535432,-5.363191270171257,-10.512558078498309,4.714488983154297
1747273897.4694512,-5.430821549288011,-10.484607333473033,2.570629119873047
1747273897.489291,-5.479298802066808,-10.45303457942362,2.5582313537597656
1747273897.5113008,-5.448657254097006,-10.49165076192988,2.672910690307617
1747273897.5296602,-5.391752404847471,-10.510291107554682,2.393007278442383
1747273897.5569448,-5.404205641171822,-10.510289962686688,2.9027462005615234
1747273897.572712,-5.427536412595563,-10.494170289810853,3.2761096954345703
1747273897.5896537,-5.271747840959816,-10.588397609927638,2.3145675659179688
1747273897.6097152,-5.226464616335581,-10.607177870621813,4.649162292480469
1747273897.6307135,-5.095723748125679,-10.674601858074796,2.9375553131103516
1747273897.6519306,-5.081102550970745,-10.666567183710425,4.9648284912109375
1747273897.6659153,-5.099021177058245,-10.668994992150596,2.2084712982177734
1747273897.6901891,-5.153616209610309,-10.632202331242178,3.2758712768554688
1747273897.7067273,-5.177175765342093,-10.64058356390644,2.483367919921875
1747273897.7296712,-5.164436141370219,-10.639175145962863,2.3012161254882812
1747273897.7493083,-5.137679354412574,-10.656988367259702,2.424955368041992
1747273897.7733092,-5.127400607860233,-10.674422068266239,5.629301071166992
1747273897.7928581,-5.155524761958437,-10.666446237330659,4.709720611572266
1747273897.8109899,-5.22013626662419,-10.632450934061428,2.847433090209961
1747273897.829453,-5.211705064711283,-10.624297119466751,2.354145050048828
1747273897.8500235,-5.210764860576365,-10.626369125784144,2.3009777069091797
1747273897.864379,-5.201596638313441,-10.637344342252474,2.464771270751953
1747273897.890457,-5.292696855663706,-10.583590886072818,2.962350845336914
1747273897.911671,-5.234303048715976,-10.607149830753743,4.123926162719727
1747273897.9303083,-5.236052061772569,-10.61970904999816,3.1938552856445312
1747273897.9450712,-5.284475731573077,-10.588029086334124,3.1969547271728516
1747273897.9734428,-5.257707096735641,-10.616123357972123,2.382040023803711
1747273897.9897025,-5.294123678611612,-10.600762943532699,2.4688243865966797
1747273898.0124292,-5.452621439711808,-10.50192774873484,4.284858703613281
1747273898.0309246,-5.476467791129462,-10.481887868938284,2.9380321502685547
1747273898.0449047,-5.535806153942534,-10.451869383841593,2.4886131286621094
1747273898.067484,-5.560712583374727,-10.435225519420289,3.095388412475586
1747273898.0880873,-5.56465845330658,-10.4449215260513,3.2396316528320312
1747273898.1140413,-5.511205241401312,-10.472922294069475,5.841255187988281
1747273898.1293323,-5.552223548774834,-10.446559618781869,2.421140670776367
1747273898.1522639,-5.506148911189291,-10.478223244872051,5.079030990600586
1747273898.1652474,-5.564473691088308,-10.449279715890928,2.3682117462158203
1747273898.1893063,-5.640204754715676,-10.414194932478381,2.336740493774414
1747273898.211093,-5.62455081963955,-10.417948487743246,3.694295883178711
1747273898.22982,-5.643370232671666,-10.396407744521758,2.313375473022461
1747273898.2500012,-5.642196210414463,-10.399133206154904,2.4297237396240234
1747273898.2694566,-5.642345564290861,-10.401966787542083,2.468585968017578
1747273898.285072,-5.717851597704994,-10.3572102951183,2.4590492248535156
1747273898.3040402,-5.697027712886653,-10.37046637417236,2.249002456665039
1747273898.3298001,-5.681057608321255,-10.373918030280961,2.4042129516601562
1747273898.352089,-5.737475457739752,-10.339120119263006,4.006385803222656
1747273898.3665495,-5.704006957652934,-10.357093539064719,2.381563186645508
1747273898.3846176,-5.735350741840602,-10.339073862050457,2.323627471923828
1747273898.4096305,-5.7436357158050555,-10.325187994609882,2.2492408752441406
1747273898.4331708,-5.733248841135518,-10.339239985200077,2.970457077026367
1747273898.4507794,-5.694715871390579,-10.37755368406076,2.577543258666992
1747273898.4746892,-5.75605300276821,-10.345844449593313,7.231473922729492
1747273898.4911435,-5.742571441753056,-10.346630935310186,2.7213096618652344
1747273898.5060995,-5.7363428812919715,-10.340991610137609,2.345561981201172
1747273898.5275261,-5.735836330117165,-10.345510660273181,2.8607845306396484
1747273898.5463734,-5.686962206854479,-10.362817795123483,2.882719039916992
1747273898.572418,-5.689335187259351,-10.363205152364662,4.545688629150391
1747273898.5902326,-5.680058900077982,-10.368126504749897,2.228260040283203
1747273898.6100874,-5.709499384159624,-10.34994027623637,2.4678707122802734
1747273898.6294634,-5.719126217516712,-10.34518497047806,2.361297607421875
1747273898.6495194,-5.712372646176098,-10.331014526659223,2.3698806762695312
1747273898.6698503,-5.715434254802792,-10.336175475556658,2.215862274169922
1747273898.6896846,-5.709052671000314,-10.330753293217812,2.3412704467773438
1747273898.709491,-5.697563047608966,-10.330299845018594,2.2666454315185547
1747273898.729624,-5.694674582626229,-10.324037040686173,2.5107860565185547
1747273898.7450147,-5.674404193529622,-10.337132606247577,2.3851394653320312
1747273898.7697449,-5.691091909003401,-10.329693625316592,2.408742904663086
1747273898.7897627,-5.718190464752979,-10.328494783992292,2.2568702697753906
1747273898.8126898,-5.7225853485054925,-10.320206397259598,4.403591156005859
1747273898.829836,-5.708645553000909,-10.328861608269385,3.5572052001953125
1747273898.8467934,-5.717075342147377,-10.321144994588087,2.314329147338867
1747273898.8736591,-5.752271882537142,-10.297255669720434,5.851030349731445
1747273898.898369,-5.753616558451943,-10.299224397810377,3.6051273345947266
1747273898.9183433,-5.74190014953197,-10.300594789519074,2.3376941680908203
1747273898.9313822,-5.739546668424779,-10.293784713690798,2.3641586303710938
1747273898.9496992,-5.757559509889725,-10.289860530727534,2.351522445678711
1747273898.9735293,-5.781065841088342,-10.291742691379591,4.886627197265625
1747273898.9924607,-5.74140380474243,-10.30741586575115,5.129098892211914
1747273899.013168,-5.741832890186611,-10.309188703029582,4.554510116577148
1747273899.0358837,-5.723430756375351,-10.32578399690525,2.707242965698242
1747273899.0531015,-5.719909999621265,-10.318690242682473,4.942655563354492
1747273899.0648384,-5.716135368149729,-10.314456287617794,2.331256866455078
1747273899.090184,-5.701811864614515,-10.322344520522558,2.338886260986328
1747273899.109678,-5.694870799289318,-10.31402885481223,2.282857894897461
1747273899.13151,-5.676928724856256,-10.320482435837766,2.808094024658203
1747273899.149308,-5.694817020240734,-10.312423743809948,2.178668975830078
1747273899.1695235,-5.742181347466749,-10.306894746725062,2.2759437561035156
1747273899.189772,-5.756391111023647,-10.302139745159458,2.292156219482422
1747273899.2102761,-5.750319779138976,-10.293501218453878,2.4847984313964844
1747273899.233842,-5.737114140616016,-10.297161376723182,3.313302993774414
1747273899.2456021,-5.756660774394982,-10.292494547951577,2.2284984588623047
1747273899.2645276,-5.7191091765902,-10.296475359284518,2.3193359375
1747273899.2901056,-5.71297986030125,-10.299541528853606,2.4857521057128906
1747273899.311671,-5.732290516696331,-10.286415837658724,2.8171539306640625
1747273899.333109,-5.741249089003955,-10.283339795596227,5.133628845214844
1747273899.3503878,-5.770224872773314,-10.275327395408073,2.820730209350586
1747273899.3696158,-5.785392692212178,-10.280140144281143,2.277851104736328
1747273899.3897247,-5.783510142467221,-10.27300789298903,2.354860305786133
1747273899.4045064,-5.793014044379791,-10.267750515242252,2.3200511932373047
1747273899.4311244,-5.810566926634572,-10.254982301416517,3.3791065216064453
1747273899.447599,-5.789391247419304,-10.263931093649537,2.7980804443359375
1747273899.470843,-5.82294189597289,-10.258618743915267,2.5243759155273438
1747273899.4939065,-5.839655861349375,-10.250784716613957,4.4879913330078125
1747273899.5206861,-5.814455647475666,-10.24287310136568,3.2737255096435547
1747273899.5369723,-5.838044347694043,-10.237326675067367,4.233837127685547
1747273899.551181,-5.8231399904869035,-10.25078480789542,3.761768341064453
1747273899.570269,-5.831632115211776,-10.236786415127387,2.3615360260009766
1747273899.5869353,-5.804963290256684,-10.240507159805656,2.3283958435058594
1747273899.6097443,-5.818262546033945,-10.232822832952827,2.2614002227783203
1747273899.6296282,-5.829260707327609,-10.237386334309283,2.2890567779541016
1747273899.649707,-5.847720460456329,-10.22986977885716,2.3260116577148438
1747273899.669308,-5.808293927198371,-10.242536662415507,2.2492408752441406
1747273899.6898317,-5.832673369252148,-10.237384679628489,2.5370121002197266
1747273899.7094855,-5.838960785653249,-10.242366154713833,2.2401809692382812
1747273899.7298028,-5.768924661665279,-10.252333741562637,2.4840831756591797
1747273899.7494879,-5.748293734574974,-10.252687393596483,2.385854721069336
1747273899.7698884,-5.700648701541091,-10.258010706488173,2.3424625396728516
1747273899.7914662,-5.73910827797221,-10.2578414423916,2.922534942626953
1747273899.812473,-5.759469863882024,-10.257014307112469,5.117654800415039
1747273899.8330066,-5.724907300185053,-10.28002545618809,4.247903823852539
1747273899.850298,-5.702789532699166,-10.28024624136979,2.447366714477539
1747273899.8697305,-5.684594926842287,-10.277407191831522,2.3109912872314453
1747273899.8954132,-5.673191946018588,-10.271053934190615,6.068229675292969
1747273899.9104424,-5.6697042811370695,-10.266667872660756,2.4042129516601562
1747273899.934977,3.3919043424882203,-5.653449445995561,2.7742385864257812
1747273899.949965,3.2718222772054824,-5.090634331533007,2.477407455444336
1747273899.9699047,3.243271589408142,-4.848183203809166,2.5031566619873047
1747273899.9903986,3.266123879020644,-4.811104049690343,4.089832305908203
1747273900.0105329,3.2825472215583034,-4.813572499066662,2.5701522827148438
1747273900.0303357,3.298147966823291,-4.815429866840466,2.6276111602783203
1747273900.0496542,3.2953136384255153,-4.816790155265721,2.546548843383789
1747273900.0696015,3.2995622184218605,-4.82162853913044,2.4149417877197266
1747273900.0920484,3.2968344512997945,-4.8189310451865,2.909421920776367
1747273900.1105509,3.2996327674954027,-4.812467278916816,3.0057430267333984
1747273900.1295986,3.299853341726185,-4.802828652110876,2.411365509033203
1747273900.149748,3.2979553673129485,-4.794372883661117,2.505064010620117
1747273900.1645954,3.302554456967433,-4.793187721427382,2.3725032806396484
1747273900.1923814,3.303793541542584,-4.79619485611933,4.662990570068359
1747273900.2100644,3.307344420104459,-4.796534792626189,2.665996551513672
1747273900.2332094,3.306688404769349,-4.800931569095452,3.2150745391845703
1747273900.2505238,3.3047698418212486,-4.806068394654141,2.804279327392578
1747273900.2702165,3.3040047278859452,-4.808937061715443,2.6383399963378906
1747273900.29239,3.3124741953730314,-4.821724932746195,4.183292388916016
1747273900.3128998,3.309133094275992,-4.827163806159787,4.238605499267578
1747273900.330142,3.3119388794901314,-4.846143591205894,2.643108367919922
1747273900.3500433,3.3097069864053146,-4.854459115324432,2.4542808532714844
1747273900.3650782,3.3034311625604738,-4.868453505456829,2.543926239013672
1747273900.3917308,3.3042952197057285,-4.8763527170765295,2.733945846557617
1747273900.4102259,3.305197308972586,-4.880158495018764,2.4008750915527344
1747273900.4298134,3.3029770952731465,-4.887511481736361,2.47955322265625
1747273900.4458246,3.305916672951456,-4.891217460761195,2.598285675048828
1747273900.4652452,3.306693574325137,-4.897214071024973,2.521038055419922
1747273900.490669,3.3154539068696804,-4.905221155899111,3.024578094482422
1747273900.5141995,3.3147516093673266,-4.913192246245233,4.935979843139648
1747273900.533086,3.3203851872127172,-4.918990888563304,3.3593177795410156
1747273900.5522225,3.3198619065995847,-4.934491357937527,3.0574798583984375
1747273900.5720553,3.320991406831374,-4.9406377756044675,3.246307373046875
1747273900.5936916,3.31856742327348,-4.948111529040137,6.051063537597656
1747273900.6142035,3.314586598857269,-4.957101640083498,5.677461624145508
1747273900.6342962,3.3113475985581697,-4.963136534285879,2.90679931640625
1747273900.65166,3.3133209452083303,-4.961913738075677,3.3278465270996094
1747273900.6707249,3.3135400113625217,-4.965758383957041,3.0579566955566406
1747273900.6907935,3.3010561046424303,-4.965339198122448,3.1251907348632812
1747273900.7108204,3.3001470214512816,-4.965169015117391,3.175973892211914
1747273900.730888,3.298597157633796,-4.969430704685026,3.1251907348632812
1747273900.7458978,3.29681539596306,-4.978864589065205,3.2982826232910156
1747273900.7718835,3.296017750330878,-4.969702838414207,3.1070709228515625
1747273900.7899086,3.288958334586214,-4.979020077729018,2.4709701538085938
1747273900.810332,3.3023238616392216,-4.978253883908566,2.630949020385742
1747273900.8264885,3.308770727584317,-4.972360889128266,2.480745315551758
1747273900.8449159,3.3117085076102186,-4.973543255163122,2.546072006225586
1747273900.8722072,3.3159784969038095,-4.9735381306659034,4.256248474121094
1747273900.886437,3.3099795599558397,-4.97421184419038,2.545595169067383
1747273900.9126737,3.3059610985671837,-4.978587705065458,4.6749114990234375
1747273900.9336247,3.2936349833832965,-4.9556545416187365,4.072904586791992
1747273900.9520714,3.3039221047021914,-4.972850968540632,2.5746822357177734
1747273900.9704347,3.306740076961422,-4.974433584156089,2.76947021484375
1747273900.9852648,3.3032221670890483,-4.975638334436009,2.5920867919921875
1747273901.0092587,3.3060723379062553,-4.979540398754636,3.7887096405029297
1747273901.03126,3.304498713957429,-4.991305103427847,2.5229454040527344
1747273901.0519595,3.305192979528997,-4.991652639047426,2.607583999633789
1747273901.0705023,3.294068513682649,-4.993300384752252,2.449512481689453
1747273901.090607,3.289973822022831,-4.987165895432078,2.533435821533203
1747273901.1106555,3.292389248702892,-4.986190300064734,3.1745433807373047
1747273901.1300266,3.2905329731426134,-4.978559702104177,2.420663833618164
1747273901.1524954,3.2901757203864377,-4.97450279567997,4.321813583374023
1747273901.1723008,3.287242041183943,-4.980306674337818,4.228353500366211
1747273901.1922576,3.2898506881150302,-4.98420087835863,4.347324371337891
1747273901.2067502,3.296394341813612,-4.98765390607034,2.426624298095703
1747273901.2298844,3.2976871026847285,-4.991667749093231,2.3636817932128906
1747273901.2531428,3.3063738326153613,-4.998899248478932,5.374431610107422
1747273901.285414,3.2935727889268245,-4.996362589047236,3.1147003173828125
1747273901.4352329,3.2971043346375537,-4.987630842691628,2.7627944946289062
1747273901.4502509,3.294333503240226,-4.9893624667762495,2.4030208587646484
1747273901.4735713,3.298002653527499,-4.991109472920429,2.8281211853027344
1747273901.4866416,3.303808332757364,-4.991343496437774,2.4497509002685547
1747273901.5098174,3.308336369579303,-4.989703842318875,2.3658275604248047
1747273901.5298514,3.3115037201178295,-4.989266970896677,2.4077892303466797
1747273901.5497649,3.311668611267921,-5.008504040312035,2.3822784423828125
1747273901.570039,3.3070228971783715,-5.017532680025231,2.50244140625
1747273901.5849347,3.308188564434441,-5.0161448611432595,2.512693405151367
1747273901.611183,3.3046439538405115,-5.01838576570441,3.527402877807617
1747273901.6336763,3.305247928274214,-5.021172528251493,3.521442413330078
1747273901.6526573,3.299058881466499,-5.022133216685103,4.722118377685547
1747273901.6730351,3.30635100428742,-5.021882050199325,4.247426986694336
1747273901.6899333,3.312631644770537,-5.018182885962848,2.4971961975097656
1747273901.7101738,3.306781987408687,-5.020812107678749,2.5773048400878906
1747273901.7334833,3.2960613212234926,-5.0200503283050555,4.644155502319336
1747273901.7535048,3.30426873417376,-5.01745689307398,4.964351654052734
1747273901.7775557,3.3017578338189697,-5.018261035579032,4.654645919799805
1747273901.7954385,3.2928709378114696,-5.021183851764631,3.0503273010253906
1747273901.812385,3.2919631743705215,-5.032666999542888,3.9436817169189453
1747273901.8297696,3.293655200159122,-5.022187799322357,3.075838088989258
1747273901.8500533,3.295029225826469,-5.022819930422916,2.444744110107422
1747273901.8721633,3.2968094324167487,-5.024515856140272,2.848386764526367
1747273901.8917358,3.2953072423839234,-5.026288038881754,3.253459930419922
1747273901.91079,3.2980060893809915,-5.032999436212941,3.3431053161621094
1747273901.931476,3.299015863275607,-5.0345121536980155,3.1418800354003906
1747273901.9512105,3.309597769283903,-5.0287487815839125,3.5486221313476562
1747273901.970863,3.3048252604653423,-5.002692542438374,3.290891647338867
1747273901.9854598,3.310046770573552,-4.984550985536047,3.0422210693359375
1747273902.0051966,3.3083069175959325,-4.9927939684894165,2.7892589569091797
1747273902.02509,3.304721728839322,-4.991285439477503,2.645730972290039
1747273902.0452414,3.3079877338866694,-4.986457436507833,2.524137496948242
1747273902.0715356,3.3184929884345458,-4.985819178722129,3.9348602294921875
1747273902.0867822,3.3223550221156812,-4.994504428017065,4.303216934204102
1747273902.1100242,3.320250761404762,-4.9971728971885785,2.4557113647460938
1747273902.1302,3.3148227967950294,-4.99818432172157,2.525806427001953
1747273902.1499376,3.3070010030692543,-4.991919205274252,2.409696578979492
1747273902.172087,3.3019791242379144,-4.991081356256148,4.553794860839844
1747273902.191219,3.3006533525915587,-5.01172083558211,3.1511783599853516
1747273902.2119622,3.301151384514693,-5.015453440365973,4.349946975708008
1747273902.2261684,3.301009998466937,-5.00989269813432,2.665996551513672
1747273902.2516553,3.3023104080146917,-4.993555455682191,2.731800079345703
1747273902.274564,3.2988205622434736,-4.989618953826541,7.068634033203125
1747273902.2901676,3.3019533154158545,-4.998668431544827,2.602815628051758
1747273902.3100717,3.3041922051418973,-5.000262195091731,2.4552345275878906
1747273902.3299186,3.3078965513823952,-4.997345042419561,2.430438995361328
1747273902.3498375,3.3010766488457377,-5.005292242520607,2.3682117462158203
1747273902.3720353,3.292000211205103,-4.999228282858305,4.342794418334961
1747273902.3897662,3.2887335820507615,-4.998438146279285,2.361297607421875
1747273902.4099634,3.296165509166045,-4.989292438743953,2.5336742401123047
1747273902.4309514,3.297246184180733,-4.981987271417409,3.320932388305664
1747273902.450185,3.29876824771599,-4.9839472681184285,2.5186538696289062
1747273902.4701135,3.3007619923724922,-4.990483387268894,2.385377883911133
1747273902.4918017,3.304927536481559,-4.997236868308999,3.4093856811523438
1747273902.5102267,3.3062915395502332,-5.004830151649796,2.4650096893310547
1747273902.530431,3.306089723698048,-5.000525828388608,2.7964115142822266
1747273902.5502138,3.310231803639648,-5.003351982918059,2.428770065307617
1747273902.570063,3.3114748878931763,-5.004797577442709,2.411365509033203
1747273902.5903423,3.294438270297067,-5.006046471982539,2.3963451385498047
1747273902.6097906,3.292174555825175,-5.007887937518309,2.3241043090820312
1747273902.6317039,3.2928483951010987,-5.004595816707458,2.8486251831054688
1747273902.6518838,3.3012017379366365,-5.005953651864609,3.545999526977539
1747273902.6745522,3.299129778716845,-5.003578366638943,5.890369415283203
1747273902.6866012,3.300596433246088,-5.00409525471284,2.441883087158203
1747273902.7066615,3.2991656678460877,-5.001889045843751,2.647876739501953
1747273902.7330618,3.3031710652738764,-5.004713592450649,2.7375221252441406
1747273902.751182,3.2976776269578445,-5.006339746322375,2.696514129638672
1747273902.7703218,3.29627285483755,-5.010111529335603,2.5184154510498047
1747273902.7899103,3.3044455417267513,-5.012430059217348,2.5246143341064453
1747273902.8098927,3.304516870664008,-5.0106703868401965,2.319812774658203
1747273902.8333528,3.30973476800424,-5.005072241670023,2.9311180114746094
1747273902.8499246,3.3026958062870917,-5.013510181933373,2.462625503540039
1747273902.8699095,3.3020272349843496,-5.011476267604891,2.3882389068603516
1747273902.8908014,3.29642525964406,-5.014539055741159,2.6192665100097656
1747273902.9099736,3.303097362804358,-5.014401526154598,2.536773681640625
1747273902.9253652,3.3112497715390656,-5.006224435905376,2.5959014892578125
1747273902.9457593,3.305138361107558,-5.001955660700108,2.599000930786133
1747273902.9712484,3.3056794055242573,-5.007962699632697,3.002643585205078
1747273902.986739,3.297790277438014,-4.9902577893060975,3.3986568450927734
1747273903.0106373,3.2945871299522467,-4.979026660533181,2.7518272399902344
1747273903.031528,3.2850606353450327,-4.971032515641238,3.818511962890625
1747273903.0504844,3.2957382162370132,-4.991885401432753,2.4328231811523438
1747273903.070179,3.2966857227601793,-5.013558449620513,2.449512481689453
1747273903.0930514,3.2999720301314377,-5.01600532541719,3.326416015625
1747273903.1110992,3.296556101631139,-5.020614200434782,2.6671886444091797
1747273903.12548,3.292484329200547,-5.0147800279999615,2.5446414947509766
1747273903.1534133,3.294090931775805,-5.027330103790173,3.428936004638672
1747273903.1706111,3.303310078583419,-5.017269350828494,2.5391578674316406
1747273903.1908567,3.3026763599476032,-5.009574607180962,2.5610923767089844
1747273903.2104523,3.306016930293082,-5.009210827536084,2.458810806274414
1747273903.225373,3.302790994546651,-5.001123389333877,2.5298595428466797
1747273903.251146,3.303671431093527,-5.011351343216247,2.9823780059814453
1747273903.2656856,3.2989228577959295,-5.020393871776033,2.432107925415039
1747273903.2909293,3.3080161083227817,-5.024010028995463,2.6590824127197266
1747273903.3062496,3.3048330387368288,-5.019091304382305,2.888917922973633
1747273903.3256397,3.304632812772084,-5.00989022552815,2.72369384765625
1747273903.3453891,3.298824782023593,-5.017525466477948,2.463817596435547
1747273903.3683472,3.2996150109540423,-5.014760177461077,3.7550926208496094
1747273903.3936777,3.302854952320462,-5.012705601654258,4.261255264282227
1747273903.4066296,3.300487948852936,-5.015246302490596,2.4216175079345703
1747273903.4268997,3.3076749618074817,-5.018218213674885,3.213644027709961
1747273903.4535677,3.3144304908601345,-5.0194610312181185,4.159688949584961
1747273903.473356,3.3250157414914714,-5.009993393535003,3.446340560913086
1747273903.4851353,3.33394225018187,-5.000095529774353,2.4480819702148438
1747273903.506047,3.319279612241448,-4.99721106240254,2.6018619537353516
1747273903.5258496,3.320975679632857,-4.996182236996888,2.528667449951172
1747273903.5455134,3.3185510920971404,-5.000292161527814,2.643585205078125
1747273903.5675814,3.305041651610108,-5.001294428497027,3.9801597595214844
1747273903.5915787,3.3064329820299734,-5.013473431420914,3.2536983489990234
1747273903.6057093,3.30504331312072,-5.023313105484841,2.5141239166259766
1747273903.6333666,3.3012872120525008,-5.0434741932271905,4.675865173339844
1747273903.65307,3.302563937574666,-5.049946388011005,4.5261383056640625
1747273903.6710584,3.3002573422783437,-5.062008505340611,3.0298233032226562
1747273903.6924179,3.3133107896125518,-5.0885510349984,4.2629241943359375
1747273903.710426,3.3215757391175864,-5.112820776097883,2.4521350860595703
1747273903.7255852,3.3241352447656833,-5.126942072101125,2.3338794708251953
1747273903.7502813,3.327648405742616,-5.1605226883157735,2.410411834716797
1747273903.767361,3.3163055491500475,-5.1768148471789734,2.4025440216064453
1747273903.7850688,3.3110088948390746,-5.203350737388396,2.405881881713867
1747273903.8055437,3.3077751320709803,-5.229265512975729,2.3505687713623047
1747273903.8309011,3.2838418981594026,-5.277783495129013,2.8247833251953125
1747273903.855526,3.2847598716801447,-5.318629714812587,6.937503814697266
1747273903.873165,3.280870297481384,-5.349408379150086,4.796028137207031
1747273903.8945675,3.267889413388291,-5.35764553584288,5.39088249206543
1747273903.9130583,3.270002024771077,-5.364624827506599,3.112316131591797
1747273903.9302156,3.270180810522262,-5.4061467213448156,2.4123191833496094
1747273903.9539897,3.2792613913581126,-5.45233447242495,5.238533020019531
1747273903.9767542,3.25005637377724,-5.481569742226332,6.2274932861328125
1747273903.9930258,3.244008174842797,-5.510551686653218,4.5337677001953125
1747273904.0144358,3.2339123534035,-5.547169528903924,5.382537841796875
1747273904.0331144,3.22953839001779,-5.588645573748222,3.3223628997802734
1747273904.051604,3.225583153075152,-5.644522330016429,2.9387474060058594
1747273904.0668278,3.233789979858516,-5.674716877288037,2.5415420532226562
1747273904.0928373,3.2087602034326324,-5.721723765347382,4.418849945068359
1747273904.1111627,3.197094092144386,-5.764883246131281,2.980947494506836
1747273904.130376,3.2018966172561294,-5.807320423776753,2.5119781494140625
1747273904.1509717,3.175648960128339,-5.837494428947771,2.6051998138427734
1747273904.1701882,3.165202735214869,-5.862374907650678,2.390623092651367
1747273904.19014,3.1613368290389245,-5.897479214386959,2.3767948150634766
1747273904.2103658,3.1602341844114985,-5.928067727910809,2.398967742919922
1747273904.2305188,3.1766403291229355,-5.9562638683129885,2.3915767669677734
1747273904.2505403,3.1521648485143237,-5.994751842539115,2.5315284729003906
1747273904.2706213,3.1388916007587233,-6.028955335468808,2.7360916137695312
1747273904.2904966,3.1345108827657797,-6.072643353073203,2.534627914428711
1747273904.310547,3.1415907694397607,-6.118643649565846,2.44903564453125
1747273904.336366,3.129121675271776,-6.161149765794307,2.6595592498779297
1747273904.3529305,3.1156189993224057,-6.191140826586819,4.274606704711914
1747273904.3730764,3.109298558239602,-6.226841517716254,3.453969955444336
1747273904.3869302,3.0722921196770234,-6.237481868472964,2.3784637451171875
1747273904.4103842,3.0568846872777033,-6.257705186569667,2.4378299713134766
1747273904.43051,3.046822870337491,-6.280506174767386,2.5072097778320312
1747273904.454726,3.0394872430766577,-6.302959757281373,6.38580322265625
1747273904.4735763,3.0336997619432724,-6.334556714484237,4.931449890136719
1747273904.4939287,3.0271238292495593,-6.3561670036654325,4.941701889038086
1747273904.5181177,2.9918682283405142,-6.368691986617232,3.246307373046875
1747273904.5348592,2.979633705164283,-6.383727398736676,4.47845458984375
1747273904.5518007,2.97132515769679,-6.394969215985773,3.2515525817871094
1747273904.5721467,2.961483536559039,-6.403723266068389,3.9534568786621094
1747273904.585945,2.9607901026440304,-6.4299203422811955,2.758026123046875
1747273904.6104352,2.9542234319380447,-6.462817306011435,2.5594234466552734
1747273904.6302788,2.9498424297377057,-6.48892390822841,2.4518966674804688
1747273904.6453326,2.956796647313354,-6.501166553096678,2.6509761810302734
1747273904.6703146,2.956965363479762,-6.515591164562665,2.498149871826172
1747273904.6852608,2.958310879332793,-6.5255433128132125,2.440214157104492
1747273904.7074215,2.9618084281404533,-6.5378587326910305,4.279851913452148
1747273904.7310593,2.9598835783529998,-6.557213519793935,2.6531219482421875
1747273904.753533,2.951489991513058,-6.578038864472854,4.720449447631836
1747273904.7717204,2.9456380161776576,-6.5980150693548945,3.6711692810058594
1747273904.786436,2.9044102543622623,-6.620905854442695,2.744913101196289
1747273904.805916,2.883726654584299,-6.64822282941979,2.5038719177246094
1747273904.825947,2.866322304911222,-6.67887671465624,2.552509307861328
1747273904.8456552,2.836023495569899,-6.702034340903357,2.5200843811035156
1747273904.870445,2.8221291575888854,-6.717598979570766,2.4945735931396484
1747273904.8909495,2.8192485415669886,-6.7279023836633725,2.594470977783203
1747273904.910813,2.8001738231899305,-6.752907274690617,2.458333969116211
1747273904.9257228,2.78877286504701,-6.766423019507284,2.4538040161132812
1747273904.9471033,2.7843285437620553,-6.781956179825867,3.1490325927734375
1747273904.9666233,2.7678912514694334,-6.802729625574146,3.0231475830078125
1747273904.9975965,2.728877320848962,-6.819020352823577,4.094600677490234
1747273905.0128028,2.7133460361793,-6.818866901468052,2.6836395263671875
1747273905.0316374,2.6965183590393362,-6.830807980271625,3.141164779663086
1747273905.0513494,2.6323987650647918,-6.843039910214293,3.0028820037841797
1747273905.0720546,2.5877487666436245,-6.868350765324375,3.270864486694336
1747273905.0920963,2.5596837725147505,-6.8910371868935485,3.206014633178711
1747273905.110485,2.5530400913155247,-6.900253408457493,2.5739669799804688
1747273905.1316068,2.5405156357915346,-6.908831589117542,3.084897994995117
1747273905.1515994,2.5236384382718486,-6.922122689143223,3.0989646911621094
1747273905.170888,2.462764911159021,-6.931854990233507,2.859354019165039
1747273905.1942093,2.4329544511920917,-6.936529122692719,4.136800765991211
1747273905.213286,2.415902242437184,-6.949449074976304,3.8094520568847656
1747273905.225586,2.409835002642222,-6.954512975520628,2.4602413177490234
1747273905.257314,2.3703952160949564,-6.960885394617399,7.662773132324219
1747273905.2761452,2.3473292420949545,-6.960496742987283,2.535581588745117
1747273905.2933607,2.3480110103003633,-6.959687073036838,2.8810501098632812
1747273905.3104467,2.2964326991448165,-6.9671466303443585,2.4230480194091797
1747273905.3304806,2.2645393590210574,-6.970282924378005,2.403736114501953
1747273905.3513865,2.249624468711893,-6.976835553217774,3.147602081298828
1747273905.3753898,2.210108128351684,-6.972065932147974,3.7360191345214844
1747273905.3865952,2.2003659983109127,-6.970740179682576,2.4755001068115234
1747273905.410853,2.1898618518809156,-6.9737042243576015,2.6509761810302734
1747273905.432414,2.1665758756746967,-6.971937682536237,4.265785217285156
1747273905.4525924,2.150422125781114,-6.9633054215712775,3.4017562866210938
1747273905.4710903,2.1392230646564747,-6.959520302724209,2.5370121002197266
1747273905.491866,2.1140012572786695,-6.955880352464247,2.808094024658203
1747273905.5100079,2.0788652100404517,-6.9516652340155884,2.5947093963623047
1747273905.5255685,2.045353332458953,-6.94855385614505,2.4404525756835938
1747273905.550453,2.0186516757025155,-6.945464178524852,2.463817596435547
1747273905.5702434,1.9725591425461935,-6.940432925023373,2.3856163024902344
1747273905.5903025,1.9572153471965932,-6.935490599104512,2.3419857025146484
1747273905.6135128,1.9410771541509062,-6.924999609502418,2.7701854705810547
1747273905.6303082,1.8928046796071862,-6.91461912130638,2.3653507232666016
1747273905.6502645,1.8726233289018694,-6.916822728991067,2.318859100341797
1747273905.6706333,1.8456964388355654,-6.906837831791661,2.4428367614746094
1747273905.6935852,1.7935936220387565,-6.908848301472203,3.9861202239990234
1747273905.714886,1.7608784187888653,-6.906087921166837,5.261659622192383
1747273905.731659,1.757536828674149,-6.910402309528053,2.837657928466797
1747273905.7531936,1.7451877216186222,-6.909877604896267,5.14674186706543
1747273905.7704859,1.6816970787724963,-6.896239110865298,2.361297607421875
1747273905.791642,1.6221679966630955,-6.885308003025307,3.31878662109375
1747273905.8063087,1.5930604475682089,-6.879869066198418,2.6090145111083984
1747273905.831764,1.5529515879340656,-6.877160663705274,3.477334976196289
1747273905.8518908,1.534922420986076,-6.873600806365491,3.5161972045898438
1747273905.873701,1.503081144539757,-6.8689552074804645,4.259347915649414
1747273905.895117,1.4497522084167829,-6.854216657620389,6.745815277099609
1747273905.9144278,1.421325808998,-6.856789897424945,5.067110061645508
1747273905.930486,1.4029618558203671,-6.858163756548451,2.3717880249023438
1747273905.945881,1.4066115239194457,-6.849619333562619,2.3217201232910156
1747273905.9705405,1.3247479250074392,-6.8447911335047005,2.457857131958008
1747273905.9907577,1.2876330878198003,-6.840233701846853,2.402067184448242
1747273906.0120292,1.2588093969606087,-6.835364811940548,3.260374069213867
1747273906.0312612,1.233925114117747,-6.835004862002216,2.5870800018310547
1747273906.050765,1.1930047134456576,-6.829315968102727,2.413034439086914
1747273906.0705945,1.1598041460302781,-6.825611559939007,2.3162364959716797
1747273906.091488,1.1348208135631161,-6.821655625433785,3.4248828887939453
1747273906.1102974,1.1076925248640141,-6.813798003308421,2.347707748413086
1747273906.1307068,1.0188011616500514,-6.810082650203589,2.6051998138427734
1747273906.154108,0.967252328664752,-6.812543021946408,5.657196044921875
1747273906.1742074,0.9332853730054729,-6.805652485118351,5.196332931518555
1747273906.1936116,0.8886461482913702,-6.814708158652643,6.337642669677734
1747273906.2123783,0.8303361256778975,-6.81525336059411,4.135847091674805
1747273906.230551,0.7940250912659372,-6.799841886212557,2.4890899658203125
1747273906.2508059,0.7331079235186101,-6.798402947200312,2.4411678314208984
1747273906.2738655,0.6830305152913652,-6.7989368408059,4.040718078613281
1747273906.2943907,0.6646797373318706,-6.804400330308746,5.933523178100586
1747273906.4413352,0.35402983311657127,-6.8633346206439265,4.776954650878906
1747273906.4573693,0.2892909553430439,-6.868215629424393,4.889726638793945
1747273906.4706867,0.2531924180929256,-6.878402336991127,2.4335384368896484
1747273906.4905982,0.2118005067317186,-6.889373449486878,2.3822784423828125
1747273906.5103846,0.14514379087766632,-6.902134935339081,2.3300647735595703
1747273906.5302608,0.09302533495071565,-6.918020801387036,2.2935867309570312
1747273906.5502586,0.050965909550803476,-6.930460812383946,2.3856163024902344
1747273906.5702739,0.02316128758487913,-6.940810725585718,2.3081302642822266
1747273906.588154,-0.03120796574705879,-6.947505347338758,2.378225326538086
1747273906.6116073,-0.0786948954656592,-6.965741155496337,3.313779830932617
1747273906.6315787,-0.11013235280876812,-6.981815682633839,3.137350082397461
1747273906.6536438,-0.17163699753702122,-7.01618234414128,3.7889480590820312
1747273906.6737669,-0.20413591364291545,-7.045798570666715,5.195379257202148
1747273906.6933155,-0.22775234219862783,-7.069155231866268,4.3392181396484375
1747273906.7108061,-0.31265586453359995,-7.08613857474224,2.4101734161376953
1747273906.7307453,-0.3529699719489783,-7.104191312053115,2.6950836181640625
1747273906.7514758,-0.3907288514141,-7.125474839614025,2.8336048126220703
1747273906.7714317,-0.4854285991395308,-7.148327051338398,2.8209686279296875
1747273906.7920036,-0.5365109423222069,-7.17605288674078,3.5657882690429688
1747273906.808033,-0.5423965303248088,-7.189926839083772,2.7565956115722656
1747273906.835166,-0.5686250226883717,-7.227338452994768,5.07354736328125
1747273906.8540876,-0.6302033666267098,-7.2408494862924435,4.30750846862793
1747273906.8695073,-0.6564532381298444,-7.260930437626409,2.4542808532714844
1747273906.894471,-0.6925133041331933,-7.286115923000511,5.270957946777344
1747273906.910504,-0.7751534837583415,-7.286935140538314,2.341032028198242
1747273906.9315603,-0.8201133341198571,-7.30246968843396,2.6693344116210938
1747273906.955251,-0.8421054200547389,-7.313257890211004,4.789829254150391
1747273906.9677024,-0.9127779156724469,-7.332312868912617,2.5663375854492188
1747273906.9856718,-0.9713883372357167,-7.3529229964482825,2.392292022705078
1747273907.0056417,-0.9966947728031207,-7.377066604233569,2.375364303588867
1747273907.03052,-1.029169061133259,-7.40041121947622,2.310514450073242
1747273907.0508687,-1.0947168775912457,-7.40537951785501,2.5072097778320312
1747273907.0714598,-1.134567890401626,-7.416658582769301,2.5811195373535156
1747273907.0963109,-1.161917961321304,-7.427585956446422,2.8676986694335938
1747273907.1126456,-1.2216617962335128,-7.425922937566328,2.7642250061035156
1747273907.1338723,-1.2838545475406575,-7.428814251779963,4.5604705810546875
1747273907.1542687,-1.323727643874642,-7.438076088899595,4.808187484741211
1747273907.1711147,-1.382436784136084,-7.437028154962122,2.6361942291259766
1747273907.1913333,-1.4432749536451748,-7.444313925568466,2.6216506958007812
1747273907.2143147,-1.4888089068522639,-7.456599688507907,4.543542861938477
1747273907.2348387,-1.563629625216398,-7.460396816956875,6.036520004272461
1747273907.254261,-1.5939569878446538,-7.459566304397056,5.847692489624023
1747273907.2743406,-1.6376037407075228,-7.466854848804676,5.867242813110352
1747273907.2945604,-1.6611407586957319,-7.470266312735748,4.663228988647461
1747273907.308647,-1.7314746017342664,-7.467871436027525,2.5539398193359375
1747273907.3334131,-1.7747683477809095,-7.468150989948505,4.878759384155273
1747273907.3457916,-1.7961462809788304,-7.466566205330157,2.417325973510742
1747273907.3707676,-1.876632481959879,-7.456359815880063,2.3789405822753906
1747273907.390621,-1.9334977609852424,-7.447306860115786,2.4874210357666016
1747273907.4110615,-1.9693123944950766,-7.437722434295253,2.655029296875
1747273907.433201,-2.0186984439690594,-7.427194189857662,3.963470458984375
1747273907.4467518,-2.0557411538341333,-7.421229219456187,2.6259422302246094
1747273907.4717927,-2.0832981902102516,-7.417327219670449,2.777576446533203
1747273907.4911103,-2.1504600425005695,-7.395223789073813,2.5587081909179688
1747273907.5067077,-2.1827753283358167,-7.383717576266323,2.681255340576172
1747273907.5314221,-2.2171625055299935,-7.364794188683173,2.736330032348633
1747273907.546234,-2.2282595100297105,-7.358533738007953,2.7637481689453125
1747273907.5736403,-2.2723009863567376,-7.338435954698882,4.759788513183594
1747273907.5864027,-2.2920063008405274,-7.32302288650378,2.560853958129883
1747273907.612204,-2.315150646206446,-7.302185317643484,3.775358200073242
1747273907.630642,-2.365799685832394,-7.264098506003837,2.4497509002685547
1747273907.6516879,-2.382568425888141,-7.250365952217543,3.2804012298583984
1747273907.67074,-2.3915280601438833,-7.244195530830809,2.4209022521972656
1747273907.6923609,-2.4528771014420085,-7.223757651851319,4.01616096496582
1747273907.7111335,-2.484913510945761,-7.216372934902135,2.7649402618408203
1747273907.7313933,-2.484570449790205,-7.215771602799123,2.808094024658203
1747273907.7508502,-2.482211754663382,-7.213692573707275,2.5899410247802734
1747273907.77287,-2.5020405619873163,-7.195493142084442,4.38380241394043
1747273907.7908244,-2.5209467835086317,-7.178596234859928,2.437114715576172
1747273907.8119996,-2.53332403293887,-7.154467905431953,3.1092166900634766
1747273907.8320844,-2.5451355568000924,-7.132237671443004,3.371715545654297
1747273907.8518286,-2.5721909710620037,-7.114685518585859,2.621889114379883
1747273907.8708813,-2.578361521370328,-7.100208656598252,2.506732940673828
1747273907.891084,-2.5899405488750076,-7.0833446942050795,2.5892257690429688
1747273907.9111228,-2.587155419955224,-7.06368561840846,2.5093555450439453
1747273907.930908,-2.6062611077662177,-7.031940290199506,2.5527477264404297
1747273907.9461534,-2.626300252009526,-7.0101359275163375,2.4900436401367188
1747273907.9668486,-2.6347158050646295,-6.996593678801696,2.5899410247802734
1747273907.9872568,-2.6437351463852696,-6.971355936656,2.6390552520751953
1747273908.0126758,-2.6675476396629616,-6.963613137902514,4.093170166015625
1747273908.0347276,-2.6701334288594376,-6.924546417847067,4.381895065307617
1747273908.0508347,-2.685758114191147,-6.879987872115661,2.3992061614990234
1747273908.0709603,-2.6934806099294692,-6.849172929233038,2.3937225341796875
1747273908.0995777,-2.6958524791542655,-6.825351609502174,10.707378387451172
1747273908.1152234,-2.72974377804841,-6.805967783667358,3.7012100219726562
1747273908.1271598,-2.74752279685042,-6.7805187585287525,2.7549266815185547
1747273908.1513367,-2.7494796339004473,-6.755938588093398,2.789020538330078
1747273908.1713624,-2.7603228894804923,-6.741524725409977,2.572298049926758
1747273908.186912,-2.7581291791029745,-6.716856687264477,2.7208328247070312
1747273908.2136552,-2.765888566284703,-6.683445864274753,3.019571304321289
1747273908.2314959,-2.7657468923766895,-6.673325239276143,2.898693084716797
1747273908.2509933,-2.7640630618745146,-6.610426816956107,2.5000572204589844
1747273908.2664893,-2.7659133518709513,-6.581861803774672,2.396821975708008
1747273908.2918048,-2.77531940166128,-6.557356090685032,3.063678741455078
1747273908.310979,-2.784827942840067,-6.534507967952348,2.4361610412597656
1747273908.3262796,-2.794692800387844,-6.508690639507185,2.4595260620117188
1747273908.3462281,-2.797357862478198,-6.477426174736822,2.3784637451171875
1747273908.3663394,-2.804239138619351,-6.453560646957263,2.5718212127685547
1747273908.3908653,-2.810846523677008,-6.434176332413202,2.4976730346679688
1747273908.4109185,-2.8071402533258913,-6.425979686808723,2.6526451110839844
1747273908.4266999,-2.8148711409879725,-6.396937555242242,2.8281211853027344
1747273908.4525433,-2.831155134261262,-6.333486053002476,3.6437511444091797
1747273908.4737318,-2.8264401159192984,-6.3043481716292735,4.688262939453125
1747273908.4971988,-2.8298600828774054,-6.263953402141361,2.6311874389648438
1747273908.5086195,-2.8406666671904026,-6.2220583853317954,2.4933815002441406
1747273908.5308697,-2.8577410280491535,-6.213530550850474,2.505064010620117
1747273908.5462136,-2.8585227600092873,-6.172539943797419,2.5305747985839844
1747273908.5740864,-2.8812953884572816,-6.142692506146687,3.215789794921875
1747273908.5878963,-2.9007678954710543,-6.141915526854453,2.5081634521484375
1747273908.6135175,-2.9105922122478325,-6.106895157691655,4.48918342590332
1747273908.631537,-2.907674482389732,-6.074437728956535,2.640962600708008
1747273908.6517122,-2.9114533724031344,-6.05225878459673,2.619028091430664
1747273908.6660874,-2.906801074434273,-6.027728203239472,2.5124549865722656
1747273908.6864417,-2.901580938786423,-5.996344838954487,2.5904178619384766
1747273908.7062075,-2.9124292364144186,-5.956774365961302,2.554178237915039
1747273908.7266316,-2.9272085791715012,-5.917217085559537,2.6443004608154297
1747273908.7467036,-2.920529812501639,-5.881600024017833,2.4750232696533203
1747273908.7727947,-2.917597265516594,-5.823794532651229,3.5839080810546875
1747273908.7908597,-2.9166031369502896,-5.786557543202958,2.5818347930908203
1747273908.8125348,-2.9099243302006834,-5.741387556331365,3.210783004760742
1747273908.8327832,-2.9076562620314474,-5.712700577918943,3.5665035247802734
1747273908.8524344,-2.9141298182520066,-5.6752645767182175,3.0853748321533203
1747273908.8708656,-2.9132069055475625,-5.63925265433123,2.493619918823242
1747273908.886329,-2.917587389237195,-5.6066461062180775,2.3987293243408203
1747273908.9149563,-2.9213403293410867,-5.5411634826889475,6.183147430419922
1747273908.939147,-2.927267802619985,-5.507652810409444,2.5827884674072266
1747273908.9514318,-2.928717516131614,-5.460798146609663,2.434968948364258
1747273908.9714415,-2.9270616986246365,-5.405950756988364,2.523660659790039
1747273908.989193,-2.9235491328022656,-5.352259311763501,3.245115280151367
1747273909.012098,-2.92736483595631,-5.288593683607931,2.744436264038086
1747273909.0341868,-2.910976258433906,-5.2491213508779575,4.764556884765625
1747273909.048677,-2.907183073370021,-5.207050949592089,2.531290054321289
1747273909.0752807,-2.9032103223035692,-5.142367270590474,6.38127326965332
1747273909.0955133,-2.90861285110241,-5.106415266654526,2.5467872619628906
1747273909.1092246,-2.9114180927862874,-5.071016277564563,2.5429725646972656
1747273909.1328092,-2.910027129027457,-5.004086005872713,2.9878616333007812
1747273909.1464608,-2.9018824394892353,-4.965175903049089,2.4695396423339844
1747273909.1747913,-2.9063634924075705,-4.910878712397757,5.117177963256836
1747273909.191383,-2.9049548181387657,-4.858202575339079,2.575397491455078
1747273909.2107458,-2.902838271896889,-4.807695810621046,2.3736953735351562
1747273909.2312171,-2.8742738128111105,-4.755357987109431,2.7561187744140625
1747273909.2513735,-2.858915379053941,-4.705777019513065,2.574443817138672
1747273909.2712018,-2.856824977061214,-4.6726784175674,2.511262893676758
1747273909.2911284,-2.8478127192795197,-4.648674458221425,2.5322437286376953
1747273909.3126462,-2.8398801859255602,-4.602427647013553,2.912282943725586
1747273909.3267052,-2.835895434649645,-4.563184543079712,2.41851806640625
1747273909.3511786,-2.8101015191702774,-4.503277672209581,2.424478530883789
1747273909.3660655,-2.7924051160722203,-4.4633996632729716,2.4614334106445312
1747273909.3955104,-2.763232280821495,-4.400718325651139,4.791259765625
1747273909.4124315,-2.7496286413318844,-4.350924857401916,3.3431053161621094
1747273909.433391,-2.7207690932771915,-4.294627198941269,4.326581954956055
1747273909.4480717,-2.7105867386556426,-4.254208616782713,2.635955810546875
1747273909.4713662,-2.7063467020079726,-4.1919820032746715,2.623319625854492
1747273909.4913812,-2.6857867571287968,-4.128332554539866,2.577066421508789
1747273909.5187256,-2.669808320490685,-4.063152098666925,3.4058094024658203
1747273909.5363154,-2.6653416454718837,-4.0004130882757405,2.4993419647216797
1747273909.5545776,-2.654574417625098,-3.9317664211386893,5.315065383911133
1747273909.5744803,-2.6473363198233257,-3.869856036264686,5.460023880004883
1747273909.5954335,-2.636647186026903,-3.8112660128401146,6.430387496948242
1747273909.6145835,-2.6288358234968863,-3.7621587112856427,4.608392715454102
1747273909.6356304,-2.5837411160903105,-3.6890611178847297,5.799293518066406
1747273909.6512806,-2.5599536662783833,-3.6364412255381593,2.459287643432617
1747273909.67254,-2.543445523206426,-3.5773680263927945,2.873659133911133
1747273909.6923122,-2.5075049563831713,-3.4924399408835884,3.2160282135009766
1747273909.7112725,-2.476260725507958,-3.4191597921420223,2.5305747985839844
1747273909.7325869,-2.4587866748332927,-3.3510106419391605,3.5216808319091797
1747273909.7524695,-2.41220614203771,-3.291934981087762,3.072500228881836
1747273909.7711833,-2.3912221629112147,-3.236197918097254,2.4907588958740234
1747273909.7912965,-2.3676235735022586,-3.1789379771423723,2.5207996368408203
1747273909.8061872,-2.3582985542766504,-3.1307618025815556,2.471923828125
1747273909.826656,-2.335551977477892,-3.069539230952928,2.6810169219970703
1747273909.8513691,-2.317208541691411,-3.0000540861893676,2.5479793548583984
1747273909.8710868,-2.3045019011191865,-2.946240492867046,2.5644302368164062
1747273909.8977215,-2.271145900750161,-2.8867139719277723,2.9294490814208984
1747273909.9126508,-2.249498199863138,-2.8316392397990695,3.821134567260742
1747273909.936143,-2.205704772721326,-2.7911140672310584,5.552530288696289
1747273909.9515414,-2.1755497768651013,-2.740388372831305,2.636432647705078
1747273909.966182,-2.1596841895813546,-2.703782795387541,2.5453567504882812
1747273909.9912891,-2.09938586479953,-2.6327461577056472,2.5920867919921875
1747273910.0121744,-2.065974372142825,-2.5818978232468015,2.9256343841552734
1747273910.0397522,-2.045020566932138,-2.5433833256474916,7.763147354125977
1747273910.0567505,-2.013189132104666,-2.4621458736480872,5.112409591674805
1747273910.0761013,-1.9514405000366615,-2.385152042702363,5.712747573852539
1747273910.093676,-1.9299051081638723,-2.340837362374178,3.7102699279785156
1747273910.1131148,-1.8782932401759875,-2.2633275153926,2.9821395874023438
1747273910.1357334,-1.8279231032885994,-2.2061863274615554,6.314277648925781
1747273910.1529236,-1.7812165241433005,-2.1583513467548734,4.184246063232422
1747273910.171347,-1.7385224729149005,-2.105475463052987,2.5844573974609375
1747273910.191394,-1.7014379810690212,-2.0486885839671154,2.5360584259033203
1747273910.211127,-1.6360425733965063,-1.9927879507505986,2.477407455444336
1747273910.2312267,-1.576258848794073,-1.9351367148913716,2.5489330291748047
1747273910.2472513,-1.5212359804006785,-1.8871560820145563,2.495288848876953
1747273910.267238,-1.4661834573765167,-1.8351145263131179,3.504037857055664
1747273910.2914233,-1.404966934517357,-1.7804624619595097,2.6102066040039062
1747273910.3111143,-1.378140769565957,-1.7218544653026895,2.469778060913086
1747273910.3323681,-1.3369815338499227,-1.6685327565056058,3.3452510833740234
1747273910.3520508,-1.2859514037501512,-1.6197823324132996,2.61688232421875
1747273910.3720958,-1.2035316411614876,-1.5708188218080723,2.892732620239258
1747273910.391406,-1.1365569007905019,-1.5295334618817382,2.431631088256836
1747273910.4111896,-1.077659512885261,-1.4981015466084842,2.4368762969970703
1747273910.4267848,-1.0410401117364487,-1.4810380120624087,2.643585205078125
1747273910.4533951,-0.9824500836710016,-1.434668898264822,4.248142242431641
1747273910.4740827,-0.9410153652091129,-1.4124777249933882,4.516839981079102
1747273910.4966772,-0.893222915312385,-1.3882616199583915,6.960153579711914
1747273910.5116515,-0.8381556637312199,-1.3603373969499528,2.560853958129883
1747273910.530275,-0.804393197987895,-1.350426088438958,2.6350021362304688
1747273910.550393,-0.7372988633173577,-1.330827042191269,2.6230812072753906
1747273910.5721173,-0.651134543864234,-1.293976993505092,2.9032230377197266
1747273910.5914505,-0.5653881807046267,-1.275114172527029,2.573728561401367
1747273910.6112535,-0.49063087405821365,-1.2624820604483267,2.5870800018310547
1747273910.6313963,-0.40912563312017836,-1.2509335522428742,2.5026798248291016
1747273910.6513944,-0.34432473996421115,-1.2371944887561024,2.5577545166015625
1747273910.6661277,-0.3013744077733971,-1.2318886761033523,2.3746490478515625
1747273910.686346,-0.22410793653570235,-1.2244647501372357,2.4635791778564453
1747273910.7112796,-0.1574366542734386,-1.2033000645319876,2.5441646575927734
1747273910.7316837,-0.0916906210059107,-1.1992512034080713,2.520322799682617
1747273910.751234,-0.007100266580945911,-1.199104524121865,2.4106502532958984
1747273910.7721183,-0.01730490260596738,-1.1830479906680773,2.768993377685547
1747273910.7922912,0.007583528685104881,-1.1908123983324952,2.8989315032958984
1747273910.8115242,0.04141318753816076,-1.1938955989912876,2.527475357055664
1747273910.835186,0.06168140744468958,-1.2056800498687148,5.30695915222168
1747273910.854245,0.08562380718099857,-1.2210933124285441,5.31005859375
1747273910.866678,0.10408871425149052,-1.2306833309690863,2.371072769165039
1747273910.8915925,0.17019087992193338,-1.2410944530604984,2.507925033569336
1747273910.9114106,0.20451164995550447,-1.2566494709826261,2.6044845581054688
1747273910.931757,0.2492707293263191,-1.2659323457822467,2.627849578857422
1747273910.953476,0.32588304142903446,-1.2780137668206921,3.6325454711914062
1747273910.973672,0.42028180598112785,-1.3081976672192739,3.955841064453125
1747273910.9963171,0.4776040405932516,-1.3306119728562817,7.35926628112793
1747273911.0103452,0.5325889532975597,-1.3404433804584934,2.5565624237060547
1747273911.0399425,0.5906536242486219,-1.3760021672523854,3.7643909454345703
1747273911.0610263,0.6058508415984645,-1.38852856501724,3.101825714111328
1747273911.0747123,0.6193368545153666,-1.3970540317488596,4.388093948364258
1747273911.095489,0.6684699978589363,-1.4032881645507709,3.361225128173828
1747273911.1114376,0.7233510932199073,-1.4262304728989939,2.593517303466797
1747273911.1320505,0.7823611911221389,-1.4495738745894187,2.813100814819336
1747273911.151346,0.8264447941532611,-1.461121022519427,2.382993698120117
1747273911.1712763,0.8855613347829051,-1.4825811590680849,2.492666244506836
1747273911.191234,0.9507643213332349,-1.5023110100230102,2.401113510131836
1747273911.206322,0.9868865707687315,-1.519487160057028,2.4900436401367188
1747273911.2313516,1.0762471237117157,-1.5492476609346908,2.3772716522216797
1747273911.2515967,1.1270947275221173,-1.557492032916921,2.457141876220703
1747273911.266812,1.1446738857093945,-1.5586104906565916,2.377033233642578
1747273911.2938087,1.2144967665698505,-1.5808390362427196,3.8535594940185547
1747273911.3115582,1.2297953112034303,-1.5957938270600354,2.6946067810058594
1747273911.4499362,1.5941930527610622,-1.7368992331231419,3.052234649658203
1747273911.471203,1.680299641434637,-1.7435398134414997,2.7265548706054688
1747273911.4928195,1.7355161828554564,-1.7566503556632616,3.556489944458008
1747273911.5116022,1.7593491231589409,-1.7641469771175053,2.4862289428710938
1747273911.5316055,1.8268024760757733,-1.7909183565222517,2.6051998138427734
1747273911.5469084,1.8683498865808197,-1.8036239674806607,2.412557601928711
1747273911.567545,1.912028058492384,-1.8198060999998076,2.564668655395508
1747273911.5921557,2.000436353228719,-1.8396758519522978,2.9141902923583984
1747273911.6141536,2.0471550508574463,-1.8530996259783483,4.465818405151367
1747273911.6266448,2.073974886111244,-1.8641945435673308,2.376556396484375
1747273911.6525362,2.169872411584603,-1.89888496129651,3.1287670135498047
1747273911.666789,2.2201919300403765,-1.920207018989253,2.4001598358154297
1747273911.6926632,2.2757855756240746,-1.9542998500179045,3.304719924926758
1747273911.7068262,2.307363718189842,-1.9673971280583376,2.464771270751953
1747273911.7313359,2.399505714820172,-1.9942276514628272,2.560853958129883
1747273911.7513452,2.4416229621896086,-2.0028230667567355,2.6030540466308594
1747273911.7725232,2.4862973219334608,-2.0186481871541546,2.9354095458984375
1747273911.7926013,2.5704275987637333,-2.0662893146953873,3.1654834747314453
1747273911.8125901,2.6320605437141587,-2.1127991819627523,3.0274391174316406
1747273911.8323066,2.663842321042496,-2.1487415389934443,3.072500228881836
1747273911.8520222,2.7532008698475647,-2.2081325534894094,3.049612045288086
1747273911.8722668,2.8033571169000804,-2.2446068431240755,3.048419952392578
1747273911.8916483,2.836128407692111,-2.272861801387514,2.530336380004883
1747273911.906899,2.864251982478519,-2.293057350620645,2.547025680541992
1747273911.9276946,2.9369117515915377,-2.3274613014233343,2.61688232421875
1747273911.949007,2.9723370086836405,-2.3665415744781844,4.436731338500977
1747273911.9782128,3.0024413421221103,-2.404212344252488,2.774953842163086
1747273911.9924455,3.0666846722627294,-2.438765932604972,2.972841262817383
1747273912.0151095,3.120548295018197,-2.4952714950596415,5.273342132568359
1747273912.0330355,3.146270729357411,-2.5325073531518787,3.706216812133789
1747273912.051358,3.1889743756712194,-2.58757380047446,2.599000930786133
1747273912.0718312,3.215106326293428,-2.6260593497575697,2.6216506958007812
1747273912.0918636,3.2224707489520843,-2.671179616262339,2.4602413177490234
1747273912.1115613,3.2683093834327557,-2.7144163815347646,2.5186538696289062
1747273912.1314604,3.3051291919759263,-2.774448461080927,2.5377273559570312
1747273912.1521509,3.325149413011739,-2.826926759350174,2.923250198364258
1747273912.1723847,3.335611906593059,-2.884025132929118,2.950906753540039
1747273912.1915758,3.408478065947614,-2.9205708452153645,2.582073211669922
1747273912.2115674,3.456472302219041,-2.965782936304289,2.482175827026367
1747273912.232124,3.4848283556497264,-3.0163753028433478,3.056764602661133
1747273912.2523723,3.541749171305331,-3.0701691076954534,3.1599998474121094
1747273912.2715745,3.565465726123823,-3.116624162154963,2.540111541748047
1747273912.2922313,3.5781236066061144,-3.160599895958578,3.0012130737304688
1747273912.3166306,3.602663265262758,-3.21404720797805,5.673646926879883
1747273912.3325279,3.6099653666587774,-3.285249997191731,3.0901432037353516
1747273912.3521764,3.6141932079673165,-3.322124658826943,2.7031898498535156
1747273912.374313,3.6299784912297204,-3.3719259820737015,4.33802604675293
1747273912.3944945,3.6377149087725087,-3.4167734088024906,4.390478134155273
1747273912.4103153,3.6459940525050754,-3.4514717832996222,2.565622329711914
1747273912.4339817,3.654354273117506,-3.5082450747699254,3.518819808959961
1747273912.4492896,3.6504694931999038,-3.56741465127144,2.6345252990722656
1747273912.472273,3.643217645963448,-3.6389343663142504,3.004312515258789
1747273912.493209,3.634251612226967,-3.69913479172355,3.866910934448242
1747273912.50807,3.6225708367873692,-3.7619772160872884,2.790212631225586
1747273912.5324948,3.601232625604485,-3.8293956380354905,3.1435489654541016
1747273912.546591,3.566528288817268,-3.8700307742008424,2.448558807373047
1747273912.5723605,3.5786794905786885,-3.945409213023079,2.816915512084961
1747273912.5915048,3.5789373689173054,-4.007095136914538,2.496004104614258
1747273912.611583,3.5773108576128294,-4.071896129414204,2.6857852935791016
1747273912.634354,3.591120986510676,-4.136475216843368,4.5871734619140625
1747273912.647984,3.5857982772425596,-4.18358259499523,2.4085044860839844
1747273912.6733487,3.5948897081297546,-4.257551951225196,3.5660266876220703
1747273912.687469,3.7209035634758023,-4.351110204524241,2.4797916412353516
1747273912.7146006,3.7355114165457755,-4.437391158015123,4.400968551635742
1747273912.7320602,3.7443811114041243,-4.491935956621366,2.8951168060302734
1747273912.7528753,3.765652192997424,-4.539311468247622,3.4875869750976562
1747273912.7724805,3.7721961744347103,-4.5915854490643415,3.086566925048828
1747273912.7879024,3.7821967520672386,-4.627846900928328,2.7799606323242188
1747273912.812287,3.7751345654725412,-4.708113785938703,2.770662307739258
1747273912.8272278,3.78202334297666,-4.746253331382725,2.6836395263671875
1747273912.847456,3.7673148330798822,-4.806251817685985,2.7608871459960938
1747273912.8725593,3.7437274344402267,-4.87975533776746,3.2227039337158203
1747273912.8919785,3.728909764389271,-4.934556739564213,2.682924270629883
1747273912.911815,3.654492006583069,-5.007154407578264,2.639293670654297
1747273912.931772,3.6105758894224094,-5.072875868703099,2.63214111328125
1747273912.9551203,3.5748100013367683,-5.13175063441065,5.762815475463867
1747273912.9742272,3.5360451919961773,-5.191293205884702,4.601240158081055
1747273912.9923475,3.508989859227729,-5.24662768890413,2.971649169921875
1747273913.0124497,3.4871625774694732,-5.305858937556614,3.1375885009765625
1747273913.0274217,3.446184132838009,-5.356891663985263,2.596139907836914
1747273913.0517583,3.4007897247857413,-5.439915407938583,2.6543140411376953
1747273913.0718422,3.3863767774383424,-5.495992323905019,2.528667449951172
1747273913.092402,3.384303700099195,-5.535873730854382,2.683877944946289
1747273913.1125922,3.389438869937662,-5.580874150943021,3.099203109741211
1747273913.1321027,3.380940894208133,-5.636136102896161,2.5250911712646484
1747273913.1518688,3.3942848066441904,-5.69012196194289,2.501964569091797
1747273913.1662142,3.4005550986970863,-5.730082055719709,2.451181411743164
1747273913.1925757,3.3138693584457424,-5.793326992366125,2.771615982055664
1747273913.2084386,3.295022673245025,-5.828884726659594,2.6085376739501953
1747273913.2325497,3.2860051786663558,-5.878888551235832,2.5224685668945312
1747273913.2485337,3.2892081278869543,-5.906783827343775,3.271341323852539
1747273913.2722044,3.277276102730561,-5.970587339093857,2.5446414947509766
1747273913.2933834,3.279332948119623,-6.025985458294525,2.7017593383789062
1747273913.3121705,3.302804019682661,-6.076245455757308,2.5539398193359375
1747273913.3338547,3.270639622285012,-6.125806613747111,4.738092422485352
1747273913.3516762,3.232282650099033,-6.175687883309514,2.4449825286865234
1747273913.3713741,3.2287346508157846,-6.226172695185878,2.508878707885742
1747273913.3914158,3.1928057697068133,-6.2718075723602915,2.4857521057128906
1747273913.4120831,3.1761467542701802,-6.331242933402488,2.4814605712890625
1747273913.4317524,3.1709020663857297,-6.384329698385488,2.508878707885742
1747273913.4518504,3.1605939187145498,-6.428421934312629,2.574443817138672
1747273913.4715211,3.118777840062673,-6.4484140880833944,2.4530887603759766
1747273913.4874482,3.0964033213826134,-6.462318073941711,2.5322437286376953
1747273913.5083904,3.086151361183673,-6.489548606906479,3.3299922943115234
1747273913.5320916,3.043537057701289,-6.542837217598762,2.5229454040527344
1747273913.5573661,3.016554170668811,-6.550036439575184,6.465435028076172
1747273913.5719156,3.0020798299421076,-6.561788638532999,2.4566650390625
1747273913.592497,2.9613884508981947,-6.603001059475839,2.604246139526367
1747273913.6130495,2.8827486747037145,-6.7022638700670285,3.2303333282470703
1747273913.633557,2.835108589904736,-6.757470767050147,3.5877227783203125
1747273913.6521344,2.805653665174087,-6.787296691165805,2.6497840881347656
1747273913.672448,2.7957152173852307,-6.81330717792585,2.552509307861328
1747273913.694435,2.7872428133961487,-6.8432725714241895,3.787994384765625
1747273913.7163982,2.7656969405289593,-6.873181103207343,5.019903182983398
1747273913.7367072,2.7275222597022872,-6.882857940202255,4.296779632568359
1747273913.749482,2.6926351358779628,-6.901709041766498,2.5107860565185547
1747273913.7673974,2.6643680215862333,-6.921063947371509,2.746105194091797
1747273913.7918546,2.5930984913044144,-6.945432457737862,2.649545669555664
1747273913.8079903,2.549674435208706,-6.960831162718953,2.6907920837402344
1747273913.8335533,2.4896608583290623,-6.982723391594568,4.044771194458008
1747273913.8518085,2.4738387135304354,-6.997506088720808,2.562999725341797
1747273913.8718045,2.4551675284926295,-6.997331019759101,2.5641918182373047
1747273913.89165,2.4380590200939936,-7.009824470667867,2.4080276489257812
1747273913.9118588,2.392378469596383,-7.012637308109144,2.454519271850586
1747273913.927147,2.350476757607748,-7.011109048151484,2.5544166564941406
1747273913.9516466,2.313577495261935,-7.014527502608516,2.4864673614501953
1747273913.9747198,2.2987587706984507,-7.014550378931618,5.249500274658203
1747273913.987422,2.2742384518400685,-7.014086893595251,2.610921859741211
1747273914.0126476,2.2431821110979286,-7.017054148113552,2.9611587524414062
1747273914.0398655,2.2340412099384492,-7.015734996033943,4.308462142944336
1747273914.0602417,2.1762612815990474,-7.014873355294688,3.4127235412597656
1747273914.07698,2.1305563670939978,-7.016442744940974,5.389928817749023
1747273914.0948112,2.0962455153894366,-7.011842648026376,5.141496658325195
1747273914.112515,2.0452031797815753,-7.008812806557014,2.8269290924072266
1747273914.1317708,2.0197807605978197,-7.006355424649756,2.485513687133789
1747273914.1518743,1.9990668496054431,-7.001070947060156,2.597332000732422
1747273914.1748488,1.9933271295956934,-7.003677155968829,5.048274993896484
1747273914.1947122,1.9600593400085835,-6.999282592720413,4.413843154907227
1747273914.216511,1.928652256407086,-7.001022911813414,4.974365234375
1747273914.2361352,1.9106272345616646,-6.997787513958327,6.174325942993164
1747273914.2546837,1.8413453918577225,-6.975275049713294,4.379987716674805
1747273914.2752879,1.8205402875868033,-6.97372635270683,5.658149719238281
1747273914.294574,1.8070243717159704,-6.968947429175439,4.633188247680664
1747273914.3118222,1.7714210393511598,-6.965125311006581,2.382993698120117
1747273914.3316853,1.7496130676776944,-6.965412160427301,2.4585723876953125
1747273914.3518164,1.7321411161186728,-6.962707698719561,2.4852752685546875
1747273914.3719397,1.6687443287352508,-6.962590801961089,2.400636672973633
1747273914.3916895,1.629335219379241,-6.947872690429499,2.3279190063476562
1747273914.4117997,1.5975441100634729,-6.934399046782097,2.3751258850097656
1747273914.4326866,1.5883042461529215,-6.923851609608983,2.5396347045898438
1747273914.451693,1.5134610691713812,-6.925744063153151,2.4514198303222656
1747273914.4718213,1.4628597423462515,-6.910913040829463,2.557516098022461
1747273914.4993474,1.4227670872602478,-6.895063425312443,2.640962600708008
1747273914.5149565,1.3514222113599883,-6.884460497960653,4.452228546142578
1747273914.535866,1.3174910022140878,-6.870778246385694,5.141496658325195
1747273914.555228,1.3088934148411866,-6.862624997150383,5.501508712768555
1747273914.5746384,1.244561159322887,-6.846575090377291,4.490852355957031
1747273914.5919302,1.191400089906974,-6.839923307926849,2.3887157440185547
1747273914.6117823,1.16231619837751,-6.83337840070805,2.4385452270507812
1747273914.6359236,1.0856302137313858,-6.829498600801617,5.376577377319336
1747273914.6549542,1.0249462847626523,-6.817504438213711,4.895448684692383
1747273914.6759849,0.9823966561286179,-6.807792218866598,6.202220916748047
1747273914.6945026,0.9579730586202443,-6.7866809958346455,3.8924217224121094
1747273914.7142859,0.8847791688609506,-6.792228050257366,3.106355667114258
1747273914.7339182,0.8489026298407355,-6.79124260425652,3.322124481201172
1747273914.7524333,0.8234847074179691,-6.794167816762049,2.5815963745117188
1747273914.772253,0.7453174463754259,-6.780801271078942,2.543210983276367
1747273914.786662,0.7169728062290591,-6.774415825680337,2.351999282836914
1747273914.8125606,0.6528203054240397,-6.755246157458518,2.9349327087402344
1747273914.8319697,0.5755878410563455,-6.760126664770255,2.5048255920410156
1747273914.847166,0.5288871636164286,-6.760151594294593,2.5320053100585938
1747273914.874695,0.4669810522421499,-6.770481108513685,4.651308059692383
1747273914.8870945,0.43631482608874966,-6.7783271756851535,2.4271011352539062
1747273914.9119222,0.3932873959448005,-6.796622113318781,2.4499893188476562
1747273914.9318254,0.36151409188141703,-6.808233191890443,2.505779266357422
1747273914.9465692,0.3507742469211282,-6.813258417010364,2.4178028106689453
1747273914.975733,0.2779329336236447,-6.8390815415682065,5.58781623840332
1747273914.9891822,0.23386660884379537,-6.847483599479241,2.6705265045166016
1747273915.0123394,0.1821645630759621,-6.856082253011263,2.705812454223633
1747273915.0293612,0.12757280553324668,-6.866482893970191,2.6674270629882812
1747273915.0517807,0.07775010974091197,-6.876957472348189,2.528667449951172
1747273915.0720172,0.04530022855493872,-6.882535207609603,2.3956298828125
1747273915.0939023,-0.01686133975725084,-6.922919177897648,4.17017936706543
1747273915.1148589,-0.07594119753571418,-6.969478956176576,4.312992095947266
1747273915.1306818,-0.10280270994793275,-6.992263443758092,4.77290153503418
1747273915.152002,-0.13061806545514565,-7.013707736180841,2.3953914642333984
1747273915.172022,-0.15734885599142195,-7.036939505901496,2.43377685546875
1747273915.1939163,-0.2136304066918438,-7.0666258759977145,4.136562347412109
1747273915.2120721,-0.2582473970827726,-7.090314158033423,2.3670196533203125
1747273915.227637,-0.277490564527876,-7.105902795725116,2.477884292602539
1747273915.2518728,-0.3285231420235733,-7.128136191658866,2.4442672729492188
1747273915.2718594,-0.3852608856749023,-7.148599230474435,2.356290817260742
1747273915.2918596,-0.41646216727369845,-7.153171423090587,2.5331974029541016
1747273915.3122475,-0.42133643892164796,-7.17073484550627,2.3572444915771484
1747273915.3276134,-0.4776162289830174,-7.1845799775477595,2.376556396484375
1747273915.351875,-0.5320240555612368,-7.214282854443711,2.391815185546875
1747273915.37172,-0.5563600830464935,-7.235937817703574,2.4280548095703125
1747273915.3935246,-0.6315299972063132,-7.253127504708089,3.4263134002685547
1747273915.4124322,-0.6806328372271703,-7.271657004621858,2.5184154510498047
1747273915.4320357,-0.7167172328196605,-7.29696931737298,2.545595169067383
1747273915.4547555,-0.7988621899550529,-7.312412327832272,4.532814025878906
1747273915.46993,-0.8336289704554894,-7.322967521473081,2.4483203887939453
1747273915.487478,-0.857042125046216,-7.33052752820696,2.468585968017578
1747273915.5148687,-0.8926979260915586,-7.348301500543688,4.643917083740234
1747273915.528791,-0.9397931022219597,-7.356938758411267,2.5396347045898438
1747273915.5591893,-0.978363202170756,-7.365258922625971,2.6242733001708984
1747273915.5760748,-1.019662055361002,-7.379227847223697,5.701780319213867
1747273915.595465,-1.1123813721814204,-7.397083937192647,5.646944046020508
1747273915.6155047,-1.1664038024240928,-7.41382351098024,5.727291107177734
1747273915.635783,-1.1969580089656608,-7.427200823417275,5.950212478637695
1747273915.650494,-1.28840069634355,-7.433424341801319,2.5238990783691406
1747273915.672501,-1.3524565420780152,-7.443355579254692,2.555370330810547
1747273915.6919193,-1.3813983234621503,-7.453016137746686,2.323150634765625
1747273915.7119842,-1.3946364613907867,-7.45448320160938,2.3920536041259766
1747273915.7317908,-1.4400121465723095,-7.46217717569069,2.369403839111328
1747273915.7520082,-1.4803179510194258,-7.4696120631773315,2.427816390991211
1747273915.7718625,-1.5160802874464296,-7.472342581081051,2.3517608642578125
1747273915.793542,-1.5703848676471421,-7.465202826017135,4.223108291625977
1747273915.8120759,-1.6275538357791768,-7.466179557051141,2.3813247680664062
1747273915.8317254,-1.6876905984491335,-7.47325782233494,2.4662017822265625
1747273915.8519716,-1.7766800661646873,-7.475871135234811,2.444028854370117
1747273915.8720946,-1.859620104829303,-7.481770298929399,2.445220947265625
1747273915.892018,-1.9417821078078064,-7.471871840021988,2.3956298828125
1747273915.9160862,-2.0186237527505626,-7.469465415718977,5.725383758544922
1747273915.9370072,-2.055731477527442,-7.464238724389816,6.926774978637695
1747273915.9529033,-2.0835525148537806,-7.459516230238936,3.130197525024414
1747273915.9720945,-2.093370488557996,-7.454600458930648,2.596616744995117
1747273915.9921885,-2.1512310780158486,-7.436955998008959,2.581357955932617
1747273916.0099297,-2.2000940831415248,-7.424705188990283,2.5663375854492188
1747273916.0398002,-2.2297739199465947,-7.413662434692844,4.251241683959961
1747273916.0612926,-2.2481764396001482,-7.401388899814207,3.8917064666748047
1747273916.0845087,-2.28364121592309,-7.378549677353415,5.688667297363281
1747273916.106337,-2.301487157193645,-7.373014238916114,3.4377574920654297
1747273916.1205444,-2.358474173062143,-7.35130701269215,3.7865638732910156
1747273916.1334877,-2.399580612071212,-7.324397421790498,2.950906753540039
1747273916.147224,-2.4167182864033703,-7.306363500762904,2.5250911712646484
1747273916.167559,-2.430274381556402,-7.289826679109384,2.7587413787841797
1747273916.1872125,-2.47834785371635,-7.273745882457758,2.493619918823242
1747273916.2071714,-2.507844169494848,-7.250456737577803,2.5510787963867188
1747273916.2323024,-2.5198273665194657,-7.224483027639005,2.608060836791992
1747273916.252355,-2.563276550720545,-7.205441968330749,2.525806427001953
1747273916.2671754,-2.576964696508589,-7.1984531003541905,2.492189407348633
1747273916.292056,-2.580013081623535,-7.184719657295795,2.462148666381836
1747273916.3120325,-2.6164206814758075,-7.168522366358398,2.4492740631103516
1747273916.4812078,-2.709587487745142,-7.03872551887004,2.979278564453125
1747273916.4998844,-2.7259241305877207,-7.020189034116767,2.771615982055664
1747273916.5165648,-2.7406204397190015,-7.006655698061076,5.295038223266602
1747273916.539874,-2.745919948714725,-6.983046506125864,4.425048828125
1747273916.5638902,-2.7488812693405884,-6.963127517021641,3.1943321228027344
1747273916.5820086,-2.7538949207610868,-6.940677275372888,3.2567977905273438
1747273916.5992591,-2.7537217918891845,-6.918287697838204,3.0155181884765625
1747273916.612037,-2.7731108858051208,-6.891115031630305,2.4597644805908203
1747273916.6321836,-2.7676045099579256,-6.8861450400951165,2.4483203887939453
1747273916.651959,-2.7782991883247936,-6.869137822516346,2.3899078369140625
1747273916.6721714,-2.784901504427792,-6.847713439512038,2.5856494903564453
1747273916.6920903,-2.7919949558348085,-6.8269445843523,2.531290054321289
1747273916.7123199,-2.79444860861054,-6.804691207024678,2.427339553833008
1747273916.732114,-2.8096624497444824,-6.7646235767346905,2.510547637939453
1747273916.7520998,-2.8010791309973446,-6.731158407360773,2.4912357330322266
1747273916.771894,-2.813475420613257,-6.704001584708188,2.420186996459961
1747273916.7920203,-2.818473842548722,-6.671767993392769,2.482175827026367
1747273916.8122785,-2.8284534238352923,-6.643765939721141,2.5336742401123047
1747273916.8322687,-2.828716503011403,-6.615548940377431,2.5513172149658203
1747273916.852115,-2.8299094411235686,-6.588759885527197,2.4156570434570312
1747273916.8730705,-2.819288036067371,-6.557138140640132,3.0150413513183594
1747273916.8948197,-2.81963010788172,-6.5270226516987915,4.180669784545898
1747273916.9114602,-2.8250761314516786,-6.5093504049644295,2.8591156005859375
1747273916.9391236,-2.8248570371370176,-6.468630701231991,9.127616882324219
1747273916.9549034,-2.8281416632525143,-6.4361435242513805,3.1974315643310547
1747273916.9729452,-2.8277344921851593,-6.4003072250761495,2.759218215942383
1747273916.993023,-2.8214206711017025,-6.362497706045155,2.908468246459961
1747273917.0128212,-2.8249671984878173,-6.334738130955189,2.8672218322753906
1747273917.0326812,-2.8242838872700404,-6.3094698400705,2.640247344970703
1747273917.0507016,-2.815611960846675,-6.296430976495682,3.715991973876953
1747273917.0760238,-2.8390069005855234,-6.241769079888908,5.522251129150391
1747273917.0943563,-2.841498836586616,-6.192204213233636,3.6864280700683594
1747273917.1142051,-2.8453974370610973,-6.155044632911429,3.644704818725586
1747273917.13228,-2.8629453519360437,-6.1141467789145985,2.480745315551758
1747273917.1521873,-2.871796102244847,-6.07269994648222,2.557039260864258
1747273917.1720307,-2.870465214000875,-6.034776007387514,2.5072097778320312
1747273917.1920166,-2.8831549431472117,-5.993280892304493,2.4662017822265625
1747273917.2069678,-2.8887568599984146,-5.957344399330921,2.4538040161132812
1747273917.2323968,-2.8976116223289403,-5.914571098356982,2.6209354400634766
1747273917.2522898,-2.9145991036661045,-5.8773195576970885,2.4034976959228516
1747273917.2719586,-2.9159101967644316,-5.839218884075668,2.4025440216064453
1747273917.292229,-2.9132404667156018,-5.8051829760222615,2.474546432495117
1747273917.3123243,-2.9129220621020444,-5.7710045446447555,2.4497509002685547
1747273917.3279927,-2.9142328533287505,-5.7408488779383084,2.794027328491211
1747273917.352363,-2.9203819731857084,-5.691112876554844,2.5429725646972656
1747273917.3722703,-2.9155413948856816,-5.640965103453074,2.519369125366211
1747273917.392034,-2.9196203635279634,-5.573512149855708,2.552509307861328
1747273917.4122462,-2.9276609258903123,-5.5197956465369975,2.481222152709961
1747273917.433121,-2.930633401013303,-5.474278939888207,3.354787826538086
1747273917.4525785,-2.9332595216695334,-5.423150591999726,2.606630325317383
1747273917.4728649,-2.9246037612844016,-5.368941153109432,2.6993751525878906
1747273917.4925292,-2.925610902073025,-5.332633572272727,2.537250518798828
1747273917.516198,-2.9235722030803113,-5.299516089172227,5.45811653137207
1747273917.5325398,-2.9426986660052106,-5.255032854305622,2.560853958129883
1747273917.5527296,-2.9518145239310276,-5.213428632404109,2.523660659790039
1747273917.5723016,-2.95430237852777,-5.15581908558442,2.4950504302978516
1747273917.5924082,-2.9468779718775653,-5.106388198981898,2.434968948364258
1747273917.6130576,-2.936718880347991,-5.05443878132203,2.810955047607422
1747273917.6324682,-2.938312244646303,-4.999048016249622,2.4366378784179688
1747273917.6521628,-2.9398985460506335,-4.948664425105239,2.4335384368896484
1747273917.6723354,-2.9290776814288715,-4.895891052530525,2.360105514526367
1747273917.692032,-2.9207248680902422,-4.843159831655594,2.5293827056884766
1747273917.7123897,-2.9181892579259756,-4.800364957920864,2.4182796478271484
1747273917.7324078,-2.916195562121839,-4.7590644893563105,2.455472946166992
1747273917.7523909,-2.912065645610323,-4.700948333083049,2.4459362030029297
1747273917.7733092,-2.913521471199733,-4.648643387265331,2.696514129638672
1747273917.7923658,-2.909703886664509,-4.608453042457056,2.4595260620117188
1747273917.8121831,-2.907400379404477,-4.549525431202056,2.3980140686035156
1747273917.8322191,-2.8995777847971005,-4.494473449707444,2.447366714477539
1747273917.8474844,-2.8847739687270555,-4.438629891282548,2.4785995483398438
1747273917.8727336,-2.8710805379664315,-4.419888713393358,2.532958984375
1747273917.892945,-2.862410086456278,-4.370233568266919,2.6617050170898438
1747273917.9123971,-2.8317891305081817,-4.310121744116037,2.4101734161376953
1747273917.9326663,-2.799483987663947,-4.267139571096952,2.4726390838623047
1747273917.952252,-2.786661199536089,-4.196331963529551,2.363443374633789
1747273917.9741726,-2.7707468229016685,-4.130306894163683,3.360271453857422
1747273917.9931674,-2.74477991916605,-4.083162430683055,2.819061279296875
1747273918.0132806,-2.7302704729621667,-4.018723321837379,2.808809280395508
1747273918.0328877,-2.7271480617285775,-3.9673737052240514,2.6025772094726562
1747273918.0523617,-2.695565758412053,-3.8875795906868515,2.496004104614258
1747273918.0723693,-2.6860739033993877,-3.817884230977742,2.455472946166992
1747273918.0921261,-2.6755004003976923,-3.749425015992895,2.4261474609375
1747273918.1122582,-2.634102030671239,-3.6909661547514827,2.4423599243164062
1747273918.1323142,-2.6102391653971377,-3.62860401400096,2.4204254150390625
1747273918.148126,-2.5946452101335997,-3.5729378082925805,2.7985572814941406
1747273918.1750553,-2.553674699575468,-3.495193691077612,4.643440246582031
1747273918.1925845,-2.539022755486162,-3.4329513848820774,2.596139907836914
1747273918.2126448,-2.5166524669665296,-3.3656185619620587,2.4695396423339844
1747273918.231289,-2.5076372371310516,-3.319895067826349,3.8063526153564453
1747273918.252158,-2.474393886048706,-3.239218406530721,2.425670623779297
1747273918.275583,-2.4523007259817895,-3.1732240524155926,5.056142807006836
1747273918.293233,-2.430382508557344,-3.1192215117105793,3.2968521118164062
1747273918.3169544,-2.3732573614427195,-3.031700677741317,5.397796630859375
1747273918.335395,-2.329387698645344,-2.9621246203132636,5.124807357788086
1747273918.3549128,-2.301711750132191,-2.909237351613874,3.6487579345703125
1747273918.3745375,-2.247953992500994,-2.831626779092873,4.35185432434082
1747273918.3965797,-2.2049924086773425,-2.7669383620471586,4.752635955810547
1747273918.4156952,-2.1808315170845067,-2.7095800961766106,5.636692047119141
1747273918.4333425,-2.1521823090152914,-2.643962256852165,3.082275390625
1747273918.4523308,-2.133294682068086,-2.5780511204868626,2.40325927734375
1747273918.4723997,-2.097675514346279,-2.5158947790218447,2.5022029876708984
1747273918.4932005,-2.065710850750872,-2.4597815866552573,2.9497146606445312
1747273918.5125055,-2.0355972695345685,-2.406759835568806,2.5696754455566406
1747273918.5334423,-1.9877269326132978,-2.356192133191834,3.603696823120117
1747273918.552635,-1.9434646362623675,-2.3109233497937547,2.6264190673828125
1747273918.5741363,-1.9008563659602722,-2.2589478937652516,4.474163055419922
1747273918.59244,-1.8590127499414153,-2.2168259139883046,2.6433467864990234
1747273918.6132932,-1.8212703020836603,-2.1660621129691404,3.4990310668945312
1747273918.6359696,-1.765243721679876,-2.1218052274167625,5.831480026245117
1747273918.6556363,-1.7052252901387634,-2.065073269926539,5.205869674682617
1747273918.675781,-1.6473559470797066,-2.0213721402621623,5.575895309448242
1747273918.6927774,-1.6094206482736315,-1.968325149231027,2.5482177734375
1747273918.712369,-1.5634648627152374,-1.9223334652818274,2.566814422607422
1747273918.7281296,-1.5462697548882363,-1.8881090865179497,2.445697784423828
1747273918.7572267,-1.4719437789875198,-1.8215325445729136,6.607294082641602
1747273918.776308,-1.4236107879732036,-1.7801915535429313,6.123065948486328
1747273918.797236,-1.3921851973327333,-1.7288147877532734,5.720376968383789
1747273918.8162596,-1.3389791169515644,-1.6732585474128518,5.9108734130859375
1747273918.836367,-1.2578814416943316,-1.615599027689157,6.040334701538086
1747273918.8582647,-1.1998048831771462,-1.5771477586892524,8.076190948486328
1747273918.8723395,-1.149054169560254,-1.5401685404217944,2.4068355560302734
1747273918.8923445,-1.0912752312930012,-1.4998535196279816,2.439737319946289
1747273918.912319,-0.9989010669165538,-1.4671139232475203,2.496004104614258
1747273918.9326484,-0.9435057347740325,-1.4447052620973135,2.4471282958984375
1747273918.9529252,-0.9163288821629031,-1.4280224046825911,2.7284622192382812
1747273918.975191,-0.8958267106295462,-1.4096621899075663,5.321264266967773
1747273918.9926653,-0.8283850090058833,-1.3695610317474929,2.5513172149658203
1747273919.0134664,-0.7524750023632814,-1.3388662437969032,3.0744075775146484
1747273919.033444,-0.6656892313027226,-1.315710554831562,3.217458724975586
1747273919.0553427,-0.5913237435181035,-1.293727272185085,3.359079360961914
1747273919.0747914,-0.5097210790193341,-1.2839382222394178,4.508733749389648
1747273919.0942154,-0.43998060671572253,-1.2634488545101612,3.8475990295410156
1747273919.1203058,-0.33436761819532884,-1.2490936780237945,2.507925033569336
1747273919.1325989,-0.28479759428191553,-1.234412978020944,2.384662628173828
1747273919.1525228,-0.2021570382271561,-1.2305386962198162,2.4595260620117188
1747273919.1754405,-0.14408295082511705,-1.2239094517443072,5.288124084472656
1747273919.1959913,-0.08391370935231211,-1.1983062151886754,5.371570587158203
1747273919.2114255,-0.04110216213646869,-1.1847566414102704,2.536773681640625
1747273919.23804,0.03456199541162494,-1.1882324764184558,7.469415664672852
1747273919.2585707,0.1088510875474342,-1.1967108920196727,2.5506019592285156
1747273919.2758925,0.15701190342883753,-1.2094660568648126,4.616498947143555
1747273919.2955031,0.1849514772690934,-1.209063452471403,4.975318908691406
1747273919.3125076,0.2305860815756646,-1.224894127065013,2.4781227111816406
1747273919.3323233,0.2835369242456018,-1.2479631047066333,2.4509429931640625
1747273919.352439,0.34085118941018805,-1.2601552720644849,2.333402633666992
1747273919.3724453,0.40382787210770976,-1.2744311130737278,2.4487972259521484
1747273919.3922944,0.472990072757043,-1.2945293456551838,2.4449825286865234
1747273919.412881,0.5229251106024252,-1.3081315147629733,2.558469772338867
1747273919.4322271,0.5819632101580309,-1.3186682520600925,2.4328231811523438
1747273919.4524426,0.6170944422724465,-1.3276842388362258,2.4261474609375
1747273919.4674342,0.6551201806512111,-1.3405589960833721,2.3674964904785156
1747273919.4927633,0.736367753667258,-1.3647444756496745,2.5451183319091797
1747273919.515915,0.7529514989919869,-1.384616855867685,3.640890121459961
1747273919.5292444,0.7803635825014384,-1.4022333019570357,2.852916717529297
1747273919.548023,0.8079265143860269,-1.417817692938881,2.4476051330566406
1747273919.5679815,0.8405943296600984,-1.4315535223175864,2.4869441986083984
1747273919.5946352,0.8970764764615925,-1.4632015455609508,3.863096237182617
1747273919.6148617,0.9531147372959232,-1.480342725862591,4.020929336547852
1747273919.6341205,1.0066848187076627,-1.4924691034899562,2.5162696838378906
1747273919.6533496,1.0633984470515951,-1.5231503821397652,2.942323684692383
1747273919.6753619,1.1113592887458663,-1.5444168125710405,4.639625549316406
1747273919.6878195,1.1329684899093995,-1.5551838568542016,2.438068389892578
1747273919.7166605,1.2042397520309678,-1.5851120868187338,5.669832229614258
1747273919.7345374,1.2520680952940044,-1.6034477205476654,4.002094268798828
1747273919.7498531,1.276998447502857,-1.61670223144899,2.4302005767822266
1747273919.7681127,1.2973733273653858,-1.626034683819021,2.4585723876953125
1747273919.7923424,1.3708136333442553,-1.6534551829695452,2.4023056030273438
1747273919.8124557,1.4391006758399418,-1.6671425991992777,2.2935867309570312
1747273919.8273206,1.4600534373742202,-1.6796677998665202,2.288341522216797
1747273919.8523033,1.5475946790953723,-1.7051613099565321,2.348661422729492
1747273919.8722064,1.5997943547480604,-1.7209958654393103,2.3605823516845703
1747273919.8922336,1.6620957690192455,-1.7338915702451947,2.344846725463867
1747273919.914453,1.7335309517620772,-1.7592117266697511,2.7556419372558594
1747273919.9328625,1.7828293008595315,-1.7817063778020645,2.521991729736328
1747273919.9524105,1.8251646834314192,-1.8036392274326811,2.5026798248291016
1747273919.9726312,1.8900645512461969,-1.8413650395561338,2.473115921020508
1747273919.987348,1.9307501603292614,-1.8694887503080249,2.357006072998047
1747273920.0168717,2.013450662295681,-1.889324804361155,5.278825759887695
1747273920.0353546,2.064174413627183,-1.8948410932666695,4.057884216308594
1747273920.0518787,2.0890115258048243,-1.906749532253373,3.192424774169922
1747273920.0725453,2.1649750516623842,-1.9463964558620301,2.40325927734375
1747273920.092743,2.2015015558583113,-1.962443210004383,2.6466846466064453
1747273920.1138468,2.2410092647368467,-1.978975950761105,3.456592559814453
1747273920.1356547,2.2798156120910416,-2.0035734804488037,3.76129150390625
1747273920.1546414,2.3551612253350465,-2.0176385211014214,2.9599666595458984
1747273920.1746361,2.404953701925891,-2.0406887801414553,3.9408206939697266
1747273920.193381,2.45086848165783,-2.060367908709571,2.9125213623046875
1747273920.2135882,2.5347915128072613,-2.098766975405325,3.1576156616210938
1747273920.2346094,2.5666046290788125,-2.121367264306554,4.054069519042969
1747273920.2536552,2.6173515990663314,-2.1465357669705516,3.4821033477783203
1747273920.2735918,2.6907665516968153,-2.1980293480279305,3.392457962036133
1747273920.292625,2.735963386533485,-2.234874824243195,2.440929412841797
1747273920.3124645,2.7689270796829577,-2.265391033015942,2.6161670684814453
1747273920.3326676,2.8219586158677608,-2.3204486772338955,2.538919448852539
1747273920.3553603,2.859881079656266,-2.359689131314659,3.1685829162597656
1747273920.3674743,2.876368536262807,-2.3897572459927514,2.4650096893310547
1747273920.388024,2.9056921095238843,-2.4234821183462816,2.553224563598633
1747273920.4125628,2.98372552949772,-2.4670636889743194,2.5577545166015625
1747273920.4325888,3.039726444020043,-2.5001468860620606,2.4580955505371094
1747273920.452546,3.087533850991993,-2.5347184875634787,2.508401870727539
1747273920.4727492,3.1552383950925913,-2.5758668707238876,2.5403499603271484
1747273920.4925668,3.2156632069954343,-2.6156123512971057,2.5055408477783203
1747273920.5126994,3.248489460913403,-2.6527062187454495,2.649545669555664
1747273920.5330708,3.2723900896114717,-2.697595077831433,2.777099609375
1747273920.5536172,3.2709297415936893,-2.7284835187334195,3.1473636627197266
1747273920.5723572,3.2854604637463782,-2.7507170977143782,2.7456283569335938
1747273920.592812,3.308116976378845,-2.798805244522874,2.4983882904052734
1747273920.6123095,3.353563764548499,-2.849320864637645,2.428293228149414
1747273920.6403527,3.3836778733357336,-2.9007328683683005,3.3254623413085938
1747273920.6568723,3.404146707645566,-2.9547409494608985,5.141735076904297
1747273920.6730356,3.4673975655821208,-2.9996586382554167,2.6350021362304688
1747273920.6933808,3.4940394359432965,-3.058556891278814,2.640247344970703
1747273920.7135017,3.5169647524936316,-3.107168613822422,2.767324447631836
1747273920.733199,3.5602292287834185,-3.158355802931811,2.595186233520508
1747273920.7546015,3.572363511895105,-3.213581605351853,2.8734207153320312
1747273920.7691646,3.5740835359417296,-3.258553245309186,2.7594566345214844
1747273920.792859,3.5836667897054633,-3.3244826147804347,2.9001235961914062
1747273920.8129833,3.5841953148606898,-3.3828617689238585,2.521991729736328
1747273920.8328755,3.5899278006212487,-3.434098732353061,2.516031265258789
1747273920.8526354,3.596557880182191,-3.492909654315781,2.4433135986328125
1747273920.8723283,3.5750058457486507,-3.536404175141096,2.4623870849609375
1747273920.892953,3.5627098103581334,-3.5914877301618184,2.588510513305664
1747273920.9126384,3.551638922991828,-3.6520124603634643,2.6323795318603516
1747273920.9327378,3.5831375098088167,-3.7069097760523437,2.6133060455322266
1747273920.9526875,3.589961252646319,-3.7602029135355486,2.6018619537353516
1747273920.9741933,3.5968948713653495,-3.8195551165477792,3.0133724212646484
1747273920.9927063,3.6044347203487885,-3.8796826903721606,2.507448196411133
1747273921.013098,3.606220279805108,-3.9477970903181423,2.536296844482422
1747273921.03497,3.5911735226951937,-4.016176489678243,4.391670227050781
1747273921.0538507,3.574515928356893,-4.078465018714722,2.5331974029541016
1747273921.0726306,3.556017623065827,-4.143234100397206,2.41851806640625
1747273921.0901613,3.532869310575548,-4.195299025167793,2.6633739471435547
1747273921.107797,3.5172904392400532,-4.25832543662239,2.559661865234375
1747273921.1333265,3.5176661647639893,-4.333268949375324,2.6793479919433594
1747273921.1534116,3.5326301808428613,-4.387469547652838,2.6166439056396484
1747273921.184535,3.5361608892581047,-4.447069938405652,7.186174392700195
1747273921.2100806,3.5866268839373308,-4.492345853400763,4.953861236572266
1747273921.280397,3.5850488752626597,-4.6739069297324,11.74473762512207
1747273921.3251863,3.5220308080176883,-4.858368763111392,4.398107528686523
1747273921.3868437,3.4270158878989747,-5.066108714381007,6.506681442260742
1747273921.4983997,3.3063876797567593,-5.403696513537656,7.852077484130859
1747273921.5165372,3.304038924312272,-5.47380633454635,4.894495010375977
1747273921.5359142,3.2904291323756807,-5.54283351298932,5.1708221435546875
1747273921.553418,3.257038143662589,-5.578320773727217,3.002166748046875
1747273921.5752676,3.2571874295638144,-5.669956626886837,4.431247711181641
1747273921.593476,3.220034507505344,-5.724427810925648,2.5742053985595703
1747273921.6123338,3.191433396113661,-5.78469342423218,2.2897720336914062
1747273921.6332383,3.1757639428911384,-5.837415825038324,2.745389938354492
1747273921.652877,3.156349184672919,-5.884783711950651,2.5339126586914062
1747273921.6729352,3.160600952379499,-5.943436660662584,2.5780200958251953
1747273921.6929283,3.1430993852804274,-5.973500825984909,2.5603771209716797
1747273921.7166443,3.147680615433758,-6.015694734681028,5.020618438720703
1747273921.73583,3.1541845040789704,-6.068662274840911,3.5440921783447266
1747273921.7541957,3.117968756509253,-6.111806730609344,2.7289390563964844
1747273921.7758703,3.109287684525203,-6.156213799312748,3.0012130737304688
1747273921.7929754,3.1054614373842995,-6.201643519579395,2.5398731231689453
1747273921.8157074,3.0702958866150976,-6.251347325088376,4.185676574707031
1747273921.8340068,3.045356582920949,-6.298743974664548,3.2901763916015625
1747273921.8525429,3.0378321600071434,-6.34152102402235,2.4209022521972656
1747273921.8728716,2.9843167912358957,-6.38686698190864,2.5148391723632812
1747273921.8925407,2.965381005899126,-6.419931150543955,2.4330615997314453
1747273921.91397,2.9478143340388447,-6.463037034369602,3.3330917358398438
1747273921.9348521,2.943755438262425,-6.489192793350392,3.1387805938720703
1747273921.9543731,2.883923029412149,-6.557846715671481,3.740072250366211
1747273921.976712,2.852590974046037,-6.596593534845102,6.313323974609375
1747273921.9904473,2.839177283616528,-6.626900914656205,2.553224563598633
1747273922.0158381,2.7793368406331704,-6.6659559706301605,4.713773727416992
1747273922.0337014,2.7444015807024895,-6.701415704843193,3.0362606048583984
1747273922.0525951,2.731756915466552,-6.724991006508073,2.9020309448242188
1747273922.0683975,2.622204213481607,-6.775358602295287,2.5544166564941406
1747273922.0994873,2.562156634921428,-6.816370804203673,6.917238235473633
1747273922.1167686,2.5339951157555345,-6.841480547407763,4.512548446655273
1747273922.136712,2.5076825906449978,-6.86746786006092,4.973888397216797
1747273922.157139,2.5046789919566455,-6.887629560002924,7.774591445922852
1747273922.176116,2.4756632218872694,-6.906253419824563,4.194498062133789
1747273922.1947002,2.4444258435818265,-6.9165498804557215,3.870248794555664
1747273922.2151895,2.4009247017695854,-6.929516473267733,4.036188125610352
1747273922.23613,2.3613784314625472,-6.942195170670239,5.5484771728515625
1747273922.2491176,2.3206197855024824,-6.943569597072075,2.477884292602539
1747273922.2728643,2.284369871346674,-6.969242800044297,2.508401870727539
1747273922.2929866,2.2623694635842426,-6.974764631720456,2.493619918823242
1747273922.3085315,2.2542665456182824,-6.976518026552676,2.4390220642089844
1747273922.3329797,2.1914621308426687,-6.987461327179456,2.5789737701416016
1747273922.3528717,2.1526178166101038,-6.999711491102203,2.437591552734375
1747273922.3768868,2.1195050382780236,-7.001746978808665,4.20069694519043
1747273922.3929322,2.101753397499617,-7.0043461673268075,2.4428367614746094
1747273922.41262,2.068247289329124,-7.011209168316139,2.3832321166992188
1747273922.4327786,2.033575742069116,-7.020572190710575,2.498149871826172
1747273922.4530091,2.015061366076201,-7.023053009018016,2.5908946990966797
1747273922.4759526,1.960076856552797,-7.024767777007972,5.232334136962891
1747273922.4944975,1.9192603874467298,-7.031142144281219,3.070354461669922
1747273922.5161424,1.8860441471777245,-7.035227326072583,4.766941070556641
1747273922.5358217,1.8092771090616286,-7.047690119735014,4.364252090454102
1747273922.5544653,1.765370109954079,-7.044088176065647,2.893209457397461
1747273922.5731244,1.7449588953714383,-7.034590757093853,2.6078224182128906
1747273922.594247,1.6889150071927952,-7.03957207758964,3.040790557861328
1747273922.616627,1.6663579747884345,-7.0370340132167595,4.946231842041016
1747273922.6350858,1.6442041238299339,-7.035918808927918,4.27699089050293
1747273922.6543462,1.6201078389227825,-7.0342033120721075,3.494739532470703
1747273922.6742585,1.5839956884805602,-7.028544331923862,3.638029098510742
1747273922.6944592,1.5485715205177342,-7.0238309370450205,3.3102035522460938
1747273922.714188,1.5197985802206997,-7.0158346146309345,3.4155845642089844
1747273922.728058,1.4726355678814897,-7.011589470160424,2.482175827026367
1747273922.7529566,1.4381995722643033,-7.002304813669475,2.586841583251953
1747273922.7730284,1.4180481664602886,-6.990428464996912,2.4650096893310547
1747273922.7928364,1.3624263644997128,-6.982406558931253,2.5017261505126953
1747273922.8127303,1.319843975489433,-6.968065201869489,2.395153045654297
1747273922.8328989,1.288970827208801,-6.946209817484423,2.5742053985595703
1747273922.852725,1.2594396438201163,-6.929512286735675,2.412080764770508
1747273922.875638,1.2021167300961546,-6.930916600115125,3.894329071044922
1747273922.889862,1.1693414860846516,-6.926318338974512,4.119634628295898
1747273922.9196365,1.126161096565053,-6.915269741036518,2.8748512268066406
1747273922.9364827,1.017843893461185,-6.883233388929166,4.365682601928711
1747273922.9539597,0.975250133552681,-6.866290768387254,3.08990478515625
1747273922.9732604,0.952370817785985,-6.847823334733368,2.7523040771484375
1747273922.992853,0.8629028182456583,-6.829801833420241,2.4352073669433594
1747273923.014898,0.8180127088296739,-6.83210178050243,2.816915512084961
1747273923.0490315,0.7724399509034056,-6.822813493654228,10.675430297851562
1747273923.0663874,0.7139627340569183,-6.827670772695688,2.541065216064453
1747273923.084902,0.6726395341113296,-6.8217286594759905,5.247592926025391
1747273923.1011686,0.6526091324256055,-6.813476128674589,2.9828548431396484
1747273923.1178644,0.6310071655761299,-6.795221444836092,5.15294075012207
1747273923.136669,0.5378506420247091,-6.792994468563982,5.865573883056641
1747273923.1563308,0.4724831397147631,-6.793165555689141,5.015134811401367
1747273923.1753597,0.44829638447172904,-6.796907088172928,3.8385391235351562
1747273923.1934216,0.37568286243040366,-6.804951479858304,2.729654312133789
1747273923.2139316,0.33036799454108706,-6.808816366927633,2.763509750366211
1747273923.2289453,0.3024830310398899,-6.820406792605085,2.4127960205078125
1747273923.2483,0.25248450373567677,-6.831535591140331,2.4726390838623047
1747273923.275955,0.19076892766562356,-6.832663942625145,4.510164260864258
1747273923.2939703,0.14558733781509156,-6.854058973804218,2.7456283569335938
1747273923.3158205,0.05818900588274358,-6.858699094646945,4.936695098876953
1747273923.3278441,0.037098246770403055,-6.868249620709406,2.2983551025390625
1747273923.3532538,0.007580456256460354,-6.883837096818846,2.4530887603759766
1747273923.378324,-0.007088505825908161,-6.89982590962061,7.593870162963867
1747273923.3970451,-0.07700786818141105,-6.915757172965208,4.959821701049805
1747273923.41543,-0.12243099825391437,-6.927871570302122,4.443645477294922
1747273923.4376876,-0.16212557404825417,-6.945291103623321,6.816387176513672
1747273923.4531686,-0.23902074221255884,-6.9735756940665015,2.6252269744873047
1747273923.4730191,-0.28112120201362656,-7.003822066208583,2.4483203887939453
1747273923.4964073,-0.3191052744475066,-7.027801037887978,4.738807678222656
1747273923.5151613,-0.37445146230782017,-7.044337313401252,3.6296844482421875
1747273923.5400856,-0.42777234673811626,-7.061165159107571,6.8683624267578125
1747273923.5651603,-0.46349203784127296,-7.082560890569276,4.038572311401367
1747273923.5851743,-0.544574656461569,-7.127521781234648,2.574920654296875
1747273923.5992856,-0.5994231809692726,-7.153806344784875,2.7213096618652344
1747273923.6137173,-0.6339125824854082,-7.1757771309224845,2.603292465209961
1747273923.6336694,-0.6484683643834688,-7.191540729481748,2.7425289154052734
1747273923.653189,-0.6596636375316952,-7.203375145457342,2.6001930236816406
1747273923.6732206,-0.7307949893783421,-7.221879841337812,2.557516098022461
1747273923.6934047,-0.7799815815831379,-7.240213225339004,2.4199485778808594
1747273923.7130456,-0.7962302349099536,-7.2527389162400695,2.4607181549072266
1747273923.7336466,-0.8179888982804644,-7.260497688098057,2.8657913208007812
1747273923.7532473,-0.8773074009788907,-7.279630575799709,2.458810806274414
1747273923.775061,-0.9216757450334113,-7.304402281880928,2.7217864990234375
1747273923.7963264,-0.9379027592447521,-7.31478768026008,4.285335540771484
1747273923.8097286,-0.9993768515347224,-7.325616489808306,2.4585723876953125
1747273923.8305757,-1.0585532146904444,-7.337104594759502,2.801656723022461
1747273923.8485737,-1.0963622682373784,-7.351623629484522,2.460956573486328
1747273923.8686986,-1.1224449159456176,-7.356546595607857,2.4852752685546875
1747273923.8971002,-1.1965810150838676,-7.368854810294426,5.177736282348633
1747273923.9130926,-1.2377780671047234,-7.375647607523587,2.4411678314208984
1747273923.9330297,-1.2759783134498015,-7.396241711759454,2.432584762573242
1747273923.9492264,-1.3273049928591563,-7.39284319757964,2.6030540466308594
1747273923.9759452,-1.389450821590767,-7.407596438212583,4.503488540649414
1747273923.993906,-1.4258881035889621,-7.421672702155383,2.7136802673339844
1747273924.0138147,-1.4919103747191824,-7.4206306321686,2.882719039916992
1747273924.0346885,-1.5502859203393036,-7.426570181451109,2.6793479919433594
1747273924.0513203,-1.5837934286287496,-7.428624959310181,3.861665725708008
1747273924.072839,-1.6232630069577707,-7.4269413336455985,2.792835235595703
1747273924.0944414,-1.6957831475073966,-7.424939322070422,3.396272659301758
1747273924.1162362,-1.7248137239920618,-7.423867362425592,9.032011032104492
1747273924.1379833,-1.7913211442620058,-7.420769807968017,5.266666412353516
1747273924.1559503,-1.8478027873545149,-7.420369176212387,3.995656967163086
1747273924.1707656,-1.8804496482688595,-7.4198696107393225,2.9892921447753906
1747273924.193913,-1.933435522228428,-7.409262329809304,3.003835678100586
1747273924.2142453,-2.0147790747741174,-7.40829247986892,3.2770633697509766
1747273924.233262,-2.079045195932057,-7.390702083560267,2.626180648803711
1747273924.2539945,-2.1083062951102085,-7.375115684854032,2.9375553131103516
1747273924.2738862,-2.178028750685979,-7.369408751818853,2.782106399536133
1747273924.297916,-2.227780130668127,-7.355136719560027,7.170915603637695
1747273924.3179822,-2.2564823102274354,-7.339701068730557,5.322933197021484
1747273924.3341532,-2.3094570148905382,-7.319899155829762,3.305673599243164
1747273924.3603008,-2.3443215331617666,-7.304157538524644,2.8481483459472656
1747273924.3776917,-2.3582183491290682,-7.298749945197768,4.804134368896484
1747273924.3987203,-2.4054606276013275,-7.277302644350416,6.264686584472656
1747273924.4132376,-2.436559064598552,-7.251856863898833,2.509593963623047
1747273924.4342077,-2.452617450200098,-7.235037332368947,3.2761096954345703
1747273924.4595015,-2.469591760518718,-7.217364257004629,5.067110061645508
1747273924.4825945,-2.5237631149076094,-7.179564973055188,4.210948944091797
1747273924.5019057,-2.548103504227099,-7.1553950000775535,4.013299942016602
1747273924.5151625,-2.560922534333516,-7.131986839649429,2.804279327392578
1747273924.5342846,-2.589201358310388,-7.11679628232221,3.071308135986328
1747273924.5625846,-2.6016809329341304,-7.095807704913543,3.9854049682617188
1747273924.5820415,-2.603814478306344,-7.084898665655713,3.7810802459716797
1747273924.5951486,-2.640439997690912,-7.069656555325207,2.5577545166015625
1747273924.6141086,-2.652037447638737,-7.0524929858881595,2.7008056640625
1747273924.6361263,-2.655986302834526,-7.027909996808178,4.490375518798828
1747273924.6495724,-2.6627629136389266,-7.016542799484862,2.609729766845703
1747273924.6757324,-2.6924969703669177,-6.997372866549,3.673076629638672
1747273924.697837,-2.699802714670716,-6.979073303745425,5.648136138916016
1747273924.709923,-2.704662870249184,-6.96360333285963,2.4607181549072266
1747273924.7333875,-2.7363640754550875,-6.9379794988440615,2.565622329711914
1747273924.7483761,-2.7399594843470694,-6.928185275936163,2.491474151611328
1747273924.7703483,-2.7498681762876642,-6.901285555974879,3.395557403564453
1747273924.7936535,-2.7645181483406622,-6.870175530265273,2.548694610595703
1747273924.8094692,-2.77474699931892,-6.8588496669697845,2.557039260864258
1747273924.8332913,-2.782466879179421,-6.829241603971331,2.4802684783935547
1747273924.8548164,-2.783315230066985,-6.797666085842408,2.6819705963134766
1747273924.8761566,-2.7768931825560705,-6.775697680314586,4.722118377685547
1747273924.8945372,-2.7818056394034687,-6.744830612071869,3.2472610473632812
1747273924.91786,-2.786075538195887,-6.7163476671779065,5.074739456176758
1747273924.9303293,-2.787367947851354,-6.687624498094521,2.4573802947998047
1747273924.9556413,-2.8085554769449823,-6.655657371635011,3.7145614624023438
1747273924.9743626,-2.8252964124846187,-6.609177714677645,2.7272701263427734
1747273924.9913075,-2.825958258829384,-6.602098844914249,4.491090774536133
1747273925.008401,-2.8309640771391344,-6.584063905327522,2.442598342895508
1747273925.033444,-2.844895326218706,-6.5692353651521875,2.592802047729492
1747273925.0562408,-2.8346746920041825,-6.537362254820932,5.158185958862305
1747273925.0774026,-2.831238373891812,-6.502396081326989,5.331993103027344
1747273925.096514,-2.836320495383637,-6.46535085578586,2.9153823852539062
1747273925.1138368,-2.8330433221427263,-6.43129614990575,2.605438232421875
1747273925.1339798,-2.8285876120664595,-6.39657182549806,3.277301788330078
1747273925.1537182,-2.843360531418739,-6.357757844431909,2.6290416717529297
1747273925.1738648,-2.84909143333447,-6.316209047452534,2.5911331176757812
1747273925.1934736,-2.852857294278816,-6.2858269683144385,2.493143081665039
1747273925.214982,-2.8612039860383343,-6.266284299636127,3.269672393798828
1747273925.233691,-2.8667324441846405,-6.228051871848379,2.4695396423339844
1747273925.2565842,-2.867154649366218,-6.193357560983713,3.1201839447021484
1747273925.2734942,-2.865706790991818,-6.1222097944519005,2.5968551635742188
1747273925.293544,-2.8725682261739647,-6.087120223441266,2.587556838989258
1747273925.314087,-2.875004227350269,-6.034806782877912,2.8793811798095703
1747273925.3341582,-2.876021953203119,-5.988218936187245,2.6504993438720703
1747273925.3492582,-2.8724373064737923,-5.951663709296587,2.5768280029296875
1747273925.3687167,-2.8691233712939037,-5.914572916128379,2.5708675384521484
1747273925.3935397,-2.873005468772206,-5.8585545489279065,2.485990524291992
1747273925.4157333,-2.872618966703339,-5.823578065988044,4.006862640380859
1747273925.4303777,-2.8644912058453564,-5.804080397856841,2.52532958984375
1747273925.4536176,-2.8644783970004672,-5.758731246602268,2.420663833618164
1747273925.4682019,-2.868212338516058,-5.730905122461116,2.389192581176758
1747273925.4932506,-2.868470824180145,-5.672979112846939,2.463817596435547
1747273925.5134718,-2.873523848225714,-5.634130723358551,2.3734569549560547
1747273925.5334287,-2.872692365789162,-5.602232752237627,2.464771270751953
1747273925.5535407,-2.8929144391642074,-5.5508765184115365,2.4042129516601562
1747273925.576621,-2.903398660919637,-5.50647793961168,4.566669464111328
1747273925.5897045,-2.904646987248525,-5.479040630934542,2.4738311767578125
1747273925.6151178,-2.9041738213034693,-5.41761955710503,2.7523040771484375
1747273925.6335118,-2.9021978477605077,-5.366714045171289,2.5348663330078125
1747273925.6570795,-2.9017830711100587,-5.329113830659741,5.570650100708008
1747273925.6782534,-2.9058752692642473,-5.29147072469779,5.43212890625
1747273925.6968625,-2.9037934641904197,-5.255911841888105,5.2547454833984375
1747273925.7135339,-2.8969822168975616,-5.214890673325493,2.434253692626953
1747273925.7338488,-2.900676597830442,-5.172339786162736,2.6297569274902344
1747273925.7535625,-2.893752854953605,-5.11328802917687,2.636432647705078
1747273925.7759209,-2.8827913260480016,-5.058574503263921,3.220796585083008
1747273925.7937703,-2.878565443948138,-5.000094103003363,2.4917125701904297
1747273925.8165576,-2.859586162884925,-4.947157707417202,4.8313140869140625
1747273925.836507,-2.860940427006025,-4.900216060082467,4.437685012817383
1747273925.855556,-2.855765555868876,-4.845287532258119,4.355907440185547
1747273925.878502,-2.8548467914195808,-4.792144707814436,5.714178085327148
1747273925.894185,-2.846894967629057,-4.7479861152709075,2.801656723022461
1747273925.9135542,-2.8511880427066045,-4.699195464238286,2.3643970489501953
1747273925.9340508,-2.851531685469393,-4.6406362587025525,2.6531219482421875
1747273925.953657,-2.8464403390503668,-4.593145400595992,2.4116039276123047
1747273925.9734828,-2.85127887200487,-4.549328114551602,2.542734146118164
1747273925.9934082,-2.8490986589332796,-4.49125083634129,2.4666786193847656
1747273926.013391,-2.8207777380821386,-4.43122758145762,2.450227737426758
1747273926.0355535,-2.8092932431536433,-4.36946752139965,4.464626312255859
1747273926.0534472,-2.8007581754558326,-4.316039214281625,2.478361129760742
1747273926.0734403,-2.7670090073378106,-4.240420441081671,2.542734146118164
1747273926.0937192,-2.751615815288193,-4.175181104281651,2.8824806213378906
1747273926.1138258,-2.740208676412421,-4.110944290159149,2.612590789794922
1747273926.1337504,-2.7320606743811986,-4.042194105906986,2.417325973510742
1747273926.1535802,-2.721716203626811,-3.9811241018852215,2.409696578979492
1747273926.174318,-2.7198050821102804,-3.915582095646029,2.699613571166992
1747273926.1941655,-2.706084707980841,-3.857230882872017,2.568960189819336
1747273926.2140057,-2.6752388610673434,-3.805683825242962,2.5441646575927734
1747273926.2359326,-2.655676242569756,-3.7600548089162182,3.7429332733154297
1747273926.261716,-2.644981399822041,-3.7059271612879843,7.1735382080078125
1747273926.2903812,-2.6107735006377477,-3.656541415142935,6.201267242431641
1747273926.319606,-2.5741243539881773,-3.5407937986424654,7.018804550170898
1747273926.3473384,-2.5554373212467123,-3.472026410781159,3.980398178100586
1747273926.372378,-2.5400846207597576,-3.3984037975658676,4.99272346496582
1747273926.3878663,-2.5194362925517573,-3.3415313160423468,2.4597644805908203
1747273926.404035,-2.479032660299658,-3.273003487642198,2.7010440826416016
1747273926.417309,-2.449562611450584,-3.2033321061508935,4.148244857788086
1747273926.56266,-2.2587228775601993,-2.7861538425931647,4.500389099121094
1747273926.5781336,-2.232917618975556,-2.704691445152031,4.890918731689453
1747273926.596727,-2.182690889833126,-2.6500678318223154,4.790782928466797
1747273926.6254673,-2.1266006798567654,-2.5976010794554267,3.456592559814453
1747273926.6391466,-2.071492548857628,-2.543188264630334,2.6557445526123047
1747273926.654514,-2.0263472308463517,-2.48932597554753,2.6679039001464844
1747273926.6745567,-1.9945934130278085,-2.441044223530283,2.8121471405029297
1747273926.695798,-1.9659580398294438,-2.3763879671875436,3.164529800415039
1747273926.711061,-1.9450990800586032,-2.3266719755514793,2.6428699493408203
1747273926.7342517,-1.8954316196378818,-2.250091332604401,2.720355987548828
1747273926.7543073,-1.8474913723434279,-2.209141398428641,2.7229785919189453
1747273926.774424,-1.783246321808891,-2.1604076599842936,2.7365684509277344
1747273926.7989244,-1.7122489452687557,-2.1190320203305886,6.558656692504883
1747273926.8143134,-1.64373867340298,-2.0766887548778503,3.004312515258789
1747273926.8299363,-1.6185857293674721,-2.0233468977183504,2.5110244750976562
1747273926.8544028,-1.581161632203427,-1.9489659104094135,2.834796905517578
1747273926.869765,-1.5514132255576525,-1.9157396527014692,3.1986236572265625
1747273926.88892,-1.4915712803707366,-1.8686019856683724,2.487659454345703
1747273926.9137695,-1.4360329887617531,-1.8128824419361305,2.463102340698242
1747273926.9340491,-1.3865883407988684,-1.7780690970854356,2.497434616088867
1747273926.953885,-1.3398501226438209,-1.724944753823069,2.540111541748047
1747273926.9736388,-1.291642430338535,-1.6810615057489084,2.3758411407470703
1747273926.9936445,-1.2349123276710734,-1.6463853072694685,2.4063587188720703
1747273927.01435,-1.1780900889548263,-1.5897574316371157,2.546548843383789
1747273927.0335543,-1.1194520216832649,-1.5541324662965446,2.5637149810791016
1747273927.054536,-1.0615041519637463,-1.523732459379513,3.043651580810547
1747273927.0739365,-1.0277325142336333,-1.506763846274367,2.5110244750976562
1747273927.09375,-0.9641370049032459,-1.4607424445403334,2.5162696838378906
1747273927.1142633,-0.8958836338367646,-1.4330689738470457,2.5665760040283203
1747273927.1345878,-0.8446898412161815,-1.4101055414975714,3.0870437622070312
1747273927.1560512,-0.7869471275336262,-1.3862721359220156,3.573894500732422
1747273927.1745608,-0.6978280614487566,-1.371585949650294,2.9807090759277344
1747273927.189084,-0.6468710650240205,-1.3681440408010024,2.4759769439697266
1747273927.2163699,-0.5597307959700433,-1.3280800638776828,4.29081916809082
1747273927.2359529,-0.4955516368827681,-1.3091741834569,3.685474395751953
1747273927.2543125,-0.4376747598517637,-1.2950193161919845,2.8727054595947266
1747273927.2784631,-0.3642221402823512,-1.2825065771442141,5.106210708618164
1747273927.299655,-0.3053094398593762,-1.2679260318970382,3.7784576416015625
1747273927.325828,-0.2632316785199399,-1.261879838275029,3.8688182830810547
1747273927.339941,-0.14679490498962733,-1.2678899617369501,3.296375274658203
1747273927.3541608,-0.08116387964083054,-1.2462249504881378,2.5818347930908203
1747273927.3741872,-0.00014529023393522513,-1.253401855000069,2.5794506072998047
1747273927.3965676,0.13945292309406562,-1.2516384475768711,4.4994354248046875
1747273927.4139566,0.1973522879996783,-1.2591526144663772,2.395153045654297
1747273927.4336376,0.24271922114625388,-1.2704577507153019,2.4101734161376953
1747273927.454277,0.3148910647276668,-1.2721979067960583,2.446413040161133
1747273927.4738326,0.32549016635645617,-1.3009392714056125,2.4437904357910156
1747273927.4937065,0.3710082661772028,-1.3017694695787698,2.3984909057617188
1747273927.5086052,0.4140722156735593,-1.3122273107763547,2.482891082763672
1747273927.5338206,0.4757647193771318,-1.3278379755046827,2.440929412841797
1747273927.5571115,0.4971021993066039,-1.3471079978397167,3.1092166900634766
1747273927.570127,0.519618922693285,-1.363552692395004,2.597808837890625
1747273927.594245,0.5568820994439756,-1.383242505477233,2.5413036346435547
1747273927.6141348,0.592730430263994,-1.4114249468986424,2.535104751586914
1747273927.634136,0.6460381579722564,-1.433572604814506,2.536773681640625
1747273927.6573954,0.7290419922904635,-1.4441312504137405,4.810571670532227
1747273927.6738987,0.7668489175158016,-1.4678282215452947,2.4182796478271484
1747273927.694432,0.8004451653773615,-1.4852421931419977,2.675771713256836
1747273927.7123866,0.8336778146063856,-1.4891067593064486,2.467632293701172
1747273927.734425,0.8848746450504551,-1.5079729662151526,2.713918685913086
1747273927.7540379,0.9373884173349704,-1.5329760015525857,2.5396347045898438
1747273927.774309,0.9677373172390031,-1.5482684663961763,2.685070037841797
1747273927.794012,1.0065096197766388,-1.5605081363717581,2.5262832641601562
1747273927.809561,1.063263741617673,-1.587398224752569,2.469301223754883
1747273927.8335798,1.1157778555870923,-1.6137130173828946,2.4220943450927734
1747273927.8536932,1.1646708840244342,-1.6302230565510663,2.5284290313720703
1747273927.873664,1.2289823526752475,-1.649216126173735,2.3713111877441406
1747273927.8934727,1.2855712849426801,-1.6666254914363405,2.373218536376953
1747273927.9137697,1.336837137287626,-1.6889184314351913,2.4080276489257812
1747273927.9334748,1.3892626438405797,-1.7086009392252357,2.4068355560302734
1747273927.9535406,1.4508495828064327,-1.7210964789794088,2.3686885833740234
1747273927.9741054,1.5054160476290173,-1.7358045795956725,2.501964569091797
1747273927.9957662,1.5407156886536904,-1.7474722234613784,3.827333450317383
1747273928.0147562,1.615596483309826,-1.776385827531615,2.7921199798583984
1747273928.0342636,1.6706098900551805,-1.7905792410003993,2.541780471801758
1747273928.0545802,1.7161004001922615,-1.8093606615162074,2.836465835571289
1747273928.077987,1.8003073179463331,-1.8220069201346574,5.258798599243164
1747273928.0957437,1.8683027271272985,-1.8349342066120131,3.834962844848633
1747273928.1138992,1.9098872234248665,-1.8540430066778715,2.476215362548828
1747273928.1343713,1.9672465455735222,-1.8857012365631118,2.8488636016845703
1747273928.1492143,2.00721518986823,-1.9105818437818056,2.4962425231933594
1747273928.174695,2.0604826641867287,-1.9342711111626034,2.8052330017089844
1747273928.1950562,2.139794753670108,-1.9591048143905823,2.7854442596435547
1747273928.215431,2.204319307434819,-1.983853668207271,3.068685531616211
1747273928.2339623,2.240071516815673,-2.0005868714415596,2.4619102478027344
1747273928.2544196,2.28387818722935,-2.021756801790678,2.8319358825683594
1747273928.275835,2.3778897275733177,-2.042417803137253,4.090547561645508
1747273928.293798,2.44015529254856,-2.073741815290593,2.4454593658447266
1747273928.314517,2.469358217560859,-2.0969406314866483,2.7153491973876953
1747273928.3339093,2.54692754212374,-2.1305577530844615,2.552509307861328
1747273928.3538396,2.58375812490714,-2.1555447456206416,2.556324005126953
1747273928.373891,2.6249127932586362,-2.184503915539101,2.490997314453125
1747273928.3937798,2.6576162180411287,-2.215200592633882,2.4805068969726562
1747273928.4163783,2.676576787396619,-2.230300936555386,5.02467155456543
1747273928.4297252,2.7189777533965205,-2.263844069128389,2.52532958984375
1747273928.454078,2.7781546880288404,-2.3094432308646806,2.627849578857422
1747273928.474521,2.819904413269204,-2.342757053856324,2.7561187744140625
1747273928.4942136,2.876415531893772,-2.386560610786577,2.6917457580566406
1747273928.5174298,2.9135212309609932,-2.421272691634671,4.638433456420898
1747273928.5339792,2.9262486615519765,-2.427582921643259,2.595663070678711
1747273928.557907,2.98834072707961,-2.479931630232196,5.701303482055664
1747273928.5778434,3.033763075998504,-2.5294129605233935,4.104137420654297
1747273928.5966723,3.0581460098591458,-2.556067167835241,5.003929138183594
1747273928.6184103,3.076811186120329,-2.5800382077825543,4.790782928466797
1747273928.6321557,3.117852887196378,-2.620080828774836,2.6144981384277344
1747273928.658166,3.1590929838460147,-2.66639120230809,3.698587417602539
1747273928.6754231,3.1709835606592764,-2.7064251326585653,2.8443336486816406
1747273928.697786,3.2197672639394175,-2.7782850896947986,5.080461502075195
1747273928.7163026,3.2453672326389476,-2.838722974776616,3.677845001220703
1747273928.7289648,3.24875775577427,-2.876546720051658,2.5742053985595703
1747273928.7539446,3.3009168076500424,-2.9506043150965766,2.572298049926758
1747273928.7793167,3.3142377854568146,-3.017969449973538,6.363391876220703
1747273928.799471,3.3131219898509023,-3.0818614687205184,5.808591842651367
1747273928.8146799,3.313098095058611,-3.1442563556546497,2.8171539306640625
1747273928.8347762,3.3339415121528777,-3.203781058626938,2.677440643310547
1747273928.8543005,3.352333000623977,-3.264065860844254,2.4797916412353516
1747273928.8744345,3.3696289643148565,-3.3354075408457975,2.5086402893066406
1747273928.9008512,3.4088526516689277,-3.3878586204409844,2.936840057373047
1747273928.9200275,3.4114577732537112,-3.432318185598843,5.31458854675293
1747273928.9343581,3.407019179670794,-3.4973834133876958,2.4471282958984375
1747273928.9544294,3.410214300567624,-3.517646734784248,2.568960189819336
1747273928.974051,3.4180404213287208,-3.568806875234226,2.441883087158203
1747273928.9939737,3.4143210377985307,-3.632511893137035,2.4566650390625
1747273929.0141926,3.431221261998534,-3.6924670969644557,2.6187896728515625
1747273929.0343132,3.4318288417423606,-3.7530082575905936,2.5436878204345703
1747273929.0543916,3.4264418456144203,-3.8167529265742632,2.5424957275390625
1747273929.0762393,3.4125268417084755,-3.874580311353199,4.57000732421875
1747273929.1025546,3.427262162329281,-3.925319512265856,3.7305355072021484
1747273929.123837,3.421246663451255,-3.9781324029233707,3.1859874725341797
1747273929.148952,3.415045158075598,-4.0396658696386245,8.600473403930664
1747273929.163086,3.407323940782441,-4.109846482439139,2.709627151489258
1747273929.1742496,3.3989800003885464,-4.16835876212358,2.496480941772461
1747273929.1902251,3.383263896229133,-4.245995523276266,3.698587417602539
1747273929.214076,3.3825094839289322,-4.34447579964992,2.3801326751708984
1747273929.2338543,3.372336719608147,-4.4092426392685065,2.3412704467773438
1747273929.2566147,3.382886529803089,-4.460188757465421,3.3359527587890625
1747273929.2777538,3.415554363221139,-4.51528174395075,3.782510757446289
1747273929.2941935,3.4323572331049608,-4.579834776296776,2.4003982543945312
1747273929.3144383,3.446735066261521,-4.640121259677614,2.731800079345703
1747273929.3341281,3.4474031478257943,-4.687679254797331,2.4118423461914062
1747273929.354236,3.470239068669611,-4.755498216069973,2.315521240234375
1747273929.3741276,3.4969711646627326,-4.819682924667756,2.4368762969970703
1747273929.4018655,3.5085766594105494,-4.8927770021429735,2.7000904083251953
1747273929.4158337,3.533542744116154,-4.9187487713411295,3.0286312103271484
1747273929.4347737,3.5628093392459124,-4.968434639577093,2.719879150390625
1747273929.4546497,3.580352665393616,-5.017823667501939,2.522706985473633
1747273929.4742258,3.61853727683261,-5.066454438125493,2.488374710083008
1747273929.4980035,3.6432382413110336,-5.118623544627672,4.961490631103516
1747273929.52229,3.662952930606489,-5.159948215462575,3.72314453125
1747273929.5346665,3.702742020244302,-5.23466134094471,2.6319026947021484
1747273929.5498796,3.7333330843803028,-5.2797179630477125,2.5484561920166016
1747273929.5746071,3.74401592654696,-5.334657225758161,2.7081966400146484
1747273929.5910685,3.7553887897557363,-5.388358709678508,2.880573272705078
1747273929.610218,3.772823534361028,-5.437335397599461,3.076314926147461
1747273929.6357112,3.775652880133467,-5.502215689932662,3.37982177734375
1747273929.649732,3.7881332022940137,-5.539825733839126,2.4924278259277344
1747273929.6729758,3.7694156460659376,-5.598118853920116,3.4825801849365234
1747273929.6895082,3.7767431556160194,-5.641731906841817,2.6776790618896484
1747273929.7098005,3.7814643703442354,-5.689065050093769,2.6082992553710938
1747273929.72941,3.782807704892627,-5.742739199749535,2.613544464111328
1747273929.7565455,3.766708515207707,-5.808043455255937,4.429340362548828
1747273929.7701242,3.751721160922333,-5.832078578176787,2.5682449340820312
1747273929.7906358,3.74954283959242,-5.863915570188197,2.6390552520751953
1747273929.8092842,3.7517125584117514,-5.9202776753116275,2.653360366821289
1747273929.8301206,3.757525445178047,-5.9886253634069435,2.7239322662353516
1747273929.857766,3.773101445464246,-6.052252047344326,5.36036491394043
1747273929.877222,3.7608699984769083,-6.096770433613483,4.785299301147461
1747273929.8943903,3.7491407711653593,-6.125712100787013,2.7332305908203125
1747273929.911236,3.7458381257914795,-6.170779036983196,2.7730464935302734
1747273929.9424279,3.74724358136877,-6.238821965350627,7.989168167114258
1747273929.960314,3.749245012631629,-6.291920709080999,5.993843078613281
1747273929.9788098,3.6961576771405005,-6.325412024361044,5.07354736328125
1747273929.9995635,3.6670179917380565,-6.388553321971865,7.37452507019043
1747273930.0191019,3.6445642297843808,-6.43236943314697,7.058620452880859
1747273930.0332708,3.6221360335232164,-6.474245457699921,2.6721954345703125
1747273930.0585861,3.6140093994795097,-6.523416205081398,5.036592483520508
1747273930.0746624,3.610444281757868,-6.561856819404414,2.7849674224853516
1747273930.0906384,3.6111611370235246,-6.591002860521192,3.3643245697021484
1747273930.1142504,3.546001055962279,-6.645000860903773,2.694368362426758
1747273930.1386473,3.5039160664194786,-6.685439281514279,6.151437759399414
1747273930.1619234,3.494802768226233,-6.737546804519648,3.988027572631836
1747273930.1823022,3.488787483693513,-6.784065112472803,4.693269729614258
1747273930.1955652,3.481989572746414,-6.8290866378599855,2.64739990234375
1747273930.209246,3.4740233259370243,-6.852194217011902,2.526521682739258
1747273930.2350686,3.4087504490369307,-6.887655279262679,2.7189254760742188
1747273930.2562351,3.362459034603389,-6.922026311625513,4.005908966064453
1747273930.269216,3.3293309926940755,-6.945256697879147,2.472400665283203
1747273930.295617,3.2529942112527017,-6.958705587225009,3.6482810974121094
1747273930.3184795,3.2132525872681694,-6.96370969124826,4.881143569946289
1747273930.3308995,3.195950500550285,-6.972258500906523,2.467632293701172
1747273930.3575788,3.130258651994773,-6.985060074161886,2.8183460235595703
1747273930.374542,3.0973366622069514,-6.997143635032129,2.725362777709961
1747273930.3947241,3.0596117318498495,-7.011214205654051,2.476930618286133
1747273930.4140878,3.0453694380507184,-7.016982634157938,2.5415420532226562
1747273930.4342792,2.9902824653976103,-7.00968463584456,2.46429443359375
1747273930.4543347,2.9513297282736226,-7.022324898540411,2.5031566619873047
1747273930.474552,2.9303209772322987,-7.024928297229559,2.651214599609375
1747273930.4947352,2.8931096422371945,-7.0289052886695655,2.7923583984375
1747273930.5149474,2.8741737254230064,-7.035215561987023,2.836465835571289
1747273930.5354214,2.8598186183077496,-7.031202674716183,2.885103225708008
1747273930.5562832,2.8021748115128013,-7.029660580498848,3.1325817108154297
1747273930.5745897,2.757297562927211,-7.031151996297192,2.7561187744140625
1747273930.5942452,2.726465807204483,-7.0334595931220445,2.6407241821289062
1747273930.6159196,2.6953416409647897,-7.039520576415694,2.785921096801758
1747273930.6389465,2.6249779005965075,-7.057607733087646,3.468036651611328
1747273930.654257,2.5948722467716028,-7.061063766405781,2.5207996368408203
1747273930.6775203,2.5321688032240064,-7.062324271787575,4.573822021484375
1747273930.6898549,2.4914280608426127,-7.0586969928263645,2.474069595336914
1747273930.7143912,2.448307562138505,-7.054044595222866,2.54058837890625
1747273930.734206,2.4168914744407375,-7.05578252592076,2.5453567504882812
1747273930.7549932,2.3661175485516397,-7.051953567686535,2.628326416015625
1747273930.774609,2.3352887796946,-7.051416094587501,2.588033676147461
1747273930.7950885,2.293341121667585,-7.055376003589013,2.7539730072021484
1747273930.8167086,2.272142162734897,-7.05427507102422,3.7517547607421875
1747273930.836121,2.255345119994662,-7.058813170508214,3.133535385131836
1747273930.8558855,2.258430646739751,-7.062177555595031,3.2529830932617188
1747273930.8755605,2.2519381103882834,-7.063022325557943,3.0798912048339844
1747273930.89483,2.2051041613462523,-7.063608943106928,2.7496814727783203
1747273930.9143798,2.158590173314101,-7.065647136868424,2.477407455444336
1747273930.9352348,2.132262292517464,-7.059417928640271,2.6521682739257812
1747273930.956592,2.117703388155527,-7.055232031044832,3.1235218048095703
1747273930.9752471,2.0796446338337744,-7.054793569267181,2.9757022857666016
1747273930.9973397,2.015122211080235,-7.053572140536086,5.154609680175781
1747273931.0152247,1.9607050518206421,-7.057908260692838,3.0694007873535156
1747273931.034474,1.9376552413476065,-7.057058677851555,2.515554428100586
1747273931.0570028,1.9220999724956318,-7.054251143364213,4.409313201904297
1747273931.077007,1.9122571230288927,-7.051849422688854,4.305601119995117
1747273931.0943468,1.8763457227432894,-7.055990973684405,2.6700496673583984
1747273931.1144824,1.8538947856761523,-7.057662338827028,2.463102340698242
1747273931.143361,1.8328414572773888,-7.06233324436928,3.418445587158203
1747273931.1614177,1.7478897773012474,-7.055833128420891,3.3636093139648438
1747273931.1790469,1.6765462936697941,-7.041217738912547,4.446744918823242
1747273931.1972282,1.6382641331877477,-7.029599425483147,3.980875015258789
1747273931.2142105,1.6070825198607805,-7.026962900906767,2.389669418334961
1747273931.2291522,1.6020862468845725,-7.023597773577076,2.5472640991210938
1747273931.2556107,1.5729274060873635,-7.017935350811057,2.555370330810547
1747273931.2699475,1.55598815334621,-7.014308131084794,2.4557113647460938
1747273931.2953598,1.4869414360149296,-7.011838537318104,2.6874542236328125
1747273931.318287,1.4537380323078715,-7.012966534875656,4.247188568115234
1747273931.3343635,1.4277462574125164,-7.006971158937576,2.392292022705078
1747273931.3562253,1.3615012014607726,-7.010402025432036,4.147529602050781
1747273931.3759387,1.3029544625027094,-7.007088266600899,3.712892532348633
1747273931.3963244,1.274522601208275,-7.001442656622516,4.198789596557617
1747273931.4177477,1.2252337401804088,-7.004644428931499,4.477500915527344
1747273931.5744035,0.8706838591444335,-6.96603695420034,2.5005340576171875
1747273931.5915327,0.8221308806289439,-6.93514467071224,3.150463104248047
1747273931.6143641,0.7428315054684614,-6.943645981916662,2.4335384368896484
1747273931.6363218,0.690321328303147,-6.94345693627573,3.0634403228759766
1747273931.6545188,0.6551653637010837,-6.933248935372461,2.446413040161133
1747273931.674203,0.6326075750945087,-6.924506066655632,2.3119449615478516
1747273931.7008133,0.6103618843618362,-6.9113449275474705,3.055572509765625
1747273931.722068,0.5358916048407033,-6.901898377554971,4.392385482788086
1747273931.7445862,0.48368976012370435,-6.894404512246085,4.3201446533203125
1747273931.7671304,0.39685205093928144,-6.895539719393914,3.180980682373047
1747273931.7798293,0.3395626635916894,-6.896180864477232,2.5560855865478516
1747273931.7950876,0.3206037770396259,-6.904577651117427,2.749204635620117
1747273931.819549,0.2888533969205862,-6.912162679739645,2.7320384979248047
1747273931.8351676,0.23184212860227593,-6.907652967816519,2.6159286499023438
1747273931.8560023,0.16486186901816002,-6.90930805926656,3.023386001586914
1747273931.876466,0.1308634508708518,-6.912627694690169,3.5088062286376953
1747273931.8909163,0.10057410311631335,-6.920124281951675,2.528667449951172
1747273931.912015,0.05631464279908738,-6.897532493393109,2.5298595428466797
1747273931.9356818,-0.00116050627576857,-6.9020692012281355,2.9485225677490234
1747273931.9492662,-0.025727105293543658,-6.915229257941117,2.4437904357910156
1747273931.974772,-0.10228405364381424,-6.929610202093358,2.620697021484375
1747273931.9945366,-0.16038664383880957,-6.9543930643352105,2.5970935821533203
1747273932.0147855,-0.18557540771930342,-6.971085485846834,2.583742141723633
1747273932.0358887,-0.24896748198463312,-6.9782722796568155,3.5233497619628906
1747273932.055958,-0.2980950704536097,-7.000568676541529,2.980470657348633
1747273932.074352,-0.3357263328617724,-7.035790206031052,2.4347305297851562
1747273932.0894263,-0.3558185173633778,-7.050126646693428,2.434968948364258
1747273932.1149855,-0.4386530159243629,-7.074147287951164,2.5496482849121094
1747273932.1382802,-0.48123938037286706,-7.096959995085356,5.102634429931641
1747273932.15737,-0.5137994868353859,-7.11696373819613,4.488468170166016
1747273932.1703324,-0.574833776283067,-7.13280321483071,2.415180206298828
1747273932.1953106,-0.6316406341878311,-7.156613846660355,2.5877952575683594
1747273932.2176647,-0.6623314984266984,-7.169991369718951,5.428075790405273
1747273932.2343795,-0.7329253748995721,-7.201633060590635,2.4302005767822266
1747273932.254844,-0.7844561608858677,-7.225232925346503,2.475261688232422
1747273932.2742858,-0.816120214908343,-7.237155924335859,2.312898635864258
1747273932.2951758,-0.8715328038768168,-7.248083083254764,2.694845199584961
1747273932.3195918,-0.8944710809423035,-7.2536356293654345,6.854534149169922
1747273932.3382874,-0.911067419619597,-7.266683859935291,5.826234817504883
1747273932.3562107,-0.9899941136265991,-7.285573129128901,3.1964778900146484
1747273932.3760474,-1.0566933085427332,-7.315516284512411,3.4341812133789062
1747273932.3956888,-1.0958948731273177,-7.339288757920149,3.0739307403564453
1747273932.4152927,-1.1250826048751699,-7.3629579196434145,2.881288528442383
1747273932.4366953,-1.2010976040619576,-7.389350534499257,3.456592559814453
1747273932.4545007,-1.2485078479401193,-7.405013848075738,2.370595932006836
1747273932.4693527,-1.276862673090527,-7.417495563555613,2.378702163696289
1747273932.4927132,-1.3528086508711563,-7.429588047246211,4.624843597412109
1747273932.510658,-1.420452631661457,-7.443036518220343,2.9630661010742188
1747273932.5369527,-1.4856496171688225,-7.455661482383174,3.8042068481445312
1747273932.551446,-1.5520065295182175,-7.463466017862503,2.6187896728515625
1747273932.5781617,-1.6052054291077384,-7.472467112153655,5.786418914794922
1747273932.598547,-1.6291654244832294,-7.4731777575958995,4.268169403076172
1747273932.61861,-1.6604330068292912,-7.477671292116229,4.416704177856445
1747273932.6379652,-1.741136326820668,-7.4863552101142234,4.243612289428711
1747273932.6580503,-1.7905116973669146,-7.4923474574856,4.976987838745117
1747273932.6792123,-1.8328169715398952,-7.491364158700964,5.65338134765625
1747273932.6997113,-1.9055167249797007,-7.468740062867048,5.463600158691406
1747273932.71577,-1.9513163838078682,-7.459683560117235,3.4008026123046875
1747273932.7377167,-1.9859033163764672,-7.446172035269315,4.127740859985352
1747273932.7583675,-2.0429991975938444,-7.437908356020536,5.715847015380859
1747273932.7783473,-2.0913302830937592,-7.425197149380472,4.878759384155273
1747273932.7898378,-2.1207018799138857,-7.413762036443381,2.6094913482666016
1747273932.8134549,-2.1493049825466914,-7.400155814078451,3.9870738983154297
1747273932.8383102,-2.215881939231323,-7.377275369595835,5.004167556762695
1747273932.8603833,-2.255963150719269,-7.3571128766983085,3.0558109283447266
1747273932.87124,-2.2662074112030286,-7.344229538275211,2.5548934936523438
1747273932.8947551,-2.327098041772286,-7.32605277262731,2.6328563690185547
1747273932.9097557,-2.37560181633183,-7.30514661103853,2.452373504638672
1747273932.9354906,-2.4101326362472992,-7.281208044082161,2.8340816497802734
1747273932.9499297,-2.4413374144218962,-7.262654851394691,2.515077590942383
1747273932.9714408,-2.4676172907744673,-7.2390047009568415,2.7723312377929688
1747273932.9906437,-2.480869039112469,-7.219848086254536,2.5415420532226562
1747273933.0099082,-2.530902026651335,-7.188240439645895,2.4788379669189453
1747273933.029759,-2.5553517060468525,-7.181969719163952,2.5322437286376953
1747273933.0501127,-2.5619632207085656,-7.156105172204892,2.617359161376953
1747273933.0775504,-2.592608080417399,-7.133333335570443,4.5413970947265625
1747273933.096815,-2.6059816370059554,-7.109003064174919,3.086090087890625
1747273933.1130571,-2.612367225706239,-7.099635117327651,4.626035690307617
1747273933.137301,-2.6197011317201064,-7.078593455761127,4.324674606323242
1747273933.155585,-2.6180892031865985,-7.06812902944295,2.9060840606689453
1747273933.175326,-2.638658858813464,-7.05030451392755,3.1375885009765625
1747273933.1988466,-2.6552855754288207,-7.0382770230425615,5.164623260498047
1747273933.2145824,-2.652275293815017,-7.029129341555511,2.456188201904297
1747273933.2346907,-2.66146960322923,-7.017667795683679,2.4552345275878906
1747273933.2554884,-2.695735644417487,-6.980005502115342,2.6357173919677734
1747273933.270505,-2.7080153567912175,-6.958194398817504,2.543210983276367
1747273933.2954493,-2.7201048501087506,-6.922948045879817,2.544879913330078
1747273933.3153322,-2.7395737906714515,-6.908277267848184,3.1785964965820312
1747273933.3304565,-2.7535971145767744,-6.883795255243047,2.5377273559570312
1747273933.350595,-2.7626799998157474,-6.864479457616966,2.5451183319091797
1747273933.3754964,-2.7714447729860345,-6.830403377818924,2.5315284729003906
1747273933.3969789,-2.782946716402922,-6.804743692924212,3.506183624267578
1747273933.4097872,-2.7927656406283106,-6.782427507447462,2.3899078369140625
1747273933.4300768,-2.7930765518647234,-6.747911584437161,2.4280548095703125
1747273933.45478,-2.8113489992120777,-6.712960491211043,2.541780471801758
1747273933.474551,-2.8189817973127864,-6.688253877769708,2.4662017822265625
1747273933.4944065,-2.8206700832097047,-6.661112678931784,2.3987293243408203
1747273933.5147443,-2.821323829206426,-6.642142874435485,2.529144287109375
1747273933.5346534,-2.828281405940182,-6.610091404814677,2.420663833618164
1747273933.5548308,-2.8239606202812233,-6.579337379938535,2.8052330017089844
1747273933.5755508,-2.8286607027898394,-6.550080976777022,2.964496612548828
1747273933.5983093,-2.8306652348645023,-6.5283120876498,4.763603210449219
1747273933.6152003,-2.8342316949026514,-6.495989837339268,2.8357505798339844
1747273933.634858,-2.828309449531211,-6.471235841303538,2.591848373413086
1747273933.662713,-2.8439748378200886,-6.440557508069443,2.469301223754883
1747273933.6772122,-2.8446220107899576,-6.39881841531158,3.9358139038085938
1747273933.6946867,-2.851650524843197,-6.378798388842095,2.424001693725586
1747273933.71034,-2.845207604099051,-6.354396534789513,2.5076866149902344
1747273933.735167,-2.8474990887625773,-6.308786253624979,2.5687217712402344
1747273933.75639,-2.8405617009968833,-6.281145767387554,3.2453536987304688
1747273933.7754762,-2.8541345989220295,-6.24969316356725,2.713918685913086
1747273933.799254,-2.863296279064223,-6.212185518734656,5.678653717041016
1747273933.8141756,-2.874630317046314,-6.189905559910391,2.563953399658203
1747273933.8306754,-2.872423019004687,-6.15781778216737,2.517223358154297
1747273933.850492,-2.876098651250081,-6.126941052433473,2.446413040161133
1747273933.8747628,-2.88647317485078,-6.081540517246733,2.626657485961914
1747273933.8952212,-2.8927273347253246,-6.030081467305168,2.6781558990478516
1747273933.9147465,-2.8950823241118617,-5.9882333272969275,2.4008750915527344
1747273933.9347105,-2.8986940008598046,-5.952057339474801,2.394437789916992
1747273933.9570467,-2.9010808339611818,-5.913836301317486,4.277229309082031
1747273933.9744363,-2.9149121310539745,-5.8549317623249815,2.4595260620117188
1747273933.994649,-2.919948674203591,-5.814165078795359,2.437591552734375
1747273934.0145645,-2.923385571908089,-5.792886524709593,2.425670623779297
1747273934.0295017,-2.9259358003985327,-5.76135844913642,2.402067184448242
1747273934.0496728,-2.926849664209639,-5.720266244001975,2.4132728576660156
1747273934.085742,-2.9307748742380126,-5.6847310217432545,11.772394180297852
1747273934.10047,-2.935592380682469,-5.628963536820014,2.7933120727539062
1747273934.1120448,-2.9394140890813802,-5.607528171634916,2.5272369384765625
1747273934.1391795,-2.9413857573909774,-5.554007896194189,5.4225921630859375
1747273934.1575108,-2.945774628318452,-5.479030026305835,3.202199935913086
1747273934.1745706,-2.9497854634065206,-5.421006164400524,2.4471282958984375
1747273934.1996987,-2.9521992210355466,-5.375132692309825,6.60395622253418
1747273934.2193086,-2.945526078906028,-5.328097991597847,6.332635879516602
1747273934.2384741,-2.9645242805677237,-5.281997751604699,5.527019500732422
1747273934.2623215,-2.966901706417577,-5.22480822161762,3.898143768310547
1747273934.279545,-2.9631262432939387,-5.172910897308878,3.443002700805664
1747273934.2982364,-2.971477720275772,-5.12771086551652,3.5512447357177734
1747273934.3172278,-2.976947165228919,-5.076178144697628,3.6745071411132812
1747273934.334923,-2.972536227589509,-5.018988014305281,2.4154186248779297
1747273934.3502648,-2.9690096130221577,-4.974198071072218,2.4416446685791016
1747273934.3747478,-2.9621189369302385,-4.917813768057282,2.4967193603515625
1747273934.394675,-2.95435549008916,-4.864975306187916,2.470254898071289
1747273934.4146912,-2.933233625754406,-4.809726379948781,2.359151840209961
1747273934.4348395,-2.9472345478244852,-4.771878554796092,2.5157928466796875
1747273934.4550562,-2.951842184024141,-4.722654361420807,2.404451370239258
1747273934.4746184,-2.951220684544717,-4.676028818155717,2.4728775024414062
1747273934.494605,-2.9258664064058477,-4.62317025270182,2.3975372314453125
1747273934.5146277,-2.9117365589750235,-4.574971151828334,2.348661422729492
1747273934.5352123,-2.8951044788946336,-4.5092694172956165,2.5751590728759766
1747273934.5547898,-2.8730362208324096,-4.45332113076391,2.5055408477783203
1747273934.576203,-2.8605549005834687,-4.402123035794317,3.5576820373535156
1747273934.5955195,-2.8476778498147497,-4.353246540430128,2.475261688232422
1747273934.6147578,-2.834611547284134,-4.301137476065141,2.443075180053711
1747273934.6349115,-2.817954625763381,-4.257941620194069,2.3458003997802734
1747273934.6554942,-2.8072820100034996,-4.204040309552383,2.5796890258789062
1747273934.685773,-2.7845021752671055,-4.144870466804674,3.177165985107422
1747273934.7032714,-2.763731173036156,-4.083480845636079,3.036022186279297
1747273934.715839,-2.7503329236934135,-4.026658311499877,2.769947052001953
1747273934.7392585,-2.749807189777847,-3.9803754305132957,6.525754928588867
1747273934.7579947,-2.7228179920934545,-3.929364670385603,3.9510726928710938
1747273934.7756593,-2.7087696101060486,-3.8666588878283004,2.925395965576172
1747273934.7966154,-2.7038690698759167,-3.803330746989511,3.6749839782714844
1747273934.8151605,-2.667053499148081,-3.7439523021616434,2.5475025177001953
1747273934.8345804,-2.651813504024542,-3.6851422064557666,2.373933792114258
1747273934.8502114,-2.639520412269059,-3.6263927918705323,2.4247169494628906
1747273934.8813982,-2.623715549167943,-3.531469338024708,2.7475357055664062
1747273934.8948257,-2.620896260983176,-3.4782640750707827,2.445220947265625
1747273934.9185522,-2.611247586844773,-3.4197422172756182,5.575418472290039
1747273934.9349644,-2.602594666017289,-3.3651955041221,2.480745315551758
1747273934.9556665,-2.5384694747174237,-3.2797678172775835,2.753019332885742
1747273934.969795,-2.512679875036591,-3.22685483326258,2.3450851440429688
1747273934.9948337,-2.4881109373058936,-3.1459066096957033,2.454042434692383
1747273935.014611,-2.439733678694116,-3.0910121719401817,2.3832321166992188
1747273935.0355253,-2.397847572106219,-3.0333524069380458,3.0460357666015625
1747273935.0551817,-2.373338107293694,-2.989035706853315,2.683401107788086
1747273935.0778468,-2.340904679917293,-2.917259110193168,5.086421966552734
1747273935.0922081,-2.3331784625386454,-2.8740560649200724,2.6133060455322266
1747273935.1149075,-2.3070368466849054,-2.7956707100357594,2.4652481079101562
1747273935.1400506,-2.2719627421220507,-2.734838459312022,2.579212188720703
1747273935.1652377,-2.2380329441401554,-2.664232984036903,9.504079818725586
1747273935.1787653,-2.2051676363949344,-2.603093885559292,4.316568374633789
1747273935.194163,-2.195832381716343,-2.5652181958534426,2.9294490814208984
1747273935.215709,-2.159749563225531,-2.5092262427632925,3.077268600463867
1747273935.235629,-2.1307147184894117,-2.4577606171287103,2.703428268432617
1747273935.2575543,-2.0732894714359134,-2.3852301441349377,4.469394683837891
1747273935.2748177,-2.0232390606222483,-2.3243091554209374,2.61688232421875
1747273935.2956862,-1.9831454521125575,-2.282200103498574,2.810955047607422
1747273935.318274,-1.957384647095154,-2.2397799625578925,5.708456039428711
1747273935.3348324,-1.9231454304784716,-2.190649797654246,2.521038055419922
1747273935.354784,-1.8910334980200212,-2.151384732637987,2.501964569091797
1747273935.3749726,-1.836804869192114,-2.091409739866707,2.5980472564697266
1747273935.395355,-1.783536381615721,-2.0340837190887293,2.7303695678710938
1747273935.4098802,-1.7484748693848553,-1.9999412735498212,2.544403076171875
1747273935.43485,-1.698851159826015,-1.9265356170359662,2.530813217163086
1747273935.4558828,-1.6455052628346936,-1.866368069675313,2.8238296508789062
1747273935.4753487,-1.5874850772259457,-1.816201890673602,2.6700496673583984
1747273935.4954915,-1.5193037854777491,-1.7524692650758458,2.8378963470458984
1747273935.515538,-1.480082708421675,-1.6988124408812513,2.7475357055664062
1747273935.5351985,-1.4344264116470171,-1.6610855373447517,2.5756359100341797
1747273935.5549848,-1.3724856408156978,-1.6210486505220107,2.549409866333008
1747273935.5747056,-1.300797855840784,-1.5768436971573463,2.504110336303711
1747273935.5949686,-1.23659851183966,-1.536165104038502,2.521514892578125
1747273935.6149738,-1.191440280526134,-1.5160575445386375,2.787351608276367
1747273935.6367412,-1.1184021355624711,-1.46259384324747,2.7718544006347656
1747273935.6588614,-1.043426768303521,-1.4179085378057488,4.815816879272461
1747273935.67615,-0.9666459453684509,-1.3837003858353076,3.111600875854492
1747273935.6976027,-0.9175825798554201,-1.3420373179315348,3.8640499114990234
1747273935.7142088,-0.8863316047976952,-1.3160707323983318,2.4831295013427734
1747273935.7359324,-0.8142869561191386,-1.2805320959372721,3.2875537872314453
1747273935.7548034,-0.7634972014765934,-1.2566155083872277,2.3229122161865234
1747273935.7751596,-0.7049574527884048,-1.229357947861826,2.532958984375
1747273935.7953186,-0.622680597496497,-1.2091567226011022,2.4285316467285156
1747273935.81485,-0.5708824640734221,-1.2012906325933395,2.3651123046875
1747273935.8299532,-0.5548348021766099,-1.1780589649429765,2.3980140686035156
1747273935.855597,-0.4814012975096675,-1.1644958999273525,2.826213836669922
1747273935.8749676,-0.4141503044578528,-1.1578568970183714,2.443552017211914
1747273935.8900352,-0.3567252417048822,-1.1537161666175517,2.4192333221435547
1747273935.915909,-0.29009505583360395,-1.1301140266454053,3.0989646911621094
1747273935.9348617,-0.23037137960932647,-1.1264379404772096,2.4623870849609375
1747273935.9577112,-0.17613282315077636,-1.1312838922889177,4.32896614074707
1747273935.9759376,-0.10128407646121447,-1.1294443161437522,3.3850669860839844
1747273935.9980037,-0.0748511786694705,-1.1420390565008431,4.91023063659668
1747273936.017513,-0.02130065561907986,-1.1494657177926098,3.2379627227783203
1747273936.0309079,0.015592116766738722,-1.1659128915462809,2.5491714477539062
1747273936.0567248,0.09687868273034946,-1.183952591704051,4.003286361694336
1747273936.078258,0.12950175793892343,-1.2007425032753138,5.022525787353516
1747273936.0977967,0.1604361080990937,-1.2158604487058073,4.639387130737305
1747273936.1296606,0.18675966839834138,-1.2308923190939516,7.616281509399414
1747273936.1485307,0.22480777249808281,-1.2481763151704715,4.735231399536133
1747273936.1641803,0.278595773964428,-1.2712418300307835,2.892017364501953
1747273936.1806664,0.3556420876455308,-1.2948026364675491,2.496957778930664
1747273936.1977437,0.40902137141373346,-1.30319557810913,4.408359527587891
1747273936.2148006,0.4483482453032772,-1.311098058793784,2.2890567779541016
1747273936.229735,0.4528044528275827,-1.3187542186639156,2.3310184478759766
1747273936.257784,0.4924848216034814,-1.3326257593397546,3.316164016723633
1747273936.2748544,0.5229787016409881,-1.329382179507598,2.4220943450927734
1747273936.306107,0.603868671134998,-1.3652836081814455,2.593517303466797
1747273936.3216758,0.6617050293646554,-1.3828309618333106,4.7817230224609375
1747273936.3411973,0.7113651289775529,-1.390540910861047,6.869792938232422
1747273936.3565657,0.7672131556971439,-1.4113827744480356,2.645730972290039
1747273936.3749404,0.835342688210976,-1.4314857126864609,2.363443374633789
1747273936.396638,0.8863636845578876,-1.4531922892368494,2.8951168060302734
1747273936.4178786,0.9655925386990123,-1.4675724699202393,4.427433013916016
1747273936.4372196,1.044322994623559,-1.472076645189907,4.446744918823242
1747273936.4594748,1.1175435754213325,-1.4925917280658922,6.70933723449707
1747273936.4788692,1.1772093306801628,-1.5091210136151925,6.116390228271484
1747273936.495939,1.2618325081154373,-1.5384857869616355,3.4132003784179688
1747273936.5148304,1.3319007488062884,-1.5517612250113137,2.4428367614746094
1747273936.5348933,1.3832700543880514,-1.5686415766782966,2.452850341796875
1747273936.555791,1.4770988509707441,-1.5850697465451,3.2062530517578125
1747273936.5799456,1.540463789467878,-1.599215241485071,5.516529083251953
1747273936.5959482,1.596523023054824,-1.6155813722848973,3.2317638397216797
1747273936.6205351,1.6672449158148313,-1.6317452542937583,2.5687217712402344
1747273936.6357448,1.7322856437520118,-1.6463720819368035,3.039121627807617
1747273936.6565788,1.7840986553952634,-1.6682388394876642,3.7915706634521484
1747273936.678654,1.8202576015660767,-1.6884383423939233,4.966497421264648
1747273936.7042189,1.886473095854638,-1.711580747801297,4.605770111083984
1747273936.7225697,1.935477612463033,-1.7388937582056425,2.6285648345947266
1747273936.7353005,1.972755683722348,-1.7597715212605372,2.3539066314697266
1747273936.7551565,2.0446979543166495,-1.786701187570163,2.559185028076172
1747273936.7776492,2.0835065896040743,-1.8031098867617346,3.882169723510742
1747273936.795285,2.114330720382616,-1.8278096793469008,2.7391910552978516
1747273936.8149421,2.1586301417214497,-1.8423127538508672,2.399444580078125
1747273936.8348184,2.206026458418527,-1.86502096582616,2.3632049560546875
1747273936.854854,2.2691066279842746,-1.881331307789463,2.484560012817383
1747273936.874971,2.3272129610397982,-1.8966140589841034,2.5162696838378906
1747273936.895078,2.3592621179312574,-1.911222961443118,2.511262893676758
1747273936.9176774,2.441665044371085,-1.9469895396396848,4.633665084838867
1747273936.9321697,2.495927641880354,-1.968503563367229,2.544403076171875
1747273936.9564478,2.5481074100641403,-2.0018048907672252,3.0455589294433594
1747273936.970709,2.5739388690070335,-2.0178983336539456,2.547740936279297
1747273936.9908502,2.6525987054312363,-2.0560015152413964,2.5937557220458984
1747273937.0130842,2.7134537045684404,-2.087354985825027,3.740072250366211
1747273937.0368462,2.7623949677062836,-2.112559976386538,3.736257553100586
1747273937.0552573,2.8372769179300374,-2.134296295476392,2.6051998138427734
1747273937.07752,2.875609109616681,-2.1719283814473633,4.439592361450195
1747273937.0971148,2.891529080151718,-2.2089163425077434,4.156827926635742
1747273937.1124148,2.9567190192919237,-2.2362165244147674,2.576589584350586
1747273937.13772,3.0118149186084593,-2.292227622013947,4.083871841430664
1747273937.1581933,3.0455585225785615,-2.3365266443707036,3.264904022216797
1747273937.179706,3.086600784355894,-2.3840565676818177,6.487607955932617
1747273937.1959543,3.1133449535463487,-2.4355429782752673,3.2205581665039062
1747273937.2159731,3.133116214282432,-2.4821968920037603,2.840280532836914
1747273937.235341,3.1991468553760134,-2.529366061651349,2.486705780029297
1747273937.2569497,3.237734196658887,-2.576588081701574,3.881692886352539
1747273937.2705853,3.2555857621143907,-2.6044042053895575,2.469778060913086
1747273937.2979333,3.2705414302586315,-2.654256547542659,4.331111907958984
1747273937.3154056,3.3092757408584914,-2.7047489164236227,2.537965774536133
1747273937.335149,3.3277034138315886,-2.7485082017225126,2.4797916412353516
1747273937.3551338,3.328960976994177,-2.8038814943002808,2.4476051330566406
1747273937.375147,3.36866327917242,-2.869161567977642,2.5501251220703125
1747273937.3963459,3.3865170450006783,-2.922207028738578,3.0999183654785156
1747273937.421073,3.41150233339266,-2.99194332133231,3.355264663696289
1747273937.4382834,3.4872730902021054,-3.0629373236882955,4.532814025878906
1747273937.4575431,3.5256406512485543,-3.1178301088410563,4.594564437866211
1747273937.4760585,3.5684916482644837,-3.166256988543637,3.019094467163086
1747273937.497322,3.5798458870577363,-3.2133759677824356,4.16111946105957
1747273937.5154445,3.6182621132150925,-3.279113727696176,2.4755001068115234
1747273937.5354092,3.6259805688097724,-3.3234017536796188,2.5322437286376953
1747273937.555444,3.6427863362920587,-3.354969335339574,2.685546875
1747273937.5759609,3.6570787442205925,-3.418541438204084,3.0875205993652344
1747273937.5991244,3.659918211388195,-3.476354311285508,6.209135055541992
1747273937.6189382,3.6623613238941783,-3.5233996218442987,6.034374237060547
1747273937.669058,3.6556729557248557,-3.578944185922351,6.148338317871094
1747273937.6975036,3.6257248607262067,-3.695474367516969,9.963035583496094
1747273937.7115366,3.582785747680261,-3.750173957165271,3.0465126037597656
1747273937.7245154,3.5677914532995056,-3.8063208098789465,2.433300018310547
1747273937.7365682,3.5478820211028204,-3.8692171824804658,3.297090530395508
1747273937.7588139,3.5341920990589957,-3.9318045251753033,5.683422088623047
1747273937.7768192,3.504408755507918,-3.9860367070289784,3.5130977630615234
1747273937.8008263,3.49656771840031,-4.052374116303423,2.562284469604492
1747273937.8118281,3.4916783258151836,-4.095013998037477,2.4766921997070312
1747273937.8301785,3.4686406540935266,-4.146995152254138,2.402067184448242
1747273937.8561077,3.4635615590072617,-4.223117406732327,3.214597702026367
1747273937.8718407,3.452388682558165,-4.273530346261498,2.5489330291748047
1747273937.895605,3.467159569878952,-4.34828005886593,2.9296875
1747273937.915073,3.469770426199164,-4.404081031351658,2.40325927734375
1747273937.9354396,3.465622515201499,-4.460756904804539,2.475738525390625
1747273937.956195,3.461878315901319,-4.515261004735736,2.7532577514648438
1747273937.9782088,3.452015918730196,-4.574989270283958,4.4460296630859375
1747273937.9953148,3.446803310129996,-4.622982608625479,2.507448196411133
1747273938.0171366,3.4394587625144597,-4.665004501934252,4.357337951660156
1747273938.035931,3.4389874457859104,-4.745745752258506,3.0803680419921875
1747273938.058049,3.4454876191198065,-4.80362685165712,4.3125152587890625
1747273938.0781293,3.4440100802376654,-4.856329603058734,4.762411117553711
1747273938.0981736,3.4424318172396067,-4.940519649988688,4.689931869506836
1747273938.1166282,3.4423651661572396,-5.0059284891836695,3.6258697509765625
1747273938.138668,3.4517652098083813,-5.0702712758192074,4.6939849853515625
1747273938.153081,3.4381809939334365,-5.111329356603229,2.504110336303711
1747273938.1787276,3.4324614618144595,-5.193277675744492,5.303859710693359
1747273938.1981003,3.4306690575676124,-5.248570148224517,4.446983337402344
1747273938.218038,3.45340168982611,-5.302611485016791,4.57310676574707
1747273938.2363682,3.450442800808391,-5.375157503330848,3.1905174255371094
1747273938.2558417,3.4541302545502957,-5.44205484913687,2.87628173828125
1747273938.2778957,3.4598459748643613,-5.4948644801761715,4.557609558105469
1747273938.2989774,3.431874894384836,-5.547152253230773,5.373477935791016
1747273938.3200018,3.4150552444651474,-5.6240000201324944,5.341768264770508
1747273938.3316228,3.4104144634018048,-5.670226324993087,2.6988983154296875
1747273938.3554466,3.3862735811271696,-5.741687368925786,2.544403076171875
1747273938.3754604,3.3810332063364372,-5.796744718792391,2.512216567993164
1747273938.3964906,3.379864135928796,-5.855029074076577,3.0069351196289062
1747273938.4168098,3.3791524759522433,-5.904554694874208,3.652334213256836
1747273938.4381256,3.3908964871082024,-5.951502172528908,4.415750503540039
1747273938.454123,3.378803050699642,-5.994100492127241,2.7229785919189453
1747273938.4760208,3.3666351818135687,-6.054998644197426,2.910137176513672
1747273938.4966292,3.370121747318915,-6.101209350502206,2.810955047607422
1747273938.5164123,3.329255198160187,-6.139528794764954,3.359556198120117
1747273938.536486,3.3070026538646218,-6.17836098069666,3.0388832092285156
1747273938.5564659,3.300497984801641,-6.217998314976326,3.046751022338867
1747273938.5793521,3.2424505275582436,-6.2808738128549,3.967761993408203
1747273938.5941827,3.2288674784038576,-6.312970014516344,2.8417110443115234
1747273938.6209636,3.213975877840155,-6.369518855787153,7.773160934448242
1747273938.6365433,3.2107368954256654,-6.410845059876734,3.4685134887695312
1747273938.658912,3.1706522127573074,-6.4447261944277905,5.211591720581055
1747273938.6754963,3.1480951664524506,-6.474148121846805,2.481222152709961
1747273938.6960268,3.14059974295147,-6.504040321595569,2.8944015502929688
1747273938.7153368,3.097116035397951,-6.556577979158215,2.473592758178711
1747273938.7353432,3.0641629389603535,-6.620683590021134,2.432584762573242
1747273938.7553692,3.0462722574520362,-6.701380108470851,2.6247501373291016
1747273938.7716918,3.032612368190798,-6.739947646526274,3.1557083129882812
1747273938.797031,2.990540498553457,-6.784158842207569,4.001379013061523
1747273938.8269384,2.9596509905369333,-6.824563768998938,2.5844573974609375
1747273938.8409512,2.9077151759904876,-6.8664543157837015,3.060579299926758
1747273938.8552284,2.882510130900606,-6.894063576362863,2.474069595336914
1747273938.8731883,2.860343837416379,-6.91128256727668,2.6977062225341797
1747273938.8981097,2.8360696181308196,-6.929615447662413,4.694223403930664
1747273938.9155507,2.7590932936744976,-6.9645773179733235,2.5260448455810547
1747273938.9397285,2.712158191998617,-6.9797599121308425,6.799459457397461
1747273938.9555764,2.6595767609911163,-6.976637153033644,2.494335174560547
1747273938.9764636,2.6197263705668923,-6.963206620924016,2.809286117553711
1747273938.999512,2.5913187562080617,-6.966464305894985,4.794836044311523
1747273939.0176213,2.578416026724177,-6.984950941518306,4.417896270751953
1747273939.0415223,2.519560427544461,-7.001766638929845,6.5708160400390625
1747273939.0581162,2.478982893715696,-7.011969582794535,4.448175430297852
1747273939.0781891,2.456598355568691,-7.019919822784649,4.729747772216797
1747273939.0999708,2.441117424345561,-7.028923404521745,6.684064865112305
1747273939.1183355,2.389539135477179,-7.029703196403666,5.087137222290039
1747273939.1372495,2.3686324692976775,-7.025168901540853,3.8123130798339844
1747273939.1552005,2.354914685622813,-7.023299299075586,2.418041229248047
1747273939.1755676,2.3007665214181756,-7.025076540344251,2.5060176849365234
1747273939.1953287,2.272271013723584,-7.018810317844471,2.355337142944336
1747273939.219442,2.252658203708667,-7.0172574037539315,4.841327667236328
1747273939.2401042,2.2118036409978994,-7.018905595066463,5.344152450561523
1747273939.2576296,2.1718975619257983,-7.015733136209439,3.2913684844970703
1747273939.2754545,2.141805424970906,-7.009382512807674,2.378702163696289
1747273939.2981691,2.106359400182042,-7.004913002624767,4.683732986450195
1747273939.3161113,2.0757482353001264,-6.995491885503578,2.966165542602539
1747273939.3411856,2.037675768096736,-6.980476871258228,6.916046142578125
1747273939.3578832,2.007841290359015,-6.962458679285914,4.216670989990234
1747273939.375447,1.9455221106591447,-6.9580669907723705,2.4871826171875
1747273939.3984432,1.8836795016801875,-6.956200190622128,4.31513786315918
1747273939.4134889,1.846698225758122,-6.9609982854025505,2.5517940521240234
1747273939.4392455,1.8277241999960692,-6.953054697163263,6.01649284362793
1747273939.4579937,1.818229315588097,-6.937747539013101,3.9103031158447266
1747273939.4755435,1.810389616760279,-6.925547932339419,2.492189407348633
1747273939.4970007,1.7300771109419397,-6.913150635288234,3.786325454711914
1747273939.5201256,1.704493359102004,-6.902352416540014,5.443811416625977
1747273939.5347843,1.6744345322729945,-6.896705821135047,2.5234222412109375
1747273939.5518212,1.6495382798304516,-6.894028752628837,2.5391578674316406
1747273939.5785553,1.585482146786247,-6.883795594755865,5.321741104125977
1747273939.5971437,1.5564049431205642,-6.876453443296454,3.585338592529297
1747273939.618366,1.5313314355701813,-6.862912798159013,4.74238395690918
1747273939.6364644,1.4519637249656654,-6.859617745586404,3.4193992614746094
1747273939.656713,1.4231119438775726,-6.861110368939709,3.168821334838867
1747273939.6717668,1.4107804715788932,-6.871914730515443,2.546548843383789
1747273939.6910973,1.3289477428349183,-6.868998607495604,2.460002899169922
1747273939.7153673,1.2773169774732684,-6.882002523575214,2.461671829223633
1747273939.730356,1.2534957386096812,-6.880409716424621,2.3152828216552734
1747273939.7586117,1.162284258871781,-6.875396589838651,4.272699356079102
1747273939.7755551,1.1152065217513036,-6.870548644994499,2.597332000732422
1747273939.7953358,1.1009873410348026,-6.874150166727584,2.3322105407714844
1747273939.8162427,1.0948455926661433,-6.859821488179826,2.681255340576172
1747273939.8395894,1.0395673732491457,-6.874624058220425,5.949497222900391
1747273939.858759,1.0087463525147284,-6.868395667202468,3.378629684448242
1747273939.8744617,0.9743731332062413,-6.869857741313537,2.4886131286621094
1747273939.8953803,0.890865409177917,-6.871816980917715,2.430438995361328
1747273939.9146779,0.8499878253332162,-6.881402925447059,2.796173095703125
1747273939.931168,0.8158024061916528,-6.879676601015009,2.613067626953125
1747273939.9567103,0.7002658778195995,-6.860074490560779,3.638029098510742
1747273939.9753985,0.6537665860971053,-6.861734309022352,2.393960952758789
1747273939.9954612,0.6284223340058503,-6.864494359079092,2.4521350860595703
1747273940.0155025,0.6021403713486876,-6.8691772889189355,2.532958984375
1747273940.0403306,0.5359136267220748,-6.877217196832055,7.040977478027344
1747273940.0568855,0.49322395929481255,-6.887587412748409,3.63922119140625
1747273940.0801644,0.4552029351974767,-6.899606494531572,5.251407623291016
1747273940.0962417,0.38319510741253043,-6.909090459302104,2.7532577514648438
1747273940.1123664,0.3586820111755488,-6.92468568556461,2.5186538696289062
1747273940.1389275,0.31945886385026884,-6.942920708044553,5.434751510620117
1747273940.155647,0.25842225070687647,-6.955318463066451,2.5069713592529297
1747273940.175697,0.19651894851091578,-6.970635604100651,2.546072006225586
1747273940.197438,0.16277780249384757,-6.984572571927806,4.165172576904297
1747273940.218303,0.09347168649174811,-6.99469191927346,4.703283309936523
1747273940.2356105,0.04267988982179425,-7.007870144565041,2.4924278259277344
1747273940.256369,0.0011687017297065414,-7.024188667813769,2.901792526245117
1747273940.2779794,-0.0373265966042635,-7.043296477264737,4.555702209472656
1747273940.2958105,-0.10351926406861937,-7.073123850353861,2.4597644805908203
1747273940.3165355,-0.1488602113876352,-7.098200506438099,3.1681060791015625
1747273940.3374202,-0.15499621473698685,-7.113083961241008,3.1347274780273438
1747273940.3714666,-0.2450158280275314,-7.147860479357767,5.465984344482422
1747273940.3914495,-0.2656510480951008,-7.1606021615118545,3.1735897064208984
1747273940.4042015,-0.29093289396203087,-7.186282785899107,2.7468204498291016
1747273940.4181063,-0.3637488571512804,-7.203351097297879,3.6509037017822266
1747273940.4386663,-0.4172323964217991,-7.2228648258676795,4.980802536010742
1747273940.4556336,-0.4612087410787452,-7.249586969594052,2.444028854370117
1747273940.4804127,-0.48369970982714094,-7.267581135074849,6.01649284362793
1747273940.4995494,-0.4958757837150756,-7.272522383456022,4.6634674072265625
1747273940.5204852,-0.5717747873744894,-7.297199973322239,5.804538726806641
1747273940.5396152,-0.6043976743584683,-7.320103686351169,4.08172607421875
1747273940.559593,-0.6451021572261533,-7.337783434690658,5.148172378540039
1747273940.5786316,-0.7484735345071091,-7.363099041636151,3.2150745391845703
1747273940.5975118,-0.7929782753484801,-7.38263802499947,3.2668113708496094
1747273940.6195817,-0.8290371744979845,-7.402991421041082,4.888772964477539
1747273940.6364114,-0.854708622674007,-7.419364600701694,2.9358863830566406
1747273940.6558714,-0.9407212783479937,-7.449723779058752,2.4764537811279297
1747273940.673663,-0.985436643804648,-7.462896699399387,2.3870468139648438
1747273940.6956642,-1.0285205927738619,-7.478866313004396,2.4652481079101562
1747273940.7187383,-1.0912353731937248,-7.48065117764285,4.3468475341796875
1747273940.7365384,-1.1315866306893432,-7.483862961629272,2.8481483459472656
1747273940.7563207,-1.1618584797597913,-7.490959018896572,2.824068069458008
1747273940.7763026,-1.2268099328043327,-7.4981061638123325,2.6454925537109375
1747273940.7958117,-1.2782678654950876,-7.494902400304844,2.5272369384765625
1747273940.8162627,-1.3093342425919976,-7.50247866615087,2.6090145111083984
1747273940.8384876,-1.3270354915355733,-7.508004704801095,3.9157867431640625
1747273940.8621507,-1.3892801911348374,-7.512968008744253,2.721548080444336
1747273940.8805938,-1.43053123357273,-7.519601833690148,2.668142318725586
1747273940.896359,-1.4654243705539254,-7.521198478359089,2.793550491333008
1747273940.915509,-1.5355549762589953,-7.524362947952829,2.453327178955078
1747273940.9365237,-1.6140775593161478,-7.524865320599843,2.541065216064453
1747273940.9577613,-1.6792311292597524,-7.528369837004959,4.395484924316406
1747273940.978775,-1.7619257539466642,-7.529919630841001,5.17725944519043
1747273940.9966645,-1.8349034421424077,-7.526438077037312,2.9900074005126953
1747273941.0183494,-1.891822447440146,-7.520889760440101,4.668235778808594
1747273941.0395675,-1.9640845485941123,-7.506013948726359,6.134748458862305
1747273941.0566738,-2.0024814324403226,-7.498275236592027,3.268718719482422
1747273941.0784743,-2.0284691248706563,-7.485135734946085,4.987239837646484
1747273941.0986495,-2.0501730239277443,-7.478377523527961,4.535198211669922
1747273941.1162431,-2.102519119515295,-7.477518470409889,2.677440643310547
1747273941.1360097,-2.1345355229195904,-7.471286250743048,2.546072006225586
1747273941.1560705,-2.1390698541331137,-7.46806250430927,2.5224685668945312
1747273941.1759312,-2.2126308887118475,-7.4460524916690645,2.7472972869873047
1747273941.1958284,-2.260155819436131,-7.429688417731563,2.4557113647460938
1747273941.2167315,-2.2878268205911345,-7.416415284545017,3.451824188232422
1747273941.2364893,-2.3370613560508287,-7.397237105418676,2.9137134552001953
1747273941.255853,-2.3833486642768227,-7.373284779791573,2.4585723876953125
1747273941.2760596,-2.4028726158232976,-7.376872006945852,2.4673938751220703
1747273941.2991042,-2.446359869286004,-7.333834018215767,5.011320114135742
1747273941.322768,-2.468993840397777,-7.306028251624826,7.404565811157227
1747273941.340453,-2.483354757931736,-7.288647861409169,3.7283897399902344
1747273941.3574095,-2.490042543627212,-7.280812643657112,3.2281875610351562
1747273941.3772259,-2.5216417537069624,-7.274597889777962,2.8307437896728516
1747273941.3966691,-2.5392653358600343,-7.251389169511489,2.647876739501953
1747273941.4165726,-2.5502663708044238,-7.23044938714933,2.669095993041992
1747273941.4424624,-2.564051027420969,-7.220744670365228,5.843877792358398
1747273941.4812486,-2.6035157193018676,-7.1840210411297765,5.584478378295898
1747273941.5683799,-2.6831244871490623,-7.093645053379174,3.3049583435058594
1747273941.583975,-2.685085351356892,-7.055255199293522,7.571220397949219
1747273941.6083362,-2.6867255011338487,-7.018670542276016,4.143714904785156
1747273941.6306355,-2.7028085284867003,-6.988788114029689,4.384756088256836
1747273941.6437092,-2.7145844447228242,-6.9767123904349075,2.51007080078125
1747273941.655916,-2.722625406716704,-6.955307502118437,2.5277137756347656
1747273941.6756728,-2.740121476043532,-6.943634014255666,2.4099349975585938
1747273941.695918,-2.7524641369415512,-6.919013168359424,2.482891082763672
1747273941.7158325,-2.7587071682836366,-6.907558116405466,2.4695396423339844
1747273941.7360284,-2.7595015694799776,-6.8922458732773055,2.552032470703125
1747273941.75684,-2.7641991991593917,-6.870756401132058,2.92205810546875
1747273941.7770875,-2.7792946969267747,-6.846297204916462,3.4923553466796875
1747273941.7992072,-2.7847333870881803,-6.80742424954968,5.053997039794922
1747273941.8182507,-2.7777818678995696,-6.793578741564733,4.448413848876953
1747273941.8365276,-2.77938528144331,-6.777951925587472,2.6917457580566406
1747273941.8563514,-2.7875530199790286,-6.756228082799172,2.4721622467041016
1747273941.8757088,-2.7969237668183564,-6.731153828394228,2.5069713592529297
1747273941.8958151,-2.8079856751575405,-6.6948015603756295,2.357959747314453
1747273941.920907,-2.8151483219297764,-6.661228487014437,7.013797760009766
1747273941.9398677,-2.8218774017671215,-6.6226024558999335,3.4003257751464844
1747273941.9586618,-2.8156958625905104,-6.580566280655407,4.333257675170898
1747273941.9776232,-2.8239934182000104,-6.543730448007828,2.9621124267578125
1747273941.9952881,-2.84262553233157,-6.527349651281036,3.3540725708007812
1747273942.0163884,-2.8557655933468498,-6.493535385068369,2.532482147216797
1747273942.0380983,-2.8404585636166058,-6.460949514781212,3.9610862731933594
1747273942.0557272,-2.8531643255936396,-6.432681530793359,2.4139881134033203
1747273942.075594,-2.866264139557929,-6.393106028780161,2.4340152740478516
1747273942.0958328,-2.8599532339372673,-6.359104845474537,2.5725364685058594
1747273942.1174915,-2.8617494567619546,-6.313845591271722,3.4110546112060547
1747273942.1327024,-2.872668703288895,-6.282019172485225,2.5026798248291016
1747273942.1565602,-2.8755301209832944,-6.238842418709797,2.7086734771728516
1747273942.1775203,-2.880050959053533,-6.19995851621051,3.3578872680664062
1747273942.1958814,-2.886250608009792,-6.163077184852384,2.409219741821289
1747273942.2162726,-2.905670299694551,-6.137848420560916,2.595186233520508
1747273942.2359405,-2.9041723700980646,-6.107705897269607,2.4847984313964844
1747273942.2576175,-2.904549731310325,-6.059896633506622,3.2546520233154297
1747273942.276025,-2.906300515186991,-6.027094469812166,2.5179386138916016
1747273942.296628,-2.8960973354448165,-5.996576176198167,2.9234886169433594
1747273942.3163779,-2.9066247520585606,-5.965118535672425,2.878427505493164
1747273942.3360372,-2.919238928383801,-5.9306358666351,2.5420188903808594
1747273942.3538234,-2.921912083756409,-5.905292154129421,2.5713443756103516
1747273942.3772776,-2.922111857338577,-5.850786302431915,2.7964115142822266
1747273942.3971143,-2.9334353752745277,-5.804345796886324,2.7332305908203125
1747273942.4167838,-2.938271226217472,-5.757922209507415,2.9077529907226562
1747273942.439131,-2.942307993084728,-5.721671240287004,5.363702774047852
1747273942.457197,-2.950330162559521,-5.684051837610379,3.2486915588378906
1747273942.4789412,-2.9554869938933868,-5.649997503113591,5.209684371948242
1747273942.4992058,-2.9597162956824548,-5.606897066043749,5.443096160888672
1747273942.5167096,-2.9602306989972633,-5.56783969725479,2.9418468475341797
1747273942.5358105,-2.961560764477516,-5.512274289436327,2.4194717407226562
1747273942.551368,-2.9648628736885714,-5.472934822839041,2.398967742919922
1747273942.5759416,-2.974590084792814,-5.41435904285904,2.659320831298828
1747273942.5964606,-2.971773704626759,-5.371668847227441,2.707242965698242
1747273942.6162074,-2.971864258660108,-5.338792115342092,2.4733543395996094
1747273942.6389744,-2.9667903691615267,-5.289853847247023,4.672765731811523
1747273942.6558287,-2.9698531785723077,-5.227394839290861,2.430438995361328
1747273942.6759784,-2.9613561588380177,-5.159342270572201,2.5587081909179688
1747273942.6963215,-2.9595567877893614,-5.108285197054644,2.6841163635253906
1747273942.7179203,-2.9503997238494835,-5.056953343011629,3.0286312103271484
1747273942.7361367,-2.9493345397306445,-5.003334981511068,2.5060176849365234
1747273942.7561507,-2.92868433488064,-4.950848561139458,2.513408660888672
1747273942.7762666,-2.92570326464069,-4.903867064775955,2.5262832641601562
1747273942.7982402,-2.923685128076877,-4.85087178476323,3.6504268646240234
1747273942.8163931,-2.916770208030998,-4.8048124570152195,2.4306774139404297
1747273942.831476,-2.9177940704896344,-4.782848659163035,2.6111602783203125
1747273942.8573081,-2.912623847887282,-4.707278959519501,3.4461021423339844
1747273942.8766813,-2.9182770148836696,-4.643146990615264,2.6144981384277344
1747273942.8964512,-2.916295259291426,-4.586993155364142,2.789020538330078
1747273942.9165337,-2.9046292515625147,-4.547997481556138,2.7742385864257812
1747273942.933737,-2.8898254410919093,-4.507905706457696,2.789020538330078
1747273942.9531267,-2.8806852280988924,-4.448774645644329,2.573728561401367
1747273942.9789717,-2.8450487827223228,-4.364229809172162,4.659175872802734
1747273942.9964337,-2.8290801532616694,-4.288637968892952,2.6013851165771484
1747273943.012752,-2.82601664826969,-4.253946050036356,4.079103469848633
1747273943.0314288,-2.830632290947432,-4.206435190099363,2.471446990966797
1747273943.0561001,-2.8123245300024555,-4.155729027730756,2.427339553833008
1747273943.0760899,-2.8207746884477523,-4.09928587409877,2.4132728576660156
1747273943.0962071,-2.8205982199020316,-4.050998247087392,2.447843551635742
1747273943.1160882,-2.7893488533510262,-4.007029779423782,2.406597137451172
1747273943.1378222,-2.76567217054145,-3.958585371578962,2.6230812072753906
1747273943.1685514,-2.729949707398036,-3.9017492379538727,5.959749221801758
1747273943.180265,-2.7172010563117364,-3.8508491277053616,3.0641555786132812
1747273943.1981084,-2.6971683471956727,-3.7692785353403484,3.309011459350586
1747273943.219216,-2.6902685105792874,-3.722732598196886,5.084753036499023
1747273943.2398543,-2.650046199337518,-3.660817210729645,4.753351211547852
1747273943.259428,-2.629634103723537,-3.59596567504937,4.119157791137695
1747273943.2733154,-2.6150092943892744,-3.5245015166837548,3.0508041381835938
1747273943.299471,-2.5795952668520106,-3.448994095287086,5.224466323852539
1747273943.316737,-2.5681592655507135,-3.377597405430376,2.6733875274658203
1747273943.3369014,-2.5475358777659785,-3.2994480276386295,3.0307769775390625
1747273943.3542752,-2.542214703255678,-3.264918539013101,2.9785633087158203
1747273943.379268,-2.4888048748899423,-3.174632506218621,4.945278167724609
1747273943.3995066,-2.4621779980004233,-3.1273845780978196,5.238771438598633
1747273943.4140086,-2.4539249997403525,-3.0948919051853685,2.780437469482422
1747273943.4396162,-2.412077821658486,-3.0135945991946858,4.87065315246582
1747273943.4549572,-2.3946169515862015,-2.965345017202439,2.904176712036133
1747273943.4761662,-2.348122773241508,-2.889017474961197,2.4895668029785156
1747273943.4961824,-2.30991610365243,-2.8091862652054096,2.4204254150390625
1747273943.5161893,-2.2973402368466114,-2.7460250854607873,2.753019332885742
1747273943.5360432,-2.2557875830422023,-2.687314624781322,2.4576187133789062
1747273943.5567324,-2.221864333760598,-2.6185384433903014,2.753734588623047
1747273943.5765135,-2.175939324143239,-2.551945872989698,2.4924278259277344
1747273943.596459,-2.1448414881527467,-2.5024644848299578,2.5348663330078125
1747273943.6180637,-2.1132537685192223,-2.4530833974722412,4.087209701538086
1747273943.6397789,-2.055236928141194,-2.4057787320439146,5.552768707275391
1747273943.6769981,-1.9734079651733163,-2.319219278943198,9.441137313842773
1747273943.693001,-1.9313658004022385,-2.2778786445942485,3.5545825958251953
1747273943.7084763,-1.8836338241110129,-2.234912113014294,2.727508544921875
1747273943.7211795,-1.8275755545913162,-2.186819238946761,3.5140514373779297
1747273943.7371013,-1.7638120432741586,-2.1348909531363174,3.230571746826172
1747273943.7584422,-1.7161022212889117,-2.0801548337674625,4.290580749511719
1747273943.7808642,-1.6637896472943694,-2.0358933626111697,5.5103302001953125
1747273943.796138,-1.6204419208151768,-1.989179078746284,2.465486526489258
1747273943.8165612,-1.5645865357390796,-1.9321219479662335,2.4766921997070312
1747273943.837701,-1.5387229199110322,-1.8828380014015327,3.7157535552978516
1747273943.8568277,-1.5187302129727778,-1.8442846963989463,3.0279159545898438
1747273943.872465,-1.4854475346524931,-1.8106815284356848,2.8192996978759766
1747273943.8919582,-1.417174550400562,-1.7701312651504995,2.610921859741211
1747273943.9218771,-1.3843662082386108,-1.7158655588959648,4.753351211547852
1747273943.9368622,-1.330810996443863,-1.6676923194333484,2.815723419189453
1747273943.9615269,-1.2666593545430245,-1.623884809440003,4.13966178894043
1747273943.9763072,-1.2212646417082187,-1.5878498507711136,2.329111099243164
1747273943.9958959,-1.1915410634387213,-1.5387033713067029,2.4039745330810547
1747273944.01661,-1.127684296637049,-1.4983065574091572,2.5687217712402344
1747273944.0360017,-1.0399806589882066,-1.4582021455302197,2.5529861450195312
1747273944.055985,-0.9573890860604324,-1.4185694014381263,2.5360584259033203
1747273944.0759244,-0.9153154323527924,-1.4041258280198778,2.4445056915283203
1747273944.0914283,-0.8543362404442292,-1.3877738524226435,2.5746822357177734
1747273944.116212,-0.7976846293624617,-1.3479596554134958,2.600431442260742
1747273944.1361442,-0.7360036972104838,-1.324842857895796,2.483844757080078
1747273944.1570766,-0.6643903163678407,-1.3056435502720398,3.1239986419677734
1747273944.1898234,-0.5896425941949163,-1.2783847968743853,11.760473251342773
1747273944.2040336,-0.5119306028655437,-1.2659265095232877,2.598285675048828
1747273944.2189286,-0.42488267612387376,-1.2362689536672673,4.484891891479492
1747273944.2368872,-0.3709878315989099,-1.227712374586621,2.7959346771240234
1747273944.256056,-0.2569814106543673,-1.2183232499330892,2.4008750915527344
1747273944.2764232,-0.13478996029836807,-1.2169865004229674,2.4518966674804688
1747273944.291177,-0.08462910001817778,-1.213696836884371,2.5081634521484375
1747273944.320236,-0.0007276029565589707,-1.1931726969146348,4.303216934204102
1747273944.3362553,0.07311904197789992,-1.18533986562574,2.514362335205078
1747273944.3583734,0.13793645823195214,-1.1811658229380586,4.214048385620117
1747273944.3725417,0.19344135119554287,-1.1843847907735505,2.9757022857666016
1747273944.391697,0.28640974559716853,-1.1839229050570244,2.5625228881835938
1747273944.4218345,0.38686226121732553,-1.1908739243914004,6.347417831420898
1747273944.4394238,0.4435920934645811,-1.1988522258413083,3.9014816284179688
1747273944.4563842,0.5108066589849429,-1.220086763661703,2.432584762573242
1747273944.476149,0.5709231322904892,-1.2451804978256324,2.4504661560058594
1747273944.4960144,0.6417952919948731,-1.2605065736426893,2.3653507232666016
1747273944.5163243,0.7369634143957439,-1.278746261185487,2.406597137451172
1747273944.5313427,0.8071074328533491,-1.2942560669520613,2.353668212890625
1747273944.5604668,0.8871920280070997,-1.312022467658123,3.489971160888672
1747273944.5765076,0.9722668149704299,-1.3335443703680747,2.98309326171875
1747273944.59921,1.0480065096933109,-1.352172688957969,4.549980163574219
1747273944.6160376,1.1094653195275446,-1.3651546381130972,2.4061203002929688
1747273944.6380599,1.1880146042651534,-1.4013303339595882,3.615856170654297
1747273944.6597993,1.2603448048251977,-1.4266257091768417,4.476785659790039
1747273944.6860704,1.332653373480104,-1.448981704902847,2.851724624633789
1747273944.6999488,1.4080713977520147,-1.4637229969833538,4.548549652099609
1747273944.7165248,1.4920504160027053,-1.5063980658116878,2.4843215942382812
1747273944.736302,1.4882728269740562,-1.5235018930729445,2.3522377014160156
1747273944.7531226,1.52224313428945,-1.5353229577296734,2.5479793548583984
1747273944.7719042,1.5356457652905748,-1.5665134845430806,2.927541732788086
1747273944.79978,1.6131904807903426,-1.6095523638915485,5.146265029907227
1747273944.8122716,1.635875075543909,-1.6245563178529006,2.3894309997558594
1747273944.831525,1.6981007449616985,-1.6447452714965773,2.633333206176758
1747273944.8526156,1.76421484968537,-1.6821194610470154,2.4843215942382812
1747273944.8719072,1.8162751534630002,-1.7105172500503976,2.766132354736328
1747273944.8981993,1.8783290898916782,-1.7246366122325039,3.487110137939453
1747273944.919799,1.9172531712329333,-1.7633995137090426,5.30242919921875
1747273944.9361494,1.9661249495482016,-1.7972029582697115,2.4175643920898438
1747273944.9565063,2.0539066590472546,-1.8249423716751048,2.5064945220947266
1747273944.9788053,2.064691799781668,-1.859901528233341,4.516839981079102
1747273944.9963048,2.0732387651677597,-1.891747115094723,2.458810806274414
1747273945.0160174,2.1136518935394104,-1.9292793568859063,2.4356842041015625
1747273945.0364256,2.147809807196313,-1.9623766669787688,2.8264522552490234
1747273945.0565288,2.2317972842294886,-1.9940027351657816,2.40325927734375
1747273945.0764983,2.3867250053051143,-2.0271116169582024,2.599477767944336
1747273945.097681,2.1512740112058757,-2.068379328756588,3.0100345611572266
1747273945.1218715,2.1774579773345804,-2.10584100628325,7.438898086547852
1747273945.1364772,2.1765993294745587,-2.1268494950375745,2.6235580444335938
1747273945.1521611,2.198192636759158,-2.151622774979022,2.50244140625
1747273945.1770947,2.2147335716912484,-2.197983651581953,2.772808074951172
1747273945.2032871,2.23312068802651,-2.2423960797697746,3.269672393798828
1747273945.21696,2.2800507006622883,-2.285183476531017,2.568483352661133
1747273945.237328,2.279613399149428,-2.3247801429524313,2.9027462005615234
1747273945.2527645,2.2953932201863183,-2.3459072448445903,2.819061279296875
1747273945.2723236,2.3292761879798296,-2.3731788878299147,2.6569366455078125
1747273945.2999651,2.3570651708617882,-2.431815128340282,5.555391311645508
1747273945.321529,2.382730226878401,-2.4697305507385323,4.887580871582031
1747273945.3350835,2.4015125263227772,-2.4834732418908243,2.6836395263671875
1747273945.3572965,2.4260835788562427,-2.5182667834326233,3.2608509063720703
1747273945.376284,2.4779977777140663,-2.562357354223148,2.6247501373291016
1747273945.3965106,2.528044603053133,-2.6022234480947026,2.592802047729492
1747273945.4121509,2.5542364137322062,-2.6287254918714322,2.687215805053711
1747273945.437162,2.595651946257412,-2.674766037473295,3.0672550201416016
1747273945.4566169,2.6461986881482202,-2.7170125045596536,2.5725364685058594
1747273945.4761891,2.6739564456640115,-2.759236507577311,2.475261688232422
1747273945.496157,2.6932201627207077,-2.8009396049369513,2.4614334106445312
1747273945.5163372,2.707379765514626,-2.851028328477486,2.6924610137939453
1747273945.5361152,2.7679482643490574,-2.8944926447329715,2.4290084838867188
1747273945.5622048,2.8042514328642882,-2.9416851470996863,5.853176116943359
1747273945.5797913,2.8297185266910376,-2.9885783818203384,5.599737167358398
1747273945.6015193,2.859190423901669,-3.0416419871604763,5.878686904907227
1747273945.6165483,2.881675908898148,-3.0901354495323843,2.550840377807617
1747273945.6364224,2.893985483012908,-3.1430998967687547,2.6035308837890625
1747273945.6562638,2.9445286186981714,-3.1847778268972404,2.544879913330078
1747273945.6848023,2.9797164574465986,-3.2353189425985707,5.04302978515625
1747273945.7097952,3.0226803025629976,-3.2678920391004085,2.533435821533203
1747273945.7284322,3.107015987429006,-3.310450688099405,2.9993057250976562
1747273945.7452536,3.145830594270839,-3.363082958064186,3.2515525817871094
1747273945.7660706,3.1720561506974394,-3.4207022572552535,3.178834915161133
1747273945.7851884,3.186643622751109,-3.459610079756422,4.471302032470703
1747273945.8017595,3.2268496598678786,-3.5144159969737876,4.051685333251953
1747273945.819322,3.2404955469204024,-3.566167515702275,4.955530166625977
1747273945.8317907,3.2550583353894416,-3.592078794242313,2.4623870849609375
1747273945.8516598,3.283468098097835,-3.6431924673480927,2.582550048828125
1747273945.876513,3.3066543940354807,-3.7226071185661187,2.5277137756347656
1747273945.8992918,3.3129390865933885,-3.78753010232494,3.0853748321533203
1747273945.9162023,3.340687934241167,-3.8423092128448615,2.3729801177978516
1747273945.9435909,3.366734708114047,-3.8938323874942316,4.390716552734375
1747273945.9572723,3.3687647531483638,-3.9545027837112166,2.5534629821777344
1747273945.9789326,3.3673903408765917,-4.024833645576116,4.776477813720703
1747273945.9965408,3.3899473125139234,-4.075542223369011,2.47955322265625
1747273946.0116355,3.3926413993404396,-4.083331660916301,2.3665428161621094
1747273946.0313067,3.389449876916162,-4.13036302737278,2.4487972259521484
1747273946.0519366,3.3996888019777045,-4.18760923229043,2.429962158203125
1747273946.0717068,3.4100855844340723,-4.2453234083114575,2.4509429931640625
1747273946.0920289,3.418661874281301,-4.3076835949674335,2.5107860565185547
1747273946.116496,3.442003313074853,-4.385485077997184,2.5856494903564453
1747273946.1362395,3.4594226347919417,-4.44274019188971,2.397775650024414
1747273946.1523125,3.4722327042909575,-4.487245129440437,2.3856163024902344
1747273946.181354,3.4975327896178876,-4.570591254217277,5.400657653808594
1747273946.2009387,3.5126609179273056,-4.64747461176032,5.646467208862305
1747273946.218386,3.5221874229698495,-4.695407350280225,3.747224807739258
1747273946.2400577,3.5269648631950554,-4.747680367090129,5.472421646118164
1747273946.257484,3.5537145073174585,-4.807300474185097,3.086090087890625
1747273946.2766294,3.5676614500470922,-4.862336529707662,2.576589584350586
1747273946.3012676,3.571033248208788,-4.924889873454144,5.2318572998046875
1747273946.3163884,3.582786624524695,-4.978994906623396,2.4330615997314453
1747273946.3365085,3.59059685872561,-5.028860232064796,2.50244140625
1747273946.3524334,3.610100663752786,-5.076001977978309,2.6454925537109375
1747273946.372079,3.613221010010597,-5.131298743892186,2.456188201904297
1747273946.396361,3.6337794661059664,-5.197764196302203,2.4771690368652344
1747273946.4121978,3.6411773455456564,-5.232798909426889,2.5377273559570312
1747273946.4384816,3.6445402204383903,-5.292430808461362,3.3311843872070312
1747273946.4566789,3.6465982020130356,-5.352766645152468,2.640247344970703
1747273946.476445,3.6507179995539007,-5.4133230176650535,2.4962425231933594
1747273946.496934,3.6623898609492276,-5.47470616091439,2.5823116302490234
1747273946.6311238,3.6243437407320465,-5.815280978470776,2.9726028442382812
1747273946.64699,3.591681508014003,-5.86503304386514,3.227710723876953
1747273946.6936064,3.5853852151182566,-5.975820229738204,5.029439926147461
1747273946.7111833,3.5651816351501617,-6.014944808730594,2.7246475219726562
1747273946.7265472,3.548495202186478,-6.080292865375228,2.5882720947265625
1747273946.7396855,3.545049207584481,-6.1343108726842654,4.737615585327148
1747273946.7596865,3.551257771366749,-6.180268426700864,5.164146423339844
1747273946.7812786,3.5070460333349485,-6.230873702130851,5.956172943115234
1747273946.7952166,3.4890521206519503,-6.260228464935933,2.544879913330078
1747273946.817317,3.47832583356246,-6.319183371832865,2.989530563354492
1747273946.8324728,3.4190728879318057,-6.348588328031721,2.4785995483398438
1747273946.8566203,3.3841769440186344,-6.408022179287258,2.467632293701172
1747273946.873842,3.3750184321081815,-6.440714576541613,2.504587173461914
1747273946.8978305,3.3118539462176857,-6.487416440272462,3.138303756713867
1747273946.9163635,3.291044365361623,-6.5471178835925645,2.4394989013671875
1747273946.936562,3.268649916494523,-6.589756721320467,2.3643970489501953
1747273946.9567437,3.2459959618466985,-6.634116537308844,2.5000572204589844
1747273946.9767566,3.22939745015292,-6.682552333578099,2.460479736328125
1747273946.999503,3.186082692653584,-6.717239426062812,4.174947738647461
1747273947.012152,3.178331185424515,-6.740895164531092,2.550840377807617
1747273947.037213,3.1486892748036803,-6.783418567169284,2.772808074951172
1747273947.0575206,3.1252317074007054,-6.8164626899254985,2.9370784759521484
1747273947.077612,3.0771367893876835,-6.837351357891973,2.8989315032958984
1747273947.0932007,3.0410041370486844,-6.858872672118877,2.5963783264160156
1747273947.112828,3.011918074338385,-6.88646661526546,2.6602745056152344
1747273947.137053,2.974467384617896,-6.916053843578854,2.604961395263672
1747273947.159217,2.9488613837565523,-6.940048083870809,2.975940704345703
1747273947.1769671,2.918405373103734,-6.964185648823959,2.6726722717285156
1747273947.1975522,2.8745142791448943,-6.986989237734377,3.0934810638427734
1747273947.219859,2.8346801381854854,-6.997032743836979,5.296945571899414
1747273947.2375858,2.8006519102381477,-7.01294049449303,3.033161163330078
1747273947.2611759,2.7633463784122623,-7.03682450211533,5.454301834106445
1747273947.2842002,2.6865911812539576,-7.057439173913981,2.6247501373291016
1747273947.3017402,2.6455937382071553,-7.056751987772161,6.360769271850586
1747273947.3209336,2.6144047853469967,-7.058928082046749,5.097866058349609
1747273947.3371966,2.6142488994825195,-7.044401659334162,2.6481151580810547
1747273947.3575401,2.6116670196465885,-7.016963180103757,2.6602745056152344
1747273947.376699,2.5951640989628286,-7.013200232189136,2.6335716247558594
1747273947.3967528,2.5512194293350254,-7.0145085168500785,2.506256103515625
1747273947.4164767,2.512515006563839,-7.016390932504076,2.500295639038086
1747273947.4369907,2.481609155642784,-7.012683794955772,2.652883529663086
1747273947.4565663,2.445773199138712,-7.007054980032283,2.6159286499023438
1747273947.4769647,2.424129362328972,-6.99605017070379,2.695798873901367
1747273947.4968073,2.3973648735792206,-6.987053971274372,2.610921859741211
1747273947.516727,2.39264405369652,-6.983974939130952,2.600431442260742
1747273947.5370786,2.304233855741704,-6.995313938660793,2.6416778564453125
1747273947.552939,2.2874962176561366,-7.004488030859662,2.641439437866211
1747273947.5770726,2.2615140489678187,-6.994797230142847,2.6929378509521484
1747273947.5970342,2.20797646511397,-6.987327069986226,2.641916275024414
1747273947.6164086,2.161101209348235,-6.975398025253177,2.3953914642333984
1747273947.6328712,2.143958868625649,-6.969618234893737,2.6314258575439453
1747273947.6760116,2.070862137290197,-6.96734665619938,3.467082977294922
1747273947.694218,2.0398468665579195,-6.9644653364931575,4.229068756103516
1747273947.7079508,2.0158476528733384,-6.958997002873622,2.9082298278808594
1747273947.719466,1.9655239561358127,-6.955085581733103,2.7518272399902344
1747273947.7323372,1.9170929798712077,-6.944516625288752,2.6209354400634766
1747273947.7545094,1.8611352029909745,-6.917705914833704,2.9969215393066406
1747273947.7782521,1.8086761575011683,-6.896098794479622,2.5932788848876953
1747273947.7915328,1.7732404550697611,-6.891805490289604,2.4003982543945312
1747273947.8171196,1.743366323576405,-6.894012649458298,2.5854110717773438
1747273947.8319855,1.737720758550114,-6.896657565857847,2.407550811767578
1747273947.8520732,1.6827146573303102,-6.9125488868502885,2.4917125701904297
1747273947.878913,1.6454439534155667,-6.921710171614599,4.691362380981445
1747273947.8992057,1.6315031944030183,-6.926939066522517,4.407405853271484
1747273947.9118106,1.633491213757944,-6.92786142434117,2.4864673614501953
1747273947.9390802,1.5745801955131746,-6.9209446320101335,4.443883895874023
1747273947.9565718,1.5631250393074876,-6.920472511340829,2.4785995483398438
1747273947.9770093,1.543314079601955,-6.9179886333361,2.701282501220703
1747273947.9970915,1.4520605585388862,-6.925924408895448,2.5260448455810547
1747273948.0119271,1.4297163063969975,-6.921138872287802,2.397775650024414
1747273948.0324523,1.4104807009876847,-6.921027263967177,2.5174617767333984
1747273948.0521986,1.3522318730384821,-6.925355985949636,2.5544166564941406
1747273948.077279,1.2791599946945635,-6.933622637048602,2.866029739379883
1747273948.0969293,1.2409427662650436,-6.927124616752671,2.5815963745117188
1747273948.1124666,1.1682507592577451,-6.9396653987969525,2.5086402893066406
1747273948.133434,1.127056459791668,-6.945956118717024,2.633333206176758
1747273948.1523354,1.1068632996620025,-6.946671240231068,2.599954605102539
1747273948.1786087,1.0259578226854669,-6.95422309760711,2.967357635498047
1747273948.1959076,0.9898386384535356,-6.9469970238220675,5.486965179443359
1747273948.2175653,0.9575660420067137,-6.940375796182154,4.021167755126953
1747273948.237864,0.9276260676212925,-6.9421046549975785,2.567768096923828
1747273948.2607632,0.8668407724331756,-6.95698319235612,2.6366710662841797
1747273948.275606,0.8459822850147892,-6.9540210274252825,2.7480125427246094
1747273948.2922196,0.8029394076186104,-6.94913917304341,2.708911895751953
1747273948.3174953,0.736392094458877,-6.973940013118546,2.8967857360839844
1747273948.3389816,0.7103962194606622,-6.985089592697187,4.570722579956055
1747273948.3579607,0.6906945459463351,-6.979490315888793,3.2052993774414062
1747273948.3783967,0.6159509457537305,-6.988844665376832,3.2303333282470703
1747273948.3940117,0.5598107691652918,-6.983684656758488,3.9665699005126953
1747273948.4166317,0.5036559115578663,-6.9841866453405075,2.4101734161376953
1747273948.4373002,0.4095801925769642,-6.990398039982548,2.637624740600586
1747273948.4601073,0.35828302541732665,-6.98736598834799,2.636432647705078
1747273948.473975,0.3185022487686394,-6.98854755873482,2.5146007537841797
1747273948.4972935,0.28382131983664854,-6.982496291336378,2.9773712158203125
1747273948.516947,0.22413102958650608,-6.994770454821326,2.4983882904052734
1747273948.537308,0.17789538324640533,-7.005250746085235,2.9876232147216797
1747273948.5567172,0.14994526021240284,-7.018895736469224,2.4912357330322266
1747273948.5768876,0.08410163689082291,-7.031175569122487,2.564668655395508
1747273948.593768,0.0470550366059358,-7.045463075655015,4.135608673095703
1747273948.612411,-0.0019187013873326324,-7.069648017324958,2.5408267974853516
1747273948.6372974,-0.10509040769257189,-7.087427199408526,2.917766571044922
1747273948.6606183,-0.16200835164206734,-7.106434617900555,5.7373046875
1747273948.6769674,-0.19199929091927107,-7.121347679390621,2.542257308959961
1747273948.7007334,-0.2625645415195582,-7.1302782991506914,2.907276153564453
1747273948.713798,-0.29809452930861563,-7.13730864740277,2.862691879272461
1747273948.737614,-0.3426382440684503,-7.16007912231183,2.8731822967529297
1747273948.7568073,-0.3761809769704772,-7.180355119905906,2.4683475494384766
1747273948.7772963,-0.4379767104956273,-7.207815761820191,2.7494430541992188
1747273948.7921894,-0.46231758724211763,-7.225980699097266,2.4902820587158203
1747273948.8170261,-0.493467443724854,-7.242810259847217,2.6078224182128906
1747273948.8371778,-0.6227465724623102,-7.267346109609874,2.506732940673828
1747273948.8520832,-0.6695599846548683,-7.277587539302524,2.3756027221679688
1747273948.8735514,-0.6978896795838457,-7.295708647888396,3.465890884399414
1747273948.8983955,-0.7664250114224974,-7.314899991951963,4.209041595458984
1747273948.9165375,-0.7940284788025662,-7.326622611999595,2.346515655517578
1747273948.937659,-0.8192260804579186,-7.336480397845645,3.1163692474365234
1747273948.9610565,-0.8312339814574149,-7.348880215775165,5.502462387084961
1747273948.9823155,-0.9069500624630081,-7.355290498568698,3.579854965209961
1747273949.003697,-0.9568724688704145,-7.377163437575159,3.7534236907958984
1747273949.0228186,-0.9941213869768356,-7.3908978849308165,3.444194793701172
1747273949.0397885,-1.0593484777639381,-7.39385950969676,3.308534622192383
1747273949.0570507,-1.1045795633017674,-7.409184883819681,2.595663070678711
1747273949.072392,-1.1384224674539236,-7.4259821325766575,2.459287643432617
1747273949.0996444,-1.1810819462022828,-7.443430533870127,5.1136016845703125
1747273949.1122603,-1.1801335122512544,-7.456910013642462,2.393484115600586
1747273949.1347728,-1.2627240949369916,-7.4496056197030684,3.251314163208008
1747273949.1614997,-1.320828597291604,-7.452285068163543,6.858110427856445
1747273949.182283,-1.3483368969197103,-7.4534135351461694,7.534265518188477
1747273949.2011297,-1.3900033673869656,-7.457575626170979,4.904747009277344
1747273949.2186732,-1.4543102458932116,-7.473120026403558,3.599882125854492
1747273949.239972,-1.5072522122742125,-7.489470934547982,3.612518310546875
1747273949.2536402,-1.5338663374556878,-7.492391468578706,2.5446414947509766
1747273949.2723434,-1.5880786361371746,-7.492224617136358,2.542257308959961
1747273949.2976794,-1.643377288425379,-7.497104674681908,3.099203109741211
1747273949.3192005,-1.668162897435812,-7.4954584714986145,4.599571228027344
1747273949.3370035,-1.7255351936457948,-7.493590061138186,2.5742053985595703
1747273949.3569381,-1.7778208256929178,-7.495939781072216,2.5522708892822266
1747273949.3786626,-1.8287624860893377,-7.498921695924837,3.5648345947265625
1747273949.3967679,-1.932952165789521,-7.496387099144863,2.511262893676758
1747273949.431514,-1.9932060304824855,-7.491533846006325,16.348600387573242
1747273949.4515536,-2.019233251196909,-7.481929937740988,2.9609203338623047
1747273949.4689384,-2.067454979135414,-7.47369500285805,4.514932632446289
1747273949.4890862,-2.1116149156417925,-7.466722861548456,4.304647445678711
1747273949.5019495,-2.1592128605346432,-7.452565457459822,4.57310676574707
1747273949.517085,-2.190792537942763,-7.4448487134533154,2.5377273559570312
1747273949.5370004,-2.232593841450902,-7.4318986894462915,2.5005340576171875
1747273949.5577466,-2.2660277989751707,-7.421019833340417,3.090381622314453
1747273949.577605,-2.2921964018044774,-7.4047730629003725,3.1108856201171875
1747273949.5999756,-2.3574786385092894,-7.3854942974719044,5.083322525024414
1747273949.619133,-2.3907356791958323,-7.368792053674902,3.7965774536132812
1747273949.6388295,-2.396297062376465,-7.354222439286266,3.949403762817383
1747273949.6646054,-2.454968269850025,-7.32505292990305,4.344701766967773
1747273949.686138,-2.4853333352170983,-7.303357387417651,3.522157669067383
1747273949.7033374,-2.496474543826951,-7.2861461249285755,3.0422210693359375
1747273949.7260003,-2.5351390178223006,-7.256348220815664,3.5295486450195312
1747273949.7416494,-2.5594688900745615,-7.235667089621754,5.502462387084961
1747273949.7579014,-2.5768467970753064,-7.211331943517263,2.992391586303711
1747273949.7779312,-2.586024590070188,-7.19224375296707,3.142118453979492
1747273949.7971845,-2.620936947855417,-7.175232930963357,2.5186538696289062
1747273949.8178494,-2.635481559437406,-7.160778395714643,2.902984619140625
1747273949.8379157,-2.6438747110679,-7.1383440433209016,3.0069351196289062
1747273949.8577812,-2.6801117215006567,-7.117608388530497,2.923250198364258
1747273949.877105,-2.6875041967104125,-7.1009316141825005,2.6025772094726562
1747273949.896859,-2.697064617899326,-7.093143730593908,2.4127960205078125
1747273949.9179132,-2.717298839528532,-7.067269502826213,3.295421600341797
1747273949.938735,-2.740870959836386,-7.043599117229619,4.053831100463867
1747273949.9580262,-2.759142256779792,-7.017561354330851,3.2606124877929688
1747273949.9790893,-2.7748545317642863,-6.992689044564217,3.1232833862304688
1747273949.9974022,-2.7856636714086616,-6.977242609513631,2.6013851165771484
1747273950.0171194,-2.7838220337822612,-6.975806283603515,2.5582313537597656
1747273950.0386927,-2.7850423429280933,-6.959800739714209,3.814697265625
1747273950.0585768,-2.794902902052993,-6.931032432397084,3.506183624267578
1747273950.078874,-2.7999491429336576,-6.903718950235881,2.9528141021728516
1747273950.0924706,-2.818200650722339,-6.878322815678753,2.435445785522461
1747273950.1179879,-2.8307124957458516,-6.847813072910825,3.100156784057617
1747273950.1385946,-2.8379476418130025,-6.821895936299641,3.543376922607422
1747273950.1522512,-2.839988670823939,-6.804177503998079,2.416849136352539
1747273950.1777513,-2.8623116480000337,-6.761580484413786,2.886056900024414
1747273950.198508,-2.8590992697055655,-6.737543968446796,3.7474632263183594
1747273950.2181141,-2.8651090581693843,-6.727387784347865,2.711057662963867
1747273950.2370536,-2.866073977672583,-6.689811808666352,2.4826526641845703
1747273950.2571065,-2.8677046601249017,-6.646197213315043,2.6564598083496094
1747273950.2810366,-2.8749619459156217,-6.610011884104704,4.47535514831543
1747273950.2979894,-2.8701597959506517,-6.582495740354188,3.056049346923828
1747273950.3194125,-2.8880198871400578,-6.5530203520463415,3.691434860229492
1747273950.3373067,-2.886325188035125,-6.515067772023014,2.4847984313964844
1747273950.3568888,-2.884801431765932,-6.482857515912698,2.4335384368896484
1747273950.3769786,-2.887773595931041,-6.44994700628907,2.4919509887695312
1747273950.3976855,-2.8918795438980784,-6.416983010352665,2.5992393493652344
1747273950.420018,-2.8945309079232455,-6.382120829321775,4.599571228027344
1747273950.4380476,-2.8963813273822856,-6.349669583189091,3.16619873046875
1747273950.4601567,-2.896819521061698,-6.318061886819744,4.948854446411133
1747273950.4778345,-2.9028114474273736,-6.287344481196506,3.221273422241211
1747273950.4990814,-2.901218979591488,-6.246330268376974,3.5271644592285156
1747273950.5170443,-2.900628235013587,-6.214462713981993,2.534151077270508
1747273950.5360808,-2.8970334351802167,-6.185132662885438,4.2266845703125
1747273950.5572999,-2.9116036015510365,-6.1376823051702765,2.6514530181884766
1747273950.577457,-2.9096738282645016,-6.101857914859041,2.728700637817383
1747273950.5923173,-2.9113086855066412,-6.077193163822293,2.5053024291992188
1747273950.6140668,-2.91121310817111,-6.037802726728146,3.092527389526367
1747273950.6348386,-2.9129234813366045,-5.999943995691238,2.508878707885742
1747273950.657566,-2.9161823085972873,-5.953808823972002,2.6078224182128906
1747273950.6777606,-2.918257039616809,-5.9074296981005014,3.066539764404297
1747273950.6977384,-2.914422936935301,-5.875804008042826,2.5358200073242188
1747273950.7179978,-2.9160241758924696,-5.832147444989931,2.631664276123047
1747273950.732942,-2.936686168861495,-5.806832652407576,2.5167465209960938
1747273950.7521799,-2.9343959220097147,-5.772348189464017,2.471923828125
1747273950.7770026,-2.9384643637553736,-5.727222369123857,2.484560012817383
1747273950.7967515,-2.941739860355067,-5.694226244518548,2.4328231811523438
1747273950.8168538,-2.9435494851395374,-5.6460056320839715,2.485513687133789
1747273950.8366256,-2.9456794730666065,-5.5841326938954134,2.3658275604248047
1747273950.8688743,-2.9468898259576166,-5.549784552013247,7.719993591308594
1747273950.9024425,-2.947251202925608,-5.484262288788573,9.18889045715332
1747273950.918069,-2.944336288074264,-5.442817084740756,2.9036998748779297
1747273950.9327912,-2.94987085061965,-5.4070333668985535,2.490997314453125
1747273950.9573944,-2.9585795791613108,-5.3550355963134955,2.5641918182373047
1747273950.9813368,-2.9586993888645585,-5.301362262137911,6.50477409362793
1747273951.0004752,-2.9623184229660176,-5.2499948866950765,4.6482086181640625
1747273951.0205112,-2.962253412029202,-5.203842456968297,4.621028900146484
1747273951.0417836,-2.9561386345041383,-5.1484442057641155,6.959199905395508
1747273951.0600224,-2.9548653662512145,-5.093912008414583,4.665136337280273
1747273951.073806,-2.954206943397379,-5.0467299433430615,2.5839805603027344
1747273951.0994062,-2.9545211087334176,-4.983760822804624,2.7794837951660156
1747273951.112508,-2.956428369253583,-4.930627457455236,2.495288848876953
1747273951.137253,-2.9425071082137086,-4.8664086737110415,2.6857852935791016
1747273951.1572204,-2.9338164209165547,-4.815713071550384,2.4857521057128906
1747273951.1770213,-2.939796348419663,-4.765391595774283,2.418994903564453
1747273951.1918945,-2.917909567197563,-4.719051526962679,2.4313926696777344
1747273951.2178514,-2.886203694091271,-4.648106627662519,3.2346248626708984
1747273951.2396011,-2.8761451844385535,-4.593673808951799,4.677534103393555
1747273951.2653787,-2.8681120644112905,-4.547394659803939,3.0870437622070312
1747273951.2878466,-2.8669357703002354,-4.50713065310969,3.108978271484375
1747273951.3077977,-2.8648302360201305,-4.449776205549397,2.947092056274414
1747273951.3236063,-2.8538394037473402,-4.399775617665539,5.32984733581543
1747273951.3394063,-2.8445753798353026,-4.345184166474005,4.575967788696289
1747273951.3586118,-2.83536051395963,-4.285694447776166,2.901315689086914
1747273951.377508,-2.8355611833284398,-4.237203397402611,2.6149749755859375
1747273951.3989356,-2.802492081146129,-4.16275580138094,3.7658214569091797
1747273951.4170964,-2.7941878688914716,-4.101485125943226,2.438783645629883
1747273951.4378963,-2.7881631721592064,-4.046060903943325,2.8219223022460938
1747273951.459824,-2.7747011903221526,-3.976803075415155,4.417181015014648
1747273951.4804237,-2.7674195873781344,-3.9130955228944067,4.67228889465332
1747273951.5020523,-2.7663359082200594,-3.8673184512645307,3.9713382720947266
1747273951.5152507,-2.761867882833001,-3.812543702428352,2.527475357055664
1747273951.6618505,-2.6011027536683424,-3.3836406648706197,5.79380989074707
1747273951.685374,-2.5766314015019445,-3.3101112021138075,3.3478736877441406
1747273951.7054114,-2.5596177296031137,-3.239059024858417,4.626035690307617
1747273951.7241616,-2.5224419804079767,-3.174388991152318,3.412961959838867
1747273951.734892,-2.4977652019285492,-3.1272242935107943,2.386331558227539
1747273951.7614372,-2.463088995253133,-3.0519889045691024,4.492521286010742
1747273951.774844,-2.4368171781509838,-2.9941584024726007,3.078460693359375
1747273951.7986217,-2.411963019925597,-2.9156731477493993,3.256082534790039
1747273951.8214912,-2.3887431228495553,-2.8488350180230557,4.956722259521484
1747273951.8342621,-2.367362672820004,-2.8144726258800583,2.4242401123046875
1747273951.8524365,-2.331549079290411,-2.748203384181399,2.448558807373047
1747273951.8736737,-2.2915407381055712,-2.6870653692595305,2.743244171142578
1747273951.901092,-2.2582503993198735,-2.608129091471364,5.0220489501953125
1747273951.918025,-2.2100720627650636,-2.5523740535173793,2.6590824127197266
1747273951.9345353,-2.180318769601731,-2.5118885922593166,2.648591995239258
1747273951.9530015,-2.1475925226135435,-2.460812865723298,2.72369384765625
1747273951.979737,-2.115373149983511,-2.381526077759764,3.9870738983154297
1747273951.9933648,-2.1052321472326674,-2.335548457242337,2.708911895751953
1747273952.0127697,-2.0679551429186156,-2.275907474592423,2.6009082794189453
1747273952.032728,-2.033698664203185,-2.227481974197882,2.619028091430664
1747273952.0582523,-1.956584771518531,-2.1591412705574164,2.9616355895996094
1747273952.0781753,-1.895781040750473,-2.1166839391414767,2.5615692138671875
1747273952.0978494,-1.8497533329389073,-2.074609935781487,2.710580825805664
1747273952.1122348,-1.8331854121492646,-2.0362898514798076,2.471923828125
1747273952.1323526,-1.7777108743022634,-1.974383041256169,2.593517303466797
1747273952.1538894,-1.7101231914625603,-1.906875307191715,3.1812191009521484
1747273952.180741,-1.6460816628665995,-1.8451323721118642,3.7338733673095703
1747273952.199392,-1.573996889031624,-1.7833489593853489,3.5190582275390625
1747273952.2159178,-1.5065994935100837,-1.752841079446504,2.578258514404297
1747273952.2330372,-1.4474830115532116,-1.7132864200728923,2.6421546936035156
1747273952.253582,-1.4063725593228595,-1.6550559075412392,2.6841163635253906
1747273952.2784138,-1.3446584906942034,-1.60604925422948,3.034353256225586
1747273952.2988377,-1.2759545185807963,-1.5716034100755376,3.7851333618164062
1747273952.3204732,-1.2074619495606609,-1.5290929461736495,4.4116973876953125
1747273952.3375125,-1.1633238857114467,-1.489965983051957,2.554655075073242
1747273952.3577702,-1.1132546030563562,-1.4505602063435172,2.4836063385009766
1747273952.3800945,-1.0537222114658227,-1.4168056411215262,4.247426986694336
1747273952.4007018,-0.9810063873996022,-1.3836945491142998,5.03230094909668
1747273952.4319205,-0.9450833966507554,-1.3553823165883534,2.458333969116211
1747273952.4424505,-0.8808664579861066,-1.3403419476226275,2.453327178955078
1747273952.453018,-0.7961098021576848,-1.3166857801409966,2.445697784423828
1747273952.4777339,-0.7154614821657062,-1.2883492294493808,2.4678707122802734
1747273952.4973264,-0.6827993574609365,-1.267775304448757,2.4328231811523438
1747273952.5183268,-0.6414420813866071,-1.2555920468907193,3.185272216796875
1747273952.5332472,-0.5989298604378318,-1.2498889823513024,2.9449462890625
1747273952.5571713,-0.5212215528815001,-1.2279153927719846,2.5115013122558594
1747273952.5775402,-0.4461476014703704,-1.2210377140418007,2.4580955505371094
1747273952.5983603,-0.35851676536591515,-1.2154706694199702,2.8090476989746094
1747273952.6140258,-0.28276230043598405,-1.2144152669877184,2.443552017211914
1747273952.6326547,-0.21432202364719466,-1.206791018176776,2.509593963623047
1747273952.6583405,-0.13820189552680967,-1.192783582342278,3.381490707397461
1747273952.678365,-0.07555746171860764,-1.1712931387408028,3.0236244201660156
1747273952.698451,-0.029979521399544528,-1.1511347344996605,3.12042236328125
1747273952.7181096,0.028356200856786664,-1.1403912024668175,3.222227096557617
1747273952.737612,0.07128931012492488,-1.1344697807685473,6.953001022338867
1747273952.7597842,0.12237405967330661,-1.1284935349366803,3.265857696533203
1747273952.7806509,0.16783152708902097,-1.1242138124948955,3.910064697265625
1747273952.7946005,0.1967841463258743,-1.1128339843741537,2.446413040161133
1747273952.8198884,0.23335671414411077,-1.1033646772724477,4.271984100341797
1747273952.835257,0.2435248807297378,-1.1007466525329037,2.849578857421875
1747273952.8580842,0.29340106801974236,-1.1044011084591736,2.5887489318847656
1747273952.8800983,0.34495063147249194,-1.0794739430379805,3.042936325073242
1747273952.8976004,0.3614270556465294,-1.0709862611259016,2.6273727416992188
1747273952.9125195,0.3918650999516069,-1.0719755735801308,2.3910999298095703
1747273952.9383326,0.48196726516512983,-1.0698986795500511,2.830028533935547
1747273952.95836,0.5527561001032928,-1.0662616110155267,2.737760543823242
1747273952.9789271,0.5913798672872607,-1.0650368541601463,2.597808837890625
1747273952.9983995,0.6151662613474416,-1.056451613145828,2.972126007080078
1747273953.0175555,0.6174226016908665,-1.054242347299853,2.469301223754883
1747273953.0382528,0.5971581532268448,-1.0500541103703265,2.7353763580322266
1747273953.0600145,0.678247529310777,-1.048201478898943,4.472970962524414
1747273953.0731137,0.7197078763109956,-1.0420709720529953,2.5055408477783203
1747273953.0993042,0.756231156668058,-1.035110001072927,3.250598907470703
1747273953.11827,0.753432519404481,-1.031133575903998,2.774477005004883
1747273953.1329093,0.7730445260141,-1.036749816005525,2.532958984375
1747273953.1527176,0.7661908583627629,-1.0381484538273693,2.3992061614990234
1747273953.1807592,0.7952069243755565,-1.0421778606496208,4.893302917480469
1747273953.1990626,0.8142376252875878,-1.0382153069911908,3.350496292114258
1747273953.2297463,0.8391840735702099,-1.0362909123619823,4.425287246704102
1747273953.246324,0.8570294970102013,-1.0343093308269633,4.384040832519531
1747273953.2599318,0.8571199517250891,-1.032971881336924,2.680540084838867
1747273953.2792778,0.8787064185178203,-1.0367506552764665,3.642559051513672
1747273953.293799,0.8914948683295171,-1.0409057742923071,2.517223358154297
1747273953.315272,0.9023834239509635,-1.0424419507564917,4.482269287109375
1747273953.3357308,0.9240069567597308,-1.043464842170515,2.8214454650878906
1747273953.3581245,0.9075845056802233,-1.045764862016895,2.9349327087402344
1747273953.3776412,0.903914487122429,-1.0427200359217013,2.466440200805664
1747273953.3980808,0.8826438074328311,-1.0339730007193135,2.4881362915039062
1747273953.4177227,0.8804672804184458,-1.029542874380435,2.421855926513672
1747273953.43745,0.8810016888055492,-1.0255271118519338,2.5238990783691406
1747273953.4577405,0.8707704403165727,-1.0243888760024469,2.6798248291015625
1747273953.477734,0.8875399239224643,-1.0245793167577042,2.430438995361328
1747273953.4974349,0.8972163986948506,-1.0226918023734604,2.5963783264160156
1747273953.5175164,0.9087924195333625,-1.019936847001021,2.543210983276367
1747273953.540332,0.9059167926016674,-1.020286954268556,2.70843505859375
1747273953.5585015,0.8939868804178203,-1.0197653337216246,3.059864044189453
1747273953.5796363,0.9041220919059045,-1.0203546947560511,3.0591487884521484
1747273953.6021078,0.911599040580554,-1.0210796081891662,5.287885665893555
1747273953.6224508,0.9156616365765958,-1.0248875293056117,2.5069713592529297
1747273953.637487,0.9102937022759305,-1.0309742370720554,2.403736114501953
1747273953.6580882,0.8975300968749421,-1.0254123807843336,2.7403831481933594
1747273953.678578,0.8915791638941108,-1.0256869593204023,3.159761428833008
1747273953.7012289,0.9030124690967896,-1.0236188100642938,4.477024078369141
1747273953.720372,0.9120916992238947,-1.0243131178695384,4.225254058837891
1747273953.7409112,0.9276280503315908,-1.0263271620948047,4.783391952514648
1747273953.7612681,0.9375162360260674,-1.025141747037059,3.8335323333740234
1747273953.7797234,0.9473706397890196,-1.032154393471255,3.312349319458008
1747273953.7981462,0.9529345404832856,-1.034023215198169,6.072044372558594
1747273953.8185918,0.9599279577650567,-1.0335071814724124,2.539396286010742
1747273953.8376527,0.9804376797771673,-1.0325885634036782,2.6776790618896484
1747273953.8575437,0.9832693745752853,-1.0362368691443458,2.428770065307617
1747273953.8776042,0.9873813190722361,-1.0372947846831548,2.382516860961914
1747273953.9013557,0.9988905462575571,-1.0399969305847838,2.733945846557617
1747273953.9176407,1.0135705931837045,-1.0403899615038523,2.391815185546875
1747273953.937788,1.0138370477557748,-1.0380328646480996,2.3488998413085938
1747273953.9531105,1.0129355191409788,-1.0372289328041704,2.620697021484375
1747273953.9796739,1.0045475989154358,-1.039474382435457,4.2934417724609375
1747273954.0008783,1.001106401374988,-1.0387469542144105,4.561901092529297
1747273954.0177517,1.0102804057954824,-1.0414866931683606,2.462148666381836
1747273954.0408468,1.010673673335688,-1.0376310238615483,4.416942596435547
1747273954.0578825,1.0126484329822156,-1.0362770415141056,2.4924278259277344
1747273954.077847,1.0037807256955058,-1.0304924375638946,2.4302005767822266
1747273954.1019413,0.9954135944663242,-1.031939949838589,4.539728164672852
1747273954.1190825,1.0090138988585506,-1.0329907376685508,2.9141902923583984
1747273954.139094,1.0275142813430633,-1.0333177953306223,2.8200149536132812
1747273954.1651936,1.015188088580695,-1.0316706688979678,3.216266632080078
1747273954.1835015,0.9972817849494435,-1.0297588654480443,6.934881210327148
1747273954.2103465,0.9765470738234036,-1.0294951679189595,5.406379699707031
1747273954.234052,0.9365037716386647,-1.0179083808931306,3.4058094024658203
1747273954.252767,0.9188344308717242,-1.0165322610172054,3.319263458251953
1747273954.2712932,0.9054165990936193,-1.0191925029355757,2.786397933959961
1747273954.2863414,0.9078215863691228,-1.019217579341099,2.7048587799072266
1747273954.3069332,0.9203116221460765,-1.0238635163302958,4.1980743408203125
1747273954.3222902,0.9181894965218252,-1.0269368382025381,3.3915042877197266
1747273954.3395574,0.9253497955764469,-1.029405555379504,4.277706146240234
1747273954.3574743,0.9316206580393269,-1.030121097757252,2.3469924926757812
1747273954.374124,0.9293340367016998,-1.027423443912035,2.4788379669189453
1747273954.3986518,0.9269810414273012,-1.026025711188219,2.8378963470458984
1747273954.417754,0.9434845626310654,-1.0225867535391442,2.4733543395996094
1747273954.4377916,0.9690489919358097,-1.0262297382861303,2.5756359100341797
1747273954.4588563,0.9854269538985935,-1.0285843378812825,3.231048583984375
1747273954.48919,0.9902499007498493,-1.0316990448060206,3.5524368286132812
1747273954.5048156,0.9993096478878353,-1.032630733685675,2.582073211669922
1747273954.5178447,1.0059591551974196,-1.0339213742951263,2.4709701538085938
1747273954.537507,0.9891412182341589,-1.032415265016582,2.4030208587646484
1747273954.5574152,1.004074859892431,-1.0364649290744463,2.4657249450683594
1747273954.577985,0.9861993570558414,-1.035458236727779,2.4917125701904297
1747273954.6012757,0.9673438102196762,-1.0290413705296404,4.300355911254883
1747273954.6165152,0.97751079404875,-1.0297370349141028,3.0558109283447266
1747273954.6381721,0.9606875317880764,-1.03188907742971,2.5773048400878906
1747273954.6545756,0.9708628137456469,-1.0316253235376325,2.980947494506836
1747273954.6782176,0.9646494975978129,-1.0415443469341563,2.5496482849121094
1747273954.693222,0.9508569255303708,-1.0435022669283696,2.713441848754883
1747273954.718234,0.9489329228247618,-1.0456364458693859,2.719879150390625
1747273954.739772,0.978925603248192,-1.0391244445986147,4.439115524291992
1747273954.7565289,0.9689494768481086,-1.037067533785268,4.371404647827148
1747273954.7746017,0.9756024463450275,-1.0373977256546636,2.500772476196289
1747273954.7987273,0.952804536409554,-1.0400850583605017,3.1900405883789062
1747273954.8138983,0.9408402748164543,-1.0379119503818217,2.480745315551758
1747273954.8328815,0.9367811814889137,-1.0378258108031135,2.536296844482422
1747273954.858673,0.9211116753302303,-1.0387595303844994,2.906322479248047
1747273954.8776371,0.8938038415519785,-1.0346089575164206,2.3834705352783203
1747273954.8999636,0.9069165323572785,-1.04310630579041,4.690885543823242
1747273954.9193063,0.8958316111281451,-1.0450898375520545,3.7810802459716797
1747273954.9391105,0.8641932933195271,-1.038283380953829,3.5352706909179688
1747273954.9588585,0.8500637957475045,-1.041782514800831,3.4673213958740234
1747273954.9828234,0.8123008324922849,-1.0373277950128472,7.338047027587891
1747273954.997882,0.7948370401982044,-1.0386825302020548,2.4814605712890625
1747273955.017982,0.8322043722775923,-1.044627425568289,2.4416446685791016
1747273955.037586,0.8390833752460716,-1.0486863860108977,2.4144649505615234
1747273955.0586202,0.8020996353266145,-1.0575702728818466,2.8839111328125
1747273955.0781188,0.8008166067775847,-1.0642549538842832,2.5920867919921875
1747273955.098869,0.7829343850414185,-1.0650331665151367,3.2258033752441406
1747273955.1206453,0.7628512077234189,-1.0660800991362462,4.279136657714844
1747273955.1401222,0.7842579872295428,-1.0767417878607495,4.629373550415039
1747273955.159887,0.8096787093208677,-1.0795085143275247,4.300117492675781
1747273955.1777594,0.8097064583203052,-1.0722954953120623,2.8743743896484375
1747273955.2001276,0.7901455424430861,-1.0734076428334907,4.522085189819336
1747273955.21821,0.7676792158917501,-1.0787280798111063,2.8693675994873047
1747273955.2390654,0.759395371680174,-1.0768148476145147,3.1309127807617188
1747273955.2634964,0.7468556754738164,-1.0823029425402775,6.46662712097168
1747273955.280837,0.7297179675333002,-1.0871119874601147,4.499197006225586
1747273955.297768,0.7214460917825593,-1.0873024922372585,2.5098323822021484
1747273955.317871,0.7116331341383295,-1.0877432912470817,2.4919509887695312
1747273955.3377562,0.707025054748561,-1.085253047696913,2.4776458740234375
1747273955.3575833,0.7127716376977882,-1.090429031534112,2.4712085723876953
1747273955.3779762,0.7108770754380257,-1.0887897356467446,2.500772476196289
1747273955.398158,0.698401933470951,-1.076999144271322,2.4743080139160156
1747273955.4200382,0.6781699135206283,-1.0800430704080357,2.8121471405029297
1747273955.4391701,0.6800813274293932,-1.0818709664314279,3.2172203063964844
1747273955.4592326,0.6906656695264144,-1.0861680513080474,3.1692981719970703
1747273955.4788172,0.7003906722063898,-1.0883251565785295,3.1960010528564453
1747273955.4989917,0.7063840108129567,-1.0879833011169497,2.9408931732177734
1747273955.5153213,0.7168160193351089,-1.0889046003068121,4.506349563598633
1747273955.5379324,0.7315964439517468,-1.0840198280582318,2.6471614837646484
1747273955.559219,0.7297353554184004,-1.0873638275850992,3.556966781616211
1747273955.5794783,0.737453745603574,-1.0885034295250173,2.717256546020508
1747273955.5991273,0.7428469009524017,-1.0889761631989896,3.290891647338867
1747273955.6209276,0.7392960152679553,-1.0871769452247295,3.8824081420898438
1747273955.6362784,0.7362654767618281,-1.0877546076955433,2.5322437286376953
1747273955.6589603,0.7457022367488322,-1.0884495125899882,3.115415573120117
1747273955.6789331,0.7586323560286696,-1.0901456561634644,3.0221939086914062
1747273955.692885,0.777100957505406,-1.0954231898969886,2.4111270904541016
1747273955.7204385,0.7702645626224038,-1.1006619269606628,2.649545669555664
1747273955.7379997,0.7615627986358352,-1.1084102407398226,2.5022029876708984
1747273955.759271,0.7462429224656425,-1.1105296690712363,3.0946731567382812
1747273955.7839274,0.73169731065439,-1.1078946393267861,2.4487972259521484
1747273955.800936,0.705164598904032,-1.1087674873153068,4.256725311279297
1747273955.8201869,0.6811670466081906,-1.105717220450763,3.1485557556152344
1747273955.8355443,0.6421005086453164,-1.0982956893614555,2.9211044311523438
1747273955.8585067,0.6550576242305021,-1.1029832856670863,2.8645992279052734
1747273955.8789372,0.6581269184811177,-1.1085084052381051,3.2274723052978516
1747273955.901321,0.6574560037118441,-1.106668494112833,4.882335662841797
1747273955.9194655,0.6522211944070817,-1.1134680990175405,3.7305355072021484
1747273955.9331362,0.6254392772408478,-1.1162558175438,2.4871826171875
1747273955.9602282,0.5997396985174136,-1.1165614895055227,3.073453903198242
1747273955.9778163,0.5488182971001053,-1.1129660449169951,2.55584716796875
1747273955.9999616,0.5189235089416168,-1.1120335768646887,3.225088119506836
1747273956.0172143,0.49607989187610796,-1.1103290483575825,2.8672218322753906
1747273956.038256,0.45140202569796856,-1.1209985742843764,2.5353431701660156
1747273956.0586166,0.4297844659939594,-1.1207332006196171,2.816915512084961
1747273956.0784123,0.39800410527932456,-1.1255804481474505,2.5551319122314453
1747273956.0988111,0.37835200171492306,-1.1288157144550748,2.952098846435547
1747273956.1202457,0.3540376003615721,-1.131058279157537,3.746509552001953
1747273956.1400855,0.32799091142451137,-1.1331052568814968,3.688335418701172
1747273956.1585238,0.31403038853186777,-1.134503720332679,3.072500228881836
1747273956.178163,0.30602195586201425,-1.1396820994555925,2.5506019592285156
1747273956.196872,0.3351389614953759,-1.1449500793701821,2.6290416717529297
1747273956.2135267,0.3294215848278843,-1.1464675098180195,2.5663375854492188
1747273956.2380726,0.31732518939444715,-1.1523924592163657,2.525806427001953
1747273956.2579181,0.30524232197454665,-1.151247177343794,2.5489330291748047
1747273956.2792797,0.3031058474717077,-1.1548487984433482,3.088712692260742
1747273956.299099,0.29578448379816985,-1.1603445968337216,2.5949478149414062
1747273956.32275,0.3061419938132779,-1.162278559423088,2.5482177734375
1747273956.334229,0.32031720588873047,-1.1603057221910404,2.3615360260009766
1747273956.3577247,0.3197087815581941,-1.1643857459086675,2.363920211791992
1747273956.3731492,0.30444888050797525,-1.1646564408157125,2.549886703491211
1747273956.3989418,0.277633615774935,-1.164431956683517,2.688169479370117
1747273956.421928,0.2539278860904077,-1.1693054484281717,4.153966903686523
1747273956.434249,0.24681537678796428,-1.167448720642424,2.6636123657226562
1747273956.458564,0.21225031294423474,-1.1661901697540695,2.8252601623535156
1747273956.478246,0.122665093189145,-1.1881225315268407,2.537965774536133
1747273956.493428,0.07516061215786367,-1.192635979296117,2.742767333984375
1747273956.5200586,0.040227147565607496,-1.198444357971992,3.330707550048828
1747273956.5351877,0.015641462022504098,-1.197874162747158,2.683401107788086
1747273956.6780696,-0.08344142129073305,-1.2118276655186884,2.677440643310547
1747273956.6923656,-0.11342367506816155,-1.2135303719667456,2.791166305541992
1747273956.7028108,-0.12491472157904544,-1.2163264342781661,2.397298812866211
1747273956.7174876,-0.1303377783328028,-1.2190185502405737,2.6166439056396484
1747273956.7383614,-0.14197626114895864,-1.2209627318467848,2.454042434692383
1747273956.7584753,-0.14830650464870665,-1.2195913874642987,2.4423599243164062
1747273956.7774851,-0.14275941926721872,-1.2207015608706688,3.34930419921875
1747273956.7978668,-0.13093426350887985,-1.2174694615983768,3.713846206665039
1747273956.8221347,-0.13590883725472405,-1.2166864401081874,4.792451858520508
1747273956.8456826,-0.14651392929382542,-1.2181720535978624,5.207061767578125
1747273956.871561,-0.13657458784275323,-1.2140970485609668,5.19561767578125
1747273956.8891504,-0.13566682587207538,-1.2111198717274572,2.808094024658203
1747273956.9118428,-0.12724510997680621,-1.2092648436856954,2.7294158935546875
1747273956.9308715,-0.12755216005219297,-1.209214381373887,3.0412673950195312
1747273956.9435756,-0.12379343636053476,-1.212482888281984,2.4373531341552734
1747273956.9621034,-0.1556511818859389,-1.2253018123382888,4.246711730957031
1747273956.9786417,-0.18586074198308164,-1.230284794100619,2.9518604278564453
1747273956.9946332,-0.1680155383425135,-1.2307312326379292,3.1931400299072266
1747273957.0188794,-0.1640068066901901,-1.2310981674441703,2.8290748596191406
1747273957.0367289,-0.14647256141310247,-1.231911158670638,4.202842712402344
1747273957.0606008,-0.1438386031645487,-1.2407860119863445,4.215717315673828
1747273957.0796525,-0.14021317476593517,-1.23659950868542,3.7717819213867188
1747273957.0987246,-0.13589310142842417,-1.2295177214967807,2.6688575744628906
1747273957.1190917,-0.14681645056097348,-1.23004263372441,2.5641918182373047
1747273957.1350985,-0.1736639488043278,-1.2321241096604632,2.7043819427490234
1747273957.1602082,-0.17766186262997669,-1.2278147096478707,3.323793411254883
1747273957.181309,-0.18096962007434553,-1.2278096184859246,3.267049789428711
1747273957.2225106,-0.1495355857232891,-1.2186021656385961,2.713918685913086
1747273957.242825,-0.1403345962121364,-1.211217317134977,2.6662349700927734
1747273957.259699,-0.1157807258248176,-1.2163708971727412,2.8438568115234375
1747273957.2797568,-0.07921208389257536,-1.2263108098765692,2.6063919067382812
1747273957.2993133,-0.03883486388815677,-1.2336972060433624,3.186941146850586
1747273957.3190577,-0.014036650440033185,-1.23778986182893,3.0579566955566406
1747273957.3389027,0.008884215270834493,-1.2430799112645121,2.8076171875
1747273957.358949,0.0206884276366082,-1.2430378463867926,2.789020538330078
1747273957.3762932,0.029940748393982315,-1.249350635034363,4.185676574707031
1747273957.399246,0.04356911766536377,-1.252970789414124,2.8083324432373047
1747273957.4189248,0.041776989379944715,-1.2615864226361364,2.8629302978515625
1747273957.4387386,0.0452493032424239,-1.2610694724683136,2.512216567993164
1747273957.4584596,0.06798237734131868,-1.2624270372809214,2.5653839111328125
1747273957.4784184,0.07482142096510837,-1.263116774836136,2.4976730346679688
1747273957.4991734,0.08185198425634924,-1.2631018703940469,2.924680709838867
1747273957.518288,0.09582118687808683,-1.2623223292492225,2.5315284729003906
1747273957.5406218,0.09951010357153693,-1.2616318330213954,3.13568115234375
1747273957.5615964,0.09250177437458866,-1.2591401413788184,4.777193069458008
1747273957.5823586,0.10979624784350299,-1.2598551685516903,4.467964172363281
1747273957.594922,0.09696321835267349,-1.2621050119844646,2.4836063385009766
1747273957.613604,0.10829541949585537,-1.258129538170185,2.624988555908203
1747273957.6386845,0.09885101449358817,-1.2649407566596162,2.518892288208008
1747273957.658733,0.11762685948071609,-1.2676016012590614,2.559661865234375
1747273957.6790965,0.11375183339267848,-1.2710668012486732,2.613544464111328
1747273957.7013688,0.12644005266706215,-1.271026887786854,4.357099533081055
1747273957.7182267,0.12258761513370953,-1.2684489594210901,2.414226531982422
1747273957.7382197,0.09362233388048971,-1.2649010063047794,2.5718212127685547
1747273957.7583866,0.10354254993810448,-1.265866510243324,2.459287643432617
1747273957.7781527,0.09519670177934596,-1.2703724251261128,2.440929412841797
1747273957.7980077,0.09612956581599734,-1.269781539639618,2.452850341796875
1747273957.8187766,0.10386165786793716,-1.2676158284487131,2.541065216064453
1747273957.8345392,0.10918897128131044,-1.267860318382554,2.938508987426758
1747273957.8610096,0.1163981975605916,-1.2704330299549382,3.5102367401123047
1747273957.8804674,0.12968227135268234,-1.2687650307855014,3.231048583984375
1747273957.8983786,0.14944582957122798,-1.2698174355044078,3.694295883178711
1747273957.913568,0.16738674261420233,-1.2722869841408289,2.6404857635498047
1747273957.940064,0.17539815309156473,-1.2741230843523734,2.6922225952148438
1747273957.953556,0.17524884948995748,-1.2765635906620623,2.469301223754883
1747273957.9739118,0.18177496178474806,-1.2736961839680703,2.5904178619384766
1747273957.9936266,0.19557026943167777,-1.276030139805392,2.4671554565429688
1747273958.013774,0.21970859209927468,-1.279509997503775,2.5975704193115234
1747273958.033831,0.20598958505558695,-1.2787278295249125,2.6934146881103516
1747273958.0556126,0.18404037993388064,-1.2795090271651712,3.5126209259033203
1747273958.0795896,0.16481774926765383,-1.2796534498928496,3.0214786529541016
1747273958.0986617,0.14748497892386916,-1.275237587965676,2.526998519897461
1747273958.1194768,0.11898185119962691,-1.2709700062580747,3.100872039794922
1747273958.1340468,0.10665247839656941,-1.267265763153474,2.5823116302490234
1747273958.1601717,0.10301065068679553,-1.2649578687573735,2.8219223022460938
1747273958.1783218,0.10131942732327653,-1.2685221530157353,2.4352073669433594
1747273958.195866,0.1043226523256107,-1.270332358221086,2.7933120727539062
1747273958.2206917,0.09606560648510487,-1.265448269103964,3.8940906524658203
1747273958.2390683,0.10862354949206408,-1.2675564711691893,3.0167102813720703
1747273958.262214,0.12057409015385782,-1.2696699283420423,4.383325576782227
1747273958.2740037,0.12071576163142894,-1.2727243021790826,2.3832321166992188
1747273958.3033235,0.1231199754711616,-1.2664127530766989,6.798982620239258
1747273958.3183434,0.13375708831210253,-1.2658745314523006,2.5513172149658203
1747273958.3403866,0.15805168883449996,-1.2578021328829208,4.203319549560547
1747273958.3621252,0.15719432856707968,-1.2592562357545165,5.190610885620117
1747273958.3784316,0.13355139563036167,-1.2633283178326338,2.534627914428711
1747273958.3988945,0.13233419916417008,-1.2660893853014261,2.780914306640625
1747273958.4144824,0.12146018687689746,-1.2660907884877015,2.512216567993164
1747273958.4350948,0.1305970787681128,-1.2693367313398018,2.752542495727539
1747273958.453912,0.13406313719215193,-1.2671227201956432,2.7840137481689453
1747273958.4809842,0.1477326230130469,-1.275891392638228,4.452705383300781
1747273958.5010529,0.13493220998380742,-1.280486162580941,4.444122314453125
1747273958.5192397,0.14105934362820438,-1.2844057558880526,4.908323287963867
1747273958.540598,0.14614448229640883,-1.2900399969473602,3.6499500274658203
1747273958.5623114,0.13988268473607943,-1.2869666632745118,5.454778671264648
1747273958.578407,0.1448285900197504,-1.2860442227534419,2.628326416015625
1747273958.598273,0.14970301887123055,-1.2823107929394628,2.3567676544189453
1747273958.6182487,0.15409683047308534,-1.2823820297587707,2.3849010467529297
1747273958.6390734,0.13225500312555258,-1.2816831341598844,2.9077529907226562
1747273958.658071,0.1278111672662034,-1.2739805159150275,2.3882389068603516
1747273958.6781387,0.12606365217728344,-1.270883416817827,2.4213790893554688
1747273958.6982067,0.10508095707189867,-1.2685258132458292,2.495288848876953
1747273958.730597,0.11057177792257311,-1.2688012220934353,13.966083526611328
1747273958.7527068,0.12550975270280532,-1.2736228824198375,2.4721622467041016
1747273958.7653632,0.13160866409050564,-1.2789141385454994,2.560853958129883
1747273958.7786114,0.14237946257745088,-1.2776591294593262,2.4666786193847656
1747273958.8027794,0.13574429303466437,-1.2726166045123655,2.788066864013672
1747273958.819398,0.1218270684384439,-1.2666234101273122,2.6853084564208984
1747273958.8397214,0.0994611757930077,-1.2621159222853993,3.3996105194091797
1747273958.8592408,0.1203527597955091,-1.266716184264177,2.907991409301758
1747273958.879231,0.12359742009168832,-1.267781063970435,2.7816295623779297
1747273958.8982363,0.11231478617758005,-1.260420532810123,2.3298263549804688
1747273958.9194617,0.10968639114179132,-1.2654560955021397,2.563953399658203
1747273958.9394875,0.1436378484607139,-1.2684521496458985,3.2358169555664062
1747273958.9593859,0.1507151031055808,-1.2693150743759996,3.3702850341796875
1747273958.979182,0.1770217291527893,-1.2732229999626978,3.064870834350586
1747273958.9991875,0.17839181791154823,-1.2739571614008496,3.012418746948242
1747273959.0227096,0.1688608779928004,-1.2752611800294515,4.857778549194336
1747273959.0392065,0.17411701103362173,-1.274084262104396,2.9816627502441406
1747273959.0592449,0.1620518691928181,-1.271497899783247,2.9463768005371094
1747273959.0741978,0.1673248011036998,-1.2690668756897614,2.6502609252929688
1747273959.098378,0.1642807381315338,-1.262316816918979,2.4480819702148438
1747273959.1214504,0.16702007938093727,-1.2651871400417447,2.6230812072753906
1747273959.1386406,0.15730049407910382,-1.2598656810631326,2.408742904663086
1747273959.158248,0.17489086716156535,-1.261077095553197,2.4149417877197266
1747273959.179433,0.16904667116475408,-1.2590515627251437,3.5429000854492188
1747273959.198362,0.16748956216205224,-1.2624456379850615,2.4480819702148438
1747273959.214608,0.1645870887265628,-1.2664832234072971,3.209829330444336
1747273959.2490902,0.1738014618853263,-1.2692368857801506,5.165815353393555
1747273959.2610826,0.18711439205310004,-1.2728806389832763,2.6171207427978516
1747273959.2786083,0.1921152265780711,-1.269167535271006,6.017446517944336
1747273959.3014848,0.18411462330648412,-1.2654904656253048,4.653692245483398
1747273959.3226733,0.19119986154320673,-1.2722948504030103,7.781267166137695
1747273959.3389776,0.17613187026998933,-1.2712142259493502,2.443552017211914
1747273959.3593373,0.17326302798438725,-1.2728164881291688,2.6082992553710938
1747273959.3853297,0.16081511406745208,-1.2771963879644148,2.6717185974121094
1747273959.4001422,0.1478057310105537,-1.2746224173164022,3.9772987365722656
1747273959.4203289,0.15743040885439694,-1.2717298320164505,3.583192825317383
1747273959.43482,0.15326280621653635,-1.2732097402010591,2.4709701538085938
1747273959.462943,0.15237683248731795,-1.2704306937046994,6.536960601806641
1747273959.4794827,0.15369547051575802,-1.2699315057534426,3.4635066986083984
1747273959.4992301,0.14941949620509468,-1.2690264057784437,2.667665481567383
1747273959.5191088,0.13343213866661624,-1.2713833963036323,2.7692317962646484
1747273959.5384626,0.12464120229232217,-1.2711975663717463,2.486705780029297
1747273959.558415,0.1188128020745488,-1.271124958207556,2.3987293243408203
1747273959.5784795,0.10336514111589354,-1.2760468662208233,2.460002899169922
1747273959.5984821,0.10412174074506118,-1.275454167692966,2.3615360260009766
1747273959.6182537,0.09879050110950459,-1.2728349009264648,2.4137496948242188
1747273959.6392171,0.10446446934533357,-1.271449057922365,2.653360366821289
1747273959.658536,0.11442574087765824,-1.266187373932733,2.4170875549316406
1747273959.6786015,0.10764637203328788,-1.270298049831492,2.4979114532470703
1747273959.698309,0.11218132071687295,-1.266485291790698,2.4335384368896484
1747273959.7194393,0.12770295124902079,-1.2685682866699821,3.419160842895508
1747273959.7415903,0.13030277409800847,-1.2724767182734138,4.412651062011719
1747273959.761729,0.14214853280510537,-1.2687660057121417,3.445148468017578
1747273959.7775025,0.14616775660730286,-1.2733935290430398,2.804994583129883
1747273959.8012435,0.1481551178979834,-1.2777276240914817,4.309415817260742
1747273959.8186946,0.15163195098800653,-1.2790943678738,2.515554428100586
1747273959.8384235,0.15518371425589086,-1.2809676128535248,2.523183822631836
1747273959.858432,0.14750959427033716,-1.282950650693813,2.494335174560547
1747273959.8807547,0.1435728435498772,-1.2871273521595301,3.928661346435547
1747273959.9004,0.14152605490464817,-1.28764793631013,3.8869380950927734
1747273959.9186413,0.12856030976956495,-1.2872062127769763,2.542734146118164
1747273959.9364698,0.1358651795922542,-1.2775895887201658,2.597332000732422
1747273959.958838,0.15172109977156886,-1.2753617726721083,2.493143081665039
1747273959.9825008,0.14090471920873054,-1.2783809220439357,3.2083988189697266
1747273959.9993436,0.14472593890897986,-1.2730814656713654,2.817869186401367
1747273960.015056,0.149076788736287,-1.2707188662009667,2.9082298278808594
1747273960.0385892,0.16784913998393025,-1.269304520171712,2.629995346069336
1747273960.0611637,0.1612082761441832,-1.2585674410936207,2.9015541076660156
1747273960.0864446,0.1576154246624574,-1.2535909841203539,2.7992725372314453
1747273960.1022148,0.1453030897407948,-1.2599750906231895,3.918170928955078
1747273960.1175165,0.14448567719090227,-1.2503079955570264,4.467248916625977
1747273960.1453574,0.12535632968075439,-1.2573436627521597,4.272937774658203
1747273960.1607816,0.11621398766911074,-1.2588873824684697,3.248453140258789
1747273960.18057,0.1358296689730466,-1.2584636685849622,2.655029296875
1747273960.2009196,0.1641078913577049,-1.2640874547565601,3.4923553466796875
1747273960.2214825,0.16369352152803904,-1.2662852807436404,4.307985305786133
1747273960.2388983,0.1694107156899441,-1.2704934777994565,2.653837203979492
1747273960.2594433,0.18374658534922544,-1.269147320045199,2.4929046630859375
1747273960.2828717,0.18712689080588815,-1.2659892768066436,6.143331527709961
1747273960.303603,0.1895085788473302,-1.2726039822563575,3.0927658081054688
1747273960.319249,0.19536502728053393,-1.2734175772847767,2.76947021484375
1747273960.3410585,0.18690442916007827,-1.2817263844839317,4.910945892333984
1747273960.3604217,0.1716476313091764,-1.2749216429744246,2.981424331665039
1747273960.3792872,0.13833188350739764,-1.2706246320829786,3.0481815338134766
1747273960.4033344,0.15214909567545315,-1.2704054902619302,3.5796165466308594
1747273960.4213562,0.16362509318929067,-1.2664024867433614,4.577159881591797
1747273960.4366922,0.16426111908377414,-1.2698358245620138,2.5179386138916016
1747273960.4694343,0.1648632518616831,-1.266692009662384,5.607843399047852
1747273960.4813342,0.17268370568249014,-1.2677643757486463,2.613544464111328
1747273960.4993296,0.17875147435073155,-1.266060346718278,3.2761096954345703
1747273960.522036,0.18281197930540752,-1.259373853108932,4.942655563354492
1747273960.539513,0.18518512603106646,-1.2573609739715597,2.797365188598633
1747273960.5582533,0.17816905398600322,-1.2563820347687744,2.5115013122558594
1747273960.5794775,0.18888438761634474,-1.251860825383979,2.7456283569335938
1747273960.5992863,0.20266484471952778,-1.255109931901145,2.870321273803711
1747273960.619354,0.18670883311693398,-1.256869591827075,2.6769638061523438
1747273960.6386058,0.17901501869248088,-1.254221463814866,2.421855926513672
1747273960.653644,0.1714296226996832,-1.2598167058506264,2.5000572204589844
1747273960.6795914,0.16273701310728358,-1.2642537525579614,3.0450820922851562
1747273960.7025838,0.17043779920175336,-1.2644724787479815,4.4040679931640625
1747273960.7213335,0.17507082739229546,-1.26208894338561,4.179239273071289
1747273960.7411313,0.17978033393087564,-1.2713256618778108,2.902984619140625
1747273960.7586384,0.18424563082667825,-1.2693080124337024,2.3784637451171875
1747273960.778767,0.1982295924781155,-1.268715991023015,2.346515655517578
1747273960.8016942,0.21592698551021727,-1.2676693308583695,2.81524658203125
1747273960.8194063,0.20029953870619127,-1.2679139592599282,2.5560855865478516
1747273960.838766,0.20750491226560294,-1.2687515517459897,2.546548843383789
1747273960.8593068,0.20942058087152707,-1.2609608442146987,2.9027462005615234
1747273960.881598,0.22008250994183626,-1.2673303029269172,4.662752151489258
1747273960.9006405,0.22766790100437573,-1.2742060979645506,4.268884658813477
1747273960.9188197,0.22231253141816354,-1.2761484177951277,2.6581287384033203
1747273960.9395566,0.22581863943519356,-1.2769926200562383,3.077983856201172
1747273960.957969,0.185728673531805,-1.270171616783843,3.964662551879883
1747273960.9802353,0.17636766078991303,-1.2686862846745375,3.4608840942382812
1747273961.0022023,0.17743607691681115,-1.2690321443180053,4.160642623901367
1747273961.0193617,0.17250101493933143,-1.264683418662317,2.8557777404785156
1747273961.0394032,0.15191193431997965,-1.264874301513016,2.7446746826171875
1747273961.0545647,0.13446893994407533,-1.270672287639583,2.3865699768066406
1747273961.0815432,0.13121539799854418,-1.2720450763921511,4.224061965942383
1747273961.0995817,0.1211807991097575,-1.279744955979949,3.0393600463867188
1747273961.1212661,0.12433486953048917,-1.282449876943837,4.205465316772461
1747273961.1414413,0.13033613360008647,-1.2779408899531532,4.4155120849609375
1747273961.1618462,0.12156355361255633,-1.2709239300990691,4.305839538574219
1747273961.1814961,0.11454945179549,-1.275831276993576,3.4258365631103516
1747273961.2012749,0.11604395846088965,-1.2787172996711935,4.818439483642578
1747273961.2190738,0.1280351474139458,-1.2771708993711923,2.6328563690185547
1747273961.2411392,0.12101449247338249,-1.2724909893657945,4.246234893798828
1747273961.256744,0.13731106247888122,-1.2719665319312439,3.1723976135253906
1747273961.276775,0.12905279933254635,-1.2709431296033238,2.9757022857666016
1747273961.3020463,0.15084080588641602,-1.2734312299279276,2.7532577514648438
1747273961.3178678,0.18443864214279757,-1.2729155306831224,2.6323795318603516
1747273961.3351104,0.20447610503512495,-1.271982232974243,2.8123855590820312
1747273961.3596895,0.2254608278725715,-1.2792528469202196,2.995729446411133
1747273961.3755434,0.2372923504686652,-1.2806855377595678,4.127740859985352
1747273961.3992152,0.2582831360669374,-1.2859051069499146,2.517223358154297
1747273961.4145632,0.20498124861280553,-1.274609475817532,2.371072769165039
1747273961.4403782,0.19558216029134323,-1.2681528119913934,2.6187896728515625
1747273961.4587862,0.18682004755844753,-1.2649931733848165,2.5773048400878906
1747273961.4784894,0.1823147540864407,-1.2658388329553842,2.352476119995117
1747273961.49865,0.17946839554953894,-1.2647793302548367,2.3534297943115234
1747273961.5191686,0.16334112861326328,-1.2639308315604736,2.7234554290771484
1747273961.5387766,0.1408303294104827,-1.275710048593818,2.4487972259521484
1747273961.5593042,0.14613611599997856,-1.2738557628416016,2.5615692138671875
1747273961.6975846,0.14971990561566662,-1.279021452060029,2.719402313232422
1747273961.719498,0.1510847492545308,-1.2840479363390003,3.061532974243164
1747273961.7412758,0.12861056097982015,-1.274185218706047,3.5707950592041016
1747273961.76123,0.11296302807377478,-1.267934557188143,3.4637451171875
1747273961.7804132,0.10949285915808761,-1.2651271544103775,3.2699108123779297
1747273961.8023653,0.11520584289777762,-1.264060260982456,4.414081573486328
1747273961.821587,0.12808625519224762,-1.265198793943793,4.335641860961914
1747273961.8399873,0.13104971357880257,-1.2683346171853818,3.0968189239501953
1747273961.860747,0.14028217708197813,-1.2732849027616442,4.432201385498047
1747273961.8786082,0.15733448602026523,-1.2703822810363294,2.3555755615234375
1747273961.8998244,0.15558767942362245,-1.2741963373963507,2.9642581939697266
1747273961.9196613,0.14932444564010922,-1.272962071084149,2.870321273803711
1747273961.9398715,0.13993440297528498,-1.2720785104358892,2.9332637786865234
1747273961.9617856,0.14416827366278914,-1.2721128052133042,2.889394760131836
1747273961.9788752,0.1381237099342085,-1.27099161721234,2.620697021484375
1747273961.9990427,0.11620048100019936,-1.2716063621279343,2.453327178955078
1747273962.0196748,0.1255890197759002,-1.2716610172965175,2.558469772338867
1747273962.0387855,0.11497803064562333,-1.2693042272901858,2.389192581176758
1747273962.0613177,0.1208716286495207,-1.268457842717453,3.4744739532470703
1747273962.0804915,0.1307032532695734,-1.271456875810052,3.157377243041992
1747273962.0996206,0.14692124933864772,-1.2710694945092604,2.866506576538086
1747273962.1155336,0.16150247587140643,-1.2750834322731972,2.5620460510253906
1747273962.1409776,0.17032603850817418,-1.2761009453733556,4.329204559326172
1747273962.1545038,0.15850942623135533,-1.2705871896541858,2.568960189819336
1747273962.1763377,0.14736543111367714,-1.2729768399789165,3.0469894409179688
1747273962.1995895,0.1384775003152618,-1.2753506967838786,2.7534961700439453
1747273962.2165053,0.1508130230251443,-1.2758731379533101,2.6717185974121094
1747273962.2369583,0.1475076369996293,-1.2755333325251776,3.7708282470703125
1747273962.262871,0.1554286724563096,-1.2796192489665295,5.4473876953125
1747273962.2820673,0.18026732355401234,-1.2831581350485284,3.5371780395507812
1747273962.302643,0.18054320765670626,-1.2836028596427789,4.903316497802734
1747273962.3248022,0.16471755989502893,-1.2791158405626846,3.6127567291259766
1747273962.3422673,0.16914195694622938,-1.2771625910335536,5.0563812255859375
1747273962.3658516,0.186083274880128,-1.2786571335023915,3.493070602416992
1747273962.3854334,0.18549145552729235,-1.276787492927149,3.465414047241211
1747273962.4025774,0.1954031455059938,-1.279778023301248,3.0870437622070312
1747273962.414186,0.21593321507955673,-1.2760885626437326,2.390623092651367
1747273962.4343197,0.2221810666975577,-1.2737654443522608,2.3589134216308594
1747273962.4606996,0.2285870121324164,-1.272793649395946,3.100156784057617
1747273962.480139,0.21666351104797535,-1.2702030710098313,3.0260086059570312
1747273962.4989336,0.2110739996848026,-1.2723184175121744,2.4471282958984375
1747273962.5191872,0.19726390681137035,-1.2732194300809065,2.5336742401123047
1747273962.5402021,0.18756290367758588,-1.2731558249876724,3.318309783935547
1747273962.55935,0.1724216598682401,-1.270027519390338,2.596139907836914
1747273962.5801103,0.18176768709859814,-1.2722468948777512,2.998828887939453
1747273962.5994384,0.15774696711065903,-1.2687288301162205,2.6831626892089844
1747273962.6194456,0.17784741982614644,-1.2710909593502326,2.929210662841797
1747273962.6395042,0.17519115273658847,-1.2649227374859435,2.5382041931152344
1747273962.6591842,0.15308527216068338,-1.2688103034743083,2.5980472564697266
1747273962.6802409,0.12279905032016611,-1.2644674404091008,2.7403831481933594
1747273962.7003624,0.09184579461171678,-1.2643968171251174,3.6885738372802734
1747273962.7376237,0.0802098783911546,-1.2648188701116219,3.9718151092529297
1747273962.7524154,0.09507090167775777,-1.2697049434118604,3.5583972930908203
1747273962.764489,0.10281469264425618,-1.2691537640229416,2.500772476196289
1747273962.782291,0.11124399608766468,-1.2699199565918737,5.127429962158203
1747273962.7997532,0.11179137000903673,-1.2715990333590248,2.7997493743896484
1747273962.818884,0.10572983635078223,-1.2727617295766518,2.3577213287353516
1747273962.8391452,0.11618920514242616,-1.2655431526969245,2.5429725646972656
1747273962.858821,0.14059444215351674,-1.263644631530992,2.3941993713378906
1747273962.873644,0.15878974694415848,-1.2635657076128393,2.3567676544189453
1747273962.8989773,0.15760060113275104,-1.2679299054460904,2.6993751525878906
1747273962.9187686,0.17155669934766876,-1.268227618601564,2.4204254150390625
1747273962.9387116,0.15583981886952308,-1.2755516274288157,2.428770065307617
1747273962.9588807,0.13756619937063494,-1.273220058844837,2.4328231811523438
1747273962.9908104,0.14316733475343218,-1.2728703127991197,4.96673583984375
1747273963.0119545,0.14386841656834878,-1.2715576638869963,3.9217472076416016
1747273963.0251722,0.12387329333353643,-1.2689287668808624,2.462625503540039
1747273963.038833,0.10652034086489552,-1.2704599210200578,2.7818679809570312
1747273963.0546196,0.10531455975067024,-1.2746007802631887,2.4385452270507812
1747273963.0797951,0.11839539194102634,-1.2726731893957377,2.7544498443603516
1747273963.0993586,0.14088503578040673,-1.2745539014878218,2.5141239166259766
1747273963.1195996,0.16094208676228325,-1.273895945456228,2.627134323120117
1747273963.141351,0.16366053250101806,-1.2823828581950325,3.9215087890625
1747273963.1594052,0.16121022178170866,-1.2775438821485727,2.5501251220703125
1747273963.179506,0.1419018649116149,-1.278121595402524,2.63214111328125
1747273963.1999042,0.14303604452195778,-1.2751116937256632,2.6946067810058594
1747273963.2155643,0.1376250821011522,-1.2731848251590394,2.7129650115966797
1747273963.2353408,0.14483781097712842,-1.2754387876633673,2.864360809326172
1747273963.258993,0.14055745768587347,-1.2776459490614809,2.4271011352539062
1747273963.2792737,0.15048612611104895,-1.274230731875947,2.5780200958251953
1747273963.3007307,0.15946031592488047,-1.2714431916762863,2.595663070678711
1747273963.3189723,0.16510794490340022,-1.2739675241204285,2.379179000854492
1747273963.3389566,0.16853162866818835,-1.2680132687792607,2.6121139526367188
1747273963.355431,0.14827398856423152,-1.2664887623884635,2.7539730072021484
1747273963.378883,0.1372550778971261,-1.2636479706464518,2.4437904357910156
1747273963.4018247,0.12967037746074708,-1.266384133674297,2.8781890869140625
1747273963.416193,0.13819168595006454,-1.269156554822842,2.7370452880859375
1747273963.4404135,0.14369795587657536,-1.272829860945615,2.6803016662597656
1747273963.463218,0.1387368618561106,-1.2809525698502784,5.259037017822266
1747273963.479801,0.13221964489055762,-1.2675963448389629,3.032684326171875
1747273963.4998903,0.13131383745958022,-1.2644874276477414,3.077268600463867
1747273963.5200741,0.13341470677606823,-1.2638832745176678,3.0624866485595703
1747273963.5407104,0.12292288597979172,-1.2589062960196822,3.529071807861328
1747273963.558881,0.11846429155503997,-1.261330907032316,2.482175827026367
1747273963.5791068,0.11567864970523727,-1.2615786108151852,2.490520477294922
1747273963.601227,0.09836052616348785,-1.2630954608414162,2.8629302978515625
1747273963.6219225,0.10107332190369815,-1.2654282653266722,4.647016525268555
1747273963.6406798,0.09914689971684683,-1.2638781188700934,2.6242733001708984
1747273963.6589334,0.108605950610793,-1.2647092312692185,2.4352073669433594
1747273963.6789527,0.14328633047269115,-1.2660596402411388,2.451181411743164
1747273963.6992562,0.16092274182190877,-1.268396553558024,2.618551254272461
1747273963.727863,0.20033846705019895,-1.258531916195764,10.462284088134766
1747273963.7500358,0.20242170283835773,-1.261233187891544,3.1783580780029297
1747273963.7613916,0.20432837249015226,-1.2607409504302545,2.540111541748047
1747273963.7790828,0.2053460679396097,-1.2668385412101422,2.4492740631103516
1747273963.8004184,0.19356391019522806,-1.2688016996463551,3.0748844146728516
1747273963.8197055,0.1943860832252281,-1.2662174633684962,2.609729766845703
1747273963.8391955,0.18848078799474766,-1.2621885369125518,2.5556087493896484
1747273963.859198,0.18540526758162648,-1.2627601680694893,2.5894641876220703
1747273963.8792167,0.15452644715408204,-1.2617646978724788,2.5954246520996094
1747273963.9008439,0.15182099141857805,-1.2677748355046088,4.044055938720703
1747273963.920925,0.1444842016276601,-1.266872848874961,3.0922889709472656
1747273963.939115,0.14813605225361556,-1.2666631221301559,2.459287643432617
1747273963.9610212,0.1539866644567865,-1.2688625341378363,4.182100296020508
1747273963.9797602,0.15575280403064287,-1.263646996158617,2.969980239868164
1747273963.9998014,0.15467988765948423,-1.2610949123627675,2.9799938201904297
1747273964.0217614,0.1534852066911994,-1.2648381170395135,4.316091537475586
1747273964.0399373,0.15851162150088957,-1.2644792964126415,2.8595924377441406
1747273964.0599942,0.15246652177949824,-1.2629906522750893,3.3006668090820312
1747273964.079235,0.15711931410151375,-1.2629579482934448,2.6276111602783203
1747273964.098855,0.14769279107969738,-1.26781720308263,2.323150634765625
1747273964.1189382,0.1613689331897036,-1.2696532447789446,2.360105514526367
1747273964.1391156,0.15019020921109102,-1.2697805598112082,2.393960952758789
1747273964.1591647,0.14686482060388903,-1.2658826312337188,2.503633499145508
1747273964.1787596,0.1384011519150254,-1.2623186919787264,2.3212432861328125
1747273964.1992471,0.1313318101401156,-1.2654921125634708,2.596139907836914
1747273964.2201164,0.12888323795062134,-1.262249515391124,2.9468536376953125
1747273964.2416708,0.13719679264793014,-1.2613617754882187,4.756689071655273
1747273964.2649639,0.13416390099081532,-1.264329206817883,2.6712417602539062
1747273964.2772853,0.146437700730859,-1.2677630455473845,2.5587081909179688
1747273964.2996607,0.16184971427858694,-1.2710319520601574,2.6683807373046875
1747273964.3201706,0.16765110843875217,-1.2690333484397935,2.949953079223633
1747273964.3392942,0.18283104186168006,-1.2730367101002098,2.491474151611328
1747273964.359072,0.19371837430405556,-1.2707331264720936,2.5522708892822266
1747273964.3793814,0.19220591399652096,-1.2719036794475647,2.567291259765625
1747273964.399831,0.1849283643884284,-1.274870194279261,3.007650375366211
1747273964.4200468,0.18575703309232963,-1.278256463574789,2.610921859741211
1747273964.439826,0.1643695164276676,-1.2809211065970605,2.910614013671875
1747273964.4596083,0.16029608049822736,-1.280995341642916,5.960226058959961
1747273964.4837084,0.1688835988106078,-1.2777488815293816,8.06117057800293
1747273964.500069,0.18322170175926464,-1.2780252270235832,3.132343292236328
1747273964.5208404,0.1841087723688074,-1.2756608273243955,3.243684768676758
1747273964.5393891,0.18181333607328354,-1.2783504699555457,2.5632381439208984
1747273964.5590718,0.18809300707598478,-1.2833109036549524,2.4340152740478516
1747273964.5802166,0.1847876849259379,-1.2794038779279184,2.863645553588867
1747273964.5993178,0.16288969321912006,-1.28280670462406,2.452850341796875
1747273964.6191797,0.1580020087722777,-1.2755861474498875,2.4611949920654297
1747273964.6391523,0.16053872074193146,-1.2744446610204734,2.5908946990966797
1747273964.6591668,0.15972346298308643,-1.2672606765833274,2.5682449340820312
1747273964.6749184,0.1761302570016839,-1.266007960847581,3.2558441162109375
1747273964.7021177,0.1824564485007655,-1.2701612007989438,3.4728050231933594
1747273964.7202811,0.1817914918720499,-1.2680940266838425,2.8133392333984375
1747273964.7414432,0.18635567506396467,-1.2675257054021423,4.031658172607422
1747273964.7633848,0.1774892430861079,-1.2682650282500836,4.919767379760742
1747273964.7884986,0.17645314442876522,-1.2647990098082855,6.585359573364258
1747273964.8031197,0.17192424365599174,-1.269193535375902,2.5472640991210938
1747273964.8204958,0.18851430975100883,-1.2720149894136032,2.8977394104003906
1747273964.840293,0.17910091785899893,-1.271259958678103,3.038644790649414
1747273964.8606448,0.16447787409434425,-1.2638015850667144,3.002643585205078
1747273964.8794777,0.20341672491078758,-1.257633339140154,2.374887466430664
1747273964.902747,0.19875821989210177,-1.2549948328713438,2.9754638671875
1747273964.9218729,0.17723726385821928,-1.2574308896840989,4.221439361572266
1747273964.9424193,0.16763937969944442,-1.2655231082146772,3.636598587036133
1747273964.955719,0.1698269348487898,-1.2671123697222795,2.5017261505126953
1747273964.9822252,0.17595389651444454,-1.273091974446594,4.552364349365234
1747273965.0022564,0.17828883117045485,-1.2772607748196816,4.627466201782227
1747273965.0194623,0.1816108965721854,-1.2741369432945648,2.565622329711914
1747273965.0392284,0.17869133593749922,-1.269729936735334,2.458810806274414
1747273965.0592103,0.1662949065388859,-1.2720657177622263,2.4175643920898438
1747273965.0793488,0.16889712097977194,-1.2740764075924993,2.496004104614258
1747273965.0990455,0.1515218249379961,-1.27520786313254,2.4025440216064453
1747273965.121888,0.14285452682379726,-1.269576643938752,4.84013557434082
1747273965.139225,0.1444103276373964,-1.26381900721221,2.5072097778320312
1747273965.159423,0.13087489852508088,-1.261488255098514,2.7081966400146484
1747273965.1793623,0.13278756971911757,-1.265838576470415,2.4957656860351562
1747273965.1991465,0.13794809113945306,-1.2752001428671678,2.4034976959228516
1747273965.219476,0.13740675841188263,-1.272820629471165,2.665996551513672
1747273965.2394357,0.15237950627958877,-1.2766829698766564,2.6504993438720703
1747273965.2619448,0.1310683417982987,-1.272377572007242,4.311800003051758
1747273965.2802362,0.1180895302281914,-1.2692805949278025,3.265380859375
1747273965.3020544,0.11327793296193489,-1.2705580513814738,4.892110824584961
1747273965.321751,0.11792655357878076,-1.2683474578016978,3.5085678100585938
1747273965.3423908,0.13051294223840498,-1.2678201301668177,4.90260124206543
1747273965.3591735,0.14393019009897004,-1.2651951670317296,2.4709701538085938
1747273965.3883986,0.1362960309115237,-1.2648780471577916,2.716541290283203
1747273965.4058,0.11212215672611722,-1.2694784568462407,2.704143524169922
1747273965.4217257,0.10186779440795199,-1.2725892792865423,4.531145095825195
1747273965.4428403,0.10655306864146359,-1.2729856370618653,4.530668258666992
1747273965.4626498,0.1180766922745252,-1.2731728496681918,4.798412322998047
1747273965.4813836,0.13327699602706636,-1.2716503169083146,4.165887832641602
1747273965.5011768,0.14795424619041753,-1.2762641914579236,4.2667388916015625
1747273965.5194576,0.17622764297814567,-1.2738824837801987,2.432107925415039
1747273965.5394392,0.18514682730156773,-1.2761719205316515,2.3741722106933594
1747273965.5591786,0.19093247201939198,-1.2736535029943095,2.359151840209961
1747273965.5807896,0.18704625699760474,-1.280160798688199,3.3941268920898438
1747273965.5995066,0.19339951498548205,-1.2809849738938879,2.485990524291992
1747273965.6194334,0.19649922224294483,-1.2799133941888707,2.539396286010742
1747273965.639238,0.14782825543422046,-1.27923334243203,2.4442672729492188
1747273965.659967,0.14412256280353708,-1.2764674187825547,2.921581268310547
1747273965.680564,0.1422847290835596,-1.2754758604828176,3.593921661376953
1747273965.6995966,0.13231248211812036,-1.2754487564291594,2.5093555450439453
1747273965.719282,0.150888218519754,-1.2783314054466945,2.5408267974853516
1747273965.740209,0.16093490266346122,-1.2749606942145473,2.9783248901367188
1747273965.7599518,0.15177286214395805,-1.2776483596797052,2.693653106689453
1747273965.7797532,0.1459968293671167,-1.2801324706669386,2.513885498046875
1747273965.7945817,0.1393967127226842,-1.2838507984511491,2.5115013122558594
1747273965.822948,0.1483738819808513,-1.282447783075544,3.0517578125
1747273965.8423152,0.14578489965675634,-1.2761602578328366,2.690553665161133
1747273965.862049,0.14614290907417263,-1.2746826165924607,3.2737255096435547
1747273965.8843448,0.13901637103822462,-1.271823320144909,6.069660186767578
1747273965.9045465,0.146526518835605,-1.2732897997704842,2.5115013122558594
1747273965.9211245,0.16975210411166322,-1.275731947662175,3.912210464477539
1747273965.9375014,0.1820752617467075,-1.27976785727862,4.009485244750977
1747273965.9574072,0.1936853354201228,-1.2751597616146222,3.728151321411133
1747273965.982018,0.19592727836985246,-1.2745940227612926,3.8514137268066406
1747273965.9995348,0.19389199791402095,-1.2721680913142352,2.5091171264648438
1747273966.0194898,0.19268867375502763,-1.2726870591685864,2.5815963745117188
1747273966.0399218,0.17313083652915992,-1.265969602861335,3.0298233032226562
1747273966.059398,0.16701707350911557,-1.2608075239846437,2.3517608642578125
1747273966.079464,0.14982199086590253,-1.2601747019011666,2.479076385498047
1747273966.096061,0.1597935512571819,-1.2603189313952112,2.508401870727539
1747273966.1191823,0.17557963090564616,-1.258879194811723,2.4051666259765625
1747273966.1391826,0.17167215073566078,-1.2597813071136967,2.41851806640625
1747273966.164019,0.1677246173938487,-1.2698509920396754,2.809762954711914
1747273966.1849027,0.1604220938236559,-1.2730175929507812,2.8002262115478516
1747273966.2020226,0.15353338936151198,-1.2747185975956743,4.24647331237793
1747273966.2220411,0.15050881612516365,-1.2765957148704532,4.450559616088867
1747273966.2423728,0.13766450533000052,-1.2738771203606725,3.9463043212890625
1747273966.2625062,0.13044873808726684,-1.2740169862579387,4.39453125
1747273966.2840586,0.11754016764541637,-1.2722006923857017,2.5403499603271484
1747273966.314524,0.14051885943770995,-1.2768927033399817,6.019830703735352
1747273966.3289418,0.16121432293073737,-1.2772331586380767,2.532958984375
1747273966.3443682,0.18506498289901124,-1.2745403902343235,2.5691986083984375
1747273966.3607888,0.18999102297291787,-1.2708603765743682,3.404855728149414
1747273966.3808765,0.18253179855199805,-1.268914761588473,3.433704376220703
1747273966.4020493,0.19043580395090995,-1.2629543471741658,4.581928253173828
1747273966.425596,0.17764498264551581,-1.2664024445131272,6.28209114074707
1747273966.445048,0.15135604817278842,-1.2693371226768313,3.7882328033447266
1747273966.4625914,0.13960447998259412,-1.2670683311306226,4.363536834716797
1747273966.4807994,0.13923130149208396,-1.269719447215452,3.0066967010498047
1747273966.5015473,0.14923278795315736,-1.2677230720116683,3.731966018676758
1747273966.519428,0.16158248646981085,-1.2693401923492509,2.434968948364258
1747273966.539333,0.15163703693552333,-1.2702601267525266,2.385377883911133
1747273966.555746,0.17003334254385602,-1.2773938305932837,2.6242733001708984
1747273966.5793622,0.18209455927342175,-1.2834521845758842,2.3565292358398438
1747273966.6043847,0.1875887008599891,-1.2908669936093589,3.3807754516601562
1747273966.73466,0.18310563101352836,-1.284980255990815,2.5272369384765625
1747273966.747399,0.18510661066000447,-1.2783280154209575,2.4428367614746094
1747273966.76259,0.19489852347941755,-1.2725411794506245,3.2317638397216797
1747273966.784742,0.19504107898460468,-1.276943917998561,5.211830139160156
1747273966.8001478,0.18087942113991098,-1.2751838027243967,2.550363540649414
1747273966.8204916,0.1983880987263686,-1.2753738509850854,2.6082992553710938
1747273966.8420155,0.1930609736122105,-1.268463423268233,3.8728713989257812
1747273966.8631928,0.19322455509326172,-1.2652925152105012,4.2247772216796875
1747273966.8855941,0.19329035717345608,-1.2667490301613324,3.7288665771484375
1747273966.9020073,0.1940253930114469,-1.2700620929654214,3.0579566955566406
1747273966.9212801,0.18830650156964018,-1.2703958942267222,3.2584667205810547
1747273966.9425085,0.18771285350647296,-1.271891682426174,3.5390853881835938
1747273966.9635303,0.15602525546486443,-1.273951830381757,5.447626113891602
1747273966.9803953,0.16042176715161788,-1.2714445092696764,3.0362606048583984
1747273966.999642,0.15227137793536333,-1.2722237259280051,2.437114715576172
1747273967.0255053,0.1662231171629152,-1.2707414917905622,3.1692981719970703
1747273967.0455122,0.1904631610351694,-1.2663935699161888,4.213094711303711
1747273967.062712,0.19432693369828782,-1.2669361085386042,4.242897033691406
1747273967.0817602,0.1822492732586574,-1.2672222019512547,4.457950592041016
1747273967.1001472,0.17959878188349765,-1.2698798896761898,2.7735233306884766
1747273967.1204152,0.16443801040217618,-1.2738254640435482,2.6955604553222656
1747273967.1352038,0.15796218123479316,-1.2757307707464731,2.4378299713134766
1747273967.1601646,0.17143417806379463,-1.2694691462639274,2.584218978881836
1747273967.1796608,0.18922574951020055,-1.2728869971817538,2.574920654296875
1747273967.197522,0.18489906484228094,-1.2687341782784396,2.6092529296875
1747273967.220375,0.15818392118081542,-1.26932294318935,2.557039260864258
1747273967.2357829,0.1580119982349574,-1.2721170496120804,2.665281295776367
1747273967.269823,0.13112428667929918,-1.2679460781996774,2.9022693634033203
1747273967.281477,0.14771042768337186,-1.2725116620408168,2.5491714477539062
1747273967.3009272,0.16779233236443283,-1.2683285242473679,3.280162811279297
1747273967.3194506,0.17058754402476367,-1.271153130327151,2.5081634521484375
1747273967.3397799,0.1725466278030589,-1.2748184756291616,2.6237964630126953
1747273967.360542,0.17127848071900517,-1.2772606276406673,2.9866695404052734
1747273967.3805382,0.19383779791639363,-1.276298469591931,2.8634071350097656
1747273967.4002693,0.20279987774497513,-1.2775938013318267,2.886056900024414
1747273967.419225,0.1990807251074601,-1.2732378954540824,2.286672592163086
1747273967.435254,0.1984414522403537,-1.27650358504662,2.651214599609375
1747273967.4613278,0.18425250626708878,-1.272938755802676,3.8890838623046875
1747273967.480313,0.19448126817615946,-1.2694146556486834,2.869844436645508
1747273967.4994783,0.1827869679351652,-1.2710972390029867,2.3839473724365234
1747273967.5204074,0.18116117437654103,-1.2707720853787545,2.6092529296875
1747273967.541086,0.15353396266203492,-1.2746593271583542,3.2570362091064453
1747273967.5596728,0.15185442311114142,-1.2762682654249424,2.401590347290039
1747273967.5794876,0.15802640883728872,-1.2752825842310724,2.348184585571289
1747273967.6004982,0.1514447085812619,-1.2743932524177433,2.7086734771728516
1747273967.619402,0.14721078380570685,-1.268233714791552,2.3255348205566406
1747273967.6410117,0.15057051984992714,-1.2637210506227299,3.5829544067382812
1747273967.6641405,0.16535823315319675,-1.262416126691671,6.557464599609375
1747273967.6812308,0.14135236745883675,-1.2623566313809016,3.530263900756836
1747273967.7013962,0.12242836854772217,-1.2631094130454203,3.8437843322753906
1747273967.721025,0.11892532821579364,-1.2670443334457533,3.5486221313476562
1747273967.7443054,0.11676318324724175,-1.2700456138792586,4.870414733886719
1747273967.7617981,0.13515312990254694,-1.2645927684766107,2.9296875
1747273967.780081,0.12702392017335806,-1.2654555846635027,2.5835037231445312
1747273967.8054419,0.13750854634617973,-1.2696675312428551,6.6776275634765625
1747273967.8217235,0.15342164738917702,-1.2680057709776968,3.846883773803711
1747273967.841475,0.15279419496375754,-1.2670954353788926,3.057718276977539
1747273967.8617249,0.16810142438375572,-1.2673325558043298,4.292011260986328
1747273967.883536,0.15180783807478607,-1.2682361257663917,5.304813385009766
1747273967.9009495,0.15687015730587034,-1.2676559679881472,3.0982494354248047
1747273967.9157665,0.1399019254499306,-1.2675910125420422,2.809762954711914
1747273967.9412847,0.1487033466185703,-1.2682708632277084,3.490924835205078
1747273967.9597082,0.14513376564012231,-1.2656090399272637,2.4247169494628906
1747273967.979454,0.12348128134056463,-1.2665271859818672,2.485990524291992
1747273968.0046787,0.121805718098202,-1.2655075514660497,2.563953399658203
1747273968.0204995,0.14137619039225624,-1.2666553547750534,2.5627613067626953
1747273968.0396588,0.17242461832611053,-1.2668951271083635,2.4640560150146484
1747273968.0597215,0.17325708589194022,-1.2646994038661044,2.5658607482910156
1747273968.079695,0.18463557237659067,-1.2659313505970586,2.4857521057128906
1747273968.0994666,0.1866483123358705,-1.270309504296888,2.387523651123047
1747273968.119397,0.18744865688529555,-1.2742520089551634,2.4156570434570312
1747273968.1414487,0.19031981337162515,-1.274541379408972,4.169464111328125
1747273968.1584585,0.17141933453898833,-1.2731839982720259,2.512216567993164
1747273968.174691,0.1519479474081617,-1.2753045092447466,2.483844757080078
1747273968.1999028,0.12265639135850966,-1.2731482379413677,2.424001693725586
1747273968.2228334,0.11319062266256909,-1.275363091740672,3.1969547271728516
1747273968.2405398,0.11073589348753006,-1.2687861731769758,2.8753280639648438
1747273968.2609444,0.10471717729577551,-1.2657238878603376,3.461122512817383
1747273968.2820723,0.09638833876314722,-1.2657459242834204,5.916595458984375
1747273968.3009307,0.11167048629098072,-1.2708187660151273,2.627849578857422
1747273968.3243232,0.12361215500429196,-1.2686860539431204,3.332376480102539
1747273968.3404386,0.120631120627916,-1.2732461755916926,2.530813217163086
1747273968.3603077,0.1266803106499725,-1.273953955865387,2.535104751586914
1747273968.380272,0.11501762897443876,-1.2698713838781566,2.521991729736328
1747273968.4000793,0.12354761631947184,-1.2720980999683233,2.440929412841797
1747273968.426084,0.11279217420241075,-1.2789289402662227,8.102893829345703
1747273968.4441829,0.1074608386232885,-1.279294605673638,3.0498504638671875
1747273968.4620905,0.12279971522570607,-1.2788376493571219,3.3020973205566406
1747273968.4761863,0.12098637416959489,-1.2825971968479732,2.439260482788086
1747273968.5002248,0.1283823276535744,-1.277009148045796,2.7036666870117188
1747273968.5198514,0.1512377596223824,-1.2752775240245422,2.3419857025146484
1747273968.5397856,0.12825222564622651,-1.273864246369983,2.5637149810791016
1747273968.5599518,0.12982014253377888,-1.2709112878885607,2.5005340576171875
1747273968.5798593,0.15184160449553702,-1.272684714618126,2.4869441986083984
1747273968.5998497,0.17026753947896878,-1.2734473959767065,2.538919448852539
1747273968.619938,0.17288508726611926,-1.2669223829900897,2.454519271850586
1747273968.6397667,0.1727844067359025,-1.25964220689534,2.436399459838867
1747273968.6597457,0.15204107106553605,-1.2605360473970895,2.4590492248535156
1747273968.6800082,0.1587262496834376,-1.2603819236329556,2.6094913482666016
1747273968.699814,0.16475015599461645,-1.2647062849431434,2.378225326538086
1747273968.7198553,0.18043660793375144,-1.2637264904608483,2.64739990234375
1747273968.7410955,0.18683982913137026,-1.2660218424024896,3.73077392578125
1747273968.7598796,0.15951419329690136,-1.2703439630499094,2.574920654296875
1747273968.7812834,0.13840607242864655,-1.2707918296823908,3.6361217498779297
1747273968.7997236,0.15931968019623893,-1.2719321683804974,2.4099349975585938
1747273968.8195882,0.12065361612377674,-1.27264543069148,2.395153045654297
1747273968.8359568,0.10770122874270545,-1.272045443440908,2.4673938751220703
1747273968.8610198,0.09530707739868921,-1.2711025333451853,3.0486583709716797
1747273968.8859506,0.08892727836704098,-1.266850646101835,5.008935928344727
1747273968.9012403,0.066536980692221,-1.2648547595662478,2.731800079345703
1747273968.9198658,0.06890413857350519,-1.2625098758834208,2.520322799682617
1747273968.9410014,0.06813226445141181,-1.2658013923243103,3.2434463500976562
1747273968.9595363,0.09647784734791347,-1.2692692255410425,2.43377685546875
1747273968.979822,0.10087767874703452,-1.2709641392493412,2.4046897888183594
1747273969.0032651,0.1029697541244491,-1.2736444407348892,4.982471466064453
1747273969.0200877,0.10844968802917317,-1.275387429311325,2.513885498046875
1747273969.0408967,0.1324333546475826,-1.2784968427213508,2.8946399688720703
1747273969.059888,0.15756637647629365,-1.2837881149144834,2.6292800903320312
1747273969.0812216,0.17121698268539634,-1.2856400755953479,3.909587860107422
1747273969.1001263,0.20690377933349904,-1.2832826341390073,2.4871826171875
1747273969.1223407,0.20943414771373203,-1.2781642000416131,4.439115524291992
1747273969.1440609,0.20577412399304354,-1.273816863899369,4.42194938659668
1747273969.1640546,0.18366192255787397,-1.2712770641002702,4.253149032592773
1747273969.185241,0.1890373267476939,-1.2672736955184758,2.6254653930664062
1747273969.2022467,0.17451588272960428,-1.26858039245557,4.51350212097168
1747273969.2224023,0.17783412069631427,-1.2655688328846584,4.2247772216796875
1747273969.2420702,0.18330992463488474,-1.266126481286264,3.008604049682617
1747273969.2611237,0.15866549745373076,-1.2667341299341068,2.683401107788086
1747273969.2853992,0.150370882775935,-1.2694852509500054,7.04503059387207
1747273969.301967,0.14215791096903962,-1.271263731936139,2.7115345001220703
1747273969.322241,0.12190610939446353,-1.2714536399054337,4.634857177734375
1747273969.3416502,0.1182272084898777,-1.271830562923358,2.9153823852539062
1747273969.3601716,0.11934425656181145,-1.2695389051760364,2.5229454040527344
1747273969.3804736,0.11307358864997061,-1.2701022989829927,2.7306079864501953
1747273969.4027774,0.11347893453127889,-1.2669222822216117,4.364967346191406
1747273969.4197872,0.11363523648875944,-1.2697031806943124,2.4340152740478516
1747273969.4398801,0.12767786691681912,-1.268279845548555,2.462148666381836
1747273969.4599047,0.1443612513033097,-1.2755681386614057,2.4843215942382812
1747273969.4806807,0.17262675868876917,-1.2770662649142006,3.15093994140625
1747273969.4976146,0.1885295808717496,-1.2760642879836874,3.289461135864258
1747273969.5227654,0.19073705184168016,-1.274085922942519,4.367351531982422
1747273969.5416784,0.17907189511899033,-1.2741539836767093,5.025148391723633
1747273969.5625675,0.15352393911479342,-1.2730753858098642,2.6133060455322266
1747273969.5798242,0.1365769240691054,-1.2742605686479875,2.450704574584961
1747273969.6002514,0.13849328990414342,-1.2797570379927308,2.407550811767578
1747273969.6201081,0.14151324156108402,-1.2855742633835308,2.4881362915039062
1747273969.6403446,0.1388018266080712,-1.284344813597709,2.493143081665039
1747273969.662834,0.15358073493464475,-1.2869253731781456,4.970788955688477
1747273969.6809554,0.1592321005112219,-1.280101727559729,2.7997493743896484
1747273969.7032487,0.17209134768533335,-1.272748443442899,4.523515701293945
1747273969.722173,0.17117469106020372,-1.2708600358984712,4.281759262084961
1747273969.7432988,0.15820235032113142,-1.2680108105008074,4.7969818115234375
1747273969.7613463,0.14294493458078952,-1.262123124070527,3.575563430786133
1747273969.77619,0.15865081261884623,-1.2649244205401649,3.0863285064697266
1747273969.8056657,0.151393651159117,-1.2691137023161774,4.540681838989258
1747273969.8199074,0.13994813577948145,-1.268251520251265,2.4890899658203125
1747273969.8411207,0.12735234668087672,-1.2640408159252083,3.088235855102539
1747273969.8575952,0.12871542133585206,-1.2704103968831193,4.108667373657227
1747273969.8843782,0.12342184419733937,-1.274069083623957,2.5787353515625
1747273969.8978345,0.11397627372929472,-1.2745495680206858,4.417896270751953
1747273969.920228,0.12382288102619517,-1.2748329502677846,2.4166107177734375
1747273969.940022,0.11507574625443254,-1.2683989625661471,2.4046897888183594
1747273969.9602587,0.11212512255040215,-1.2671647246868027,2.4552345275878906
1747273969.980054,0.12035815959076807,-1.2604939730204396,2.4132728576660156
1747273970.0009084,0.09160858678071856,-1.2610021968455034,2.9380321502685547
1747273970.023136,0.09185343507724142,-1.261015671671686,5.091428756713867
1747273970.0429752,0.09224325755101469,-1.259844896426171,4.711151123046875
1747273970.0608716,0.08906594434757717,-1.260062945835392,3.011465072631836
1747273970.0810547,0.08512215837642977,-1.2670953278263999,2.9821395874023438
1747273970.1027555,0.09843028194763408,-1.275029003815735,5.245447158813477
1747273970.1171243,0.10820453017701734,-1.2762794379532676,2.6268959045410156
1747273970.143561,0.12311148016620282,-1.2748942889929447,5.286693572998047
1747273970.162042,0.12198261142355742,-1.2756627463939516,3.27301025390625
1747273970.181229,0.11022686428587321,-1.277917814351939,3.225564956665039
1747273970.2036006,0.10718714312033291,-1.274404787943109,5.433082580566406
1747273970.220969,0.09473176158474522,-1.2725165072364037,3.266572952270508
1747273970.2453136,0.08815735372177362,-1.273743146020745,6.6776275634765625
1747273970.264587,0.08503081831000621,-1.2664807244402816,2.6731491088867188
1747273970.2814221,0.08470182630074202,-1.2663213904435033,3.3071041107177734
1747273970.3031967,0.0726739184947496,-1.2655532512437944,4.474401473999023
1747273970.3186455,0.07097675253904354,-1.2630753487916426,2.6772022247314453
1747273970.3408985,0.0809351479471762,-1.2643164947292298,2.948284149169922
1747273970.3563304,0.08599336823475937,-1.269070092329243,2.767324447631836
1747273970.380858,0.09341879741838312,-1.2708365791052434,3.168821334838867
1747273970.4001858,0.09495714833726383,-1.270580101141431,2.4101734161376953
1747273970.4224129,0.08804232068788498,-1.2724108776564849,4.700899124145508
1747273970.4409103,0.09238407146925194,-1.2685134036126888,2.8002262115478516
1747273970.464744,0.0870440047699031,-1.2690388874152705,6.112337112426758
1747273970.4821632,0.10550184088948762,-1.2671509630528832,4.378795623779297
1747273970.5021596,0.11085302082711007,-1.2656298662966283,4.311323165893555
1747273970.521096,0.11539236634862961,-1.2676974618562589,3.756999969482422
1747273970.5410032,0.12462856530335517,-1.2659325038318219,2.9573440551757812
1747273970.562177,0.12333046566533745,-1.265131883913058,2.8438568115234375
1747273970.5828311,0.1428101282331169,-1.2671149018317123,3.437042236328125
1747273970.602829,0.14250181383387509,-1.2675426381620254,4.629611968994141
1747273970.6225984,0.14985329609536358,-1.2676860107482855,4.503011703491211
1747273970.64282,0.14716733799540063,-1.2658067232258854,4.471540451049805
1747273970.6659973,0.1482536877105792,-1.266515843192722,3.095388412475586
1747273970.6828406,0.12870248750994015,-1.2613738850977987,4.35185432434082
1747273970.7029555,0.12065883481810093,-1.262243334042766,4.349470138549805
1747273970.7177272,0.1526458749380376,-1.2677254842871681,2.4449825286865234
1747273970.7399414,0.1587305737517883,-1.2710585037886633,2.44140625
1747273970.7604864,0.16817881588910408,-1.274709712609803,2.778768539428711
1747273970.7802732,0.18269062036348485,-1.2754039817410037,2.4340152740478516
1747273970.8017006,0.1985113438250446,-1.281968888910077,2.834320068359375
1747273970.818279,0.21852229072549212,-1.2803817203065264,2.4280548095703125
1747273970.840736,0.21820181130983873,-1.285613122920505,2.9134750366210938
1747273970.863864,0.20789719493129954,-1.280054686514378,5.89299201965332
1747273970.8800197,0.20432035245123067,-1.2756212735649752,2.5272369384765625
1747273970.8999674,0.18324079594926293,-1.27635196666295,2.357006072998047
1747273970.9269505,0.1784511737839332,-1.2751826505197832,3.648042678833008
1747273970.9437408,0.1636189761250936,-1.2700349789213428,5.243778228759766
1747273970.9644637,0.1724031336795304,-1.2687730930471846,6.481647491455078
1747273970.9836571,0.1552131063570527,-1.2658518955043558,4.494190216064453
1747273971.0002298,0.14754365977197012,-1.2674246841432426,2.412080764770508
1747273971.0200884,0.14173551932106326,-1.2614699687994668,2.4929046630859375
1747273971.0407388,0.13439837970845614,-1.2613032271000164,2.8319358825683594
1747273971.0650918,0.14797613510426025,-1.2656955717314096,6.620168685913086
1747273971.0803945,0.16775571998706174,-1.265814449716118,2.620220184326172
1747273971.0959466,0.17147598481583293,-1.2680590382763441,2.6378631591796875
1747273971.1210048,0.16178473363644358,-1.2702265778894275,2.7441978454589844
1747273971.135788,0.166260090013622,-1.2724457364934976,2.4566650390625
1747273971.1615944,0.15639000310077,-1.272625253220676,3.075122833251953
1747273971.180389,0.16670632723041978,-1.2720727668200906,2.513885498046875
1747273971.2004766,0.17697683840483633,-1.271312128141898,2.502918243408203
1747273971.2204716,0.17721991310586033,-1.2717407824370246,2.6280879974365234
1747273971.241758,0.1576899050439535,-1.2721437494763448,3.529071807861328
1747273971.2629273,0.1358830413184714,-1.2722980684379042,4.851818084716797
1747273971.2822597,0.12099555222179144,-1.2706232465250045,3.9081573486328125
1747273971.3032131,0.12035988173507262,-1.2780083909162907,4.532098770141602
1747273971.3253207,0.1240259228201478,-1.2769184904604987,2.8710365295410156
1747273971.340393,0.126087628815894,-1.2747635814054676,2.437114715576172
1747273971.3600671,0.12007228867265696,-1.2725489692522154,2.4094581604003906
1747273971.3854735,0.11986936906104033,-1.2744844441540069,2.656221389770508
1747273971.4011898,0.13480151635949297,-1.276878065821397,3.312349319458008
1747273971.424329,0.12404504169719066,-1.2773161310347327,2.8188228607177734
1747273971.4411283,0.12311418559659244,-1.2764156485742457,3.240823745727539
1747273971.4607306,0.11710503022161992,-1.2705570069886096,2.943277359008789
1747273971.4801877,0.13299884216359112,-1.2661334486242073,2.4657249450683594
1747273971.4999123,0.14203657998725994,-1.2694008080926453,2.4306774139404297
1747273971.5221715,0.1522343104904889,-1.2680982887713956,3.8404464721679688
1747273971.5444024,0.1433033083118365,-1.2648430929186218,6.350278854370117
1747273971.562005,0.14215091967874666,-1.2664609458343883,3.2634735107421875
1747273971.5785296,0.16146781390062026,-1.271473171778516,2.521038055419922
1747273971.6011589,0.18026358377778587,-1.2647275871612595,3.0379295349121094
1747273971.624342,0.19141453226114952,-1.2610432886698968,5.987882614135742
1747273971.7557678,0.15064231939090042,-1.2661852847444275,3.0193328857421875
1747273971.7926755,0.12045530191141841,-1.2659318440659855,4.788637161254883
1747273971.8097084,0.11350618888585332,-1.2655395891338528,2.7947425842285156
1747273971.838233,0.11274728600778217,-1.2647151171595512,3.4322738647460938
1747273971.8558989,0.12057481024166354,-1.2658814198593955,3.172159194946289
1747273971.8741522,0.11426952659150451,-1.2662633597719604,3.7081241607666016
1747273971.8966067,0.11084833571396702,-1.2676086955040813,3.270864486694336
1747273971.9118228,0.09305465870604186,-1.2690586967916762,3.4852027893066406
1747273971.9246438,0.10204765347427716,-1.2740463664746537,4.787206649780273
1747273971.9412231,0.10044914051924214,-1.275439344572021,3.0612945556640625
1747273971.9619286,0.11149592191318515,-1.2801850371989112,3.926515579223633
1747273971.9811604,0.11574138060896767,-1.2818845461816144,3.2608509063720703
1747273972.0061445,0.11042923471808264,-1.2831210468107126,4.959344863891602
1747273972.0228255,0.11554957605262718,-1.2786139324833772,4.265069961547852
1747273972.0401094,0.12084257057890492,-1.2771294446335875,2.6247501373291016
1747273972.0623736,0.12852029057982053,-1.2747379413656346,4.203319549560547
1747273972.0837517,0.12958077200114482,-1.2783595440701567,4.27556037902832
1747273972.1014287,0.128561925748232,-1.2812726686811915,3.420114517211914
1747273972.1204607,0.12761664188787258,-1.2806418759114118,2.454996109008789
1747273972.1363614,0.14516098592567403,-1.2826193038327123,2.4025440216064453
1747273972.160429,0.133886432246027,-1.277363178892227,2.471446990966797
1747273972.182115,0.13522196296698188,-1.2755193724802463,2.5787353515625
1747273972.2000415,0.11978331175238807,-1.27502608004102,2.386331558227539
1747273972.2200522,0.10316411595616888,-1.2694198542571808,2.4242401123046875
1747273972.2413843,0.10738215985159812,-1.2709256447321973,3.6079883575439453
1747273972.2606194,0.10783890089063494,-1.2689902460359275,2.5763511657714844
1747273972.2823422,0.10327808930624363,-1.2702785723897718,3.2892227172851562
1747273972.3047628,0.10013500005560455,-1.2702037733437206,4.792451858520508
1747273972.3257618,0.11433528173329012,-1.2697484394105831,4.408836364746094
1747273972.3477685,0.13092109897875573,-1.2764984171929592,3.4019947052001953
1747273972.3635714,0.11427515626193398,-1.269319599140285,4.2858123779296875
1747273972.3840873,0.10209147463176285,-1.267177730010871,5.768060684204102
1747273972.400418,0.1016240663076834,-1.2682606212132168,2.455472946166992
1747273972.4203172,0.10210879343119211,-1.2710917568478948,2.478361129760742
1747273972.4356,0.10723275504436493,-1.2678015949824377,2.5322437286376953
1747273972.4623675,0.12868343373000854,-1.268752635997343,4.099130630493164
1747273972.484318,0.14294887381768823,-1.2730492732241534,7.179737091064453
1747273972.5056515,0.14905072352864254,-1.2762943619971996,7.12275505065918
1747273972.5235186,0.15131539599810764,-1.281384206604594,5.291938781738281
1747273972.5438812,0.17252962575119293,-1.2889402169841402,4.205465316772461
1747273972.5618308,0.16148669963497622,-1.2769898906635853,3.712177276611328
1747273972.5849547,0.15708935904083082,-1.272919301198514,6.834983825683594
1747273972.6006804,0.15340331571399066,-1.269111769159243,2.727508544921875
1747273972.6201603,0.15835498404460627,-1.2692839647271268,2.4461746215820312
1747273972.6424775,0.16780307121958696,-1.2691944722851685,3.183603286743164
1747273972.6621332,0.16319643756140462,-1.270952604987326,3.0117034912109375
1747273972.6803608,0.16954539462194362,-1.2754925678874849,2.488374710083008
1747273972.7023482,0.17604136918935614,-1.2776290710073677,4.4155120849609375
1747273972.7206497,0.18570444513851495,-1.2812732756789673,2.4297237396240234
1747273972.741907,0.18235703624983088,-1.2790563981089473,2.568960189819336
1747273972.7631154,0.16177265399725124,-1.2731011035885313,3.0536651611328125
1747273972.7836428,0.14612590149669788,-1.2686076330724483,3.482341766357422
1747273972.801328,0.1443155442466531,-1.2678965670754136,4.279375076293945
1747273972.8228548,0.14378833245783693,-1.2657933255146099,3.2694339752197266
1747273972.844687,0.1391840658035867,-1.2659011385451489,3.8564205169677734
1747273972.8636484,0.1422047377790579,-1.2674146495994418,4.6863555908203125
1747273972.8815627,0.14580915288753815,-1.2660362463882073,3.152132034301758
1747273972.9006703,0.13816808503412742,-1.2703302629116928,2.6378631591796875
1747273972.9209774,0.12630735806496496,-1.2693365618599537,2.9020309448242188
1747273972.9435618,0.12074167834120274,-1.2683629111781842,3.628253936767578
1747273972.9612541,0.12777087857345779,-1.2668740210191012,2.8841495513916016
1747273972.9807024,0.1163685253237311,-1.2700482203728591,2.4766921997070312
1747273973.0029566,0.12434532893070108,-1.2701235857459605,3.1936168670654297
1747273973.0229828,0.14205365624292712,-1.2714179806462418,4.596233367919922
1747273973.044753,0.15904558505457908,-1.2727676826695753,2.5627613067626953
1747273973.0613315,0.15653867356227993,-1.271302223953654,3.283262252807617
1747273973.0805037,0.1656250011190055,-1.2684581996288595,2.464771270751953
1747273973.1014397,0.171369008182655,-1.2684118496910937,3.1583309173583984
1747273973.120603,0.15087884970003324,-1.262738418104073,2.4068355560302734
1747273973.1412802,0.1442249932178609,-1.2661495586323586,2.9816627502441406
1747273973.1602826,0.15150063490795557,-1.265381065374746,2.4309158325195312
1747273973.1801536,0.1524578849584994,-1.2657068305743275,2.3539066314697266
1747273973.2004135,0.1631459421152875,-1.2659930818856222,2.548694610595703
1747273973.220665,0.17258149360107486,-1.2680588611895844,2.9287338256835938
1747273973.2407496,0.1846599798230543,-1.2689297461253046,2.634286880493164
1747273973.2644188,0.18456013160820275,-1.2686391635686658,5.485057830810547
1747273973.2904325,0.18193000284901475,-1.272048756396242,3.7250518798828125
1747273973.3186169,0.18490581975907602,-1.2706746894955352,7.160186767578125
1747273973.3376474,0.18878824785192738,-1.2695063675181548,2.6671886444091797
1747273973.3534942,0.19788530714796773,-1.272851176458854,4.184961318969727
1747273973.3642926,0.214057372925171,-1.2689728836164917,2.307891845703125
1747273973.381886,0.2025298615034815,-1.2676079543857164,2.9828548431396484
1747273973.403982,0.20140905369020173,-1.2744164548126407,5.050420761108398
1747273973.4259562,0.19376143652695255,-1.2802642765994976,7.025241851806641
1747273973.4432588,0.18670465370955575,-1.2822373718921574,4.37164306640625
1747273973.4641495,0.19565630138246062,-1.2810618640798555,3.995180130004883
1747273973.4855921,0.18264381694242512,-1.2744904656540892,2.6121139526367188
1747273973.502039,0.1757461246133967,-1.2699282285327345,3.746509552001953
1747273973.523202,0.1886991710689733,-1.2745712722251983,4.432201385498047
1747273973.5415604,0.20768854972946657,-1.2785834221911387,2.921581268310547
1747273973.5604992,0.21417492116327672,-1.2795322974068801,2.4557113647460938
1747273973.5803778,0.21489134371727284,-1.2779126638157543,2.458810806274414
1747273973.6005542,0.19219482295553603,-1.274922642915005,2.3567676544189453
1747273973.6154153,0.18407546151874696,-1.275094343790412,2.595663070678711
1747273973.641388,0.1695214139302907,-1.2732671692310578,3.134489059448242
1747273973.663727,0.17406939150000517,-1.2680561693454748,5.089998245239258
1747273973.6804512,0.1752142492518534,-1.2697403573538426,2.3746490478515625
1747273973.703704,0.18112475139264445,-1.2723651133264633,4.790782928466797
1747273973.723336,0.18174833299535176,-1.2705408886157723,3.4699440002441406
1747273973.7427366,0.17948714162533883,-1.2719503757624075,3.339529037475586
1747273973.7570999,0.18197287136629348,-1.2748802197615514,2.7475357055664062
1747273973.7823088,0.18765998365226416,-1.282107454942217,2.7239322662353516
1747273973.8055253,0.1575997241512215,-1.2724224858573305,3.560781478881836
1747273973.8299341,0.15816306376519984,-1.2760447340738763,7.184267044067383
1747273973.853651,0.14185997480667847,-1.2770060368813503,4.10914421081543
1747273973.8764112,0.1361019666578252,-1.2724994486050918,3.549337387084961
1747273973.9036336,0.13311427932446357,-1.2716675188459488,3.717660903930664
1747273973.9222145,0.1525563270529828,-1.2779622675594162,3.038167953491211
1747273973.9466023,0.1661973200329022,-1.2812254942454906,6.743192672729492
1747273973.9681833,0.1808680556084817,-1.281780518603353,3.4859180450439453
1747273973.9802508,0.19034949517995375,-1.2814774267095683,2.481222152709961
1747273974.0021956,0.15986145178052047,-1.2763755849191978,4.297971725463867
1747273974.0178468,0.1431823869835864,-1.2735770139710676,3.071308135986328
1747273974.0413408,0.12073973976175009,-1.2718042634117934,2.959012985229492
1747273974.0567818,0.11741908681130808,-1.2772232749007062,2.582073211669922
1747273974.0806153,0.11874606007294032,-1.2784580190258266,2.3949146270751953
1747273974.101062,0.10656810382002352,-1.2772255066510616,2.6137828826904297
1747273974.1158917,0.12426645474718459,-1.280719167958172,2.5441646575927734
1747273974.140484,0.11327175480885947,-1.272609859530928,2.468109130859375
1747273974.1654062,0.10928557911664544,-1.2662127233197158,4.357337951660156
1747273974.1807659,0.11066819725604823,-1.263528044181856,2.5599002838134766
1747273974.2024753,0.117254349516307,-1.267986210520623,3.931283950805664
1747273974.2239232,0.10377888137815576,-1.2719364321133444,5.311250686645508
1747273974.2430494,0.10169319422329673,-1.2721375934142811,3.7512779235839844
1747273974.2618315,0.10458998650577521,-1.268940462877378,3.7899017333984375
1747273974.2814202,0.10265525901394393,-1.2709367766600421,3.1731128692626953
1747273974.315261,0.11553122114566658,-1.2665398121148346,10.109186172485352
1747273974.3444874,0.13743929284802958,-1.2687853817204926,2.597332000732422
1747273974.3571115,0.15915952307921044,-1.2728950016179608,2.6416778564453125
1747273974.3795292,0.1659683118444931,-1.2772527415900745,2.913951873779297
1747273974.398369,0.15866669504876568,-1.2780130357707555,3.2656192779541016
1747273974.4218924,0.1389022514900107,-1.2762190544457417,2.6397705078125
1747273974.4418118,0.1287240898359645,-1.2754640002241697,3.3779144287109375
1747273974.46152,0.13125298668842705,-1.2719210018225342,2.8870105743408203
1747273974.4809241,0.13425454822471627,-1.2693545640049655,2.512693405151367
1747273974.5006664,0.13959562246291687,-1.2703040405609038,2.4716854095458984
1747273974.52378,0.1403013020608541,-1.2748138083382903,4.825592041015625
1747273974.5357938,0.14465058749057538,-1.2766722388281297,2.4771690368652344
1747273974.560822,0.1273898993597128,-1.2799670025447474,2.4824142456054688
1747273974.580544,0.14962126721008218,-1.2788550830801935,2.4099349975585938
1747273974.6019695,0.14041629010284817,-1.2860954795686477,3.6649703979492188
1747273974.6234782,0.14504992076182424,-1.284736526549916,5.076885223388672
1747273974.6378317,0.1292665897845646,-1.2903139238704928,3.114938735961914
1747273974.6665092,0.14828712822755122,-1.282006969735302,7.761478424072266
1747273974.688233,0.16334817630498513,-1.276848132507101,5.348920822143555
1747273974.7044938,0.1790698718936361,-1.2780529769307403,4.369020462036133
1747273974.7227068,0.17464747927958593,-1.2758706151032755,2.646207809448242
1747273974.7415419,0.16990944720708384,-1.2691273843385744,3.0105113983154297
1747273974.7619586,0.16379265169877943,-1.2697263227434867,3.5507678985595703
1747273974.7832282,0.1652216732885206,-1.2698098343337219,4.642724990844727
1747273974.8056247,0.16368940800625062,-1.2659488023418537,6.781578063964844
1747273974.8243632,0.18549122353163294,-1.2655658599886501,4.9152374267578125
1747273974.8517883,0.20042655807215312,-1.269361805463146,3.0298233032226562
1747273974.8726661,0.19685578427647976,-1.273558228391627,6.209850311279297
1747273974.890198,0.21288854913609248,-1.2779520915692724,2.666950225830078
1747273974.9072647,0.18241779888316895,-1.263572296229605,2.4907588958740234
1747273974.9226782,0.1680669471700225,-1.2652690964431845,2.680540084838867
1747273974.9413674,0.16416441948556343,-1.2661253187474975,3.0035972595214844
1747273974.960862,0.16672192093235924,-1.2668677826808024,2.5634765625
1747273974.98094,0.1645315802860292,-1.261981188286287,2.6323795318603516
1747273975.0060484,0.15549079939973862,-1.2677147495132486,2.741098403930664
1747273975.0236106,0.15789855543046047,-1.2727802319313946,3.172159194946289
1747273975.0453012,0.15958739863524882,-1.2703601841619276,6.863832473754883
1747273975.0620081,0.1565393322899118,-1.2676148608358047,3.2689571380615234
1747273975.085216,0.14990181015358464,-1.268420189690949,3.207683563232422
1747273975.1057096,0.15872873698826262,-1.2676297909588186,5.285501480102539
1747273975.1348705,0.15043485750460714,-1.267545859226537,2.9592514038085938
1747273975.1641695,0.16270756252744167,-1.2660701600557798,8.855104446411133
1747273975.1827004,0.1555710631368348,-1.2659671718168302,3.093719482421875
1747273975.2007024,0.15398742953944417,-1.265554973400172,2.4633407592773438
1747273975.220729,0.15533378119360378,-1.263956998855117,2.5031566619873047
1747273975.2417223,0.16583313748331827,-1.2674559136346233,3.1347274780273438
1747273975.265776,0.14673711808881856,-1.2617843825784756,2.5501251220703125
1747273975.2942188,0.13547759310159826,-1.2635977989437133,6.260156631469727
1747273975.3420744,0.12198359215227209,-1.2658987059606635,8.32223892211914
1747273975.378498,0.12531034889132853,-1.2619732982212142,3.762483596801758
1747273975.3995934,0.13570182375116693,-1.2603102713767735,2.9244422912597656
1747273975.412633,0.14127222088051686,-1.26762729422963,2.7968883514404297
1747273975.426727,0.13936941271305364,-1.2642391137865663,4.97889518737793
1747273975.4424953,0.14468583654517456,-1.2702379560175034,2.6841163635253906
1747273975.4631865,0.13042596684307997,-1.2724240592804317,2.973318099975586
1747273975.482322,0.10739068309301802,-1.2685369205533568,2.592325210571289
1747273975.496645,0.13746773634611828,-1.2711886137177235,2.4471282958984375
1747273975.5209184,0.13899083529201245,-1.273403684701997,2.4900436401367188
1747273975.5412552,0.15694829890283432,-1.2785028794680726,2.5904178619384766
1747273975.5617082,0.16026713571013576,-1.2752594402476165,2.471923828125
1747273975.5844877,0.17015104030412972,-1.2681474495288545,4.597902297973633
1747273975.5982826,0.17849558560474296,-1.2729475641876369,2.918243408203125
1747273975.6311147,0.18790151609750153,-1.2771828826655063,5.876779556274414
1747273975.6685066,0.18543368476284705,-1.2784300655695675,2.493619918823242
1747273975.6898296,0.18302114521626353,-1.2727068250906644,2.4805068969726562
1747273975.7032194,0.18595782412948894,-1.271962154869112,2.5293827056884766
1747273975.7241116,0.19338069857947685,-1.2684021716654421,5.339860916137695
1747273975.7609618,0.18589671654127615,-1.2697041859450793,3.8194656372070312
1747273975.7768798,0.16746100839245492,-1.267959900624125,3.3202171325683594
1747273975.7955718,0.14341397306968962,-1.2690566648760429,2.4383068084716797
1747273975.8149722,0.142767256893,-1.262514142787472,2.4271011352539062
1747273975.8358529,0.12697125813125404,-1.2555601803121996,6.727457046508789
1747273975.8535023,0.12953215406798962,-1.2547251042235523,4.7397613525390625
1747273975.869096,0.13885408853893016,-1.2610665272817503,2.4919509887695312
1747273975.8868206,0.13689662682776874,-1.2655345872107906,2.765655517578125
1747273975.9028454,0.15513042557698842,-1.2738110880027724,4.039525985717773
1747273975.92273,0.17593785771381887,-1.2751805959963576,2.8133392333984375
1747273975.9463658,0.18085491909160836,-1.2749198135779136,4.944324493408203
1747273975.9633036,0.19464084487267047,-1.28098897584557,2.771615982055664
1747273975.9765003,0.19902930135489463,-1.281241123898563,2.398252487182617
1747273976.000864,0.20242902521306547,-1.2770870878534992,2.548694610595703
1747273976.0208995,0.2017601927991459,-1.2726025060199468,2.4900436401367188
1747273976.0536735,0.18566069169401062,-1.2715313905814005,4.832744598388672
1747273976.0722778,0.1870450613480723,-1.2718855615256588,7.37452507019043
1747273976.0859346,0.1971281726950669,-1.2705844873323693,4.805088043212891
1747273976.1129582,0.19469470954858276,-1.2666347558022464,9.287834167480469
1747273976.1269338,0.20268899458800743,-1.2711112968463236,2.6650428771972656
1747273976.139632,0.2024188193784075,-1.2728819101841953,3.4258365631103516
1747273976.1639345,0.19239125827006898,-1.277404112598946,3.770589828491211
1747273976.1850073,0.2277986926649678,-1.2795374112927416,2.704620361328125
1747273976.2027822,0.16697246018632825,-1.277748331085427,2.4814605712890625
1747273976.2234983,0.12173416440150002,-1.2726730473522576,4.370450973510742
1747273976.241751,0.12210978352391437,-1.2679866915014384,2.969503402709961
1747273976.2570853,0.13335790664219827,-1.2724665820612238,2.8717517852783203
1747273976.2833703,0.1290298214092125,-1.27923844677178,4.486322402954102
1747273976.2961204,0.13956175796498568,-1.2810340570094545,2.4399757385253906
1747273976.3254986,0.13624090970197034,-1.2731092982814076,4.927158355712891
1747273976.3415053,0.16842957090747573,-1.2706963812558532,2.76947021484375
1747273976.3564055,0.18131295489671626,-1.266113092716384,2.3987293243408203
1747273976.3785179,0.1979776804889371,-1.2654746552634106,4.767656326293945
1747273976.4100537,0.21505855483962427,-1.2702682807006704,5.378246307373047
1747273976.430165,0.22906626479516062,-1.2708569283431521,3.7250518798828125
1747273976.4459686,0.22406657538443994,-1.2678780399378138,2.803325653076172
1747273976.462315,0.21092895730627784,-1.2656527106337407,3.143310546875
1747273976.4811642,0.20051069308653974,-1.26751025428826,2.4566650390625
1747273976.502877,0.20375979644146552,-1.2652971694387227,3.738880157470703
1747273976.5223742,0.2039536786115049,-1.2708083342632492,2.7844905853271484
1747273976.5412526,0.18920485470872483,-1.2792869632639712,2.5424957275390625
1747273976.56566,0.20123219925663688,-1.2826488673484504,3.513813018798828
1747273976.5868645,0.1928052510127454,-1.27569997226805,3.1671524047851562
1747273976.608143,0.18928473649226168,-1.265990337030184,2.772092819213867
1747273976.6246812,0.19733013961153484,-1.262990952857466,4.178762435913086
1747273976.6441698,0.21828607911564993,-1.2656451240016442,4.6138763427734375
1747273976.6694944,0.22203021118413088,-1.263865155880682,8.619308471679688
1747273976.6825802,0.22035264239573796,-1.2610743991020095,3.4220218658447266
1747273976.7037203,0.23420907513389222,-1.2642874950811438,4.620075225830078
1747273976.719342,0.22854027295349594,-1.2647050394562365,3.057241439819336
1747273976.7372522,0.22772833556545716,-1.269649517955186,2.843618392944336
1747273976.7628338,0.21783707435600042,-1.2716864108132162,3.1900405883789062
1747273976.7831068,0.21182739089447483,-1.2708429846919103,3.4940242767333984
1747273976.8049955,0.2147624314920173,-1.2697402319390347,3.4017562866210938
1747273976.8222368,0.21112260614435394,-1.2701640423796823,2.548694610595703
1747273976.8415596,0.21632455880845422,-1.2735407100734104,2.610921859741211
1747273976.8626523,0.21160388529707924,-1.2775637889821776,2.845287322998047
1747273976.8857753,0.2206611797333791,-1.2737872361825275,2.820253372192383
1747273976.9011323,0.21635707242990102,-1.2703350978668893,2.4671554565429688
1747273976.9210708,0.21658191545036912,-1.27345185272003,2.640247344970703
1747273976.9412057,0.18956087469026103,-1.2765069040566908,2.513885498046875
1747273976.9647956,0.18678456690637024,-1.2696823007028424,4.369974136352539
1747273976.9813068,0.1969413573835137,-1.2716957229244963,2.576589584350586
1747273977.0024,0.1980624681667161,-1.2740341205247632,2.5403499603271484
1747273977.025606,0.20008927467967827,-1.2741770334628841,4.553079605102539
1747273977.041163,0.18267398233086846,-1.2676201932084379,2.603292465209961
1747273977.0631485,0.1560612358352725,-1.2631054039883403,7.759332656860352
1747273977.0789847,0.15966485752560458,-1.2622187588168905,4.486322402954102
1747273977.1015587,0.15991724063588328,-1.2597260283532863,2.640247344970703
1747273977.1228921,0.15733451274971572,-1.2629387927036575,3.0088424682617188
1747273977.147302,0.16558740690904925,-1.259120784234853,7.118701934814453
1747273977.16633,0.1526844349520575,-1.2604588698983328,3.3655166625976562
1747273977.1813464,0.14546345776852812,-1.2609904677527748,2.577543258666992
1747273977.2013278,0.14349372965613083,-1.2672943514568118,2.5894641876220703
1747273977.226441,0.13942298859491398,-1.2724041505265866,6.203889846801758
1747273977.2491608,0.13119618579962583,-1.2777212473904687,8.759021759033203
1747273977.274016,0.14187258384190318,-1.2804609650631593,2.618074417114258
1747273977.2894733,0.15097864854917825,-1.281678465336596,3.8089752197265625
1747273977.303197,0.1595334966250937,-1.284335040019606,2.7894973754882812
1747273977.3338754,0.14777119904046587,-1.2788331720329091,4.293918609619141
1747273977.3452559,0.1377798280093988,-1.2776884458710582,2.515077590942383
1747273977.3645751,0.14291629243675374,-1.2744197512537299,4.502773284912109
1747273977.3839521,0.13586348424414854,-1.2746908267240764,4.290580749511719
1747273977.4020855,0.13254474666672644,-1.2755729388910777,3.113269805908203
1747273977.4219527,0.12377062853037728,-1.2734302076809687,3.1576156616210938
1747273977.4424822,0.12473702179353348,-1.2684481541128967,3.56292724609375
1747273977.4653943,0.11550904977161881,-1.267172109064363,4.880189895629883
1747273977.4840653,0.10629446271051755,-1.2651850226567198,4.245519638061523
1747273977.5012305,0.10296975771991998,-1.269187215678976,2.552509307861328
1747273977.5243266,0.11001458233123021,-1.2744890724544258,3.715991973876953
1747273977.5450778,0.11790284554609001,-1.2732209222710096,4.888057708740234
1747273977.5691938,0.12837119191648683,-1.270292274020657,5.008935928344727
1747273977.5898209,0.12821468735846459,-1.266693013133168,3.1957626342773438
1747273977.6130989,0.12303042429223454,-1.2658183099066986,4.604816436767578
1747273977.6253166,0.13223097828148006,-1.2709772589561972,2.6602745056152344
1747273977.641903,0.12213541471667133,-1.271353858092376,2.857685089111328
1747273977.6616988,0.13728070806099496,-1.2736468841797393,2.640962600708008
1747273977.6961577,0.12603844209934376,-1.2738047019916963,11.001110076904297
1747273977.7200415,0.11873038478547238,-1.2731723245102708,3.809690475463867
1747273977.7321658,0.11070122255465151,-1.271506676760433,2.558469772338867
1747273977.74296,0.09998890334591755,-1.269206239211824,2.732992172241211
1747273977.7623644,0.09799792275253663,-1.2711198339831615,2.7923583984375
1747273977.781775,0.1059406662101204,-1.2729343396225425,2.5434494018554688
1747273977.802536,0.13470404536265018,-1.2705668153981848,2.7577877044677734
1747273977.8175852,0.14830403363176858,-1.2744798767471681,3.078937530517578
1747273977.841269,0.15147089433589875,-1.2732739267858857,2.506732940673828
1747273977.8628697,0.15196614044537649,-1.2740009973647715,3.194093704223633
1747273977.8815198,0.15708008091352382,-1.271249700739367,2.674102783203125
1747273977.9026577,0.16932237040807857,-1.2696000124098064,3.082275390625
1747273977.9287555,0.19154216406563998,-1.2737659518381603,4.955053329467773
1747273977.9419749,0.1954888601139576,-1.2828837389980086,2.5115013122558594
1747273977.9631472,0.17667624536285428,-1.2812759514008292,2.7801990509033203
1747273977.9838061,0.15468341676176695,-1.2751995151645916,5.820035934448242
1747273978.0040698,0.13127255560392917,-1.2680076138976182,4.388570785522461
1747273978.019425,0.11977147439365098,-1.2634232975140827,3.0333995819091797
1747273978.0418615,0.12991996291419125,-1.2777817436555827,3.025054931640625
1747273978.0650406,0.11849909215514069,-1.2734568063339546,4.378795623779297
1747273978.0868065,0.12625531503057424,-1.277663346042985,3.1256675720214844
1747273978.1027951,0.1316791313836427,-1.2790752378131351,3.2172203063964844
1747273978.1199346,0.13105757848983865,-1.2779968656620706,2.8612613677978516
1747273978.1426394,0.14263345143747683,-1.277526007404557,3.041505813598633
1747273978.1626,0.14128552465627528,-1.2747968789707658,3.303050994873047
1747273978.1827254,0.16162417760845302,-1.2745645901730231,2.6390552520751953
1747273978.1976063,0.17570292824839867,-1.2738844631560997,2.7413368225097656
1747273978.2177036,0.16562215885275103,-1.2712927403315666,2.7298927307128906
1747273978.241802,0.14525749563036794,-1.27232341358383,2.6912689208984375
1747273978.2620227,0.13903970149205716,-1.2757591960016543,2.886533737182617
1747273978.2905161,0.13129819811462928,-1.2757762214555883,4.887104034423828
1747273978.3086684,0.13626982621100145,-1.2700074979039255,2.6035308837890625
1747273978.3235373,0.15742423398820066,-1.2683713598054396,4.299640655517578
1747273978.3444016,0.14516869084533174,-1.2650347809208982,3.1490325927734375
1747273978.3636515,0.14460653730212816,-1.2691763058062093,4.208087921142578
1747273978.3851192,0.15342704977291663,-1.2734506277875826,4.286527633666992
1747273978.4016945,0.1487723350932858,-1.2759611980631516,2.4290084838867188
1747273978.4218552,0.15548463580604693,-1.2771050036845877,2.514362335205078
1747273978.4436812,0.1721373658815467,-1.2793134978549756,2.649068832397461
1747273978.4648263,0.17739319242637824,-1.2773595580581076,4.379510879516602
1747273978.4818752,0.17185709674639818,-1.272370673373348,3.177165985107422
1747273978.49683,0.17158189714317604,-1.271841769877364,2.554178237915039
1747273978.5240414,0.17082705393217348,-1.2703561666825463,6.048679351806641
1747273978.5445085,0.1805959967365007,-1.2669361683004452,4.314661026000977
1747273978.56756,0.18269846400372494,-1.2726929195621204,4.160881042480469
1747273978.5842078,0.18643579256167267,-1.2667533550286296,5.257129669189453
1747273978.5981963,0.1984993546023568,-1.2591895114109095,2.8111934661865234
1747273978.6213272,0.1975891626982899,-1.2619564602730886,2.4709701538085938
1747273978.6455505,0.1969835192578053,-1.2654489689182937,6.628751754760742
1747273978.6655166,0.19291881336904687,-1.2686463163286363,3.3674240112304688
1747273978.6899261,0.16216196128154128,-1.2659489287753232,3.530263900756836
1747273978.7113283,0.17209944145831163,-1.2630574228129883,3.1964778900146484
1747273978.722888,0.15406741984288735,-1.2596108479172299,2.607107162475586
1747273978.7395048,0.15858447056444333,-1.263769329803683,2.8731822967529297
