time,x,y,computation_time_ms
1747273683.2840772,1.260389436260593,-1.1717318925182587,7.643222808837891
1747273683.3018675,0.9723068672033461,-0.6579178167258521,6.088972091674805
1747273683.3232484,0.8388601755929711,-0.4435102503229201,7.834672927856445
1747273683.348894,0.818138360111466,-0.4045372455315092,6.6089630126953125
1747273683.370974,0.8553237184998744,-0.46025274947239714,6.123542785644531
1747273683.3918393,0.847965757672774,-0.4450651715925686,7.401704788208008
1747273683.4087276,0.8613054165406775,-0.46583153748754613,5.187273025512695
1747273683.4243946,0.839168680779454,-0.431249439816236,5.035161972045898
1747273683.4409742,0.8505829162967901,-0.4406966069153553,5.80143928527832
1747273683.4614801,0.8234380769417581,-0.3805758063199953,5.601406097412109
1747273683.4898527,0.8288452454912433,-0.38009266683781767,8.965253829956055
1747273683.5091698,0.8249514822555857,-0.3668549917473634,5.417108535766602
1747273683.5253131,0.8235937021079783,-0.35697658367516244,5.126953125
1747273683.5429745,0.808633062558193,-0.3413200222009293,5.805730819702148
1747273683.5574262,0.7921630711298878,-0.3262271564181342,5.003213882446289
1747273683.576045,0.786451374304334,-0.32072379447240734,5.138635635375977
1747273683.5961196,0.7785042778679029,-0.3224903057135658,5.6896209716796875
1747273683.6156423,0.7717230397203696,-0.31944322652128915,5.167245864868164
1747273683.6414373,0.7712035577927603,-0.31961763627365325,5.098104476928711
1747273683.6604514,0.7675092199196599,-0.3207347471265993,5.152702331542969
1747273683.6811047,0.7678615469925207,-0.31939145358386845,5.132198333740234
1747273683.7002282,0.7649647299784421,-0.3172560792989612,4.987239837646484
1747273683.7223556,0.7631964585036605,-0.31609842138900374,6.899118423461914
1747273683.7411852,0.7809964929690307,-0.3191025027126963,5.929708480834961
1747273683.7608502,0.7862250721868549,-0.3192938837317959,5.152702331542969
1747273683.7757409,0.7939593553282521,-0.31908521512632504,5.011081695556641
1747273683.8003118,0.792751012805142,-0.31857038405336136,5.082130432128906
1747273683.8226202,0.7959200524416091,-0.31798476447396684,6.946086883544922
1747273683.8485396,0.798251617080635,-0.3176947291229738,10.117769241333008
1747273683.8679807,0.7935410284653005,-0.31753529896928234,6.122589111328125
1747273683.8970838,0.7917758952252463,-0.31904531111956264,5.643606185913086
1747273683.921291,0.7948509933664443,-0.31817742442848784,5.179643630981445
1747273683.943642,0.7959459605978251,-0.31906762249636716,8.38327407836914
1747273683.9614553,0.7924644537126849,-0.31943246691643595,5.284309387207031
1747273683.9828646,0.7898123794017033,-0.3198021686979865,7.0819854736328125
1747273684.0039551,0.7954767799184909,-0.32060279430232386,6.232976913452148
1747273684.0215113,0.7934448192906611,-0.31989344735021014,5.324840545654297
1747273684.0437026,0.7895250311176978,-0.3192735663491944,7.453203201293945
1747273684.0591648,0.790344602037556,-0.31942651341960554,5.358457565307617
1747273684.0807397,0.789304413461347,-0.3193017834383915,5.197048187255859
1747273684.1003828,0.7914277690715169,-0.32000526354355013,5.064487457275391
1747273684.1207867,0.7809175047052529,-0.31940012704365256,5.099058151245117
1747273684.140686,0.7785089927016392,-0.3177438130183488,5.094766616821289
1747273684.1605542,0.7830130790923844,-0.31920930199746383,5.1326751708984375
1747273684.1803992,0.7874311758693703,-0.3212515130472065,5.156993865966797
1747273684.200857,0.7834209223190456,-0.3219803627532797,5.473613739013672
1747273684.2224922,0.7828112000860895,-0.3232021301554761,5.8040618896484375
1747273684.2426882,0.7833435829086978,-0.3243843799539725,7.042407989501953
1747273684.2625644,0.7817928013951548,-0.3239276442818137,7.049798965454102
1747273684.2836168,0.7767267300551556,-0.32312884819803295,8.13746452331543
1747273684.3075285,0.7771838391218148,-0.3226043095705391,5.226373672485352
1747273684.3246706,0.7700519444930697,-0.32030102562182794,5.382061004638672
1747273684.3408864,0.7728428006901966,-0.31999000723965254,5.468845367431641
1747273684.3634915,0.777538094559837,-0.3218601923897627,6.410121917724609
1747273684.3837795,0.779392519588893,-0.3212739290209299,6.626129150390625
1747273684.4107382,0.7745956613304024,-0.3203520566084664,9.145736694335938
1747273684.4287977,0.7738006908250252,-0.3216450369654429,5.057811737060547
1747273684.4451356,0.7739196603336109,-0.3213458508243821,6.255626678466797
1747273684.4604516,0.7658037604750684,-0.3218748493358967,5.070924758911133
1747273684.4822123,0.7598730862808568,-0.32083644586473015,5.934238433837891
1747273684.506831,0.7529400995778716,-0.32011408166101357,5.149126052856445
1747273684.5244908,0.7461483403178363,-0.3179848884532423,5.146265029907227
1747273684.5415812,0.7441485894824328,-0.3169129008710956,5.532741546630859
1747273684.561566,0.7480941040685906,-0.316660071310779,5.11479377746582
1747273684.5813863,0.7489545986525068,-0.3159095091020069,5.353450775146484
1747273684.6035929,0.7520918238093224,-0.31513997074355166,6.555318832397461
1747273684.6233554,0.7607121959999859,-0.3129752529219545,6.021022796630859
1747273684.6406016,0.7617337640480063,-0.3128989092544503,5.120515823364258
1747273684.6612413,0.7658640337088679,-0.3110389558228094,5.41234016418457
1747273684.6758947,0.776954848610745,-0.3119894108303746,4.965543746948242
1747273684.7026389,0.7771163643770015,-0.31435898227051245,5.247831344604492
1747273684.7202344,0.7805283976104167,-0.3163599261929247,4.920721054077148
1747273684.7425926,0.7852353934951666,-0.31717374237254814,6.861686706542969
1747273684.762519,0.77309899422895,-0.3154325233714655,6.613492965698242
1747273684.780709,0.7697372309823116,-0.31437601036430207,5.13768196105957
1747273684.802471,0.7585975857635345,-0.31318353159112544,6.987571716308594
1747273684.8170948,0.7526740443410901,-0.31421711345549697,4.736185073852539
1747273684.83994,0.7536995160878454,-0.31410377713549137,6.042957305908203
1747273684.8634295,0.7517559524020173,-0.31360097246403,6.9026947021484375
1747273684.8850439,0.7519161214050739,-0.3119650900490861,7.217884063720703
1747273684.909502,0.7575083359031467,-0.314602034221368,5.253314971923828
1747273684.925821,0.760368676845453,-0.3144249930900609,5.044698715209961
1747273684.943129,0.768670954660493,-0.3171385228207515,5.606889724731445
1747273684.9615057,0.7680529358559829,-0.3180167980586166,5.092144012451172
1747273684.9842849,0.7726885339236528,-0.31787920111588475,7.892608642578125
1747273685.002303,0.773617613396313,-0.3179727001368737,7.232189178466797
1747273685.0228846,0.7818430620988162,-0.31748283807959393,6.00433349609375
1747273685.0410411,0.7943321555787082,-0.3166894949523266,5.099058151245117
1747273685.0614357,0.810839464688475,-0.3160149298481597,4.977941513061523
1747273685.0827954,0.8090007969717493,-0.31879940430832404,6.862878799438477
1747273685.1065612,0.8132563215389588,-0.3213646793915725,5.838871002197266
1747273685.1219869,0.8161335929792514,-0.3231930058982301,5.054712295532227
1747273685.1413248,0.8144972135745308,-0.3213247131086517,5.185604095458984
1747273685.1581986,0.8095140154275169,-0.3207005643722883,5.0334930419921875
1747273685.1807868,0.8099661567547091,-0.3205337395224541,5.037784576416016
1747273685.2026932,0.802554563161129,-0.31900245613515554,6.892204284667969
1747273685.2203646,0.8047885922466214,-0.3207089533314713,4.935741424560547
1747273685.2407396,0.8016634580687371,-0.3225362046998037,5.097866058349609
1747273685.2613108,0.8044716149571325,-0.323149994024854,5.139827728271484
1747273685.2804673,0.7981949993020757,-0.3222301717038615,4.869937896728516
1747273685.2976701,0.8018215915528033,-0.3210864365059065,4.956960678100586
1747273685.320494,0.8040507249929114,-0.3186520143374631,4.935503005981445
1747273685.3441818,0.8081242773890979,-0.32211026346654525,8.248567581176758
1747273685.361502,0.813353282946134,-0.3232123160914275,5.474567413330078
1747273685.3757746,0.8141370165502357,-0.32512201724198586,4.894018173217773
1747273685.4026985,0.8158544899696997,-0.3262017006851674,6.724834442138672
1747273685.4217527,0.810887217650018,-0.3232062638334331,5.111455917358398
1747273685.4412944,0.8076878053002683,-0.3218690655969659,5.364656448364258
1747273685.4632764,0.8067807584249179,-0.32147479825141945,5.957365036010742
1747273685.4816995,0.8073570317772253,-0.3229746621350893,5.093574523925781
1747273685.501122,0.8118006895777607,-0.3230842468867829,5.1097869873046875
1747273685.5180545,0.8091907300011514,-0.3226229342317106,5.166053771972656
1747273685.541316,0.8121175105816097,-0.32148102389149746,5.127429962158203
1747273685.556107,0.8146211032253616,-0.3224486950939654,4.899501800537109
1747273685.5812857,0.816473141546575,-0.3233154376072696,5.022525787353516
1747273685.5955017,0.8221025902888184,-0.32458299826053283,5.170106887817383
1747273685.6163208,0.8241061474871059,-0.3247277058488081,5.008697509765625
1747273685.641507,0.8246798519280866,-0.3249853898695464,5.115747451782227
1747273685.6634548,0.8270896432582311,-0.3255897552904396,6.304502487182617
1747273685.680513,0.8250799826827829,-0.32545118529219735,4.959583282470703
1747273685.7007365,0.8314043807589502,-0.32638418991134915,5.112409591674805
1747273685.7226148,0.834263752543581,-0.3265165423096874,6.661176681518555
1747273685.7435572,0.8342132313246186,-0.3281675850240373,5.96165657043457
1747273685.7627704,0.8311806173772276,-0.32754110308932605,6.754875183105469
1747273685.7825475,0.8300314388409296,-0.3280117261272784,6.71076774597168
1747273685.802493,0.8335777089218908,-0.3280690923794964,6.668806076049805
1747273685.8240542,0.8344821747079861,-0.32660779688537844,7.136106491088867
1747273685.8426073,0.8339171132501253,-0.32625883660199845,6.638765335083008
1747273685.8646684,0.841407591450599,-0.32523943561504953,8.657455444335938
1747273685.8825138,0.8460290722410991,-0.3247263448903885,6.675481796264648
1747273685.9046352,0.8441580081877946,-0.32303449909471693,6.836175918579102
1747273685.9269757,0.8393629406059614,-0.32476912918982714,5.074262619018555
1747273685.9481375,0.8341746306838866,-0.3248825483508743,7.600069046020508
1747273685.971596,0.8311154952747952,-0.32371408898353643,6.237268447875977
1747273685.9862244,0.8286798308582788,-0.3236561187777494,5.124568939208984
1747273686.0015922,0.8214318462529036,-0.3243209423172333,4.926204681396484
1747273686.0208333,0.8191989737112464,-0.3229259116118157,5.030393600463867
1747273686.0414367,0.803652656855742,-0.31992003796195106,4.978179931640625
1747273686.0610523,0.8039784471047658,-0.32005474543755513,5.220174789428711
1747273686.080433,0.8069011168358787,-0.32034035123444377,4.957437515258789
1747273686.0969653,0.8011433089477143,-0.3190086061912093,4.888772964477539
1747273686.1223578,0.7977273069137932,-0.31894952637540475,6.779670715332031
1747273686.140471,0.7913965212082495,-0.31652596234671904,4.960775375366211
1747273686.1605656,0.7788014558355261,-0.3146803269013326,4.87518310546875
1747273686.1833484,0.7611621911665185,-0.31140355999730157,7.024288177490234
1747273686.2028997,0.7594846503761207,-0.3123055475867079,6.860256195068359
1747273686.2223823,0.754995950793138,-0.31314178952200783,5.09333610534668
1747273686.2419057,0.7473209825029948,-0.31257294260166363,5.017518997192383
1747273686.2609165,0.7544214204278215,-0.3159722355953341,5.069494247436523
1747273686.2808511,0.7503157848590475,-0.31757952118138205,5.051374435424805
1747273686.3035204,0.7530226327063989,-0.3188506007784741,7.206916809082031
1747273686.3228796,0.7587257242329657,-0.3190507213212337,6.793022155761719
1747273686.34344,0.7559769603759099,-0.31846863860250096,6.729841232299805
1747273686.3634272,0.7561434745194667,-0.3179179522026328,7.676601409912109
1747273686.3857486,0.7603575589452426,-0.3163639708843855,5.117177963256836
1747273686.4043667,0.7632148781536313,-0.31596844169208393,7.08317756652832
1747273686.4238591,0.7646433252334384,-0.3173775795723884,7.332086563110352
1747273686.4450612,0.7613447659993742,-0.31491185113981063,4.945516586303711
1747273686.461305,0.7627234280084286,-0.3164771609826664,5.078792572021484
1747273686.4758475,0.7617462070834617,-0.3178813162284833,4.935979843139648
1747273686.4956396,0.7607562724375168,-0.31907501159273527,4.969120025634766
1747273686.5207455,0.7626947718341872,-0.3180519826098879,4.983663558959961
1747273686.543148,0.765162116877251,-0.31756336121427087,7.173061370849609
1747273686.5574024,0.7596828913056457,-0.3164936786839324,4.929304122924805
1747273686.5758538,0.7579248759714146,-0.3162432641527299,5.275249481201172
1747273686.600527,0.758956797644624,-0.3169231889226581,5.014657974243164
1747273686.6204512,0.7478132806363266,-0.3175921853657726,4.944324493408203
1747273686.6467345,0.7474353210690294,-0.3177693952403122,9.896993637084961
1747273686.6702526,0.7509121224274758,-0.3159179601262425,5.767107009887695
1747273686.685795,0.7522282716880299,-0.31531663082743444,5.19561767578125
1747273686.7029927,0.7600827941788374,-0.315308904440697,5.086660385131836
1747273686.7177796,0.7572242880989678,-0.31745540638603986,4.910469055175781
1747273686.7383265,0.7493730274685487,-0.3185866424327295,5.039215087890625
1747273686.7642481,0.749032131663398,-0.31960766720861095,6.353616714477539
1747273686.779638,0.7526710992063317,-0.31959931551211795,5.328655242919922
1747273686.79606,0.7563354954305759,-0.31996343083622264,5.07354736328125
1747273686.8210323,0.7538734925535521,-0.31938273362406955,4.972934722900391
1747273686.8415236,0.7572713828207871,-0.3202791104596133,5.432605743408203
1747273686.8574135,0.7530124398487339,-0.31979381589309813,5.336284637451172
1747273686.88234,0.7480751081520026,-0.32013273439284196,5.531787872314453
1747273686.9024625,0.7517577864857805,-0.3212775379367638,5.059242248535156
1747273686.9207659,0.7490393876358457,-0.31944939793641725,4.960298538208008
1747273686.9417043,0.7520930468376278,-0.3194010135712538,5.164146423339844
1747273686.962968,0.7546742616399919,-0.3181729568328623,6.741762161254883
1747273686.9809978,0.7482728606611954,-0.31934779393586776,4.96363639831543
1747273687.0009546,0.7543311713366865,-0.3200869926924251,5.129575729370117
1747273687.0208185,0.7634670797519881,-0.3220221443721554,4.979848861694336
1747273687.0429122,0.7662276966374514,-0.320972235871772,6.718158721923828
1747273687.0609112,0.7637547833925797,-0.3197742562214617,4.96363639831543
1747273687.0807302,0.7549508769637022,-0.31784418941585557,4.8694610595703125
1747273687.1036549,0.7532311994437312,-0.3174771202023232,7.631540298461914
1747273687.1181405,0.7591011261476355,-0.31828946612012277,5.007028579711914
1747273687.147668,0.7625759385568044,-0.31796536624866056,5.253076553344727
1747273687.162586,0.7597033529549775,-0.318198968443127,5.087375640869141
1747273687.324051,0.7586632889723166,-0.31978165712594075,6.929159164428711
1747273687.3435671,0.7562253135622263,-0.3191710524648129,6.6585540771484375
1747273687.3690152,0.75158491506066,-0.3181227995974827,8.206844329833984
1747273687.3873138,0.7513923799230691,-0.3171170084224293,6.639719009399414
1747273687.4033635,0.767496670184319,-0.3175202175842706,6.881952285766602
1747273687.4209187,0.7812766757341577,-0.31874643508197464,4.9419403076171875
1747273687.4407997,0.7838120116187715,-0.32015431468820094,4.970312118530273
1747273687.4632435,0.7798838401632743,-0.3198441624423383,6.922245025634766
1747273687.4807148,0.7874242624061093,-0.3205736194232172,4.8675537109375
1747273687.4961843,0.7830277996339957,-0.32096165253678133,4.825592041015625
1747273687.5209973,0.7877703314258113,-0.3212594814876186,5.010366439819336
1747273687.5409036,0.7923900634443687,-0.3217842448139573,5.001544952392578
1747273687.5619285,0.7966161392119553,-0.32315863292598307,5.2032470703125
1747273687.58122,0.7955488952827414,-0.3249243362477857,5.499601364135742
1747273687.6043262,0.7998669750934788,-0.3246442553366732,7.990598678588867
1747273687.623848,0.8010096673983035,-0.3249055879861946,6.999015808105469
1747273687.6426053,0.8044521749481307,-0.32417746765253136,5.096912384033203
1747273687.6622212,0.8064014385976204,-0.3237957814122887,5.051612854003906
1747273687.6814404,0.814794041584537,-0.3241431817055944,5.1593780517578125
1747273687.7032547,0.8090232579212596,-0.3267928430338565,6.749629974365234
1747273687.7212574,0.8137200840923368,-0.3273296082864443,5.16819953918457
1747273687.7427497,0.8146500915111166,-0.32752094455944697,6.639003753662109
1747273687.7629132,0.8127009152290229,-0.3248096335492385,5.573511123657227
1747273687.7810924,0.8133340187438769,-0.32376545296915316,5.098581314086914
1747273687.8036568,0.8214633502903315,-0.32421460619943704,7.379293441772461
1747273687.8220513,0.8195272531867639,-0.3226281660510403,5.957126617431641
1747273687.8419454,0.8187177596004851,-0.32380386730148875,5.04612922668457
1747273687.863046,0.8206948060184707,-0.32320107780643675,6.752967834472656
1747273687.8827388,0.821207374618847,-0.3235565491675442,6.686210632324219
1747273687.9010086,0.8225343641707589,-0.3236577623370345,5.012750625610352
1747273687.9229007,0.8208563871344351,-0.3227464361729308,7.021427154541016
1747273687.9406953,0.8154831900128489,-0.3233859448443859,4.896640777587891
1747273687.9611342,0.8050006780249839,-0.3224382928153037,4.989147186279297
1747273687.9809778,0.7970642706238534,-0.3204698963747867,5.003452301025391
1747273688.0017233,0.7965211005844166,-0.319520981407093,5.6476593017578125
1747273688.0174308,0.7918343526001885,-0.3169642244178144,5.003929138183594
1747273688.0434306,0.7910471065065995,-0.3190573935124501,7.300853729248047
1747273688.062618,0.7892802266300437,-0.3190409674006525,5.109548568725586
1747273688.0811956,0.7787899696379162,-0.3172249791308235,5.1441192626953125
1747273688.101769,0.7822106672788557,-0.31850164678045106,5.300998687744141
1747273688.1215131,0.7780041090694806,-0.31765354134989504,5.5179595947265625
1747273688.1412024,0.7814459056230038,-0.31806926228228305,5.06281852722168
1747273688.1643887,0.7798982714736776,-0.32129649551210804,7.1392059326171875
1747273688.1839345,0.7724094293313044,-0.322511753927368,6.358146667480469
1747273688.202878,0.7676533187384958,-0.3222354779109075,6.740570068359375
1747273688.2221107,0.7708115894285552,-0.31932805119065594,5.548238754272461
1747273688.2442462,0.7746871845386696,-0.32006586691648437,6.505727767944336
1747273688.2641,0.7783403009339507,-0.31896291478005223,7.644891738891602
1747273688.2833378,0.7789106420567856,-0.31835986073920136,6.108283996582031
1747273688.3017743,0.7776816520168417,-0.3203024751975523,5.164384841918945
1747273688.32194,0.7789644403940386,-0.32088632349141955,5.444765090942383
1747273688.3411758,0.7814346032229793,-0.3231638368358413,5.003452301025391
1747273688.3610191,0.7936808738785693,-0.32371163304859635,5.057811737060547
1747273688.3811054,0.7983663561456245,-0.32368136539149084,5.061149597167969
1747273688.40115,0.8060473146717305,-0.323190649229134,4.99725341796875
1747273688.4230652,0.807835465324289,-0.3229362435082856,7.08460807800293
1747273688.443078,0.7983384231635908,-0.3229574231490935,6.737232208251953
1747273688.4611018,0.7927329574721129,-0.322730247573008,4.893302917480469
1747273688.4770331,0.7877186865885949,-0.3237232216803741,5.434274673461914
1747273688.5009959,0.7797018112155942,-0.32191933669535716,5.040884017944336
1747273688.5234478,0.7742109122480169,-0.31990873834787936,7.397174835205078
1747273688.5431318,0.7775356821606464,-0.3196851631721507,6.80994987487793
1747273688.5635629,0.7762451020126843,-0.3184082772649549,6.896495819091797
1747273688.5837462,0.7733915868032545,-0.3168971146873669,6.572484970092773
1747273688.5978143,0.7706999205792668,-0.31685570447120376,5.089282989501953
1747273688.620968,0.7771060917669207,-0.3198555872082243,5.069971084594727
1747273688.6369207,0.7803421724953055,-0.3217926575544622,4.945993423461914
1747273688.6565988,0.7794079779139913,-0.32329702284945605,4.971981048583984
1747273688.6824298,0.776853052797579,-0.32186253229612755,6.031036376953125
1747273688.7013626,0.7766567090945662,-0.3215215164347134,5.011558532714844
1747273688.7238967,0.7762722248173901,-0.322217518212282,7.132530212402344
1747273688.7413619,0.7761227509984233,-0.3212823536493051,5.068778991699219
1747273688.7619374,0.7751987980182249,-0.32123315428043103,5.209207534790039
1747273688.7826579,0.774311803077105,-0.32228354827723,5.566835403442383
1747273688.8009474,0.7728616069334864,-0.32026437465930935,4.946231842041016
1747273688.8222382,0.7712367139145618,-0.320661157881513,5.335569381713867
1747273688.842686,0.7707855010051363,-0.3204046912303264,4.997730255126953
1747273688.8630834,0.7745922365215887,-0.3195052841587931,6.074428558349609
1747273688.8814933,0.786082017516604,-0.3216359377177426,4.972696304321289
1747273688.9012234,0.7935885658543135,-0.3231982406318204,4.993438720703125
1747273688.9209704,0.8062055812484639,-0.32513239365450924,5.00798225402832
1747273688.941259,0.8101148957064309,-0.32433977599506075,5.066633224487305
1747273688.9611695,0.8025699221592875,-0.323517725392276,5.077838897705078
1747273688.9811888,0.7990078578740983,-0.3242116931321896,4.969120025634766
1747273689.0037048,0.7866310037061437,-0.32233279200562687,6.554126739501953
1747273689.0251956,0.7882693650079403,-0.3227424512618796,5.8765411376953125
1747273689.0552647,0.7915912942761006,-0.3218926223670683,5.496740341186523
1747273689.071211,0.797553564129469,-0.32215429348088354,5.279779434204102
1747273689.0868459,0.7984766192424795,-0.32016487971984225,4.9571990966796875
1747273689.1023648,0.806976090734247,-0.3214595941937822,4.92548942565918
1747273689.1161323,0.8128302421640123,-0.32342194438686445,4.825592041015625
1747273689.1441462,0.8237309338135247,-0.3257667845064501,7.7610015869140625
1747273689.1641164,0.839750458746734,-0.3269347054503421,6.547451019287109
1747273689.1878712,0.8365816693314533,-0.3259706769246061,6.114721298217773
1747273689.2018359,0.8322411630415312,-0.324747727754065,4.964113235473633
1747273689.221813,0.8246857608191984,-0.32169409768916835,5.544900894165039
1747273689.2413518,0.825486727900528,-0.3215468922641416,5.005121231079102
1747273689.2621179,0.8203910345344899,-0.321121187541684,5.245447158813477
1747273689.2819169,0.8118832216294746,-0.3184646907292475,5.731821060180664
1747273689.301409,0.8056554165007188,-0.3187724916219109,5.239248275756836
1747273689.3212543,0.8021127603538385,-0.31953207009407825,5.038022994995117
1747273689.3370028,0.8017765802726621,-0.3194339673615261,5.213737487792969
1747273689.3613148,0.801694933453523,-0.31937750531379017,5.027294158935547
1747273689.3810353,0.795837928445506,-0.3196591353359846,5.027294158935547
1747273689.4011831,0.7954644736126077,-0.31980234231942917,5.026340484619141
1747273689.4212575,0.7915649442994197,-0.3190823465886971,5.061149597167969
1747273689.4414494,0.7887984431982333,-0.3204316742218614,5.238771438598633
1747273689.4617827,0.7875816223553158,-0.32279882654827896,5.207061767578125
1747273689.4816687,0.7854833364200436,-0.32367302869963055,5.1441192626953125
1747273689.4993296,0.7791501874498875,-0.3211348045200348,5.518913269042969
1747273689.5216415,0.7744463556272594,-0.31976538450088293,5.125284194946289
1747273689.541131,0.7699850422947008,-0.3192881991799531,4.975080490112305
1747273689.5612543,0.7597176138660992,-0.31890501723803166,4.962682723999023
1747273689.5815182,0.7537640204968251,-0.3176186034771191,5.222320556640625
1747273689.6034236,0.7515340691146002,-0.31692632001857707,5.347728729248047
1747273689.619457,0.7477423999103052,-0.31571501926809015,6.9122314453125
1747273689.6421647,0.753313684007712,-0.31486481268753663,5.654573440551758
1747273689.663391,0.7553750706746678,-0.3138706201334865,6.788015365600586
1747273689.6813486,0.7532022933771757,-0.3134301513426019,5.030393600463867
1747273689.7040226,0.7604928688915024,-0.3139026120618169,5.557537078857422
1747273689.7213085,0.7674432622640888,-0.31517266717550135,5.007505416870117
1747273689.7362666,0.7789633070015419,-0.3160995132475927,5.038976669311523
1747273689.7615135,0.7857930381325745,-0.31736077873496044,5.01251220703125
1747273689.781278,0.8006705866827291,-0.3180599462704655,4.889011383056641
1747273689.8011727,0.8068407462808619,-0.3184154450255618,5.012989044189453
1747273689.8210504,0.8119589443167766,-0.31924963999052486,4.93311882019043
1747273689.841893,0.8226273848229796,-0.32103973982041156,5.1021575927734375
1747273689.8575149,0.8237449463510422,-0.3224036268105229,5.019903182983398
1747273689.8832214,0.8294283493689218,-0.32426714025802933,5.875825881958008
1747273689.9024937,0.8402461679932836,-0.3247070713121673,5.229949951171875
1747273689.9261205,0.8451204626832312,-0.3260897862589929,8.751869201660156
1747273689.9466734,0.8480687692591243,-0.3271002683287502,8.709192276000977
1747273689.9632003,0.8527337770878435,-0.32971802399605077,5.470991134643555
1747273689.9814208,0.8603112453066596,-0.3329305149446108,4.986286163330078
1747273690.0022998,0.8627653053712008,-0.3349455022616498,5.125522613525391
1747273690.0212412,0.8594472794344218,-0.33188539863323957,4.9896240234375
1747273690.0414066,0.8579837753635958,-0.33056819602075804,5.071163177490234
1747273690.0649843,0.8598949619880041,-0.3296887633090606,6.982088088989258
1747273690.0842962,0.8585198636068065,-0.3280312029889369,7.110118865966797
1747273690.1129105,0.8607169739447041,-0.3298545696182165,7.789373397827148
1747273690.1334372,0.8576032340082902,-0.33014788684596375,6.31403923034668
1747273690.1572583,0.8537771255020348,-0.32836185950017754,6.370067596435547
1747273690.177455,0.8549544412933648,-0.32667073339250435,5.9719085693359375
1747273690.1959202,0.8505848729639457,-0.32558205079098773,5.534887313842773
1747273690.2121,0.8430505790113989,-0.32488489150006006,4.964590072631836
1747273690.2271235,0.8324407049982446,-0.3258468990403891,5.068540573120117
1747273690.2459872,0.8314019964919647,-0.32521809426187,5.020856857299805
1747273690.2642653,0.818104266323198,-0.3249156731030329,6.854772567749023
1747273690.2819026,0.8209873094850922,-0.3246935470698711,5.139827728271484
1747273690.3032517,0.8273903261725472,-0.3256275929405533,6.967306137084961
1747273690.322397,0.8404754241538629,-0.32715787768104293,6.104230880737305
1747273690.3412569,0.8524135335662577,-0.328001986380687,4.933595657348633
1747273690.3621008,0.8461349115440518,-0.32492952543923354,5.2127838134765625
1747273690.3868978,0.8347177924275466,-0.323138967850597,5.087137222290039
1747273690.405633,0.828300209753829,-0.3219737314809598,7.090568542480469
1747273690.4260578,0.8262183105055665,-0.32316407202156977,4.9724578857421875
1747273690.4498463,0.8276285220255083,-0.32271634917248293,5.572319030761719
1747273690.466079,0.8228383073192179,-0.32237779613568257,5.072355270385742
1747273690.4806461,0.8192409636071493,-0.3226089673424314,4.984855651855469
1747273690.504049,0.8176493849788885,-0.32278428510361973,7.442951202392578
1747273690.5231638,0.8176911939481426,-0.3220519358559584,6.799459457397461
1747273690.537781,0.816923133711003,-0.3217507584956669,4.943609237670898
1747273690.5620134,0.8167519187406488,-0.3222432902607067,5.327463150024414
1747273690.5818417,0.8111976643528845,-0.3209912607726855,5.049943923950195
1747273690.6041138,0.8064406312430091,-0.32025671634697694,7.329702377319336
1747273690.6221569,0.8147542661727146,-0.32112416877548045,5.279064178466797
1747273690.6424818,0.8227624006094514,-0.3215416202197784,5.053997039794922
1747273690.661708,0.8198433515025655,-0.32085620953035066,5.232095718383789
1747273690.676554,0.8189628487988221,-0.32161668943498267,4.833221435546875
1747273690.70349,0.8207537690081353,-0.3206462290338134,6.805658340454102
1747273690.721137,0.8204092587221029,-0.3212084732196983,4.934072494506836
1747273690.7435656,0.8132908708197293,-0.3208034983221002,6.68644905090332
1747273690.7612357,0.8037578634795232,-0.31972708188124865,5.063772201538086
1747273690.7765245,0.8001123202639948,-0.31946058732835875,4.895687103271484
1747273690.8029406,0.7965995763414876,-0.3196437031464187,6.629705429077148
1747273690.8219912,0.7934682176086659,-0.31948107848708385,5.180597305297852
1747273690.8408854,0.7973856741089083,-0.3192278827907109,5.345344543457031
1747273690.8638031,0.7949550457997113,-0.31927413663977733,5.515098571777344
1747273690.8828428,0.7989200050761763,-0.31990339918848976,5.19871711730957
1747273690.9017766,0.8053883150724878,-0.32169028455000803,5.11622428894043
1747273690.9221327,0.8080231331209607,-0.32368789648659574,5.8612823486328125
1747273690.9432003,0.8108099381808918,-0.3254711494957489,5.723714828491211
1747273690.9642253,0.8008463844450772,-0.3266159427883602,6.360054016113281
1747273690.983951,0.7952993762548767,-0.3270783921151344,6.902933120727539
1747273691.0042899,0.783325626697384,-0.3248608088076089,6.865739822387695
1747273691.0242693,0.783388470489262,-0.32538466676828137,6.257295608520508
1747273691.0482504,0.7745241610163279,-0.32436773761658877,6.699562072753906
1747273691.0703053,0.7767608282306778,-0.3229763478102993,5.481958389282227
1747273691.0864773,0.7810825152626983,-0.321964057545392,5.050182342529297
1747273691.1018543,0.7819499278700606,-0.31989392761154756,4.891872406005859
1747273691.1212761,0.784032953966974,-0.31846337285493315,5.003929138183594
1747273691.141715,0.7884756169488009,-0.3167703358285539,5.112171173095703
1747273691.1614661,0.7943114085333687,-0.31577280137240293,5.073785781860352
1747273691.1815264,0.7985153534650089,-0.31473175196817466,5.010843276977539
1747273691.2032642,0.8037621508605775,-0.3157271432310523,6.660223007202148
1747273691.2185998,0.8092536582234201,-0.3163296258816278,4.87065315246582
1747273691.241462,0.8159360606244445,-0.3177685915626932,4.912614822387695
1747273691.2662406,0.8246957649507731,-0.31956609743503245,9.868144989013672
1747273691.2879086,0.8265267746442374,-0.31945762170009356,6.327390670776367
1747273691.3108242,0.8304369790461864,-0.32097319528111035,7.12132453918457
1747273691.3305676,0.8293512348882432,-0.32155624253761533,5.674600601196289
1747273691.3451838,0.8185658949455887,-0.31902683977806234,4.889249801635742
1747273691.3614032,0.8150020533631367,-0.3174767255059148,5.111455917358398
1747273691.3766115,0.7984693667868602,-0.31594395029277605,5.01561164855957
1747273691.3969927,0.7994675018689275,-0.3147341362340489,5.097866058349609
1747273691.4244359,0.8070644131283232,-0.31514602761819577,6.7272186279296875
1747273691.450464,0.815330990508439,-0.31512144844098317,5.78761100769043
1747273691.4673176,0.8228619216215661,-0.31620568696521767,5.576610565185547
1747273691.4890788,3.4873062072592225,-6.529716574063993,5.749940872192383
1747273691.5049636,3.489652922008395,-6.522917373695199,6.113767623901367
1747273691.5232663,3.5115485000155844,-6.516964162125263,6.410360336303711
1747273691.542588,3.521097821418589,-6.501505639813557,5.974769592285156
1747273691.5623043,3.5243316264695523,-6.494977271283463,6.061792373657227
1747273691.5770721,3.5294990144331795,-6.482293896247926,5.789756774902344
1747273691.6021357,3.5305819458192995,-6.469356427444516,5.997657775878906
1747273691.6224885,3.531358859798874,-6.459363777093435,6.066083908081055
1747273691.639981,3.5321003156149158,-6.452021551959797,5.902528762817383
1747273691.6631606,3.5304529701365004,-6.448570468119206,6.543159484863281
1747273691.6824253,3.5291536275650204,-6.445754771327543,5.8956146240234375
1747273691.7023232,3.5281843541052114,-6.442691818129277,5.82575798034668
1747273691.7234683,3.5292797111125993,-6.437959477137603,6.093502044677734
1747273691.744562,3.528424512453497,-6.432916327075662,7.829427719116211
1747273691.7626147,3.526611121582919,-6.431564519094532,6.020307540893555
1747273691.7831874,3.5250052596633843,-6.425999384546314,6.144285202026367
1747273691.8034632,3.5337967446469807,-6.435072806531632,6.482124328613281
1747273691.8256822,3.537478629516418,-6.437064413613724,7.251501083374023
1747273691.8433163,3.539576855684061,-6.437660709085991,6.007671356201172
1747273691.8648276,3.5233438211301014,-6.441704428335524,8.047103881835938
1747273691.887548,3.5125967476384408,-6.4438514685530395,9.073734283447266
1747273691.9117186,3.50644690663723,-6.445478272215193,6.174564361572266
1747273691.93326,3.5165317928337942,-6.437088047838053,5.994319915771484
1747273691.9499853,3.5190941018100745,-6.4300669167214295,5.7830810546875
1747273691.9697187,3.522600129994977,-6.423366009225772,7.819414138793945
1747273691.9862013,3.5228821851711105,-6.418182772434914,6.117105484008789
1747273692.0032246,3.5124863157042743,-6.410933806445321,6.16455078125
1747273692.0246642,3.5086050868391863,-6.407743210639602,6.278038024902344
1747273692.0444825,3.508857726105656,-6.402200599455444,6.358861923217773
1747273692.06216,3.5254431495177183,-6.406156634817784,5.667924880981445
1747273692.0799093,3.5300322284881367,-6.41572206287957,6.394147872924805
1747273692.1028116,3.531826948299621,-6.423097791845938,6.037473678588867
1747273692.1195793,3.53061668829583,-6.40890042798811,6.06846809387207
1747273692.1423354,3.5307344316307243,-6.3962900844509605,5.968332290649414
1747273692.16265,3.5310478936065057,-6.387983043225048,5.986928939819336
1747273692.1897304,3.51061626151374,-6.382471223345933,6.880044937133789
1747273692.3200815,3.513268473092706,-6.378424646281159,6.174564361572266
1747273692.3346238,3.515773677652974,-6.372052473824546,6.006479263305664
1747273692.3522658,3.51629487365378,-6.370154112061015,6.123065948486328
1747273692.3697467,3.5179918162239363,-6.3648674864274355,6.288051605224609
1747273692.3872154,3.5129354576581155,-6.368429313633715,6.218433380126953
1747273692.4034407,3.512438485715195,-6.3696161882203,6.316423416137695
1747273692.4279277,3.5121893829386255,-6.369349737801322,10.910272598266602
1747273692.4494042,3.5274493901060593,-6.37623701197351,6.546974182128906
1747273692.4653308,3.5327965788326794,-6.382226804617814,6.84046745300293
1747273692.4835002,3.538135326723113,-6.390702529153652,6.156206130981445
1747273692.5027492,3.5405248950923607,-6.402637299320377,6.304264068603516
1747273692.5226297,3.533010760910378,-6.401827299041156,6.237506866455078
1747273692.543492,3.529628034816434,-6.397675353714446,5.949258804321289
1747273692.5625155,3.5254542551845907,-6.392068017868438,5.880832672119141
1747273692.5825868,3.5224091104413073,-6.411807476836517,6.024360656738281
1747273692.6025927,3.5205964742389897,-6.43197988712542,5.909204483032227
1747273692.6223443,3.518981478455468,-6.440400180945441,5.793094635009766
1747273692.6419168,3.52092501207681,-6.439229624197488,6.57963752746582
1747273692.6647565,3.52360869217156,-6.438665018168465,8.05521011352539
1747273692.6851964,3.5254453581557907,-6.442213547235517,7.705926895141602
1747273692.7046354,3.526328995797907,-6.436538493261548,7.550239562988281
1747273692.7211282,3.5274762702958116,-6.447411912585769,6.451606750488281
1747273692.742715,3.5276516601949846,-6.457271711471806,5.895137786865234
1747273692.7625492,3.5275519694172086,-6.462834207836252,6.05010986328125
1747273692.7834823,3.5281426094920767,-6.463801886256775,5.950927734375
1747273692.802793,3.529432010562549,-6.457749716774089,6.16455078125
1747273692.8254554,3.5283571140975822,-6.4534688012395565,8.184194564819336
1747273692.8449726,3.5298216272524696,-6.450592094049646,6.522893905639648
1747273692.8628128,3.5288465158154834,-6.448885353740521,5.986690521240234
1747273692.8873882,3.528758758091573,-6.448687555100191,6.2923431396484375
1747273692.904793,3.5179701161968455,-6.4344890129509285,6.7615509033203125
1747273692.9225729,3.5109153675191953,-6.4245904521974495,5.941629409790039
1747273692.9421632,3.5073295745300688,-6.413753357573303,6.127357482910156
1747273692.9623196,3.505832501530609,-6.404967982041809,5.789041519165039
1747273692.9828784,3.508942103787146,-6.399138685173819,6.17671012878418
1747273693.0026467,3.5105604906260415,-6.396504012406411,5.926370620727539
1747273693.0226598,3.511375635421257,-6.390125096452729,5.9413909912109375
1747273693.045458,3.508626925889971,-6.397629709600736,7.1563720703125
1747273693.0677602,3.510137414559905,-6.401447544154367,6.024360656738281
1747273693.0859175,3.510032663530591,-6.405858237287002,6.030082702636719
1747273693.102121,3.5141476975222656,-6.393566801399131,5.8536529541015625
1747273693.1247497,3.5160469404293155,-6.383352200162966,7.8830718994140625
1747273693.147817,3.5199332985364062,-6.3681046550144345,5.895376205444336
1747273693.1660254,3.5205673448155173,-6.36303461043224,8.008956909179688
1747273693.185655,3.5246377599557537,-6.359543327770694,8.019447326660156
1747273693.2026725,3.5270834113447096,-6.35924876434897,5.864381790161133
1747273693.2177196,3.5309363816445836,-6.357461451066128,5.713224411010742
1747273693.243462,3.5250346180375436,-6.362809080846417,6.52313232421875
1747273693.2626362,3.525097507064901,-6.372320257635067,5.902767181396484
1747273693.2853978,3.5269250642705345,-6.38741101673462,8.55875015258789
1747273693.3056433,3.514321664459318,-6.3828669243088765,7.006168365478516
1747273693.321966,3.5080609489463335,-6.3790516717785195,6.577253341674805
1747273693.3489108,3.5065950236100343,-6.3765073463301984,8.456707000732422
1747273693.36699,3.5143472647203033,-6.37390695306746,5.919218063354492
1747273693.3847623,3.5178497645270816,-6.374026690843503,5.982637405395508
1747273693.4048057,3.520880958919691,-6.369352121650345,7.565021514892578
1747273693.4243295,3.522291474763288,-6.366628996512048,7.538318634033203
1747273693.4425306,3.51858603840816,-6.369613137210707,5.922555923461914
1747273693.4626079,3.5150064524498466,-6.368528470013973,5.933046340942383
1747273693.4823332,3.5177058824872525,-6.364595559261124,5.734920501708984
1747273693.5050104,3.515272530400512,-6.369696612533697,7.091760635375977
1747273693.522528,3.5159212640045223,-6.377755663269674,5.827665328979492
1747273693.5403962,3.5153975354668447,-6.387649080260527,6.229877471923828
1747273693.5626512,3.505660837989489,-6.384209217593377,5.902767181396484
1747273693.5845494,3.504078092051636,-6.379486864166664,7.463932037353516
1747273693.6047103,3.5042669638415247,-6.379787697902258,7.114171981811523
1747273693.6246834,3.5053025565229854,-6.379924778119746,7.65538215637207
1747273693.6426141,3.5164664250070494,-6.3761941006383145,5.858421325683594
1747273693.6626558,3.5246227088633146,-6.3688166531253,6.070613861083984
1747273693.6852007,3.5289281670638486,-6.3631613681054215,8.09025764465332
1747273693.7064068,3.529503449689559,-6.370911494336745,6.400346755981445
1747273693.7231991,3.5297240494662305,-6.380372864250314,5.950212478637695
1747273693.7424114,3.530151288013305,-6.393478142873909,5.976676940917969
1747273693.7588925,3.524957778713931,-6.384059334201932,5.957841873168945
1747273693.7843208,3.5243854310383456,-6.372962367192295,6.387472152709961
1747273693.8058486,3.524360329990678,-6.364490833222742,7.394552230834961
1747273693.8213272,3.5186407023633213,-6.364312485295235,6.055116653442383
1747273693.8376646,3.518005481339397,-6.359492786698614,5.814075469970703
1747273693.8602333,3.516834120194397,-6.358726116292421,6.567955017089844
1747273693.887385,3.5156106762373507,-6.358774025465284,8.800268173217773
1747273693.903588,3.5166671914029326,-6.3709417440886424,5.948781967163086
1747273693.9226685,3.5172151872969923,-6.38799447283517,5.770444869995117
1747273693.949226,3.5183288865680975,-6.401520623332136,5.97071647644043
1747273693.9674118,3.512824932673212,-6.403578503043659,6.186962127685547
1747273693.983126,3.50850165735823,-6.400352039406824,6.337404251098633
1747273694.0032868,3.505896058531305,-6.400447300584541,5.976200103759766
1747273694.022971,3.507102338770336,-6.3958028730452945,5.875825881958008
1747273694.0400553,3.5079064215977276,-6.393830250703167,6.412744522094727
1747273694.0649939,3.5091164424831693,-6.389114213136988,7.399320602416992
1747273694.082729,3.5083073947371464,-6.388798283346107,5.855798721313477
1747273694.0974038,3.508043209540588,-6.387528509339817,5.673646926879883
1747273694.1249046,3.510228278243789,-6.382254358425811,7.7362060546875
1747273694.1458812,3.5104554099434586,-6.381211683474846,7.581472396850586
1747273694.167612,3.514234894451295,-6.375977763843751,6.231546401977539
1747273694.1885629,3.5187514423800743,-6.380015618532697,5.921363830566406
1747273694.208229,3.5202999656949485,-6.387660107483156,6.339550018310547
1747273694.2283485,3.522333964019574,-6.397423079343757,5.997896194458008
1747273694.2488618,3.521539502118677,-6.386394284587185,6.067752838134766
1747273694.264745,3.5223170213296497,-6.378883810105468,6.068944931030273
1747273694.2834368,3.5261236998477115,-6.373936297720311,6.012439727783203
1747273694.3047912,3.5263034467304895,-6.3710196770314065,7.616758346557617
1747273694.3245745,3.5215051424047035,-6.371543875518397,7.441043853759766
1747273694.3432503,3.5185485213797185,-6.377108720105193,6.218910217285156
1747273694.3619254,3.518445406116024,-6.380286052540628,7.678985595703125
1747273694.3869016,3.5293946714273163,-6.381384234405569,6.367206573486328
1747273694.4027517,3.5346450587337745,-6.385054978238819,5.800962448120117
1747273694.4229612,3.534819102857561,-6.391101667676376,5.965232849121094
1747273694.4530365,3.5294553973187575,-6.407373666240722,14.443159103393555
1747273694.4749744,3.5284915253973113,-6.415562473062571,8.097410202026367
1747273694.4920113,3.5306245859153065,-6.4313851881024595,5.925416946411133
1747273694.5100229,3.5351692545859286,-6.444845540279579,6.610393524169922
1747273694.5264146,3.5387053612012935,-6.456504719908592,6.2580108642578125
1747273694.5444415,3.5408677318581585,-6.4650228428156415,6.211280822753906
1747273694.562755,3.542311647348644,-6.474803526147112,5.900859832763672
1747273694.5847628,3.5258554011680814,-6.4934538586636545,7.719516754150391
1747273694.6077693,3.5193919335672024,-6.509006442525817,10.406970977783203
1747273694.6284723,3.517109587141076,-6.522863312791379,6.096839904785156
1747273694.656553,3.517758890909647,-6.547146315246823,11.516571044921875
1747273694.6760437,3.510788113701567,-6.566222903283059,7.37309455871582
1747273694.6969652,3.508368408763983,-6.59102776009283,7.2612762451171875
1747273694.7187943,3.4948398027128325,-6.607530420157383,6.0596466064453125
1747273694.7338965,3.490837320452319,-6.620941545786641,5.612373352050781
1747273694.751761,3.483709958786424,-6.6346766877101775,5.859613418579102
1747273694.7677505,3.4797538465825286,-6.64676384726199,6.987810134887695
1747273694.783465,3.4802843804572103,-6.652487482790218,5.795001983642578
1747273694.8025362,3.4799399106115363,-6.659354672282,5.707740783691406
1747273694.822499,3.479655756078183,-6.665540528579749,5.756378173828125
1747273694.8420553,3.4488930002677014,-6.695619549977899,6.202459335327148
1747273694.8648112,3.4321127275949053,-6.7257994004037425,7.472038269042969
1747273694.883693,3.424513064242141,-6.748346654821712,6.094455718994141
1747273694.9080136,3.4015701022212146,-6.759243877884009,9.921789169311523
1747273694.9285052,3.3872004635727717,-6.769076712981764,5.889177322387695
1747273694.953986,3.3768907218169297,-6.781768518439551,7.431507110595703
1747273694.9743075,3.3584636022900587,-6.8120128362205685,6.4945220947265625
1747273694.9900317,3.344130216660441,-6.8432176769155815,5.646944046020508
1747273695.0041347,3.3314294057495744,-6.86905002660255,5.59544563293457
1747273695.0224416,3.326121941282297,-6.886189324212372,5.442380905151367
1747273695.0474336,3.2958871423025227,-6.901361450417599,10.10584831237793
1747273695.0628633,3.2766624690005477,-6.916252718688743,5.57255744934082
1747273695.083754,3.2649427629543073,-6.927578615119084,6.182432174682617
1747273695.1040695,3.242557915934106,-6.924195233189476,6.794452667236328
1747273695.1230664,3.2296603194336937,-6.9268351634775,5.577325820922852
1747273695.143746,3.222898468018336,-6.928135555733327,5.51605224609375
1747273695.1652913,3.2185384376923176,-6.929994522548853,5.494832992553711
1747273695.182847,3.185096806872003,-6.935900174137469,5.474567413330078
1747273695.2023368,3.16965358395801,-6.945116917321123,5.399942398071289
1747273695.2223408,3.1591785225624363,-6.9545237102455415,5.308866500854492
1747273695.2431898,3.1379694364108968,-6.956946853443448,6.147146224975586
1747273695.262232,3.123920165156157,-6.964936847750012,5.303144454956055
1747273695.2832856,3.116137427607757,-6.973734960005741,6.36601448059082
1747273695.3024244,3.082691153553139,-6.976061448168321,5.322933197021484
1747273695.3234677,3.0653058212515703,-6.977138310784656,5.484580993652344
1747273695.3426175,3.0566879593370837,-6.981848928346388,5.74946403503418
1747273695.3624065,3.0364095731255256,-6.991467768764742,5.452871322631836
1747273695.3839843,3.0207800188560467,-7.0003524854362835,5.680084228515625
1747273695.4112968,3.0109490168764155,-7.005259461788141,8.826494216918945
1747273695.438057,2.972401901529637,-7.009440148730202,7.076025009155273
1747273695.4623253,2.9368311494900294,-7.022082976181058,5.336761474609375
1747273695.4822085,2.915765092944606,-7.031383983140713,5.232095718383789
1747273695.5021594,2.883926022826759,-7.031895902552314,5.382299423217773
1747273695.517453,2.8659022715026286,-7.0291557810709335,5.4111480712890625
1747273695.5425627,2.846327667386251,-7.031708534694326,5.500316619873047
1747273695.5652573,2.828914232151595,-7.029852197220135,5.899190902709961
1747273695.5824454,2.81562697305119,-7.029837932323596,5.52678108215332
1747273695.6052556,2.805886587017568,-7.029933852700512,8.25357437133789
1747273695.6226504,2.768520221674382,-7.046161900768735,5.498409271240234
1747273695.644606,2.744600370047119,-7.059845246115676,7.126331329345703
1747273695.663536,2.7238949226351497,-7.070614231088245,5.670309066772461
1747273695.6827216,2.710723131155203,-7.08210712191825,5.406856536865234
1747273695.7022102,2.688948349071108,-7.083229072643902,5.425214767456055
1747273695.7222834,2.674569851932735,-7.083942350086541,5.52821159362793
1747273695.7425473,2.663592707604886,-7.085529571818178,5.594491958618164
1747273695.7625477,2.6124783077068026,-7.095146997490955,5.548715591430664
1747273695.7845604,2.5814550524175717,-7.108190725437266,7.451772689819336
1747273695.8029888,2.5635946065961623,-7.120013410000958,5.918741226196289
1747273695.8243895,2.5462793121403644,-7.1278902967752655,6.165981292724609
1747273695.8437436,2.533770246763817,-7.13366789796054,6.1664581298828125
1747273695.8640885,2.5229084311095114,-7.140704932269635,6.626605987548828
1747273695.8900323,2.484052363599589,-7.15425878998613,7.473468780517578
1747273695.9052758,2.445312368769684,-7.170684667775407,5.754232406616211
1747273695.9221456,2.416412231505027,-7.182850644051885,5.347251892089844
1747273695.9420822,2.40035117252282,-7.194810801029137,5.140781402587891
1747273695.962444,2.3803490758604604,-7.208786399913525,5.359411239624023
1747273695.982498,2.3679477036730545,-7.2208836408584265,5.127906799316406
1747273695.9977686,2.3662454801657375,-7.227520239557952,5.0830841064453125
1747273696.0240762,2.3266430436429832,-7.233893765445261,6.270647048950195
1747273696.0459006,2.3080354113134383,-7.237793313662404,7.760524749755859
1747273696.0621781,2.296685130678843,-7.24196469248457,5.439043045043945
1747273696.0862746,2.2620802347522706,-7.25079612014483,7.859706878662109
1747273696.1079755,2.2462631241457465,-7.25421521570574,5.213737487792969
1747273696.1251464,2.2323025700773864,-7.259030128674074,6.548166275024414
1747273696.1441638,2.220534458459771,-7.2622162126922944,7.057905197143555
1747273696.1619275,2.188010049011326,-7.258826908947134,5.218744277954102
1747273696.1806653,2.1581404082894755,-7.254521976741211,5.926609039306641
1747273696.2022228,2.13426842477997,-7.250860394680268,5.129337310791016
1747273696.218503,2.1103146633834164,-7.252290252251094,6.016016006469727
1747273696.2423902,2.0821258955613002,-7.253790446245417,5.016565322875977
1747273696.2627156,2.0682221465935484,-7.257039297114917,5.036592483520508
1747273696.2813838,2.03495687081143,-7.246482646617422,5.842447280883789
1747273696.304019,2.0065076710649294,-7.233889274035572,6.555318832397461
1747273696.3252764,1.9867285881503178,-7.22864967632211,6.402492523193359
1747273696.3441615,1.9726993764242502,-7.216531841853559,6.44993782043457
1747273696.3620243,1.963970139826987,-7.211042652297988,4.852533340454102
1747273696.3845923,1.9494369978408999,-7.205771198544401,5.650758743286133
1747273696.4042103,1.9331555194509626,-7.1999394071570615,6.6280364990234375
1747273696.4355228,1.8966877458256184,-7.194749838300864,6.510496139526367
1747273696.462251,1.867874337317765,-7.184047130563715,7.606744766235352
1747273696.485693,1.7947151375786228,-7.158124607728614,7.014751434326172
1747273696.5074847,1.7804931222800136,-7.148494753932062,6.104230880737305
1747273696.5251005,1.769566933388244,-7.138652213240283,6.582975387573242
1747273696.5422559,1.7663498583761599,-7.129047027661556,4.827260971069336
1747273696.5618463,1.7669297348963506,-7.123855402940441,4.858970642089844
1747273696.5868356,1.7419103335470327,-7.116455483098224,4.899263381958008
1747273696.601928,1.7232391132126845,-7.110794972567419,4.726886749267578
1747273696.6228662,1.7117465508009462,-7.105567980087582,5.143165588378906
1747273696.637311,1.6963139523922928,-7.096568032133296,4.645347595214844
1747273696.6619809,1.6729566776528346,-7.082457151336896,4.750967025756836
1747273696.6811216,1.6607486755574254,-7.0723012965217045,6.847381591796875
1747273696.704003,1.6161208486246377,-7.04468346923202,6.508588790893555
1747273696.7185543,1.592756733904037,-7.024747823963869,4.6405792236328125
1747273696.7420194,1.5668397271493801,-7.00421167382154,4.807472229003906
1747273696.7621458,1.5493429456709966,-6.987468905102036,4.880666732788086
1747273696.7841299,1.5048065454156327,-6.967785871710444,6.459236145019531
1747273696.8043675,1.4794871045150868,-6.948239616542901,6.5937042236328125
1747273696.8243358,1.4634734663034124,-6.933417918143089,6.543874740600586
1747273696.8421972,1.444442970781359,-6.922896037872627,4.78053092956543
1747273696.8618524,1.431340639449204,-6.915801033806834,4.739522933959961
1747273696.8814604,1.4251556997414254,-6.911596345454626,5.068063735961914
1747273696.9064763,1.3652923591599377,-6.884057008718419,7.159709930419922
1747273696.9320364,1.3284427830735086,-6.862549627070731,6.301164627075195
1747273696.9459815,1.3024642168417921,-6.846921713238506,4.69660758972168
1747273696.9627867,1.2879498490251806,-6.8338101773618325,5.496501922607422
1747273696.9846666,1.263837944221965,-6.813665459158757,5.081892013549805
1747273697.0022674,1.2431138651493712,-6.794583627914287,4.6939849853515625
1747273697.0264325,1.2277241329386799,-6.782616225353642,8.969306945800781
1747273697.0420263,1.189153843779077,-6.774796859654333,4.670143127441406
1747273697.0568793,1.1714737428369313,-6.769195120196862,4.572629928588867
1747273697.0820963,1.1497469918734469,-6.760430743380261,4.742622375488281
1747273697.0970707,1.1190060467230392,-6.74524360399562,4.477024078369141
1747273697.1215525,1.0902975670846777,-6.733123339578135,4.594564437866211
1747273697.1416218,1.0737623698403187,-6.72563130684962,4.63104248046875
1747273697.1637633,1.0275407413966762,-6.709956568993397,5.219221115112305
1747273697.184312,1.0050118577280454,-6.69812523231866,4.78053092956543
1747273697.3211405,0.8170407518464899,-6.678560044897481,5.423069000244141
1747273697.3343663,0.7861427911858333,-6.682530345971307,4.7740936279296875
1747273697.3478363,0.7697604590516135,-6.684384668853781,4.682779312133789
1747273697.3611908,0.7158334628297076,-6.6869278387253095,4.81724739074707
1747273697.3852174,0.6905418931726577,-6.6908488397431,7.333517074584961
1747273697.403122,0.6805292489978912,-6.69260826798098,6.8950653076171875
1747273697.4304688,0.639671879860227,-6.7004860052872734,6.679058074951172
1747273697.4489844,0.6118391389138437,-6.703694253847667,5.045175552368164
1747273697.471853,0.5903967297803078,-6.708803646350815,5.353450775146484
1747273697.5002365,0.5411684849362053,-6.7187826374312865,6.9255828857421875
1747273697.5222502,0.498140445187729,-6.732328433080605,5.9223175048828125
1747273697.5426059,0.4764272579268127,-6.738930893803144,4.999399185180664
1747273697.5647807,0.45624683369089336,-6.758922732116262,5.652189254760742
1747273697.5824041,0.44813125283965627,-6.773125274868647,5.0449371337890625
1747273697.602699,0.44457919505506277,-6.787908826036123,5.351781845092773
1747273697.6227086,0.41358604022180157,-6.807549699259581,5.207538604736328
1747273697.6427443,0.3936182425583871,-6.8202113903526955,5.20777702331543
1747273697.6646087,0.3806201285196817,-6.82769945039599,6.970643997192383
1747273697.6837268,0.37411064425778573,-6.8368800676626345,5.569219589233398
1747273697.7026877,0.3405773323747641,-6.8288055760489526,5.075216293334961
1747273697.7221363,0.32064775738804163,-6.820549121413618,5.509853363037109
1747273697.7449093,0.3072483553873439,-6.817681520384486,6.824731826782227
1747273697.763414,0.2736086769151818,-6.837035763433578,5.324125289916992
1747273697.7842786,0.2301823590790965,-6.856249336870118,6.650209426879883
1747273697.8026917,0.19155733224882682,-6.870573842658913,4.951715469360352
1747273697.8238468,0.1668984140157303,-6.875589998652432,5.274295806884766
1747273697.8458693,0.15513694200952907,-6.8808601794019575,6.031274795532227
1747273697.8719618,0.1526631832891727,-6.881112088313912,7.635831832885742
1747273697.8968573,0.10521115252634343,-6.8786396499622695,6.432771682739258
1747273697.9231808,0.06673371151340654,-6.877728336715778,7.490634918212891
1747273697.9451845,0.02553507791301357,-6.884810575170654,6.0634613037109375
1747273697.9690442,-0.011414020937747642,-6.90743227373629,6.779193878173828
1747273697.986222,-0.027262559662958333,-6.9232001841148,4.928827285766602
1747273698.002294,-0.045427420297212265,-6.9359845364226365,4.685163497924805
1747273698.0222762,-0.08436338543255004,-6.948178997090542,4.709720611572266
1747273698.0391262,-0.10500439924277247,-6.958212607752919,5.005359649658203
1747273698.064397,-0.12256462388341965,-6.964516091971488,6.588459014892578
1747273698.0842516,-0.1680200448401041,-6.974143927467082,6.508588790893555
1747273698.1021378,-0.1989644978646244,-6.985519798879372,4.771232604980469
1747273698.1226633,-0.22311158819177193,-6.996232968217345,5.286931991577148
1747273698.1377509,-0.2385760433480252,-7.00895140434166,4.681110382080078
1747273698.1627083,-0.24697431672420292,-7.03492080460761,4.7740936279296875
1747273698.1790946,-0.2504850172382416,-7.0477515865963865,4.87065315246582
1747273698.197901,-0.2611953252514236,-7.06060869926228,4.750251770019531
1747273698.2267237,-0.2901268765504983,-7.077510040696371,8.275985717773438
1747273698.2451584,-0.3217232571770918,-7.098922443637229,5.897998809814453
1747273698.2624617,-0.3460911737734493,-7.119335932443714,4.711151123046875
1747273698.2843893,-0.3687470046203359,-7.136934290577491,6.862401962280273
1747273698.3024313,-0.38338485844307557,-7.149657114570109,5.017518997192383
1747273698.3281481,-0.39444315753857984,-7.160423089556221,5.206584930419922
1747273698.3496635,-0.39249700437854523,-7.164802090580609,5.046367645263672
1747273698.3677232,-0.3882212356347934,-7.168633104438048,5.066633224487305
1747273698.3835206,-0.3883991229566482,-7.17624492348292,5.147457122802734
1747273698.4064198,-0.38510185813057346,-7.175817074970926,7.754802703857422
1747273698.4245925,-0.44019893162783746,-7.204241886650571,6.704092025756836
1747273698.4463425,-0.46538497852334226,-7.221122652844091,7.049322128295898
1747273698.462538,-0.48605370176358514,-7.2355093979930825,4.96220588684082
1747273698.4844608,-0.5194744030521645,-7.240966117398082,6.594657897949219
1747273698.5023031,-0.5365563048370051,-7.248005331320953,4.783391952514648
1747273698.5223572,-0.5497860272528992,-7.255650973789836,4.834651947021484
1747273698.544593,-0.585508299280015,-7.269413346186852,6.578922271728516
1747273698.5586338,-0.6040276376900593,-7.279801752379877,4.85539436340332
1747273698.5825505,-0.6216308739230767,-7.29253379367657,4.932641983032227
1747273698.5974467,-0.6326173427904893,-7.295490968152804,4.875659942626953
1747273698.622217,-0.6707632285627595,-7.317081833845936,4.831790924072266
1747273698.6441917,-0.6920278665957145,-7.33082553104632,6.478309631347656
1747273698.6654444,-0.706365482542786,-7.344592686888352,7.668256759643555
1747273698.6824381,-0.7465857502167671,-7.356626144567702,4.701852798461914
1747273698.7043197,-0.7750778868685212,-7.37193185546106,6.61778450012207
1747273698.7266705,-0.7962765969397684,-7.384623414216372,4.943132400512695
1747273698.742339,-0.8313859114611553,-7.400959497721117,4.735231399536133
1747273698.7641106,-0.8486263795957492,-7.412321989184715,6.712436676025391
1747273698.7799587,-0.8605170949674391,-7.420461488469023,4.562139511108398
1747273698.8034606,-0.9066544690726553,-7.432833826184689,5.179405212402344
1747273698.8237705,-0.9297570240751916,-7.438321634971604,8.311986923217773
1747273698.8445816,-0.9575136676277544,-7.4520325944263615,5.994319915771484
1747273698.8662682,-0.9734370211084165,-7.459367400307509,6.369113922119141
1747273698.8866367,-0.996926965068619,-7.46541028274183,5.854606628417969
1747273698.9033704,-1.0132400497255327,-7.471789410902357,5.2394866943359375
1747273698.9286413,-1.019478595024935,-7.477424730030572,9.003639221191406
1747273698.9487205,-1.0548860574800125,-7.489168240403228,4.6482086181640625
1747273698.9641392,-1.079125274178737,-7.496479480603441,4.912137985229492
1747273698.9842029,-1.1004583389439608,-7.504479889050093,5.143404006958008
1747273699.0042639,-1.11185006261536,-7.508565556947743,6.457805633544922
1747273699.0248604,-1.1175102423419887,-7.51342083714069,6.482839584350586
1747273699.042327,-1.1884176881215682,-7.514820727391671,4.677295684814453
1747273699.0621853,-1.2290615284759396,-7.515966819938622,4.760503768920898
1747273699.0822043,-1.256711524380442,-7.516765970798206,4.739284515380859
1747273699.1012871,-1.2900357662349964,-7.515023703400334,5.031585693359375
1747273699.1242332,-1.3190330995006376,-7.51726121167226,6.365537643432617
1747273699.1434982,-1.335958719087665,-7.517331588571908,4.964351654052734
1747273699.1649268,-1.3795304309773495,-7.508045770053696,5.568504333496094
1747273699.186751,-1.4002651929211103,-7.502513911196908,5.071878433227539
1747273699.2045116,-1.4137392411682845,-7.501817015412808,6.687402725219727
1747273699.226373,-1.4236283171453978,-7.502207695514028,8.083820343017578
1747273699.2452495,-1.455342335888582,-7.4891202141275235,5.329132080078125
1747273699.2623875,-1.4840053661117372,-7.480749465835183,4.867076873779297
1747273699.2901928,-1.501172719187088,-7.476477371918183,7.25555419921875
1747273699.3082726,-1.5570645785287769,-7.470234521441227,5.012273788452148
1747273699.3298733,-1.594231209661483,-7.465026641295186,5.139827728271484
1747273699.3494165,-1.6225007634887716,-7.463751640512116,5.31458854675293
1747273699.3713796,-1.6714042753636955,-7.4456791997418295,5.665779113769531
1747273699.3944905,-1.693941883702376,-7.432840463283891,5.914449691772461
1747273699.4150653,-1.7097027695075344,-7.423761336752581,8.776664733886719
1747273699.4308171,-1.7436660845932823,-7.401671862320077,5.233287811279297
1747273699.4484084,-1.765485613477833,-7.382819115632612,5.193233489990234
1747273699.463265,-1.7797154477325186,-7.371295791979638,5.318880081176758
1747273699.485405,-1.7895442362956153,-7.363030339884819,5.661725997924805
1747273699.5029833,-1.8153147226658943,-7.345080140645335,5.232334136962891
1747273699.5233066,-1.829052673525989,-7.330722557418901,5.544185638427734
1747273699.5442438,-1.8376532397611687,-7.317377350219408,6.679058074951172
1747273699.5628567,-1.8637690455316023,-7.290550349506225,5.354881286621094
1747273699.583881,-1.8866928808310157,-7.270091333984583,6.330728530883789
1747273699.6029422,-1.9029613602730688,-7.252193190345004,5.396842956542969
1747273699.6233375,-1.9370621212692705,-7.232659360478001,5.60450553894043
1747273699.6443133,-1.9539496585637104,-7.2177547646962354,6.009817123413086
1747273699.6657958,-1.9674083009160743,-7.200062175754775,7.873058319091797
1747273699.690933,-2.006747635869303,-7.172090487688155,6.80088996887207
1747273699.7112994,-2.0241527170396196,-7.152066709316152,7.193326950073242
1747273699.736839,-2.036402080413062,-7.137087822417499,9.61756706237793
1747273699.7528038,-2.0844906241367784,-7.1140616680412645,6.428003311157227
1747273699.769004,-2.1080744410595904,-7.0993409685394315,6.068229675292969
1747273699.7876275,-2.1257055966943557,-7.089100171842115,8.10384750366211
1747273699.8066745,-2.1362020356437843,-7.078975514098761,7.782220840454102
1747273699.8258185,-2.178752208773264,-7.066078797510374,6.634950637817383
1747273699.8454044,-2.1985968462903487,-7.052316070856546,7.737636566162109
1747273699.8720026,-2.208981410532873,-7.0400716696887375,7.573843002319336
1747273699.8967803,-2.2470608830130048,-7.026766583984955,8.43191146850586
1747273699.9159198,-2.2703022850243824,-7.006163745282721,7.190227508544922
1747273699.9384165,-2.2819002716169243,-6.9886588766681985,5.643129348754883
1747273699.9561605,-2.3189718137086808,-6.97332872690778,7.723569869995117
1747273699.9711804,-2.3363150445419856,-6.9646461177306485,5.7430267333984375
1747273699.9855766,-2.3516895684028265,-6.944955892604543,5.540609359741211
1747273700.0062006,-2.3576394765074777,-6.933994074858853,5.974292755126953
1747273700.023147,-2.4011571350307404,-6.914252837463719,5.320549011230469
1747273700.0379431,-2.41964205653177,-6.901394173561177,5.107879638671875
1747273700.0649283,-2.4314809050182555,-6.888406949772678,6.946802139282227
1747273700.0828211,-2.489487585236745,-6.870063643732682,5.13911247253418
1747273700.106604,-2.5112345272440213,-6.858934381739592,5.311489105224609
1747273700.1288857,-2.5182658195733483,-6.853704659102268,5.486488342285156
1747273700.14706,-2.542814597759736,-6.828124328897728,5.164384841918945
1747273700.165458,-2.55975209766752,-6.802023104540879,5.748510360717773
1747273700.182961,-2.567093609576606,-6.78334791606337,5.211830139160156
1747273700.2053761,-2.570811051093484,-6.769819845733713,5.436420440673828
1747273700.2231636,-2.595847873449653,-6.754497563415263,5.453348159790039
1747273700.2447646,-2.609770467013066,-6.736904175985797,6.880521774291992
1747273700.2625194,-2.6171386318618413,-6.722645027562876,5.213737487792969
1747273700.285293,-2.6268838800725387,-6.697203827987848,7.201910018920898
1747273700.30807,-2.6307557048369774,-6.6768033977558625,5.3462982177734375
1747273700.327793,-2.6356243830701733,-6.6589378806873984,5.018711090087891
1747273700.3432512,-2.6622134235336365,-6.6455791275675855,6.14476203918457
1747273700.3636208,-2.679026286183594,-6.628031533148355,5.39088249206543
1747273700.3862102,-2.6878509234994374,-6.612995692292804,7.339954376220703
1747273700.4040563,-2.699586517619215,-6.588703910226362,5.170583724975586
1747273700.423458,-2.7057891811188415,-6.567220118531702,6.757259368896484
1747273700.4397967,-2.714698384631862,-6.535353281813581,5.904674530029297
1747273700.4638636,-2.720176020216239,-6.508094036118679,5.7525634765625
1747273700.482905,-2.7215630043080137,-6.48640171612379,5.172252655029297
1747273700.5035236,-2.721416205207701,-6.465198171821827,5.364656448364258
1747273700.522846,-2.722648323162651,-6.444901207144817,5.082845687866211
1747273700.5427017,-2.7366918382306293,-6.427637446477736,4.990100860595703
1747273700.562679,-2.7419278643343734,-6.404358174775551,5.0296783447265625
1747273700.5806427,-2.7400507394302602,-6.378709401843603,5.303621292114258
1747273700.5980237,-2.744212363151145,-6.353802402910234,5.015850067138672
1747273700.6254702,-2.7430736576722805,-6.333602687233631,7.428407669067383
1747273700.6429183,-2.7396120752982687,-6.318349404870247,4.975318908691406
1747273700.6625767,-2.736438808768375,-6.3050983034429695,4.928350448608398
1747273700.6803591,-2.731951199866791,-6.286170308129648,5.034923553466797
1747273700.7035007,-2.732599420826391,-6.266300266463005,5.265951156616211
1747273700.7253664,-2.73184973674984,-6.253237625566811,7.474422454833984
1747273700.7430885,-2.7383716777003535,-6.230022221766638,5.226373672485352
1747273700.7629347,-2.743281811770785,-6.207323702869222,4.9991607666015625
1747273700.783801,-2.7445178585092713,-6.18032027622254,5.424976348876953
1747273700.804558,-2.7527399977270557,-6.16758104899239,6.7119598388671875
1747273700.822637,-2.755177453950543,-6.15754219628392,4.906415939331055
1747273700.842604,-2.7564628789618535,-6.1479645252424655,4.996061325073242
1747273700.8637328,-2.7615011832031917,-6.128058094619345,5.110979080200195
1747273700.8812106,-2.76213467821689,-6.107773142846562,6.138086318969727
1747273700.9031026,-2.7623701585840994,-6.088602924320186,5.1746368408203125
1747273700.924814,-2.7601909039523926,-6.081233235791449,6.672382354736328
1747273700.9448755,-2.758522053033468,-6.0800364139666465,6.794929504394531
1747273700.9626813,-2.7573472180519367,-6.08211393227549,4.9571990966796875
1747273700.984777,-2.7554642643355445,-6.083032121459911,6.683588027954102
1747273701.0049865,-2.7585628478312207,-6.080724100067941,6.697654724121094
1747273701.0250022,-2.761827597658677,-6.076900990015994,6.940364837646484
1747273701.0425332,-2.7634946626275885,-6.074076662331217,5.255460739135742
1747273701.063868,-2.767547879118447,-6.072481925899105,5.6591033935546875
1747273701.0834055,-2.768467857649579,-6.066717134248955,5.448818206787109
1747273701.0982878,-2.7717936007288237,-6.057824271341487,4.793643951416016
1747273701.1229851,-2.7723776564298426,-6.0549570913743285,4.973649978637695
1747273701.1457083,-2.774095029831858,-6.048313125248034,7.47227668762207
1747273701.165685,-2.7740927442146264,-6.039099371553211,7.416248321533203
1747273701.1903877,-2.7757310010750866,-6.030800086558381,5.481719970703125
1747273701.209238,-2.7763453178867477,-6.027755818374398,5.158901214599609
1747273701.230978,-2.772075873033368,-6.017915554058849,7.371664047241211
1747273701.2464328,-2.767539861121317,-6.014012942575183,5.675315856933594
1747273701.2608528,-2.7679174819085652,-6.010195132557155,4.919767379760742
1747273701.2793705,-2.7687913194282565,-6.009674402892838,5.967378616333008
1747273701.3036892,-2.766092364567869,-6.004813161220916,5.609273910522461
1747273701.3249114,-2.765425642363124,-6.000132957099821,6.67262077331543
1747273701.344769,-2.765051996182286,-5.998744023301465,6.738901138305664
1747273701.359419,-2.765212275369146,-5.985619527357291,4.93621826171875
1747273701.3778932,-2.7665452817781904,-5.976228446901593,4.8580169677734375
1747273701.4042258,-2.766381236048784,-5.970136139407074,5.499601364135742
1747273701.4257724,-2.769877984777312,-5.965289477824603,7.436513900756836
1747273701.4438431,-2.770128472404258,-5.966093841718487,5.769252777099609
1747273701.4635532,-2.769088892401445,-5.9647678396942965,5.051374435424805
1747273701.4856973,-2.770279893121586,-5.9607775959356,6.995439529418945
1747273701.503968,-2.7671524711947346,-5.9595745317783315,5.4454803466796875
1747273701.5227027,-2.7669064906729313,-5.958557554108519,5.126237869262695
1747273701.5387447,-2.7649848676802367,-5.95812733828149,5.063533782958984
1747273701.5637987,-2.7699092399109984,-5.9579264992113465,5.551815032958984
1747273701.582968,-2.7727646094916096,-5.958186554092979,5.031347274780273
1747273701.5999362,-2.7754764841938604,-5.9569608982119355,4.977226257324219
1747273701.6249218,-2.764797093911728,-5.957531423756428,6.720781326293945
1747273701.6468682,-2.758960061940966,-5.9561285617657695,8.714675903320312
1747273701.6638067,-2.7577155530634005,-5.9538803698480285,5.07664680480957
1747273701.683824,-2.762596639410032,-5.954729805083542,5.163431167602539
1747273701.704631,-2.7647737588265904,-5.953586346401823,6.707668304443359
1747273701.7321632,-2.7651250474310443,-5.952123603628754,7.391691207885742
1747273701.7544692,-2.7665372724583155,-5.954814872601495,5.790948867797852
1747273701.7688148,-2.7685093725425287,-5.956560398876627,4.767656326293945
1747273701.7824595,-2.7691441141712367,-5.95595868717959,5.012750625610352
1747273701.8028224,-2.7700252971541937,-5.953927880435604,5.076885223388672
1747273701.8177452,-2.771303236097272,-5.953281547843449,4.800319671630859
1747273701.8448362,-2.7709484026853177,-5.951666525735158,6.836652755737305
1747273701.859665,-2.7719714721690645,-5.946240443894498,4.918336868286133
1747273701.8839095,-2.774434863880054,-5.942708237408465,5.147457122802734
1747273701.9060712,-2.7754142009404776,-5.941208022140737,6.978511810302734
1747273701.9238803,-2.774261802844586,-5.938702651136262,5.591154098510742
1747273701.9448826,-2.7749658069746084,-5.938026765953001,5.486011505126953
1747273701.9628098,-2.7743025661486453,-5.939038244716333,4.941701889038086
1747273701.9849584,-2.773337751368713,-5.9371446082049015,5.507230758666992
1747273702.0062213,-2.773121354248875,-5.938064154560489,6.853342056274414
1747273702.0272405,-2.7725308382815697,-5.937742991436823,8.646488189697266
1747273702.0450058,-2.7712344111155196,-5.9365066654830505,5.323171615600586
1747273702.0647137,-2.772400893087999,-5.934156277650182,6.697416305541992
1747273702.0829315,-2.7698666612844787,-5.935410691709642,4.976987838745117
1747273702.108504,-2.767926762911989,-5.935768147442427,5.102634429931641
1747273702.1309824,-2.7667660830027767,-5.935438388127451,5.411863327026367
1747273702.1547232,-2.76372160380119,-5.936028434641966,5.991220474243164
1747273702.1767683,-2.762782169773632,-5.933773128892221,5.825519561767578
1747273702.327176,-2.7667784067612304,-5.932897517783637,6.513357162475586
1747273702.3440144,-2.7680204913240463,-5.933658318634408,5.651712417602539
1747273702.3601718,-2.769194155411499,-5.932535818006436,5.529880523681641
1747273702.3801947,-2.7673557983854677,-5.931254002449834,6.577730178833008
1747273702.4054568,-2.7646060675252824,-5.928067309576889,7.2917938232421875
1747273702.4208763,-2.7639019063166526,-5.924436025344505,4.874944686889648
1747273702.4463408,-2.7635150794210674,-5.923057918335097,7.180213928222656
1747273702.4778824,-2.7674049462654255,-5.916969302566219,6.6776275634765625
1747273702.5004992,-2.76838881188349,-5.904388050298834,6.590843200683594
1747273702.521771,-2.7696191391636193,-5.897904649089623,5.858659744262695
1747273702.5363932,-2.7754558748320557,-5.891822978669891,4.904747009277344
1747273702.5497987,-2.7787877286188154,-5.890329948238091,4.846334457397461
1747273702.5651338,-2.77832029270559,-5.889573864006782,5.326271057128906
1747273702.5831003,-2.7768409884076624,-5.874098727295196,4.989385604858398
1747273702.606555,-2.7854029138517955,-5.859587630600479,7.265329360961914
1747273702.620057,-2.790742502596237,-5.851794077912751,4.795551300048828
1747273702.6446004,-2.791026872383357,-5.832323286571929,5.706548690795898
1747273702.6647067,-2.816181378282793,-5.814795302084354,5.178928375244141
1747273702.6794982,-2.8206204594295916,-5.801448475036803,5.259990692138672
1747273702.7034633,-2.8203074042834437,-5.768894957221375,5.356788635253906
1747273702.7233005,-2.8184106249547227,-5.746371037116015,5.206108093261719
1747273702.743192,-2.832911619573162,-5.722254679639644,5.097389221191406
1747273702.7633731,-2.8394643476484993,-5.700271071430386,5.198240280151367
1747273702.7833505,-2.841659713013075,-5.680256173223817,5.107879638671875
1747273702.7981122,-2.855393060045132,-5.664929404847013,4.92548942565918
1747273702.8181257,-2.859369479177626,-5.642712274303779,4.958868026733398
1747273702.8384402,-2.8598400894624287,-5.617047816090351,5.060434341430664
1747273702.865931,-2.86952593771896,-5.573238441089527,5.414724349975586
1747273702.8838918,-2.8746044630173686,-5.546584516739536,5.831718444824219
1747273702.9051843,-2.8770500456172314,-5.514150681351814,6.765604019165039
1747273702.9269307,-2.8799592298328336,-5.487551521414304,6.367921829223633
1747273702.947782,-2.872671791448539,-5.458882291913773,6.345272064208984
1747273702.9629893,-2.8679208390746163,-5.44059461539682,5.339622497558594
1747273702.9842496,-2.8681590839260167,-5.40887035925131,5.279064178466797
1747273702.999671,-2.8889784629500546,-5.36922021142982,4.98199462890625
1747273703.0234559,-2.896500090858775,-5.320194839913778,5.384206771850586
1747273703.038635,-2.9001535222449477,-5.294184401011378,5.034923553466797
1747273703.0673656,-2.9071327116519448,-5.239477124185201,7.193803787231445
1747273703.0894618,-2.908421216330448,-5.1899285002749425,6.758689880371094
1747273703.1040485,-2.9079171124579646,-5.140331522099581,5.088329315185547
1747273703.127129,-2.8864920725732595,-5.08411591054401,8.207559585571289
1747273703.1472893,-2.8735185258350397,-5.038092028853675,7.969141006469727
1747273703.1673172,-2.8653680859108204,-5.004133320414213,7.635831832885742
1747273703.1821568,-2.864849660773287,-4.9791321639599015,5.658149719238281
1747273703.2033267,-2.875970644926575,-4.9153216740456855,5.239963531494141
1747273703.2238688,-2.88144366922803,-4.8664131794185055,5.522251129150391
1747273703.2434328,-2.881473945324287,-4.821470370412958,5.255699157714844
1747273703.2602592,-2.8552611795409297,-4.7807694098747815,4.893302917480469
1747273703.2836115,-2.837234939446189,-4.7233730230630435,5.552530288696289
1747273703.3050396,-2.824747861589477,-4.67665288102095,6.838560104370117
1747273703.324365,-2.812618277713652,-4.625274739861446,5.866050720214844
1747273703.3438938,-2.811964898884974,-4.559719515372352,5.309343338012695
1747273703.3632436,-2.812354451621422,-4.5046457123807135,5.10859489440918
1747273703.3851368,-2.782603803373525,-4.459692466679044,5.275964736938477
1747273703.4036183,-2.76540529285917,-4.407465623348885,5.471944808959961
1747273703.4263842,-2.756912805014181,-4.352537479606305,8.098363876342773
1747273703.4451354,-2.751065312125841,-4.308324288479706,6.776332855224609
1747273703.4653938,-2.7166326548643522,-4.243209689258886,5.626916885375977
1747273703.4852316,-2.7043931471761504,-4.195145647900191,6.88934326171875
1747273703.503488,-2.699890094290972,-4.154305460197644,5.460262298583984
1747273703.5241506,-2.6847765154635375,-4.094694543268203,6.092548370361328
1747273703.5469184,-2.678569205769766,-4.040069984424848,8.415937423706055
1747273703.5641477,-2.6770454620949966,-3.9969540619042423,6.320476531982422
1747273703.5789406,-2.6667567129925476,-3.930841337901052,5.064964294433594
1747273703.6038332,-2.6195351324939895,-3.83892636508939,5.384206771850586
1747273703.623707,-2.6056799272655233,-3.780020337825806,5.349397659301758
1747273703.6443875,-2.596432260137398,-3.726953619648894,5.402803421020508
1747273703.6632564,-2.589166228934252,-3.6865495301524045,5.896091461181641
1747273703.6870923,-2.5486139067739026,-3.6089606532626073,8.924007415771484
1747273703.7035346,-2.534010339640761,-3.5605412732783432,5.356550216674805
1747273703.7235801,-2.5268145910336806,-3.5108734421517944,5.437374114990234
1747273703.7434578,-2.524753290661557,-3.4573306492305185,5.306482315063477
1747273703.7638419,-2.4730834693941355,-3.400627188230369,5.392313003540039
1747273703.7838423,-2.4520294287370596,-3.359610833032814,5.412578582763672
1747273703.8041742,-2.4367152774824548,-3.314173963237941,6.038427352905273
1747273703.8256574,-2.4048758496936915,-3.259871285760052,7.0953369140625
1747273703.8462157,-2.3880804237074247,-3.2195687477148067,6.888866424560547
1747273703.8675566,-2.374221785012235,-3.1701713859185916,7.110834121704102
1747273703.8910947,-2.3162024863690447,-3.1043028024374952,6.076812744140625
1747273703.9123805,-2.282961457171153,-3.0251401102024364,7.11512565612793
1747273703.930841,-2.256726905836414,-2.968004805025664,5.748271942138672
1747273703.9466126,-2.203791919686183,-2.900518742400479,6.03485107421875
1747273703.9671752,-2.1602074008081766,-2.8346698116470725,8.267641067504883
1747273703.9866803,-2.127347640633203,-2.7765754477004605,7.921695709228516
1747273704.008811,-2.093450931217316,-2.7222990745940625,10.012149810791016
1747273704.0340898,-2.062360823024807,-2.662954455781784,8.780956268310547
1747273704.056094,-2.0341214626200337,-2.6070059960238745,7.084846496582031
1747273704.0761282,-2.0102020736120694,-2.5685366749507796,6.434440612792969
1747273704.0915363,-1.9707383201070832,-2.506386059493961,6.226539611816406
1747273704.10632,-1.9241620857003066,-2.434081125203069,6.546258926391602
1747273704.1268048,-1.8900052734283623,-2.378215493511172,7.83538818359375
1747273704.1447783,-1.8572377002262688,-2.3226998676953627,6.548166275024414
1747273704.1645136,-1.8238961561956135,-2.272674227885586,6.294727325439453
1747273704.1869097,-1.7842885616818112,-2.2270520641027245,8.32056999206543
1747273704.205027,-1.7346169849507969,-2.1609582470715574,5.893945693969727
1747273704.224064,-1.6660159562893155,-2.0926165554349168,5.925655364990234
1747273704.2392812,-1.6242502347674992,-2.049784645491011,5.631923675537109
1747273704.2639737,-1.5734523034522827,-1.9926223166790873,5.6667327880859375
1747273704.2793653,-1.5473060638395795,-1.9466570526579272,5.569219589233398
1747273704.3060186,-1.4983585956975878,-1.8850984081550732,7.903814315795898
1747273704.32974,-1.4506457304565057,-1.840284408160348,9.794950485229492
1747273704.3507419,-1.4037777591542455,-1.7795592774906484,6.014108657836914
1747273704.3707001,-1.350667996577553,-1.7315950107050302,5.792140960693359
1747273704.3908014,-1.283611903511533,-1.690170354125779,5.554437637329102
1747273704.4080193,-1.2370812842452796,-1.6399731929216104,5.760431289672852
1747273704.4243417,-1.1855706194671893,-1.599773522850608,5.183696746826172
1747273704.4398339,-1.1496603585250609,-1.5810530319237714,5.591630935668945
1747273704.466888,-1.069060604072341,-1.552368915036257,7.964134216308594
1747273704.4878564,-0.9742076160947988,-1.4991431697594333,8.544683456420898
1747273704.508089,-0.9140539253231412,-1.4645912715952336,7.798194885253906
1747273704.526954,-0.8375615406922392,-1.4375213179891744,7.460832595825195
1747273704.5475745,-0.7877167928076416,-1.4135675750894776,8.012771606445312
1747273704.567758,-0.7045690678705354,-1.3843555756502492,8.429288864135742
1747273704.5840452,-0.6501470103307537,-1.3709818055016652,6.97636604309082
1747273704.5990534,-0.5688523145141653,-1.3422241528607581,5.0811767578125
1747273704.6235635,-0.4684185201130743,-1.3204380013494283,5.2013397216796875
1747273704.6386015,-0.4204905154234968,-1.31188918221691,4.973649978637695
1747273704.664871,-0.3507593979955006,-1.2852627663500324,6.03032112121582
1747273704.6839917,-0.29684751555023103,-1.2673758546392095,5.875587463378906
1747273704.7034895,-0.25052721167441505,-1.2570965641042748,5.385160446166992
1747273704.7238786,-0.2079483607849926,-1.248331909687908,5.779743194580078
1747273704.7437298,-0.09588905391682025,-1.2366467615146162,5.357265472412109
1747273704.7634811,0.0045820984454286295,-1.2320501381687163,5.332708358764648
1747273704.783608,0.07818372769163799,-1.2293006056646643,5.354642868041992
1747273704.8037274,0.13224352829905625,-1.2199608935563626,5.4569244384765625
1747273704.8239777,0.1606838648901004,-1.2228073378730582,5.725383758544922
1747273704.8476775,0.18990772603653103,-1.2242841067977062,7.198572158813477
1747273704.8718274,0.2215791567502244,-1.2259894719406117,5.835771560668945
1747273704.8871474,0.2431196695245023,-1.2295518710015143,6.249189376831055
1747273704.9058719,0.46260278267671967,-1.2681107886835266,7.568359375
1747273704.923614,0.6161260737704857,-1.2959609913706038,5.213499069213867
1747273704.9452515,0.6844959350994125,-1.3120285999458827,4.977226257324219
1747273704.9641113,0.7597998445846292,-1.3309746571944816,5.219221115112305
1747273704.9837193,0.8328681320471627,-1.3486483699328293,5.120754241943359
1747273705.0071447,0.8891429227116054,-1.3631632001999006,8.607149124145508
1747273705.027751,0.975653458256548,-1.3792922368329414,8.113384246826172
1747273705.0444813,1.0325624546793373,-1.3980367730952423,5.538463592529297
1747273705.064447,1.0644083340337411,-1.406396134965383,6.291866302490234
1747273705.0874982,1.1138890947946516,-1.4214590852491527,8.433103561401367
1747273705.1039932,1.1621737739377127,-1.4483080375482442,5.657672882080078
1747273705.1233318,1.2462970987308335,-1.4805728394213085,4.995584487915039
1747273705.143661,1.3147439243171162,-1.5003950514059552,5.064487457275391
1747273705.1640549,1.3561470385063619,-1.5281328805732186,5.714893341064453
1747273705.1831634,1.4113340926611093,-1.5537430279543418,4.937887191772461
1747273705.2035809,1.4770238992185263,-1.572495383329979,5.04612922668457
1747273705.2240071,1.5691297201749128,-1.6047436584239971,5.53131103515625
1747273705.2446733,1.6599699003843267,-1.62380655781359,6.344079971313477
1747273705.2626066,1.741182285545038,-1.6339046110527637,5.678415298461914
1747273705.2957416,1.8433922543752332,-1.6566542097881776,17.02737808227539
1747273705.3143451,1.9021844570567799,-1.692864599687962,5.100727081298828
1747273705.335176,1.9686263319226946,-1.7257017496341593,7.050991058349609
1747273705.363715,2.029354929348789,-1.757024463894129,6.192684173583984
1747273705.3782628,2.100392801062207,-1.777292686926165,5.13005256652832
1747273705.3929987,2.179208135491121,-1.799382821357256,5.215644836425781
1747273705.4074955,2.251552016967125,-1.815388378523815,5.382061004638672
1747273705.4236398,2.3302770253070215,-1.854317336289083,5.565643310546875
1747273705.4469705,2.3913815627605466,-1.8816295565189551,8.121252059936523
1747273705.4683259,2.4504589515353974,-1.9069177681006422,6.12330436706543
1747273705.4874074,2.5067775324276362,-1.9457596658184748,7.640838623046875
1747273705.5053103,2.551683752828109,-1.977585770666388,6.20579719543457
1747273705.5244787,2.5894195975298704,-2.00365936086823,5.828619003295898
1747273705.5411403,2.6198781625529235,-2.0187896532501255,5.882501602172852
1747273705.564878,2.687260276488899,-2.062560296695311,5.790472030639648
1747273705.5871785,2.7391681447952916,-2.0932261404875225,7.374048233032227
1747273705.6041899,2.7909176800363196,-2.117468708355715,5.642890930175781
1747273705.6242342,2.830294262454325,-2.164722643685421,5.684852600097656
1747273705.6438699,2.848238996869813,-2.211893081201552,5.563259124755859
1747273705.6644826,2.8775396899214902,-2.2427476057382942,5.748987197875977
1747273705.6849966,2.8236939079471597,-2.317148538227722,6.438255310058594
1747273705.704351,2.8422340614716393,-2.3608818518445687,5.929470062255859
1747273705.7242918,2.8657000783234112,-2.3981188361065016,5.9528350830078125
1747273705.7446656,2.896550288825335,-2.4504877533228515,6.094455718994141
1747273705.764312,2.9150736854290855,-2.4937854517816955,5.928516387939453
1747273705.7840767,2.922150964876284,-2.5361968485468065,5.733251571655273
1747273705.804696,2.8667923870923486,-2.607547224467488,5.845546722412109
1747273705.8197734,2.8268550568882795,-2.6641356056857153,5.728483200073242
1747273705.8451467,2.7768343246532114,-2.74800294169547,5.808353424072266
1747273705.8654795,2.7499633990110426,-2.806961298338325,5.974769592285156
1747273705.8842366,2.74160458067368,-2.852992987922328,5.746126174926758
1747273705.9092853,2.739900556907316,-2.900610469424195,6.889820098876953
1747273705.9245625,2.741556400205772,-2.95595991159928,5.855560302734375
1747273705.9463198,2.7255374125473355,-2.998504337098884,7.529258728027344
1747273705.9644241,2.7110984908329976,-3.04951199231006,6.013631820678711
1747273705.9863408,2.7003094162818226,-3.0904768883521823,6.705760955810547
1747273706.0126634,2.7179933618440466,-3.126894640647761,6.984233856201172
1747273706.0281045,2.734564346446473,-3.155229994484347,6.323575973510742
1747273706.0441613,2.7742585551531205,-3.2039034036758705,5.563497543334961
1747273706.0660315,2.8243758325739514,-3.257462244117152,7.2116851806640625
1747273706.0841627,2.852289634764641,-3.3010267794344936,5.379915237426758
1747273706.1058595,2.8805373875593236,-3.342137463907383,7.016658782958984
1747273706.1242485,2.8868094799887443,-3.383823188599939,5.7468414306640625
1747273706.1435387,2.939779364837751,-3.4256130117874846,5.123376846313477
1747273706.1636395,2.968275311107347,-3.4619232331112064,5.154609680175781
1747273706.1839936,2.9818139738321534,-3.500039840480498,5.110025405883789
1747273706.2035592,3.017914988078886,-3.545358112052149,5.087137222290039
1747273706.2236578,3.0423919217479574,-3.5969439352755472,5.33294677734375
1747273706.2450027,3.049986624905177,-3.6503512623155245,5.822181701660156
1747273706.2692227,3.1523769053787243,-3.6863642230367026,4.784822463989258
1747273706.2855656,3.184383260718598,-3.7354742028769543,6.607294082641602
1747273706.303734,3.191727614673543,-3.7746225563686644,5.273103713989258
1747273706.3236926,3.1923938930562987,-3.8137518472704586,5.00941276550293
1747273706.3454256,3.2147885834292818,-3.8535602113719976,6.659030914306641
1747273706.3659098,3.217265413076867,-3.8861009953011716,6.571292877197266
1747273706.3858752,3.2230423394766747,-3.9313278891255763,7.010698318481445
1747273706.400948,3.2330476190529147,-3.971128741815928,4.76384162902832
1747273706.425589,3.238279439604008,-4.03854644650732,6.636381149291992
1747273706.444051,3.223686838347897,-4.098825269275651,5.219221115112305
1747273706.4647088,3.208145646546304,-4.1538464159837645,5.232095718383789
1747273706.4840946,3.181352826921592,-4.2086400973837925,5.18345832824707
1747273706.5036094,3.1949773426908616,-4.27272601607424,5.007743835449219
1747273706.5237968,3.203866047383604,-4.3380796752171875,5.1136016845703125
1747273706.543921,3.204218353043269,-4.400093309307096,5.346059799194336
1747273706.5654433,3.21521882332906,-4.464075931127384,6.542444229125977
1747273706.5797997,3.2261394776888044,-4.516484386679076,4.586696624755859
1747273706.603773,3.2358849968743146,-4.5907738868143495,5.143404006958008
1747273706.6243298,3.2367269418931315,-4.6438115988181154,5.5713653564453125
1747273706.638866,3.2535957980027677,-4.67862099382348,4.7321319580078125
1747273706.6656694,3.264671835557894,-4.74482589679211,6.748199462890625
1747273706.686868,3.266376216329128,-4.7929852534899196,8.109569549560547
1747273706.706087,3.2857705155797126,-4.837502132134463,5.886554718017578
1747273706.7257206,3.2944160328522765,-4.877899973401645,6.910562515258789
1747273706.7458994,3.294916602251618,-4.91790327479927,6.6280364990234375
1747273706.7657642,3.314670782935931,-4.966783309382299,5.38945198059082
1747273706.7833798,3.3318313301073466,-5.014096593186356,4.961729049682617
1747273706.8060865,3.3482997513987693,-5.066215186728693,7.36689567565918
1747273706.8273385,3.3762351721287076,-5.115466569326971,7.002115249633789
1747273706.8480194,3.396873548821164,-5.163373252780911,8.05807113647461
1747273706.8744104,3.4116866039084184,-5.223331166694897,5.782127380371094
1747273706.894362,3.4077673914186803,-5.248755894078505,5.391836166381836
1747273706.9143848,3.4044544827153986,-5.2978215767072365,5.52678108215332
1747273706.933354,3.4015404865746226,-5.319817322616416,5.662679672241211
1747273706.9495335,3.4044520274550973,-5.361177247097367,4.99725341796875
1747273706.965687,3.4176924655077987,-5.4334300315826685,6.2160491943359375
1747273706.9844184,3.430664680973203,-5.491592843978491,5.52678108215332
1747273707.00578,3.450463664604647,-5.548428173016752,6.835460662841797
1747273707.023181,3.456204854513344,-5.59679435360885,5.798578262329102
1747273707.0442512,3.4635407627375563,-5.6491056207169885,5.4073333740234375
1747273707.066047,3.4714341935859294,-5.69322962829374,6.899118423461914
1747273707.0849366,3.479329910815236,-5.741660034119739,5.579948425292969
1747273707.1042752,3.4627938661116273,-5.793384906449649,5.443811416625977
1747273707.1240194,3.459857281753821,-5.842408859695624,5.353212356567383
1747273707.1445384,3.458746719151866,-5.884300801539003,5.699872970581055
1747273707.1662192,3.42995583297703,-5.939854905461314,7.058858871459961
1747273707.1861882,3.41037513785721,-5.989879121618894,7.251977920532227
1747273707.3330438,3.278822979502188,-6.326376994487011,6.127834320068359
1747273707.3542674,3.2618846732032742,-6.388658808763841,5.48863410949707
1747273707.3705533,3.2549107095564525,-6.434165912714579,5.85627555847168
1747273707.39426,3.2396548458207834,-6.501403275503739,5.905628204345703
1747273707.410235,3.2333901829673755,-6.5486113434903785,5.653858184814453
1747273707.4259508,3.1552954439813576,-6.594983149855035,5.465507507324219
1747273707.4440277,3.118412121806449,-6.614416339266876,7.450342178344727
1747273707.4644296,3.0915954690891665,-6.658671603430259,5.673885345458984
1747273707.4845176,3.021881417955387,-6.694769248208893,5.834341049194336
1747273707.5042672,2.976701819467637,-6.73185841517477,5.557775497436523
1747273707.5247064,2.9392879112873436,-6.766855513850527,6.031513214111328
1747273707.5482862,2.9126932048444525,-6.803686068731412,8.410215377807617
1747273707.564485,2.8740627376101493,-6.842939457093558,5.634784698486328
1747273707.585294,2.844949071912697,-6.87109528156525,5.472898483276367
1747273707.6061335,2.819818294357509,-6.900572843977752,7.246494293212891
1747273707.624547,2.7572201053318914,-6.921860812009727,5.609035491943359
1747273707.6406276,2.723417666348033,-6.929986939022495,5.486488342285156
1747273707.6677094,2.6840858817198323,-6.945527237428316,7.530927658081055
1747273707.684376,2.637320739206406,-6.96125134329449,5.792140960693359
1747273707.7051287,2.5999944585859733,-6.982709899045246,6.22105598449707
1747273707.7292867,2.5780883586181806,-6.9968092449090635,10.143280029296875
1747273707.7530494,2.563961980051041,-7.004936822842093,7.314443588256836
1747273707.7751837,2.55420165563818,-7.013065717165043,6.7958831787109375
1747273707.8036401,2.518199269328025,-7.019474692612023,6.125450134277344
1747273707.8207886,2.4807928337508334,-7.024652598493923,5.704641342163086
1747273707.848862,2.440254075521599,-7.028023080330204,5.706071853637695
1747273707.8644905,2.4161443664632323,-7.029720154746998,5.328655242919922
1747273707.8864691,2.4024721948411263,-7.030344496662979,5.734682083129883
1747273707.9041686,2.401613488627105,-7.0322096408926456,6.949424743652344
1747273707.9248507,2.3413094238637933,-7.022790481621632,5.582332611083984
1747273707.939899,2.305126195406661,-7.018301183783077,5.2928924560546875
1747273707.9647663,2.2745356828896646,-7.016666907119795,5.999326705932617
1747273707.9843755,2.2275097619856625,-7.010896422873722,5.596399307250977
1747273708.0048804,2.194953878790715,-7.004268580612808,5.395412445068359
1747273708.024357,2.170799147609206,-6.995855440933295,5.545854568481445
1747273708.0444813,2.1334446363835236,-6.986946152061339,5.330801010131836
1747273708.079125,2.1055366056125737,-6.975267295734458,5.32984733581543
1747273708.1042798,2.0887573358634635,-6.9650505275102645,8.35418701171875
1747273708.123596,2.0372998437041905,-6.963310511714004,7.506847381591797
1747273708.138805,2.0057537767844007,-6.963203410242359,4.967927932739258
1747273708.1540885,1.982248170192516,-6.963271205631737,4.912376403808594
1747273708.1713965,1.9399448205184795,-6.954070411830116,5.184650421142578
1747273708.1881998,1.9099569065291027,-6.942180769661682,7.666349411010742
1747273708.2123227,1.8848214937610621,-6.929184578182457,7.71784782409668
1747273708.2317147,1.8673086364160005,-6.9191888378360815,5.389928817749023
1747273708.2529204,1.812797058020395,-6.912051107447492,6.455183029174805
1747273708.2738214,1.76720084405994,-6.899761970459645,5.686521530151367
1747273708.2981186,1.7348311155989757,-6.883769057281047,4.782676696777344
1747273708.3162007,1.6863790493399549,-6.875884812917485,7.073879241943359
1747273708.3458967,1.6375726410683906,-6.8651144886688105,6.597042083740234
1747273708.3607888,1.6036346951670393,-6.854080211591841,5.308389663696289
1747273708.3785796,1.5426003570165074,-6.849204807119282,6.539106369018555
1747273708.3922937,1.5150786168505566,-6.846098391000759,4.704713821411133
1747273708.4124713,1.500099011974407,-6.842341625762936,5.6896209716796875
1747273708.4274352,1.4877382026804196,-6.8403552471246005,5.706787109375
1747273708.4480293,1.4075599212240089,-6.84230899102813,6.581783294677734
1747273708.4672549,1.352873945888779,-6.8426038842816,7.372140884399414
1747273708.4871926,1.327020040268049,-6.839334047079318,6.960868835449219
1747273708.5047936,1.2822481304208841,-6.834722985508263,4.8084259033203125
1747273708.5255725,1.2542009073154052,-6.82941311685568,6.653308868408203
1747273708.5447614,1.2308590616511843,-6.823034730424336,5.493640899658203
1747273708.5662575,1.173874043441879,-6.840453119292848,5.712747573852539
1747273708.5876286,1.137567411387324,-6.848457669736265,7.049322128295898
1747273708.6094792,1.1145734595452916,-6.85453559665313,6.909608840942383
1747273708.6322489,1.0354466755055278,-6.85720579508393,5.92494010925293
1747273708.6531699,0.9812639954606315,-6.852457798637311,6.232738494873047
1747273708.666957,0.941250337879032,-6.8495289407883,4.924297332763672
1747273708.685007,0.9092019904040562,-6.848687112508938,5.811214447021484
1747273708.710646,0.8439467840538276,-6.852657147344831,9.398460388183594
1747273708.7252676,0.805401363536487,-6.85159312599198,5.065441131591797
1747273708.7460663,0.7761216859195718,-6.850776014002519,6.6013336181640625
1747273708.7663097,0.7013739161341267,-6.84866302678512,6.67572021484375
1747273708.7867277,0.6394404099739641,-6.84478127041264,6.95037841796875
1747273708.8092322,0.6030585163297282,-6.843675596247668,5.124807357788086
1747273708.8244238,0.5318792181851932,-6.861364405849551,5.04612922668457
1747273708.8450706,0.49377839067626467,-6.871927464981824,5.618095397949219
1747273708.870334,0.46690180697021716,-6.878167248165212,5.354166030883789
1747273708.8871555,0.4502713013058068,-6.8886037544958745,7.246732711791992
1747273708.9063618,0.3780396876332266,-6.9003827318884605,7.0323944091796875
1747273708.9207954,0.33655365293180733,-6.908552422526437,5.138635635375977
1747273708.944373,0.292631758186281,-6.923047286353849,5.139589309692383
1747273708.9592495,0.2444025410426097,-6.927908646567252,5.048036575317383
1747273708.9844997,0.19729699711088766,-6.943894386046753,5.312442779541016
1747273709.0064123,0.16852827634072012,-6.955112585169737,6.743192672729492
1747273709.0265212,0.08856383900996383,-6.98737387851203,6.654024124145508
1747273709.0450585,0.03899257008309268,-7.019864790638392,5.208015441894531
1747273709.06624,0.008850680101222594,-7.046324077502122,6.6623687744140625
1747273709.0867302,-0.07695221248422252,-7.069929272974958,6.7844390869140625
1747273709.1046054,-0.13397970169966564,-7.084996776091968,5.517005920410156
1747273709.1260424,-0.1711278592118753,-7.103629068786383,6.884098052978516
1747273709.145344,-0.1894937953558571,-7.116579066900645,6.355524063110352
1747273709.1681273,-0.2707473007297816,-7.141381399830974,8.532524108886719
1747273709.1895573,-0.30162659473083525,-7.157754704945729,8.147478103637695
1747273709.2143521,-0.3302145120978327,-7.174954592613273,5.151033401489258
1747273709.2382262,-0.4066296680933462,-7.206947275312645,6.030797958374023
1747273709.2587638,-0.43843025016474446,-7.226395739126932,4.993200302124023
1747273709.2756872,-0.46917128569225874,-7.247746179580358,4.89497184753418
1747273709.2919698,-0.5520800375330642,-7.27203966755933,5.205392837524414
1747273709.306153,-0.5889347152745115,-7.286842713400282,5.126953125
1747273709.3199375,-0.6072741150146037,-7.297025408996189,4.546642303466797
1747273709.3448298,-0.6363616203200809,-7.3136802533726115,5.056858062744141
1747273709.3676062,-0.7291333184178008,-7.338544869155476,8.148193359375
1747273709.3834107,-0.7703511167371119,-7.356683510699324,4.910707473754883
1747273709.4002764,-0.799751358617651,-7.374125137557506,4.630804061889648
1747273709.4255695,-0.8977712006552545,-7.3894645831078005,6.472110748291016
1747273709.4438477,-0.9443777937032546,-7.405845852951454,4.872798919677734
1747273709.4658413,-0.9692508671877623,-7.420112119249548,6.328821182250977
1747273709.4881768,-1.0290388200872356,-7.429552924236842,7.927656173706055
1747273709.5084333,-1.0825817311394608,-7.444453363745203,7.686376571655273
1747273709.5247905,-1.1104104441229463,-7.457294431343606,4.84013557434082
1747273709.5459504,-1.2074414289612903,-7.4704842115818595,6.4601898193359375
1747273709.564102,-1.2886993674041154,-7.481063012120622,4.853248596191406
1747273709.5791771,-1.326198265265464,-7.486525791911944,4.999637603759766
1747273709.6071963,-1.3694605329492175,-7.496012172438648,7.722139358520508
1747273709.6265633,-1.4294687775914776,-7.496601119531068,6.471157073974609
1747273709.6459467,-1.4842069212192432,-7.500087827931277,6.528139114379883
1747273709.6660562,-1.5243355399844818,-7.501993975544002,6.760120391845703
1747273709.6876605,-1.5511758144367738,-7.504822831673444,8.462667465209961
1747273709.7067232,-1.5696856783429949,-7.505292200377997,6.799459457397461
1747273709.7251463,-1.621974738491598,-7.501274821895791,5.185127258300781
1747273709.7462213,-1.6636823579671158,-7.500335448698918,6.86192512512207
1747273709.764723,-1.6873993525580304,-7.499715786680711,5.646228790283203
1747273709.7844882,-1.7611019396541152,-7.495815730324783,5.397558212280273
1747273709.8046439,-1.8153716802247888,-7.497415570297001,5.401849746704102
1747273709.8247306,-1.855170913782293,-7.4949709701101,5.814313888549805
1747273709.846393,-1.9227899002386113,-7.487095393172847,7.532835006713867
1747273709.86461,-1.9661069335974308,-7.4806410681435525,5.702972412109375
1747273709.8852196,-2.0002352810258732,-7.473145962393919,5.886554718017578
1747273709.905232,-2.0292869652428314,-7.467246478752729,6.054162979125977
1747273709.9305296,-2.056498092685624,-7.4602609143647545,8.167028427124023
1747273709.9483936,-2.0618146981597016,-7.456727869557293,7.546901702880859
1747273709.9681401,-2.087135119007644,-7.448931133550927,7.918834686279297
1747273709.985454,-2.1704409631741366,-7.4359140029523605,6.133079528808594
1747273710.010827,-2.2180581593137436,-7.424692465969388,8.25953483581543
1747273710.0316758,-2.2377044050899717,-7.411589527224117,8.437871932983398
1747273710.0505428,-2.287707048185185,-7.387935585488484,8.220195770263672
1747273710.066843,-2.326432738021518,-7.357976958541531,5.722284317016602
1747273710.0825531,-2.348651102751008,-7.33051141406176,5.574703216552734
1747273710.1013353,-2.4000942440502,-7.306494266839805,5.40471076965332
1747273710.1251132,-2.429962556462233,-7.284849559687278,5.765199661254883
1747273710.1451259,-2.4435222382099644,-7.264504834647557,5.684614181518555
1747273710.1651363,-2.4553017666029358,-7.241623391971514,5.496978759765625
1747273710.1801403,-2.50787413425903,-7.25206336841095,5.415916442871094
1747273710.2074919,-2.5401909813679366,-7.239269659738824,6.4373016357421875
1747273710.2284753,-2.55715631135871,-7.226460057704256,7.992029190063477
1747273710.2520173,-2.577513264327517,-7.211827626143784,9.852170944213867
1747273710.266349,-2.591039175514543,-7.194193387132782,5.712985992431641
1747273710.2816706,-2.5967957575018272,-7.18385764191068,5.341291427612305
1747273710.3047965,-2.6205222843702085,-7.140777126591726,5.39708137512207
1747273710.326192,-2.6353905662914787,-7.105740603789405,7.28154182434082
1747273710.3447568,-2.6503694598533336,-7.071996975680207,5.444049835205078
1747273710.3647482,-2.674095776310027,-7.058492759799919,5.327463150024414
1747273710.3871925,-2.68652063647141,-7.046491237833275,7.6122283935546875
1747273710.4090526,-2.695434375608931,-7.033582036513174,8.194684982299805
1747273710.4271095,-2.6977077974508346,-7.022544985209173,7.266044616699219
1747273710.449961,-2.7209427949944653,-6.994052906743457,10.465860366821289
1747273710.4666703,-2.732005961614079,-6.973760372114775,5.948066711425781
1747273710.4837313,-2.7416832904282393,-6.956806029435814,6.052970886230469
1747273710.506522,-2.767222328606944,-6.931176782947646,6.885051727294922
1747273710.5233347,-2.7744962480395268,-6.920924298692152,5.754947662353516
1747273710.5412357,-2.779005612745347,-6.912120432738355,5.461454391479492
1747273710.5687203,-2.7812574671799357,-6.877496101276554,8.028984069824219
1747273710.586854,-2.7813051918429825,-6.849288638544763,6.754636764526367
1747273710.612653,-2.780466514137529,-6.824835095357235,6.852149963378906
1747273710.6300106,-2.8023895949790023,-6.8034101428239735,5.031585693359375
1747273710.646326,-2.8114866197971486,-6.775457912119525,5.2242279052734375
1747273710.66533,-2.818954830088726,-6.74546398972071,5.27644157409668
1747273710.685129,-2.821087245309865,-6.710407696111037,5.50532341003418
1747273710.705513,-2.8258232011673776,-6.663277832402352,5.2280426025390625
1747273710.7248323,-2.8282107030832058,-6.631225488560234,5.33747673034668
1747273710.744731,-2.832286099803808,-6.604088601434836,5.346536636352539
1747273710.76506,-2.834001351821953,-6.5731361390688905,5.793571472167969
1747273710.7845123,-2.8366555498183215,-6.541623068086186,5.178689956665039
1747273710.8048973,-2.8352954187070836,-6.51167412615039,5.339384078979492
1747273710.8244684,-2.8365802008116185,-6.481634297569405,5.229711532592773
1747273710.8444033,-2.8371621346797755,-6.447408885526563,5.069494247436523
1747273710.86428,-2.838465213103599,-6.4159596207566985,5.049943923950195
1747273710.8874233,-2.8439240245364474,-6.387780482226988,7.357120513916016
1747273710.9066057,-2.8487667378234622,-6.340280091866732,6.8817138671875
1747273710.9262328,-2.851573865403685,-6.29562840338327,6.798267364501953
1747273710.9483628,-2.8551005151598816,-6.244552599405485,8.188247680664062
1747273710.9664223,-2.8646993094751525,-6.209417784431742,5.881071090698242
1747273710.9827785,-2.869446617679267,-6.1866359545964045,5.709648132324219
1747273711.0046492,-2.873221033620471,-6.150491902668987,5.1784515380859375
1747273711.029716,-2.8827420462963618,-6.111172840741389,7.896900177001953
1747273711.0528889,-2.8865870686801673,-6.0693020584339665,6.955862045288086
1747273711.0728745,-2.8886848597826527,-6.0292900259719735,6.28209114074707
1747273711.0877898,-2.897186092942764,-5.988801311235488,5.573511123657227
1747273711.1020882,-2.905625708792637,-5.944721662477181,5.072116851806641
1747273711.1253746,-2.911312047578531,-5.900516612640704,5.587339401245117
1747273711.1452131,-2.9124489282358303,-5.871576669577169,5.625724792480469
1747273711.1643794,-2.917847193932387,-5.817681327943342,5.295038223266602
1747273711.1799705,-2.918689300318098,-5.777457446391756,5.365133285522461
1747273711.2048762,-2.916786590705235,-5.722992227635099,5.332231521606445
1747273711.2249167,-2.9303599790978794,-5.670104005214327,5.21087646484375
1747273711.245062,-2.9322378150114536,-5.624811877634378,5.510091781616211
1747273711.259939,-2.9356976704608835,-5.59011588728363,5.096673965454102
1747273711.28765,-2.9326220762163158,-5.532851493651755,8.163928985595703
1747273711.3046312,-2.932258208303986,-5.486534940048082,5.304098129272461
1747273711.3195221,-2.9312233196546202,-5.458153861983955,5.179166793823242
1747273711.3473268,-2.941362742823516,-5.409701997838183,7.267951965332031
1747273711.3673422,-2.9492521869008206,-5.373866435959465,7.344245910644531
1747273711.3867836,-2.9482898520197662,-5.336265787271407,6.793022155761719
1747273711.4049804,-2.9465424110601903,-5.2951968445779976,5.286693572998047
1747273711.425037,-2.946036139438441,-5.2504746692000746,5.56635856628418
1747273711.4464984,-2.9523854351940835,-5.195996467551309,6.934165954589844
1747273711.4707158,-2.952541240111316,-5.139061121165101,5.214929580688477
1747273711.4928696,-2.9526085006438674,-5.098965930490334,8.51583480834961
1747273711.5133176,-2.9626452962737106,-5.04556626551503,6.510019302368164
1747273711.5326998,-2.9638192878679934,-4.9869019519882505,5.393266677856445
1747273711.5510857,-2.9556106851554147,-4.925863267675646,5.21087646484375
1747273711.57255,-2.9472154804693647,-4.859938548955001,5.793333053588867
1747273711.5926623,-2.9262142665801205,-4.798111300045454,6.403923034667969
1747273711.6151369,-2.9140979797266526,-4.732647130721608,5.657434463500977
1747273711.630949,-2.913135259765799,-4.6710651880728085,5.042791366577148
1747273711.6452022,-2.9182000386805935,-4.620647725884132,5.014657974243164
1747273711.6649976,-2.9204045208976295,-4.570519473693248,5.469799041748047
1747273711.6880782,-2.922358757978498,-4.522647521774865,7.172346115112305
1747273711.7052832,-2.909585164973774,-4.468638718487239,5.09190559387207
1747273711.7245154,-2.910491263269574,-4.417949973354006,5.2547454833984375
1747273711.7444096,-2.91237457594898,-4.3621296960025475,5.1059722900390625
1747273711.7646399,-2.9117675769832267,-4.3101744111064235,5.227804183959961
1747273711.7852485,-2.88046812201228,-4.254108580449999,5.656719207763672
1747273711.8097878,-2.868700181608563,-4.205584572321499,5.42759895324707
1747273711.8296533,-2.861988118972246,-4.157275802467437,8.017778396606445
1747273711.849421,-2.795591154578035,-4.1195663839747505,7.90858268737793
1747273711.8681295,-2.77681874914375,-4.071314783510507,7.42340087890625
1747273711.888512,-2.773794830927565,-4.007416497683808,6.558895111083984
1747273711.9091272,-2.7558590292230036,-3.955046162418553,8.25953483581543
1747273711.9294665,-2.747571230045644,-3.905809550995604,8.353948593139648
1747273711.9494426,-2.739111181569868,-3.855039104533769,7.629871368408203
1747273711.971928,-2.7160990132943184,-3.792605705868268,8.503198623657227
1747273711.990667,-2.699664827130482,-3.730410815158286,5.220651626586914
1747273712.014666,-2.6857654478667214,-3.6636191158397367,6.595373153686523
1747273712.036203,-2.650535115644664,-3.6245041748270017,6.896018981933594
1747273712.0537715,-2.6220906198945433,-3.5699287765401735,5.940914154052734
1747273712.068731,-2.609533406810763,-3.521421649773849,6.873846054077148
1747273712.084939,-2.598084949701701,-3.4585861921272847,5.292177200317383
1747273712.099833,-2.579671041008076,-3.394672454007438,5.048036575317383
1747273712.1247056,-2.550982604652464,-3.3214883497520407,5.278825759887695
1747273712.1447825,-2.5227830022519075,-3.2596185355029137,5.407810211181641
1747273712.1646934,-2.4729568744106736,-3.194596626383083,5.270719528198242
1747273712.1877007,-2.435313594209805,-3.1379054889127045,7.753849029541016
1747273712.2068212,-2.4032676866099703,-3.081498026444382,6.977558135986328
1747273712.3460102,-2.198798455967854,-2.7343115408955754,7.941722869873047
1747273712.3644192,-2.1535878488976614,-2.65436531383207,7.6141357421875
1747273712.3790655,-2.1220995162220135,-2.5963863464669874,5.579233169555664
1747273712.3950744,-2.0952628074459065,-2.543218900555938,5.842447280883789
1747273712.4112792,-2.0667963378118857,-2.499867563117326,6.322383880615234
1747273712.4320674,-2.0240916274766563,-2.4326303078277864,6.71696662902832
1747273712.4525356,-1.9809971588793045,-2.3708038219410277,6.621122360229492
1747273712.472483,-1.9379596693814651,-2.317318297885958,6.603479385375977
1747273712.4977274,-1.914718520273676,-2.2495488294588553,8.81338119506836
1747273712.5239875,-1.8898035757841067,-2.188743836566364,9.350776672363281
1747273712.5456233,-1.8493499741752735,-2.1335769603606924,9.825944900512695
1747273712.5644026,-1.7911467058550523,-2.0864123932248346,6.790637969970703
1747273712.5791283,-1.7126797392514232,-2.0320144118555823,5.876779556274414
1747273712.5966725,-1.644109332470158,-1.9857337410571043,7.217168807983398
1747273712.6134653,-1.593756402411689,-1.9567853438271936,5.609750747680664
1747273712.6313028,-1.5299341551198198,-1.873815924150838,5.548000335693359
1747273712.6465166,-1.4697482828381125,-1.8105156133309042,5.57398796081543
1747273712.6650496,-1.4205870770885878,-1.7651091405129575,5.629062652587891
1747273712.6871104,-1.368386885299524,-1.7295629148717346,7.679224014282227
1747273712.706383,-1.3261541129604724,-1.674461044411229,5.389928817749023
1747273712.7212467,-1.2908820416609847,-1.641588042612135,5.128145217895508
1747273712.7446928,-1.2121051691198508,-1.5923789885014938,5.339622497558594
1747273712.7647178,-1.183062844548116,-1.5461931466849754,5.29170036315918
1747273712.7890532,-1.1613252048570224,-1.5161280564886674,7.778167724609375
1747273712.8071396,-1.124937131241297,-1.490544081151478,7.406473159790039
1747273712.8307612,-1.055084593588863,-1.464490106275231,10.629653930664062
1747273712.849986,-0.9520288816012334,-1.4309978712157194,5.503416061401367
1747273712.8677318,-0.9038285822401992,-1.4032662412264811,7.249593734741211
1747273712.8873434,-0.7533590051415455,-1.362274395280533,7.293701171875
1747273712.9046166,-0.6490683905068046,-1.3485236247573082,5.738735198974609
1747273712.9274096,-0.5756336866844348,-1.3151025325362637,7.415294647216797
1747273712.9486601,-0.5103497361894813,-1.2939238438319238,8.787155151367188
1747273712.9669368,-0.44900794216970685,-1.2795109464396266,6.971597671508789
1747273712.9934855,-0.38656149201328505,-1.2531070546786434,11.989355087280273
1747273713.0176015,-0.3208715246077984,-1.233170947839625,7.342815399169922
1747273713.0414329,-0.25018631316940465,-1.2196038483254599,5.835533142089844
1747273713.0584972,-0.19536970295343567,-1.1935881555688912,6.69550895690918
1747273713.0776207,-0.13923292998519468,-1.1834896381668025,5.555391311645508
1747273713.0958672,-0.03708722941654522,-1.19206045474356,6.791591644287109
1747273713.1161382,0.07897853679659536,-1.2056858256277898,5.227327346801758
1747273713.1332924,0.23045019533494981,-1.223660627282344,6.577968597412109
1747273713.149072,0.32268970309811096,-1.2296808761150673,6.80851936340332
1747273713.1692648,0.3939447739467409,-1.2338608600918781,7.142066955566406
1747273713.1915035,0.4720199696945385,-1.2426023047174497,8.584976196289062
1747273713.2127733,0.5422373832963517,-1.253821302836934,5.804777145385742
1747273713.2478335,0.596940446291787,-1.2644251311874721,19.924402236938477
1747273713.2765007,0.73207679487457,-1.2932042365886367,5.027532577514648
1747273713.3003056,0.8583959544274641,-1.3170108726602865,4.924535751342773
1747273713.3251715,0.9424503583596409,-1.3437474875440238,5.349636077880859
1747273713.3473442,1.0088219742519753,-1.3674133561307884,6.706953048706055
1747273713.3669415,1.045016423740456,-1.3789606263792231,6.478548049926758
1747273713.386358,1.1380663276067426,-1.406493287952666,6.683588027954102
1747273713.4071412,1.2175614782704929,-1.4270788733849806,7.333993911743164
1747273713.4264076,1.2789036869932977,-1.440080784497383,6.378650665283203
1747273713.4532192,1.3186433659311456,-1.4615819635896945,6.917476654052734
1747273713.4734156,1.3546214436648947,-1.4775338750650493,5.871772766113281
1747273713.4974194,1.392558662968752,-1.4903897007284759,8.42142105102539
1747273713.5162914,1.4542276785525825,-1.53052682767159,4.946231842041016
1747273713.5306098,1.5123940246947476,-1.5688545424189901,4.820823669433594
1747273713.5487611,1.560933495544046,-1.5906212499263332,6.928920745849609
1747273713.569209,1.6447913270942032,-1.6110792182275235,6.052255630493164
1747273713.5914934,1.7289335705041988,-1.6497949552906706,7.813215255737305
1747273713.6078355,1.797240891784555,-1.68184450048379,6.934881210327148
1747273713.6307187,1.874748798417915,-1.712195570892374,7.848024368286133
1747273713.6527467,1.9202390639545173,-1.7461638869975307,5.350828170776367
1747273713.6679,1.9783317832019136,-1.7803111259490112,6.439924240112305
1747273713.6816492,2.0044248403998304,-1.792217417558817,4.955768585205078
1747273713.708845,2.0210880797140436,-1.8496965567281358,8.016109466552734
1747273713.7317057,2.0372310471852932,-1.8885346761716093,7.890939712524414
1747273713.7535686,2.0508361522209304,-1.9120092971624782,6.832599639892578
1747273713.7715414,2.1065285031313565,-1.952473623573452,7.006406784057617
1747273713.7873447,2.141503438866779,-1.9636458994912678,6.951332092285156
1747273713.8054624,2.182473821031753,-1.9840571678097227,5.310297012329102
1747273713.8275492,2.208586124262986,-1.9998096166201547,7.0590972900390625
1747273713.8474276,2.195821418350684,-2.039571544780007,7.579565048217773
1747273713.867211,2.225808242825734,-2.0908728989510514,6.643772125244141
1747273713.8896432,2.25790316442496,-2.1220974174081415,8.421659469604492
1747273713.910919,2.2803400114835597,-2.1545183154989926,8.917808532714844
1747273713.9343364,2.3140517861799226,-2.1743972210057287,7.948398590087891
1747273713.9592867,2.32619789425416,-2.188352046485984,8.049964904785156
1747273713.9761546,2.281726886424297,-2.270817105506145,6.3629150390625
1747273713.9910645,2.279857860739841,-2.2951682160784235,5.66864013671875
1747273714.005866,2.3143302752543535,-2.337468701468241,5.922555923461914
1747273714.0256262,2.3426058037847164,-2.367159169576566,5.916118621826172
1747273714.04599,2.3324988338188817,-2.401926138980727,6.380319595336914
1747273714.0657616,2.3411491338666157,-2.433177799102028,6.076335906982422
1747273714.0855618,2.363184929522687,-2.464049878294389,5.943775177001953
1747273714.1080308,2.36819166478267,-2.496508787529962,7.831335067749023
1747273714.1257343,2.3941224803222663,-2.530762003891406,6.026268005371094
1747273714.149512,2.4172810142508765,-2.558533801043175,7.664203643798828
1747273714.1659908,2.467237160799604,-2.5951972608812546,6.070375442504883
1747273714.186951,2.509478881263267,-2.624235846895376,6.657838821411133
1747273714.2083719,2.5285923191533994,-2.6472073832651786,8.402109146118164
1747273714.2437382,2.6006366790667435,-2.7292010084752074,7.590770721435547
1747273714.268702,2.634237941848495,-2.777569669391769,7.846593856811523
1747273714.2930653,2.64945860886311,-2.817361552379731,10.292291641235352
1747273714.3098123,2.649598271750245,-2.8555382823391984,6.569147109985352
1747273714.3290539,2.718284083875734,-2.8853502505626962,6.691932678222656
1747273714.3462486,2.750324580218429,-2.9116134239326636,5.806922912597656
1747273714.370844,2.782190408209246,-2.9588317628200618,8.382797241210938
1747273714.3945916,2.8239426353713153,-3.006643188089376,6.032466888427734
1747273714.414724,2.846793554642926,-3.0403375745772725,7.506847381591797
1747273714.4366786,2.8675083816375806,-3.0967587482257106,8.220672607421875
1747273714.4598117,2.944926952433429,-3.1417232867484635,5.996465682983398
1747273714.477271,2.9825804687139006,-3.1897880308607305,5.050420761108398
1747273714.492462,3.042703471372105,-3.2272995904523007,5.231618881225586
1747273714.5086472,3.0991613214378333,-3.2562291899184848,6.98399543762207
1747273714.525864,3.140088137018748,-3.3135793879397784,5.721330642700195
1747273714.540247,3.143040152730256,-3.3459679585144335,4.832267761230469
1747273714.565346,3.1577282334100887,-3.3976398707567723,5.548000335693359
1747273714.585251,3.1546367610543142,-3.443770459496886,5.1059722900390625
1747273714.604955,3.1830758773022847,-3.5008850140395684,5.164623260498047
1747273714.620092,3.196303776384772,-3.5465434784401846,4.913091659545898
1747273714.6450143,3.2054765337013316,-3.619158516232997,5.38182258605957
1747273714.663974,3.220662022696313,-3.6795229313885573,6.127595901489258
1747273714.6862543,3.224964516199858,-3.7437309049686007,6.1054229736328125
1747273714.7068806,3.220759234112609,-3.802324980417738,6.688594818115234
1747273714.727397,3.264791846693498,-3.8626877365824726,6.529808044433594
1747273714.7450151,3.3197366690999117,-3.915516604677223,5.294322967529297
1747273714.7651532,3.389594674027617,-3.945544161050316,5.1555633544921875
1747273714.7888932,3.3683823619860096,-4.0211616347727155,8.092880249023438
1747273714.8089738,3.3272701029775886,-4.1123063815554834,7.381677627563477
1747273714.8276227,3.3256980698249,-4.185810667013216,5.658149719238281
1747273714.846508,3.323857374608289,-4.252006692634906,6.478309631347656
1747273714.865651,3.336179764746846,-4.318489905910993,5.213737487792969
1747273714.8904085,3.3489188353223724,-4.381413756183066,8.68988037109375
1747273714.9224787,3.3538934358728776,-4.438049263259915,15.995502471923828
1747273714.9389474,3.371653665732834,-4.493074019206985,5.237340927124023
1747273714.9540293,3.388939393480772,-4.5458982100401695,4.859447479248047
1747273714.972691,3.4012475774878643,-4.594440340545813,5.063295364379883
1747273714.988706,3.4211045101284863,-4.6438423584946396,5.813360214233398
1747273715.0050735,3.4363772973182405,-4.697107193430255,5.261659622192383
1747273715.0258284,3.443861680392294,-4.75816329138644,5.268335342407227
1747273715.0450392,3.4447992017827653,-4.818829556282217,5.26118278503418
1747273715.065697,3.469815826816745,-4.865368887531994,5.196332931518555
1747273715.0850134,3.472608976108512,-4.906162088555329,5.226850509643555
1747273715.1096466,3.4728080195110334,-4.945748394391338,9.206056594848633
1747273715.129046,3.492442771768438,-4.994985740171239,6.774663925170898
1747273715.145507,3.5021413008706355,-5.039784158411592,5.203962326049805
1747273715.167639,3.5025808925216726,-5.071023008044018,7.770538330078125
1747273715.186835,3.518338968118236,-5.139447383977901,6.699085235595703
1747273715.2076597,3.529437576076198,-5.1928778468006636,7.343053817749023
1747273715.2262344,3.534896817279189,-5.249412737113861,5.577325820922852
1747273715.2456234,3.546931658922873,-5.292618312988375,5.641460418701172
1747273715.265965,3.5545150569211215,-5.336001153326914,6.134748458862305
1747273715.2884948,3.5599970034083417,-5.3728673104024205,8.052349090576172
1747273715.308531,3.5667157963083636,-5.41407579208657,7.375478744506836
1747273715.3291953,3.5939126146969618,-5.468171780272038,7.152080535888672
1747273715.3476899,3.6018971955016483,-5.521821277786469,7.592439651489258
1747273715.3655708,3.6057677715390613,-5.558330241652689,6.084918975830078
1747273715.387832,3.588449836821787,-5.610208363285278,7.452726364135742
1747273715.408009,3.583507980880377,-5.644383292818084,7.542848587036133
1747273715.4275663,3.585837916708776,-5.682234127715826,7.34400749206543
1747273715.4455793,3.5516224121046887,-5.740151230731803,5.546331405639648
1747273715.465671,3.537865220971898,-5.793228961597765,5.647420883178711
1747273715.481441,3.530756923616603,-5.825532507716974,5.454301834106445
1747273715.5061252,3.506211365634945,-5.891891938939322,5.578041076660156
1747273715.5255845,3.491174194665911,-5.942154010478786,5.610227584838867
1747273715.5463984,3.483486168686626,-5.985647904869892,6.475925445556641
1747273715.5638766,3.4789853302677236,-6.016709248035505,5.684137344360352
1747273715.5803301,3.430288584023427,-6.07831355416717,5.463361740112305
1747273715.607253,3.412774253619316,-6.14029146419473,7.050514221191406
1747273715.628798,3.4108199515018547,-6.188948402471975,7.535457611083984
1747273715.6434236,3.3321758712380753,-6.197941475607918,5.578756332397461
1747273715.66281,3.2958906092942373,-6.236321263015497,6.395816802978516
1747273715.6868005,3.2786160552549384,-6.287716254696512,6.975889205932617
1747273715.705716,3.270081489249701,-6.321930030503732,5.535364151000977
1747273715.7227368,3.270696592982267,-6.345891834516062,5.441188812255859
1747273715.7458782,3.225072995754654,-6.403404040225383,5.452632904052734
1747273715.7659626,3.200450680242689,-6.44994690093236,5.685329437255859
1747273715.785855,3.1867633012023653,-6.497076148662917,5.610227584838867
1747273715.8066397,3.145509965073904,-6.53995631341688,5.579948425292969
1747273715.8261807,3.122525296523651,-6.573805253378413,5.64265251159668
1747273715.846426,3.111232968794752,-6.604339378127906,5.592107772827148
1747273715.869605,3.0531712998138025,-6.632254031241779,7.276058197021484
1747273715.8897235,3.0160290653301307,-6.6630438292811505,6.935596466064453
1747273715.9057596,2.993876337641241,-6.696006244759707,5.704164505004883
1747273715.9291613,2.9806125058171373,-6.728347836755488,8.845806121826172
1747273715.9476326,2.920110816385852,-6.755173019885052,7.324934005737305
1747273715.9665058,2.872583454264725,-6.755224193188809,6.340742111206055
1747273715.9861531,2.8335778020807854,-6.7726242542617765,6.079196929931641
1747273716.007433,2.765640849130422,-6.8208482240197315,7.189273834228516
1747273716.0285776,2.7287063724862803,-6.849736334450946,6.61921501159668
1747273716.0428555,2.7145145234209997,-6.8698998646655856,5.392789840698242
1747273716.0680735,2.659734824619147,-6.905701809293826,7.440328598022461
1747273716.0869684,2.627719253295924,-6.928907800857828,6.013631820678711
1747273716.1080189,2.6077009933686206,-6.94521388682403,7.659673690795898
1747273716.1269073,2.5908395441217595,-6.9583601376102,6.207942962646484
1747273716.147958,2.545835571738242,-6.9731574842586985,7.5206756591796875
1747273716.1662605,2.514073547696923,-6.984274017233974,5.848407745361328
1747273716.193428,2.4875287657311698,-6.990680272885702,6.667137145996094
1747273716.2098534,2.4581354981204497,-6.995228924489268,6.592512130737305
1747273716.2250545,2.442055650602456,-6.994924046867199,5.666971206665039
1747273716.2409208,2.421832843509374,-6.995694970065417,5.2814483642578125
1747273716.2634006,2.357232602879661,-6.999017460857519,6.836414337158203
1747273716.2867036,2.3130418148174234,-7.004781136612997,6.234169006347656
1747273716.3049653,2.295440937397174,-7.007127086231902,6.354331970214844
1747273716.3254247,2.2090227504550533,-7.02312501760857,5.321264266967773
1747273716.345408,2.1612393974081145,-7.025420157859069,5.30695915222168
1747273716.3619153,2.1324817169446604,-7.022680833424833,5.182504653930664
1747273716.3859227,2.102504610621576,-7.020887327210137,5.620241165161133
1747273716.4075599,2.060906934374973,-7.015245718320466,6.947517395019531
1747273716.4260106,2.0309704785532605,-7.005339763590579,5.90062141418457
1747273716.445206,2.0011258996802797,-6.995398022876348,5.100488662719727
1747273716.4672294,1.960311114760532,-6.996040593221135,6.835460662841797
1747273716.4856431,1.9286343261368033,-6.995979477845927,5.160093307495117
1747273716.5049167,1.9078656715306639,-6.991420273691984,4.933595657348633
1747273716.525361,1.8538914327219054,-6.986262558960817,8.18490982055664
1747273716.5492327,1.8080588149064516,-6.979342476842048,9.008169174194336
1747273716.5735576,1.7874115837127746,-6.97555091594951,6.90770149230957
1747273716.5984337,1.7591004407805748,-6.972164124374518,6.596803665161133
1747273716.6136239,1.7327406874547437,-6.9641171319454,4.917383193969727
1747273716.626607,1.7089429865725356,-6.955125510248104,4.8084259033203125
1747273716.6475847,1.6809488022061998,-6.943182463092906,7.070064544677734
1747273716.6705952,1.6215551090975973,-6.936073832757082,6.278753280639648
1747273716.6929212,1.597326387584589,-6.936285868325345,6.488323211669922
1747273716.7167873,1.5804409978199043,-6.9342417996141394,7.8868865966796875
1747273716.7385793,1.5118697351304857,-6.920987340685354,6.5364837646484375
1747273716.7600615,1.4785600615981436,-6.9138315871654905,5.894899368286133
1747273716.778001,1.453141447090525,-6.908655400922267,4.844188690185547
1747273716.7940102,1.3740530017725894,-6.903154868471899,4.745006561279297
1747273716.8080332,1.3158459928004813,-6.891698200064453,5.276203155517578
1747273716.825175,1.274408281882024,-6.884636944532674,4.847288131713867
1747273716.8452623,1.2530817821155225,-6.879267450399799,5.208492279052734
1747273716.865311,1.1987238854130313,-6.8735687907604825,5.048513412475586
1747273716.8883443,1.16646724227519,-6.866027434888338,6.400823593139648
1747273716.905323,1.147238806177643,-6.8606213740075725,4.996299743652344
1747273716.925745,1.0983820940967188,-6.858380866150743,5.237102508544922
1747273716.9471889,1.0630404113296084,-6.854167447216014,7.05265998840332
1747273716.965337,1.0273533753883335,-6.8417932599658755,4.818439483642578
1747273716.9815147,0.9272532870183468,-6.822658062865749,4.925966262817383
1747273717.0072527,0.8590137804177372,-6.817465169351145,6.634235382080078
1747273717.0257645,0.825704700066601,-6.8064538453938885,5.741119384765625
1747273717.0482013,0.7206301775286282,-6.805385294445057,7.723331451416016
1747273717.0717123,0.6585287325017692,-6.801137485455595,7.664203643798828
1747273717.0862541,0.6300454569538874,-6.800702574922942,5.14531135559082
1747273717.1043434,0.610077386400923,-6.800365022744965,7.406949996948242
1747273717.1209142,0.5488536594987978,-6.801610202285958,5.000591278076172
1747273717.1485147,0.49565341126625184,-6.803893420126541,7.131338119506836
1747273717.1676328,0.47426367999073504,-6.808452265085607,6.946563720703125
1747273717.1845129,0.4030374259626216,-6.82329755222908,6.930112838745117
1747273717.2096553,0.3557813068835153,-6.835930508141153,7.698535919189453
1747273717.239793,0.33404289957288563,-6.84940378130812,9.515523910522461
1747273717.368567,0.02689979596141097,-6.907926368455945,4.889726638793945
1747273717.3851125,-0.05942819057249874,-6.9621847487968,4.876852035522461
1747273717.3996892,-0.09274655293967748,-6.991427675904236,4.768133163452148
1747273717.425596,-0.11973893269646893,-7.0171714481190905,4.966974258422852
1747273717.4483442,-0.1999072766201135,-7.043393927983994,5.131244659423828
1747273717.465358,-0.24575726949025337,-7.069879922602952,5.145788192749023
1747273717.4855876,-0.28476689055593757,-7.0927475464630065,4.963159561157227
1747273717.5007184,-0.30828507665491106,-7.1105370603177445,4.879236221313477
1747273717.5258489,-0.3615155058048179,-7.144279689786183,5.604267120361328
1747273717.5453014,-0.39039120927339643,-7.168065897723327,5.273342132568359
1747273717.5677283,-0.4048480478962198,-7.184498936462903,7.002353668212891
1747273717.5852413,-0.48549479953918084,-7.212523542616478,5.040168762207031
1747273717.6075685,-0.5300373301372929,-7.232602651278365,7.27081298828125
1747273717.6272614,-0.5571521613290588,-7.2547882714098435,6.569147109985352
1747273717.6451488,-0.6476429560137171,-7.2736542918719636,4.9304962158203125
1747273717.6605432,-0.6875239524242556,-7.291456861818783,4.812717437744141
1747273717.6805856,-0.7190435730121303,-7.31161180296111,4.80961799621582
1747273717.705485,-0.7369721611605273,-7.325523831184737,4.876613616943359
1747273717.7260854,-0.7495704892283627,-7.33301644335652,5.341053009033203
1747273717.745263,-0.815115387361177,-7.35469479297856,5.000114440917969
1747273717.7653208,-0.863244903177852,-7.379562967199069,5.129337310791016
1747273717.7856348,-0.8906549685178274,-7.398815699256341,5.374908447265625
1747273717.8054945,-0.9726065130872914,-7.415238049305451,5.362987518310547
1747273717.8253353,-1.0236522404541761,-7.428530507423479,4.750967025756836
1747273717.8458955,-1.0551371695389935,-7.439490168273156,5.451440811157227
1747273717.8688142,-1.1274218322431429,-7.454739940965689,6.612300872802734
1747273717.8918386,-1.1739886434724738,-7.468199677097514,5.039453506469727
1747273717.9061596,-1.202277456952976,-7.478438371320471,4.843473434448242
1747273717.926549,-1.2357444710285297,-7.493665693506978,6.214380264282227
1747273717.9455628,-1.3103266776992324,-7.496084408371619,5.355119705200195
1747273717.9655366,-1.374854100113368,-7.500730729954574,5.210638046264648
1747273717.9802227,-1.405194044040152,-7.503137885816363,4.598855972290039
1747273718.0085268,-1.493754895448107,-7.488814699851509,7.445096969604492
1747273718.026086,-1.5417729100650832,-7.488933468682339,5.008220672607422
1747273718.0419064,-1.5673672989685878,-7.489545644401496,5.134820938110352
1747273718.066565,-1.6531807152766596,-7.490360118846905,5.112409591674805
1747273718.0847535,-1.7148509455444703,-7.490144846389794,5.785226821899414
1747273718.102008,-1.7605898062970313,-7.490989378494378,5.316972732543945
1747273718.121213,-1.7845491574774544,-7.491805226229964,5.354166030883789
1747273718.1488519,-1.86302145220846,-7.489248866121487,7.26318359375
1747273718.165853,-1.9161659222092042,-7.486170444419308,5.425691604614258
1747273718.1868675,-1.950398380265844,-7.482882180150452,6.358623504638672
1747273718.2064407,-2.008333893681127,-7.471134612737749,5.841970443725586
1747273718.2264664,-2.0463437718830377,-7.46101578599904,5.977630615234375
1747273718.2492216,-2.066096725422834,-7.453772277566275,8.585929870605469
1747273718.2664223,-2.141098508526327,-7.442919136266825,5.876302719116211
1747273718.3468041,-2.2597439802148958,-7.4071227099893875,9.241580963134766
1747273718.3678384,-2.2950311211820873,-7.387853743495904,7.96198844909668
1747273718.3861372,-2.3100905204506685,-7.373716166583421,5.762577056884766
1747273718.4029791,-2.377080243077356,-7.361037954012434,5.858182907104492
1747273718.4205346,-2.4178012203208934,-7.341737274276226,5.61213493347168
1747273718.4345589,-2.437785832292834,-7.3254478852521885,5.321979522705078
1747273718.448166,-2.4464294686117234,-7.308710613261058,5.5694580078125
1747273718.467693,-2.4715427991588617,-7.278134783233718,7.158041000366211
1747273718.4914446,-2.484043673738802,-7.250099951022651,5.975484848022461
1747273718.5091543,-2.4920728876370704,-7.222092970737353,7.690906524658203
1747273718.5331218,-2.536690899455783,-7.204551772027965,9.613037109375
1747273718.551287,-2.5655688345272116,-7.186964722589216,8.750200271606445
1747273718.5712345,-2.5809048047584073,-7.169672107903678,8.558511734008789
1747273718.5887427,-2.600829883078182,-7.14544725168774,6.832361221313477
1747273718.608731,-2.6153969402683974,-7.12238314094232,7.250785827636719
1747273718.6305935,-2.622589270822977,-7.096652522023535,5.742073059082031
1747273718.648315,-2.628664772276399,-7.075779040907484,6.357669830322266
1747273718.667318,-2.6489051653610884,-7.070182990851608,6.432771682739258
1747273718.6920884,-2.6584652405974083,-7.059357619511073,10.000228881835938
1747273718.7139318,-2.6643771229479762,-7.048215990893482,6.454229354858398
1747273718.738901,-2.6941055354529833,-6.997233149072739,6.615161895751953
1747273718.7548141,-2.713563184391244,-6.956217169045813,5.382299423217773
1747273718.7704911,-2.7224931639316923,-6.928102741353718,6.539583206176758
1747273718.78599,-2.744333845372238,-6.908688177482957,5.358219146728516
1747273718.8058615,-2.7566341291054353,-6.883812617335947,5.249261856079102
1747273718.8257482,-2.761639492445441,-6.859929675524006,5.2204132080078125
1747273718.8490677,-2.779759472532979,-6.831833802759833,7.375001907348633
1747273718.8662694,-2.7881126723050222,-6.808839379036311,5.419015884399414
1747273718.8825881,-2.7909902471781125,-6.794313404876766,5.287885665893555
1747273718.9058645,-2.7972193894554875,-6.770763370007006,5.31768798828125
1747273718.9295719,-2.802530727637213,-6.7427931237767655,6.4296722412109375
1747273718.948974,-2.8008559334820626,-6.7150226041966254,7.016181945800781
1747273718.9672723,-2.801542895961702,-6.700827974104152,6.58869743347168
1747273718.98738,-2.8059918630348215,-6.66973304114416,5.460023880004883
1747273719.0013027,-2.8074608072903606,-6.6551738847508615,5.029916763305664
1747273719.0213635,-2.808854504502063,-6.625417927573421,5.130290985107422
1747273719.0461018,-2.8112972488332986,-6.588106502432665,5.331993103027344
1747273719.0625792,-2.8112407006322235,-6.567710258060098,5.517005920410156
1747273719.0866828,-2.824159226127107,-6.528606237310645,5.753517150878906
1747273719.1068933,-2.830291581213149,-6.501929235887115,6.007194519042969
1747273719.1320608,-2.8358566994814183,-6.448917334850585,5.266427993774414
1747273719.1515152,-2.837240190382161,-6.432660696571845,5.290746688842773
1747273719.170513,-2.835569759478225,-6.422720068988173,9.379148483276367
1747273719.1859205,-2.8358973395591383,-6.403907401609655,6.301641464233398
1747273719.2064483,-2.852988882733536,-6.359168775026532,5.158901214599609
1747273719.2293792,-2.8567505626865506,-6.322840918873104,6.983518600463867
1747273719.2462409,-2.856845131255648,-6.293934968628942,5.286693572998047
1747273719.2671812,-2.8584527932382824,-6.265861175354946,6.628990173339844
1747273719.2860804,-2.8691052963866492,-6.232370264087895,5.762577056884766
1747273719.306027,-2.872985714470502,-6.2022854017215225,5.452871322631836
1747273719.3260312,-2.8729575794992805,-6.173503849641846,5.43975830078125
1747273719.3459423,-2.8911718887130866,-6.1479492435304,5.383729934692383
1747273719.367906,-2.8999558949898727,-6.121273549331058,7.148027420043945
1747273719.4048448,-2.9028062079380827,-6.094623037325103,21.20828628540039
1747273719.422839,-2.8913499141940764,-6.069640941208301,6.951093673706055
1747273719.4425495,-2.8855785410504278,-6.024145956777363,9.560585021972656
1747273719.4615045,-2.8879062066133114,-5.9524408772547215,5.136251449584961
1747273719.4861486,-2.9074308935018194,-5.877949077474376,5.407810211181641
1747273719.5012164,-2.912954560619098,-5.824253644180756,5.122900009155273
1747273719.5279105,-2.9124666290274868,-5.767799475375569,7.007122039794922
1747273719.555877,-2.921946423256919,-5.733548078482819,6.881952285766602
1747273719.5782027,-2.928137454544005,-5.6963374785033025,8.043766021728516
1747273719.598745,-2.930397258529746,-5.664589383477147,6.242513656616211
1747273719.6138182,-2.9316361994108524,-5.619224222285816,5.184650421142578
1747273719.628037,-2.9328179454966112,-5.57291179958157,5.927801132202148
1747273719.6462545,-2.927167846470729,-5.529185100591204,5.497455596923828
1747273719.6657758,-2.942536533335739,-5.502938106845653,5.346059799194336
1747273719.6875796,-2.9470742243578756,-5.4639910615908525,6.880998611450195
1747273719.705737,-2.9473972690142993,-5.425106258749527,5.199670791625977
1747273719.7278078,-2.9487795347392045,-5.388871768422675,6.272077560424805
1747273719.7457557,-2.9477804965619483,-5.332282604049107,5.15437126159668
1747273719.7656384,-2.9434561825814964,-5.28368415760959,5.295991897583008
1747273719.785588,-2.938731458465838,-5.2399550792287215,5.114316940307617
1747273719.8059537,-2.928018135413218,-5.177147168389741,5.248785018920898
1747273719.8258836,-2.9199286690940953,-5.108322128989321,5.334615707397461
1747273719.8475113,-2.915804895413905,-5.049624414816129,6.815910339355469
1747273719.8660398,-2.9144849361839404,-4.989042603683877,5.517482757568359
1747273719.8855734,-2.9158703005803486,-4.946066556746592,9.134531021118164
1747273719.9064991,-2.914105958370556,-4.883197511247615,5.614757537841797
1747273719.930365,-2.914053126414047,-4.8358871833320105,11.548519134521484
1747273719.951661,-2.892452744426931,-4.772907224010268,5.217552185058594
1747273719.9678955,-2.8819327404849022,-4.726683863229109,6.871700286865234
1747273719.9875877,-2.8785884205942507,-4.685917976516639,6.807088851928711
1747273720.007883,-2.874977638308214,-4.632270979332116,6.807804107666016
1747273720.0272846,-2.8713169188021004,-4.578121385600534,6.512880325317383
1747273720.0476258,-2.8644936792786275,-4.532917194602879,6.812572479248047
1747273720.066258,-2.8429302868847564,-4.471729243047434,5.300998687744141
1747273720.0879822,-2.8342743158665624,-4.418209683025844,6.725311279296875
1747273720.1062431,-2.8308764495351846,-4.365269804431938,5.356073379516602
1747273720.1264253,-2.8212436542393697,-4.309187414664768,5.775213241577148
1747273720.1483135,-2.8134494904920744,-4.25152957597842,7.156848907470703
1747273720.1659129,-2.810315074492364,-4.199326006339292,5.179882049560547
1747273720.1867511,-2.80839846733219,-4.146153546932651,5.925893783569336
1747273720.2060502,-2.791138385321451,-4.079383200151297,5.341529846191406
1747273720.2259924,-2.7798064255764094,-4.024552573359164,5.383014678955078
1747273720.2406461,-2.774097485309173,-3.980536995340215,4.995822906494141
1747273720.267547,-2.746778362011065,-3.9079784848529595,6.834983825683594
1747273720.2887926,-2.732021031772959,-3.8372211721862874,6.957530975341797
1747273720.30612,-2.720617867629817,-3.771405631496332,5.555152893066406
1747273720.326595,-2.69212204941469,-3.7014922066034184,5.3348541259765625
1747273720.3477817,-2.6725722135266574,-3.6347417646171767,6.920814514160156
1747273720.367872,-2.6613815069262845,-3.58148772225534,7.002830505371094
1747273720.3875737,-2.6337497090079416,-3.5234946688173285,6.098031997680664
1747273720.4103642,-2.60752905391826,-3.4562905353435154,7.469415664672852
1747273720.428335,-2.592448049421818,-3.4067657787489622,6.9789886474609375
1747273720.4477837,-2.5736638672508647,-3.3431221442752155,6.983757019042969
1747273720.4663053,-2.5132396740365257,-3.2584763728664403,5.648612976074219
1747273720.4864967,-2.4779605000763287,-3.201113232397469,5.695343017578125
1747273720.5084903,-2.457881651983418,-3.1518376061039937,7.564306259155273
1747273720.52915,-2.424702866279283,-3.0810403804190423,7.129907608032227
1747273720.5538118,-2.4087117408764085,-3.0219360365967725,5.7220458984375
1747273720.5722373,-2.3878225945280818,-2.9573587814059734,5.591154098510742
1747273720.591996,-2.3423838782923507,-2.879555880853816,6.415367126464844
1747273720.610951,-2.298796780626171,-2.8070503097385955,8.621454238891602
1747273720.631415,-2.260912752196302,-2.7431048853277833,8.351802825927734
1747273720.6488461,-2.2281192207593037,-2.681862567825345,7.960319519042969
1747273720.6665342,-2.178415922743738,-2.6154455570943624,5.574464797973633
1747273720.6885655,-2.139057329567893,-2.554716268688705,7.698774337768555
1747273720.7088814,-2.1092954627357887,-2.5135245399604336,7.897377014160156
1747273720.725237,-2.0824879551292277,-2.466210727198601,6.268978118896484
1747273720.7470787,-2.037220891573715,-2.399400771255117,6.44993782043457
1747273720.7671063,-1.985301276507864,-2.336058435025795,6.346940994262695
1747273720.786689,-1.9537914019353022,-2.287407635538096,6.124973297119141
1747273720.80679,-1.9111539866437024,-2.234233943281307,6.010293960571289
1747273720.8268487,-1.866486555712779,-2.180852179970901,6.140232086181641
1747273720.8523178,-1.815573873138292,-2.1296928733471088,7.250308990478516
1747273720.872256,-1.7775953834542775,-2.091687191183735,7.262468338012695
1747273720.8959174,-1.718518149406862,-2.059694569128006,8.204460144042969
1747273720.9198253,-1.6601281881343837,-2.016564748768367,8.996725082397461
1747273720.9349778,-1.6264421679044492,-1.9931028798816508,5.575418472290039
1747273720.9544377,-1.5623038593396898,-1.9202730372490262,5.442619323730469
1747273720.9719644,-1.4961316447900486,-1.8661248865030777,5.696535110473633
1747273720.9874105,-1.4340984428938641,-1.8216297101068046,5.51605224609375
1747273721.006841,-1.3616449722328858,-1.7793850175787786,5.604743957519531
1747273721.022918,-1.3445328061705986,-1.7375828209410744,5.809307098388672
1747273721.0466955,-1.2918950776982892,-1.6830668563946116,5.462646484375
1747273721.0665607,-1.2328132486985752,-1.6423661565170495,5.6324005126953125
1747273721.087045,-1.1676509512810362,-1.5844837829268201,5.464076995849609
1747273721.1066105,-1.0809829859945268,-1.5376853743200245,5.463600158691406
1747273721.126108,-0.9823790765981648,-1.4972437725779442,5.307674407958984
1747273721.1461895,-0.9085641479522435,-1.4533142537006134,5.373716354370117
1747273721.1659746,-0.814607279180684,-1.415785843313352,5.233049392700195
1747273721.186529,-0.6924684162201089,-1.3850136731720175,5.508661270141602
1747273721.206332,-0.6189852366675569,-1.3497780819098824,5.585432052612305
1747273721.2259612,-0.5652314217381121,-1.3296908789127613,5.2642822265625
1747273721.246262,-0.49779417736017995,-1.3095507456412858,5.390644073486328
1747273721.266386,-0.42812493583918243,-1.2961326970366072,5.694389343261719
1747273721.2865527,-0.33241548074707045,-1.2751717221985783,5.952358245849609
1747273721.3061256,-0.2565903244832311,-1.2628171098899732,5.409955978393555
1747273721.3274972,-0.183025579497255,-1.2488853256757948,6.717205047607422
1747273721.3524222,-0.09243510379436107,-1.2282945526750861,5.268096923828125
1747273721.371162,-0.005121786655912342,-1.2199534550513382,5.444765090942383
1747273721.38906,0.07543583988771263,-1.2128872244331115,7.233619689941406
1747273721.4099517,0.17908450250015112,-1.2002766006205898,8.062601089477539
1747273721.43211,0.24885166499451034,-1.196011344863748,9.868383407592773
1747273721.4515984,0.2962454865989453,-1.1948073829106416,5.575656890869141
1747273721.4695072,0.3664442469910112,-1.2014386042753247,6.359338760375977
1747273721.4873102,0.43935707665000234,-1.2102669719133912,5.739688873291016
1747273721.5067348,0.5431156513338199,-1.2197763737765568,5.372047424316406
1747273721.5291147,0.6209464417254782,-1.2274976561048156,7.903575897216797
1747273721.554135,0.6768143768087208,-1.247526390032165,5.232334136962891
1747273721.5722022,0.7125664354364846,-1.2616416367632106,5.0983428955078125
1747273721.591086,0.748630245610352,-1.2763397737009488,8.768796920776367
1747273721.608827,0.8566674986229366,-1.2982465878603413,7.20667839050293
1747273721.6263387,0.9420836042353168,-1.3199611722254068,5.155324935913086
1747273721.6456985,1.013126804598528,-1.3380771955797335,4.996299743652344
1747273721.6662896,1.1342671720163702,-1.3688840196663015,5.248308181762695
1747273721.6893601,1.2163639398006603,-1.3910815910026497,8.391857147216797
1747273721.7065425,1.3009279363174782,-1.4151698491302456,5.751848220825195
1747273721.7216868,1.384281421892646,-1.4358045063774056,4.845619201660156
1747273721.747832,1.433184562617059,-1.4593904673561324,6.621837615966797
1747273721.766148,1.4634086064952279,-1.4758767035570857,5.3157806396484375
1747273721.7861362,1.493452368535352,-1.4892031392646305,5.340576171875
1747273721.8077922,1.4177351737810964,-1.508755280620688,6.582021713256836
1747273721.8319983,1.4194305804801746,-1.527916187394994,9.783029556274414
1747273721.8543568,1.452340099394179,-1.5457595093888568,5.782604217529297
1747273721.8746965,1.5222130455810812,-1.5943422497708977,5.424261093139648
1747273721.8949928,1.625182344415103,-1.6330836089340721,5.547523498535156
1747273721.9112663,1.696723489409021,-1.6625480314729242,5.11932373046875
1747273721.9298542,1.7526570896999256,-1.6997692594673968,7.821559906005859
1747273721.9589937,1.8172570915694484,-1.7275309123983307,6.692647933959961
1747273721.98069,1.8780410179489506,-1.7485256184071598,6.000041961669922
1747273722.007275,1.9165511404492483,-1.7965497328068052,6.926774978637695
1747273722.028508,1.963250859976754,-1.8321259326325154,6.324529647827148
1747273722.0439754,2.06745820366024,-1.8859274284405518,5.799531936645508
1747273722.067698,2.124765184974401,-1.933883470124484,6.631135940551758
1747273722.0817053,2.1654010164548243,-1.965839013351479,5.367755889892578
1747273722.106374,2.2180364993967716,-2.0042908181997987,5.48863410949707
1747273722.1261709,2.2837942703075114,-2.0422687322173396,5.355358123779297
1747273722.146837,2.3586592973616796,-2.0757490137222265,5.651235580444336
1747273722.1666837,2.4312113232211616,-2.1053824864759054,5.652189254760742
1747273722.1908789,2.3338669006942845,-2.133022027721728,8.598089218139648
1747273722.207085,2.2215078004743294,-2.157164354024277,5.914449691772461
1747273722.226416,2.2329796655754524,-2.192649389732221,5.566120147705078
1747273722.2464767,2.2701223022957437,-2.2276364240435305,5.6324005126953125
1747273722.2680743,2.307935892699026,-2.257600060855106,6.423473358154297
1747273722.410792,2.4868357335951363,-2.5444138516907913,8.89134407043457
1747273722.4325235,2.523281947087577,-2.617127621314471,8.905649185180664
1747273722.4511855,2.5398196172195737,-2.652550310222434,7.436513900756836
1747273722.4684823,2.5599570444768935,-2.691711655725599,6.585121154785156
1747273722.490504,2.5376430282116047,-2.7545369751620994,8.074760437011719
1747273722.5080714,2.555323760889849,-2.792147446247778,6.435155868530273
1747273722.527865,2.585923382419775,-2.8191091002887356,6.488561630249023
1747273722.5485537,2.6096568976987475,-2.8435904525910187,6.451606750488281
1747273722.5642376,2.619331569089198,-2.8483353780232403,6.366729736328125
1747273722.5902033,2.6448679665649606,-2.884501195641143,7.396936416625977
1747273722.6087303,2.657947442747891,-2.92309711085822,7.311582565307617
1747273722.626954,2.7151131530193524,-2.9618841463942713,5.856752395629883
1747273722.6425524,2.7519188470251885,-2.9840240008554177,5.980730056762695
1747273722.6665487,2.781781639562032,-3.0176072695724767,5.454063415527344
1747273722.684013,2.8735068055440633,-3.034188986243935,5.501270294189453
1747273722.706467,2.930433042007194,-3.075717423978797,5.293369293212891
1747273722.7303152,2.954067482716414,-3.1039662594003867,8.2244873046875
1747273722.7541773,3.0006400840771463,-3.14913518926359,6.285190582275391
1747273722.7702196,3.0223171330461738,-3.2000781425555416,7.314920425415039
1747273722.7875824,3.0319467560074114,-3.2236064089014302,6.106376647949219
1747273722.8064835,3.0487549967700156,-3.2555587704405498,5.137920379638672
1747273722.8290722,3.1396125631500036,-3.294365436302774,7.026910781860352
1747273722.8520424,3.1785495708145666,-3.33368913825847,6.416082382202148
1747273722.874242,3.1969071489291245,-3.3755801129473895,6.388664245605469
1747273722.9029865,3.265809133305987,-3.409079571821503,6.106376647949219
1747273722.9196038,3.293611589376548,-3.4433891889703063,6.427526473999023
1747273722.9380987,3.310321204495053,-3.486791677906644,5.946159362792969
1747273722.9569762,3.355100557940127,-3.53164177571698,5.127668380737305
1747273722.975655,3.3803412270213737,-3.5749226555516818,5.685329437255859
1747273722.9965765,3.394050564775149,-3.6141463188336553,7.155656814575195
1747273723.016011,3.4013082742103933,-3.6834738900887016,6.076812744140625
1747273723.0408676,3.4024397137386417,-3.7483673882932926,10.03265380859375
1747273723.0602767,3.403098844461693,-3.804682448722231,6.008148193359375
1747273723.080532,3.415435502050637,-3.8635943676190307,5.829334259033203
1747273723.0992792,3.362018701692027,-3.9282156614095602,6.234407424926758
1747273723.114457,3.3326240947421315,-3.987372437928002,4.960298538208008
1747273723.1338594,3.3095412130873156,-4.045416303129845,5.868196487426758
1747273723.155437,3.32866825173721,-4.112659606638478,5.454540252685547
1747273723.1706505,3.342862687683699,-4.177208990105001,4.740476608276367
1747273723.1855402,3.352794156179175,-4.231580635424008,6.113290786743164
1747273723.2079358,3.335758487136564,-4.3027822306819115,6.539344787597656
1747273723.2294786,3.307885758009368,-4.364825659019267,7.727384567260742
1747273723.2495575,3.296965940315291,-4.440350955599736,5.81049919128418
1747273723.2642632,3.292571329303419,-4.497195263368297,4.705190658569336
1747273723.2819517,3.3042478294978666,-4.548879992776963,5.085945129394531
1747273723.3061945,3.3191905970853055,-4.609690732505073,5.072593688964844
1747273723.3216004,3.323686707085309,-4.642474307564866,5.098104476928711
1747273723.3479695,3.319365573901222,-4.693663810346246,6.752967834472656
1747273723.3678951,3.3238705892214933,-4.735675865158689,6.636857986450195
1747273723.3905091,3.324833923446207,-4.78440508904526,7.845163345336914
1747273723.4092128,3.34016616678975,-4.840799578574633,6.74748420715332
1747273723.4275792,3.3411503659929447,-4.897773991873635,6.046295166015625
1747273723.447518,3.33805514899877,-4.956826910947709,6.049394607543945
1747273723.4672315,3.3755307018007694,-5.005660217921471,5.324602127075195
1747273723.4888263,3.389303027693214,-5.049507243495942,6.301164627075195
1747273723.507319,3.4007609602688187,-5.090064726522481,5.6209564208984375
1747273723.5272806,3.405764326155539,-5.129733987826142,5.519390106201172
1747273723.548145,3.4200942493271365,-5.1844621439165355,6.412029266357422
1747273723.5759788,3.432690601456268,-5.242690871721881,6.9141387939453125
1747273723.6004953,3.4310925317911374,-5.324244891596237,6.435394287109375
1747273723.620879,3.435194568526356,-5.390927993697441,5.611658096313477
1747273723.6408925,3.4384426728144946,-5.44716816581257,5.30695915222168
1747273723.6556058,3.4455336306548863,-5.507200896328016,5.144596099853516
1747273723.6702929,3.4457324877435407,-5.565079178717599,5.362987518310547
1747273723.6895435,3.4447236419562706,-5.619090039952004,6.061077117919922
1747273723.7053685,3.4479762550441517,-5.670674626528653,5.296230316162109
1747273723.726517,3.4505589666239267,-5.7312765069694125,5.261898040771484
1747273723.7464828,3.453260132556031,-5.781245937899986,5.204439163208008
1747273723.7688098,3.471875860989919,-5.827121034927125,7.091283798217773
1747273723.7886245,3.4893861985537895,-5.878043768656236,6.975650787353516
1747273723.8092358,3.499932264965369,-5.915999694585983,7.149934768676758
1747273723.8307633,3.429256011177486,-5.984718932924904,7.605314254760742
1747273723.8467064,3.386179787264615,-6.031991423978934,5.212306976318359
1747273723.8668246,3.3704634094329182,-6.071939264413472,5.576133728027344
1747273723.8917117,3.367796055616446,-6.114745782398456,9.86933708190918
1747273723.9142475,3.3525335591083527,-6.179203654765196,7.469415664672852
1747273723.9368618,3.3457401529334136,-6.257336370436991,5.448818206787109
1747273723.9674475,3.3086158414527223,-6.307128767293618,10.231256484985352
1747273723.9868636,3.289021661362236,-6.3587555204944834,9.126663208007812
1747273724.010196,3.264394391254416,-6.452674778402424,8.264780044555664
1747273724.0294054,3.2147059071007273,-6.497359489702509,7.097721099853516
1747273724.05031,3.186522145464015,-6.530340287212615,8.157968521118164
1747273724.068523,3.1679636110858023,-6.562776306171197,6.914377212524414
1747273724.0889635,3.0935995396218074,-6.590117868172039,7.198095321655273
1747273724.1089263,3.030811306414126,-6.629586080845319,7.030010223388672
1747273724.1266837,2.9897836902621684,-6.675702941378439,5.482912063598633
1747273724.1488934,2.9575042838395955,-6.727923375902704,7.042407989501953
1747273724.168571,2.9461454712295834,-6.774947666796697,6.897449493408203
1747273724.1866798,2.9273018695390585,-6.8069275310669335,5.263090133666992
1747273724.207153,2.913306755984379,-6.834419963226257,5.841732025146484
1747273724.222419,2.87052159372758,-6.857204921525376,5.234241485595703
1747273724.249774,2.8267242060516167,-6.883895210247715,7.128238677978516
1747273724.2667997,2.7981884516870417,-6.904553005535797,5.57398796081543
1747273724.2870774,2.7448057722872026,-6.9211101117342775,5.870819091796875
1747273724.3073044,2.7128269003920895,-6.9337254586234325,5.687236785888672
1747273724.3274803,2.695195662140973,-6.940286928209688,6.245851516723633
1747273724.3479152,2.68043218351305,-6.951709159335271,6.000757217407227
1747273724.371308,2.5912825494664746,-6.965003969972799,8.002281188964844
1747273724.3946514,2.548059339706409,-6.977274502158604,6.195068359375
1747273724.4207573,2.49164164666492,-6.986172292060024,6.752252578735352
1747273724.4461162,2.4571628159290664,-6.988592328618544,10.034799575805664
1747273724.4723878,2.408086199189232,-6.99813889840468,8.892536163330078
1747273724.4904652,2.358837604060645,-6.9940443240102095,6.537437438964844
1747273724.5076215,2.3162255665556164,-6.991803628301544,5.53441047668457
1747273724.5280342,2.290039885305933,-6.989785520781653,5.479574203491211
1747273724.54865,2.2375576411857727,-6.993035457286521,6.3343048095703125
1747273724.566702,2.198625072952875,-6.99365463577542,5.126953125
1747273724.5864453,2.170718902416281,-6.9951324916708115,5.16057014465332
1747273724.6069698,2.150147498856199,-6.995766167832115,5.597829818725586
1747273724.6262438,2.1283195969938427,-6.978257330912207,5.099296569824219
1747273724.6465273,2.113948318366151,-6.9705881498648985,5.282402038574219
1747273724.6706693,2.1006697380671855,-6.96622416914411,8.112668991088867
1747273724.6895502,2.0470009657563137,-6.965900970947816,7.826566696166992
1747273724.7068315,2.0140144279407597,-6.965073953457165,5.268096923828125
1747273724.7281842,1.992874379682071,-6.963550465456175,6.639957427978516
1747273724.748312,1.9435272417342275,-6.9581422397148,6.716012954711914
1747273724.7680964,1.9089128797637378,-6.953848429556677,6.691694259643555
1747273724.786761,1.8841310337235913,-6.951366176007952,5.200624465942383
1747273724.807218,1.830399417427234,-6.9512704599017425,5.035161972045898
1747273724.8264802,1.7968194087234315,-6.948645000077977,5.0563812255859375
1747273724.8482013,1.7732729209431084,-6.941423253901479,6.533384323120117
1747273724.869951,1.7521093009994602,-6.931663803539306,7.127046585083008
1747273724.88823,1.7023118160686619,-6.923629242339972,5.30552864074707
1747273724.9077475,1.6760699018502292,-6.9164767604359145,5.3462982177734375
1747273724.9249854,1.6574000189402684,-6.911440428825784,4.9571990966796875
1747273724.946629,1.5615862552699589,-6.895136513426781,4.99725341796875
1747273724.970663,1.5048691959712954,-6.881744541899729,6.803274154663086
1747273724.9870431,1.4712219658330798,-6.8700030203083395,4.9495697021484375
1747273725.007718,1.4174705568729147,-6.869509555205327,6.05320930480957
1747273725.026443,1.3873943535734536,-6.865014734628841,5.131959915161133
1747273725.04597,1.3728758079174772,-6.863195855186029,4.820108413696289
1747273725.068171,1.360793016231809,-6.858076765107345,7.037162780761719
1747273725.0861096,1.294062510072066,-6.849329410415774,4.635810852050781
1747273725.1061678,1.2424608705818594,-6.839610552504034,4.700660705566406
1747273725.128872,1.2074274636421236,-6.829676489788894,6.513357162475586
1747273725.1467862,1.1460462294873086,-6.833101091291694,5.5141448974609375
1747273725.1663709,1.1104311979828758,-6.832204619586049,4.941463470458984
1747273725.1882977,1.0817184097850836,-6.826161928181752,6.497383117675781
1747273725.2074845,1.0021870495378165,-6.826701397293048,5.330085754394531
1747273725.2280645,0.9226682172848585,-6.8058043769925405,6.38580322265625
1747273725.2464986,0.8709435367605833,-6.784874564390359,4.931449890136719
1747273725.2685454,0.8115463748293682,-6.808348936898342,6.819486618041992
1747273725.2867205,0.7781524422960164,-6.8103739313209175,5.529642105102539
1747273725.3112764,0.7584954943948605,-6.8131018241591095,9.639263153076172
1747273725.3385894,0.6799488625565563,-6.804951888644659,5.885839462280273
1747273725.3569427,0.6441105295545115,-6.7973940951963465,4.984140396118164
1747273725.3779094,0.6273726255142521,-6.793812731725867,5.47337532043457
1747273725.397918,0.5265654469240821,-6.8028068801960675,5.646467208862305
1747273725.4200718,0.46129946489920826,-6.813616176044072,9.122610092163086
1747273725.440634,0.4264269670237402,-6.827157861345053,6.054401397705078
1747273725.4547484,0.3906873307678273,-6.837778464467445,5.18035888671875
1747273725.4722652,0.3169029997810694,-6.847680693175138,5.609035491943359
1747273725.4874434,0.2682881228129582,-6.857442522269743,5.28717041015625
1747273725.5066557,0.22394743208235784,-6.87016177721067,5.06138801574707
1747273725.5285027,0.20653589298860042,-6.878427778429516,6.673336029052734
1747273725.5469398,0.150629021149652,-6.888708420001908,5.533933639526367
1747273725.5624225,0.11359000470585161,-6.899181236043372,4.83393669128418
1747273725.5864496,0.06988523174023809,-6.909017741380448,5.179882049560547
1747273725.6065886,-0.007087323978520533,-6.940373839436044,5.051612854003906
1747273725.6207948,-0.044893341948684835,-6.959625565745446,4.556894302368164
1747273725.6463885,-0.0901774609842052,-6.9823264544285575,5.300760269165039
1747273725.666102,-0.15543982417585916,-7.0081174023328066,4.787445068359375
1747273725.6898327,-0.1920530027364109,-7.02744292768155,8.408784866333008
1747273725.707762,-0.21351059864675284,-7.044701932273983,6.067752838134766
1747273725.7347965,-0.29653620584557194,-7.081732833007189,6.944417953491211
1747273725.755221,-0.35314772277277984,-7.115117839676088,6.252288818359375
1747273725.7693815,-0.3829461133365215,-7.130359165916626,5.712747573852539
1747273725.786765,-0.399538027806815,-7.142357220260907,5.049943923950195
1747273725.8063858,-0.40766080158479023,-7.1570267665965925,4.827737808227539
1747273725.826688,-0.47737438626692713,-7.186529589876782,5.264520645141602
1747273725.84818,-0.5200068886999045,-7.213614111816205,6.648063659667969
1747273725.8683083,-0.5450582447984089,-7.232587811818165,6.551265716552734
1747273725.8885026,-0.5587111001440298,-7.246610733769112,6.620168685913086
1747273725.908112,-0.6299239333299675,-7.263381341038587,6.453752517700195
1747273725.931701,-0.668765830247956,-7.2801635588777245,8.49151611328125
1747273725.9512906,-0.6813093166185822,-7.288057861465798,7.522106170654297
1747273725.967493,-0.7748687719109789,-7.312556859853097,5.434751510620117
1747273725.989186,-0.8266539676046282,-7.326868084908184,7.75146484375
1747273726.0053587,-0.8526121983698863,-7.336404008895151,5.109548568725586
1747273726.0266085,-0.9288268515365321,-7.353386235763629,4.935979843139648
1747273726.0460997,-0.9674686287951143,-7.367540609230388,4.762887954711914
1747273726.0662038,-0.9886532619406484,-7.381261400839138,4.815578460693359
1747273726.0865943,-1.0657448198627189,-7.383964737906883,5.027055740356445
1747273726.1065612,-1.1171760975358929,-7.395065089609529,5.255699157714844
1747273726.1262565,-1.1545949718242958,-7.403940744830641,4.678964614868164
1747273726.1471121,-1.1787767824097126,-7.413280651812005,5.7811737060546875
1747273726.1682644,-1.2422941950507216,-7.415094592466935,6.505727767944336
1747273726.1873853,-1.2864187594101426,-7.425124037820561,5.372285842895508
1747273726.2078912,-1.3140258486035978,-7.4309146666722805,5.702733993530273
1747273726.22946,-1.399267908072572,-7.44776421332539,7.13348388671875
1747273726.2464752,-1.4534460103407407,-7.461762299227165,5.033254623413086
1747273726.2669313,-1.5034067276143115,-7.475049204318619,5.447149276733398
1747273726.293882,-1.5884083187595082,-7.475818909268271,5.925178527832031
1747273726.312912,-1.6589207921768134,-7.4813108048279435,5.159854888916016
1747273726.3357604,-1.7085533984107235,-7.4824005350239435,5.709171295166016
1747273726.3582988,-1.765071832915948,-7.483121253857323,7.00688362121582
1747273726.3785353,-1.8400941504899353,-7.482327805387343,7.198810577392578
1747273726.3963802,-1.876323434746019,-7.479978139099861,5.575656890869141
1747273726.416101,-1.992433524183853,-7.467717610255074,5.801677703857422
1747273726.4354134,-2.036013419516355,-7.463135927525139,6.322383880615234
1747273726.4501371,-2.063277194142968,-7.456991519591492,6.475687026977539
1747273726.4689255,-2.0797329544170005,-7.449895436261698,7.582187652587891
1747273726.4874249,-2.1328502742964175,-7.443555979946972,6.089925765991211
1747273726.5070708,-2.1672578901471997,-7.436020431168006,5.828857421875
1747273726.5267084,-2.1846307252706647,-7.428740275200781,7.509946823120117
1747273726.5424514,-2.1985817812695183,-7.424382399043199,5.440235137939453
1747273726.5691018,-2.244594304499441,-7.411225591584514,7.38835334777832
1747273726.5859032,-2.26819063687895,-7.402500853862195,7.979869842529297
1747273726.609241,-2.2979658119781776,-7.3854236248201515,6.333589553833008
1747273726.6304393,-2.3526967682041513,-7.359753015663351,8.771657943725586
1747273726.6500227,-2.3853093153127056,-7.334611560269102,7.459878921508789
1747273726.6682472,-2.406788411619041,-7.3108257685310925,5.611181259155273
1747273726.6835272,-2.4387619446392406,-7.2962228190253935,5.378484725952148
1747273726.708137,-2.4808362426220794,-7.276244737752239,5.59544563293457
1747273726.7269604,-2.506048576700998,-7.259469489155085,5.316972732543945
1747273726.747367,-2.547436329115597,-7.245826396301245,5.553960800170898
1747273726.7676315,-2.566960748784507,-7.235140853226495,5.712985992431641
1747273726.7824328,-2.574830322457455,-7.225145149413798,5.243778228759766
1747273726.808754,-2.612917682643669,-7.189678121401052,6.23011589050293
1747273726.8288589,-2.6323396278604316,-7.1506042335227,6.638765335083008
1747273726.84854,-2.642735061577165,-7.130121526508747,6.254911422729492
1747273726.8691812,-2.649309172633201,-7.107859278926392,6.361722946166992
1747273726.8890972,-2.6605627173718487,-7.090707747441657,6.6070556640625
1747273726.9069884,-2.6659910298308303,-7.070868365081323,5.56492805480957
1747273726.9291975,-2.67232924954304,-7.057112443226165,7.331371307373047
1747273726.9479542,-2.701537697005609,-7.03416935169063,6.39653205871582
1747273726.9628096,-2.7152295309074437,-7.006413015452648,5.141735076904297
1747273726.9876385,-2.7256991973793454,-6.975751355774828,5.9108734130859375
1747273727.0091581,-2.740243624192715,-6.947316926451096,7.062196731567383
1747273727.027605,-2.7503154521305873,-6.917897420523629,5.494832992553711
1747273727.0466537,-2.7559317733927533,-6.890324138254357,5.174398422241211
1747273727.06284,-2.7583153578316497,-6.874315466331602,5.172491073608398
1747273727.0873368,-2.763653659296471,-6.8461904587261655,5.5751800537109375
1747273727.1076348,-2.7706204792994913,-6.830260548907931,5.340099334716797
1747273727.1288667,-2.7761828782246654,-6.817263505001557,6.955385208129883
1747273727.1489053,-2.7813528998909733,-6.8055344092247125,7.038593292236328
1747273727.1705098,-2.788493211257631,-6.777808981202921,8.027315139770508
1747273727.1873157,-2.7990543780929307,-6.756097677437077,5.525827407836914
1747273727.2103968,-2.810347186701006,-6.7191522663523795,7.013559341430664
1747273727.229166,-2.8161191757520574,-6.700523012642618,7.229328155517578
1747273727.2473218,-2.8261371942514515,-6.677724508179514,7.1163177490234375
1747273727.2626977,-2.832628670801279,-6.642608228046401,5.19108772277832
1747273727.2824078,-2.8351889612406427,-6.614713149570702,5.143880844116211
1747273727.3018637,-2.830947897391156,-6.576271498748846,5.1288604736328125
1747273727.455327,-2.8563474570937464,-6.352108237892365,5.789041519165039
1747273727.4709592,-2.8497066690732056,-6.3205985941507565,6.5250396728515625
1747273727.487312,-2.846408303104492,-6.287319297086727,5.448579788208008
1747273727.5029182,-2.8509543580372028,-6.261368559536028,5.062580108642578
1747273727.528042,-2.8594818006323304,-6.207824444909346,6.3800811767578125
1747273727.553924,-2.8615108355680663,-6.171095121898353,5.950689315795898
1747273727.5687463,-2.8681944896207106,-6.126758386524466,5.311727523803711
1747273727.5838354,-2.8723277270193943,-6.084992540325816,5.832195281982422
1747273727.602082,-2.880712101277308,-6.0451709650793495,5.279541015625
1747273727.6271942,-2.8851273085685984,-5.9859519615566255,5.409955978393555
1747273727.647693,-2.8868403914404936,-5.93650663412441,5.903959274291992
1747273727.6673474,-2.8870845385592845,-5.896921767436516,5.397558212280273
1747273727.689134,-2.8872183925205923,-5.865967492508624,7.186651229858398
1747273727.7046492,-2.89937395978306,-5.831086623242748,5.329132080078125
1747273727.722558,-2.9031049082151874,-5.784463417327389,5.136251449584961
1747273727.7423933,-2.9026579413447453,-5.737299003403609,5.100011825561523
1747273727.763091,-2.9047176744585603,-5.693323910443294,5.379676818847656
1747273727.7830958,-2.9102591767204764,-5.653972248280365,5.265235900878906
1747273727.801734,-2.912449230345949,-5.615018192593464,5.071163177490234
1747273727.822083,-2.920532879226317,-5.566599618687368,5.06901741027832
1747273727.846846,-2.9240027679154244,-5.509787264566601,5.18798828125
1747273727.8670938,-2.9210878258589545,-5.463278596157431,5.400180816650391
1747273727.8823075,-2.916938437506368,-5.433162575433381,5.218982696533203
1747273727.9066834,-2.926948562511512,-5.3800784881467285,5.085945129394531
1747273727.9225025,-2.931417551008486,-5.349880561784564,4.91786003112793
1747273727.947388,-2.9321473867278978,-5.295802785181428,5.553245544433594
1747273727.9676375,-2.9205559352032906,-5.243864877547689,5.604743957519531
1747273727.989086,-2.911521294763032,-5.190126865915735,5.947589874267578
1747273728.011579,-2.906408898492667,-5.149964424522758,6.595373153686523
1747273728.0304785,-2.9116120792053097,-5.093254559801696,5.35130500793457
1747273728.0488267,-2.914623446762205,-5.041534856623203,5.380392074584961
1747273728.0668268,-2.917578172354298,-4.987831956796596,5.03849983215332
1747273728.0875401,-2.909892352785062,-4.930634157006446,5.540370941162109
1747273728.1074426,-2.901087219701496,-4.8462273067220085,5.673646926879883
1747273728.1272633,-2.9015522074953313,-4.773863223328795,5.513906478881836
1747273728.1470757,-2.9032881920551246,-4.722116609047164,5.380392074584961
1747273728.1672685,-2.8824333752609297,-4.675710357197345,5.53584098815918
1747273728.1837447,-2.872485194533277,-4.638435827028108,5.276679992675781
1747273728.2024965,-2.8669708761425796,-4.595242887659573,5.319118499755859
1747273728.2282586,-2.8619384855646115,-4.5289191516081235,6.447315216064453
1747273728.2478323,-2.8589092098551543,-4.471325127525718,5.463123321533203
1747273728.2686026,-2.8581860016641047,-4.423212512924976,6.502389907836914
1747273728.287627,-2.853050202760215,-4.369905659707551,5.212068557739258
1747273728.3090725,-2.848190692653078,-4.318374009811112,7.004976272583008
1747273728.3274934,-2.8430916830930375,-4.2681604708171506,5.213499069213867
1747273728.3469477,-2.810752164169696,-4.219194009887069,5.300998687744141
1747273728.3668697,-2.7958124631412304,-4.1606029972105025,5.218505859375
1747273728.3870938,-2.7818953248015372,-4.114156954836968,5.310535430908203
1747273728.4014792,-2.780702810595001,-4.081701290689005,4.853725433349609
1747273728.4277663,-2.757195544204086,-4.010163714727766,5.589008331298828
1747273728.4475431,-2.749637456313845,-3.974168782066193,6.395578384399414
1747273728.464156,-2.745060573325558,-3.9205686107872677,5.323886871337891
1747273728.4878662,-2.722294797234671,-3.848102710259852,5.429744720458984
1747273728.5118458,-2.7139043147853346,-3.78817163070769,7.377147674560547
1747273728.5271277,-2.7086259844168876,-3.7390421451447535,5.322694778442383
1747273728.547608,-2.674478282944681,-3.6785908043885747,5.943059921264648
1747273728.5687375,-2.652909250809282,-3.6153621203502246,6.1283111572265625
1747273728.5859272,-2.6456392877450936,-3.57421279486023,6.03485107421875
1747273728.6080966,-2.592583616995895,-3.494633294612003,5.385160446166992
1747273728.6296587,-2.564918921175026,-3.433651627463063,6.027698516845703
1747273728.6480057,-2.5444008007727983,-3.374145390272303,5.465269088745117
1747273728.6693187,-2.5339596497468935,-3.3182610273703848,7.25865364074707
1747273728.713202,-2.47459355013707,-3.1946676189505525,5.699634552001953
1747273728.7282593,-2.4481320159111473,-3.1324225888682435,5.777835845947266
1747273728.7473648,-2.415010896170822,-3.071840444703534,5.566120147705078
1747273728.7672029,-2.385078781151522,-3.015167121129193,5.456209182739258
1747273728.7909565,-2.3597451951369868,-2.965538184516895,9.109735488891602
1747273728.8079054,-2.299038708524698,-2.8982866784895776,5.969762802124023
1747273728.8276289,-2.256914900294272,-2.837565444754129,5.750179290771484
1747273728.847497,-2.219905845464599,-2.772721163862802,5.805492401123047
1747273728.8681989,-2.193153301068952,-2.719135314283275,6.364107131958008
1747273728.887907,-2.1519613756580354,-2.6471418105052114,5.777835845947266
1747273728.909654,-2.1272053934766686,-2.586094462162312,7.590770721435547
1747273728.929841,-2.1024089170079647,-2.536683005573827,7.757663726806641
1747273728.9527638,-2.076907583192649,-2.501557062201526,10.46442985534668
1747273728.9771292,-2.0366228613492017,-2.447614768079755,7.305622100830078
1747273728.9971614,-1.9921126915512264,-2.39162098376303,6.319284439086914
1747273729.0147047,-1.9494343517626354,-2.3426346123053983,6.641626358032227
1747273729.0349023,-1.9081841106578092,-2.2977551992034977,6.501674652099609
1747273729.0538952,-1.8883810528948455,-2.248567046059391,6.525278091430664
1747273729.0737805,-1.8642511147668321,-2.1997654482742655,6.107807159423828
1747273729.08964,-1.8288836741424674,-2.15343405529092,6.147861480712891
1747273729.1079812,-1.7942907734874967,-2.0975973719278955,5.995750427246094
1747273729.127775,-1.7466163882738117,-2.0432820686227924,5.953550338745117
1747273729.1495907,-1.678792463812667,-1.9862072026930806,7.455110549926758
1747273729.1748548,-1.6309490660004144,-1.930230545658763,12.217521667480469
1747273729.1979635,-1.5786344299254813,-1.8790412900766027,5.435466766357422
1747273729.2154796,-1.5167915936724738,-1.8280669700358145,5.657196044921875
1747273729.2320986,-1.466108486224555,-1.7715202534157815,6.264925003051758
1747273729.2483845,-1.4086350425284793,-1.7212801584412112,5.30552864074707
1747273729.2676318,-1.3590583412004074,-1.6799211177837414,5.546092987060547
1747273729.290285,-1.3082616657950346,-1.6419590131034778,7.053613662719727
1747273729.307424,-1.284454893427658,-1.588415509761143,5.622625350952148
1747273729.3301556,-1.2474647526074554,-1.5457374852160868,6.899833679199219
1747273729.3475113,-1.2041309720248905,-1.5106355165001721,5.746126174926758
1747273729.3737156,-1.136689211647954,-1.4787001320008724,11.708736419677734
1747273729.3935235,-1.041671575772393,-1.4522449112595355,5.234241485595703
1747273729.409412,-0.9632661269268648,-1.4321744906547198,5.810976028442383
1747273729.428169,-0.9090859898801393,-1.3882985286111356,5.613088607788086
1747273729.4428196,-0.8730274407499649,-1.3676319202318998,5.096912384033203
1747273729.4624004,-0.8052209726712173,-1.3440105104757178,5.193471908569336
1747273729.495907,-0.7028999653397109,-1.317602572472044,12.385368347167969
1747273729.513044,-0.6459402458548809,-1.2805348271235935,5.425214767456055
1747273729.5281985,-0.5346970405812022,-1.2503051503246712,5.217075347900391
1747273729.5431616,-0.46189650615727573,-1.2361331483955873,5.080461502075195
1747273729.5624702,-0.4705347604337573,-1.2293715740375069,5.235433578491211
1747273729.587821,-0.4710708458603419,-1.2200877805288934,5.405664443969727
1747273729.602679,-0.4500986217973944,-1.2125257770156734,5.120038986206055
1747273729.6275501,-0.5958549404463807,-1.1917793458115702,5.554437637329102
1747273729.6475282,-0.5409729051717469,-1.1813382019894885,5.485057830810547
1747273729.667763,-0.4953832543617332,-1.1752615351032385,5.446672439575195
1747273729.6879501,-0.45787210565592,-1.168012919798405,5.598545074462891
1747273729.7071898,-0.39544447147908957,-1.166854537999818,5.4264068603515625
1747273729.7225733,-0.3513958252496653,-1.1667731877371446,4.971504211425781
1747273729.747691,-0.2945018629081808,-1.1650469527234641,5.714893341064453
1747273729.7673612,-0.2241769892624143,-1.1661325785790424,5.484342575073242
1747273729.7871716,-0.15614224781404845,-1.1707627282040742,5.361795425415039
1747273729.807536,-0.09780887837706831,-1.175242844789016,5.427122116088867
1747273729.822911,-0.028574081652491562,-1.1882290723771671,5.126237869262695
1747273729.8420265,0.03549635980427659,-1.200405450746373,5.069494247436523
1747273729.8674834,0.10421667511847053,-1.213366964633168,5.255699157714844
1747273729.8874316,0.1935309595514045,-1.2516069095925562,5.436420440673828
1747273729.9112504,0.26977784987988257,-1.2775752087624495,6.289243698120117
1747273729.9274316,0.3223707731246799,-1.2947567403715463,5.352258682250977
1747273729.9494586,0.3689243621105039,-1.306730808574167,7.325887680053711
1747273729.9728901,0.4296682404655473,-1.316834159463006,9.27591323852539
1747273730.0041142,0.47627185103285896,-1.319789563837786,12.593746185302734
1747273730.0256863,0.5444689925270555,-1.3555584393400713,6.981134414672852
1747273730.0446243,0.591763870734432,-1.3778611448040288,6.781816482543945
1747273730.062667,0.6866198795598328,-1.4080458210104387,4.908084869384766
1747273730.0877852,0.7700437031902293,-1.438823344008987,5.264997482299805
1747273730.1076262,0.8479602635856006,-1.4578598388470665,5.584716796875
1747273730.1272166,0.9578706962678937,-1.4719529126095627,5.124330520629883
1747273730.1481092,1.0320965422430237,-1.4925456846175125,5.5141448974609375
1747273730.163187,1.0753759213827692,-1.5032492637750463,4.773378372192383
1747273730.187653,1.1350233882817462,-1.5148267387229424,5.377531051635742
1747273730.207742,1.1656479404437574,-1.5226725247105106,5.460262298583984
1747273730.2232687,1.2438717034225122,-1.5499892737429979,4.900217056274414
1747273730.2469747,1.3228777189368832,-1.5748096682687485,4.918575286865234
1747273730.2673917,1.3730166628473257,-1.5897810451623395,5.135059356689453
1747273730.2848976,1.4269305048292658,-1.6125601022417757,4.776954650878906
1747273730.302353,1.4879206454388847,-1.6309193995928437,4.7931671142578125
1747273730.322005,1.5357143248375078,-1.6479083076809726,4.866600036621094
1747273730.3500316,1.5846274835435146,-1.6682620451520869,7.391691207885742
1747273730.3682961,1.611729851872494,-1.6777310255417022,5.221843719482422
1747273730.3873591,1.66852544717545,-1.6921706434196537,5.147218704223633
1747273730.407317,1.7157118215597162,-1.7036186485118754,5.138635635375977
1747273730.4271693,1.7566592998658606,-1.71380058375092,5.133628845214844
1747273730.450302,1.8444862311220025,-1.7444907174286346,7.416009902954102
1747273730.4681857,1.8941218132244158,-1.7658350392765338,5.398273468017578
1747273730.490671,1.9311272696004838,-1.7836070201783127,7.124662399291992
1747273730.5091124,2.010146819768299,-1.8104606410188677,6.358623504638672
1747273730.5361972,2.0692979357375285,-1.8289939306009984,15.950918197631836
1747273730.5533984,2.133281239245244,-1.851475739096809,5.2471160888671875
1747273730.5716555,2.1761242088535115,-1.8650619879477879,7.590770721435547
1747273730.5964115,2.2727925835712943,-1.9014113514665274,6.645441055297852
1747273730.6169646,2.327191106259677,-1.9248349061890466,5.475521087646484
1747273730.633681,2.3687660186482455,-1.951641325987322,5.394935607910156
1747273730.6509774,2.4460252234779403,-1.98745343931795,6.214380264282227
1747273730.6713977,2.5035751779013404,-2.018040460907153,8.83173942565918
1747273730.6913047,2.5431781324499743,-2.043068150713606,8.341073989868164
1747273730.7082908,2.6424017065462864,-2.085691748118085,6.016969680786133
1747273730.7309053,2.6958733819293634,-2.1089186581891517,7.451534271240234
1747273730.7480195,2.718302506038245,-2.119420966468664,5.837202072143555
1747273730.7683833,2.7318513469938184,-2.1288109993160993,5.962610244750977
1747273730.7879713,2.8147937159672267,-2.179107276641887,5.649805068969727
1747273730.8075728,2.8643273964925506,-2.2117202094426776,5.587577819824219
1747273730.8278387,2.895376859887176,-2.234757792648775,5.712985992431641
1747273730.848001,2.9520093034849624,-2.2843421080928508,5.815267562866211
1747273730.862755,2.9794624092933333,-2.3167844469259813,5.4683685302734375
1747273730.8888264,3.0159867808923497,-2.3651578400939925,5.881786346435547
1747273730.9081333,3.0931929480164713,-2.4112444814416305,5.795717239379883
1747273730.9284687,3.1435410758782676,-2.4548813587557476,5.979776382446289
1747273730.9525208,3.176389466088225,-2.4976984712364243,8.254051208496094
1747273730.9771824,3.2273538208560457,-2.552280191204441,7.256746292114258
1747273730.9983237,3.244814594131593,-2.6030239792845493,6.224155426025391
1747273731.0150936,3.257474798473289,-2.646148500616321,5.887746810913086
1747273731.0303175,3.263190236828898,-2.6834694518090774,6.068706512451172
1747273731.0508075,3.318359956309833,-2.7282960023887437,6.712436676025391
1747273731.0720284,3.3458115076337203,-2.7862749120410673,7.367372512817383
1747273731.092318,3.3555501975728754,-2.8271670751257565,7.694244384765625
1747273731.108508,3.400551380970755,-2.8650328119435726,5.651950836181641
1747273731.128409,3.4412792130416716,-2.9243669453442633,5.744695663452148
1747273731.1480682,3.463778584746648,-2.9652328035860402,5.647420883178711
1747273731.16845,3.499631062352468,-3.0171951915000217,5.761623382568359
1747273731.188024,3.5146269678894253,-3.073630591689278,5.759000778198242
1747273731.2078238,3.5123799334919434,-3.132857900732264,5.626916885375977
1747273731.2279177,3.508297993463911,-3.1977492334145508,5.65648078918457
1747273731.2477942,3.554337203452003,-3.2546911761431674,5.656719207763672
1747273731.2677796,3.582662134113549,-3.3087019266400515,5.652189254760742
1747273731.2881277,3.5927573169322122,-3.3573451231165086,5.7086944580078125
1747273731.311121,3.5960121994361387,-3.4309217720459078,7.847309112548828
1747273731.3308485,3.599290656610119,-3.4967560531363917,6.850719451904297
1747273731.3511298,3.5989579833049987,-3.559030674745659,7.020473480224609
1747273731.373496,3.62297956121967,-3.6168099699828407,7.1868896484375
1747273731.3930464,3.6418513641882373,-3.6755121902111894,5.799531936645508
1747273731.4083266,3.6511067598659896,-3.7316440938274353,5.837440490722656
1747273731.4238439,3.653892058369092,-3.7704862965680497,5.736112594604492
1747273731.4490573,3.6589692877581173,-3.8402408545987448,6.1359405517578125
1747273731.4720378,3.663426529484621,-3.8906032329470364,9.454965591430664
1747273731.4967647,3.6587116861326363,-3.955282952993558,6.352901458740234
1747273731.5165148,3.6553961364770777,-4.018065233868893,6.083488464355469
1747273731.5400648,3.6543776378647075,-4.074918168726589,9.114742279052734
1747273731.5644257,3.6524900124702606,-4.138486081623611,7.096529006958008
1747273731.5876417,3.64844639037608,-4.203589596801091,6.589412689208984
1747273731.6020117,3.6292799109941,-4.266716679447351,5.561351776123047
1747273731.6170652,3.6087106252130337,-4.324849694812431,5.640745162963867
1747273731.6325634,3.5463452049961885,-4.389851606742474,5.256891250610352
1747273731.6482327,3.4814572542644813,-4.457469686913184,5.365610122680664
1747273731.6676705,3.450678208940648,-4.51305630821248,5.47480583190918
1747273731.6862504,3.4297935616661652,-4.551942333921,4.933357238769531
1747273731.7074513,3.399957203873865,-4.626601642807184,5.219459533691406
1747273731.7282746,3.36998071439204,-4.68088031381485,5.470514297485352
1747273731.747794,3.351836392951092,-4.735097373389692,5.378961563110352
1747273731.767612,3.342151751251319,-4.79084714975906,5.403280258178711
1747273731.790072,3.3400180338840713,-4.849678553671382,7.428407669067383
1747273731.8082938,3.3415792449922046,-4.911485495148995,5.659818649291992
1747273731.8297753,3.341467086600912,-4.976307471449687,6.648063659667969
1747273731.8441947,3.3382408021219114,-5.024599350084484,4.907369613647461
1747273731.8677979,3.3291936261551904,-5.077978481902929,5.271434783935547
1747273731.8881984,3.334160822183762,-5.106667685075485,6.740093231201172
1747273731.9081454,3.3290365753116933,-5.1690584085230595,5.1555633544921875
1747273731.9292293,3.3187274851298323,-5.222238669530864,6.24394416809082
1747273731.947511,3.3175871394519514,-5.2554155970890895,6.532192230224609
1747273731.9681072,3.321328357021713,-5.334966694008861,5.327939987182617
1747273731.9911108,3.3145562915295423,-5.383958664402025,7.489919662475586
1747273732.0079694,3.3138576566219524,-5.414282007338793,5.999565124511719
1747273732.0283468,3.314826513211075,-5.472177185615193,5.281925201416016
1747273732.0478206,3.2947874859545205,-5.532067674559379,5.338907241821289
1747273732.0680223,3.2869433172365237,-5.588140649783304,5.465507507324219
1747273732.09638,3.292729554940671,-5.652969107002208,5.501985549926758
1747273732.1127076,3.30855878540351,-5.694024923776869,5.092144012451172
1747273732.132544,3.28169783044829,-5.742902705285546,7.411003112792969
1747273732.148059,3.2712691931262055,-5.780910548634658,5.188465118408203
1747273732.1693306,3.2720745590558784,-5.824405899507597,6.636142730712891
1747273732.1883173,3.2160512168873763,-5.865918152325065,5.331754684448242
1747273732.207844,3.1964020573733247,-5.911971212735248,5.144596099853516
1747273732.2280612,3.197513789470924,-5.953943661158992,5.398035049438477
1747273732.2495708,3.1763429956844558,-6.005643619405237,6.844997406005859
1747273732.2718556,3.167362666649309,-6.050009865485804,8.162736892700195
1747273732.302572,3.1670927239657325,-6.088184291720925,5.951642990112305
1747273732.3239083,3.122791411162482,-6.138424574538848,5.40924072265625
1747273732.3406487,3.0986823983474063,-6.181966510217958,5.562543869018555
1747273732.3571072,3.089438209933103,-6.222090003152218,5.1593780517578125
1747273732.3759835,3.05488173296006,-6.25280472414254,5.866050720214844
1747273732.3992412,3.0405363496898845,-6.287003104203017,5.753517150878906
1747273732.4404263,3.016446393516488,-6.376409825656816,9.800195693969727
1747273732.4619544,2.9795155566669895,-6.411286099863013,6.974220275878906
1747273732.4823015,2.9563047270126357,-6.450303987927404,5.452156066894531
1747273732.5087302,2.929007819385831,-6.5155786337245365,9.517908096313477
1747273732.5329452,2.888830655814914,-6.578873624293203,5.471944808959961
1747273732.551482,2.8662971796178867,-6.625733363828112,7.848501205444336
1747273732.5681977,2.838845373729683,-6.667866530283048,5.546808242797852
1747273732.588444,2.778500019851143,-6.7431640378178965,6.015539169311523
1747273732.6124136,2.759656117428353,-6.774522788042823,8.419513702392578
1747273732.6372123,2.751256109505429,-6.792168034920253,6.777286529541016
1747273732.6581411,2.6959520637992904,-6.829571880625183,6.228923797607422
1747273732.6782944,2.660458196324932,-6.854122947853291,7.933616638183594
1747273732.7000413,2.6393949936296845,-6.873844792760091,7.425069808959961
1747273732.7214174,2.5453049576948756,-6.903294669617113,7.5778961181640625
1747273732.7486057,2.477498595229629,-6.93287800559904,7.941484451293945
1747273732.7721107,2.4205775613085563,-6.959375085674626,7.878303527832031
1747273732.7881982,2.385807436392896,-6.974832842505274,5.521297454833984
1747273732.8083184,2.357952990217028,-6.988233782487809,5.54203987121582
1747273732.8281682,2.342300138193046,-6.995514588166876,5.524873733520508
1747273732.8485296,2.292440559195956,-7.01268270084068,5.956411361694336
1747273732.8684795,2.261740835639851,-7.022383560262978,6.031990051269531
1747273732.889211,2.240449947146186,-7.0296934516476055,6.5822601318359375
1747273732.9081569,2.1865326249605572,-7.043688335475972,5.53441047668457
1747273732.9279604,2.150496706410127,-7.054570892262209,5.394935607910156
1747273732.9489958,2.1297603250567576,-7.063086406059611,5.306720733642578
1747273732.9684262,2.0775411574501548,-7.071644513062424,5.764484405517578
1747273732.9900975,2.0210685747796426,-7.0778555283574685,7.262468338012695
1747273733.0091467,1.972104394365193,-7.081288169419513,5.55419921875
1747273733.0283706,1.9341108538769933,-7.08647814155151,5.10096549987793
1747273733.04812,1.8914284828229297,-7.07756867755859,5.537986755371094
1747273733.0678763,1.8560431121543586,-7.066384004761903,5.415439605712891
1747273733.088561,1.8282261701123408,-7.053633858927586,5.859851837158203
1747273733.1084116,1.7889796154296569,-7.053862060056812,5.660057067871094
1747273733.1276517,1.7599408737393427,-7.051129706946349,5.254030227661133
1747273733.1482878,1.7340070547149922,-7.044337715567359,5.633354187011719
1747273733.1674395,1.7096717454149586,-7.041059583486136,4.987955093383789
1747273733.1877406,1.6895683497671743,-7.03280131445082,5.074024200439453
1747273733.2092566,1.6762077372958133,-7.026403679178695,5.428791046142578
1747273733.2248003,1.6711946388336925,-7.021816115945174,4.955053329467773
1747273733.247851,1.6498236271113795,-7.0137224203445685,5.090236663818359
1747273733.2678459,1.595451191122243,-7.000418621668966,5.720853805541992
1747273733.284338,1.5507214512596093,-6.9887943418350025,5.125761032104492
1747273733.3032923,1.5210038685323506,-6.980653515694097,5.205392837524414
1747273733.3236551,1.5025026262386674,-6.972603237748978,5.200862884521484
1747273733.3542411,1.4423091686995333,-6.9507206982129,4.994392395019531
1747273733.3683712,1.4281748921653294,-6.938580923524037,5.133152008056641
1747273733.3916209,1.3935554474205067,-6.921668062344325,7.460117340087891
1747273733.409936,1.3264575099114193,-6.907354351170687,6.251811981201172
1747273733.4286098,1.2873308291085017,-6.893829648925469,6.635427474975586
1747273733.4488068,1.2464113223132645,-6.877074848498646,5.938053131103516
1747273733.4675164,1.1822686492669463,-6.862712767463245,4.996061325073242
1747273733.4827323,1.1432514610621474,-6.850546662114754,4.682302474975586
1747273733.503674,1.1041402357367303,-6.838347416096148,5.185365676879883
1747273733.5228202,1.0016599015242598,-6.800873938897461,4.714012145996094
1747273733.547915,0.9356324671368151,-6.777397169963292,5.278348922729492
1747273733.5687199,0.9148260932152757,-6.773053128237489,5.33604621887207
1747273733.5882297,0.8376328447572736,-6.757518129652408,5.547046661376953
1747273733.6104007,0.7787195037195034,-6.750191791043802,6.703376770019531
1747273733.6314955,0.7472645941447124,-6.744996805210066,6.77800178527832
1747273733.6682162,0.6729167920901068,-6.749706047880355,9.442806243896484
1747273733.6958349,0.6088266690745173,-6.746959990426552,5.766868591308594
1747273733.7120483,0.5953729797822365,-6.746889655942705,5.338907241821289
1747273733.7305102,0.5303575122936575,-6.752051751328366,7.726192474365234
1747273733.7484381,0.4531942584868446,-6.7554043604039204,5.566120147705078
1747273733.7702034,0.40791430176962706,-6.7591284579435955,5.9261322021484375
1747273733.790345,0.33347108002528036,-6.76706406069302,7.495403289794922
1747273733.8080206,0.28475564353681737,-6.778117176097948,5.159139633178711
1747273733.829585,0.25235715883725507,-6.790253213596625,6.801605224609375
1747273733.8501039,0.1934955293140244,-6.814182897257704,6.741523742675781
1747273733.868229,0.1436808939232583,-6.837117073293675,5.478382110595703
1747273733.8882055,0.11886450479240983,-6.855459085813127,5.657196044921875
1747273733.9079096,0.10210100620474304,-6.872290196475136,5.185842514038086
1747273733.9288075,0.03905720673260695,-6.88296150933081,5.992889404296875
1747273733.95226,0.004026711123820688,-6.893724675164157,6.652355194091797
1747273733.9713182,-0.014661097520436817,-6.895615759539,6.6547393798828125
1747273733.987882,-0.08773061919296683,-6.916734530616673,5.024909973144531
1747273734.0084038,-0.13206439109562146,-6.9326728152440795,4.832029342651367
1747273734.0285358,-0.16649041043814378,-6.953373123741329,5.124568939208984
1747273734.0480978,-0.2430056440527066,-6.990943993399476,4.842042922973633
1747273734.068529,-0.27710201771854764,-7.018741477189674,5.867719650268555
1747273734.092024,-0.3103047604406847,-7.045676746291598,7.030248641967773
1747273734.1165228,-0.3885159908666256,-7.081857272240114,5.906581878662109
1747273734.1327395,-0.4359166222627,-7.113906548782672,5.123376846313477
1747273734.1477973,-0.4723718021771504,-7.1403290016357905,4.728078842163086
1747273734.1698225,-0.49512471522344387,-7.160315880457992,6.547212600708008
1747273734.1880052,-0.5800330052326325,-7.188698049081468,5.131244659423828
1747273734.2099783,-0.6109832111546162,-7.206913444090956,6.476879119873047
1747273734.2242563,-0.6256784770499569,-7.215893189855403,4.851579666137695
1747273734.2426736,-0.6964893746977449,-7.237218198081557,4.752397537231445
1747273734.2697375,-0.7495751515713431,-7.261038339109634,6.582498550415039
1747273734.288629,-0.7769899310695617,-7.277907173838554,5.186319351196289
1747273734.3089168,-0.7843172750081945,-7.2874536538292185,8.414268493652344
1747273734.3293986,-0.8779116424662077,-7.314108551421564,6.58416748046875
1747273734.3487184,-0.9222865739859148,-7.336509586154378,5.951642990112305
1747273734.3714907,-0.9514300847286633,-7.35547912809738,6.619453430175781
1747273734.387778,-1.0250064101280698,-7.3679485136238645,5.056858062744141
1747273734.4086468,-1.0828024315637366,-7.377463860897122,4.934072494506836
1747273734.4299853,-1.1212196230281095,-7.384644607922968,6.8645477294921875
1747273734.4499967,-1.196129492282362,-7.388706083159555,6.489753723144531
1747273734.4702945,-1.2389778740833273,-7.396053778192069,6.472110748291016
1747273734.4896443,-1.2634800609620271,-7.40345536624133,6.691932678222656
1747273734.517018,-1.3362171972831554,-7.422228692264945,13.524770736694336
1747273734.5360105,-1.3783825949001858,-7.436425869323087,5.4645538330078125
1747273734.5529299,-1.4257913352332112,-7.451028150874315,4.903316497802734
1747273734.574091,-1.5036268115195806,-7.45206817621994,4.9037933349609375
1747273734.5898888,-1.5723028072532226,-7.458855643772645,6.49261474609375
1747273734.6058943,-1.6230994205544835,-7.467077487042105,5.575895309448242
1747273734.6301143,-1.6748849503879257,-7.473958466904709,7.2040557861328125
1747273734.6473486,-1.7440282479617153,-7.481375268805753,5.622386932373047
1747273734.6689487,-1.8050118243520934,-7.488995133283222,5.615949630737305
1747273734.688419,-1.8248703381009894,-7.492573447684321,5.429744720458984
1747273734.708634,-1.905281049508267,-7.484501042831447,5.766868591308594
1747273734.7238655,-1.9437009962307863,-7.479179257615964,5.720853805541992
1747273734.7496467,-1.980891306321881,-7.476788079427793,6.1359405517578125
1747273734.7717886,-2.055331681857453,-7.462545546109359,7.885932922363281
1747273734.791705,-2.1000379861056233,-7.446790213116099,7.858514785766602
1747273734.810725,-2.123024004254533,-7.434901312095222,7.882356643676758
1747273734.828814,-2.1497775095989313,-7.422632731000699,5.9413909912109375
1747273734.8491714,-2.1905493755354266,-7.416648784771395,6.190776824951172
1747273734.8659735,-2.2058056644371997,-7.419233169008902,6.529569625854492
1747273734.8905554,-2.224122793752002,-7.417164742515651,7.387399673461914
1747273734.9124737,-2.2989456077829065,-7.378367630833379,8.812904357910156
1747273734.9334173,-2.3322639135395087,-7.347605218798993,8.467674255371094
1747273734.9561257,-2.348951997156809,-7.327210271015361,6.376743316650391
1747273734.9843185,-2.360563201728753,-7.3129472605229395,8.075714111328125
1747273735.0073843,-2.418771083636261,-7.288150076049752,6.692409515380859
1747273735.0315733,-2.4451631383817296,-7.275006260152255,7.802009582519531
1747273735.0468733,-2.456326663528155,-7.263094098094653,5.693197250366211
1747273735.068392,-2.485700915767917,-7.231593308124289,5.485057830810547
1747273735.088489,-2.5012201330862203,-7.211215331192102,5.724191665649414
1747273735.105327,-2.5084896455022565,-7.195614606559424,5.285501480102539
1747273735.130944,-2.543253596429854,-7.166966256999771,7.129907608032227
1747273735.1511948,-2.5590733229009963,-7.142866550065656,7.488250732421875
1747273735.1707098,-2.567902664048643,-7.120043578031857,7.379770278930664
1747273735.1906822,-2.5741208953853745,-7.100687972848161,7.169246673583984
1747273735.2109563,-2.6034616797485035,-7.084217162468651,8.066654205322266
1747273735.2291238,-2.6149295920779903,-7.075155001638721,5.774736404418945
1747273735.2502036,-2.627041780082592,-7.055499992110931,7.269382476806641
1747273735.2756624,-2.649531247421978,-7.034067779494345,10.499238967895508
1747273735.2984593,-2.6653075825045858,-7.007832567002558,5.455255508422852
1747273735.3151865,-2.6744223575094996,-6.983159381889353,5.45048713684082
1747273735.333194,-2.6914887228024598,-6.965292452025556,6.36601448059082
1747273735.34816,-2.7085322635491176,-6.940837233629276,5.270481109619141
1747273735.373076,-2.7152348083993014,-6.925358654469045,9.796619415283203
1747273735.3993607,-2.72712927187081,-6.906706240437401,5.842924118041992
1747273735.4176257,-2.7324656453112146,-6.889660276067257,5.16200065612793
1747273735.4362066,-2.7356826604961797,-6.8725539536396685,5.365610122680664
1747273735.4527202,-2.7388589654158144,-6.850398014707907,5.6304931640625
1747273735.47182,-2.7665646931420196,-6.822954311184233,7.370948791503906
1747273735.488189,-2.7770703501935197,-6.802013120024056,6.28209114074707
1747273735.5101027,-2.782078796818543,-6.7744310175967,6.938695907592773
1747273735.5298376,-2.7936783680109047,-6.740881580496754,7.0667266845703125
1747273735.5481296,-2.7950753442029894,-6.718499433081821,5.304813385009766
1747273735.5681663,-2.7993359919846625,-6.697794293715357,5.385398864746094
1747273735.5885832,-2.8007488011518396,-6.670856785098197,5.690336227416992
1747273735.6033692,-2.800869881953962,-6.6504186591299534,5.044698715209961
1747273735.6296697,-2.800626713715589,-6.613425411198049,6.676912307739258
1747273735.6525493,-2.8271772510531266,-6.58484923550125,5.470037460327148
1747273735.6726627,-2.8342272079095907,-6.567776939850888,10.640621185302734
1747273735.6906197,-2.8354138881825395,-6.5362336338556615,6.207466125488281
1747273735.7086525,-2.839271178084015,-6.511679812671565,5.403041839599609
1747273735.7301903,-2.8434777146269377,-6.4672339160836865,6.916046142578125
1747273735.7488484,-2.8468679165141157,-6.432161830678685,5.429983139038086
1747273735.7681139,-2.8493422341871892,-6.398144902724913,5.318880081176758
1747273735.7876759,-2.8508542214605437,-6.3730857448334195,6.633996963500977
1747273735.8087893,-2.8530022335616954,-6.330713242511448,5.390644073486328
1747273735.8283954,-2.8536737011197433,-6.295406160842202,5.326032638549805
1747273735.8502066,-2.861536268007906,-6.240623176029405,6.867170333862305
1747273735.868468,-2.8622145975305213,-6.1825935369209475,5.384683609008789
1747273735.8899846,-2.8609167661953667,-6.138580072693349,6.379127502441406
1747273735.9086518,-2.859571464052605,-6.096396721978609,5.367755889892578
1747273735.9285913,-2.8700398285631463,-6.063613219861317,5.60760498046875
1747273735.9482675,-2.875292309669179,-6.024851510919681,5.215883255004883
1747273735.9683776,-2.875963434594108,-5.986349120220765,5.391359329223633
1747273735.9908884,-2.8896597179735983,-5.9410358107043,7.165193557739258
1747273736.0106049,-2.8982555777781016,-5.899883568205831,7.2784423828125
1747273736.0283113,-2.8992686581841465,-5.86774132786003,5.354166030883789
1747273736.050077,-2.9082356254805783,-5.8295070293181235,6.984233856201172
1747273736.0681038,-2.9113786771925305,-5.7953421111341035,5.122184753417969
1747273736.0902908,-2.91280733456747,-5.75899212934683,6.835699081420898
1747273736.1091068,-2.918680189400084,-5.721706415455096,5.3997039794921875
1747273736.1303248,-2.9218451305693183,-5.687322095707423,6.908893585205078
1747273736.1525817,-2.921728933777092,-5.6444241945434666,8.143424987792969
1747273736.1726825,-2.9217795102065325,-5.601165019208936,7.12132453918457
1747273736.1930702,-2.921649549349107,-5.543650865941086,6.407260894775391
1747273736.2103057,-2.921100012998839,-5.503172372282074,6.875038146972656
1747273736.2299488,-2.9187799576640288,-5.453568731597802,6.375312805175781
1747273736.2451148,-2.922169702362455,-5.41301877285334,4.971027374267578
1747273736.2694986,-2.9238390364122524,-5.361964387924673,5.804777145385742
1747273736.2935758,-2.9228595714663372,-5.325615830764715,8.41832160949707
1747273736.3164697,-2.9243020474652464,-5.264990301322506,5.518198013305664
1747273736.3391225,-2.9252462184723327,-5.21640268408027,7.045745849609375
1747273736.354347,-2.924502856904871,-5.156602144310457,5.107402801513672
1747273736.3695695,-2.927860399534832,-5.116637038853811,5.695343017578125
1747273736.3886786,-2.915207530742965,-5.0699623514123235,6.049394607543945
1747273736.4043343,-2.9109807013309354,-5.030227966158662,5.036592483520508
1747273736.4317803,-2.907912779836071,-4.978603073388402,7.744073867797852
1747273736.446584,-2.8818144962678276,-4.945242253171506,5.1898956298828125
1747273736.4681633,-2.867354921787755,-4.892144322577169,5.235433578491211
1747273736.4879942,-2.8654026159355452,-4.852037702637211,5.021333694458008
1747273736.5117064,-2.865799534811439,-4.79758528760613,7.857322692871094
1747273736.5281281,-2.8645542503627732,-4.741975065193725,5.049228668212891
1747273736.543327,-2.864534569951408,-4.704945283587433,5.133152008056641
1747273736.569987,-2.850377651788201,-4.629713841989162,6.773233413696289
1747273736.5906255,-2.8414084280877936,-4.576252391277496,7.269620895385742
1747273736.6091557,-2.839240362431506,-4.527697907261949,5.754947662353516
1747273736.6302269,-2.8389880211629728,-4.476104492693928,6.850957870483398
1747273736.650218,-2.827498880545377,-4.413584111467598,6.824493408203125
1747273736.6658008,-2.826886518947335,-4.360762357228133,5.368232727050781
1747273736.692368,-2.8203320351850167,-4.287998946936789,6.659984588623047
1747273736.7112043,-2.805938305279555,-4.2280034478682085,7.650613784790039
1747273736.733127,-2.7918613440766693,-4.172622271168259,7.675647735595703
1747273736.7532296,-2.7741503989268645,-4.115529239626852,7.873058319091797
1747273736.7730336,-2.7523980369833487,-4.0462984096941215,5.567073822021484
1747273736.7972076,-2.736709422139942,-3.977134448710097,5.702972412109375
1747273736.81708,-2.7275648216507404,-3.9105212575099064,5.664825439453125
1747273736.837961,-2.716734066015943,-3.8467175671268476,5.616426467895508
1747273736.8567593,-2.7067119919274445,-3.7934699176039137,5.14531135559082
1747273736.8703928,-2.6971232755997447,-3.7379729807341215,5.380153656005859
1747273736.884429,-2.687706171113272,-3.6933850108283965,5.023717880249023
1747273736.9088185,-2.672463804691242,-3.62787728086679,5.490303039550781
1747273736.9292889,-2.61761686439449,-3.56289017207863,5.621671676635742
1747273736.9526591,-2.5915460433128983,-3.515367431348139,7.27081298828125
1747273736.97137,-2.57279855475415,-3.4678382729383643,7.89332389831543
1747273736.9901364,-2.561109101436038,-3.420950060266714,6.786823272705078
1747273737.0083299,-2.532006670424768,-3.363533648339007,5.177736282348633
1747273737.0234013,-2.5154762261411734,-3.320722727945051,5.18798828125
1747273737.0485537,-2.4960497811199844,-3.2502833823333757,5.572319030761719
1747273737.0684817,-2.4453045596502827,-3.179183029153654,5.287408828735352
1747273737.0907037,-2.413823704894242,-3.1219515381467215,7.036447525024414
1747273737.1106231,-2.393120973003092,-3.0678181529022064,7.137537002563477
1747273737.1311932,-2.352243197966092,-3.0027755933548934,7.350444793701172
1747273737.1490831,-2.3165193412049923,-2.935916695444581,5.752325057983398
1747273737.1688836,-2.2910448446753384,-2.88073064102944,5.550622940063477
1747273737.187408,-2.2673997532379495,-2.8366685776837275,6.195306777954102
1747273737.210607,-2.222420844944382,-2.7717921408140853,10.908126831054688
1747273737.2311246,-2.1814536253229293,-2.7036972367949086,7.517814636230469
1747273737.2544444,-2.14973680490208,-2.6426676240115734,7.81559944152832
1747273737.2758014,-2.0973026376973674,-2.589329220548648,6.3991546630859375
1747273737.297054,-2.0525124476103067,-2.543480028149418,6.194829940795898
1747273737.3226204,-1.997659655824535,-2.479652854058204,9.168863296508789
1747273737.3443463,-1.9550668961989792,-2.4163676995269188,6.540060043334961
1747273737.492916,-1.6141846238237831,-2.0625441768105444,15.960693359375
1747273737.50874,-1.5082950014641137,-1.9674018098286001,5.925655364990234
1747273737.5318239,-1.4516984889174902,-1.9081691756906485,8.862495422363281
1747273737.549209,-1.3962651919587084,-1.853039622743873,5.821704864501953
1747273737.569534,-1.335528367441434,-1.80462609165813,5.9299468994140625
1747273737.5890083,-1.286141826420757,-1.7501046514448872,5.556583404541016
1747273737.6115887,-1.2415336899511922,-1.7108471794672664,7.483720779418945
1747273737.6293373,-1.184346683660354,-1.6807394551682846,6.033658981323242
1747273737.651428,-1.125840014047647,-1.614911511477174,7.084846496582031
1747273737.6687343,-1.050092712939245,-1.5687159931062666,5.168914794921875
1747273737.6904438,-0.9467673908968747,-1.5282274049799676,6.998777389526367
1747273737.7087703,-0.8470648776637362,-1.4980769473875835,5.265951156616211
1747273737.729199,-0.7914690415261844,-1.4685781653393577,5.234003067016602
1747273737.7489426,-0.7054641137760186,-1.431097383496617,5.631446838378906
1747273737.7685084,-0.63408071097552,-1.4113544701584546,5.263566970825195
1747273737.7903821,-0.5560452110167692,-1.3756240596714007,6.732702255249023
1747273737.8104374,-0.46869980811082035,-1.350791110010011,6.699323654174805
1747273737.8287642,-0.38104896113665687,-1.3342183559210143,5.527019500732422
1747273737.8482804,-0.31145038240735995,-1.3063624081007852,5.126476287841797
1747273737.868282,-0.23574006081472945,-1.2857836140939003,5.021095275878906
1747273737.888417,-0.16209912843406224,-1.2697003575511803,5.1727294921875
1747273737.9120293,-0.08938336060731622,-1.2567564927829096,7.08460807800293
1747273737.9314444,-0.008084994794733952,-1.2501125706391236,6.687641143798828
1747273737.9483047,0.07248340354430921,-1.248243250839255,5.019903182983398
1747273737.968319,0.16065595329129154,-1.244198029952247,5.075693130493164
1747273737.9892495,0.2722990612072714,-1.2452289694860386,5.362033843994141
1747273738.0081866,0.35290458294996335,-1.2479374338715337,9.331464767456055
1747273738.031519,0.4449661068165855,-1.2524390812910005,5.94782829284668
1747273738.0492358,0.5297377225963573,-1.2683335809697678,5.0373077392578125
1747273738.070399,0.607272717580511,-1.2906706653657518,6.626367568969727
1747273738.0903456,0.6601834941236295,-1.3064005912289367,6.931781768798828
1747273738.1128976,0.7173792239489004,-1.328737867550601,6.918668746948242
1747273738.136212,0.8066908163743229,-1.348671342036054,6.584644317626953
1747273738.153935,0.8672451057832413,-1.3641736653233407,6.100893020629883
1747273738.1693099,0.9002516113534423,-1.3728799028409089,4.93311882019043
1747273738.1874738,0.9446045317869294,-1.384047918437216,5.406618118286133
1747273738.2104926,1.0355343013099376,-1.4113909385431858,6.622552871704102
1747273738.2330663,1.1009658836666778,-1.4297949060822412,9.405374526977539
1747273738.2550979,1.1575297212838522,-1.4405785745000184,5.84864616394043
1747273738.2704628,1.218224244169142,-1.4571568272528683,4.846811294555664
1747273738.289336,1.2728933586452633,-1.4701925273149756,5.027055740356445
1747273738.3083997,1.327592183904556,-1.4827060389398654,4.872322082519531
1747273738.329461,1.3831202651281391,-1.494533334878306,4.908561706542969
1747273738.3483853,1.4397487407477703,-1.5235671530209487,5.174160003662109
1747273738.3627534,1.4786072456264912,-1.547052433275155,4.746675491333008
1747273738.3883507,1.550725148749695,-1.577108070716094,4.912614822387695
1747273738.4042351,1.629604917738152,-1.6177536193823652,4.856109619140625
1747273738.4284122,1.7147946161448389,-1.6546820595831082,5.219221115112305
1747273738.4434907,1.7618872122436662,-1.6714098119921352,5.022764205932617
1747273738.4688206,1.8362921619428019,-1.7181943331860412,5.230426788330078
1747273738.4845169,1.8767704065254238,-1.7392969085942898,5.319833755493164
1747273738.5054677,1.9397700487013845,-1.7713029089125945,5.297660827636719
1747273738.5328486,2.0246073347575613,-1.8117269900640547,7.251977920532227
1747273738.5495138,2.0885329707412392,-1.8571723024426452,5.234956741333008
1747273738.5751255,2.1601577102419305,-1.9022347876561798,8.269548416137695
1747273738.6018007,2.234977255413999,-1.9579461742031998,5.826234817504883
1747273738.6183887,2.3217039436734876,-1.9988236567636244,5.733966827392578
1747273738.6376975,2.3875756573350477,-2.0237392499016638,5.491018295288086
1747273738.654231,2.4378271730682974,-2.0419038050035145,6.503820419311523
1747273738.6703775,2.49513785516051,-2.068578395932408,5.901336669921875
1747273738.6900272,2.537452843489705,-2.0962251247027623,6.208896636962891
1747273738.709433,2.579496783467131,-2.1175411365829255,5.928993225097656
1747273738.7292442,2.6064296321881484,-2.1301132439245682,6.535768508911133
1747273738.7514584,2.6632666512077017,-2.181887186354848,7.539272308349609
1747273738.7692764,2.71530506722046,-2.22083148204121,5.746364593505859
1747273738.78924,2.7640107754243477,-2.254821025192569,5.924701690673828
1747273738.809106,2.8200773090515,-2.3090610444124966,5.663156509399414
1747273738.8297193,2.866875526758972,-2.353199375474486,6.147623062133789
1747273738.849003,2.906038622624102,-2.3880079093110087,5.666017532348633
1747273738.8666563,2.9240064663574765,-2.430414477697904,7.745504379272461
1747273738.8893895,2.9659446536392,-2.487506222548501,5.807399749755859
1747273738.910178,2.9818627046445156,-2.5285267215126703,6.228208541870117
1747273738.9337316,3.016186169177498,-2.577391063045312,6.239652633666992
1747273738.9529366,3.0499548075815994,-2.6209458715261134,7.867336273193359
1747273738.9698713,3.0632999454889167,-2.656764680090882,5.553483963012695
1747273738.9910786,3.045865440816388,-2.687998193864758,7.576465606689453
1747273739.0074036,2.963249489446646,-2.721752310562602,5.7888031005859375
1747273739.0371542,2.951194768441436,-2.7875982317221766,6.882667541503906
1747273739.066867,2.94416278767443,-2.834460532327191,6.659030914306641
1747273739.0854845,2.994000251488712,-2.892014578250137,5.70988655090332
1747273739.1026418,3.0515422958817493,-2.939155715009096,6.309032440185547
1747273739.1239269,3.1192895501010782,-2.980097667057114,7.761955261230469
1747273739.1530583,3.0255554033126186,-3.081235570491526,8.161067962646484
1747273739.1727223,3.0519348794338144,-3.1385332813458415,8.009195327758789
1747273739.1888907,3.0464935143618543,-3.1944665601516666,5.116939544677734
1747273739.2089272,3.0429406385022255,-3.2536572355281193,5.282163619995117
1747273739.2308145,2.9980618310901774,-3.2994952078016695,6.89244270324707
1747273739.248842,2.934002492192255,-3.3398749218937502,5.240440368652344
1747273739.2698934,2.9158658672850075,-3.3936332897364103,5.287647247314453
1747273739.2838817,2.8959042261092875,-3.4287395306348087,5.097627639770508
1747273739.3102121,2.8946266600593678,-3.496553806130402,5.620718002319336
1747273739.3247712,2.8727922894640376,-3.545168091078092,4.842996597290039
1747273739.348161,2.861808094066519,-3.600185987648045,7.540464401245117
1747273739.371197,2.8578230176710506,-3.6668649434741107,6.501674652099609
1747273739.3946593,2.8697463009247346,-3.7142927806243713,6.452798843383789
1747273739.4176579,2.881188836255641,-3.77526661481518,6.264209747314453
1747273739.4399157,2.8893153102549523,-3.8454310300368277,7.119178771972656
1747273739.4575462,2.9117607061234474,-3.8961610833638916,4.941225051879883
1747273739.4744546,2.927197069084937,-3.9473219074161214,6.253719329833984
1747273739.4964685,2.9334789389138796,-3.9956114484002927,6.120443344116211
1747273739.516172,2.945528089457147,-4.04039501996006,5.294561386108398
1747273739.5317657,2.963957939185699,-4.122193066374476,6.076335906982422
1747273739.5495362,2.9508956338367875,-4.212174721822743,4.861593246459961
1747273739.5685544,2.943810739179294,-4.292707670324826,4.737615585327148
1747273739.5889513,2.949949935098182,-4.359798504936372,5.092144012451172
1747273739.6083689,2.9506118421489465,-4.426489424234679,4.810810089111328
1747273739.6237512,2.951781542932766,-4.469585770907583,4.606723785400391
1747273739.64478,2.9498534866488306,-4.527489205350406,4.798173904418945
1747273739.6738467,2.953099278115064,-4.612728678856391,4.757165908813477
1747273739.6904585,2.951746927475923,-4.673282270432713,5.298852920532227
1747273739.7107086,2.9510011594760925,-4.722231319305806,7.104635238647461
1747273739.7283063,2.962468391785981,-4.799754828335187,4.757881164550781
1747273739.748907,2.96947179954202,-4.864787175619593,4.875659942626953
1747273739.768406,2.9727527205355067,-4.920131461307128,4.749298095703125
1747273739.78831,2.9805715260545127,-4.991336980442298,4.840373992919922
1747273739.8104947,2.9804876303211674,-5.055899472634934,6.535053253173828
1747273739.830389,2.977120694289878,-5.111488971002529,6.480932235717773
1747273739.8503373,2.984336616936701,-5.165153025155565,6.516456604003906
1747273739.8716784,2.9963399941698565,-5.235001269429441,6.580114364624023
1747273739.8893163,3.0015550804078934,-5.278470281071859,5.09333610534668
1747273739.9106007,3.0099751299896287,-5.319751575995699,6.513118743896484
1747273739.924057,3.0167827558399867,-5.347527274299768,4.786252975463867
1747273739.9521744,3.027351890809644,-5.420500087260969,7.805109024047852
1747273739.9722354,3.0299976178495265,-5.468798519046996,7.565975189208984
1747273739.9930358,3.0296853249435833,-5.500255837315623,6.157636642456055
1747273740.0111473,3.042282344360299,-5.565874555006575,5.293130874633789
1747273740.0318022,3.0622914540399555,-5.617572646251063,8.063554763793945
1747273740.048529,3.0770367630512054,-5.665647874740265,4.8160552978515625
1747273740.0682993,3.083992653400053,-5.706168000905632,4.8732757568359375
1747273740.090953,3.1125312568369763,-5.773828400304957,6.688117980957031
1747273740.109461,3.125330996890397,-5.821652620191086,5.058526992797852
1747273740.1317284,3.1299509887543238,-5.86906104860932,7.584571838378906
1747273740.155437,3.142329552608247,-5.931221426994652,4.937171936035156
1747273740.1706915,3.1465294092712126,-5.989831663799046,6.566286087036133
1747273740.1883435,3.14666889036257,-6.038071935913452,5.75566291809082
1747273740.2086751,3.1180051466008134,-6.108068405089274,4.929304122924805
1747273740.2237623,3.1043956778177653,-6.153927486532766,4.82487678527832
1747273740.2489226,3.0975392891625173,-6.210489566965975,5.145549774169922
1747273740.2707126,3.0754521541475444,-6.271356527943951,6.7806243896484375
1747273740.2907681,3.0621445912673098,-6.332184087104602,6.9484710693359375
1747273740.3117752,3.0529802080773685,-6.380163562213808,8.499860763549805
1747273740.3318381,3.045960093189234,-6.444914992024272,7.955312728881836
1747273740.350276,3.0427521232556907,-6.490682837539799,5.466222763061523
1747273740.3729553,3.0341977777899025,-6.534507127496479,8.369684219360352
1747273740.3906734,3.025534891264116,-6.578953440463695,6.90770149230957
1747273740.418067,2.982357234691506,-6.630759792611375,6.589651107788086
1747273740.438288,2.960239000332233,-6.654472548218036,5.95545768737793
1747273740.4576635,2.9463099627413505,-6.683969196178288,5.784273147583008
1747273740.4801562,2.9030699670077293,-6.706926941800869,5.9051513671875
1747273740.503519,2.8781834254851484,-6.73187868105675,7.313013076782227
1747273740.523172,2.858518569352015,-6.763414571568496,5.804300308227539
1747273740.5439947,2.846503360331262,-6.810956054350442,5.518436431884766
1747273740.5629008,2.8326756916667346,-6.8438764188936085,5.413055419921875
1747273740.5778809,2.8216930785525554,-6.867857695133677,5.509853363037109
1747273740.594003,2.808082000651768,-6.894096258122282,7.107257843017578
1747273740.6138403,2.7557860091144986,-6.9211395154658994,8.54182243347168
1747273740.63094,2.7205401903398,-6.94325598109161,5.757808685302734
1747273740.6492746,2.697232487430704,-6.95634716847033,6.367683410644531
1747273740.6703348,2.6691549008401214,-6.963223672849245,6.096124649047852
1747273740.6900055,2.6488177847292937,-6.9767954921222435,6.168127059936523
1747273740.7116096,2.6341577829032516,-6.990295771328473,6.717681884765625
1747273740.7324688,2.573760890169188,-7.009153667145176,7.861137390136719
1747273740.7548857,2.537842593184211,-7.01974006193557,8.687496185302734
1747273740.7714567,2.5149838946675622,-7.027556810205999,6.557226181030273
1747273740.7914822,2.5053231933635165,-7.032924453137676,7.472515106201172
1747273740.8093586,2.427225721860991,-7.037607364111903,5.734920501708984
1747273740.8290057,2.3896071394689975,-7.041375849595597,5.295276641845703
1747273740.85639,2.3635112068854736,-7.046809434964512,12.779474258422852
1747273740.8745518,2.3193126573884055,-7.057047508581495,6.5155029296875
1747273740.894342,2.2786040470383413,-7.066167883827228,6.950139999389648
1747273740.9142458,2.252638203131751,-7.0736288235716325,9.557008743286133
1747273740.931719,2.20229028454041,-7.07210860838735,7.23719596862793
1747273740.953836,2.1619605485411744,-7.067412319040165,8.368492126464844
1747273740.973561,2.1398674350517792,-7.063784857071818,5.254983901977539
1747273740.9889498,2.1262199459321938,-7.065016716945928,5.196809768676758
1747273741.0088103,2.116024747342931,-7.066616953453816,5.180597305297852
1747273741.0290744,2.0977761700362563,-7.0731651388858685,5.442619323730469
1747273741.0489364,2.079063670890812,-7.075795196143736,5.190610885620117
1747273741.0687444,2.0699775264245956,-7.077759176503426,5.198001861572266
1747273741.0909579,1.9893680294387384,-7.083983022726909,7.092952728271484
1747273741.1134467,1.9553410666701678,-7.0823626123050865,6.165266036987305
1747273741.1314402,1.930044241857749,-7.080071318655422,6.762504577636719
1747273741.1495476,1.9071507277670094,-7.077048226680449,5.121707916259766
1747273741.1644194,1.8819378261007835,-7.068450982342407,4.835844039916992
1747273741.1908555,1.8552904277654498,-7.056190451740675,6.6394805908203125
1747273741.2108731,1.838169712412557,-7.0463301850022955,6.807804107666016
1747273741.2287967,1.7937712580750964,-7.040567481701432,5.0220489501953125
1747273741.248807,1.7708976660453297,-7.033544225578909,5.1555633544921875
1747273741.2689416,1.7612641713014379,-7.027487620841007,5.192041397094727
1747273741.2923272,1.6965837026240629,-7.003997379650028,7.157325744628906
1747273741.310816,1.6378958560660999,-6.972939096031832,6.744861602783203
1747273741.332343,1.6039823964917963,-6.960449285536084,6.381988525390625
1747273741.3520331,1.5482015645817526,-6.936313071125408,6.313800811767578
1747273741.3726032,1.512321142208593,-6.921167995542665,7.203578948974609
1747273741.389053,1.4932223584351154,-6.911676077882875,4.975080490112305
1747273741.4037912,1.4803610049126175,-6.9021743835410945,4.711151123046875
1747273741.4290195,1.427940820775175,-6.883851049759321,5.223274230957031
1747273741.4488492,1.4010125705164946,-6.873383732267392,4.975557327270508
1747273741.4689815,1.374008907976294,-6.8626974627877395,5.287647247314453
1747273741.4891365,1.3143806869448351,-6.842203607103107,5.26881217956543
1747273741.5084753,1.2732172269162882,-6.827600547437772,4.701375961303711
1747273741.528517,1.2486366042991206,-6.814311283174846,4.788637161254883
1747273741.5505283,1.1638284974079054,-6.794777007350846,6.679773330688477
1747273741.570534,1.1108201454116606,-6.781538394385275,6.557703018188477
1747273741.589177,1.0727875396579607,-6.766532023980096,5.209684371948242
1747273741.6088665,1.0496987840631655,-6.752025354517714,5.046844482421875
1747273741.6292048,0.9507102492412108,-6.742129608726572,5.289554595947266
1747273741.6507578,0.9148652364734728,-6.732473027037685,6.557226181030273
1747273741.6698341,0.8916587366382525,-6.723445111686906,5.959749221801758
1747273741.6894894,0.8286327349668736,-6.717138743126761,5.402326583862305
1747273741.7124147,0.7504558485797966,-6.702275672746909,6.717443466186523
1747273741.7293591,0.7041658912614105,-6.692390552795771,5.513429641723633
1747273741.7543795,0.6298882870299788,-6.700359231638,8.327960968017578
1747273741.7772138,0.5855256558064661,-6.706340824347546,5.154132843017578
1747273741.797329,0.5624153298753138,-6.709220128257458,6.459236145019531
1747273741.8181274,0.4955591968609345,-6.719887755374667,5.066633224487305
1747273741.8371093,0.4317191355398392,-6.733667610422583,5.903005599975586
1747273741.8565881,0.39851519808297425,-6.7446207449595805,6.261348724365234
1747273741.8751707,0.36748276068594726,-6.7568607088839965,5.262851715087891
1747273741.8932664,0.31547571667493746,-6.759367790153524,6.166934967041016
1747273741.9090898,0.27149946624904775,-6.768501210114295,5.269050598144531
1747273741.9291646,0.24709411504591525,-6.775632882272786,5.461454391479492
1747273741.9493678,0.18340541438877095,-6.809922108822717,5.36346435546875
1747273741.9693108,0.14381434088675965,-6.834718926967501,5.324602127075195
1747273741.9892635,0.11670483096827379,-6.857708057976187,5.347490310668945
1747273742.0088055,0.056499163626060965,-6.882182278959928,5.057811737060547
1747273742.0287232,0.024897189943813586,-6.897365406532182,4.985570907592773
1747273742.0499861,0.0049700439973952935,-6.909071157404308,6.207704544067383
1747273742.0691507,-0.009233111339911202,-6.920489388296633,4.966974258422852
1747273742.0941713,-0.1045597857415006,-6.9632355411387685,7.925987243652344
1747273742.1166158,-0.1533578535064764,-6.995527766019238,7.470846176147461
1747273742.1361551,-0.18777922404244188,-7.017423108694763,5.379915237426758
1747273742.1578107,-0.2480450162432273,-7.052946760916842,5.248785018920898
1747273742.176564,-0.28232626231600105,-7.080210388325917,5.351543426513672
1747273742.193372,-0.3101260520576025,-7.102547162133495,6.815671920776367
1747273742.2093089,-0.3837218378572007,-7.129981984428823,5.225181579589844
1747273742.230827,-0.4276814831362382,-7.157561485225518,6.581544876098633
1747273742.2506459,-0.4622046020555774,-7.183870521147101,6.499528884887695
1747273742.2707603,-0.5335415791548831,-7.210573484772779,6.803274154663086
1747273742.2896543,-0.5785073003689957,-7.234487003527911,5.089044570922852
1747273742.3108552,-0.6115289395775028,-7.255032569777854,6.48808479309082
1747273742.3330982,-0.6357225214000457,-7.272466309312515,8.931875228881836
1747273742.3540833,-0.7147511637507519,-7.316439408387739,5.203008651733398
1747273742.510977,-1.0809180490248318,-7.448855845803211,5.347728729248047
1747273742.5318124,-1.158252138138615,-7.463763009486867,6.121635437011719
1747273742.5491428,-1.2078126386063655,-7.476473380529655,5.020618438720703
1747273742.5690093,-1.2401641244457926,-7.486360505775728,5.147695541381836
1747273742.5940144,-1.2614639580510294,-7.494492603554862,9.817838668823242
1747273742.6200392,-1.3440277085687302,-7.49967009630285,5.259037017822266
1747273742.6367126,-1.4004929457712327,-7.50810323443509,5.245685577392578
1747273742.6524694,-1.4506344932832838,-7.516416636612256,6.008386611938477
1747273742.6718922,-1.5330809093003628,-7.520170249573715,6.590127944946289
1747273742.6944273,-1.5934372821844958,-7.523343876384117,5.526065826416016
1747273742.7158425,-1.6534759095132632,-7.529115521213222,6.725788116455078
1747273742.7336178,-1.7243295083924801,-7.5273142353923825,7.620573043823242
1747273742.7521155,-1.7891587723975515,-7.526787879216816,7.535457611083984
1747273742.770133,-1.8241858903310633,-7.525078794777838,5.686044692993164
1747273742.7901247,-1.8389853718279934,-7.521828032509927,5.666017532348633
1747273742.8098552,-1.9089790364066153,-7.511715848435587,5.707263946533203
1747273742.83004,-1.9451071381628868,-7.502984310593955,5.582571029663086
1747273742.8450627,-1.9615444666804045,-7.497631760225355,5.749940872192383
1747273742.8647993,-2.025295166349766,-7.484728078394175,5.74493408203125
1747273742.8905103,-2.0888503371011433,-7.468924033165149,6.138801574707031
1747273742.9098132,-2.1361645835233363,-7.456197182169054,5.803108215332031
1747273742.9303818,-2.1954482552073458,-7.43228366573863,6.058931350708008
1747273742.9444664,-2.222218518692003,-7.417700488549134,5.550622940063477
1747273742.9698334,-2.250800662300808,-7.401171958273692,5.829811096191406
1747273742.9854035,-2.258412774917663,-7.390326654646555,5.6476593017578125
1747273743.0156806,-2.271356347298102,-7.375548408305399,9.764671325683594
1747273743.039851,-2.3312303173796085,-7.354084170401519,6.893396377563477
1747273743.0557826,-2.362758246117312,-7.338724696964809,5.385875701904297
1747273743.0695162,-2.3791483757629903,-7.325931191011258,5.377292633056641
1747273743.089929,-2.431663004859135,-7.315571199050886,5.627870559692383
1747273743.1097984,-2.456288115253693,-7.3036166628694845,5.522012710571289
1747273743.1299756,-2.4716575576990665,-7.2903283709699345,5.821943283081055
1747273743.150157,-2.4792814287655465,-7.278295122854632,5.644321441650391
1747273743.1655772,-2.4979784879572278,-7.254893951525108,5.177021026611328
1747273743.190534,-2.5133188875003154,-7.236243674982863,5.74493408203125
1747273743.2048464,-2.517674295078357,-7.227411664184355,5.317926406860352
1747273743.2309241,-2.565575736294212,-7.204651068309518,5.988359451293945
1747273743.252486,-2.5932081929082544,-7.183270904058802,7.972955703735352
1747273743.2697742,-2.6059187749556383,-7.167486461549219,5.602598190307617
1747273743.314502,-2.626661960700241,-7.141693894160868,16.145706176757812
1747273743.3374035,-2.6493325959697587,-7.105863143220242,11.130094528198242
1747273743.3728313,-2.6703560328793015,-7.07590828564221,13.526201248168945
1747273743.39322,-2.6903801573568193,-7.0280125261118425,7.742881774902344
1747273743.414672,-2.6915361536560423,-7.002076300488366,8.65793228149414
1747273743.4313412,-2.7220566349456066,-6.978001405984613,5.3653717041015625
1747273743.4531262,-2.732808963815872,-6.957408965255638,7.946014404296875
1747273743.4726417,-2.739709077920407,-6.938244289051829,7.683992385864258
1747273743.4964995,-2.7509024131958952,-6.915320278601642,6.839990615844727
1747273743.5132906,-2.7526296584178205,-6.895453493136111,5.895137786865234
1747273743.5308068,-2.7550537141852764,-6.875914777754861,5.175590515136719
1747273743.5492969,-2.7609588578351443,-6.850203818363728,5.377292633056641
1747273743.5714188,-2.7643544346350746,-6.822361089950905,6.272792816162109
1747273743.5897715,-2.7696948971406954,-6.798590214835049,5.3539276123046875
1747273743.6099346,-2.77093471906276,-6.7768510104045205,5.466699600219727
1747273743.629574,-2.778614094373769,-6.745660631894287,5.246877670288086
1747273743.651843,-2.7811466480984994,-6.713213097795175,5.347728729248047
1747273743.6693685,-2.783183124175428,-6.680070543450394,5.25355339050293
1747273743.6895812,-2.8030712701212237,-6.644762531007418,5.138874053955078
1747273743.7096658,-2.8116409657638264,-6.6162597019602725,5.233287811279297
1747273743.7260127,-2.815597977223244,-6.603235971215997,5.075216293334961
1747273743.7447433,-2.8149990714346247,-6.553757181269284,5.410194396972656
1747273743.7694697,-2.8137827177304486,-6.496096306939825,5.253314971923828
1747273743.7845724,-2.811160936985792,-6.453129554076137,5.091428756713867
1747273743.8119383,-2.8251420498763102,-6.41080532835083,6.598234176635742
1747273743.8254051,-2.8319242093382906,-6.379118392756538,4.8961639404296875
1747273743.8447638,-2.835712962743209,-6.348631603258487,5.418300628662109
1747273743.8643477,-2.8359243844689273,-6.324340927887066,5.00798225402832
1747273743.8849442,-2.841294073352248,-6.277115444505865,5.079984664916992
1747273743.9067838,-2.8432687321919556,-6.214369637569974,6.223201751708984
1747273743.9293954,-2.8480897449143074,-6.171697468590767,5.038261413574219
1747273743.9517224,-2.8544472785110657,-6.124159698163595,6.928205490112305
1747273743.9692354,-2.8549840023165403,-6.084735575056188,5.028486251831055
1747273743.9894507,-2.853603848505635,-6.048627280009692,5.087137222290039
1747273744.0123382,-2.8724131626745417,-6.007098315197378,7.148504257202148
1747273744.0277858,-2.8800331356407542,-5.973433703844754,5.493402481079102
1747273744.0662665,-2.882474099644912,-5.897427812729946,5.195856094360352
1747273744.0835702,-2.881830738304446,-5.887583096969922,5.244731903076172
1747273744.1001036,-2.8873469472760807,-5.85286635049046,5.887746810913086
1747273744.1209903,-2.8898122977878393,-5.8068284397721115,7.126808166503906
1747273744.1442964,-2.890424858167116,-5.777354712915644,6.09588623046875
1747273744.165501,-2.9139028960672353,-5.732795482822478,5.943775177001953
1747273744.1817198,-2.921411978406852,-5.700105927306138,5.3558349609375
1747273744.198243,-2.9241270900133793,-5.666685000680407,5.454063415527344
1747273744.2152188,-2.9225694176710797,-5.617824951502162,5.258321762084961
1747273744.232114,-2.92259566138974,-5.5744043347056245,6.037712097167969
1747273744.2547076,-2.920977084473051,-5.540982605525905,10.019779205322266
1747273744.281913,-2.9520084515354954,-5.498704440358385,6.14476203918457
1747273744.2980025,-2.9622375651836856,-5.4659984196121885,5.396366119384766
1747273744.3142016,-2.964688035403419,-5.437506218145768,6.242036819458008
1747273744.333505,-2.9435533107615743,-5.38387044383546,5.277395248413086
1747273744.351517,-2.9367506128571055,-5.340439817662201,6.798028945922852
1747273744.3700588,-2.9329945222603673,-5.299888426585544,5.5789947509765625
1747273744.3897066,-2.9325711257537597,-5.2660245561883166,5.3501129150390625
1747273744.4098809,-2.9490690867259692,-5.226638187685585,5.643606185913086
1747273744.4295275,-2.9518830312078115,-5.188832601326404,5.22160530090332
1747273744.4493074,-2.9521431520930754,-5.147945216717939,5.10406494140625
1747273744.4693353,-2.9522766400094316,-5.105330360472476,5.234718322753906
1747273744.4895227,-2.9517391979972207,-5.070194195365687,5.18035888671875
1747273744.5099697,-2.950882560713737,-5.038552529318572,5.394220352172852
1747273744.5293555,-2.9498268530295806,-5.0101631836296505,5.249977111816406
1747273744.5550725,-2.948448806871289,-4.972591842434367,7.241964340209961
1747273744.5711207,-2.945548563705545,-4.956055611837605,5.21397590637207
1747273744.5910747,-2.9451891514785054,-4.928016795460339,6.163358688354492
1747273744.612049,-2.9713965464101397,-4.895000572005612,6.372213363647461
1747273744.634123,-2.9768305532874533,-4.858365213902869,5.150556564331055
1747273744.6495209,-2.976684398229747,-4.836744962534301,5.193471908569336
1747273744.6719317,-2.975232112282752,-4.808834560310554,5.897045135498047
1747273744.6936336,-2.972679212980443,-4.783738491164949,8.135557174682617
1747273744.7198398,-2.9695318206478962,-4.755674036368375,9.770393371582031
1747273744.7442338,-2.978085149708661,-4.735566691156523,6.226301193237305
1747273744.765732,-2.9792720078665176,-4.714836008814007,10.585308074951172
1747273744.783471,-2.9805405587463545,-4.69917910476183,5.799531936645508
1747273744.7980561,-2.9860852879466084,-4.690413828773789,5.306243896484375
1747273744.8176868,-2.987116558986778,-4.6810038058167995,5.36656379699707
1747273744.8319561,-2.989565233953866,-4.6706866131428715,5.687475204467773
1747273744.8493717,-2.989239781241099,-4.662124184517236,5.199909210205078
1747273744.8728027,-2.9771497103857194,-4.655420212155554,7.013559341430664
1747273744.8895473,-2.9703960540240315,-4.653487697745717,5.33604621887207
1747273744.9093068,-2.9665315145711055,-4.648218334730907,5.190849304199219
1747273744.9295669,-2.9727345027691316,-4.6303881280897325,5.346775054931641
1747273744.949649,-2.9759062419010665,-4.619801528659389,5.275487899780273
1747273744.9708116,-2.9750905814614224,-4.608623023916321,5.889654159545898
1747273744.989449,-2.972671955273457,-4.595301260761856,5.3424835205078125
1747273745.0094285,-2.9717468886407596,-4.587294133347319,5.260467529296875
1747273745.026822,-2.9705426601677396,-4.585481914270731,5.465030670166016
1747273745.0560148,-2.971029737733994,-4.580176731662355,7.690906524658203
1747273745.0728207,-2.9692356863314324,-4.575491090585965,6.100893020629883
1747273745.088379,-2.969994581003006,-4.569721538959781,5.619525909423828
1747273745.1106932,-2.9681075014039777,-4.560019871508357,5.843400955200195
1747273745.131712,-2.9690771290643925,-4.5517480840294935,6.027698516845703
1747273745.1451554,-2.9691540597927144,-4.550088661715423,5.10096549987793
1747273745.1707842,-2.981686618442414,-4.550378531561175,5.596637725830078
1747273745.1918056,-2.9837693612690948,-4.546018500664491,6.993293762207031
1747273745.2105417,-2.985294186455592,-4.545986564875687,5.835533142089844
1747273745.2327557,-2.9901568400202954,-4.549585578339048,8.159637451171875
1747273745.2500234,-2.9967118449662054,-4.5596727340886005,5.438089370727539
1747273745.2652647,-3.000947441483683,-4.567646849020124,5.306482315063477
1747273745.2958946,-2.9676534190296247,-4.542738887827559,6.855487823486328
1747273745.3105118,-2.9577624933253284,-4.537731428339602,5.141496658325195
1747273745.3279774,-2.954897574401861,-4.536759033152541,5.458593368530273
1747273745.3494422,-2.9710984615241665,-4.538221792143051,5.138397216796875
1747273745.3729699,-2.9824049841811067,-4.542164739985636,7.7991485595703125
1747273745.3903718,-2.9896471144797836,-4.543175966853821,5.446910858154297
1747273745.4104812,-2.992889989988501,-4.542436955271706,5.841970443725586
1747273745.4316452,-2.9839243351617286,-4.5393763332320685,7.361650466918945
1747273745.4494238,-2.980570566550602,-4.538642770856953,5.20014762878418
1747273745.4696867,-2.975200828966653,-4.52795858242967,5.2280426025390625
1747273745.4901006,-2.98579297476767,-4.526203155221837,5.755424499511719
1747273745.5096045,-2.989632008970455,-4.527566257282951,5.370378494262695
1747273745.5373812,-2.9957024521675915,-4.532059523141224,5.969524383544922
1747273745.5585237,-2.993149833263867,-4.538987748293816,6.453752517700195
1747273745.5756876,-2.988380588176655,-4.541576173985506,7.578849792480469
1747273745.59472,-2.985091545532134,-4.542259997235841,5.314111709594727
1747273745.6128058,-2.969153422830274,-4.528143808669796,5.312204360961914
1747273745.6321485,-2.9637917874011017,-4.511311704663471,7.73930549621582
1747273745.6499224,-2.9594568529523215,-4.490004040411536,5.257844924926758
1747273745.672023,-2.9583506980648937,-4.473675274124915,7.470607757568359
1747273745.693281,-2.963171792114751,-4.479244811806358,7.260560989379883
1747273745.711779,-2.9649975188616318,-4.48442504193735,7.06171989440918
1747273745.7351196,-2.966834751087887,-4.487414952801,6.2160491943359375
1747273745.754806,-2.9590625330858287,-4.473431601230394,5.296468734741211
1747273745.7763274,-2.955540578089777,-4.461307169655739,8.139610290527344
1747273745.7979023,-2.954876222814002,-4.455537574159565,6.525278091430664
1747273745.8158011,-2.9706913383651923,-4.466183911818417,5.229949951171875
1747273745.8316765,-2.9768178543950974,-4.4703542556660105,5.211353302001953
1747273745.8497567,-2.981926041171826,-4.4809253353028256,5.2776336669921875
1747273745.8697329,-2.9839793973087168,-4.499102266942289,5.178689956665039
1747273745.891773,-2.9776388978977226,-4.493140002150509,5.819797515869141
1747273745.9060974,-2.974054914446489,-4.477738988862785,5.203962326049805
1747273745.9297776,-2.9696383459024087,-4.460564212279179,5.337953567504883
1747273745.951782,-2.9630876805405304,-4.421755528106666,7.223606109619141
1747273745.9715466,-2.958514176875659,-4.39166041419869,7.128000259399414
1747273745.9905455,-2.958048663789354,-4.370397871587695,5.949974060058594
1747273746.0143073,-2.9553298373064094,-4.363502241845032,5.868434906005859
1747273746.0370917,-2.9526965031882564,-4.3453726601679215,10.397911071777344
1747273746.056894,-2.9523564757826133,-4.329840309056189,5.380153656005859
1747273746.077738,-2.96342603688488,-4.333763856274449,6.483554840087891
1747273746.0934327,-2.9722112626500863,-4.338636780613269,5.464315414428711
1747273746.1086385,-2.9771293166168697,-4.353134361112165,5.365133285522461
1747273746.1322505,-2.979350988166846,-4.363925794435938,7.457494735717773
1747273746.1507645,-2.972612807304027,-4.35967686831027,5.502939224243164
1747273746.1691682,-2.968755328369915,-4.358506287669501,6.47282600402832
1747273746.1858997,-2.9673019536496206,-4.352823588264851,5.560874938964844
1747273746.2130983,-2.962959968347674,-4.347970946615812,8.31747055053711
1747273746.2280636,-2.960195826249243,-4.344283680694199,5.521535873413086
1747273746.24806,-2.9616919858980215,-4.340575311701487,5.711793899536133
1747273746.2654064,-2.956827809701908,-4.312764944154523,5.532741546630859
1747273746.2849724,-2.954570151498934,-4.301117047619203,5.332469940185547
1747273746.3115447,-2.953203107252015,-4.293481070427558,6.7539215087890625
1747273746.3291223,-2.9511068834910574,-4.28541359204762,5.205392837524414
1747273746.3515213,-2.952029713444654,-4.277751335609217,7.060766220092773
1747273746.3697898,-2.9527212475641647,-4.2747263091339365,5.261421203613281
1747273746.390113,-2.9500411102069473,-4.268877186374733,5.298852920532227
1747273746.4102237,-2.9524825891339095,-4.26918995449184,5.498409271240234
1747273746.4303,-2.9523982494057126,-4.2682955792315145,5.1898956298828125
1747273746.445035,-2.9535287304153766,-4.269176114301894,5.214452743530273
1747273746.4720914,-2.951994668325401,-4.263802610255543,6.95490837097168
1747273746.490848,-2.950883934923626,-4.256774886409655,5.408763885498047
1747273746.511971,-2.9509589992718506,-4.254851388848389,7.481575012207031
1747273746.5378518,-2.9572363211143937,-4.256085692420506,6.001710891723633
1747273746.5521176,-2.9594158742946224,-4.253625340691222,5.694866180419922
1747273746.5724664,-2.9611768031855066,-4.256930168508312,6.289243698120117
1747273746.5927942,-2.964686937227386,-4.2535140801681015,6.165027618408203
1747273746.611794,-2.9654879065100155,-4.252410026510304,5.646944046020508
1747273746.6299436,-2.9654221153266622,-4.24847579826575,5.425691604614258
1747273746.6527355,-2.9666181435263868,-4.245423515014079,7.816076278686523
1747273746.6737442,-2.968789835061841,-4.243388432249773,7.379055023193359
1747273746.69278,-2.970134726998076,-4.238957196704696,7.096290588378906
1747273746.7131011,-2.970467547157457,-4.234366130692957,7.179498672485352
1747273746.7370665,-2.962067618307091,-4.234208103333882,5.6438446044921875
1747273746.7582223,-2.956329779713406,-4.235499030400178,8.450746536254883
1747273746.7777925,-2.9543732935529974,-4.239266257650944,6.647825241088867
1747273746.7946002,-2.948453491119187,-4.239586008966548,5.327939987182617
1747273746.8119962,-2.9484607871286745,-4.2403843780895345,5.649805068969727
1747273746.8300407,-2.9481648363144464,-4.240733192060237,5.411624908447266
1747273746.8500152,-2.948393846493908,-4.2467881985891465,5.333900451660156
1747273746.869882,-2.9534038344384723,-4.238104562459075,5.335569381713867
1747273746.886123,-2.956209592981602,-4.223129645684792,5.375862121582031
1747273746.9113557,-2.955862613783477,-4.207717364865723,6.736516952514648
1747273746.9302113,-2.959147621930494,-4.20286952071219,5.340337753295898
1747273746.9516203,-2.959648096876801,-4.200341838186228,7.171869277954102
1747273746.9667659,-2.9593163109659817,-4.198068185290109,5.244016647338867
1747273746.9907582,-2.9547147903324924,-4.1908614549297685,5.6304931640625
1747273747.0129862,-2.953821733307839,-4.183687961053946,7.642269134521484
1747273747.032186,-2.9531609063376774,-4.1764660134694305,6.977558135986328
1747273747.0534472,-2.950140187191044,-4.168419643995663,6.80994987487793
1747273747.0708158,-2.948639246201239,-4.158178953380662,5.466938018798828
1747273747.0920913,-2.947328231310133,-4.1509249530479755,7.088899612426758
1747273747.1179516,-2.9466971145642735,-4.147615033998678,12.01629638671875
1747273747.1476972,-2.947197813343313,-4.146247498725107,7.871389389038086
1747273747.1634026,-2.949261741097153,-4.14711499997267,6.017923355102539
1747273747.178473,-2.949776304017478,-4.154527987265702,6.126165390014648
1747273747.1944628,-2.948161865610109,-4.158250589504922,5.949974060058594
1747273747.21034,-2.945740834209647,-4.154331495867598,6.368398666381836
1747273747.225799,-2.9447342367770886,-4.156762670126087,5.496978759765625
1747273747.2521,-2.95145684887348,-4.155612369446768,6.222009658813477
1747273747.271081,-2.9534594832950276,-4.1556149320041795,5.803346633911133
1747273747.2946837,-2.9542835950872126,-4.148091146816814,8.973121643066406
1747273747.3097236,-2.9544166005933645,-4.1434689829578994,5.446672439575195
1747273747.3324802,-2.9552099111684824,-4.145042077436741,6.094455718994141
1747273747.3495867,-2.9563917227066616,-4.149265540858252,5.700349807739258
1747273747.3713555,-2.9555620645126868,-4.14993642512626,5.44428825378418
1747273747.5121422,-2.9560800536029386,-4.143925294629298,7.167339324951172
1747273747.5409443,-2.9569679175118266,-4.126667409842074,6.8073272705078125
1747273747.5609918,-2.9548186526565114,-4.107166982886186,6.161928176879883
1747273747.5825849,-2.949881513591496,-4.110327796893938,5.640268325805664
1747273747.598928,-2.9490757025702803,-4.111141636359336,5.555152893066406
1747273747.614509,-2.947768592866164,-4.110486979929622,5.96928596496582
1747273747.6326735,-2.9477955868189847,-4.1052217246154505,6.084918975830078
1747273747.6538956,-2.957156153620181,-4.099482152035322,5.599021911621094
1747273747.672153,-2.962075714453306,-4.093068529966288,7.254838943481445
1747273747.6906044,-2.964126270684205,-4.086382564734162,5.839109420776367
1747273747.7104099,-2.9679260689838616,-4.077341142873149,5.469799041748047
1747273747.7300253,-2.96988473828038,-4.065262535710551,5.433320999145508
1747273747.745231,-2.9706028627616625,-4.049667730507829,5.480527877807617
1747273747.7703543,-2.970068337930339,-4.036141336298291,5.55419921875
1747273747.7899702,-2.9693510374752936,-4.02706087200577,5.425453186035156
1747273747.810362,-2.9570660560219157,-4.037086781293488,5.464792251586914
1747273747.831129,-2.950971517948121,-4.061563747130785,5.592584609985352
1747273747.8523118,-2.948627175855371,-4.091784912261056,7.099628448486328
1747273747.8762846,-2.943139756094229,-4.127248807062848,6.801605224609375
1747273747.8976114,-2.94447438351582,-4.142210998692943,6.9217681884765625
1747273747.917359,-2.9446551451861978,-4.14967243999994,6.168365478515625
1747273747.9326258,-2.9447702254636168,-4.154920668266028,5.320549011230469
1747273747.950135,-2.9435000786049668,-4.146535154760023,5.55109977722168
1747273747.969973,-2.9400949537061156,-4.1420556713717795,5.325555801391602
1747273747.9900606,-2.937311511052845,-4.132842187488896,5.486011505126953
1747273748.0128345,-2.939816583081635,-4.131821357228763,5.441188812255859
1747273748.0326364,-2.9402255968045714,-4.1382922796027195,6.083488464355469
1747273748.0538647,-2.9421975898020722,-4.136521750930216,5.455255508422852
1747273748.0705247,-2.9483893508031893,-4.139309676567764,5.339622497558594
1747273748.0905347,-2.9487238788943175,-4.136960851553882,5.321025848388672
1747273748.1061788,-2.94835130150084,-4.132856636077493,5.326032638549805
1747273748.1315136,-2.9492221098303557,-4.128687489817742,6.0024261474609375
1747273748.1505816,-2.950391061418763,-4.123052431640892,5.463600158691406
1747273748.1727016,-2.9525150116058914,-4.117684621920326,6.758213043212891
1747273748.190284,-2.951735775897308,-4.1145461733523705,5.3558349609375
1747273748.2104073,-2.950885321132239,-4.1212239419850905,5.630970001220703
1747273748.230443,-2.9509242616372084,-4.122256484508292,5.410671234130859
1747273748.2521522,-2.947912882780485,-4.119583638874637,7.067441940307617
1747273748.2703075,-2.9437566721999815,-4.117692633963445,5.502223968505859
1747273748.2900414,-2.942625787825136,-4.124160759568717,5.4035186767578125
1747273748.3099082,-2.944410488257153,-4.1276210870482615,5.295276641845703
1747273748.3317406,-2.9416242376619284,-4.1341688316915715,5.43522834777832
1747273748.3503048,-2.94015204257336,-4.138738292363329,5.446672439575195
1747273748.3702188,-2.940122120749456,-4.1441521202294265,5.384922027587891
1747273748.3907912,-2.939140103790269,-4.14418329841317,5.763769149780273
1747273748.4109051,-2.945382465539124,-4.143280171061032,6.171941757202148
1747273748.4312234,-2.9457196346106267,-4.139940734306839,5.4416656494140625
1747273748.4523664,-2.947792871483212,-4.136106973710633,7.0552825927734375
1747273748.4721472,-2.960482718676956,-4.138961693858682,7.172346115112305
1747273748.4926336,-2.9641897053548156,-4.139559580759462,7.033109664916992
1747273748.5123632,-2.9671814049860923,-4.134495844108198,7.270336151123047
1747273748.536143,-2.952181110702383,-4.14305827401787,5.773067474365234
1747273748.5619423,-2.9497985348169147,-4.1466801467173555,5.595922470092773
1747273748.5777695,-2.9493305941680985,-4.149649769304464,5.357503890991211
1747273748.594407,-2.951290066376737,-4.146137958156985,5.304574966430664
1747273748.6106875,-2.95056584493761,-4.149234220853865,5.630254745483398
1747273748.633498,-2.9506773591317814,-4.145307677065728,8.55398178100586
1747273748.6522489,-2.9517261111830813,-4.139266375256713,6.971597671508789
1747273748.672293,-2.9573777413208195,-4.13470349088132,7.175207138061523
1747273748.689129,-2.9591679760103684,-4.129173841303265,6.4239501953125
1747273748.710283,-2.960235373066078,-4.124569951029332,5.377531051635742
1747273748.730668,-2.963195522674524,-4.121344502088404,5.874872207641602
1747273748.750188,-2.9637687286047156,-4.1062605415825795,5.471467971801758
1747273748.7704883,-2.964755206840111,-4.087175221978506,5.492687225341797
1747273748.788428,-2.949572151023876,-4.098000885455753,5.726337432861328
1747273748.8123226,-2.942043528188012,-4.113279103244008,7.653951644897461
1747273748.8349574,-2.9400836449478276,-4.12439987501946,9.817123413085938
1747273748.8580625,-2.9463588455772434,-4.129438271446239,5.476951599121094
1747273748.8747077,-2.9474906731035477,-4.126115992998248,5.368232727050781
1747273748.8924053,-2.949161672872639,-4.1249557879420955,6.018161773681641
1747273748.9122257,-2.9494471026195686,-4.122980766328151,7.044076919555664
1747273748.9325354,-2.9608081142450353,-4.118522844181406,7.6160430908203125
1747273748.951141,-2.964026072486078,-4.110371584077176,5.504369735717773
1747273748.9713125,-2.9636909001601732,-4.105637271976567,6.333589553833008
1747273748.9938316,-2.9555011248893823,-4.102562437819915,7.072210311889648
1747273749.0118687,-2.953586694267943,-4.105928251858782,6.229877471923828
1747273749.0410001,-2.9510409065741876,-4.101563165149792,6.770610809326172
1747273749.076891,-2.953532036828627,-4.1026761995056935,6.901264190673828
1747273749.0963328,-2.951982521036166,-4.1047354343138265,5.440235137939453
1747273749.111371,-2.952888113532761,-4.09988543881315,5.385398864746094
1747273749.1345186,-2.95242655836549,-4.097829605559898,9.663820266723633
1747273749.1511447,-2.9511488574875937,-4.1007731159061604,5.646944046020508
1747273749.1724358,-2.9522592485758863,-4.101415241016966,7.052183151245117
1747273749.1922638,-2.9499379314061307,-4.099614475486199,6.013631820678711
1747273749.2124062,-2.9467011826653575,-4.102554284331867,7.217884063720703
1747273749.2302907,-2.9460111618259326,-4.101596817001467,5.340576171875
1747273749.2505727,-2.9485782946460377,-4.0978920774808625,5.536556243896484
1747273749.278142,-2.9492247637989,-4.095568105179475,9.836196899414062
1747273749.3018706,-2.949081081849673,-4.091173110414118,6.329774856567383
1747273749.3204408,-2.9596257295189865,-4.086321238511136,5.57708740234375
1747273749.3398075,-2.964991969568277,-4.083465174500124,8.464574813842773
1747273749.3542795,-2.970506111251596,-4.070911407859222,5.577564239501953
1747273749.370389,-2.9730132602897914,-4.058219466996309,5.5065155029296875
1747273749.385469,-2.9687217385806375,-4.050441223599611,5.414247512817383
1747273749.4110682,-2.9657199549557802,-4.041066537902251,5.710124969482422
1747273749.4308717,-2.9665927754195858,-4.031492743101183,5.481958389282227
1747273749.4508684,-2.9511179627064736,-4.0705055800612175,5.646705627441406
1747273749.4713175,-2.9478247774429542,-4.100935240569094,5.569934844970703
1747273749.4920712,-2.9466387093110384,-4.109437716929564,6.639003753662109
1747273749.5106072,-2.9467478355257906,-4.1170667661127665,5.421161651611328
1747273749.5255032,-2.946949112826567,-4.122993454188325,5.293130874633789
1747273749.546967,-2.9458038305537944,-4.12520313358839,5.414724349975586
1747273749.5685902,-2.9459829714788652,-4.123708261265193,5.917787551879883
1747273749.5877419,-2.9503401244753062,-4.12502016600311,7.036685943603516
1747273749.61039,-2.950564157535126,-4.126581760572237,5.440950393676758
1747273749.6251607,-2.9496711113148164,-4.128163729782001,5.202770233154297
1747273749.6463711,-2.956557195686005,-4.123398831901151,5.355119705200195
1747273749.6703486,-2.95980176234949,-4.121587091558478,5.381584167480469
1747273749.6925921,-2.96028158022618,-4.121856844249933,7.537126541137695
1747273749.7104213,-2.9541641865825192,-4.11646445216593,5.392551422119141
1747273749.732567,-2.951136368760083,-4.110299974999793,7.149934768676758
1747273749.752398,-2.9498746843211214,-4.107569375419189,6.249666213989258
1747273749.7734542,-2.9526128362845085,-4.104775968260471,7.193088531494141
1747273749.7907317,-2.9548496592552085,-4.097549524140832,7.903337478637695
1747273749.8104472,-2.9555330932716988,-4.093257128084228,5.345582962036133
1747273749.8311145,-2.9547867503283816,-4.086855998760776,6.011724472045898
1747273749.8535817,-2.9520296981771112,-4.080648527497734,6.3800811767578125
1747273749.870619,-2.9510190311537645,-4.078690047504693,5.319118499755859
1747273749.8983874,-2.949687806949871,-4.075859855665056,8.897781372070312
1747273749.9193366,-2.952778135028174,-4.079594244370798,6.344318389892578
1747273749.9359286,-2.9544052691429776,-4.083314657380425,5.422115325927734
1747273749.9526362,-2.955324747770705,-4.087408927975586,7.481575012207031
1747273749.9680476,-2.95052464403238,-4.084542438717565,5.68699836730957
1747273749.9915812,-2.95035992916441,-4.084902343048558,5.703210830688477
1747273750.0101936,-2.950469067810326,-4.087751532804746,5.371332168579102
1747273750.0314255,-2.948391012556268,-4.095822362082581,5.445718765258789
1747273750.0519128,-2.9463141763515543,-4.101157284361778,5.855083465576172
1747273750.0697117,-2.9464075614737357,-4.103631389386253,5.98597526550293
1747273750.0906155,-2.9498073662388027,-4.114852159692948,5.387067794799805
1747273750.1083663,-2.9494190617606977,-4.121130499182443,5.514383316040039
1747273750.1312404,-2.9489587618444615,-4.123268391776378,5.476951599121094
1747273750.1526809,-2.9487111659105327,-4.126051190899266,7.010936737060547
1747273750.1705973,-2.9492784142881554,-4.124196245825648,5.311727523803711
1747273750.1904457,-2.9494595800405827,-4.123022662055957,5.34367561340332
1747273750.2125423,-2.9489309850108345,-4.122090493820421,7.192850112915039
1747273750.2340791,-2.9445630855365668,-4.12405391265138,6.691932678222656
1747273750.2557676,-2.9430259637029876,-4.124711739028321,7.897853851318359
1747273750.2732913,-2.9423857071222836,-4.12439203559388,5.30242919921875
1747273750.2963145,-2.9424184047236768,-4.124595958015801,9.485721588134766
1747273750.311478,-2.946628606738313,-4.127845529342945,5.445241928100586
1747273750.3325896,-2.9492576790405676,-4.1333983577084314,7.168292999267578
1747273750.3564982,-2.951229133324733,-4.134723263399285,6.473302841186523
1747273750.3797126,-2.950550921268906,-4.137439111432839,8.571863174438477
1747273750.4008462,-2.9502856406380347,-4.137621252015786,7.922887802124023
1747273750.418297,-2.9523614293695313,-4.142743510828468,5.478620529174805
1747273750.4383056,-2.9544180977601724,-4.144203262629924,6.091594696044922
1747273750.4596174,-2.9539505415370337,-4.141718186458689,5.808830261230469
1747273750.4778647,-2.9564651413435903,-4.142170647774821,5.714654922485352
1747273750.4929006,-2.9549926743020967,-4.135617882889086,5.532979965209961
1747273750.5107117,-2.9558238248349147,-4.13425058279786,5.393743515014648
1747273750.5304172,-2.953059423929089,-4.133065135140664,5.2394866943359375
1747273750.5531838,-2.9535219198293388,-4.1317033004263815,7.873058319091797
1747273750.5729005,-2.9576948727641277,-4.114356882240002,7.685661315917969
1747273750.5925593,-2.959560482115443,-4.098409841978876,7.027149200439453
1747273750.6105695,-2.9600065675706095,-4.089485351307944,5.414485931396484
1747273750.6304724,-2.954877434565389,-4.088124372876651,5.39088249206543
1747273750.6523738,-2.952463021129051,-4.091279633022326,7.072210311889648
1747273750.673632,-2.952473522526314,-4.094174522314537,6.77037239074707
1747273750.6953692,-2.9464389244166833,-4.103584050394641,10.092735290527344
1747273750.7143996,-2.9463799371369404,-4.108340215448432,6.291627883911133
1747273750.7334092,-2.945937571927393,-4.114247079633428,7.977962493896484
1747273750.7536802,-2.9534201447233115,-4.111688682381788,7.497310638427734
1747273750.770795,-2.956408788544939,-4.107906944851364,5.288600921630859
1747273750.7904317,-2.957602522439748,-4.104593179519268,5.378007888793945
1747273750.813741,-2.9583107805474866,-4.101892469016392,7.436990737915039
1747273750.833025,-2.954621492907391,-4.107846615131451,7.362842559814453
1747273750.853167,-2.9514013924599376,-4.114268941607569,7.805347442626953
1747273750.8740225,-2.950899231374486,-4.1239421782614425,6.171703338623047
1747273750.8927352,-2.9522322312225557,-4.1282076859431625,6.369829177856445
1747273750.91409,-2.9496939450636983,-4.12927293465044,6.885290145874023
1747273750.930751,-2.9500645535614574,-4.132393794954412,5.368709564208984
1747273750.9535568,-2.955320236576092,-4.134321061008585,8.118391036987305
1747273750.970616,-2.9561126721900015,-4.137784486611177,5.418539047241211
1747273750.9905622,-2.9585987124516193,-4.141445288340075,5.475521087646484
1747273751.0062115,-2.9613355176394363,-4.149997426215007,6.044626235961914
1747273751.0305538,-2.958807479949407,-4.150253734390818,5.292415618896484
1747273751.0505724,-2.9579725268378354,-4.151463716700367,5.35130500793457
1747273751.0737286,-2.95923260746866,-4.153915612886742,6.255388259887695
1747273751.091825,-2.952048666763417,-4.149877183755509,5.661964416503906
1747273751.1141245,-2.949003057404958,-4.148460412756078,5.646944046020508
1747273751.1326268,-2.950303114983915,-4.152165380903446,6.937980651855469
1747273751.1507509,-2.9497381864067083,-4.154975293485315,5.378007888793945
1747273751.1731486,-2.948800934628985,-4.1543525500959895,7.574319839477539
1747273751.1939518,-2.950049718386663,-4.158647038571518,6.179094314575195
1747273751.212777,-2.9477798144607137,-4.1602221274506554,5.502462387084961
1747273751.2311544,-2.9465080199531695,-4.162391553749834,5.694389343261719
1747273751.2514746,-2.94541992120682,-4.1632000647368,5.7773590087890625
1747273751.2717748,-2.945621677258494,-4.164631763896325,5.433559417724609
1747273751.2910516,-2.9491794003504728,-4.1640488670783045,5.5866241455078125
1747273751.3115656,-2.9529111133504213,-4.165805681394213,5.796670913696289
1747273751.3336792,-2.9549453897535285,-4.16702881355951,7.002830505371094
1747273751.3559477,-2.9608417419931534,-4.167822949276534,6.837606430053711
1747273751.3785353,-2.965289482198582,-4.170410445433231,6.744384765625
1747273751.3985648,-2.965161336251053,-4.169148653883671,6.430149078369141
1747273751.418396,-2.959728204011952,-4.172769996205097,5.911827087402344
1747273751.434269,-2.958089291941698,-4.172401410445838,5.318164825439453
1747273751.4506462,-2.9579806132075084,-4.168368675383847,5.323886871337891
1747273751.473131,-2.9577711386904597,-4.162739416835835,7.379055023193359
1747273751.4904473,-2.9478413343964514,-4.162190636432226,5.321502685546875
1747273751.510766,-2.944241994418875,-4.1626395090793755,5.255937576293945
1747273751.5273209,-2.9421926145219257,-4.158877466329202,5.394220352172852
1747273751.550374,-2.9495469124541938,-4.162973527313085,5.228281021118164
1747273751.566834,-2.953690488450016,-4.164540550325548,5.686759948730469
1747273751.5958793,-2.957253999072702,-4.162782265484492,6.273984909057617
1747273751.6147704,-2.9616111119244097,-4.164204466897266,5.972146987915039
1747273751.6330295,-2.962972495465793,-4.1616955759718826,5.831718444824219
1747273751.6525998,-2.9636677225504173,-4.158359066042591,7.133722305297852
1747273751.6758256,-2.9613646698788543,-4.160908815971084,7.921457290649414
1747273751.6922445,-2.957511279873882,-4.167301260621357,5.462169647216797
1747273751.7109272,-2.955661074540206,-4.1649815758641555,5.382776260375977
1747273751.733168,-2.958066892104178,-4.164304450376962,7.497310638427734
1747273751.7545002,-2.947919349411945,-4.16881629978589,7.915258407592773
1747273751.7751973,-2.945345657244533,-4.172371323260598,8.732318878173828
1747273751.793234,-2.9465641801450775,-4.1769292106434515,7.042169570922852
1747273751.8143697,-2.953323080794249,-4.1725710507987825,8.477210998535156
1747273751.8362677,-2.957067180720075,-4.17156551947759,5.457878112792969
1747273751.8541708,-2.95649007789438,-4.162785609257423,6.721019744873047
1747273751.8749576,-2.9601967238865456,-4.155048440639027,5.642414093017578
1747273751.8927343,-2.9650533026704537,-4.145998655153022,7.042646408081055
1747273751.9105208,-2.963418423124582,-4.138205344792321,5.313396453857422
1747273751.931837,-2.9593326021387676,-4.137850570648332,5.514383316040039
1747273751.950734,-2.957132026553295,-4.134354509924896,5.314111709594727
1747273751.9729414,-2.958853057664169,-4.132622304624904,7.569551467895508
1747273751.9906106,-2.958781775450145,-4.12557582591488,5.329608917236328
1747273752.0106206,-2.9587518449210903,-4.119267886092413,5.286931991577148
1747273752.0327795,-2.954749971893603,-4.117967833623171,5.986213684082031
1747273752.050643,-2.9534143149213206,-4.113518350855232,5.214929580688477
1747273752.0795035,-2.951491282383432,-4.116590845372517,6.728887557983398
1747273752.0963614,-2.9492307031280895,-4.114761182629738,5.667209625244141
1747273752.114538,-2.9481660391833917,-4.118486302635355,5.614995956420898
1747273752.1317341,-2.947695633328742,-4.12934249606898,5.948305130004883
1747273752.1541588,-2.9488173653484977,-4.1298547252687765,5.47480583190918
1747273752.1722534,-2.958869562845956,-4.1123200332751475,7.050275802612305
1747273752.1882193,-2.961510574596823,-4.098796470403581,5.4988861083984375
1747273752.2110605,-2.961737426448661,-4.089597917553646,5.505561828613281
1747273752.2272685,-2.95596157460655,-4.1026186528490065,5.901336669921875
1747273752.2459676,-2.9527628062854694,-4.11149422687669,5.534172058105469
1747273752.270846,-2.9521201916545827,-4.112865202268851,5.387783050537109
1747273752.2920992,-2.945681744235745,-4.120685379204088,5.513668060302734
1747273752.3119133,-2.9411074689543035,-4.117923275783048,5.462169647216797
1747273752.3328087,-2.9411954431777088,-4.116373150794173,6.278276443481445
1747273752.35157,-2.9415352281594074,-4.1159678359007,5.680084228515625
1747273752.373753,-2.95141103629118,-4.123655346565057,6.2808990478515625
1747273752.3913786,-2.9564085460560863,-4.127402430879332,5.96928596496582
1747273752.41109,-2.959450084742835,-4.1339227526529445,5.827903747558594
1747273752.4309344,-2.956748487901917,-4.142226009635207,5.539178848266602
1747273752.4476485,-2.955234463527601,-4.142412205765186,5.393028259277344
1747273752.4711733,-2.954932487646201,-4.148626590721241,5.423784255981445
1747273752.4921627,-2.961067094367022,-4.141246243861481,6.752490997314453
1747273752.5106623,-2.9617455409372453,-4.1315665994494895,5.318880081176758
1747273752.5310853,-2.9621857912863474,-4.126968617505721,5.453824996948242
1747273752.5477724,-2.9635436235118235,-4.122976579107983,6.731510162353516
1747273752.5740833,-2.9545305965365567,-4.14501966379678,7.260322570800781
1747273752.5980046,-2.9520562548750253,-4.157978459213607,8.029460906982422
1747273752.6173346,-2.9508531664718496,-4.163817911794343,5.60307502746582
1747273752.6329515,-2.9525766333107093,-4.160120300585803,5.575418472290039
1747273752.649461,-2.9558115970470533,-4.1578534866471895,5.494832992553711
1747273752.67129,-2.9560298963879528,-4.157852737362295,5.568265914916992
1747273752.6914663,-2.9523888961953983,-4.15960816878686,5.5522918701171875
1747273752.7118742,-2.9506348397334072,-4.162414238303807,5.8994293212890625
1747273752.7315397,-2.9512068556673396,-4.159356303675403,5.466938018798828
1747273752.7550483,-2.9556722281837184,-4.163828899556261,7.773876190185547
1747273752.776238,-2.9575540235735076,-4.166294859052645,6.270408630371094
1747273752.8002377,-2.9581640688286472,-4.169359590471879,9.439229965209961
1747273752.8210099,-2.956225658101128,-4.171734347653176,6.058454513549805
1747273752.836494,-2.9531501162505718,-4.170877468734247,5.336999893188477
1747273752.8556123,-2.9505185523078277,-4.175350702208026,5.298376083374023
1747273752.8724363,-2.9508666992604438,-4.177601392018433,5.351066589355469
1747273752.8892288,-2.9499723231759107,-4.177015132513332,5.613803863525391
1747273752.906169,-2.949797413913521,-4.173264221290714,5.22923469543457
1747273752.9308395,-2.950773422817172,-4.1764590594079465,5.335092544555664
1747273752.953805,-2.9494453554163376,-4.175317188862573,7.490634918212891
1747273752.9681115,-2.948842521546547,-4.175567017742482,5.724906921386719
1747273752.9940856,-2.9499597915642686,-4.182694103712288,7.777929306030273
1747273753.009104,-2.948514341698625,-4.182380795887476,5.643367767333984
1747273753.0325274,-2.950107681314657,-4.1814091238307025,6.207466125488281
1747273753.0478213,-2.9498589059502693,-4.1734845306878094,5.589723587036133
1747273753.0740798,-2.950478542574119,-4.171745956599528,7.48133659362793
1747273753.0934405,-2.936600414349282,-4.159972833458613,7.381677627563477
1747273753.11689,-2.9298782871113884,-4.145944087752784,6.008386611938477
1747273753.133781,-2.9292763169027145,-4.136566207123786,6.561994552612305
1747273753.1512074,-2.935501483775027,-4.1317474917046395,7.711172103881836
1747273753.1718874,-2.9373533538190606,-4.127707488162633,5.537748336791992
1747273753.1872919,-2.941090409229916,-4.126155328509945,5.530595779418945
1747273753.2081196,-2.9413309910455325,-4.126117801437415,5.795001983642578
1747273753.232005,-2.9473761817504185,-4.123970215229174,5.91278076171875
1747273753.2535088,-2.951735050754576,-4.12158055694284,7.462024688720703
1747273753.2719386,-2.9526703032423187,-4.1205413515406235,5.43212890625
1747273753.2951295,-2.950466953870261,-4.124971126335857,7.814884185791016
1747273753.3103683,-2.9511505903088473,-4.1350327971642376,5.719661712646484
1747273753.3315282,-2.9511058322161117,-4.141445215638004,5.583524703979492
1747273753.3507578,-2.948206983644535,-4.1400849221290965,5.29170036315918
1747273753.3715284,-2.9476915067634497,-4.139190226595308,5.888462066650391
1747273753.3927991,-2.94958259610586,-4.13915652999353,7.267475128173828
1747273753.4149365,-2.9455731013648205,-4.1420294932855795,8.661031723022461
1747273753.4331996,-2.9444861434054737,-4.144468364593575,6.897449493408203
1747273753.4508972,-2.941564683253913,-4.143896434658946,5.3806304931640625
1747273753.4733202,-2.9464840917997974,-4.1470562735925585,7.5550079345703125
1747273753.4932659,-2.946968831271272,-4.150679976323918,7.132291793823242
1747273753.5138025,-2.947752608910585,-4.154133916933247,7.775068283081055
1747273753.5313783,-2.9489257421412383,-4.1596809779286055,5.456447601318359
1747273753.550922,-2.9602971613866886,-4.156735729198708,5.308628082275391
1747273753.5718868,-2.9651024773421923,-4.155947387581,5.756855010986328
1747273753.5916142,-2.9687753514787043,-4.15638078606703,5.811452865600586
1747273753.622422,-2.9558001771284697,-4.15739853896764,7.7762603759765625
1747273753.6475377,-2.951743892807439,-4.161877027179237,8.130550384521484
1747273753.6678836,-2.948840753880904,-4.16489145208803,8.458852767944336
1747273753.690114,-2.949165929455001,-4.165165819711946,6.649971008300781
1747273753.7139664,-2.9486671810513063,-4.1670902189537165,7.165431976318359
1747273753.732435,-2.9486960649191287,-4.164506224481562,5.373954772949219
1747273753.7508905,-2.9496053398303066,-4.161896981091953,5.308389663696289
1747273753.7724705,-2.9482241508047444,-4.156569434679728,5.607366561889648
1747273753.7910903,-2.948571613879018,-4.156045702470109,5.400657653808594
1747273753.8112533,-2.9561405353565746,-4.152244367178843,5.408287048339844
1747273753.8308892,-2.958358817291315,-4.147719236245744,5.442619323730469
1747273753.851235,-2.9579265558572008,-4.1389764609837565,5.460500717163086
1747273753.8710556,-2.949876262421948,-4.144587788392028,5.394220352172852
1747273753.891304,-2.9466977201397273,-4.146871851666123,5.530357360839844
1747273753.9152415,-2.9457521737890118,-4.150762984481068,7.981300354003906
1747273753.9318283,-2.943995267351133,-4.152975513696313,5.666494369506836
1747273753.9515274,-2.94492066003639,-4.159394703219314,5.824804306030273
1747273753.9753842,-2.943446061967135,-4.157811376183498,6.043910980224609
1747273753.9894004,-2.9436271110020384,-4.158695317712525,5.301713943481445
1747273754.0132937,-2.9480960240903706,-4.154633031442184,7.405757904052734
1747273754.0300229,-2.95127799665189,-4.1477664625554835,5.970954895019531
1747273754.0525908,-2.9540457359649968,-4.1451261109221855,6.13856315612793
1747273754.0719101,-2.949522535378179,-4.162216307893045,5.601644515991211
1747273754.0931702,-2.9482533980699626,-4.160892001923957,7.041215896606445
1747273754.1136396,-2.9468144162304317,-4.157848184108816,7.413148880004883
1747273754.1353981,-2.948128854382175,-4.1587744012036865,7.513999938964844
1747273754.1601744,-2.948739080636143,-4.161408507918021,8.418798446655273
1747273754.17647,-2.947185185508174,-4.157703045253375,5.784511566162109
1747273754.1923409,-2.954599784022873,-4.161732706899078,5.466938018798828
1747273754.210935,-2.958312630430735,-4.159968128625175,5.340814590454102
1747273754.226153,-2.9588879182947627,-4.157410320735911,5.484819412231445
1747273754.252931,-2.958254262796812,-4.158859374427469,7.349491119384766
1747273754.272191,-2.959001822153547,-4.164845274768221,5.64885139465332
1747273754.2900343,-2.9589424731278378,-4.17230562586238,5.838871002197266
1747273754.3130553,-2.959589474238784,-4.170852510078103,7.278680801391602
1747273754.3329391,-2.952155995304983,-4.16988810140325,7.113456726074219
1747273754.3535285,-2.9495863112823315,-4.1612377113737375,7.239341735839844
1747273754.3743868,-2.949109361488199,-4.156435050300493,7.585287094116211
1747273754.398515,-2.952226054588779,-4.154094120198219,5.970478057861328
1747273754.422253,-2.9544962130130767,-4.1480714298311625,5.958318710327148
1747273754.4396555,-2.9546306798277797,-4.1442536395577845,5.417823791503906
1747273754.4547584,-2.9513705741470275,-4.140879635984948,5.668878555297852
1747273754.4709144,-2.949738777848866,-4.144304908438301,5.284309387207031
1747273754.4932091,-2.950068663424975,-4.147630432580348,7.168292999267578
1747273754.512843,-2.949362104260734,-4.152650323161147,7.051706314086914
1747273754.5319154,-2.9567669289187095,-4.144631528647833,5.5599212646484375
1747273754.5530732,-2.960543198325247,-4.136046450920312,7.272243499755859
1747273754.573004,-2.9619701649153045,-4.129046409453599,7.195472717285156
1747273754.5918944,-2.951500901082303,-4.1277057663301635,5.542278289794922
1747273754.614865,-2.948920891148316,-4.1338295207816,6.484508514404297
1747273754.6311762,-2.947631414990803,-4.1341827459270135,5.393743515014648
1747273754.6527123,-2.948583285049013,-4.143539897446413,5.487918853759766
1747273754.6974013,-2.949178414187047,-4.149893546926506,10.46609878540039
1747273754.728616,-2.954480084397863,-4.1492793979561675,6.564617156982422
1747273754.7443085,-2.9564948683842296,-4.1479221464599725,5.74803352355957
1747273754.7607386,-2.958419044527046,-4.148521102611073,5.371332168579102
1747273754.775565,-2.9579081613682696,-4.1490200771076085,5.404472351074219
1747273754.79293,-2.9505824701890075,-4.152231950268406,7.068872451782227
1747273754.8111877,-2.9483698798352362,-4.1542294485300335,5.394935607910156
1747273754.8331037,-2.9477914032293877,-4.152094855633491,7.172822952270508
1747273754.857623,-2.9513353362074084,-4.150849389658827,5.435466766357422
1747273754.8720963,-2.95232016969542,-4.151549311811627,5.324363708496094
1747273754.8917344,-2.952757132657974,-4.144619197248787,5.93113899230957
1747273754.9132276,-2.955387572290104,-4.144082799335801,5.867719650268555
1747273754.933121,-2.9545929705211154,-4.139221222791027,7.112026214599609
1747273754.9531088,-2.9531935878558913,-4.127944083689491,7.177591323852539
1747273754.973276,-2.9541516726231696,-4.114255832539786,7.279872894287109
1747273754.995583,-2.9549597466525874,-4.126791050862447,9.460926055908203
1747273755.0153654,-2.9574640863399626,-4.140276892549584,8.401632308959961
1747273755.0322328,-2.9566550766512574,-4.15026257303071,5.5179595947265625
1747273755.0540688,-2.952360266933244,-4.152079101940844,7.484197616577148
1747273755.0710583,-2.951708207211743,-4.142139128694151,5.368709564208984
1747273755.090935,-2.951469502429928,-4.143159247636428,5.311250686645508
1747273755.1110911,-2.9473694716558154,-4.142288231824198,5.4073333740234375
1747273755.1312437,-2.9454874797150157,-4.142997067777962,5.396127700805664
1747273755.150957,-2.945629649575863,-4.147984581347323,5.240678787231445
1747273755.1728942,-2.9454290889833756,-4.14642268527893,6.292581558227539
1747273755.1922145,-2.9458688123830226,-4.15191234081313,5.540132522583008
1747273755.213702,-2.944400564737808,-4.146719682819987,7.371187210083008
1747273755.2340753,-2.9451895766231324,-4.143256217163388,5.742788314819336
1747273755.2520156,-2.9502793326250702,-4.1437936965059325,5.678415298461914
1747273755.2730503,-2.9526307382629042,-4.140903972382868,7.260322570800781
1747273755.294389,-2.951964103825256,-4.137227640774441,8.160591125488281
1747273755.319556,-2.9533226615762995,-4.141480650828902,5.518674850463867
1747273755.3370786,-2.9551603109890308,-4.133177300005169,5.171775817871094
1747273755.3517663,-2.9550366033290496,-4.130307990419749,5.559206008911133
1747273755.3660688,-2.9559634472357823,-4.1259051181100785,5.230188369750977
1747273755.3919716,-2.9599481987268526,-4.116923094991964,5.700826644897461
1747273755.4144123,-2.960829783977298,-4.1064069047821645,8.305549621582031
1747273755.4365318,-2.961242556224853,-4.096128586844143,5.591154098510742
1747273755.458824,-2.9563909879206656,-4.089849199192568,6.537914276123047
1747273755.4774978,-2.956049948468246,-4.085779132563035,5.378246307373047
1747273755.5003042,-2.953273751417147,-4.079265883462593,9.169340133666992
1747273755.5244305,-2.9444251402597663,-4.097356450198341,5.508899688720703
1747273755.5388644,-2.9422886132267214,-4.107566079898042,5.226850509643555
1747273755.5530603,-2.943359002767928,-4.120539708288095,5.556583404541016
1747273755.571254,-2.9460198145657275,-4.127694894538172,5.4454803466796875
1747273755.5909166,-2.947148179894948,-4.123644009973771,5.318880081176758
1747273755.6109495,-2.948676102443697,-4.130670661952973,5.264043807983398
1747273755.633288,-2.950277017273318,-4.13749289838618,7.238864898681641
1747273755.651542,-2.956116642766848,-4.1385809019912845,5.700111389160156
1747273755.6713603,-2.9591530260642425,-4.141343466282814,5.533456802368164
1747273755.690927,-2.96005093879596,-4.1436082129723255,8.307933807373047
1747273755.7143948,-2.950501347652372,-4.145546488888622,6.989240646362305
1747273755.7340908,-2.9483933443606865,-4.1487791358346735,7.282257080078125
1747273755.7562885,-2.9468948084442292,-4.150317060340789,8.76307487487793
1747273755.7783098,-2.9491885802330056,-4.151399827831436,5.986452102661133
1747273755.795287,-2.951140199884571,-4.155289175913712,5.868434906005859
1747273755.8114977,-2.951397857341095,-4.155916436828124,5.590677261352539
1747273755.8319829,-2.9596660024775714,-4.1594281460673,5.527496337890625
1747273755.8534567,-2.9623747207022935,-4.154949911909978,7.2154998779296875
1747273755.8722503,-2.9634750516368875,-4.14973093537183,5.865335464477539
1747273755.8923047,-2.9631267936406975,-4.143956779317195,6.211996078491211
1747273755.9148304,-2.959681592421477,-4.143981055780288,7.034540176391602
1747273755.933151,-2.9592658366807236,-4.138939705937096,5.766153335571289
1747273755.951303,-2.958508255648351,-4.138938245889622,5.419015884399414
1747273755.971428,-2.9521170455997794,-4.142295895129297,5.577564239501953
1747273755.9914985,-2.9508183673626935,-4.142263049756147,5.542993545532227
1747273756.0124738,-2.949751035231883,-4.145139399859879,5.691766738891602
1747273756.0314662,-2.9508195476180976,-4.1439150333257,5.438327789306641
1747273756.0514073,-2.9514761042719315,-4.143515099643691,5.402326583862305
1747273756.0712032,-2.950647061712599,-4.140581253055249,5.566120147705078
1747273756.0934827,-2.953634467875688,-4.1444549149720675,7.237911224365234
1747273756.1161087,-2.956661766347275,-4.150546363295778,5.532503128051758
1747273756.1305072,-2.955010979425614,-4.158230164651299,5.362033843994141
1747273756.1512818,-2.9567212387110975,-4.161993794750131,5.36799430847168
1747273756.1786594,-2.9469239579415256,-4.165324904354281,6.226539611816406
1747273756.1968493,-2.944569795627188,-4.166729422067511,5.382537841796875
1747273756.2156694,-2.9412697400970296,-4.166062169947674,5.420923233032227
1747273756.2320735,-2.947351353535663,-4.161662395123793,5.368232727050781
1747273756.2514708,-2.9501927992715906,-4.157926249076472,5.522966384887695
1747273756.2696574,-2.9508710211315705,-4.159416484525597,5.873918533325195
1747273756.3163693,-2.950893141145292,-4.1486910037519715,10.948419570922852
1747273756.3386214,-2.9488299178256754,-4.137262743091253,5.511760711669922
1747273756.3570714,-2.9504059897351063,-4.128096358774993,5.516290664672852
1747273756.380286,-2.9507527125323123,-4.1213676042727085,7.43865966796875
1747273756.4000278,-2.9515835225946025,-4.107681919891487,6.305217742919922
1747273756.419811,-2.9542221593811426,-4.097516515201071,6.352663040161133
1747273756.4389691,-2.9523961059626416,-4.088611045197583,6.607770919799805
1747273756.4547029,-2.9544137731332354,-4.086772967269923,5.523681640625
1747273756.4724593,-2.9531037316396564,-4.08281201581738,6.481170654296875
1747273756.4917488,-2.9412522489868915,-4.090310789938268,5.690336227416992
1747273756.5186307,-2.9375735333672677,-4.098024441838576,10.625123977661133
1747273756.5370772,-2.9340829273194875,-4.104585303278066,5.263090133666992
1747273756.551858,-2.9356116241437653,-4.108692346019081,5.413293838500977
1747273756.5717158,-2.9383889271048598,-4.111438823910488,5.737543106079102
1747273756.5913584,-2.9381266324071995,-4.119042691111041,5.638599395751953
1747273756.61512,-2.9377149937229756,-4.130928551113873,5.803346633911133
1747273756.6303458,-2.9462674022134965,-4.141471925354115,5.404949188232422
1747273756.6472175,-2.9500730155898083,-4.148592005604529,5.450010299682617
1747273756.6689239,-2.9507307503344484,-4.153405200987096,5.346059799194336
1747273756.6921346,-2.955392175368528,-4.154918814299312,5.497932434082031
1747273756.707463,-2.956126042683271,-4.151956122328931,5.517482757568359
1747273756.7313447,-2.9600187476658566,-4.153061059054715,5.286455154418945
1747273756.7515929,-2.958351577353915,-4.151340265164343,5.535364151000977
1747273756.7733808,-2.958955163731166,-4.145072426939478,6.443262100219727
1747273756.793671,-2.957545632137705,-4.140829602728752,6.290435791015625
1747273756.8136637,-2.958676087739719,-4.138466429534857,7.1277618408203125
1747273756.8388898,-2.9588654487952244,-4.118918484039885,12.2833251953125
1747273756.8628728,-2.959579524298195,-4.101447230773886,6.854772567749023
1747273756.8893855,-2.957879069008431,-4.097206059754111,7.165193557739258
1747273756.9055407,-2.9596992940501377,-4.102010711719807,5.5942535400390625
1747273756.92014,-2.9577218079954513,-4.105479027830006,5.644559860229492
1747273756.937951,-2.957789284848827,-4.1129525517336605,5.395412445068359
1747273756.9542906,-2.947205148647105,-4.117838405936124,6.913661956787109
1747273756.971309,-2.9465536119506486,-4.13000238695655,5.4569244384765625
1747273756.9917252,-2.9472294964139842,-4.141371085476002,5.528926849365234
1747273757.0114124,-2.9470480332381555,-4.146657357594442,5.509138107299805
1747273757.031073,-2.94852319681098,-4.148574245017749,5.302667617797852
1747273757.0512807,-2.9495208810517664,-4.150131888818864,5.410432815551758
1747273757.0735753,-2.9487938429572136,-4.151484682272751,6.464719772338867
1747273757.0915375,-2.9531440170895515,-4.15440492176339,5.4569244384765625
1747273757.111598,-2.953408513374922,-4.159427356687137,5.429506301879883
1747273757.1518118,-2.947597196964337,-4.159216420065351,10.126352310180664
1747273757.168281,-2.9467440766174593,-4.154168120042254,5.545616149902344
1747273757.185515,-2.945191761653294,-4.1546777003044,5.494594573974609
1747273757.2019446,-2.9476319598988954,-4.159241898589149,5.782127380371094
1747273757.217845,-2.952860032021436,-4.154718200028543,5.552530288696289
1747273757.2344074,-2.9556716659252835,-4.152720718631443,7.089376449584961
1747273757.2591643,-2.9540965603399894,-4.147575207686948,7.72547721862793
1747273757.2819414,-2.954629833196237,-4.153699610526368,5.438327789306641
1747273757.3010197,-2.955238571491639,-4.159761772015596,7.872581481933594
1747273757.3420172,-2.9517464737478316,-4.157945357442115,6.114721298217773
1747273757.3612382,-2.9507211395964266,-4.149152482147949,7.465839385986328
1747273757.3751655,-2.950118895852353,-4.1410784075538345,5.317211151123047
1747273757.3895237,-2.9512139179303745,-4.140040413828428,5.26118278503418
1747273757.5437446,-2.94752489186093,-4.143986472784207,8.092880249023438
1747273757.5602689,-2.9440281057338904,-4.145477185393458,5.312919616699219
1747273757.5752923,-2.9434570781445424,-4.157732960758986,5.710363388061523
1747273757.593818,-2.94356139865262,-4.158934998814786,6.327390670776367
1747273757.6124742,-2.947369554263942,-4.164608402610008,5.342960357666016
1747273757.6324003,-2.950363095718771,-4.163704970471804,5.5141448974609375
1747273757.6537988,-2.952638456274467,-4.161548329317819,7.121801376342773
1747273757.6776383,-2.951317605710596,-4.163959731805668,9.128332138061523
1747273757.6974597,-2.948432741676492,-4.161771832495802,5.227565765380859
1747273757.7158759,-2.9455278986974798,-4.157317180517131,8.053064346313477
1747273757.7700753,-2.948001836842072,-4.157371156695659,8.82267951965332
1747273757.8004572,-2.9457283242383614,-4.157950788423972,5.629062652587891
1747273757.817954,-2.9446900429266267,-4.166140230051183,5.338191986083984
1747273757.8372424,-2.9581671412662662,-4.167911748156239,5.289793014526367
1747273757.8557498,-2.9618202408004213,-4.1670975299668855,5.801916122436523
1747273757.8728633,-2.966682347706777,-4.164379245757132,5.604982376098633
1747273757.8927948,-2.9569288794827573,-4.166803690025973,5.532741546630859
1747273757.9179294,-2.9567105538160288,-4.164741898287928,5.922079086303711
1747273757.9356244,-2.9546626604699537,-4.168510596292495,8.037567138671875
1747273757.9522786,-2.9557639631043626,-4.163342691663367,5.510568618774414
1747273757.972452,-2.9599988673769304,-4.162279501407388,6.259441375732422
1747273757.9918694,-2.962411156022306,-4.162119054025243,5.494356155395508
1747273758.015138,-2.9630309781106985,-4.159878284896821,7.091522216796875
1747273758.0383503,-2.9581432577892772,-4.165297176400659,9.380102157592773
1747273758.0553186,-2.9579113440952325,-4.171949339438429,5.476236343383789
1747273758.0777872,-2.9601115053455445,-4.175168829993957,8.872270584106445
1747273758.0993288,-2.9593677797187476,-4.1770787695830105,9.974479675292969
1747273758.1192966,-2.9565163108119115,-4.1752979572369044,5.950212478637695
1747273758.137907,-2.9543417213238636,-4.17710397512789,5.779266357421875
1747273758.1527297,-2.9535447159074386,-4.1808135501719175,5.258798599243164
1747273758.1724954,-2.952969908137929,-4.18190169246539,5.6705474853515625
1747273758.192092,-2.9527935095325373,-4.181870201885676,8.117914199829102
1747273758.2136333,-2.9542635738122773,-4.182175935145151,7.176637649536133
1747273758.2385805,-2.955932825152688,-4.183971112029572,6.895780563354492
1747273758.2546618,-2.9546594333230183,-4.184428198277729,6.370306015014648
1747273758.27118,-2.956817609534004,-4.185893777869213,5.537748336791992
1747273758.300136,-2.954120956118175,-4.184872149194401,7.542848587036133
1747273758.324072,-2.9525079327089476,-4.183579697662233,5.504369735717773
1747273758.3399467,-2.9527776484019626,-4.182870522965046,5.673885345458984
1747273758.3607974,-2.942304585920669,-4.17335149737352,8.134603500366211
1747273758.3831515,-2.937819134793753,-4.167898306307568,5.292654037475586
1747273758.397676,-2.9357379963647006,-4.156318212641588,5.361318588256836
1747273758.4123902,-2.9364881761071087,-4.142621948701763,5.203723907470703
1747273758.4321313,-2.9509416597091676,-4.138682964811479,5.612850189208984
1747273758.4559207,-2.957082270786839,-4.134125985876564,7.160186767578125
1747273758.4796183,-2.959278402697597,-4.129093469411747,6.649255752563477
1747273758.499577,-2.948703924231844,-4.1301753307336675,8.68678092956543
1747273758.520577,-2.9465582674605235,-4.129313837257274,5.345821380615234
1747273758.5367334,-2.9468745319156633,-4.128866315982244,5.201101303100586
1747273758.5562499,-2.950637806508009,-4.12922913334286,5.946636199951172
1747273758.5721867,-2.951427913640513,-4.135126902405037,5.609035491943359
1747273758.5886898,-2.9495555128375748,-4.137302763349213,5.257368087768555
1747273758.6100855,-2.9506197787529587,-4.144128181155676,6.358623504638672
1747273758.6327496,-2.9519058218347656,-4.139315628779279,5.472898483276367
1747273758.6571395,-2.952084559881577,-4.140381029902962,7.224321365356445
1747273758.6722329,-2.9523563535508117,-4.134567365367361,5.522012710571289
1747273758.6904256,-2.946627556494413,-4.138188142445537,5.504131317138672
1747273758.7104025,-2.9434959728015264,-4.144055156448996,5.744457244873047
1747273758.7314475,-2.944776249213092,-4.147245384125447,9.543895721435547
1747273758.7506664,-2.9473783095817483,-4.155691701020838,5.575895309448242
1747273758.7751784,-2.946566139237656,-4.158225971255931,5.508661270141602
1747273758.7990735,-2.9469929690034777,-4.159315868896713,5.568981170654297
1747273758.8177714,-2.950289141458683,-4.162974282819311,5.344629287719727
1747273758.8345292,-2.952163008415929,-4.163249027846773,7.107019424438477
1747273758.8519425,-2.9543723164581057,-4.1643720312190675,5.606651306152344
1747273758.877859,-2.9592703318783613,-4.159254661318029,5.459785461425781
1747273758.8944604,-2.9596319063710568,-4.1495390824983565,5.74183464050293
1747273758.912522,-2.960516400002169,-4.1439757477165475,5.400657653808594
1747273758.9317873,-2.9598964551661373,-4.129724411552357,5.4073333740234375
1747273758.957469,-2.946256342176104,-4.134989411436758,9.976625442504883
1747273758.9778514,-2.9433030418466997,-4.144055513828308,5.402326583862305
1747273758.9916449,-2.9426317285171404,-4.148896452722235,5.396842956542969
1747273759.0146108,-2.955408069017919,-4.1458102964249965,7.10749626159668
1747273759.0336716,-2.9589728011538727,-4.135042384571085,7.101774215698242
1747273759.0535846,-2.959907077392134,-4.125288269477588,9.507894515991211
1747273759.0739553,-2.9487001057810382,-4.126719346778952,6.1550140380859375
1747273759.110752,-2.9444686365014716,-4.133421317134342,8.00943374633789
1747273759.1310678,-2.9423270412850866,-4.133374175318708,6.166696548461914
1747273759.1497085,-2.9441013944256866,-4.136567333666711,7.251977920532227
1747273759.1659606,-2.9467547966944547,-4.143774419724582,5.50079345703125
1747273759.1837423,-2.9489099034640613,-4.150029025459193,6.09135627746582
1747273759.2004085,-2.948867977331513,-4.163568914657696,5.609750747680664
1747273759.2208028,-2.9488118093593254,-4.157225628869668,7.112979888916016
1747273759.2404437,-2.948621846003224,-4.150595664825385,5.521535873413086
1747273759.2566702,-2.9480065240691156,-4.146548335264393,6.974458694458008
1747273759.2784507,-2.944735057401856,-4.147996366032409,7.137775421142578
1747273759.2987618,-2.944925624328065,-4.155130686039838,5.740165710449219
1747273759.319248,-2.941796028919831,-4.1476569531398875,5.551338195800781
1747273759.3367887,-2.9474308232427147,-4.1549571352316175,5.6304931640625
1747273759.3789623,-2.947595230543117,-4.158120013023492,6.333589553833008
1747273759.3996384,-2.9544816935164744,-4.15575068681075,5.583763122558594
1747273759.4280787,-2.9569123991712933,-4.15625963814634,11.844635009765625
1747273759.4442704,-2.956622899028181,-4.156900326453912,5.755186080932617
1747273759.4603074,-2.956166454280842,-4.161828049548981,6.121635437011719
1747273759.4774241,-2.9584562309846967,-4.153727298081673,5.866050720214844
1747273759.494136,-2.9596064147234578,-4.14312811108326,7.225275039672852
1747273759.509983,-2.9614344083268493,-4.121839949170298,7.095098495483398
1747273759.530619,-2.9613855366438493,-4.098321843528058,6.585359573364258
1747273759.5577254,-2.944650610600106,-4.11553851147863,6.317138671875
1747273759.577086,-2.936901703366712,-4.119347282466157,5.262613296508789
1747273759.5949311,-2.9347294019613326,-4.122536847246575,6.674289703369141
1747273759.6116982,-2.9431064334711317,-4.147266207042685,5.3730010986328125
1747273759.6351733,-2.9477875366772652,-4.1697029609176335,6.500959396362305
1747273759.6814418,-2.951336030123575,-4.173688460232776,32.86242485046387
1747273759.7257276,-2.9562049857308885,-4.171763460762506,7.766008377075195
1747273759.74491,-2.9612684204043234,-4.164432028918116,5.430459976196289
1747273759.7612386,-2.9641005823498814,-4.157646605072058,7.071733474731445
1747273759.7820272,-2.965654122749857,-4.147288687814512,7.781267166137695
1747273759.8064537,-2.9555520078173596,-4.140609728216949,6.441593170166016
1747273759.8369384,-2.951110662689096,-4.1373301416559105,15.925168991088867
1747273759.8594627,-2.9556604251368306,-4.144070497861587,5.663394927978516
1747273759.875697,-2.9566821804763,-4.1560994332617,5.784749984741211
1747273759.8920884,-2.9593481341987755,-4.161662089934009,5.43665885925293
1747273759.9202256,-2.961246390083996,-4.167547120969788,8.383750915527344
1747273759.9378588,-2.9500093547220687,-4.15656494655632,5.667686462402344
1747273759.9639904,-2.9458169464657,-4.1464383326466,7.1563720703125
1747273759.9824905,-2.945097514507223,-4.139203013449962,5.520105361938477
1747273759.999888,-2.9447202493777933,-4.1562904974983015,5.335569381713867
1747273760.0133288,-2.94266938080417,-4.157458332628686,5.315065383911133
1747273760.0539055,-2.9425572461629033,-4.158944667200991,5.961894989013672
1747273760.0742395,-2.938562468564893,-4.154459441924463,5.754709243774414
1747273760.0940785,-2.936992090594285,-4.146237441924838,7.229804992675781
1747273760.1198893,-2.9352251315455646,-4.139824025672591,8.257150650024414
1747273760.1352236,-2.9547324214552693,-4.138479884897109,5.3119659423828125
1747273760.1524594,-2.964305572408678,-4.135635271632972,5.511760711669922
1747273760.1709547,-2.9688321984701496,-4.124758005674579,8.867979049682617
1747273760.1994371,-2.950656267383491,-4.13063478267333,10.129928588867188
1747273760.2201703,-2.9468432315187982,-4.1321452213364696,5.785703659057617
1747273760.2372754,-2.9458188440077335,-4.1357094391789415,5.808830261230469
1747273760.2543051,-2.9421035183337096,-4.132640301426515,7.119417190551758
1747273760.2863069,-2.942230294497586,-4.132363186542996,10.07843017578125
1747273760.3032212,-2.9393273156782347,-4.133156745835693,5.666017532348633
1747273760.319741,-2.9380786611359553,-4.13527973897748,6.850719451904297
1747273760.3380382,-2.9348544017095786,-4.141198523883434,5.830526351928711
1747273760.3518155,-2.9355945084827804,-4.144945593932807,5.328655242919922
1747273760.3732216,-2.936779917786619,-4.148051900440637,6.060361862182617
1747273760.3920448,-2.940553472631756,-4.143532391731277,5.517721176147461
1747273760.415186,-2.9416426757038163,-4.142708941902097,8.055448532104492
1747273760.4352586,-2.942483721950122,-4.139147668970418,6.197214126586914
1747273760.4539185,-2.9485046836805386,-4.139200639968162,5.656719207763672
1747273760.4741037,-2.950146868898057,-4.135123895219953,7.236003875732422
1747273760.4931724,-2.9524462939124816,-4.141498227935179,5.873441696166992
1747273760.5149467,-2.948214845950912,-4.14366605288313,6.528139114379883
1747273760.5331874,-2.947211878686767,-4.148376666401786,5.516290664672852
1747273760.5476587,-2.9482378557545377,-4.1488692644034515,5.405426025390625
1747273760.5742283,-2.9491271790017404,-4.146879157454135,7.523298263549805
1747273760.5941029,-2.957237097953262,-4.151078998872653,6.184101104736328
1747273760.6130157,-2.959478514771161,-4.14833317937929,5.608558654785156
1747273760.633391,-2.9596649846593173,-4.151838447470121,5.438327789306641
1747273760.6523015,-2.957532870855185,-4.151164453215806,5.5332183837890625
1747273760.6762438,-2.9568629775180093,-4.152901941501528,6.263256072998047
1747273760.6959538,-2.9559080886266784,-4.152827887870987,5.424261093139648
1747273760.7133417,-2.9510945910854494,-4.156198243681124,5.468606948852539
1747273760.733556,-2.9498268574724196,-4.154747064602465,5.701541900634766
1747273760.7529972,-2.9496082457497343,-4.154538569827851,5.845546722412109
1747273760.772503,-2.949865664974147,-4.153621806653987,5.556821823120117
1747273760.796648,-2.954576637458724,-4.145603500080298,6.321907043457031
1747273760.8196254,-2.957035078549274,-4.140800746577423,6.43157958984375
1747273760.8381388,-2.9591179402818013,-4.13705038666778,6.057977676391602
1747273760.8533018,-2.949775055940811,-4.141395363220683,5.39088249206543
1747273760.8719926,-2.9470878743581697,-4.144288554767852,5.341291427612305
1747273760.8922884,-2.9482122729307956,-4.153569069325549,5.566835403442383
1747273760.915796,-2.9539586045106025,-4.150659533607916,6.468772888183594
1747273760.9374866,-2.9555842285492693,-4.145095683997645,5.8879852294921875
1747273760.9551904,-2.9565952996190914,-4.139033301655102,5.78618049621582
1747273760.9740555,-2.958052736909014,-4.139075464731484,5.568981170654297
1747273760.9914558,-2.957974373494296,-4.14188988067251,5.52678108215332
1747273761.0088937,-2.957554491256665,-4.140009562358507,5.318403244018555
1747273761.035525,-2.9571063180428894,-4.1379900590457375,6.5212249755859375
1747273761.0526783,-2.946156504020085,-4.139140258183301,5.528450012207031
1747273761.0727737,-2.940752909530807,-4.141371775717995,5.391836166381836
1747273761.095702,-2.9422418262107812,-4.142562423027845,7.039308547973633
1747273761.1110551,-2.949514997479408,-4.138923688762208,5.496978759765625
1747273761.1354516,-2.952103049985066,-4.137270729485387,7.251262664794922
1747273761.1602333,-2.954169905134977,-4.134816463260099,6.217241287231445
1747273761.178637,-2.953257846943622,-4.13567575392561,6.109476089477539
1747273761.196984,-2.9548401286814294,-4.141203921059817,5.299091339111328
1747273761.2201123,-2.9532007542643686,-4.143536309077139,5.535125732421875
1747273761.2387164,-2.9514946646052005,-4.14662796817395,5.351066589355469
1747273761.2532005,-2.951025339949853,-4.146697415953636,5.44285774230957
1747273761.2728739,-2.9516796762595363,-4.1479873364247775,5.444049835205078
1747273761.2941024,-2.952676909697349,-4.14835794160417,7.1430206298828125
1747273761.31352,-2.9555468954780597,-4.148884128249725,5.534172058105469
1747273761.3359444,-2.955681674977317,-4.145974020935798,6.116390228271484
1747273761.354697,-2.956336845173184,-4.14720498761028,6.187200546264648
1747273761.3753817,-2.9547464049282075,-4.142734234630466,7.801055908203125
1747273761.397666,-2.9547253147273422,-4.139852962044476,5.515336990356445
1747273761.4264534,-2.9548223999384966,-4.135851949570628,8.845329284667969
1747273761.4487054,-2.9478558034188147,-4.130308693678912,6.435394287109375
1747273761.4651585,-2.9432750182087313,-4.128595620644192,6.512880325317383
1747273761.4873512,-2.941499988100222,-4.125250369108894,5.629062652587891
1747273761.5023026,-2.948589816580893,-4.122600003816691,5.265235900878906
1747273761.5170562,-2.9513934156039943,-4.122589675390337,5.527019500732422
1747273761.532231,-2.9525910333359007,-4.121290274766234,5.399227142333984
1747273761.5545652,-2.952744564992452,-4.118186663696602,7.223844528198242
1747273761.5742023,-2.9575184326393167,-4.120989186605414,7.154226303100586
1747273761.5936558,-2.958277583715948,-4.127272246485195,5.622148513793945
1747273761.6135728,-2.957048434850871,-4.12888525183575,5.461692810058594
1747273761.6294034,-2.9503381790561605,-4.1272650973756715,5.39851188659668
1747273761.654316,-2.9504748977226587,-4.129603262803325,7.137298583984375
1747273761.6742053,-2.9483629645666025,-4.138046059185255,7.135868072509766
1747273761.6952837,-2.951148650510518,-4.135809800999291,6.227731704711914
1747273761.7103696,-2.9542561672052683,-4.13599834110636,5.5980682373046875
1747273761.7273924,-2.955800604883971,-4.139059618955216,5.474567413330078
1747273761.7479894,-2.9569712807189013,-4.140393309587546,5.660057067871094
1747273761.7673674,-2.9477683087525657,-4.1380164548995575,5.402803421020508
1747273761.7944224,-2.945144607567696,-4.142887468596106,5.705356597900391
1747273761.8123283,-2.9415388134367912,-4.142497288366854,5.789518356323242
1747273761.8288484,-2.941462370649719,-4.1428123157199215,5.4225921630859375
1747273761.8565104,-2.942775749570972,-4.144351673196836,8.810281753540039
1747273761.8905168,-2.943925179497025,-4.14568563820727,11.116743087768555
1747273761.9148626,-2.945894674769957,-4.147681343908685,14.4195556640625
1747273761.9379792,-2.947683729865922,-4.1457819148463235,6.437063217163086
1747273761.9563513,-2.9546441809562274,-4.147494396368129,6.139039993286133
1747273761.9781713,-2.9575673118551875,-4.148992634442124,9.879827499389648
1747273761.997192,-2.9597880036381126,-4.15160359119422,7.937431335449219
1747273762.0174756,-2.9613659069462805,-4.149601225116913,6.132602691650391
1747273762.037728,-2.9591178789393133,-4.150947504965896,5.997896194458008
1747273762.0610383,-2.9590947460089443,-4.15773728006361,7.039308547973633
1747273762.0788856,-2.959568797665383,-4.159435634272676,5.47337532043457
1747273762.0984294,-2.948582316225568,-4.161085730834048,5.415678024291992
1747273762.115806,-2.9468662807161876,-4.166819229519331,5.4416656494140625
1747273762.134683,-2.948179741008202,-4.16640133614453,7.314205169677734
1747273762.1737857,-2.9462228847439507,-4.1671904662037,15.560388565063477
1747273762.1922662,-2.944211053271886,-4.1678243633271155,5.560874938964844
1747273762.211166,-2.9433440470586962,-4.166947865409716,7.212400436401367
1747273762.2262294,-2.946105941816383,-4.165359522335167,5.867719650268555
1747273762.244609,-2.9490600522928263,-4.163786155079075,6.383657455444336
1747273762.2635443,-2.9497879825314572,-4.164918465274097,6.9675445556640625
1747273762.2798257,-2.950613516539971,-4.1669011202111585,6.035566329956055
1747273762.3065643,-2.953301369316158,-4.165629172031873,8.372783660888672
1747273762.3239925,-2.9541173109618812,-4.162903957375434,7.086992263793945
1747273762.3410013,-2.955421803481021,-4.160173338280376,6.693601608276367
1747273762.358882,-2.951833991536915,-4.160367610743825,5.43665885925293
1747273762.3757315,-2.9510277062884587,-4.160527866135954,5.446672439575195
1747273762.3956552,-2.952385390500462,-4.159717599471371,8.519172668457031
1747273762.417962,-2.952308079197287,-4.159233074827875,5.665779113769531
1747273762.4429123,-2.9538065025384905,-4.163688122001217,8.482933044433594
1747273762.4637156,-2.9534054846567774,-4.162503610975305,5.523443222045898
1747273762.478877,-2.9493825894008867,-4.164564749832445,5.249500274658203
1747273762.4960644,-2.948184757314843,-4.170693542197243,6.480216979980469
1747273762.515651,-2.948342156787765,-4.169282787844052,7.486581802368164
1747273762.5325642,-2.9496021084762765,-4.168958436664848,5.4607391357421875
1747273762.5602536,-2.957594377575295,-4.170344858787807,10.548591613769531
1747273762.5801454,-2.9601148042447436,-4.167618990062143,6.762027740478516
1747273762.5950665,-2.9619744887071073,-4.162033047704559,5.878925323486328
1747273762.618715,-2.9582927913110897,-4.159430134867532,6.658792495727539
1747273762.649774,-2.9571402912607905,-4.1552014994296655,8.806228637695312
1747273762.6895742,-2.9470324557429937,-4.158463830515045,7.889509201049805
1747273762.7160878,-2.9443365612583494,-4.162441738676761,7.068157196044922
1747273762.7374253,-2.942741245320268,-4.163633501776963,6.872892379760742
1747273762.7660484,-2.951292229115697,-4.166985838220197,8.569478988647461
1747273762.7863355,-2.9560314823541827,-4.1698101465177135,5.378007888793945
1747273762.8005204,-2.955730624740017,-4.173643167327673,5.366086959838867
1747273762.8146415,-2.9517171374043962,-4.175474997409832,5.325555801391602
1747273762.8322165,-2.9487556440409843,-4.1766158841218335,5.340099334716797
1747273762.857903,-2.9468989263434713,-4.179111860702452,5.970478057861328
1747273762.8763578,-2.9449255762250965,-4.177547385535131,5.419254302978516
1747273762.8900309,-2.946331168354265,-4.1788781440440435,5.324602127075195
1747273762.9096763,-2.9532893826587086,-4.181397015616238,5.504608154296875
1747273762.9333286,-2.955904225566517,-4.178793218285643,5.393028259277344
1747273762.9559388,-2.957569698300473,-4.177496315561875,8.749961853027344
1747273762.9726748,-2.9637864909755054,-4.1778137593839,5.512714385986328
1747273762.9925497,-2.9648213915567556,-4.1785728118237,5.3730010986328125
1747273763.012281,-2.964637505907925,-4.178044127710037,7.840633392333984
1747273763.035407,-2.9652097270244813,-4.183104283819113,6.347417831420898
1747273763.055175,-2.950879371001404,-4.180961905006963,6.478786468505859
1747273763.0764387,-2.947490052024827,-4.178085126088133,5.666017532348633
1747273763.0934672,-2.9451836400086386,-4.1769003145206,5.694150924682617
1747273763.120637,-2.952016917608194,-4.179046411135063,7.275581359863281
1747273763.14088,-2.9537696204577886,-4.174424928482397,5.751609802246094
1747273763.1740787,-2.9533619713339823,-4.1714304176543235,7.160186767578125
1747273763.1925945,-2.951641802846894,-4.159700204147795,5.396842956542969
1747273763.207582,-2.949887466927082,-4.152146418445206,5.442142486572266
1747273763.237192,-2.952535344014602,-4.155782037438631,7.50422477722168
1747273763.253779,-2.954189223088339,-4.16091466248686,5.486726760864258
1747273763.274659,-2.9537596641397883,-4.162462005678745,5.550146102905273
1747273763.2981937,-2.9504350858680604,-4.1643751046663775,5.271673202514648
1747273763.31468,-2.9495875041968116,-4.165456232991041,5.66411018371582
1747273763.332657,-2.9486258156544047,-4.165512308262464,5.324602127075195
1747273763.354214,-2.947915993665939,-4.164197030612034,7.061481475830078
1747273763.375397,-2.952338599106805,-4.162945924093708,7.385015487670898
1747273763.3928401,-2.9534649000430857,-4.165063379673163,5.540370941162109
1747273763.4087198,-2.954329779341569,-4.162036308330093,5.4454803466796875
1747273763.4326062,-2.951987338832413,-4.152902458888174,5.39708137512207
1747273763.457685,-2.9540133127638883,-4.141821473698258,5.977630615234375
1747273763.4781964,-2.954342365924249,-4.127932991230131,5.502939224243164
1747273763.4982908,-2.951246017786845,-4.132145149773635,5.292415618896484
1747273763.5187433,-2.9501001818781014,-4.132339945339364,5.547285079956055
1747273763.5354426,-2.9481047463267065,-4.134054968380403,6.381511688232422
1747273763.5532646,-2.947706956991294,-4.137839175047428,5.463838577270508
1747273763.572185,-2.949171624878192,-4.141020563815849,8.172035217285156
1747273763.5931668,-2.9489972643871,-4.146594470860359,5.367279052734375
1747273763.6130073,-2.950262414022169,-4.152138943262614,5.766630172729492
1747273763.6295536,-2.958182333757574,-4.148388047541972,5.460262298583984
1747273763.6542504,-2.9591506636455986,-4.134271563119098,7.14564323425293
1747273763.6727417,-2.9623896054893217,-4.130844973135322,5.463123321533203
1747273763.6932766,-2.9535314764622553,-4.133263807143403,5.4378509521484375
1747273763.7126725,-2.949935080867908,-4.136716029628544,5.697727203369141
1747273763.7329955,-2.9494757447188475,-4.1351936205860325,5.509614944458008
1747273763.7528276,-2.948736607965769,-4.13555266928222,5.588531494140625
1747273763.773073,-2.9535523749368564,-4.130683355553276,5.620241165161133
1747273763.7925,-2.9555974358948425,-4.127296484325588,5.322456359863281
1747273763.8074381,-2.9575039630072135,-4.1256529827373765,5.342960357666016
1747273763.8314912,-2.957069070026701,-4.13436320252751,7.17616081237793
1747273763.8531878,-2.956166136342926,-4.136606272411285,5.445003509521484
1747273763.8772311,-2.955612556433007,-4.138314392152103,9.48476791381836
1747273763.902745,-2.9483887815857504,-4.136482872005436,5.702018737792969
1747273763.9191442,-2.946839134222593,-4.139696492236848,5.498409271240234
1747273763.9369872,-2.9469484677357856,-4.139583982505308,6.078958511352539
1747273763.9555905,-2.959548922174088,-4.137961796214588,6.79326057434082
1747273763.9841259,-2.9624459552942004,-4.131915462802384,11.804819107055664
1747273764.0164027,-2.964804094505201,-4.125696239639194,9.053230285644531
1747273764.0416656,-2.956433628985135,-4.1322565715212844,13.140678405761719
1747273764.0602372,-2.954928922795957,-4.14246556155039,6.057500839233398
1747273764.0775378,-2.953463774728867,-4.1493618428278145,6.736993789672852
1747273764.0962358,-2.9498205740980836,-4.147832367699447,6.408929824829102
1747273764.1203325,-2.9483249209897076,-4.147422942750296,6.180763244628906
1747273764.1418414,-2.9458894308230135,-4.147070406926355,6.356239318847656
1747273764.1567714,-2.9484119816538503,-4.156140249838251,5.262851715087891
1747273764.172319,-2.9497422681902767,-4.158394013596252,6.3610076904296875
1747273764.1920242,-2.9513214311812357,-4.16033237055048,5.771398544311523
1747273764.2079825,-2.949690804399147,-4.160372720565387,5.4931640625
1747273764.2334948,-2.944310223243369,-4.160852355737765,6.131649017333984
1747273764.2524014,-2.9433798700291516,-4.161652748036849,5.211114883422852
1747273764.2746289,-2.9445779120551623,-4.158309521173609,7.045507431030273
1747273764.2960727,-2.9535112862008943,-4.158730662030616,6.674528121948242
1747273764.314777,-2.956592324349909,-4.15869566648251,5.478143692016602
1747273764.3344984,-2.957597778446716,-4.161751206018692,8.52823257446289
1747273764.3534946,-2.9499800797857243,-4.161692260961495,5.566120147705078
1747273764.3788066,-2.948470671606286,-4.161216458510705,10.040283203125
1747273764.398733,-2.9452811879817586,-4.160266150785603,5.407571792602539
1747273764.4137511,-2.946983690788538,-4.164502986070492,5.2928924560546875
1747273764.4369595,-2.945638130681358,-4.163784033608608,7.360696792602539
1747273764.453609,-2.945587663492559,-4.163312644433703,5.504369735717773
1747273764.4899445,-2.9479128148083356,-4.164595702681827,8.86845588684082
1747273764.5214913,-2.943135136546644,-4.153339951923229,7.586956024169922
1747273764.5625088,-2.9506685239105717,-4.148938527912178,18.813610076904297
1747273764.5922558,-2.95340979779062,-4.1452213189283125,11.10982894897461
1747273764.6087341,-2.9555627791445533,-4.148093431587746,5.346536636352539
1747273764.6269846,-2.9584479288194743,-4.14627432840027,5.61070442199707
1747273764.65247,-2.9592115244538233,-4.146526411342342,7.254362106323242
1747273764.6767938,-2.9594502083192626,-4.1462579672746145,7.994174957275391
1747273764.6933272,-2.9489105738154913,-4.1462402389045225,5.475521087646484
1747273764.7079723,-2.9475202140201007,-4.150476434483959,5.311250686645508
1747273764.7219238,-2.9454211619270914,-4.156869703964655,5.284309387207031
1747273764.7389123,-2.945502722322132,-4.158649263461285,5.635738372802734
1747273764.7582884,-2.9490007436337353,-4.153251848760245,5.460023880004883
1747273764.7731845,-2.9512300099200153,-4.152179094123542,5.306720733642578
1747273764.7926345,-2.9487863334607374,-4.15121152682841,5.438327789306641
1747273764.8128972,-2.9574242819761336,-4.1490489545137414,5.367040634155273
1747273764.8362994,-2.9603636786677323,-4.1426140554230395,7.088899612426758
1747273764.853795,-2.962055767082489,-4.140118683709271,5.582094192504883
1747273764.872894,-2.943695849094989,-4.13554814609539,5.527734756469727
1747273764.8936892,-2.93477762823883,-4.1269336081690575,6.044149398803711
1747273764.9134274,-2.9323758041845815,-4.1164731331005875,5.789518356323242
1747273764.931257,-2.9291373857443235,-4.112105449231074,6.770849227905273
