time,x,y,computation_time_ms
1747272993.7000835,-1.8328616290912174,-2.246944216397496,50.975799560546875
1747272993.783196,-3.1394332315837197,-1.246502144190477,53.330183029174805
1747272993.8503668,-3.579436609642704,-0.8919422831932333,29.829978942871094
1747272993.8912404,-3.5804974252679096,-0.8613326065794854,25.927066802978516
1747272993.9657433,-3.602093548105491,-0.9370619682689934,52.3529052734375
1747272994.04726,-3.6057707726930457,-0.9353740949477465,44.11673545837402
1747272994.0957575,-3.6129967872399478,-0.9323279873549375,26.93486213684082
1747272994.407147,-3.612191047438073,-0.9313447493129163,28.94115447998047
1747272994.4478912,-3.6125947283407074,-0.9319147048611689,25.482892990112305
1747272994.5258696,-3.613557367627376,-0.9327045079179268,37.37998008728027
1747272994.590189,-3.622915620246602,-0.933995008996191,32.3028564453125
1747272994.6346326,-3.6513938569871893,-0.9400414025485013,29.32286262512207
1747272994.7315524,-3.621705600756204,-0.932456852043595,50.531625747680664
1747272994.8162158,-3.6225475414829003,-0.9299446066425158,34.86919403076172
1747272994.847601,-3.6230102192153546,-0.9274656161606039,18.22185516357422
1747272994.8831046,-3.6224137489318826,-0.9246834346500261,24.205923080444336
1747272994.9219763,-3.622234498403147,-0.9228674637404487,20.377635955810547
1747272994.9540927,-3.6119480944382336,-0.9257375485884037,18.20993423461914
1747272994.9954224,-3.6010808046075953,-0.9287204447162978,28.017520904541016
1747272995.0461783,-3.6149852676646543,-0.92265522259188,21.36087417602539
1747272995.104788,-3.6921395547358817,-0.9344935762866919,30.74359893798828
1747272995.1345475,-3.7221824829178507,-0.9365315624764368,13.993501663208008
1747272995.1924858,-3.7148445880283556,-0.9427348636585472,18.059730529785156
1747272995.242665,-3.657733367579583,-0.9609811730790478,21.109819412231445
1747272995.3067448,-3.6469037729570397,-0.9654366297948584,49.03459548950195
1747272995.352711,-3.649188865227864,-0.961701399788585,17.957687377929688
1747272995.3973944,-3.6505283024720665,-0.9586454058149261,29.23417091369629
1747272995.426134,-3.707609612418597,-0.9766500308869378,15.465974807739258
1747272995.4541032,-3.720281817049588,-0.9793196668369344,14.248132705688477
1747272995.4779124,-3.677197074802896,-0.9850917124471223,9.89842414855957
1747272995.5128975,-3.664705778305941,-0.9865467000435274,14.740943908691406
1747272995.605987,-3.66046614148731,-0.9878328934448732,51.66268348693848
1747272995.655392,-3.656414379491023,-0.9780474907738114,27.350187301635742
1747272995.7059925,-3.646494425900221,-0.9863794620923017,31.726360321044922
1747272995.7526062,-3.6378474740657296,-0.9953320683982134,23.35357666015625
1747272995.7966306,-3.6424207547664733,-0.9855271207485095,15.668153762817383
1747272995.8346198,-3.646891716256303,-0.9733328012085543,23.004531860351562
1747272995.8951066,-3.639276666466113,-0.9755768253071048,37.57190704345703
1747272995.955839,-3.6418026208083765,-0.966731069967235,30.83324432373047
1747272996.0427113,-3.634745584990787,-0.9656049728466692,52.1090030670166
1747272996.1129107,-3.6344912218565795,-0.9673545776058574,32.09686279296875
1747272996.169789,-3.634091050733114,-0.9674811479805212,25.00772476196289
1747272996.2233148,-3.626104007609812,-0.9612233977052451,25.609254837036133
1747272996.2864602,-3.6315463825499927,-0.962609659361116,26.980161666870117
1747272996.3621888,-3.6242612517707067,-0.9555041181549097,47.22309112548828
1747272996.4390893,-3.6204294941028388,-0.951025514450002,33.9810848236084
1747272996.4990757,-3.621303161997523,-0.9462147356880248,46.14615440368652
1747272996.5707932,-3.6241111327133204,-0.9406279092695707,48.192501068115234
1747272996.723857,-3.629417946389541,-0.9408062481303134,26.083946228027344
1747272996.7520776,-3.633366791949405,-0.9414041376619688,15.163183212280273
1747272996.7842658,-3.625233534673975,-0.9346762870460267,12.944936752319336
1747272996.8244076,-3.622606718683917,-0.9314418975081562,19.61541175842285
1747272996.8765671,-3.6201346658253835,-0.929715569220112,33.582448959350586
1747272996.9527695,-3.61749086976616,-0.9295243105841338,35.31002998352051
1747272997.0042872,-3.6153152468344922,-0.9270024654374763,17.49706268310547
1747272997.0490184,-3.611351368414792,-0.9243831303202974,16.230344772338867
1747272997.1310828,-3.6080739151169743,-0.9219854921710212,62.111616134643555
1747272997.1910877,-3.605069130781784,-0.9241764294758368,36.27896308898926
1747272997.2550879,-3.6057183603694645,-0.9222159114358303,44.54398155212402
1747272997.3223479,-3.602024411860021,-0.9188382628324123,37.595272064208984
1747272997.407115,-3.600045499930719,-0.918396403066158,55.40657043457031
1747272997.4620163,-3.596986378405835,-0.9162453367201132,26.84187889099121
1747272997.5207872,-3.593770044968899,-0.9138355512725529,35.523176193237305
1747272997.6070738,-3.5932217136071376,-0.9096532191690246,54.16131019592285
1747272997.6433988,-3.5924494436111765,-0.9075676539871067,25.505542755126953
1747272997.736494,-3.591379131792534,-0.9068297518931888,28.565168380737305
1747272997.8117774,-3.5964920082709066,-0.9074831122075583,41.84126853942871
1747272997.8769913,-3.5932454856357756,-0.9060989092954739,35.83216667175293
1747272997.9493823,-3.5964317841574833,-0.9010579022610604,34.95502471923828
1747272998.0361593,-3.602411997883676,-0.9005490439881285,41.84699058532715
1747272998.1266131,-3.600289356439987,-0.8954688354262017,49.32832717895508
1747272998.1742733,-3.6044629073877,-0.8940275085875875,19.80423927307129
1747272998.2215433,-3.614227100500716,-0.893623212130561,20.25771141052246
1747272998.3177867,-3.6076425037956623,-0.8934430011577522,22.676706314086914
1747272998.4050143,-3.6299301630665624,-0.9034440382500275,39.372920989990234
1747272998.4749403,-3.6761097250379082,-0.9199139820574654,40.06767272949219
1747272998.542162,-3.592489394033022,-0.8956855300700999,33.353567123413086
1747272998.6197088,-3.606965603905212,-0.9006144264634742,38.13290596008301
1747272998.6711407,-3.5837606991115734,-0.8867266895526611,20.58577537536621
1747272998.7080073,-3.5788989681572567,-0.8822900832062603,18.265724182128906
1747272998.742601,-3.5746426695286506,-0.8759020728410214,16.08133316040039
1747272998.7784474,-3.571153360108436,-0.8703328289636527,18.477439880371094
1747272998.8141131,-3.571871029529464,-0.8734092101700872,18.20993423461914
1747272998.8733613,-3.5944637032267854,-0.8854300741746125,22.103309631347656
1747272998.9114542,-3.662945530588772,-0.9241865607638691,25.565147399902344
1747272998.9488785,-3.5760453207907057,-0.8730197512640557,17.454862594604492
1747272998.9913914,-3.586425690866345,-0.8772372450685446,20.256519317626953
1747272999.0216982,-3.616146695858248,-0.8925588280863359,14.104843139648438
1747272999.0888534,-3.5932377042366404,-0.8757323502518394,16.31450653076172
1747272999.1214352,-3.5519175863792376,-0.8439377898134335,15.235424041748047
1747272999.1679878,-3.546041922883333,-0.8390533875119416,24.63221549987793
1747272999.2449496,-3.5376636119672424,-0.8337676284663071,43.006181716918945
1747272999.3051233,-3.534849065001938,-0.8273861839392425,15.572786331176758
1747272999.3431356,-3.5358499061040334,-0.8298625791681196,19.041061401367188
1747272999.3759136,-3.533016023546641,-0.8298391491759008,17.900705337524414
1747272999.4235191,-3.5337051723218043,-0.8294480570757796,18.76544952392578
1747272999.478035,-3.5326927117740246,-0.8274603435543413,21.55160903930664
1747272999.5302813,-3.527229037120502,-0.8276255014758764,25.528907775878906
1747272999.5841987,-3.5250924762457254,-0.8317010445313358,29.036760330200195
1747272999.6288934,-3.523591238442253,-0.8336899028263575,24.2769718170166
1747272999.6866903,-3.5231645423662927,-0.8312132321642234,31.403541564941406
1747272999.7582934,-3.5220385779655343,-0.82755991935166,30.753135681152344
1747272999.8249936,-3.5245043266857303,-0.8251147266633022,29.541730880737305
1747272999.879443,-3.5226631002609525,-0.8251706060869743,25.623083114624023
1747272999.9233763,-3.5214317135082274,-0.8268009712959343,21.777629852294922
1747272999.9582047,-3.5207085217462377,-0.8238375556664036,19.27638053894043
1747273000.0031512,-3.5220130192095085,-0.8226679919615719,24.713516235351562
1747273000.0438201,-3.5208977589767287,-0.8158877933361395,26.80206298828125
1747273000.0973694,-3.5114648753601196,-0.807335574604821,34.494638442993164
1747273000.1551812,-3.5148878108159085,-0.8062552136365071,22.13597297668457
1747273000.2162178,-3.5094656395561623,-0.7985649548204466,25.756120681762695
1747273000.2773032,-3.50709594858704,-0.7928619099836566,35.285234451293945
1747273000.3305843,-3.4985462734798465,-0.7905502058669145,17.940282821655273
1747273000.3874762,-3.494750553706044,-0.7861393506845418,25.142192840576172
1747273000.444542,-3.4912473522466367,-0.7812224326939007,31.827449798583984
1747273000.4838512,-3.481420076052374,-0.7766506373163549,18.365144729614258
1747273000.5223927,-3.477049820101826,-0.7773143911452192,20.2329158782959
1747273000.563609,-3.476471650237702,-0.7737060512698836,18.001556396484375
1747273000.6152806,-3.4781863753946856,-0.7647000024970478,30.360937118530273
1747273000.7190742,-3.478687429926273,-0.7628557819050064,32.56845474243164
1747273000.7760766,-1.6632228254180292,-2.680125337837675,17.78554916381836
1747273000.8116612,-3.504396660971069,-2.0480011002454175,20.715713500976562
1747273000.8712194,-3.550808506181112,-2.0337553426048984,27.77242660522461
1747273000.9457781,-3.5772223124378257,-2.028315883827041,28.99312973022461
1747273000.993203,-3.643338742227563,-2.03186972977847,31.516313552856445
1747273001.0545835,-3.7101608051018173,-2.0377242599571765,30.825376510620117
1747273001.12063,-3.7182335515790013,-2.038194159243462,20.131587982177734
1747273001.151218,-3.7255474118347225,-2.0381569712953187,17.15564727783203
1747273001.1948414,-3.7325074228141504,-2.0375402538621277,14.47606086730957
1747273001.235138,-3.7383994497939126,-2.037479271171593,26.1538028717041
1747273001.284247,-3.7438590035889514,-2.0377845841751543,12.583732604980469
1747273001.3312507,-3.747374487260873,-2.038090043972647,23.15974235534668
1747273001.3533976,-3.7522752149319523,-2.0386889375364197,9.363412857055664
1747273001.397998,-3.756498110063099,-2.038629014512283,32.241106033325195
1747273001.4353273,-3.76084286518129,-2.0385063356598225,14.041662216186523
1747273001.4734771,-3.7647310153957187,-2.038268344975291,11.546611785888672
1747273001.514883,-3.768531980634017,-2.0380262661265744,14.182329177856445
1747273001.548217,-3.7728474775073977,-2.038553301898016,14.806747436523438
1747273001.61365,-3.7766086345653753,-2.0375714576136077,23.711204528808594
1747273001.7254887,-3.7794969239034386,-2.0368944508001183,13.219118118286133
1747273001.7485557,-3.7827234812533863,-2.0375299062746532,7.042407989501953
1747273001.770284,-3.7853351005935965,-2.0382933302154553,6.413459777832031
1747273001.7912958,-3.789988940343634,-2.038630578712161,8.309364318847656
1747273001.8101387,-3.792837564173342,-2.0383453375781,7.950067520141602
1747273001.8304214,-3.7957215952344705,-2.0391221090202247,7.25555419921875
1747273001.8498712,-3.7959305620227033,-2.0391467311207094,8.202791213989258
1747273001.868727,-3.798681094218877,-2.03942394062224,6.911516189575195
1747273001.9175699,-3.7986979931755167,-2.037427833566135,36.15164756774902
1747273001.9632056,-3.8001776146990327,-2.039313499370927,26.312589645385742
1747273001.987729,-3.802699462835123,-2.038534141964022,7.269859313964844
1747273002.0376894,-3.8044045060948886,-2.0380730343998046,27.08268165588379
1747273002.1066132,-3.8076102956912683,-2.0387634167867246,39.14594650268555
1747273002.1644652,-3.8105559795571686,-2.040174617309737,22.852420806884766
1747273002.1882432,-3.8128325230413043,-2.0414729494246435,8.37850570678711
1747273002.2088501,-3.816024422555254,-2.042016719162975,6.524562835693359
1747273002.233858,-3.818347698385863,-2.0422876485567505,8.084535598754883
1747273002.2618217,-3.8199519800301287,-2.042200222599875,10.324239730834961
1747273002.2854836,-3.822810807554321,-2.0411355578584325,7.489204406738281
1747273002.3078744,-3.825239419020178,-2.040095792355805,9.312152862548828
1747273002.3326397,-3.8253807269503546,-2.0392525908844625,8.203268051147461
1747273002.3684888,-3.826365689831388,-2.03728969460972,16.499757766723633
1747273002.405222,-3.8285833455367895,-2.036420034467066,11.479854583740234
1747273002.4509323,-3.83233775999696,-2.036261579814107,16.04437828063965
1747273002.4754875,-3.8376084077144554,-2.039028157387335,9.689569473266602
1747273002.4953403,-3.8379435596386053,-2.0388921793707797,7.453441619873047
1747273002.5318882,-3.840019217374494,-2.0386733707343514,23.78058433532715
1747273002.5777957,-3.84266014961712,-2.039141284387743,18.23282241821289
1747273002.6152332,-3.8456254658363793,-2.0378634541855662,14.529943466186523
1747273002.6740685,-3.849582965819526,-2.0398833012215207,31.565189361572266
1747273002.710267,-3.85027259095281,-2.0394026663295817,9.207487106323242
1747273002.7606127,-3.8493678769906334,-2.0385237096081372,12.597799301147461
1747273002.7926393,-3.85224838813482,-2.039189665704238,10.809183120727539
1747273002.8129113,-3.8551005103894833,-2.038640985645009,6.977558135986328
1747273002.8353863,-3.855515238756683,-2.038383115806382,6.77490234375
1747273002.8598049,-3.856890182927245,-2.0373356625330445,9.269237518310547
1747273002.8824363,-3.8579261193072494,-2.0366247826919914,7.593393325805664
1747273002.9111085,-3.857415995857442,-2.034951365168358,16.222715377807617
1747273002.9616134,-3.858737863258864,-2.0344494135909192,23.78559112548828
1747273003.008669,-3.861979076443365,-2.0339847693794013,15.413045883178711
1747273003.057041,-3.86627931526632,-2.0332217348171366,21.278858184814453
1747273003.1038978,-3.8672338429029436,-2.0304739695187126,7.194995880126953
1747273003.1246815,-3.868695331005444,-2.0320833090417887,7.518768310546875
1747273003.1576898,-3.8699251423578698,-2.0320415957485514,18.81241798400879
1747273003.205552,-3.8732036713506472,-2.0319564785222735,15.117883682250977
1747273003.255429,-3.879103389836696,-2.032042214802429,17.469406127929688
1747273003.3070676,-3.881315061231847,-2.032025390292857,19.069194793701172
1747273003.3578522,-3.8815765368587245,-2.031734397878397,16.09492301940918
1747273003.4154649,-3.8832307298535085,-2.0316499185158214,20.958900451660156
1747273003.4909282,-3.883251976169987,-2.0314490157816962,14.83154296875
1747273003.5511725,-3.88476270361809,-2.0297687728378055,31.68773651123047
1747273003.5900357,-3.8874597853023154,-2.0319785749671158,13.752460479736328
1747273003.6134958,-3.888415644439563,-2.0328387891500936,13.474225997924805
1747273003.6381354,-3.889108790126167,-2.0324514789085053,13.180255889892578
1747273003.6674929,-3.889225326967833,-2.0306280788664663,15.60521125793457
1747273003.7215838,-3.8881447701772456,-2.0306014363981637,35.98308563232422
1747273003.76748,-3.892350678277282,-2.028686355664417,26.381969451904297
1747273003.8130136,-3.895379529746301,-2.0315195978148513,19.187450408935547
1747273003.873561,-3.899572780276568,-2.030195707622219,43.12443733215332
1747273003.9284225,-3.902917379457704,-2.0274367868883862,25.14505386352539
1747273003.9790986,-3.902289198436979,-2.0279709343886796,25.907278060913086
1747273004.023191,-3.9022873523554504,-2.0255528718791687,24.849414825439453
1747273004.0766091,-3.900814989225573,-2.0246514980705275,26.7179012298584
1747273004.11385,-3.9024776295978514,-2.022682406220702,14.201641082763672
1747273004.1514578,-3.9060176814040557,-2.0220307046187327,14.101743698120117
1747273004.2191362,-3.9098019119505576,-2.02038050272489,19.42276954650879
1747273004.2978132,-3.913803969408631,-2.0201093723635593,22.91107177734375
1747273004.383066,-3.9156603833390213,-2.0236852100139195,33.144235610961914
1747273004.404482,-3.9182159010349515,-2.024145067971694,9.570121765136719
1747273004.4537861,-3.9223864208596977,-2.0245571073791995,15.437602996826172
1747273004.513092,-3.9231305242145167,-2.0218056230645596,23.763179779052734
1747273004.5781877,-3.9218734424857535,-2.0211169768358856,18.064022064208984
1747273004.6246583,-3.923475949821209,-2.021729875534906,14.228582382202148
1747273004.6648884,-3.924952264038267,-2.01958017828484,12.999773025512695
1747273004.7163079,-3.9265178706492705,-2.0240109090456224,24.0938663482666
1747273004.7619348,-3.9255445619497635,-2.0239351245342396,16.803264617919922
1747273004.8051744,-3.9272507055269816,-2.0256562075267834,18.802404403686523
1747273004.8457263,-3.9286423110169313,-2.0260987121729808,11.53421401977539
1747273004.8857884,-3.9303198375346455,-2.0265720085571397,13.888359069824219
1747273004.9224977,-3.9328716594457545,-2.0264162095183504,13.012886047363281
1747273004.9626484,-3.936804344704872,-2.027054783374573,14.57834243774414
1747273005.0180912,-3.937821898388444,-2.0254332244158144,18.781423568725586
1747273005.0630584,-3.9410577113176117,-2.0243559313491604,18.140077590942383
1747273005.107633,-3.941391921596099,-2.0230986871898513,17.737388610839844
1747273005.1443527,-3.9463061709057996,-2.0250393357098395,13.428688049316406
1747273005.1884124,-3.9448429834100622,-2.0247188982660735,16.830921173095703
1747273005.245962,-3.94586270995134,-2.0239935951756975,17.854690551757812
1747273005.293452,-3.946282950464918,-2.0213718478276324,18.842220306396484
1747273005.3352175,-3.9464981369423304,-2.016628238551947,15.155315399169922
1747273005.3875966,-3.9470491178998537,-2.015390206491742,19.150972366333008
1747273005.4426448,-3.9472644885668027,-2.014853406587421,18.18704605102539
1747273005.5060246,-3.948646991313892,-2.011506273886933,14.006376266479492
1747273005.5549176,-3.9482492575903656,-2.0131901479884324,14.280080795288086
1747273005.5956035,-3.9483053790391405,-2.0164874674188216,13.959169387817383
1747273005.6377332,-3.9481607369997613,-2.014173146956161,14.300346374511719
1747273005.6839364,-3.949087572552908,-2.0147565215601477,19.95086669921875
1747273005.7541444,-3.9532340198936695,-2.0144595472265765,16.407489776611328
1747273005.7787294,-3.9556986665949627,-2.013928371993248,7.050752639770508
1747273005.8234656,-3.9598210681940085,-2.0173652512743723,29.911041259765625
1747273005.8637023,-3.9601336989477263,-2.0190704404954394,18.416166305541992
1747273005.9104083,-3.960483302396701,-2.016930553761865,19.673585891723633
1747273005.96616,-3.9639912712703875,-2.0192825971713555,25.393962860107422
1747273006.0151048,-3.963462380723634,-2.018535575626358,18.56255531311035
1747273006.0570579,-3.9641763142490865,-2.01807069503593,19.95229721069336
1747273006.08368,-3.9644811095793093,-2.0225817390685243,12.169837951660156
1747273006.1172502,-3.9663796595336525,-2.0223292644506023,13.216495513916016
1747273006.138561,-3.962918002478687,-2.025883811387232,9.235620498657227
1747273006.158517,-3.9611639703586388,-2.02547635829151,7.567882537841797
1747273006.1830945,-3.9613492950987417,-2.0260561133082082,10.467767715454102
1747273006.2129023,-3.964317005912859,-2.018608610571097,7.8411102294921875
1747273006.2434824,-3.9642794258284986,-2.018287501349999,10.998010635375977
1747273006.27395,-3.9651585458940186,-2.0186078705618744,8.96310806274414
1747273006.3239956,-3.9676803649899104,-2.014310307560928,17.377138137817383
1747273006.3712788,-3.967968565103185,-2.0158428978365475,16.6015625
1747273006.4125693,-3.9698581409225606,-2.0145259742781922,11.609792709350586
1747273006.4457352,-3.9706850666756544,-2.014633251313584,8.405447006225586
1747273006.4695895,-3.972309226174483,-2.013883290225665,10.477304458618164
1747273006.5034447,-3.9741857980651276,-2.01398983036478,18.63241195678711
1747273006.547136,-3.973214370217262,-2.012072452218352,30.945301055908203
1747273006.5968711,-3.972093572781987,-2.0131418191226826,19.54483985900879
1747273006.665119,-3.9726384229530582,-2.0156242568039575,43.97869110107422
1747273006.7857444,-3.9742800431089433,-2.017396231504235,8.875846862792969
1747273006.808768,-3.9670771108242855,-2.0200385602763404,10.584115982055664
1747273006.831659,-3.965959780490194,-2.022415061213689,9.044885635375977
1747273006.8736527,-3.9691200949391026,-2.0259052488878146,15.778541564941406
1747273006.917669,-3.9680538213191974,-2.0305645585219088,13.29946517944336
1747273006.9591331,-3.9684272265470026,-2.0321880941145563,13.3056640625
1747273007.002446,-3.9735556593040635,-2.034919440190481,10.286092758178711
1747273007.0292318,-3.977123650117434,-2.032186235307811,14.255523681640625
1747273007.0517294,-3.973333326996156,-2.0272767317321154,11.759757995605469
1747273007.0741181,-3.9749603881855897,-2.026117617165439,8.707284927368164
1747273007.1019287,-3.9773703605845063,-2.0248944866001066,11.12818717956543
1747273007.127897,-3.9790360099675444,-2.022849457367175,15.115022659301758
1747273007.173118,-3.9825217653948415,-2.0235865325416134,30.516386032104492
1747273007.2252777,-3.9827236876548437,-2.0205399525026912,16.191720962524414
1747273007.2660415,-3.9822333354746484,-2.0206955802935758,7.050752639770508
1747273007.2917125,-3.983463601891791,-2.0251587409439997,10.648012161254883
1747273007.3281045,-3.984242469229035,-2.0288306154061817,21.001815795898438
1747273007.3643055,-3.9850313169099376,-2.03232630353638,10.345220565795898
1747273007.3914812,-3.983934745971154,-2.0342446583953047,13.95416259765625
1747273007.4152186,-3.982692121045516,-2.0319016027808474,9.191751480102539
1747273007.4431775,-3.9888909741902987,-2.0305380905043915,9.095191955566406
1747273007.466173,-3.9907070247256144,-2.0329348400795677,9.699106216430664
1747273007.4952683,-3.9944820403862105,-2.035052169748993,15.58065414428711
1747273007.5189612,-3.9970129470394182,-2.0398372701064518,8.650064468383789
1747273007.5575538,-3.992741137999943,-2.0405435782714076,22.255420684814453
1747273007.5985017,-3.9918996507294304,-2.036390987236269,12.626171112060547
1747273007.6186728,-3.994684503804275,-2.0342895354008057,6.749868392944336
1747273007.6467502,-3.9946389856628146,-2.034433420353034,9.976863861083984
1747273007.6707795,-3.996434105883667,-2.0338312607474425,7.9135894775390625
1747273007.7032573,-3.9935314327961677,-2.036364605917091,17.93503761291504
1747273007.7341468,-3.996350248931927,-2.0361107672595553,9.264945983886719
1747273007.7828228,-3.9949356775908256,-2.038541928713462,28.89227867126465
1747273007.8126965,-3.992518001470965,-2.04234579000411,8.222341537475586
1747273007.8433917,-3.9921377717869313,-2.043200235154294,9.162187576293945
1747273007.866705,-3.992315566758561,-2.043442543537474,10.298728942871094
1747273007.8894997,-3.9936894483999823,-2.044923781170927,7.766008377075195
1747273007.9147558,-3.996804475627051,-2.0424371034528823,9.258508682250977
1747273007.9379365,-4.001389620543815,-2.0428473880553426,7.888317108154297
1747273007.984928,-4.0067114840719675,-2.0426136974832985,16.02649688720703
1747273008.0383599,-4.007495264887575,-2.041162858699448,31.446456909179688
1747273008.087766,-4.011384756698883,-2.043442866995442,10.222911834716797
1747273008.1214108,-4.011328337148181,-2.041514471381621,18.30744743347168
1747273008.1710954,-4.012306149847202,-2.0426180683690167,26.44062042236328
1747273008.2223167,-4.014536929441042,-2.0428976097911153,30.052661895751953
1747273008.2713048,-4.015940042141462,-2.038788703229438,18.362998962402344
1747273008.306925,-4.022129950101232,-2.041154970162739,13.596057891845703
1747273008.3290007,-4.024831894076801,-2.0354388987702388,9.234189987182617
1747273008.348816,-4.021045468586269,-2.035521920630484,9.463310241699219
1747273008.368895,-4.021982595559752,-2.038387479623754,9.538412094116211
1747273008.3897848,-4.025432358243857,-2.0372408147840986,6.484270095825195
1747273008.412488,-4.0276317860876265,-2.0392084413107217,7.154226303100586
1747273008.4329386,-4.027408010234803,-2.037630655228145,7.104396820068359
1747273008.4589448,-4.023872190193196,-2.0371607397663745,12.335062026977539
1747273008.4801204,-4.021136362017952,-2.0391324808513116,7.619380950927734
1747273008.5271342,-4.019626699899183,-2.042343451813859,27.21858024597168
1747273008.5881805,-4.0214823234951265,-2.0414476857950565,36.31901741027832
1747273008.6334796,-4.024396827374786,-2.0418329263493264,24.63531494140625
1747273008.6791143,-4.026786500227013,-2.043345064314801,24.2459774017334
1747273008.7221274,-4.026820114029464,-2.043161446907461,29.404640197753906
1747273008.782055,-4.029164102584053,-2.0428637885089707,41.57304763793945
1747273008.8427503,-4.02905993113392,-2.04847275303301,32.23776817321777
1747273008.9015296,-4.027504207979687,-2.052739837306117,30.773639678955078
1747273008.929121,-4.029337362445146,-2.0550506344719732,9.507417678833008
1747273008.9499254,-4.029559635566118,-2.055376363447445,10.133504867553711
1747273008.9713888,-4.028343177586722,-2.055389375040664,7.9936981201171875
1747273009.0031466,-4.0304662699266,-2.0540990654412226,17.674684524536133
1747273009.0300078,-4.023628681406089,-2.057435535978021,9.851455688476562
1747273009.0659578,-4.0285532170811535,-2.0538998128154247,20.486831665039062
1747273009.0909734,-4.030315101029805,-2.0501748322327136,8.206844329833984
1747273009.1177213,-4.036241755090381,-2.0484581781593203,12.385845184326172
1747273009.1463895,-4.038206994263584,-2.053418675467193,8.202314376831055
1747273009.1878262,-4.035119521141989,-2.0514668308734576,21.945953369140625
1747273009.2278383,-4.0332764480450685,-2.0501609908115026,17.228364944458008
1747273009.3022642,-4.031684340426383,-2.0528878363362173,48.880577087402344
1747273009.362515,-4.032026684923135,-2.0533404680127396,46.07057571411133
1747273009.4167278,-4.032115748202513,-2.0518439213834667,27.51445770263672
1747273009.4661167,-4.029700787891333,-2.0531067997261028,28.111696243286133
1747273009.5099063,-4.0293387959876625,-2.053661954021603,31.708717346191406
1747273009.5738156,-4.030343565230846,-2.0545616579115915,28.276681900024414
1747273009.627841,-4.029456019671155,-2.057496037331191,32.87243843078613
1747273009.6878593,-4.026344920422675,-2.056643437230667,34.19756889343262
1747273009.7104824,-4.025777393221917,-2.055688359022951,8.046627044677734
1747273009.7322469,-4.024403383151439,-2.055772990258084,9.440183639526367
1747273009.754467,-4.027459010398941,-2.0578008339350213,10.30421257019043
1747273009.7796433,-4.027541541437659,-2.053454538283926,13.670921325683594
1747273009.8026938,-4.031031852401679,-2.0532720312032233,9.142398834228516
1747273009.8350666,-4.030356348560744,-2.0543184154796092,18.37635040283203
1747273009.8741083,-4.032911861930614,-2.052421235900913,14.688968658447266
1747273009.9305427,-4.033085066683778,-2.0495030806416845,26.905536651611328
1747273009.9752233,-4.034417301372819,-2.0518523636409918,12.63427734375
1747273010.0004954,-4.038529920006283,-2.0499348255940353,8.128881454467773
1747273010.0842955,-4.039377584368478,-2.0495155582731237,43.94125938415527
1747273010.1315577,-4.040779582869462,-2.0496592884661937,20.723819732666016
1747273010.2114806,-4.044000641921285,-2.047354374130844,22.576093673706055
1747273010.2331722,-4.046116596979507,-2.0440938941307243,7.152795791625977
1747273010.2586024,-4.0422038700146175,-2.047946789132807,11.844158172607422
1747273010.2885723,-4.044995649656995,-2.04399952427416,10.248661041259766
1747273010.314743,-4.044943850761274,-2.042704827563213,11.406183242797852
1747273010.3369632,-4.045624789740781,-2.044884676237814,6.804227828979492
1747273010.3638616,-4.042256810737001,-2.043307899425101,12.429952621459961
1747273010.3960745,-4.037894768461548,-2.0467414646443247,13.173818588256836
1747273010.4344246,-4.041210817869192,-2.0434825020062135,16.628742218017578
1747273010.494617,-4.040142262186573,-2.0397580953032852,32.33933448791504
1747273010.5197582,-4.036661082825098,-2.041540023553477,8.180379867553711
1747273010.5456653,-4.034661597929231,-2.043066127173388,12.014627456665039
1747273010.5991147,-4.026493733997087,-2.04239566341446,34.558773040771484
1747273010.6511276,-4.020770961611199,-2.0375843544878367,18.962383270263672
1747273010.7038584,-4.013941005200593,-2.029000950981262,22.408723831176758
1747273010.7405372,-4.0055407756514,-2.0301558807790463,14.312267303466797
1747273010.7784405,-4.003719064054633,-2.033649504863723,14.778375625610352
1747273010.8208396,-3.9925403925589116,-2.0312181903055535,19.141674041748047
1747273010.89506,-3.9870988345910408,-2.037919922447054,41.098833084106445
1747273010.9353976,-3.996201276351104,-2.042181901857938,28.9456844329834
1747273010.9553692,-3.9972428777484645,-2.0377504604422043,9.512662887573242
1747273010.9971812,-4.005906985507943,-2.042619455052769,12.743473052978516
1747273011.0427747,-4.012065203323976,-2.045872693843997,18.04518699645996
1747273011.092662,-4.022439458137454,-2.052748864843398,23.991107940673828
1747273011.1510994,-4.045564491517608,-2.06332774637153,30.15446662902832
1747273011.203157,-4.060881529049664,-2.0742900677376634,40.40050506591797
1747273011.2247734,-4.082754805010771,-2.0847794843249563,10.698556900024414
1747273011.2847815,-4.114124779548133,-2.0904814464143286,16.294002532958984
1747273011.328406,-4.125233774358704,-2.0764098232573627,18.939733505249023
1747273011.3659642,-4.154666448834845,-2.1034862267437333,13.109922409057617
1747273011.4179075,-4.191321576806815,-2.122408004607804,20.83110809326172
1747273011.4872968,-4.229246406500425,-2.1487496294089814,38.41352462768555
1747273011.5636961,-4.265686689787425,-2.1579672343658167,21.030426025390625
1747273011.630027,-4.300745213284625,-2.1509103796776117,27.278661727905273
1747273011.784664,-4.397613601427231,-2.1649306197645672,11.194705963134766
1747273011.8133242,-4.420257135641101,-2.1602349309589814,13.444900512695312
1747273011.838982,-4.4340703100424985,-2.1539027584574884,8.961915969848633
1747273011.869452,-4.429187817063301,-2.1519413486441463,13.552665710449219
1747273011.8931315,-4.437610523061919,-2.1695073299342593,11.229515075683594
1747273011.9197974,-4.463105532660983,-2.199218291906112,8.534431457519531
1747273011.9461305,-4.498653633998377,-2.1862606961157574,9.259939193725586
1747273011.9791741,-4.535569616830332,-2.182221059738092,15.192031860351562
1747273012.0087724,-4.540467397126296,-2.169433478966229,11.452674865722656
1747273012.043275,-4.5424359949491375,-2.139145021501572,21.764039993286133
1747273012.0670748,-4.556373886168657,-2.0957224026960657,13.007640838623047
1747273012.0900629,-4.564500532099424,-2.0575241786670593,10.153532028198242
1747273012.123204,-4.53900760267778,-1.9716097140859559,17.873525619506836
1747273012.1496713,-4.598197583686325,-2.028548911117603,9.060144424438477
1747273012.1711004,-4.613039387500022,-2.051721954512278,8.239030838012695
1747273012.1990921,-4.627375028410999,-2.066568401394588,14.436006546020508
1747273012.2261827,-4.615790959092628,-2.055761523682091,10.439395904541016
1747273012.2764757,-4.582508853400349,-1.9853962898285538,18.151044845581055
1747273012.3453417,-4.5882040800263955,-1.9942094631178908,31.449079513549805
1747273012.4043133,-4.581111056202631,-2.0232197480816243,14.153003692626953
1747273012.4269779,-4.565932736611598,-1.9931671670341935,10.1470947265625
1747273012.4635854,-4.379855439089362,-1.6248633461108397,24.609088897705078
1747273012.491245,-3.7476450910690153,-0.5298066303890512,13.857603073120117
1747273012.5263739,-3.639257642583926,-0.3278617589932359,14.05644416809082
1747273012.5711508,-3.636176610509342,-0.32106533055021813,30.464887619018555
1747273012.6074035,-3.6335401983548117,-0.31846139655887445,22.95541763305664
1747273012.6592634,-3.6264286979784557,-0.3191531344243689,31.69393539428711
1747273012.7110956,-3.622551397005907,-0.3178189037571705,34.87586975097656
1747273012.767103,-3.6199454016353156,-0.31704682892887687,32.51028060913086
1747273012.8283904,-3.622571743926422,-0.3160850276063011,38.60354423522949
1747273012.8884168,-3.6188421920427682,-0.31754258284522485,38.04469108581543
1747273012.9418247,-3.617450121570275,-0.3169310321921559,29.231786727905273
1747273013.0017433,-3.616739098048937,-0.3151364967841077,31.473159790039062
1747273013.0655253,-3.6175714264049486,-0.3093738775496076,29.309988021850586
1747273013.095261,-3.6176213994246433,-0.30492710515918203,19.976377487182617
1747273013.1453004,-3.6137816161858223,-0.30048421495486505,24.242401123046875
1747273013.2171981,-3.6121914366351247,-0.2947628630425816,34.357547760009766
1747273013.2750747,-3.6045339090909847,-0.2918450728226707,46.8447208404541
1747273013.3231616,-3.586063974542029,-0.2895271448887141,36.79656982421875
1747273013.3870633,-3.5621967590733132,-0.27955383389895927,37.05549240112305
1747273013.4391348,-3.5143303626027844,-0.2455189647145084,40.41647911071777
1747273013.5030837,-3.5077306103499044,-0.2587081617523006,53.998708724975586
1747273013.5714447,-3.480464196862934,-0.26774544097704034,58.49909782409668
1747273013.626461,-3.427464671199976,-0.2642589869426142,28.86056900024414
1747273013.686334,-3.370141054251021,-0.2488123901335782,21.16227149963379
1747273013.7276077,-3.3425279145366456,-0.24329885753913877,21.021366119384766
1747273013.7650323,-3.3012971298238325,-0.25136650410846034,15.34414291381836
1747273013.8073375,-3.255441209827275,-0.26573207929788556,21.297454833984375
1747273013.8647752,-3.195551858321176,-0.2669538262741164,38.47861289978027
1747273013.9064136,-3.1286098423487925,-0.2786933010497622,21.462678909301758
1747273013.9517972,-3.106249249043312,-0.28158279631309224,26.374340057373047
1747273014.032405,-3.023926717983128,-0.29254755179909764,40.01355171203613
1747273014.1285584,-2.877811248231456,-0.32989457704482406,27.194499969482422
1747273014.187648,-2.8191918502716176,-0.34730897920474146,18.622875213623047
1747273014.2202065,-2.789988657321561,-0.35966889257506707,18.79143714904785
1747273014.2554078,-2.791361571315815,-0.35365457689057345,21.655559539794922
1747273014.3209255,-2.7234848340458457,-0.3614846452711,26.990652084350586
1747273014.3793411,-2.6275120913943075,-0.4047116172566102,22.99046516418457
1747273014.4463942,-2.545187607803835,-0.4368708630495652,28.600692749023438
1747273014.5112865,-2.4987149769487544,-0.44006318621219775,37.886857986450195
1747273014.5371237,-2.4444210403924984,-0.4273994069389762,14.85896110534668
1747273014.6030996,-2.409120771373474,-0.41829777579139965,27.669191360473633
1747273014.689475,-2.312586969901102,-0.3981051065815905,24.715185165405273
1747273014.7314923,-2.270562987963169,-0.38087730019943133,17.638444900512695
1747273014.8205488,-2.199759169729445,-0.3541795049236661,40.21644592285156
1747273014.883507,-2.1223834545272147,-0.31198117011517496,33.48851203918457
1747273014.9592485,-2.021004198389788,-0.25714466798831587,34.99722480773926
1747273015.0182686,-2.011553326995953,-0.2676455404114138,22.374391555786133
1747273015.0630708,-1.9574838197450997,-0.2261458551994057,31.42070770263672
1747273015.0962484,-1.8921084033221671,-0.20321343490797475,16.25227928161621
1747273015.1290462,-1.8704482918485987,-0.1950360355331205,14.28079605102539
1747273015.163145,-1.817814842944542,-0.18164169236929348,16.95871353149414
1747273015.1898975,-1.7779981808569978,-0.17262207075394626,15.982866287231445
1747273015.2488205,-1.7254812876682954,-0.16264882897888516,21.91925048828125
1747273015.3016953,-1.685693493681172,-0.15687698874311276,24.112939834594727
1747273015.357171,-1.5936649143551387,-0.14664322403444402,19.707441329956055
1747273015.389264,-1.5689798859985502,-0.14349782588689114,16.115903854370117
1747273015.4160101,-1.518058752343571,-0.1362559962800036,16.779422760009766
1747273015.4612162,-1.4790906668411328,-0.13257807885209444,20.807981491088867
1747273015.5112157,-1.4275754893370038,-0.12924717108451783,19.713878631591797
1747273015.56892,-1.3612325025128782,-0.12551720548151252,26.74722671508789
1747273015.6241465,-1.2955421487965362,-0.11721942629484544,24.039268493652344
1747273015.681297,-1.2292570167182733,-0.1122384678267266,25.25925636291504
1747273015.7163723,-1.1865745087310533,-0.10954371206139035,12.166023254394531
1747273015.7408292,-1.1663198933795667,-0.10401798113653209,12.782096862792969
1747273015.7639086,-1.1236038075582433,-0.10278698041556486,11.574745178222656
1747273015.7886147,-1.0967215143042064,-0.1000800330792484,10.639667510986328
1747273015.8125336,-1.073155472926521,-0.10146378187850905,13.609647750854492
1747273015.8359709,-1.055223679133596,-0.096330811490853,11.25645637512207
1747273015.8874276,-1.0097275350667505,-0.09238875139792865,23.580074310302734
1747273015.9263966,-0.964675450169297,-0.08478489108668419,13.044357299804688
1747273015.9538252,-0.9229373484262449,-0.07675097544916315,9.038209915161133
1747273015.996307,-0.8873967580092856,-0.07042675713084794,17.08531379699707
1747273016.0210128,-0.8696589507373427,-0.06798478052022322,9.274959564208984
1747273016.0397055,-0.8496512737541346,-0.0705783417702586,9.078025817871094
1747273016.0942013,-0.780502083527115,-0.06738033603163386,15.805482864379883
1747273016.1355307,-0.7592210403733932,-0.061421711257625335,20.210742950439453
1747273016.1707404,-0.7291679272605542,-0.05219497255182015,21.72231674194336
1747273016.2127047,-0.6830381289101028,-0.033355276595311185,22.21059799194336
1747273016.2490864,-0.6450951354753891,-0.031951612445375054,21.41284942626953
1747273016.300053,-0.5880591111161342,-0.008866728642987633,19.30403709411621
1747273016.3311982,-0.5575201507976527,0.0026427660270821347,14.858245849609375
1747273016.3494995,-0.5240173672490787,0.02184507096307256,8.520841598510742
1747273016.3808756,-0.5051526089410971,0.02198357753900383,10.93292236328125
1747273016.41186,-0.46259764770290107,0.04195674193874493,11.145591735839844
1747273016.4361968,-0.44397161223661785,0.0508298057804279,9.392023086547852
1747273016.4564,-0.422424123498376,0.04894064466240248,7.035493850708008
1747273016.4875638,-0.40878554664157624,0.05945865338856696,21.26002311706543
1747273016.5345745,-0.382504861184996,0.07246375229354568,23.096799850463867
1747273016.5637856,-0.3499496839668449,0.0863970117368796,11.899232864379883
1747273016.603605,-0.3323202750300629,0.08869347708185221,11.833906173706055
1747273016.6316764,-0.3171603702676369,0.09818624427898696,12.476682662963867
1747273016.6529233,-0.3090539645012984,0.09687375101662397,7.745027542114258
1747273016.701021,-0.3027318646540458,0.0975148063397307,32.909393310546875
1747273016.8379831,-0.27229948346157246,0.10023010935064716,23.374080657958984
1747273016.8634768,-0.2714648617823643,0.1049925195676817,14.20140266418457
1747273016.8870933,-0.27977275907722327,0.10976204825686059,13.72838020324707
1747273016.9046683,-0.2799116769776571,0.11342546508129718,6.943941116333008
1747273016.923384,-0.2794554825357258,0.11404055899641427,7.666587829589844
1747273016.9447114,-0.2834132215530555,0.11568380323659862,7.154703140258789
1747273016.9656372,-0.2853314942226388,0.11616687848312665,8.929014205932617
1747273016.991158,-0.28389256120305656,0.11730384652327494,14.297962188720703
1747273017.010553,-0.283963485012059,0.1208891382887888,7.925748825073242
1747273017.036386,-0.2788001904024163,0.12025701408628449,8.625030517578125
1747273017.0559454,-0.27779593013683723,0.1151280125660241,7.322788238525391
1747273017.074241,-0.27778465253344353,0.10926786648472898,6.289243698120117
1747273017.1032262,-0.2733377364742934,0.10428745386620067,17.584562301635742
1747273017.1311417,-0.27489465985046657,0.09954847718726853,16.381025314331055
1747273017.1593385,-0.28020602625246727,0.10367602403451115,15.455245971679688
1747273017.1800723,-0.28085387892925484,0.10925158001995275,7.0438385009765625
1747273017.2136157,-0.28481045373698105,0.11131762624745808,20.64204216003418
1747273017.2376914,-0.28441745778468686,0.117061966570778,11.127471923828125
1747273017.2673817,-0.28812210210103073,0.1214694811370654,14.73093032836914
1747273017.346311,-0.28744038655043924,0.11717145741459803,27.768611907958984
1747273017.3988004,-0.285475432788077,0.11113180144925437,22.128820419311523
1747273017.4623957,-0.28238706114643664,0.10656940283666341,30.414104461669922
1747273017.5091023,-0.2737393120714461,0.10297758682504882,24.72543716430664
1747273017.559114,-0.27808232281873413,0.1085797874730936,21.919727325439453
1747273017.6132941,-0.2689514310470629,0.10283573819040953,25.22420883178711
1747273017.6633308,-0.27268870327422823,0.10943382378045695,20.780086517333984
1747273017.6834135,-0.2710250093164095,0.10288902186952657,9.444236755371094
1747273017.7081268,-0.27170339071239435,0.09820481910097338,9.675025939941406
1747273017.7336884,-0.2762944302429483,0.10437235990302905,10.093927383422852
1747273017.7630847,-0.27919685824893775,0.10830158291634864,9.971857070922852
1747273017.8028448,-0.2806974142397147,0.11234662991294402,26.286840438842773
1747273017.8299031,-0.28645726855777415,0.11507005205735547,13.393878936767578
1747273017.8591769,-0.2922047702357229,0.11724316927631881,15.488386154174805
1747273017.915529,-0.3057043363929501,0.12377911620430782,31.072616577148438
1747273017.9604251,-0.32354223202046595,0.13964567385972865,25.145530700683594
1747273018.0224884,-0.3546262727948448,0.14992510681268742,32.39703178405762
1747273018.0750554,-0.3725297691132382,0.16212624187997896,29.994964599609375
1747273018.116607,-0.3900110133131299,0.1751286211548172,19.040346145629883
1747273018.1489563,-0.40062385161513037,0.18372384910510922,18.949508666992188
1747273018.1870968,-0.41201469838753846,0.19197863266219373,7.221698760986328
1747273018.21023,-0.4183722230171365,0.19349638567918287,10.515451431274414
1747273018.2331583,-0.42734722003548986,0.19951024280624363,9.372472763061523
1747273018.255894,-0.4239715210732986,0.20204193980567525,8.566141128540039
1747273018.2836792,-0.4262592473896992,0.19336492107504433,16.87312126159668
1747273018.3046153,-0.42346361636100804,0.18994831498448855,8.339643478393555
1747273018.3285663,-0.42628751239296453,0.18597663715755886,11.133909225463867
1747273018.3643954,-0.42911216439789523,0.19467794241171288,19.871234893798828
1747273018.3917437,-0.437417040084463,0.19953624230257355,8.157014846801758
1747273018.4296577,-0.4342051469764272,0.19488607916112757,23.764848709106445
1747273018.4759536,-0.4293559284792633,0.1956125171240193,12.436628341674805
1747273018.5316842,-0.43691849763819796,0.20611715282064486,20.238876342773438
1747273018.5724978,-0.43976959321216724,0.21072030545107884,14.345645904541016
1747273018.6071029,-0.44696108558468606,0.21056123614152505,15.761852264404297
1747273018.6779153,-0.439668322290441,0.20957272350144684,43.120622634887695
1747273018.727113,-0.4382050223471856,0.20950677171157617,37.43314743041992
1747273018.7473435,-0.4381282212481669,0.21353221439574577,8.481025695800781
1747273018.7950692,-0.44771829185774537,0.22191771445411151,36.6671085357666
1747273018.839138,-0.44799100759025373,0.22657118843240814,32.216787338256836
1747273018.8951125,-0.45073750548111313,0.23364558432162386,29.552698135375977
1747273018.9597564,-0.45031816318815865,0.23622260913698417,30.738115310668945
1747273019.033078,-0.4551474675212958,0.238994594357111,11.382102966308594
1747273019.0683923,-0.4570471815855758,0.23736492248046548,14.713525772094727
1747273019.13651,-0.45596198079442113,0.23506367695631022,15.90728759765625
1747273019.1740234,-0.4570322569795351,0.23512271194416262,6.578922271728516
1747273019.2038953,-0.45518063340746584,0.22926999156734643,7.87806510925293
1747273019.2240756,-0.4591884221855337,0.22520676549836574,8.57853889465332
1747273019.2726274,-0.46446545723795096,0.22821298352955016,25.365829467773438
1747273019.3468833,-0.46789499788851346,0.2348660379592647,18.759727478027344
1747273019.418022,-0.4654518378508965,0.2322147140380801,34.38282012939453
1747273019.491311,-0.4630705656916836,0.2302953184195202,33.53381156921387
1747273019.5500977,-0.46596965035027693,0.23299104393119427,41.20349884033203
1747273019.5882773,-0.4729373963428635,0.2319147937066395,21.428346633911133
1747273019.6246166,-0.47593123087367967,0.23174657612238947,10.831117630004883
1747273019.677331,-0.47934329318800434,0.22892348760591855,27.428150177001953
1747273019.7253265,-0.4847634373652407,0.22689416362176743,16.10088348388672
1747273019.764802,-0.4854118210243747,0.22991680767420716,13.476371765136719
1747273019.833388,-0.4966021949631574,0.23295256999714928,17.920255661010742
1747273019.8704674,-0.49947677618347386,0.235087841759829,14.534235000610352
1747273019.8995159,-0.4931157975698866,0.22402511393092284,19.310474395751953
1747273019.9380217,-0.4919916844724317,0.22625683644230957,9.426355361938477
1747273020.0115104,-0.4922378448216329,0.22722008453920858,43.8077449798584
1747273020.0462112,-0.49008732118508325,0.22842169825655884,15.704631805419922
1747273020.0952194,-0.48943441997300263,0.22573667518115528,31.49104118347168
1747273020.155357,-0.4872824458358026,0.22043367255259125,41.700124740600586
1747273020.2232554,-0.48317108035339096,0.22220671827407826,19.256114959716797
1747273020.2673142,-0.4838093618748802,0.2209723441121769,27.293682098388672
1747273020.2879415,-0.47731383346412726,0.2227830377206288,9.829282760620117
1747273020.3234756,-0.4710048705538334,0.21722709229201342,13.564586639404297
1747273020.3704085,-0.4685307113774564,0.2194413429519948,17.781496047973633
1747273020.4225876,-0.4716774363554015,0.2219302432133886,15.926361083984375
1747273020.470394,-0.4738990592201049,0.22391965051600982,15.631437301635742
1747273020.5181675,-0.46872552657482613,0.21584536698413476,19.86551284790039
1747273020.5622015,-0.4685494111285876,0.2180289566412729,14.048337936401367
1747273020.6041615,-0.47243030008743603,0.21969893096957344,17.4868106842041
1747273020.6474009,-0.47397342179409424,0.2231368486047577,18.51654052734375
1747273020.6935117,-0.47750797236198106,0.2178118520200656,14.547348022460938
1747273020.74518,-0.475036169350406,0.211042059280496,15.684366226196289
1747273020.792109,-0.48197223870146905,0.20956667194780193,18.273353576660156
1747273020.8495388,-0.4831110539239049,0.20402490172440518,19.33908462524414
1747273020.9038908,-0.48229767270638296,0.20504566623830503,14.357328414916992
1747273020.951065,-0.481119934545425,0.20344662006185865,16.694068908691406
1747273020.990364,-0.4742189266524343,0.1965590639012098,13.457059860229492
1747273021.0302527,-0.47401719615208554,0.19780095608464204,13.570547103881836
1747273021.0625076,-0.4669222887270794,0.19124998662546933,9.084463119506836
1747273021.0851638,-0.45938827689640893,0.18819933865930097,12.157678604125977
1747273021.1034083,-0.46285547506834496,0.19047653982535231,7.893085479736328
1747273021.1273978,-0.46882986097895163,0.2014335628502978,14.056682586669922
1747273021.1652775,-0.4688187433971957,0.20008703883423162,12.598037719726562
1747273021.2095037,-0.4635113031403619,0.19630102582324072,15.445232391357422
1747273021.263165,-0.46255956265934817,0.1912031385455943,18.603801727294922
1747273021.3130774,-0.4559333144375827,0.1889194872846375,18.347501754760742
1747273021.3832135,-0.4617955791603483,0.18571659018427214,25.06089210510254
1747273021.422712,-0.46104256826760703,0.18671746691651891,16.991138458251953
1747273021.4661212,-0.45667012808193197,0.17865421150406469,16.729354858398438
1747273021.5193262,-0.45546416277092905,0.17801583522057327,16.042709350585938
1747273021.5736048,-0.463505491030859,0.17740302671595626,15.545845031738281
1747273021.6255555,-0.463444776548124,0.18314792580583067,17.06981658935547
1747273021.6705825,-0.4633273482884883,0.18160856067385578,15.78664779663086
1747273021.7243075,-0.46204530022046264,0.185674481474583,29.5870304107666
1747273021.8443081,-0.4631546137046789,0.18622090230745392,8.851289749145508
1747273021.8714137,-0.4562090332437667,0.17363122479624044,13.340473175048828
1747273021.9055872,-0.45544506086541886,0.17233396299648102,20.477771759033203
1747273021.9411464,-0.46540297882715054,0.1752957576512519,10.583162307739258
1747273021.97861,-0.46405663284256404,0.1708100495546784,13.597965240478516
1747273022.011205,-0.46574199951413264,0.17522189807411856,17.827272415161133
1747273022.0627253,-0.4675026700387594,0.1786046518469507,26.031970977783203
1747273022.1243658,-0.4693300625873996,0.17401920138326027,24.811983108520508
1747273022.167654,-0.46380937068504635,0.17550237430561613,19.536972045898438
1747273022.2471423,-0.4668174862560327,0.1647195870040893,13.972759246826172
1747273022.2968893,-0.46512597463190825,0.16422753244566776,20.4465389251709
1747273022.3865945,-0.46851430435067865,0.16559268861284532,60.0886344909668
1747273022.4598923,-0.4752521779012061,0.1678110368038373,21.14725112915039
1747273022.5033262,-0.4859694280669729,0.16509673749528975,24.364709854125977
1747273022.5767555,-0.48410268267771733,0.17492204776102993,14.174222946166992
1747273022.6113243,-0.4819477148641286,0.18040468088632405,9.666204452514648
1747273022.662334,-0.48518496555712953,0.18428556712838917,18.175363540649414
1747273022.6896355,-0.4882559264892816,0.1968490040033578,16.17908477783203
1747273022.7102077,-0.47704055275271523,0.1946990870642666,10.268688201904297
1747273022.7399797,-0.47795816879027214,0.19617186420764693,16.266345977783203
1747273022.7918744,-0.4850653168705299,0.19890171341151458,18.863439559936523
1747273022.821769,-0.4814078421395934,0.197761314902985,14.245986938476562
1747273022.8767207,-0.47338194854825444,0.19900473921574507,19.097566604614258
1747273022.899795,-0.4773436316830967,0.19715930649767766,11.87896728515625
1747273022.9594536,-0.4700704138371997,0.19485417471039032,25.107145309448242
1747273023.0166693,-0.4668927772965517,0.19516899957344977,16.045093536376953
1747273023.0697458,-0.47404777133890186,0.20068141173454349,17.490625381469727
1747273023.122935,-0.47352283932833406,0.2093258698886653,24.150371551513672
1747273023.2013283,-2.551250179899257,-7.14721486728492,30.54976463317871
1747273023.2366884,-2.7027623855203653,-7.138679328775076,16.90077781677246
1747273023.2767718,-2.566079305345352,-7.161728226207563,22.835493087768555
1747273023.305887,-2.534511731377801,-7.193659725657103,15.569210052490234
1747273023.3394194,-2.530240578747908,-7.179028161742246,18.9664363861084
1747273023.377612,-2.5283940284449535,-7.170594338409459,23.56696128845215
1747273023.4529526,-2.5324548318132223,-7.18560327216228,46.83566093444824
1747273023.5046065,-2.5329024811428047,-7.187824614791033,25.040626525878906
1747273023.5662534,-2.5256799993522323,-7.1863639349815465,38.311004638671875
1747273023.6348248,-2.509411291305188,-7.180376050585652,25.321006774902344
1747273023.6758294,-2.522038925248699,-7.1764221347345645,29.999256134033203
1747273023.7439544,-2.52505610819398,-7.177181067817472,23.958444595336914
1747273023.7935221,-2.5259312210319913,-7.178382887605284,24.647951126098633
1747273023.8266573,-2.5224011312640684,-7.174238250077217,17.978668212890625
1747273023.883462,-2.524809001123412,-7.1786363487561236,23.586511611938477
1747273023.9957092,-2.517222444241326,-7.17246235565249,38.504600524902344
1747273024.0725005,-2.5145144644878563,-7.170821715992901,39.38722610473633
1747273024.0985005,-2.5129043975505647,-7.169750276759075,16.194581985473633
1747273024.124625,-2.5131557339781114,-7.168826508040286,16.21723175048828
1747273024.155147,-2.5143424510503305,-7.169750629944584,18.862247467041016
1747273024.1854258,-2.5211918369594852,-7.1713864486830845,17.042160034179688
1747273024.213856,-2.523493905078761,-7.172630895996415,18.7685489654541
1747273024.2544415,-2.521856911079973,-7.1704414591959456,20.569324493408203
1747273024.296404,-2.519002180434687,-7.169543813444753,24.57737922668457
1747273024.3513598,-2.5213863381455073,-7.1643438109592585,44.09503936767578
1747273024.4272144,-2.5282641370711865,-7.162421499486354,23.966550827026367
1747273024.4720368,-2.5234128638704294,-7.1733373493432975,30.73716163635254
1747273024.5194144,-2.5280180425410985,-7.168675725285753,21.916627883911133
1747273024.57264,-2.530399149604439,-7.166051667751681,26.787757873535156
1747273024.6094666,-2.5241400815641692,-7.171352800455136,20.197391510009766
1747273024.6558592,-2.518274918134943,-7.166428667901925,24.7342586517334
1747273024.685792,-2.5164790706546047,-7.163220285177897,17.09747314453125
1747273024.7196422,-2.518574683845789,-7.164469437362477,15.363216400146484
1747273024.7753634,-2.5236781427314408,-7.1579047849486095,21.879196166992188
1747273024.812206,-2.52561502342951,-7.154826773743513,23.960351943969727
1747273024.8638053,-2.52693054266348,-7.155274158128659,28.047800064086914
1747273024.9074621,-2.513762153596073,-7.157813172378772,20.333051681518555
1747273024.9415684,-2.5062872314600617,-7.15928912601605,22.73249626159668
1747273024.9928472,-2.5187568111661642,-7.164877582916448,26.73935890197754
1747273025.021585,-2.522653141758857,-7.169491261477271,18.001556396484375
1747273025.053782,-2.525431258699782,-7.17621199475039,18.468141555786133
1747273025.103733,-2.522348872988032,-7.1681428903656474,18.50605010986328
1747273025.1373477,-2.5232410421688685,-7.162012268466478,17.68803596496582
1747273025.190767,-2.527658840812391,-7.164961753409954,24.582862854003906
1747273025.2526996,-2.531697337830003,-7.169740476613253,30.970335006713867
1747273025.3003078,-2.52921577951265,-7.1643010745102425,19.02294158935547
1747273025.342523,-2.5288868283044437,-7.159411396584265,29.771804809570312
1747273025.395415,-2.5298642918157355,-7.1540124827576745,20.155906677246094
1747273025.4555779,-2.5363208771099544,-7.141900033855416,42.66929626464844
1747273025.5140555,-2.5462958240489932,-7.10018828996708,26.098012924194336
1747273025.5426497,-2.5483499343738436,-7.077336118344794,19.304275512695312
1747273025.57363,-2.5592342683512483,-7.055706862402782,16.52216911315918
1747273025.60775,-2.5628637987870926,-7.049730006410265,14.418601989746094
1747273025.6470795,-2.5757607848094923,-7.019215904090435,25.958776473999023
1747273025.7153141,-2.5821252491161704,-6.989978418638934,41.82600975036621
1747273025.762443,-2.610714232431544,-6.918844905404744,20.05314826965332
1747273025.799991,-2.620907647716929,-6.8996083140253015,26.05128288269043
1747273025.840417,-2.6300032983811317,-6.849208054579422,21.940946578979492
1747273025.901275,-2.6366486511877048,-6.798560208684622,34.745216369628906
1747273025.9667876,-2.66662947563548,-6.750620522174722,46.148061752319336
1747273026.036713,-2.6791374010854208,-6.706900654111459,43.99847984313965
1747273026.0964973,-2.7086429515665924,-6.6345904309383155,33.80537033081055
1747273026.1670692,-2.722675517379564,-6.601613496279208,33.368587493896484
1747273026.216687,-2.7328643868346867,-6.571504247865606,37.87374496459961
1747273026.2870712,-2.745815248529688,-6.544741129108967,39.88957405090332
1747273026.3466475,-2.7538403113220107,-6.525524409890602,47.03974723815918
1747273026.4270737,-2.751831009647641,-6.516227464009186,54.56233024597168
1747273026.4641378,-2.752864058156631,-6.51129166519498,23.64206314086914
1747273026.5470731,-2.7632590273253244,-6.511920401578922,68.76254081726074
1747273026.5951927,-2.771206001895395,-6.511904989103247,31.214237213134766
1747273026.655641,-2.7668335468296847,-6.515237317767866,33.94365310668945
1747273026.7108812,-2.7697461208906944,-6.520799082247632,26.251554489135742
1747273026.7421298,-2.7715711465014152,-6.523634599804376,14.927864074707031
1747273026.7944179,-2.772395665387177,-6.52482894539098,21.87800407409668
1747273026.9685268,-2.763209007420529,-6.515276550564384,13.737201690673828
1747273026.9926844,-2.7551155895162793,-6.505833774769233,14.661312103271484
1747273027.034058,-2.7676513275856083,-6.506775626191282,21.826982498168945
1747273027.0801823,-2.7734902963956434,-6.507708655925339,20.046472549438477
1747273027.1311238,-2.775887572109117,-6.50897470241189,24.639368057250977
1747273027.196266,-2.7680863472968973,-6.495714119936183,31.754016876220703
1747273027.2470715,-2.770606160426084,-6.50023958356803,27.094602584838867
1747273027.299759,-2.771226199200859,-6.508681243670946,26.652812957763672
1747273027.3636146,-2.766985273548841,-6.487556527105484,26.515483856201172
1747273027.4507697,-2.7709249998736527,-6.490918754010338,24.583101272583008
1747273027.4959404,-2.7649537852306385,-6.4783555238965365,26.192665100097656
1747273027.5311713,-2.7620970475587705,-6.468534928528189,24.213075637817383
1747273027.5659628,-2.7665928651027274,-6.436243788872954,18.76997947692871
1747273027.621117,-2.7673109135054936,-6.422495755355984,17.102956771850586
1747273027.6591084,-2.775772026068497,-6.415154477230606,22.536754608154297
1747273027.7013521,-2.780295904971638,-6.41567632767153,19.70839500427246
1747273027.728932,-2.784320788048866,-6.415788397140649,13.710975646972656
1747273027.7593865,-2.7833232169481494,-6.408488850342103,14.908552169799805
1747273027.8312426,-2.7815785580833867,-6.3908327943797785,30.709028244018555
1747273027.874761,-2.7827907251118043,-6.371433301067586,20.490407943725586
1747273027.9365392,-2.782567000979127,-6.366407960165702,36.75079345703125
1747273027.9907055,-2.787007394716437,-6.369569427012351,30.895471572875977
1747273028.0209033,-2.7765167139153832,-6.332904952085416,17.167329788208008
1747273028.047332,-2.7721399835448564,-6.314823484310801,13.245105743408203
1747273028.0747592,-2.7686489412079216,-6.319781589438336,14.12510871887207
1747273028.0997212,-2.7662276569708677,-6.33209869968516,14.031648635864258
1747273028.1317036,-2.7661861632114357,-6.344201000612357,18.998146057128906
1747273028.1908662,-2.771464824007946,-6.33980632764609,36.32378578186035
1747273028.253688,-2.7869864901819614,-6.335205297481581,33.39886665344238
1747273028.3048966,-2.774902692491,-6.33232670657529,33.08892250061035
1747273028.370626,-2.775868587871708,-6.331006213412639,36.70048713684082
1747273028.430044,-2.7796781198445064,-6.334223221003947,38.88559341430664
1747273028.489613,-2.7733587709761096,-6.32146588668255,35.64310073852539
1747273028.5495937,-2.7823485220012714,-6.2998243653726655,28.844594955444336
1747273028.6096287,-2.785828346309857,-6.288147868705126,35.22801399230957
1747273028.667136,-2.7950139946509873,-6.249869775628648,30.032873153686523
1747273028.733348,-2.8117870515314873,-6.23362177341253,38.930416107177734
1747273028.7795544,-2.828245479617329,-6.159253050785668,24.16253089904785
1747273028.8311565,-2.854747254837426,-6.1026225515557035,29.887676239013672
1747273028.8681693,-2.874909845871066,-6.033445046364479,15.52581787109375
1747273028.91124,-2.8840700614160655,-5.964757489742519,21.355867385864258
1747273028.9713383,-2.898272879475879,-5.879282423586349,23.10657501220703
1747273029.0707777,-2.923107819403879,-5.717409630828473,30.083894729614258
1747273029.11411,-2.948303307891724,-5.6098696164366295,25.538206100463867
1747273029.1809068,-2.9660490797910914,-5.536443486380695,47.577619552612305
1747273029.2507796,-2.9653928998984838,-5.411067009065128,49.61729049682617
1747273029.3120897,-2.960144340656186,-5.161765736360896,24.581193923950195
1747273029.364307,-2.9549172999726996,-5.054629649413853,38.92111778259277
1747273029.4373024,-2.9081324838866824,-4.8539112291502775,29.130220413208008
1747273029.4899669,-2.889211601596953,-4.756499639278262,35.74800491333008
1747273029.541298,-2.8646332248681063,-4.618919936107809,26.387929916381836
1747273029.575379,-2.834360140674074,-4.487964182725301,15.199899673461914
1747273029.6074882,-2.832883930038316,-4.450385563853584,19.399404525756836
1747273029.6388707,-2.800184293852137,-4.312716142035425,16.302108764648438
1747273029.6845305,-2.7772682035715293,-4.192573340656281,26.702165603637695
1747273029.7189662,-2.746151312917846,-4.0603471868153695,16.733646392822266
1747273029.755147,-2.6962623530499066,-3.922829131963277,19.67787742614746
1747273029.7994287,-2.687360001185111,-3.8587752376162956,31.597375869750977
1747273029.8625512,-2.579309183278074,-3.608126085910982,19.679546356201172
1747273029.9031515,-2.5133306224769614,-3.453734566265721,24.249792098999023
1747273030.0012007,-2.427728046145225,-3.3002852910750478,67.67916679382324
1747273030.0360003,-2.2807306793660564,-2.964093708122478,15.664815902709961
1747273030.097697,-2.211907089043371,-2.802152949045091,37.31656074523926
1747273030.15849,-2.091206253274888,-2.596774422094733,35.0797176361084
1747273030.2262366,-1.9621348252539281,-2.387656593113327,42.79947280883789
1747273030.2956376,-1.843261247498268,-2.214931868472082,38.945674896240234
1747273030.372934,-1.5836386990131086,-1.9359893425188872,20.310640335083008
1747273030.4159052,-1.615966553078902,-1.7234276212856803,23.46634864807129
1747273030.5135188,-1.3961559684854357,-1.419345943919506,26.998519897460938
1747273030.5520825,-1.2883881586878452,-1.3383145431951255,29.384136199951172
1747273030.609237,-1.2183057967517965,-1.219841880564677,31.696796417236328
1747273030.6643896,-1.091568241365958,-1.0454184934316064,35.33506393432617
1747273030.7242734,-1.0112497821230786,-0.9616495516338979,39.719343185424805
1747273030.7909925,-0.9329680043793225,-0.8561020411290335,45.5319881439209
1747273030.8555152,-0.9472112699586861,-0.8208967643372683,38.81978988647461
1747273030.8887722,-0.9944873338894303,-0.821321382564855,18.863201141357422
1747273030.9463701,-1.0177481997187858,-0.8177046832109345,32.69386291503906
1747273031.012066,-1.0043532063417824,-0.8089574878498401,45.65930366516113
1747273031.0552456,-0.9812894717809069,-0.801079101050663,21.78215980529785
1747273031.1152327,-0.9599090580453904,-0.7930152352819669,30.6246280670166
1747273031.1681461,-0.8387126075916609,-0.764946629863479,26.385068893432617
1747273031.2442908,-0.8379272071163566,-0.7628316858799188,23.190975189208984
1747273031.3020792,-0.830128746729272,-0.7597396973324538,35.87961196899414
1747273031.3595052,-0.7947294441568944,-0.7482350219711553,25.928974151611328
1747273031.403304,-0.7208434623978358,-0.7118209700429162,23.92888069152832
1747273031.4319775,-0.6850391994863672,-0.6910514757896702,19.235610961914062
1747273031.4995098,-0.6810944726951568,-0.6842926666107407,32.52410888671875
1747273031.5717478,-0.6863728869864472,-0.6811624762300375,31.95977210998535
1747273031.6513906,-0.6785880775945063,-0.6751360440941001,37.606000900268555
1747273031.7083478,-0.6739770537233212,-0.6750882074891263,47.01566696166992
1747273031.7915955,-0.682905572951184,-0.6732229768724944,54.50725555419922
1747273031.8394904,-0.6858782294814739,-0.680327530044176,36.756038665771484
1747273031.8773463,-0.6950100330040747,-0.682851907004627,28.048276901245117
1747273032.009176,-0.7087357063581723,-0.7021157861069819,13.051271438598633
1747273032.05966,-0.7096989333488145,-0.7093997744482812,20.500898361206055
1747273032.1131074,-0.7112024814363702,-0.7196211761297333,25.52175521850586
1747273032.2021945,-0.7341416754510579,-0.7478074286769638,35.52126884460449
1747273032.2632623,-0.7622671278215645,-0.7804226717973197,34.079551696777344
1747273032.3589377,-0.8226741880733449,-0.8304224436559451,20.231962203979492
1747273032.4075158,-0.7713792375532477,-0.8277099320339959,28.738021850585938
1747273032.4992967,-0.8186012153151072,-0.8694166821123548,24.34253692626953
1747273032.554515,-0.8987613931699399,-0.9316199035878076,30.532121658325195
1747273032.6289642,-0.9733776108092274,-0.9797817969688454,20.917415618896484
1747273032.6602576,-1.0022742225132835,-1.0352692666363148,19.080162048339844
1747273032.7189028,-0.940060967786658,-1.0629629050620617,25.325775146484375
1747273032.780703,-0.955599850652546,-1.0978685184439616,24.662256240844727
1747273032.8445904,-0.9842141880126098,-1.11754166751714,38.50102424621582
1747273032.892243,-1.0239218866032949,-1.1512026423796806,23.218870162963867
1747273032.9632459,-1.0585749377289513,-1.1886148693995484,24.053573608398438
1747273033.0032618,-1.0799680643743774,-1.2072668209241584,18.211841583251953
1747273033.0712094,-1.100042988567701,-1.217927430038619,44.73876953125
1747273033.1376474,-1.0980107429543018,-1.235037284288879,44.48390007019043
1747273033.179523,-1.1183668050820954,-1.2441596686829006,16.100168228149414
1747273033.2092085,-1.1339813859161514,-1.243597515979013,19.70672607421875
1747273033.2590857,-1.1529029912607944,-1.2429847896877138,20.34282684326172
1747273033.3120067,-1.1950520721473001,-1.260033799250391,23.025989532470703
1747273033.3768291,-1.2266650601604783,-1.279709770202086,28.570175170898438
1747273033.4432058,-1.2507263316908974,-1.2963866569703895,28.853893280029297
1747273033.5296786,-1.299539114124952,-1.339087440835911,24.791717529296875
1747273033.5751116,-1.328031664294961,-1.3595506415986927,28.562068939208984
1747273033.6350672,-1.344959827260206,-1.3790559027075764,27.63819694519043
1747273033.6753418,-1.3805832276503323,-1.4088160671422092,17.608165740966797
1747273033.7073627,-1.392054764224933,-1.4176826166765886,18.23258399963379
1747273033.740449,-1.4297709806726837,-1.446253802281393,18.749713897705078
1747273033.769977,-1.4697149210307496,-1.4706622570879586,15.820503234863281
1747273033.800743,-1.4286632706558606,-1.4663179884636395,17.30203628540039
1747273033.8454537,-1.384562002617482,-1.4534695275283922,29.202699661254883
1747273033.8942904,-1.353459821276961,-1.4511395886597345,26.024818420410156
1747273033.935852,-1.3357926061096972,-1.459421486499947,19.804000854492188
1747273033.9830463,-1.3084575682901793,-1.4577928275099286,36.652326583862305
1747273034.0475392,-1.2874865457543845,-1.4598773544766541,42.76871681213379
1747273034.115548,-1.2777595942736586,-1.456496011804623,38.90061378479004
1747273034.1923745,-1.2638040249513836,-1.4551691753802054,49.43966865539551
1747273034.2484596,-1.2619232104756894,-1.4545940814632239,30.994653701782227
1747273034.295112,-1.2738893550007728,-1.4549712221327769,33.40411186218262
1747273034.387407,-1.2866473673408505,-1.4615367705869948,32.112836837768555
1747273034.429805,-1.273039921473629,-1.4695651439971655,21.206140518188477
1747273034.5323274,-1.3244871184806597,-1.487170887762836,26.05462074279785
1747273034.611718,-1.3689211399552708,-1.5003854904521592,24.8868465423584
1747273034.6492183,-1.414716417997391,-1.514229754159646,27.411222457885742
1747273034.710473,-1.4443519981729542,-1.5240368988367972,37.41145133972168
1747273034.771594,-1.3763206308469031,-1.5101199527188451,36.84878349304199
1747273034.8310661,-1.315812423173513,-1.484196826927292,36.25988960266113
1747273034.9067855,-1.2490968914901783,-1.4645035340226038,52.55317687988281
1747273034.9693348,-1.163361242820535,-1.4388499212521426,30.016422271728516
1747273035.0091524,-1.1074447712774707,-1.4302181206623608,14.167547225952148
1747273035.0404902,-1.0779437144470543,-1.4239738695783863,17.911434173583984
1747273035.0838363,-1.0511565010469996,-1.4167098621341414,15.749931335449219
1747273035.1233587,-1.0220131891822677,-1.4034244061463423,15.971899032592773
1747273035.1652038,-1.001906891707332,-1.396582212376469,26.538372039794922
1747273035.2035813,-0.9205290307788128,-1.3880358806171098,18.57733726501465
1747273035.243366,-0.8707070426024145,-1.382297888920267,21.954059600830078
1747273035.2824605,-0.821977466290139,-1.3777065172636227,17.368555068969727
1747273035.3177762,-0.7291907242602813,-1.3599397209455772,17.558813095092773
1747273035.361266,-0.69741899426267,-1.354938191088837,30.92479705810547
1747273035.3952708,-0.6101161361143759,-1.3323183436368389,17.81463623046875
1747273035.4474237,-0.5149041946015469,-1.3159546092365266,36.94653511047363
1747273035.4850595,-0.3845387040719447,-1.3125005311773912,22.324562072753906
1747273035.5630808,-0.30567644700290775,-1.3082771095755583,46.69904708862305
1747273035.5887983,-0.1509269126710387,-1.3070698765556554,12.923717498779297
1747273035.6133275,-0.10195824736095138,-1.3085706534039871,13.726234436035156
1747273035.6402893,0.01113610803973734,-1.3074212832832979,14.615774154663086
1747273035.6692576,0.08725600770962971,-1.3115179026828017,18.445730209350586
1747273035.7352307,0.17894295049946113,-1.3115513946809267,29.48594093322754
1747273035.7735856,0.23748932707255033,-1.3129814133745854,18.072843551635742
1747273035.8290653,0.29940754152447907,-1.309017722575067,33.84709358215332
1747273035.8591852,0.445772495277708,-1.3117945541559461,18.04804801940918
1747273035.9229326,0.5061698736771387,-1.31341393225545,34.960031509399414
1747273036.033526,0.7013614620218049,-1.3155275029327307,37.63580322265625
1747273036.098655,0.8669635940266378,-1.305346842067569,21.812915802001953
1747273036.1253548,0.9245815303408242,-1.2971856277462233,16.616106033325195
1747273036.17046,1.0135169755393765,-1.300496026388862,21.160602569580078
1747273036.2212024,1.1112612410970582,-1.3028105954847087,20.62678337097168
1747273036.2723844,1.236114406855496,-1.3167392605900248,22.97234535217285
1747273036.326769,1.3846223201469745,-1.3344842603747735,24.31035041809082
1747273036.3732162,1.516633790262971,-1.3675115938333051,21.55780792236328
1747273036.4309628,1.6784371381306689,-1.406787261149467,27.65679359436035
1747273036.4926705,1.865346140442067,-1.4786481515854082,22.774934768676758
1747273036.5740848,2.0496137216994423,-1.5764366144816648,32.30738639831543
1747273036.6254637,2.150603244129881,-1.6435893070458474,40.68589210510254
1747273036.6950746,2.3266053161670137,-1.7514484499579082,44.39902305603027
1747273036.7490473,2.4962327499330996,-1.848628142597344,40.863752365112305
1747273036.775434,2.62816442439893,-1.97160855594336,16.6318416595459
1747273036.829642,2.7366772625099496,-2.0569908398470753,25.880098342895508
1747273036.8961246,2.8801066268203104,-2.1846566958552374,30.916213989257812
1747273036.9631255,2.98775954355991,-2.2588962100329004,31.37350082397461
1747273037.077502,2.8113379794733135,-2.866464248579989,22.698640823364258
1747273037.1481178,2.7459597268635996,-3.0304831008235418,41.58329963684082
1747273037.2321625,2.707653770237153,-3.365041794468949,44.40593719482422
1747273037.298207,2.6370169183856986,-3.5598785435613145,48.10214042663574
1747273037.3587062,2.695879849314272,-3.7612770377658937,33.23507308959961
1747273037.4125519,2.7661114893399614,-3.9580614308686757,38.362979888916016
1747273037.4735582,2.849144258241829,-4.218558648823196,30.649423599243164
1747273037.5470858,2.9502662127293817,-4.408590847292695,36.94939613342285
1747273037.5920212,3.055917835279632,-4.599908339044923,28.31292152404785
1747273037.647133,3.159053332891343,-4.7214425922434415,27.052640914916992
1747273037.7094874,3.300289753663251,-4.896073195482712,32.349348068237305
1747273037.7635412,3.430236317098024,-5.073872922341411,37.48917579650879
1747273037.8320615,3.4885845499945662,-5.240163002579086,48.322439193725586
1747273037.9032602,3.604729937098693,-5.427113282614829,44.66891288757324
1747273037.9691665,3.692805020027601,-5.634488610211784,37.7199649810791
1747273038.025001,3.772917113117451,-5.777000361029722,31.877994537353516
1747273038.1050785,3.8037582412827837,-5.908185743004364,22.126436233520508
1747273038.164496,3.8157582661217786,-5.976161240610587,47.844648361206055
1747273038.2078435,3.865790814391662,-6.00463277718706,12.863636016845703
1747273038.247148,3.8791201197204064,-5.985636669804183,28.22399139404297
1747273038.2887719,3.8832039507066165,-5.98160688218659,30.83038330078125
1747273038.3526003,3.9008079040728805,-5.982621048866375,43.82610321044922
1747273038.412747,3.9140846700540797,-5.975241106379487,35.050153732299805
1747273038.4721289,3.9173349374046884,-5.968119442271181,48.032283782958984
1747273038.530268,3.8995085090530948,-5.968932161015203,47.51753807067871
1747273038.5856094,3.8896776660220915,-5.964269350305854,37.83249855041504
1747273038.6470878,3.8904068126381626,-5.963055901748266,52.0939826965332
1747273038.709974,3.8874071037652644,-5.961843666053053,50.23694038391113
1747273038.7525852,3.884676610154889,-5.960889666361254,31.494855880737305
1747273038.8041973,3.8732057500268646,-5.961924933093599,32.657623291015625
1747273038.8531244,3.875602064114625,-5.966500988310716,38.564443588256836
1747273038.9123218,3.8770014267426856,-5.968632963526149,32.6228141784668
1747273038.9786954,3.874133254292768,-5.968053862756839,34.850120544433594
1747273039.0470812,3.8729982726025582,-5.968222486946657,50.59981346130371
1747273039.0960383,3.87202631012301,-5.968005982096926,37.25576400756836
1747273039.127167,3.872517929056081,-5.965855418349887,19.46854591369629
1747273039.1771593,3.868926303088187,-5.964571498957236,18.915414810180664
1747273039.230838,3.878113813841163,-5.962670926640814,24.418115615844727
1747273039.3149073,3.878471780010253,-5.958534647227957,16.704320907592773
1747273039.3511047,3.875478103141959,-5.960162000246238,17.801761627197266
1747273039.386544,3.875117620205779,-5.961024827221953,22.238492965698242
1747273039.4152977,3.8776617247148804,-5.959604024743811,15.002250671386719
1747273039.44958,3.8772129707254943,-5.9590109008183045,13.592004776000977
1747273039.4779294,3.8731769658093933,-5.957782670169503,14.070510864257812
1747273039.5095544,3.87580293306055,-5.9575299615237345,13.50855827331543
1747273039.5471141,3.8760695712080846,-5.955868397156216,24.361610412597656
1747273039.5852294,3.8783455551689183,-5.957333877532901,24.3227481842041
1747273039.6433954,3.877955585940699,-5.956695979491767,34.612417221069336
1747273039.7125785,3.8829506707699473,-5.959515691697605,34.845829010009766
1747273039.7721603,3.87444135961908,-5.958152732272572,35.58206558227539
1747273039.8233922,3.8687325453675885,-5.961099341531911,32.78994560241699
1747273039.912469,3.8575428343441924,-5.9561412968863605,28.423786163330078
1747273039.986566,3.7654581513084224,-5.92802628148756,24.379253387451172
1747273040.0348094,3.747496818740576,-5.91677140796386,25.67148208618164
1747273040.122002,3.702951567309344,-5.8883383958193605,21.54374122619629
1747273040.1657984,3.6972272884379622,-5.883971680174017,27.4050235748291
1747273040.2152097,3.666419868899114,-5.846900859734454,30.169248580932617
1747273040.2871475,3.6401084124614105,-5.808074706178331,30.31444549560547
1747273040.3518653,3.606626684031747,-5.76852109772875,32.488107681274414
1747273040.418393,3.562240015379322,-5.7006881760973975,22.629737854003906
1747273040.4670835,3.5269363957512616,-5.66781171950548,27.94957160949707
1747273040.5164552,3.4922356052368784,-5.609787460487723,24.38974380493164
1747273040.6111872,3.4265928170225397,-5.53036399277179,22.544145584106445
1747273040.6414843,3.4184542211268534,-5.499111814691547,17.329931259155273
1747273040.6924167,3.412127171795553,-5.476787485103786,27.756690979003906
1747273040.737977,3.3905108036462206,-5.4502312287569845,19.002676010131836
1747273040.7862551,3.3975192414450888,-5.440871253561838,19.861698150634766
1747273040.8430724,3.401197420810012,-5.416641826795118,27.84132957458496
1747273040.903443,3.403405168255188,-5.402064923617346,40.22574424743652
1747273040.981633,3.4026110243905547,-5.378262583866838,23.552894592285156
1747273041.0231984,3.3919334451018677,-5.376655784752886,20.00737190246582
1747273041.0591304,3.38687199554525,-5.37583513565761,25.26402473449707
1747273041.13269,3.3914470808373647,-5.372337453552202,16.016244888305664
1747273041.1812842,3.366876844398739,-5.385215992204645,29.157161712646484
1747273041.263508,3.3754957277706126,-5.390576190614309,18.929243087768555
1747273041.2913303,3.3784353183934908,-5.393199003278353,16.982316970825195
1747273041.3387718,3.3877717994186285,-5.394555121292429,24.94525909423828
1747273041.3987837,3.4005134094396694,-5.3894297112948655,26.431798934936523
1747273041.445497,3.4044139667333932,-5.387418751824478,21.193504333496094
1747273041.5151289,3.399138417901419,-5.385372923686963,45.780181884765625
1747273041.5791264,3.3940639709939937,-5.378696239268128,46.84185981750488
1747273041.6277497,3.389152484398804,-5.377256189204262,31.19516372680664
1747273041.6597617,3.3861518337795387,-5.373081436495534,18.38397979736328
1747273041.7185662,3.3900132852542275,-5.374375542729529,24.69611167907715
1747273041.7674444,3.3930263547900816,-5.372916140420866,19.12069320678711
1747273041.843116,3.387787145751213,-5.373372919736189,29.140949249267578
1747273041.9096422,3.3939800807599925,-5.367735531252175,40.498971939086914
1747273041.9635205,3.4005376474077034,-5.36667414477701,24.050235748291016
1747273041.9928427,3.396744060266543,-5.367148537262143,18.44501495361328
1747273042.0757456,3.395167607234127,-5.364488257556594,62.56556510925293
1747273042.1830373,3.380778268401259,-5.362571474875244,26.227235794067383
1747273042.2073174,3.3701127358996725,-5.357009721834435,13.779163360595703
1747273042.2481651,3.389045758773822,-5.361731285051343,27.060508728027344
1747273042.2775393,3.3991380546757326,-5.3671937589566925,17.159461975097656
1747273042.3465884,3.3938505375035666,-5.363532466925488,41.785478591918945
1747273042.4392047,3.3970550353971993,-5.359209961541964,24.095535278320312
1747273042.4634588,3.400233140889417,-5.351642452032823,13.497114181518555
1747273042.4924433,3.400933696208144,-5.355549776537831,16.444921493530273
1747273042.5203316,3.400145723994714,-5.359967660074373,14.05024528503418
1747273042.545232,3.3991306163615547,-5.364093510356619,14.245986938476562
1747273042.5882063,3.4058135332806128,-5.362705933577122,15.077352523803711
1747273042.6229782,3.4072576643320085,-5.359648135488821,19.383668899536133
1747273042.6695504,3.406951172026101,-5.35407519220897,19.870281219482422
1747273042.707321,3.395206746944304,-5.359338802315955,24.835586547851562
1747273042.7616484,3.3899758027064224,-5.362847792483582,42.76776313781738
1747273042.8327076,3.3949657799984667,-5.3611292147366525,42.67740249633789
1747273042.9129028,3.4093197869076306,-5.358694909052487,44.205665588378906
1747273042.9635613,3.4155877111485493,-5.35305414036125,23.243188858032227
1747273043.0130599,3.4204944405087288,-5.344193828570698,26.772737503051758
1747273043.0658934,3.4243650873756852,-5.335383422612513,28.87248992919922
1747273043.123143,3.425788925970823,-5.327715414612969,36.60273551940918
1747273043.1686535,3.4236874163230575,-5.321711882376577,22.900104522705078
1747273043.200079,3.4234323480569677,-5.31989644018336,15.540122985839844
1747273043.2370224,3.422943221336507,-5.32619138624483,25.852441787719727
1747273043.2909374,3.409386741495517,-5.323145374524342,21.944046020507812
1747273043.3290527,3.402246285015459,-5.315812382343861,20.244121551513672
1747273043.37375,3.4215866265837453,-5.314854335610241,28.90944480895996
1747273043.4330242,3.434994682191872,-5.306470177318966,47.93286323547363
1747273043.4835775,3.432539202393979,-5.305376119711186,31.847715377807617
1747273043.5426958,3.4213549700296984,-5.302554842137654,42.04201698303223
1747273043.5984256,3.416809873834213,-5.31440472775135,30.623197555541992
1747273043.658534,3.4233090202625744,-5.320086031373784,47.73259162902832
1747273043.7139876,3.419209524023216,-5.316717102761546,29.16717529296875
1747273043.7463632,3.42046506899865,-5.3117767910164115,22.114992141723633
1747273043.7723262,3.4200865867993366,-5.305907202531029,15.71345329284668
1747273043.822954,3.4317905586523847,-5.295893865063272,18.667936325073242
1747273043.87012,3.4385182798215888,-5.276793964987233,21.329402923583984
1747273043.9600098,3.4281339321013986,-5.245806515837311,19.580841064453125
1747273044.0410886,3.4125106167096373,-5.27325458038271,39.108991622924805
1747273044.0678673,3.419817033493964,-5.262461815721683,15.814542770385742
1747273044.138086,3.4236038022194726,-5.252963842851655,26.346683502197266
1747273044.182914,3.4279376907121732,-5.2421352902846685,26.75771713256836
1747273044.2232206,3.4263934474020075,-5.233715190855904,20.476818084716797
1747273044.2629213,3.426397114903895,-5.223305959565501,22.32503890991211
1747273044.3021872,3.42069736228331,-5.222574755073685,22.37081527709961
1747273044.3448632,3.4255490654504164,-5.244421037337816,20.20430564880371
1747273044.3808427,3.427116811356726,-5.264958570055986,23.8344669342041
1747273044.4105067,3.427293417756077,-5.243592973455438,15.562295913696289
1747273044.460194,3.4151995365994856,-5.244596118040694,18.409013748168945
1747273044.50737,3.4127081824129695,-5.245520314094743,19.201278686523438
1747273044.5672185,3.420237836479677,-5.256320029357507,30.232667922973633
1747273044.626279,3.420990280026633,-5.2734889440442565,38.61427307128906
1747273044.7180243,3.4223540407844952,-5.260660637153409,67.82984733581543
1747273044.771677,3.4292343857869088,-5.283172412135763,37.425994873046875
1747273044.8270946,3.4347528227769053,-5.273992733533817,31.826496124267578
1747273044.9006336,3.441173145146372,-5.283710506722596,47.974586486816406
1747273044.9565268,3.4380126049955173,-5.2534776646640715,26.49068832397461
1747273045.0291936,3.4420811948980714,-5.236773463417196,34.593820571899414
1747273045.099798,3.4500806747977033,-5.201038169447405,36.287546157836914
1747273045.1564617,3.4573609329806456,-5.1585208969853,24.381160736083984
1747273045.2167797,3.4606100637495065,-5.145369106293807,19.777297973632812
1747273045.262616,3.4477829966995146,-5.1405117498108925,18.67198944091797
1747273045.3165748,3.445871702041594,-5.138747332119981,18.636226654052734
1747273045.3861089,3.443911160885462,-5.135729194894138,35.17484664916992
1747273045.4319916,3.451114749698913,-5.127387713349459,21.508455276489258
1747273045.4833083,3.4570364674028613,-5.11818146895175,22.33123779296875
1747273045.5285957,3.4635123061877953,-5.124061855982099,21.985769271850586
1747273045.6060495,3.4496682750677543,-5.121322914729833,43.923377990722656
1747273045.6764073,3.446737296491038,-5.123966619385657,42.05322265625
1747273045.7239773,3.454164335075527,-5.125103311070761,23.147106170654297
1747273045.775701,3.457503036242839,-5.116876677598153,21.33464813232422
1747273045.8556392,3.454790811298278,-5.113799449028702,24.804115295410156
1747273045.9176056,3.4541431216858767,-5.122057118386002,20.109891891479492
1747273045.9694095,3.4504942822552316,-5.1175120076442635,20.55525779724121
1747273046.0400195,3.447987584762389,-5.111059335176402,36.829471588134766
1747273046.0929587,3.454014221414533,-5.112495483888345,23.415803909301758
1747273046.1310503,3.4457616340317747,-5.112182462507145,25.281190872192383
1747273046.1790595,3.454198411774617,-5.1173221182134085,29.378175735473633
1747273046.2459276,3.4563908563939516,-5.121712612442259,46.00882530212402
1747273046.2997587,3.449342535381138,-5.1213158324739245,32.56344795227051
1747273046.3597374,3.4541220262487693,-5.117410978158624,36.622047424316406
1747273046.4194107,3.4513748036756358,-5.114761082473592,43.202877044677734
1747273046.4866724,3.4547708562780466,-5.117802144373729,38.785696029663086
1747273046.5464175,3.443828569729366,-5.112466952570317,32.828330993652344
1747273046.6037788,3.45016260627805,-5.116869439383277,36.661386489868164
1747273046.6609812,3.4406535422297786,-5.1091691680017135,36.28253936767578
1747273046.726581,3.4505603728572067,-5.119213604369069,51.17201805114746
1747273046.7887065,3.443613840111324,-5.11714450792314,51.882266998291016
1747273046.846457,3.447670233863439,-5.116986669493848,34.04593467712402
1747273046.906505,3.4481063397100273,-5.113568616287343,37.545204162597656
1747273046.9464936,3.447214135295369,-5.110281267109991,28.098344802856445
1747273047.0042894,3.457442509637483,-5.111767587643213,33.846378326416016
1747273047.0571682,3.4480863164329314,-5.105519166072952,24.46746826171875
1747273047.0851722,3.447475114824888,-5.10450179898627,14.589309692382812
1747273047.126173,3.447527141705616,-5.105534593098163,29.587984085083008
1747273047.2607796,3.4440022217940025,-5.105670152156565,15.41280746459961
1747273047.2861145,3.4389914316941654,-5.1103879707742665,14.26386833190918
1747273047.3107097,3.4360392130861874,-5.11267258773152,13.367176055908203
1747273047.343554,3.4454132645396296,-5.11056739699743,16.760587692260742
1747273047.3739412,3.450931972020128,-5.109653091422474,17.82965660095215
1747273047.408566,3.4351557241715795,-5.1066499360228255,22.88508415222168
1747273047.4571662,3.4258443943755013,-5.102289880573629,20.327091217041016
1747273047.5051398,3.4412169724396584,-5.102317279720675,15.41280746459961
1747273047.5531018,3.4456195167642334,-5.112844951082901,32.47666358947754
1747273047.5908055,3.446531249210491,-5.125339747717386,21.475791931152344
1747273047.6294315,3.4523743231249107,-5.120297007350603,18.653392791748047
1747273047.678219,3.45767569920699,-5.111368283430061,25.70319175720215
1747273047.7040112,3.458814246282709,-5.108809952317911,15.091180801391602
1747273047.7318478,3.452158926829172,-5.110389650148123,14.961719512939453
1747273047.7588985,3.4458997524162225,-5.108231987770725,14.665365219116211
1747273047.7900324,3.439075053569777,-5.102867495031912,18.264055252075195
1747273047.8212636,3.444876900685657,-5.098094735182016,16.446828842163086
1747273047.8788238,3.4522572778688483,-5.107730457581113,18.675804138183594
1747273047.924419,3.4556056995800324,-5.113632075858855,29.45113182067871
1747273047.9576273,3.456881146014333,-5.108112339766347,15.355587005615234
1747273047.9822478,3.4572432305242975,-5.105201478184286,14.015436172485352
1747273048.044506,3.439743202040156,-5.104252870314499,21.908283233642578
1747273048.092154,3.4376191182141165,-5.104266097255185,26.28326416015625
1747273048.131757,3.4520982448016277,-5.109591659890573,16.50547981262207
1747273048.1937833,3.4565105771074656,-5.11694941639187,46.900272369384766
1747273048.2601953,3.4579388420353734,-5.117980788479545,34.70873832702637
1747273048.312445,3.455590560926528,-5.113299324628735,26.595115661621094
1747273048.347222,3.4574088259731117,-5.115772693218689,17.64822006225586
1747273048.4036596,3.46465100535214,-5.1147564826445295,27.304649353027344
1747273048.4642744,3.4466821961533807,-5.116314731163656,19.650936126708984
1747273048.5423858,3.4548565111048894,-5.111683540809933,23.5898494720459
1747273048.5857575,3.458785905972645,-5.111283062772341,29.280662536621094
1747273048.6222408,3.4545411884562327,-5.1080071533076605,14.020204544067383
1747273048.6682131,3.45635799110992,-5.117132176359936,26.882648468017578
1747273048.746843,3.4560726950378333,-5.123729884450778,45.71890830993652
1747273048.7860796,3.4610605484870125,-5.118447154497991,21.40355110168457
1747273048.825754,3.4609502707455833,-5.114673032127699,25.424957275390625
1747273048.8703845,3.449225157295304,-5.123104021134894,20.981550216674805
1747273048.8980865,3.4452138612828467,-5.133461711334631,15.517473220825195
1747273048.927648,3.4536439669255836,-5.128144668517883,17.404794692993164
1747273048.9585845,3.456022300144543,-5.123273538361455,18.309354782104492
1747273049.0025656,3.4490720943446562,-5.112200153636235,18.18084716796875
1747273049.0324872,3.4427495286508063,-5.098603461193131,15.683650970458984
1747273049.0936735,3.4485836221845942,-5.093543631963962,24.08123016357422
1747273049.1251044,3.4381672423829865,-5.09738582677123,15.402555465698242
1747273049.1696897,3.4340302127148306,-5.102181783528357,25.407791137695312
1747273049.199814,3.448263495240094,-5.102199333375513,14.250040054321289
1747273049.232299,3.4552334783305065,-5.1029556801205445,13.470649719238281
1747273049.3095136,3.452631886267289,-5.097042646311909,39.366722106933594
1747273049.357378,3.441174466019838,-5.100613891523364,24.884700775146484
1747273049.422837,3.457795897647897,-5.108125902399366,35.378456115722656
1747273049.4500918,3.4532394022535726,-5.105957798380041,13.34834098815918
1747273049.4766805,3.451966965423691,-5.104032306051046,13.695240020751953
1747273049.514165,3.441965312026297,-5.099352924384977,23.240327835083008
1747273049.5627613,3.4355325380671617,-5.091311359713276,25.48384666442871
1747273049.6345594,3.44244059748213,-5.099573226377887,34.28506851196289
1747273049.694267,3.4578444075128174,-5.102962956729308,30.91716766357422
1747273049.7299647,3.449926875701769,-5.101015486552017,18.101215362548828
1747273049.8058295,3.4492920909247,-5.10388365100437,44.17014122009277
1747273049.8993797,3.4500081794467423,-5.105479657521291,56.48636817932129
1747273049.964438,3.4483404333638474,-5.1028364939546265,41.89562797546387
1747273050.0216942,3.453909768776972,-5.1058471708335675,34.789085388183594
1747273050.0833547,3.446048789031801,-5.098497384139682,37.908077239990234
1747273050.1521943,3.431374105674368,-5.099698854377644,54.60500717163086
1747273050.2110815,3.4441520251918227,-5.106459010967767,39.35408592224121
1747273050.266468,3.4535271088887067,-5.1140770705973,29.464006423950195
1747273050.3450954,3.4435878853198614,-5.103858544014026,21.89326286315918
1747273050.4260335,3.450489689457261,-5.0926224781422995,22.69887924194336
1747273050.4817395,3.4485713502234923,-5.083652663786827,19.886493682861328
1747273050.5313516,3.4491738634408096,-5.089743668983793,25.610923767089844
1747273050.5988877,3.4412099919483277,-5.0987934802622945,54.819583892822266
1747273050.6614654,3.4486205934579086,-5.1082606465462925,22.19843864440918
1747273050.6911488,3.460879232685567,-5.112980227743002,15.63715934753418
1747273050.7294014,3.464294411585837,-5.1147580608283,26.056528091430664
1747273050.7582834,3.4578759480409764,-5.115899290132806,14.844417572021484
1747273050.791043,3.4548311886489786,-5.11547885503025,14.01829719543457
1747273050.8210332,3.454582300076538,-5.116624474494499,16.824960708618164
1747273050.8563697,3.449062232834089,-5.113470204631276,14.03498649597168
1747273050.8826156,3.442899709119408,-5.107199784647538,13.298749923706055
1747273050.9119442,3.4504991453056792,-5.116451649910356,14.741182327270508
1747273050.9402573,3.452104351041612,-5.12264688090154,16.057491302490234
1747273050.969173,3.4520674920585797,-5.127961064929948,17.002344131469727
1747273050.9980829,3.4435277288208637,-5.128827387571075,14.812707901000977
1747273051.0396883,3.437721459262203,-5.130856123529079,22.607088088989258
1747273051.0856023,3.4485120599932677,-5.120890391748244,32.512664794921875
1747273051.1507595,3.460217557625019,-5.118849870843706,36.96155548095703
1747273051.214108,3.4493908594331506,-5.116789273906985,36.792755126953125
1747273051.2742982,3.4446163000580032,-5.114520007060531,17.53711700439453
1747273051.3206034,3.461759323577028,-5.109255552069687,32.96399116516113
1747273051.3870778,3.467179126986774,-5.104130643005423,43.36667060852051
1747273051.4496272,3.446162962320827,-5.104290276948735,35.889387130737305
1747273051.507044,3.4484971808920895,-5.107321336520568,32.732486724853516
1747273051.559094,3.4550704010110307,-5.10351994877453,29.327392578125
1747273051.6197228,3.454663272645155,-5.109119483990279,40.010929107666016
1747273051.7001219,3.4446261277280037,-5.111975352585859,52.640676498413086
1747273051.751482,3.450747349064371,-5.1088818982429025,28.795957565307617
1747273051.814211,3.463073590598256,-5.113535117928951,42.12594032287598
1747273051.8742185,3.4605822666101123,-5.114474635660321,36.769866943359375
1747273051.9340427,3.463129730956126,-5.1148859181813116,42.39797592163086
1747273051.9952223,3.460854383272916,-5.112891498656146,38.5744571685791
1747273052.0401788,3.4519257500221174,-5.114190120915004,30.684947967529297
1747273052.095796,3.4463568616621565,-5.1169575288288325,36.35978698730469
1747273052.1434653,3.4520326464847244,-5.115215682108333,30.106544494628906
1747273052.2092748,3.451956699450066,-5.118260052981626,47.45364189147949
1747273052.3192837,3.4512217372993854,-5.120472108984577,20.29705047607422
1747273052.4148269,3.449145941040983,-5.117289177536874,41.68391227722168
1747273052.4766302,3.453991915946173,-5.115983998416622,37.93668746948242
1747273052.5377243,3.431597251896929,-5.106603598070286,39.159297943115234
1747273052.6145432,3.437744384912675,-5.101355576659192,25.24256706237793
1747273052.647285,3.4553769958318297,-5.107323396391584,21.020174026489258
1747273052.6871953,3.436326326967341,-5.10201356804264,24.322509765625
1747273052.717601,3.426118388073846,-5.091906696162718,19.120454788208008
1747273052.7469678,3.4343523849416964,-5.100134607940769,18.266916275024414
1747273052.7748466,3.4364289647534862,-5.104922882059125,16.85953140258789
1747273052.8349464,3.448574458206272,-5.104581005837027,36.81182861328125
1747273052.894963,3.4411334386523467,-5.100778628096132,26.364803314208984
1747273052.9477592,3.4425677718221346,-5.101200263926384,15.991449356079102
1747273052.994266,3.442808652085507,-5.100110711772482,32.06300735473633
1747273053.0449023,3.4507146735348218,-5.10398205599966,31.2502384185791
1747273053.0955064,3.4566768381660857,-5.101778036668952,29.455184936523438
1747273053.137432,3.458137952567544,-5.099269952784083,20.294189453125
1747273053.2107618,3.453948352126515,-5.099991308539045,26.587724685668945
1747273053.2654698,3.4593943932666864,-5.1023247164807195,22.778987884521484
1747273053.3277495,3.4481327554621943,-5.103273409671979,17.436742782592773
1747273053.3785405,3.4489653276690166,-5.104007689742458,21.9571590423584
1747273053.447261,3.457234799628951,-5.115118985083025,34.31868553161621
1747273053.5208604,3.4570657947374386,-5.110877104228113,31.45003318786621
1747273053.5608215,3.442992324068811,-5.112270688034304,19.093036651611328
1747273053.6221182,3.440783777839184,-5.109299064802597,20.64371109008789
1747273053.6843536,3.4515219001482285,-5.117881117580197,27.565717697143555
1747273053.7476828,3.4625875989403854,-5.109806588851363,20.046234130859375
1747273053.7856884,3.4657694151500165,-5.108004396312732,22.39680290222168
1747273053.8287194,3.4593823608180947,-5.106862178173946,24.056673049926758
1747273053.8746116,3.4487677373263588,-5.109582468540745,27.19426155090332
1747273053.9163387,3.4423648460914547,-5.112506723879826,24.291038513183594
1747273053.9676418,3.442040553890897,-5.112909229921947,17.23957061767578
1747273053.992109,3.4376618679881137,-5.11288598056196,14.314413070678711
1747273054.0449438,3.434164223854367,-5.108034535203964,20.871639251708984
1747273054.0937676,3.4351939384971892,-5.1203887033108595,22.2012996673584
1747273054.187135,3.4469000183923963,-5.126491243218664,50.29463768005371
1747273054.2430902,3.454245361930459,-5.114163207048865,27.82583236694336
1747273054.3002872,3.4603366162505127,-5.113205993444873,28.453350067138672
1747273054.3534527,3.452526806661496,-5.110831095956425,35.4459285736084
1747273054.405747,3.454465052678939,-5.112405524317188,27.330398559570312
1747273054.467746,3.4562604688584626,-5.119054798304997,37.91332244873047
1747273054.5051856,3.4562771620609642,-5.128837553251156,17.10963249206543
1747273054.5318236,3.454950273730679,-5.119837294261713,14.418363571166992
1747273054.5710807,3.4551871851481515,-5.113708134201399,23.961305618286133
1747273054.6311088,3.4599128155035648,-5.119752765539513,38.9552116394043
1747273054.7156937,3.4566559865038013,-5.123096575277468,43.04623603820801
1747273054.779189,3.4567398921740526,-5.118135646605033,48.56586456298828
1747273054.8351116,3.4573129267797382,-5.115221475951605,25.586843490600586
1747273054.8948088,3.4619806318033923,-5.115368653807582,41.45407676696777
1747273054.9548042,3.44448286848443,-5.110477915198992,41.46099090576172
1747273055.0135074,3.457984956248006,-5.117842837279136,36.12470626831055
1747273055.0748146,3.4610202863673134,-5.111545422067395,33.468008041381836
1747273055.132264,3.447537284371989,-5.116630277380471,38.82312774658203
1747273055.1910589,3.4504083252775306,-5.122024432264588,38.28549385070801
1747273055.227683,3.45280856484154,-5.125109917287193,24.59263801574707
1747273055.2749596,3.4466042495753526,-5.122083616504762,36.43059730529785
1747273055.3412032,3.4513501298373486,-5.112514570804967,43.94173622131348
1747273055.3738124,3.441896437999634,-5.117138914969585,21.407604217529297
1747273055.399616,3.4408993463815194,-5.122294468756348,14.245271682739258
1747273055.4421082,3.439234357693585,-5.12770892667513,31.51082992553711
1747273055.5064201,3.456584575478013,-5.12721853103576,47.43814468383789
1747273055.5870705,3.466353937818444,-5.122814642608877,56.91838264465332
1747273055.6408157,3.4491851669836042,-5.125458721663515,41.52035713195801
1747273055.7206733,3.4533994296767445,-5.125499267441518,59.563636779785156
1747273055.76722,3.451877379858682,-5.120579542259397,22.33123779296875
1747273055.7937267,3.4494598545724875,-5.115379378150664,13.817071914672852
1747273055.8206663,3.4345255535339776,-5.119070784978761,14.393806457519531
1747273055.8469167,3.4316815086893153,-5.122975209080006,14.665365219116211
1747273055.875542,3.4308837320148546,-5.124754817041486,16.362428665161133
1747273055.9070709,3.453532224454618,-5.12290952200937,18.8291072845459
1747273055.9604623,3.460202658287902,-5.120856705182929,33.6451530456543
1747273056.0266004,3.449266519958639,-5.119027996508746,36.81635856628418
1747273056.0791526,3.457329051307442,-5.120474724286847,39.95513916015625
1747273056.1482043,3.4424568333347465,-5.113668817947698,37.628173828125
1747273056.2057672,3.4534992535114686,-5.121475774569504,35.22753715515137
1747273056.2681582,3.464630377671223,-5.116447876090957,38.52081298828125
1747273056.331267,3.4470266296699803,-5.118948257449308,38.49935531616211
1747273056.3965542,3.4531667945335167,-5.112895733489435,50.961971282958984
1747273056.456418,3.4447022652000405,-5.1085654245899565,49.50594902038574
1747273056.5270684,3.4464148879994285,-5.105220744724807,55.76658248901367
1747273056.5640097,3.440025999554771,-5.103421894020917,24.890422821044922
1747273056.589722,3.434862722195639,-5.09969543342676,16.4339542388916
1747273056.6351247,3.4441913982395453,-5.10035930225661,21.903276443481445
1747273056.6903355,3.4542161762667694,-5.104876789636442,21.01588249206543
1747273056.7383385,3.458831485583672,-5.109846563646486,21.881818771362305
1747273056.7854474,3.4433982837157724,-5.105125681733119,21.05116844177246
1747273056.8507094,3.447767036054867,-5.1051108610476215,45.86076736450195
1747273056.882971,3.4544737782480124,-5.116747425054032,19.097089767456055
1747273056.9190907,3.454272842937509,-5.122599841807693,25.237560272216797
1747273056.9776082,3.4484132416788906,-5.124609554195006,35.08949279785156
1747273057.0348787,3.453471485226863,-5.122963424383942,32.77111053466797
1747273057.0818834,3.456150973027696,-5.127165534159587,27.16207504272461
1747273057.1163943,3.4573545693438126,-5.13478815953732,24.216890335083008
1747273057.1783175,3.452558410483398,-5.131589394113578,30.882596969604492
1747273057.2272968,3.4473451511617594,-5.122322620951859,27.34541893005371
1747273057.2991276,3.445091907521482,-5.117762581385052,58.20322036743164
1747273057.3980546,3.450114431759511,-5.120860022140911,13.43083381652832
1747273057.4354293,3.452218468173796,-5.123301549907936,24.075746536254883
1747273057.4724786,3.4547768382915374,-5.118025647661777,23.67377281188965
1747273057.4985468,3.4563438016912484,-5.115294490537853,13.553857803344727
1747273057.5372057,3.4499214443209754,-5.117571549147737,24.880409240722656
1747273057.6008966,3.4439833331471954,-5.118762542006149,36.88168525695801
1747273057.6569576,3.450175493786819,-5.126489280566993,37.66441345214844
1747273057.6988661,3.4476941916373924,-5.123008994436355,14.874458312988281
1747273057.726104,3.455132561075365,-5.118075249795722,14.914274215698242
1747273057.7516694,3.456811392978243,-5.113527655092744,13.648509979248047
1747273057.7838142,3.4556391702840017,-5.108329916761556,15.482187271118164
1747273057.8174133,3.4627736000425333,-5.111652112147235,17.779827117919922
1747273057.903076,3.452663132761753,-5.110784652494781,26.76987648010254
1747273057.96541,3.4455398934143697,-5.112503884947601,31.264305114746094
1747273058.0165493,3.4470972457755256,-5.112197263059286,22.243261337280273
1747273058.0716026,3.4485927841714483,-5.111364783181973,22.927284240722656
1747273058.111428,3.4463167881638257,-5.107405610114778,26.246070861816406
1747273058.1756873,3.4423166703544803,-5.101600153979902,23.752450942993164
1747273058.2143135,3.447934903678026,-5.102531363290971,23.425579071044922
1747273058.243321,3.4431410960165767,-5.096352059373874,13.492345809936523
1747273058.2711594,3.437127458682345,-5.087552098397354,14.286518096923828
1747273058.301293,3.4314289378933407,-5.076887428088983,14.86349105834961
1747273058.3291523,3.4547191722030095,-5.099127791451945,15.65694808959961
1747273058.3693123,3.461988065957783,-5.113317918600778,27.01115608215332
1747273058.4059849,3.4478787482280198,-5.110508530429099,15.307188034057617
1747273058.4464967,3.4416741405803233,-5.106560989973182,22.47762680053711
1747273058.4892557,3.4507759210356226,-5.100759528756395,23.5440731048584
1747273058.5481584,3.4608877890485443,-5.109663740430352,29.294729232788086
1747273058.6225646,3.4621293581176924,-5.106074004713634,31.63599967956543
1747273058.6881597,3.4552941660495167,-5.110678622310285,35.33029556274414
1747273058.7400837,3.449293860212886,-5.109550081184053,22.46403694152832
1747273058.7716134,3.446437552673123,-5.108604051807025,20.215988159179688
1747273058.8223445,3.4571954098512894,-5.107042570120526,21.44455909729004
1747273058.8719764,3.4566202721680352,-5.10647063512028,21.524429321289062
1747273058.9259095,3.456686956437157,-5.104656976421842,24.928808212280273
1747273058.9862409,3.437066801395956,-5.103768960961439,28.409242630004883
1747273059.0470834,3.4254559892248344,-5.100980056562585,27.392864227294922
1747273059.121635,3.438180181871249,-5.106807357819882,24.350404739379883
1747273059.1728673,3.436303311862591,-5.117150438224373,27.048587799072266
1747273059.2210045,3.4345277338740865,-5.130080814617528,31.769275665283203
1747273059.2621133,3.4582721947337736,-5.109275601591885,20.312786102294922
1747273059.3289506,3.453370945071107,-5.11400042874365,29.76059913635254
1747273059.3914297,3.4381282351271736,-5.11688529880419,25.719642639160156
1747273059.4274967,3.4304823637375037,-5.1154335154845665,23.591041564941406
1747273059.4749742,3.434843697755605,-5.114773798545258,33.12540054321289
1747273059.5039554,3.4440322013171483,-5.107649977417119,14.64390754699707
1747273059.5415049,3.447571414084261,-5.105224462098388,26.914596557617188
1747273059.5812602,3.4566017031098015,-5.11507620403494,24.971485137939453
1747273059.6214783,3.4591877461193556,-5.11919313802732,23.696184158325195
1747273059.6812065,3.4509959543836017,-5.118788400653397,26.826143264770508
1747273059.7334714,3.451269474033288,-5.117434937300821,25.92301368713379
1747273059.827182,3.4493802652559005,-5.112088326320311,28.558731079101562
1747273059.8891382,3.4592401909254185,-5.113814495221838,30.152320861816406
1747273059.9444048,3.452424826463793,-5.108614622183594,30.24911880493164
1747273060.0390937,3.456063763365817,-5.108207401210312,21.66271209716797
1747273060.0841398,3.438717711899824,-5.10380177909424,20.081758499145508
1747273060.1468682,3.430442174412596,-5.094691378424715,37.22023963928223
1747273060.2387214,3.444826754599963,-5.100838633869158,24.19114112854004
1747273060.304551,3.4556219960809456,-5.103500849310487,21.668434143066406
1747273060.3596797,3.4546354924878955,-5.109465216676898,25.348424911499023
1747273060.4173102,3.4523591715307185,-5.116320320910931,24.096250534057617
1747273060.464429,3.456506789327274,-5.109891841378763,25.63166618347168
1747273060.5132601,3.457905716012983,-5.111074211927358,21.490812301635742
1747273060.5505846,3.4430933848324825,-5.109225446957063,23.077011108398438
1747273060.5904775,3.4315887476782403,-5.107512370517821,16.272544860839844
1747273060.61876,3.43622051606961,-5.108169092166323,14.012336730957031
1747273060.643434,3.439497973459421,-5.10920963400522,13.81063461303711
1747273060.6888037,3.4367238513426255,-5.106716157555377,26.08323097229004
1747273060.7370315,3.4375784749056804,-5.107603129816445,17.621755599975586
1747273060.7671125,3.43728746364779,-5.107239009721587,17.68326759338379
1747273060.8191028,3.4374986554373432,-5.106945875411341,35.447120666503906
1747273060.8792102,3.449951627032504,-5.107884884283331,34.93690490722656
1747273060.9483998,3.4574671111120048,-5.105691513631938,44.86203193664551
1747273061.007488,3.446109302482304,-5.108592824278574,34.22403335571289
1747273061.0760324,3.4417238694823955,-5.112076547785752,37.810325622558594
1747273061.135948,3.452417870208448,-5.109718994248997,44.764041900634766
1747273061.196125,3.451496930933536,-5.110301680502012,36.97514533996582
1747273061.2472007,3.4472499966388557,-5.099681616475744,34.796953201293945
1747273061.289985,3.4410888361761947,-5.103516854518503,28.42402458190918
1747273061.332145,3.4372437656906656,-5.105759434707795,31.656742095947266
1747273061.3746972,3.4579108734467217,-5.112714136901066,17.02880859375
1747273061.4125624,3.462510857794653,-5.115820760844762,13.936996459960938
1747273061.4440615,3.4645099344398815,-5.11739026390827,19.936800003051758
1747273061.4831321,3.457831184144079,-5.115537816902337,28.88631820678711
1747273061.5474432,3.4619146011851165,-5.112460980076845,21.059513092041016
1747273061.6086092,3.463670076796383,-5.108107726506267,43.83730888366699
1747273061.6790965,3.459400572237133,-5.1112113225563345,48.3090877532959
1747273061.7560112,3.4565481515440277,-5.115446874438437,50.965070724487305
1747273061.8090017,3.4557865548640208,-5.118246923664602,34.54756736755371
1747273061.864746,3.4403786144152213,-5.122778330404447,31.23617172241211
1747273061.9476488,3.4640516955614338,-5.11796585181426,34.787654876708984
1747273062.0181296,3.4569503229656093,-5.10660157006228,30.073881149291992
1747273062.0914636,3.455386398166381,-5.1075577921491435,48.806190490722656
1747273062.1851394,3.4575989733666868,-5.100011963001966,21.80171012878418
1747273062.2419574,3.456114822635993,-5.090735582239972,30.615568161010742
1747273062.3071053,3.4493086684462417,-5.099135061850248,45.235633850097656
1747273062.356888,3.462781700515579,-5.106666018594473,34.816741943359375
1747273062.4118574,3.45289902622696,-5.102568937594281,25.47740936279297
1747273062.4400043,3.4452626099827293,-5.105058206080723,13.915061950683594
1747273062.4945557,3.4412400148912763,-5.107879255184779,22.020578384399414
1747273062.5270922,3.441629159371689,-5.1063354262619995,18.930912017822266
1747273062.5693088,3.4407424159835505,-5.103048949126807,28.453826904296875
1747273062.6290457,3.4404777028032387,-5.101522579469991,35.90703010559082
1747273062.6873758,3.455102328582965,-5.112840346826635,35.34865379333496
1747273062.751085,3.443818405985078,-5.112087259324628,38.15054893493652
1747273062.8123202,3.452018259362066,-5.107851506108381,34.03949737548828
1747273062.875435,3.4598424329328865,-5.116464739843307,35.954952239990234
1747273062.9372587,3.446753204830867,-5.117273996663918,32.546281814575195
1747273062.981459,3.444647309326256,-5.10972745842718,30.078649520874023
1747273063.0362318,3.4438052606776357,-5.104321420715269,31.68654441833496
1747273063.0919096,3.4428394764139774,-5.109254995977985,29.95920181274414
1747273063.1561038,3.4274792346006095,-5.094682592179408,36.58699989318848
1747273063.2163932,3.443633070159985,-5.114211806231026,44.79408264160156
1747273063.277293,3.4479772592447793,-5.1104272098257635,38.93017768859863
1747273063.3192651,3.4462772939757,-5.1126402635116595,31.458377838134766
1747273063.3745716,3.454533864669103,-5.109817171014897,21.792888641357422
1747273063.4092944,3.4575474457599196,-5.1057475616069645,18.73946189880371
1747273063.4766996,3.4583565400272938,-5.110949251153984,32.08589553833008
1747273063.5535755,3.4540700771207145,-5.1193875296140146,48.989295959472656
1747273063.6111367,3.4535754327893398,-5.110291303222493,26.98969841003418
1747273063.6373641,3.4618485755020894,-5.112758942445277,15.605926513671875
1747273063.6847258,3.467003150980693,-5.114970190791303,21.189451217651367
1747273063.745215,3.458925728061652,-5.116040342280822,22.32503890991211
1747273063.8107476,3.4585404392398895,-5.109051558220283,26.97443962097168
1747273063.871173,3.444230869340595,-5.103870365843965,26.894569396972656
1747273063.9365478,3.44696924716456,-5.106404111074446,31.695842742919922
1747273063.9714453,3.458103163315604,-5.111625757628906,23.09417724609375
1747273064.0313718,3.461951615293228,-5.112940849822742,26.362895965576172
1747273064.07347,3.462471309484752,-5.113887606411165,14.168739318847656
1747273064.1218724,3.4579278235893365,-5.117266381987281,35.65478324890137
1747273064.1504955,3.459911136678339,-5.118161346303736,17.148256301879883
1747273064.1874228,3.460538611445453,-5.11935298574454,22.049665451049805
1747273064.2311678,3.4530799845038187,-5.115001316720374,31.17847442626953
1747273064.2715297,3.4468916529142395,-5.109489103750134,22.986412048339844
1747273064.3224971,3.44660184365263,-5.103100308566148,21.33965492248535
1747273064.3779964,3.458116657079602,-5.111159501096461,22.824764251708984
1747273064.4302099,3.440701576289813,-5.099900052774689,22.290706634521484
1747273064.5080383,3.451626712407924,-5.107897553196683,19.34361457824707
1747273064.5551107,3.4514415490316477,-5.106959313932575,27.846336364746094
1747273064.5902796,3.4513599453944255,-5.103400404743363,15.51365852355957
1747273064.617147,3.441671376321522,-5.10147286859063,16.684532165527344
1747273064.6642103,3.438540644749649,-5.103270155273375,23.160696029663086
1747273064.6998882,3.427694229215391,-5.093943310497274,21.292924880981445
1747273064.7427845,3.430951365261648,-5.094212085948884,28.209686279296875
1747273064.7852182,3.434231737874015,-5.09397967638446,20.023345947265625
1747273064.8285534,3.42896578727644,-5.0893433396712116,25.456905364990234
1747273064.975398,3.4324778391213115,-5.084132373888325,36.84806823730469
1747273065.0551505,3.452892497617125,-5.102129545369416,39.98994827270508
1747273065.1094823,3.4616027633021824,-5.105856354926276,29.48760986328125
1747273065.1591365,3.456603749570648,-5.114591659917581,37.363529205322266
1747273065.2021947,3.460678436786741,-5.11871870010906,27.655839920043945
1747273065.2591252,3.460405176831315,-5.1252899050743554,37.78553009033203
1747273065.317264,3.4536499477793052,-5.132580468420347,33.443450927734375
1747273065.3865504,3.4554290573060036,-5.124024139010089,38.768768310546875
1747273065.4137108,3.461145899038063,-5.128050407235382,13.365983963012695
1747273065.4474034,3.4629159516502557,-5.129930660908135,22.579431533813477
1747273065.507134,3.458170289681513,-5.135384626950376,27.635812759399414
1747273065.5671227,3.4512120770705086,-5.134729167224386,21.57282829284668
1747273065.6211746,3.453097234713539,-5.1201164248230775,23.95796775817871
1747273065.6823034,3.454437460688357,-5.116513167366452,27.037620544433594
1747273065.718309,3.4418438605056356,-5.108175854880104,19.956350326538086
1747273065.747746,3.4336770895029645,-5.0983968999061435,15.65694808959961
1747273065.7755346,3.4272474752651534,-5.091108875959671,16.666412353515625
1747273065.8244038,3.44164820272644,-5.093493525206725,20.353317260742188
1747273065.8722858,3.4459925842199652,-5.0974303225937145,19.871950149536133
1747273065.9710808,3.4561986208077213,-5.10023719550235,52.29973793029785
1747273066.0236313,3.4582005899247665,-5.107546620950122,41.02897644042969
1747273066.0823443,3.458149308610296,-5.111440921414804,37.748098373413086
1747273066.1265109,3.458981461603686,-5.115120388353998,21.32439613342285
1747273066.1763742,3.454485419808991,-5.122971758817338,27.918338775634766
1747273066.2640524,3.4428281973807784,-5.116009384422366,24.10745620727539
1747273066.3387063,3.453276671503171,-5.124258824578607,38.8641357421875
1747273066.3838756,3.444315453189118,-5.117761782940464,34.55781936645508
1747273066.442309,3.449922036386818,-5.122531359646502,36.43155097961426
1747273066.4961753,3.460013234687964,-5.120355404966385,35.779714584350586
1747273066.5710676,3.4611087322582943,-5.118595665849599,47.64151573181152
1747273066.6183002,3.460305567183869,-5.120951903973291,34.49559211730957
1747273066.678058,3.46184798730834,-5.120821116815338,27.13322639465332
1747273066.7362869,3.4511989305484096,-5.123044667923237,36.427974700927734
1747273066.79926,3.446832003029173,-5.121363478533415,38.03753852844238
1747273066.8566108,3.4405622744451656,-5.115575154623295,32.14144706726074
1747273066.9209592,3.442910851687656,-5.112970531158327,40.825843811035156
1747273066.9878945,3.4548922907803403,-5.112027897664338,49.99041557312012
1747273067.1539032,3.453176252929074,-5.105521676451535,13.554096221923828
1747273067.211103,3.4529192842387513,-5.101341824771569,38.58518600463867
1747273067.26734,3.4547391351502625,-5.10467481540192,36.09156608581543
1747273067.3769577,3.437431912193373,-5.108641045322224,30.795574188232422
1747273067.444302,3.443339093072128,-5.115184298477473,37.87851333618164
1747273067.5031228,3.4369405786455505,-5.108570979573122,37.86635398864746
1747273067.565472,3.44787846997837,-5.117979129627628,35.68100929260254
1747273067.636986,3.4429043849400314,-5.114819402613909,51.7888069152832
1747273067.6922562,3.44698501917715,-5.113972966944487,39.72935676574707
1747273067.756608,3.4494022545679357,-5.116402001491883,43.57409477233887
1747273067.8105345,3.441489500658029,-5.110808334355017,42.13666915893555
1747273067.8568513,3.434547559255439,-5.100161937783835,29.221057891845703
1747273067.9220886,3.4364774821698956,-5.098553944681947,47.55592346191406
1747273067.9825103,3.4463733913390246,-5.095021162752372,40.7414436340332
1747273068.0550873,3.4341895562224938,-5.089141319606782,39.617061614990234
1747273068.0861614,3.438253052966925,-5.101115261387997,20.936250686645508
1747273068.1271367,3.4468563094478837,-5.097466361592113,19.649028778076172
1747273068.1631117,3.452236476771124,-5.096874937987073,18.65530014038086
1747273068.2031064,3.4270239052279936,-5.073713938401634,24.985074996948242
1747273068.2486749,3.4294804415229665,-5.071226158646109,27.185678482055664
1747273068.3044503,3.431465945833224,-5.06792258804656,26.214122772216797
1747273068.3673086,3.441101887553817,-5.0858517863877255,34.826040267944336
1747273068.4391115,3.448330778588452,-5.08865621420274,39.53433036804199
1747273068.5011795,3.4456799703907324,-5.09006044061163,36.27800941467285
1747273068.57509,3.4544914596872998,-5.097993424278333,33.36763381958008
1747273068.6434903,3.4538697897695814,-5.111104271708893,36.029815673828125
1747273068.7183719,3.458712719591456,-5.105926502022448,29.856204986572266
1747273068.7751665,3.4603545276478798,-5.104230396714594,41.17846488952637
1747273068.836885,3.4614002200070706,-5.107847054669248,31.55803680419922
1747273068.8968074,3.4562033756383848,-5.110286160535509,44.680118560791016
1747273068.9632394,3.4593474840009635,-5.114620608669983,37.33968734741211
1747273069.01907,3.4447050848161336,-5.117470818111714,29.791593551635742
1747273069.0791724,3.4553832059619465,-5.117606499421729,37.45388984680176
1747273069.1423714,3.4613151007426515,-5.1176818456441175,48.10333251953125
1747273069.2027888,3.4618285381290885,-5.120628643694239,36.426544189453125
1747273069.2635446,3.459852315772347,-5.121805193875929,34.145355224609375
1747273069.3186204,3.456700747749708,-5.1162477924980605,39.02864456176758
1747273069.3803327,3.455871633173534,-5.111448605655713,50.22382736206055
1747273069.4684687,3.4434875224343533,-5.118112962299074,36.99183464050293
1747273069.5512877,3.4509176327012634,-5.115305111485002,37.80317306518555
1747273069.7260416,3.442544243184926,-5.123490809346073,66.13874435424805
1747273069.95226,3.45095765488388,-5.122497743944873,83.06217193603516
1747273070.0839708,3.4517172944875854,-5.1214906207665365,75.91557502746582
1747273070.2041135,3.4520091540670195,-5.128173942351387,54.26979064941406
1747273070.3801024,3.448813043119419,-5.121349424158933,71.25592231750488
1747273070.477593,3.4417009838315145,-5.117237335716571,36.019325256347656
1747273070.5671387,3.4521063198161928,-5.120840412739442,50.893306732177734
1747273070.6343906,3.4512346526065025,-5.116937389082459,20.44057846069336
1747273070.6707587,3.4517054468283304,-5.111952415573813,18.349647521972656
1747273070.7232924,3.4520737338992826,-5.1058968052698,23.674964904785156
1747273070.7831047,3.4534456942559233,-5.110239615698825,26.690959930419922
1747273070.827688,3.4579758460563412,-5.108913343051201,30.957937240600586
1747273070.8832262,3.4591873772888913,-5.112859436389136,31.281709671020508
1747273070.9250705,3.458263044060995,-5.113556631958983,18.178701400756836
1747273070.9885216,3.4578376824039223,-5.1139936598556615,30.81655502319336
1747273071.0466626,3.460688266966902,-5.11297522419256,21.502971649169922
1747273071.1132803,3.4612949841028593,-5.111687028194842,22.213459014892578
1747273071.1468806,3.4471366435135655,-5.11335232282586,15.952587127685547
1747273071.198006,3.4598711053002456,-5.110574777863022,17.52161979675293
1747273071.238341,3.461949049816689,-5.109278084997508,25.124311447143555
1747273071.2828686,3.4557006763155442,-5.113978480506345,28.124332427978516
1747273071.3351414,3.4527846265051063,-5.118325404441254,39.85762596130371
1747273071.3975368,3.4557330137558067,-5.113800470199964,36.77797317504883
1747273071.459096,3.436070724170782,-5.116067796880204,35.78352928161621
1747273071.5573156,3.5249488698542395,-5.030656374409112,56.80441856384277
1747273071.6428509,3.4325308588654293,-5.073077026145236,46.80824279785156
1747273071.7081647,3.4372348653586338,-5.084435377046539,41.76831245422363
1747273071.7753227,3.4416522838294648,-5.081487836091147,35.15005111694336
1747273071.8269625,3.447307462534999,-5.087861363421689,26.554107666015625
1747273071.871552,3.43603891324367,-5.084578979810113,23.51522445678711
1747273071.9595845,3.4556871186309914,-5.100729600979719,23.092269897460938
1747273072.0027971,3.4436329283217955,-5.1011065008760905,23.181676864624023
1747273072.0563273,3.4373608866544876,-5.1022776914449395,43.37358474731445
1747273072.1867127,3.4362322012252178,-5.105728499762696,24.505615234375
1747273072.2453501,3.437786957055221,-5.109131438054364,32.09424018859863
1747273072.3010478,3.4242698502105595,-5.1056489559586815,20.910024642944336
1747273072.3340206,3.4347130876368337,-5.108492061491221,18.358945846557617
1747273072.3868833,3.440692901737016,-5.108970630538773,26.10301971435547
1747273072.4890947,3.4355658572267482,-5.114756001953191,35.93254089355469
1747273072.55616,3.436031182046412,-5.128820737249799,34.20305252075195
1747273072.6512718,3.4279542912601175,-5.144584563569185,47.057151794433594
1747273072.705383,3.423732853096869,-5.154861666380627,30.63178062438965
1747273072.7378533,3.4216485939043624,-5.1628427520532245,18.148422241210938
1747273072.7882617,3.4385108436025256,-5.1609380058198795,26.318788528442383
1747273072.8347847,3.4506009100322155,-5.159615418589565,16.150951385498047
1747273072.8771667,3.455333706993297,-5.155938356859178,15.36703109741211
1747273072.9177482,3.4588582095730276,-5.154936175615647,18.314599990844727
1747273072.9474394,3.4609770690863297,-5.149106085772175,15.809059143066406
1747273072.9757576,3.455005632203847,-5.1300301689043675,14.63460922241211
1747273073.0113404,3.4534613280219277,-5.121759772458443,16.601085662841797
1747273073.0387878,3.452087846675045,-5.120429786231681,14.486074447631836
1747273073.0736766,3.4528815304390634,-5.119246373646124,20.190000534057617
1747273073.171435,3.4479777345018485,-5.123063156874576,25.31576156616211
1747273073.2132614,3.4436433521008816,-5.126324380098935,18.846511840820312
1747273073.2495468,3.4496338963214526,-5.128045807448245,17.273902893066406
1747273073.293774,3.4531184006082167,-5.128856703494933,33.241987228393555
1747273073.335781,3.4482518770843122,-5.125888073039645,21.839618682861328
1747273073.3769252,3.458281910607444,-5.114417464794538,18.910884857177734
1747273073.4138134,3.4614061150149804,-5.111512581796149,18.938302993774414
1747273073.457937,3.461223810571736,-5.107235001421225,25.064468383789062
1747273073.4991004,3.443467862379767,-5.115620409172074,26.68166160583496
1747273073.53555,3.436266290469139,-5.126171579113587,15.29836654663086
1747273073.5705526,3.4532443682885234,-5.121023509136141,18.628358840942383
1747273073.6075077,3.451560608895853,-5.118494679887901,14.637231826782227
1747273073.651256,3.4497797618889092,-5.114628920353363,20.47586441040039
1747273073.6965702,3.4440912380073514,-5.107639127595951,25.157928466796875
1747273073.748647,3.448046554584507,-5.113287234348321,22.294998168945312
1747273073.7967117,3.452277794923045,-5.121236754421409,23.902416229248047
1747273073.8339608,3.4598485396358263,-5.124253757532719,18.55301856994629
1747273073.8699613,3.4618736853376495,-5.12843219003394,24.663925170898438
1747273073.9344194,3.4496010173038596,-5.1423596931522075,21.66438102722168
1747273073.9707067,3.45460535838237,-5.167736792386254,20.157814025878906
1747273074.0167477,3.466459585962771,-5.18397488430551,21.29673957824707
1747273074.0555038,3.470117657538452,-5.202885274786057,21.878957748413086
1747273074.0984488,3.460912463191833,-5.2343503940917495,15.817880630493164
1747273074.1357872,3.4461726412870246,-5.26179884301795,21.26336097717285
1747273074.184086,3.4362446891575815,-5.306071209305891,19.8514461517334
1747273074.2271097,3.4436356030279134,-5.3249180782895476,27.288198471069336
1747273074.3010468,3.4139178716075866,-5.376446071390698,15.627384185791016
1747273074.325816,3.4037725579236606,-5.399303658972621,14.00303840637207
1747273074.3557792,3.419268982381884,-5.416304678909958,16.510963439941406
1747273074.3900716,3.430662211829753,-5.440477378361395,19.916057586669922
1747273074.4184606,3.4388593531830747,-5.453763941505008,15.697002410888672
1747273074.4488082,3.4414729668489774,-5.466913333928877,17.21954345703125
1747273074.489653,3.4173684061432543,-5.482268911691201,17.969846725463867
1747273074.5317557,3.402909992101959,-5.489838811328408,31.2042236328125
1747273074.5590608,3.405876929111188,-5.486515477688735,16.086816787719727
1747273074.6043122,3.4071593040904578,-5.47599244981197,32.93013572692871
1747273074.6486573,3.419187496197372,-5.470289051409493,27.08578109741211
1747273074.693295,3.4241872023630275,-5.461551330822164,26.167869567871094
1747273074.7340333,3.416186568357346,-5.455544795272972,19.90032196044922
1747273074.7698948,3.4131968794242926,-5.450849904264979,26.78227424621582
1747273074.8152735,3.400305916654426,-5.461850985783623,28.724193572998047
1747273074.842286,3.3921392565836177,-5.473380394265162,13.494014739990234
1747273074.8897681,3.397355832321227,-5.4668371756886724,19.028425216674805
1747273074.953899,3.433574490368311,-5.468620671705028,28.490066528320312
1747273075.0086722,3.4173154044213163,-5.466057015487254,37.41621971130371
1747273075.0641093,3.3984261761500068,-5.456641573175416,42.51909255981445
1747273075.1231878,3.39656565954685,-5.449896910990781,42.31429100036621
1747273075.1760027,3.4013870854504225,-5.4460951562895525,30.9600830078125
1747273075.2215009,3.401259977425562,-5.439510067178018,34.966468811035156
1747273075.2529032,3.4356372242212285,-5.457608960448631,16.685962677001953
1747273075.2887459,3.4269384725565253,-5.458402079209813,17.68970489501953
1747273075.3168974,3.4211518103369083,-5.459150696663698,15.304803848266602
1747273075.3591206,3.4107518947950135,-5.451461214782524,17.776012420654297
1747273075.403745,3.40254164190006,-5.446398350434161,27.863740921020508
1747273075.4375591,3.3947296127830975,-5.434535961238273,21.098852157592773
1747273075.4994233,3.4038938773552587,-5.4570097407006015,39.777517318725586
1747273075.5982249,3.4087703290143723,-5.467757172343965,42.94896125793457
1747273075.6527762,3.4196725811796522,-5.476629048522146,36.40437126159668
1747273075.7114077,3.418994992335706,-5.4818771026403885,35.50601005554199
1747273075.7528992,3.4305442370890193,-5.485643005298679,17.19045639038086
1747273075.7875726,3.4366349250694905,-5.48658036945793,24.123430252075195
1747273075.8488648,3.4397856738275236,-5.480266795968999,35.71462631225586
1747273075.8899026,3.430062682120961,-5.471772396100335,14.625787734985352
1747273075.9315712,3.423147638707726,-5.461839919557217,25.88343620300293
1747273075.9849272,3.4192117589651705,-5.46591864157428,33.24747085571289
1747273076.0632327,3.4359762360505117,-5.470959122525447,38.53869438171387
1747273076.102197,3.4255975585703538,-5.462988527888312,16.07680320739746
1747273076.1263297,3.4174345117402654,-5.453835218384324,14.519214630126953
1747273076.1526737,3.42372015151077,-5.460765572356374,14.024734497070312
1747273076.1771014,3.426960334067563,-5.468534792238443,14.24098014831543
1747273076.204783,3.4166498211504934,-5.464965572372144,14.693975448608398
1747273076.233409,3.4103095021884027,-5.460610494625389,16.321420669555664
1747273076.3186147,3.4272683988187738,-5.46096059008552,16.434431076049805
1747273076.3871293,3.4365747084375062,-5.468816700354587,27.95124053955078
1747273076.4180436,3.4248959215770274,-5.470641883512265,20.690441131591797
1747273076.4675164,3.405903103387865,-5.454742021510268,23.169755935668945
1747273076.5185933,3.3850045154594066,-5.4311837631257704,24.63245391845703
1747273076.5691493,3.402171901040341,-5.440531806220095,24.677515029907227
1747273076.6302626,3.423174263259307,-5.45824792281223,38.076162338256836
1747273076.695076,3.3870248364064297,-5.428046765944912,55.12857437133789
1747273076.720955,3.370327687558178,-5.399605777324711,15.465021133422852
1747273076.7681713,3.3647357302683085,-5.379883944339483,22.140026092529297
1747273076.8314517,3.3550987284082177,-5.356830222054852,19.290447235107422
1747273076.8914452,3.3564618384668763,-5.349254459834258,28.618335723876953
1747273076.9428337,3.3549262897295042,-5.345330169810303,19.10877227783203
1747273077.0004077,3.351050210617352,-5.331251035816738,23.57935905456543
1747273077.0674257,3.350682682202134,-5.319854677163285,30.57098388671875
1747273077.2461922,3.3609222047684058,-5.329178714818991,13.079643249511719
1747273077.2702568,3.3629783599735297,-5.334016962269799,13.12255859375
1747273077.2942479,3.3646420408701947,-5.337386937456819,13.755083084106445
1747273077.31877,3.3627001041698614,-5.340280739259571,13.712882995605469
1747273077.3435352,3.3618372436696355,-5.344152192672096,12.907743453979492
1747273077.380264,3.370204072834383,-5.349702624545048,15.888214111328125
1747273077.4056253,3.386012125194074,-5.36147944151382,13.196229934692383
1747273077.464169,3.405683223757486,-5.383888750473871,19.697904586791992
1747273077.5086086,3.42283741464682,-5.406062313703606,23.267030715942383
1747273077.5546198,3.409668806838708,-5.4008050887016115,22.851228713989258
1747273077.5908916,3.413816520322963,-5.421351853897247,16.601085662841797
1747273077.6174293,3.412063645566189,-5.436291381075721,14.481306076049805
1747273077.6806817,3.412105139644029,-5.432002951018248,24.873733520507812
1747273077.719919,3.3991644592113532,-5.432529848168424,20.827770233154297
1747273077.765082,3.390954480364615,-5.433145906054365,24.389028549194336
1747273077.8196335,3.408751187070275,-5.4446163419954035,19.75536346435547
1747273077.861874,3.4101013373419096,-5.440296112971758,24.638652801513672
1747273077.9051256,3.4086449822335085,-5.433513912623561,20.390033721923828
1747273077.939609,3.3836666779540208,-5.419746538105211,15.30599594116211
1747273077.9728692,3.3951254537005853,-5.4344385054965825,18.424034118652344
1747273078.0008872,3.4020777074932456,-5.448398866438773,14.31727409362793
1747273078.0323288,3.4025986424756596,-5.4344921245360265,18.06473731994629
1747273078.0661328,3.3986033366244803,-5.418440104215257,18.415212631225586
1747273078.1002388,3.410537407864404,-5.451000294186823,14.837980270385742
1747273078.1398792,3.4196848195448912,-5.467919212242783,25.461196899414062
1747273078.2060223,3.419148785580166,-5.4786520681080395,18.356800079345703
1747273078.267132,3.414652766209143,-5.4708433632317295,31.935453414916992
1747273078.2988555,3.421277793177933,-5.464329336831367,16.98756217956543
1747273078.3874338,3.3662391156655556,-5.379142339566104,32.66572952270508
1747273078.4539921,3.3578833519624225,-5.336617470116756,19.56772804260254
1747273078.5149305,3.3553306931594418,-5.318420820949024,23.078203201293945
1747273078.606605,3.3520090163406504,-5.316271481090906,18.730640411376953
1747273078.6320643,3.3621423244872704,-5.332232307874454,15.222787857055664
1747273078.6743255,3.3789346398417175,-5.364228464958225,18.847942352294922
1747273078.7237442,3.369652696429422,-5.363601759633454,21.628141403198242
1747273078.7772381,3.359541384765657,-5.326976594400241,19.93703842163086
1747273078.8422322,3.3644110744315796,-5.3413323484173105,35.79068183898926
1747273078.9445198,3.3627407265039726,-5.329646862364913,38.75899314880371
1747273078.9831872,3.3584300155761246,-5.319094121174297,15.62952995300293
1747273079.0165718,3.356272545225666,-5.309793040942309,20.580053329467773
1747273079.0680232,3.3683057207349982,-5.312121328485251,26.04961395263672
1747273079.124051,3.3664575717554737,-5.314948933070503,41.529178619384766
1747273079.1753714,3.3974247900004872,-5.376447357744615,28.104305267333984
1747273079.2084873,3.420503847380971,-5.4503908157231695,20.107030868530273
1747273079.241285,3.41737582703069,-5.419922023467794,15.880346298217773
1747273079.2749875,3.4374405408967865,-5.457421842748938,14.854192733764648
1747273079.3054805,3.4414383779733213,-5.468740699708538,15.952110290527344
1747273079.3378646,3.44141659706371,-5.47388889962076,22.25327491760254
1747273079.3948514,3.4191686163645922,-5.471567546339686,29.645442962646484
1747273079.4961226,3.4267558278807724,-5.469171525634009,34.1639518737793
1747273079.5411613,3.4347320222817435,-5.474232569570942,18.877506256103516
1747273079.5853968,3.4244774723895945,-5.467963685061603,25.584936141967773
1747273079.6872897,3.428584354385142,-5.47444921472394,31.841278076171875
1747273079.7675729,3.420871327482486,-5.4675010917161435,17.528533935546875
1747273079.8144367,3.430691858090457,-5.476022965005715,25.070905685424805
1747273079.8955903,3.408409230936244,-5.488696798535004,15.653133392333984
1747273079.9186633,3.395075040917619,-5.490205798390481,13.974189758300781
1747273079.9460285,3.3854899992727785,-5.497823121576484,17.568111419677734
1747273079.9913373,3.3825283224383975,-5.513561872442915,22.999286651611328
1747273080.0584865,3.3935302493740847,-5.568278630681242,35.65263748168945
1747273080.1056283,3.389834808490229,-5.648607973817443,23.899555206298828
1747273080.1575978,3.378960459081838,-5.729191615049964,21.558761596679688
1747273080.227065,3.372012834195326,-5.788845110130628,44.25764083862305
1747273080.287097,3.327024857066321,-5.8992036978952065,37.46223449707031
1747273080.3353176,3.2973689913385806,-5.96335740802043,30.611515045166016
1747273080.3993785,3.2638296532568662,-6.067319824056522,32.10091590881348
1747273080.4543521,3.2154365184409266,-6.190052040205494,37.48345375061035
1747273080.5289457,3.1595139415750313,-6.280737414283777,47.14083671569824
1747273080.6014094,3.047251871114703,-6.455969197087593,34.450531005859375
1747273080.6602595,2.995464343207918,-6.506956726357186,39.69836235046387
1747273080.7585688,2.8055163481434318,-6.670009024143564,23.00286293029785
1747273080.8021545,2.7416875218781787,-6.724551107854492,24.46150779724121
1747273080.836917,2.6950993200558395,-6.739040191014385,18.037080764770508
1747273080.8734956,2.6654791396204462,-6.741394038974541,20.53976058959961
1747273080.9151793,2.5794684407044994,-6.7684755627945945,19.371986389160156
1747273080.967263,2.513579930607248,-6.768459715913877,28.102397918701172
1747273081.02945,2.4903864527998074,-6.770877047488978,44.11625862121582
1747273081.0818048,2.3764239037123294,-6.804301272443505,33.57982635498047
1747273081.1320355,2.3142198626916852,-6.816332524897917,26.818037033081055
1747273081.2152371,2.2115441339567274,-6.857538827993704,36.00740432739258
1747273081.2903504,2.098111152867673,-6.890459882653968,40.399789810180664
1747273081.3398952,2.024942951736294,-6.9107129021793865,19.32835578918457
1747273081.3792098,1.940856991223467,-6.936849721251345,22.396326065063477
1747273081.414345,1.8407480634920967,-6.964485288604003,17.641782760620117
1747273081.4493158,1.7856549036535059,-6.977928285518213,21.42477035522461
1747273081.5316179,1.6980097167642705,-7.007703177023687,35.628557205200195
1747273081.5585911,1.668287309039742,-7.022298819779589,16.80755615234375
1747273081.6155453,1.587013614434952,-7.04328140873143,20.44820785522461
1747273081.6743567,1.4875682393846053,-7.0503633127383045,21.433353424072266
1747273081.7642128,1.3790941877878284,-7.053991043682197,36.46421432495117
1747273081.819391,1.2684615261544556,-7.038453988405115,34.922122955322266
1747273081.8470595,1.1670761064371429,-7.016362260747264,15.504598617553711
1747273081.9101534,1.1175457446424142,-6.994112577150816,30.28726577758789
1747273081.9360967,1.040715154486326,-6.978554498464222,16.245365142822266
1747273081.9833038,0.8813397881073259,-6.936644849189063,20.943164825439453
1747273082.0643575,0.7332927107874873,-6.866552449731558,28.239727020263672
1747273082.10156,0.5639715750127263,-6.8060322475219035,13.602972030639648
1747273082.2847717,0.1764251424300199,-6.743936520648437,27.116060256958008
1747273082.3246505,0.03052554708242896,-6.734849214531665,16.420364379882812
1747273082.3483152,-0.001339452929095165,-6.739393782579169,12.378931045532227
1747273082.3743584,-0.07976385832092213,-6.75056875882382,14.01829719543457
1747273082.4028206,-0.1283239426125518,-6.761832108577911,16.946077346801758
1747273082.4303815,-0.24253692920837358,-6.774891252873172,14.151811599731445
1747273082.4786127,-0.3005334583635709,-6.786538758909508,36.56125068664551
1747273082.529747,-0.4923857560901682,-6.824040786319497,23.452043533325195
1747273082.581256,-0.6301279689495598,-6.85078586548931,13.730525970458984
1747273082.6081994,-0.7131860723234575,-6.873184110844427,12.910842895507812
1747273082.6661365,-0.8104204470436365,-6.890569389382485,21.65055274963379
1747273082.7243602,-0.9402827259074242,-6.938468018954762,33.158063888549805
1747273082.7895494,-1.0869153471854376,-7.002494122520615,29.9985408782959
1747273082.8441708,-1.2014842411004503,-7.055996296805877,36.81063652038574
1747273082.904333,-1.3189402843593365,-7.122831955180336,29.156923294067383
1747273082.9612093,-1.3889169436152953,-7.182187763849394,29.436588287353516
1747273083.0100126,-1.468745802139635,-7.216401668490194,28.650760650634766
1747273083.0554137,-1.6034227573113635,-7.273292475270157,21.356821060180664
1747273083.1551328,-1.7954302746626887,-7.3566537668821095,20.23172378540039
1747273083.1908295,-1.9001728920753287,-7.39428366228882,22.877931594848633
1747273083.2649136,-1.9451609792584312,-7.413344285949876,43.9906120300293
1747273083.3147213,-2.0684123994816055,-7.482083919369431,34.551382064819336
1747273083.369501,-2.1755424984776868,-7.52455470600482,28.516054153442383
1747273083.4243882,-2.253423865086896,-7.566857324038198,41.7780876159668
1747273083.4849381,-2.406196133468105,-7.6187164033754335,25.038719177246094
1747273083.5499296,-2.488121472848678,-7.653169063736906,28.450489044189453
1747273083.5838754,-2.5606659839348107,-7.681189004515244,15.047311782836914
1747273083.6149676,-2.57962758656753,-7.691726965634979,13.867378234863281
1747273083.6592228,-2.622339296730831,-7.7034195568401795,25.18010139465332
1747273083.6870716,-2.6405838461723423,-7.710689695333529,15.007972717285156
1747273083.7420661,-2.6621808234500546,-7.7123814332474225,38.001298904418945
1747273083.783092,-2.69181290825821,-7.716272867450389,26.156902313232422
1747273083.8590302,-2.7121287476046687,-7.725114070536541,39.48545455932617
1747273083.9100063,-2.7199991172694875,-7.730264113242785,30.19237518310547
1747273083.9650195,-2.7242995962906744,-7.738237756440895,32.555580139160156
1747273084.0295095,-2.724159036018824,-7.740327690087396,41.774749755859375
1747273084.0981283,-2.725832196503136,-7.746304641719544,46.30231857299805
1747273084.147413,-2.7295388612084084,-7.7505592106327335,33.05339813232422
1747273084.2075336,-2.721319245781542,-7.73677192948337,24.235248565673828
1747273084.2348065,-2.7132456201108157,-7.72196436479722,15.276908874511719
1747273084.2915988,-2.711342752768008,-7.708581215228216,22.430896759033203
1747273084.3449972,-2.721005312249426,-7.71415414955384,21.5604305267334
1747273084.4004204,-2.7144860053674567,-7.712946581277558,22.984981536865234
1747273084.4623103,-2.7094500390307026,-7.71379976538106,30.55119514465332
1747273084.5142496,-2.7193916028006133,-7.7158876244583166,21.294593811035156
1747273084.5897098,-2.720980415077146,-7.7085426147876985,24.790287017822266
1747273084.639273,-2.7208417923973824,-7.711641824255736,36.07773780822754
1747273084.6930642,-2.7283412179891666,-7.7274869245215365,29.139280319213867
1747273084.744334,-2.7244353026147214,-7.719852240820399,16.541004180908203
1747273084.791412,-2.723071631010289,-7.710629074823158,35.447120666503906
1747273084.8830702,-2.7243494941684587,-7.706637240901671,56.44345283508301
1747273084.9510772,-2.7429917955332357,-7.707644914279689,56.932926177978516
1747273085.0190768,-2.7317564146866213,-7.704714213213875,57.85703659057617
1747273085.0590785,-2.724640722415728,-7.719087885731976,29.63113784790039
1747273085.1070936,-2.7238427294517367,-7.7276909045197915,38.9714241027832
1747273085.1630633,-2.7171405254609335,-7.721176206134771,46.39744758605957
1747273085.2230897,-2.710084371872748,-7.716801136759731,49.74484443664551
1747273085.279091,-2.709812666420101,-7.71968620414671,46.03433609008789
1747273085.3390808,-2.6819678842659904,-7.7071345244261185,34.952402114868164
1747273085.3990738,-2.6695869819416727,-7.695678981414773,48.96354675292969
1747273085.447148,-2.637710964736401,-7.683531628560033,38.254499435424805
1747273085.501708,-2.6152151450073715,-7.671630162462265,44.416189193725586
1747273085.5833457,-2.5471973789524798,-7.6423013217246885,27.833938598632812
1747273085.6435175,-2.5236148072941798,-7.6261879789090266,23.22554588317871
1747273085.72309,-2.4245735967223814,-7.600980987573611,36.658525466918945
1747273085.8053043,-2.373386919747741,-7.594099462306199,67.75951385498047
1747273085.8853586,-2.2627948672970932,-7.568377785293409,41.036128997802734
1747273085.9201024,-2.1999379113197515,-7.545753596002534,22.656917572021484
1747273086.0031493,-2.1250818206646045,-7.533750937559641,24.92070198059082
1747273086.0602324,-2.104134471208483,-7.528516028481419,32.785654067993164
1747273086.144672,-2.077349128369442,-7.526029861832399,60.285329818725586
1747273086.2063093,-2.038604028329231,-7.513875255342708,32.65571594238281
1747273086.2723472,-2.0220868394488094,-7.503605724155621,39.067745208740234
1747273086.324381,-2.0454940036686713,-7.490589760364733,30.293703079223633
1747273086.3745055,-2.0444833476130797,-7.479888661799805,26.122093200683594
1747273086.4212537,-2.0450903906022138,-7.474460480550772,36.691904067993164
1747273086.4675803,-2.066735965851322,-7.470062393476494,29.30927276611328
1747273086.5095246,-2.076580309854842,-7.465461241739918,23.479938507080078
1747273086.5567534,-2.100495039913211,-7.453376441139831,21.665334701538086
1747273086.5956762,-2.114066314004406,-7.432912824849879,18.248796463012695
1747273086.627827,-2.114495426825866,-7.420671814713149,20.01166343688965
1747273086.6717348,-2.1423677292154286,-7.415452653954467,30.770540237426758
1747273086.7167134,-2.172600222381548,-7.403061087711698,23.71954917907715
1747273086.776041,-2.2175544827629157,-7.386760506226626,26.987314224243164
1747273086.842893,-2.281642305512971,-7.348030722054512,30.123233795166016
1747273086.8869839,-2.3217204780320806,-7.304980909655185,20.779132843017578
1747273086.9317558,-2.343296317895762,-7.258992521710342,28.80072593688965
1747273087.0303602,-2.4166923748789952,-7.194573308974071,32.67359733581543
1747273087.0653174,-2.4369304621133403,-7.165421353325341,19.342660903930664
1747273087.139815,-2.477839556817189,-7.1252182254835255,38.7270450592041
1747273087.2035766,-2.5071805867639787,-7.0792752903898455,29.353618621826172
1747273087.3132288,-2.5420019093460526,-7.032043937137215,14.672517776489258
1747273087.3595343,-2.543751410523222,-7.02148098595062,31.80217742919922
1747273087.4106307,-2.5414911251418384,-7.018357703989905,18.50152015686035
1747273087.4418416,-2.5373469931536263,-7.0083006695967365,18.804073333740234
1747273087.4819043,-2.537230551943824,-6.998242249834281,19.153833389282227
1747273087.5391932,-2.539410822454923,-6.983466928460009,26.820659637451172
1747273087.5726664,-2.5334408755413174,-6.984870505417669,19.0274715423584
1747273087.6163116,-2.5432072104505252,-6.984505347429945,19.852399826049805
1747273087.6673756,-2.549207654934552,-6.965171073209722,19.300222396850586
1747273087.727629,-2.5539618752052338,-6.949167393546657,23.357629776000977
1747273087.811691,-2.549081960622618,-6.943350235432728,24.02973175048828
1747273087.8551128,-2.5447506010234635,-6.942057195894859,31.0971736907959
1747273087.894776,-2.5489050827714683,-6.938532584674209,13.756990432739258
1747273087.924205,-2.5537619063008368,-6.933714803626132,15.455484390258789
1747273087.9902635,-2.558647678588062,-6.926592467292927,29.078006744384766
1747273088.0356798,-2.5602758344755934,-6.923342317328524,27.234554290771484
1747273088.0773451,-2.5614262333282807,-6.929336880233802,15.056133270263672
1747273088.1578047,-2.566955277353557,-6.918986144192571,53.460121154785156
1747273088.1996355,-2.5627820502935723,-6.917430929190321,21.547555923461914
1747273088.2351155,-2.559712849501709,-6.917644149611411,15.742778778076172
1747273088.2631583,-2.5573918065863177,-6.921056366904454,16.41535758972168
1747273088.3187227,-2.555975422252729,-6.925496036416938,22.755146026611328
1747273088.3863037,-2.5553473575531327,-6.922657904443695,25.333881378173828
1747273088.4401205,-2.5567274987863895,-6.924223920412069,25.986909866333008
1747273088.5020156,-2.5537246512755125,-6.92065087429772,24.1696834564209
1747273088.5774446,-2.5597241387203673,-6.917905751348706,34.46555137634277
1747273088.6513824,-2.5681486954740027,-6.918787996666617,36.191701889038086
1747273088.7165732,-2.5793070575390122,-6.9054220940184745,19.538164138793945
1747273088.7556314,-2.5778905831071413,-6.906359795794906,29.6170711517334
1747273088.8211296,-2.6114039159216884,-6.883949646517059,43.46179962158203
1747273088.9070923,-2.6298230756193344,-6.846557269472005,73.62604141235352
1747273088.9586887,-2.6620460373397505,-6.796618655199488,41.368961334228516
1747273089.0176344,-2.6949507124500838,-6.757554544063971,41.51558876037598
1747273089.083077,-2.7242128613853733,-6.700035313419876,42.59061813354492
1747273089.1314576,-2.757458543711909,-6.646242092525963,37.094831466674805
1747273089.191189,-2.7679266068206743,-6.605637448913766,42.001962661743164
1747273089.2325122,-2.7977977565573595,-6.534263653001849,31.67247772216797
1747273089.3030694,-2.834314243904262,-6.4662723750377715,40.17758369445801
1747273089.3526537,-2.862461070437276,-6.3913904143043645,39.24870491027832
1747273089.3785555,-2.865030069411952,-6.336344377910607,15.402555465698242
1747273089.4123502,-2.866121710092023,-6.282143760799838,20.833492279052734
1747273089.4552543,-2.885729784992045,-6.237711161741447,18.62359046936035
1747273089.4988072,-2.900902600188853,-6.1503184890869065,19.17886734008789
1747273089.5563104,-2.906122273654156,-6.066660415671967,28.560876846313477
1747273089.6062138,-2.93062456679704,-5.955699256085315,21.047115325927734
1747273089.6535504,-2.9343106302445414,-5.861485409288033,20.457744598388672
1747273089.699223,-2.9223245444213686,-5.789598501465721,22.58920669555664
1747273089.7552187,-2.938397461428681,-5.680993976266159,22.249221801757812
1747273089.8129365,-2.938174766795414,-5.59612326712702,34.02090072631836
1747273089.8601727,-2.939016368980445,-5.498032311602416,20.921945571899414
1747273089.9109523,-2.931170888941282,-5.429026430762511,24.15776252746582
1747273089.9894636,-2.9047951135997065,-5.2761233079258965,22.960186004638672
1747273090.0159185,-2.895249873728333,-5.185926810284425,14.718055725097656
1747273090.058596,-2.888662495384956,-5.102164025336015,18.0814266204834
1747273090.108909,-2.8806171007055035,-5.019483757821736,27.284860610961914
1747273090.1599066,-2.8544299185612307,-4.876183424740364,22.175073623657227
1747273090.2032754,-2.838298758213873,-4.777508733993079,19.732236862182617
1747273090.2629712,-2.803275020243646,-4.617916961823271,21.242141723632812
1747273090.2891483,-2.7936878833847008,-4.526056841589115,15.114307403564453
1747273090.343224,-2.762465864961468,-4.402935173749751,26.754140853881836
1747273090.393926,-2.7395637113647107,-4.240795686986292,24.46603775024414
1747273090.4415472,-2.7227845384753406,-4.13056284739777,22.55392074584961
1747273090.4895113,-2.708738296663564,-4.013598798666124,24.735212326049805
1747273090.5661726,-2.682452584617816,-3.8426879312758353,39.353132247924805
1747273090.5968633,-2.622507818717141,-3.6602748612974594,18.155336380004883
1747273090.6439252,-2.5833526600368257,-3.4940552491484227,18.282175064086914
1747273090.6755357,-2.5709304766343357,-3.412024231195343,16.696691513061523
1747273090.7148442,-2.5127718510888837,-3.281993086697483,19.322872161865234
1747273090.7478049,-2.479027191394933,-3.163211968292851,18.309831619262695
1747273090.7943437,-2.424550097483486,-3.0806813727218993,31.467914581298828
1747273090.843667,-2.344298936024871,-2.892861685292253,22.25971221923828
1747273090.8886585,-2.288491622611784,-2.754074509054654,25.729656219482422
1747273090.9292867,-2.237736716448654,-2.6335183947653613,24.648666381835938
1747273090.9621572,-2.167414556447475,-2.505605151696665,17.841577529907227
1747273091.0045733,-2.0964977503211797,-2.3909115911180967,29.31070327758789
1747273091.0462475,-2.0035246576982626,-2.275115029350326,18.461942672729492
1747273091.0910614,-1.92820330880927,-2.157430501041659,28.452634811401367
1747273091.1422486,-1.8483599314866477,-2.014390433831825,25.500774383544922
1747273091.1836855,-1.7950287463403316,-1.9302730330427276,22.461891174316406
1747273091.2306845,-1.7384905237305555,-1.8453700188335502,24.60646629333496
1747273091.277614,-1.6151426053754536,-1.685931102420648,27.745485305786133
1747273091.308984,-1.5504373753194187,-1.6132747938930465,19.395112991333008
1747273091.3408144,-1.5053726217842158,-1.5551116021332765,17.017602920532227
1747273091.3747766,-1.4044656927672117,-1.4743227462958073,18.617630004882812
1747273091.4078813,-1.2505209825953136,-1.3820814108407737,19.402265548706055
1747273091.438694,-1.2057451379472393,-1.3627866804353843,16.495704650878906
1747273091.491799,-1.0605899565339072,-1.282557980766744,18.222332000732422
1747273091.5457613,-0.8461328404938915,-1.1703897146595792,18.78499984741211
1747273091.5905244,-0.6772289246698567,-1.1198003600772175,22.203445434570312
1747273091.6385128,-0.5287129951132455,-1.082336954290881,30.076265335083008
1747273091.6908135,-0.42151732288552624,-1.0512056839757775,36.710262298583984
1747273091.7605376,-0.268504400429304,-1.042928362275686,43.19190979003906
1747273091.8213146,-0.12029571763904348,-1.0786493807394153,32.004594802856445
1747273091.8792436,-0.07242529115290625,-1.0882368965052038,46.8595027923584
1747273091.9630923,0.11735332457474568,-1.1422051054722286,58.139801025390625
1747273092.0177567,0.2639391400500062,-1.206876141329689,35.028934478759766
1747273092.090752,0.44227831345591323,-1.2976964182105442,46.15139961242676
1747273092.1283698,0.5993719129707668,-1.3789614907425787,14.597892761230469
1747273092.1586013,0.6488478581830762,-1.4214352689707,16.64113998413086
1747273092.18782,0.7215432141378975,-1.4657891022456222,14.095306396484375
1747273092.2347999,0.798356366808995,-1.4945718140482804,30.06720542907715
1747273092.2774246,0.8971847394527681,-1.5313486126663318,30.475854873657227
1747273092.4082677,1.2864099911816331,-1.6830932163481407,20.729780197143555
1747273092.50166,1.5910155615178385,-1.78330168679596,23.825883865356445
1747273092.5884964,1.8212687788395492,-1.8536031620676918,43.51663589477539
1747273092.6654615,2.005889952325724,-1.8933619409099878,33.3554744720459
1747273092.7038462,2.191815660948544,-1.9421245476299593,15.851736068725586
1747273092.7445307,2.3576377711719845,-1.9939431281976256,18.611669540405273
1747273092.7955663,2.436447971131123,-2.0106652860881895,33.71715545654297
1747273092.8727446,2.620661305595832,-2.0811401373304492,56.342363357543945
1747273092.9158585,2.827600762377545,-2.2101442153116126,19.484519958496094
1747273092.9591904,2.950898531303052,-2.27589139868997,29.825210571289062
1747273093.0431921,3.1490510478049893,-2.4130747593814665,27.82917022705078
1747273093.1177292,3.307186933680195,-2.547619582836973,28.37371826171875
1747273093.1752753,3.3972035457199823,-2.629750645141932,30.16519546508789
1747273093.2729063,3.547273696251527,-2.8839303021978457,27.28724479675293
1747273093.321075,3.594917302104512,-2.937909636313516,36.55242919921875
1747273093.3823056,3.6851824988828854,-3.1778544705527705,23.212432861328125
1747273093.4211185,3.69453123505966,-3.273451064148488,24.535179138183594
1747273093.465244,3.72147805021204,-3.386556605816968,26.346921920776367
1747273093.5021899,3.7455201888179053,-3.5013580796184383,20.811080932617188
1747273093.5578787,3.7448739384101435,-3.6788215480029605,27.997970581054688
1747273093.603341,3.7493908520616603,-3.786662718671701,26.715755462646484
1747273093.6538718,3.7418362541432715,-3.90635646988474,34.583091735839844
1747273093.7130432,3.7103460635357286,-4.078395250258479,30.144453048706055
1747273093.754738,3.6831418355595433,-4.18266169512581,29.51526641845703
1747273093.7969108,3.599740160543851,-4.362411622977599,20.168542861938477
1747273093.856377,3.530034557343652,-4.526402672176193,26.84783935546875
1747273093.930603,3.458231991614182,-4.752489860769132,26.72410011291504
1747273093.9802477,3.4058409553146713,-4.933425937837305,23.830652236938477
1747273094.00999,3.3776901388991005,-5.069574239530248,14.040946960449219
1747273094.0485637,3.3809482871393324,-5.119971575411993,24.404525756835938
1747273094.099119,3.377368684566588,-5.227352499639513,36.51571273803711
1747273094.1441462,3.328529045446395,-5.391912588825416,19.995927810668945
1747273094.206484,3.3228857832518357,-5.504843983528514,49.60441589355469
1747273094.237718,3.293276321977981,-5.657505837972926,19.367694854736328
1747273094.302746,3.2740277624897693,-5.754613448654556,41.683197021484375
1747273094.3450222,3.2639543442185284,-5.901476239702138,22.033214569091797
1747273094.3999631,3.242640809079248,-6.050018036738113,22.307872772216797
1747273094.4550424,3.2246841464914158,-6.125089736605114,26.52883529663086
1747273094.5311515,3.200892645354507,-6.31785169811471,38.686275482177734
1747273094.586397,3.186594814794057,-6.461089441259078,35.01152992248535
1747273094.6690392,3.129864459739909,-6.5893293170246805,41.92972183227539
1747273094.7306306,3.0491309613415734,-6.786459912112001,29.244184494018555
1747273094.7877684,3.009846737309029,-6.911310452533364,25.664091110229492
1747273094.8527153,2.974616431237262,-7.000992093673984,42.603492736816406
1747273094.9116547,2.92083735640368,-7.091183104814979,34.183502197265625
1747273094.950441,2.8527437002907483,-7.1970792874323966,15.283346176147461
1747273094.9924936,2.804533850717053,-7.236475977963414,27.769088745117188
1747273095.0674393,2.6727785437999176,-7.337278604826763,50.12845993041992
1747273095.1322398,2.5459468211862246,-7.440734770242254,29.696941375732422
1747273095.1953418,2.4611549000374318,-7.497588023039464,34.49583053588867
1747273095.2526293,2.366513423591239,-7.547633741934283,35.93134880065918
1747273095.2799737,2.3269768116460634,-7.568533217792705,13.562440872192383
1747273095.3179688,2.2505595038901305,-7.598355782443178,27.849912643432617
1747273095.3807986,2.174126367322871,-7.616265258833891,20.12801170349121
1747273095.432736,2.1351284192386615,-7.622481663569941,41.922807693481445
1747273095.5019426,2.0180658163926126,-7.62722158738079,33.32638740539551
1747273095.5523949,1.9539936891942369,-7.618967821676717,28.647184371948242
1747273095.5957434,1.8743940415361549,-7.607943908851386,25.281667709350586
1747273095.6241388,1.8051071713065214,-7.587586735508904,14.280557632446289
1747273095.649747,1.7758301967666297,-7.565823175157972,12.669563293457031
1747273095.7085693,1.7188540911989951,-7.537159219718262,26.980876922607422
1747273095.739721,1.6255836333711546,-7.496507856458085,13.94963264465332
1747273095.7969866,1.5621020017562368,-7.448541710802156,20.60079574584961
1747273095.837175,1.5194671776919333,-7.405913968755009,14.679431915283203
1747273095.8689675,1.467230250941871,-7.346568577180134,13.61703872680664
1747273095.947145,1.3808303545823084,-7.266007277873215,29.157638549804688
1747273095.9831214,1.320764518517495,-7.200319012514451,21.57878875732422
1747273096.0620477,1.2229853430597482,-7.114815380162752,44.74639892578125
1747273096.118895,1.1006468651942638,-6.988934725619172,29.723167419433594
1747273096.171972,1.0100614132449364,-6.926875276189104,26.369571685791016
1747273096.2376502,0.8759228604862535,-6.851234621325325,55.48667907714844
1747273096.2807345,0.6592709068040722,-6.724917079835923,16.875028610229492
1747273096.3324876,0.6221953420981644,-6.700419984272423,42.33598709106445
1747273096.397664,0.45521557828256026,-6.667311888692124,36.026954650878906
1747273096.4593897,0.3005064261859629,-6.6493625782799555,37.05787658691406
1747273096.52977,0.0749230930214977,-6.646866725825303,19.097566604614258
1747273096.5597305,-0.02710807076213091,-6.668940120696987,15.36107063293457
1747273096.599231,-0.11659497236080721,-6.7019384112378795,12.765645980834961
1747273096.6384983,-0.17680428475533333,-6.740055551874164,17.77815818786621
1747273096.6736197,-0.23939204535124717,-6.7907563450411645,23.925304412841797
1747273096.7066038,-0.29990519579268043,-6.821924889184231,13.100624084472656
1747273096.743151,-0.3685574481701202,-6.870733626647842,19.228696823120117
1747273096.7807722,-0.4385123403902714,-6.926667698592191,22.293806076049805
1747273096.8156962,-0.48883390213242867,-6.97879203353806,24.962902069091797
1747273096.8428137,-0.5292757923621052,-7.006367128117605,15.311717987060547
1747273096.8747075,-0.5799284061069272,-7.061484869361006,13.424158096313477
1747273096.9032738,-0.658870199517843,-7.134893764343859,17.25292205810547
1747273096.9368649,-0.7031106979849668,-7.183349085722556,14.495372772216797
1747273096.9854646,-0.8020894486597765,-7.260888017947904,31.19492530822754
1747273097.0458736,-0.9418167079266127,-7.351260982167787,20.453453063964844
1747273097.083842,-1.0576548024494397,-7.4240013537647505,18.92709732055664
1747273097.1219645,-1.0890203299254724,-7.445803426403646,22.26114273071289
1747273097.1557767,-1.1698790347348584,-7.490580197649536,12.073040008544922
1747273097.1859388,-1.2205199410982668,-7.513206382514387,20.15542984008789
1747273097.2487638,-1.3698211256290251,-7.561346302137478,19.32811737060547
1747273097.290559,-1.4854906457479822,-7.570158926435996,14.833450317382812
1747273097.3492908,-1.5336369225790998,-7.573374668431754,39.78538513183594
1747273097.4634054,-1.8821977552479994,-7.571671053251405,17.559051513671875
1747273097.4943147,-1.9736613552325109,-7.554041208799173,17.7915096282959
1747273097.5379014,-2.1171972715826626,-7.510909762966515,27.730941772460938
1747273097.570222,-2.1954201206379,-7.476873534395563,16.447067260742188
1747273097.6107407,-2.2711643296937907,-7.436785910485688,20.221948623657227
1747273097.7044284,-2.400799701022874,-7.356847990873284,21.916627883911133
1747273097.744778,-2.445601587317611,-7.310811068130835,21.60358428955078
1747273097.7979178,-2.5138729777273365,-7.247813979613723,19.875049591064453
1747273097.8584514,-2.5466891896264174,-7.197795804979918,23.82636070251465
1747273097.9472222,-2.615154364148787,-7.10595974736016,36.85474395751953
1747273097.9992285,-2.62997758758389,-7.060607171721019,40.2979850769043
1747273098.0280306,-2.6652937131140986,-6.988770775063984,17.145156860351562
1747273098.0766287,-2.6765357520056114,-6.937835124144757,21.38686180114746
1747273098.1311245,-2.681360716408773,-6.88088976752475,23.453235626220703
1747273098.1968324,-2.7051254125750868,-6.7863533933519244,22.800207138061523
1747273098.2555947,-2.7231924046776568,-6.708053704140755,25.032997131347656
1747273098.318601,-2.7387794692122105,-6.620588019814978,21.362781524658203
1747273098.3920233,-2.751692800288449,-6.5294909242151284,26.884794235229492
1747273098.4286904,-2.780218174036128,-6.433758660414621,18.34273338317871
1747273098.5011811,-2.7984070773874934,-6.32689058145071,25.27451515197754
1747273098.5511916,-2.812483559321804,-6.2331652663069175,27.371644973754883
1747273098.6262167,-2.8485560862328967,-6.102898282324743,15.50149917602539
1747273098.6553202,-2.861563029930544,-6.037709440112849,15.41447639465332
1747273098.6852434,-2.8702527723886044,-5.943311353954576,15.458106994628906
1747273098.7167912,-2.8691024011018365,-5.893875086036803,16.245603561401367
1747273098.7466378,-2.9149683032702955,-5.821505513081305,15.689373016357422
1747273098.7875476,-2.935537186721563,-5.789088577766551,24.115800857543945
1747273098.8400452,-2.9431510520370274,-5.655310627386896,25.18153190612793
1747273098.8864012,-2.9751722656746526,-5.57433809685866,21.805763244628906
1747273098.938245,-2.9853596572758483,-5.457894722613952,18.381834030151367
1747273098.9953196,-3.0073391320060514,-5.388326079128149,37.63580322265625
1747273099.0504131,-3.0156313698169495,-5.296199771671281,44.30222511291504
1747273099.0946927,-3.0035410428586236,-5.110874849363155,19.33598518371582
1747273099.120189,-3.0004872177791224,-5.060995737530078,15.636920928955078
1747273099.151835,-2.9892082582903376,-4.973386112683872,16.41702651977539
1747273099.1801462,-2.984257184722995,-4.923993260447136,15.616893768310547
1747273099.2092683,-2.9659769195628334,-4.832029144664271,14.660358428955078
1747273099.2584517,-2.9566622539917713,-4.772377655002048,33.90979766845703
1747273099.3213131,-2.921467084383214,-4.56309514886106,32.45353698730469
1747273099.3755748,-2.880263116716257,-4.415193606995986,15.34128189086914
1747273099.420147,-2.848870365755021,-4.313533131817746,30.37285804748535
1747273099.4811425,-2.802177617186529,-4.18902828639653,35.57634353637695
1747273099.5343952,-2.756370251006489,-4.023346162163693,28.84221076965332
1747273099.5931935,-2.7317506813297237,-3.9059679766306883,48.27618598937988
1747273099.6328983,-2.641861689253761,-3.6958753073639237,21.527767181396484
1747273099.6606965,-2.62233748226938,-3.6390870017898367,15.143632888793945
1747273099.6901145,-2.555526726034367,-3.5053572750122255,13.73434066772461
1747273099.7310934,-2.533587089354928,-3.4497144468229752,27.043819427490234
1747273099.8233917,-2.397620138346829,-3.171200351258692,32.19771385192871
1747273099.9028125,-2.253057713354926,-2.9267390902286383,21.809816360473633
1747273099.945501,-2.1879133113772715,-2.81458278185747,23.640155792236328
1747273100.041506,-1.9928611657465136,-2.499839187682799,23.09703826904297
1747273100.0903485,-1.9186748443768695,-2.371600270459906,27.805566787719727
1747273100.1874192,-1.7439368143799516,-2.07658465795457,26.788949966430664
1747273100.2467732,-1.63646321958899,-1.9094321920504016,36.487579345703125
1747273100.303986,-1.5678328704000781,-1.7971238215433902,35.21323204040527
1747273100.361419,-1.4241237339097326,-1.639302921471109,29.843568801879883
1747273100.4052873,-1.2347921812112939,-1.5180334564621776,21.47531509399414
1747273100.438304,-1.1525058465447393,-1.4347795251908568,16.739606857299805
1747273100.4785528,-1.0294668995398406,-1.3642036040529917,27.425289154052734
1747273100.5192935,-0.9431183630656259,-1.282861459476239,22.746801376342773
1747273100.5781238,-0.8300356937628622,-1.2097886493810854,39.63780403137207
1747273100.6352456,-0.8360954953076389,-1.1399219992646554,28.09739112854004
1747273100.6653247,-0.796523755519367,-1.0941030858849001,16.811132431030273
1747273100.7014048,-0.7029919914490808,-1.0668607078292958,18.353939056396484
1747273100.7293925,-0.605198198993234,-1.0480177776014097,14.981269836425781
1747273100.7600567,-0.5617287853332653,-1.0352745956737133,16.463756561279297
1747273100.7894485,-0.4435601729804632,-1.0388756867928581,14.580488204956055
1747273100.830386,-0.3382425362573089,-1.0405302734937243,21.294355392456055
1747273100.9184573,-0.031247645341385466,-1.1065819249760458,29.728412628173828
1747273100.975719,0.13452139414238312,-1.165343470701203,31.308889389038086
1747273101.0061543,0.2710725091515951,-1.2152734305959234,16.196012496948242
1747273101.0676684,0.4908455808831582,-1.3122729644617661,18.14723014831543
1747273101.1090436,0.5573053451405019,-1.3509168780327074,22.69434928894043
1747273101.167041,0.7137596087296333,-1.4247316968851227,35.59732437133789
1747273101.2275543,0.7823931584054896,-1.465466417414021,38.97547721862793
1747273101.2602854,1.0059893758955585,-1.5565228953101096,12.769460678100586
1747273101.307459,1.138437949071579,-1.6050516350640034,30.420303344726562
1747273101.3555696,1.2525980778291368,-1.647820380408276,30.152559280395508
1747273101.44713,1.5561268517184534,-1.762713330929544,30.59697151184082
1747273101.5006182,1.7779127746008805,-1.8417733541085646,26.390790939331055
1747273101.553325,1.8601132554125486,-1.870385687688326,33.48135948181152
1747273101.6483655,2.16968282756961,-2.0016233299717685,19.279003143310547
1747273101.7010214,2.373052602593571,-2.061958286068674,29.663801193237305
1747273101.7911315,2.63150596834198,-2.1675370411347843,21.21567726135254
1747273101.8295796,2.7384414010663276,-2.2036682506707184,20.842313766479492
1747273101.8994653,2.858872574396622,-2.2787682589554006,41.57543182373047
1747273101.9431384,2.994337661730825,-2.369645301466902,26.739835739135742
1747273101.9884436,3.129227823934741,-2.4801510961235955,17.681598663330078
1747273102.0215304,3.147426798051675,-2.5096649951006293,17.11416244506836
1747273102.1204212,3.2622305396261115,-2.6175094795565164,54.66055870056152
1747273102.191276,3.3987830669468218,-2.7988721172186097,50.066232681274414
1747273102.223267,3.493247065066395,-2.942424092284914,18.558025360107422
1747273102.2611485,3.566377523521308,-3.0497497295579112,18.352270126342773
1747273102.3011801,3.5880219808728606,-3.1453324833236644,22.533893585205078
1747273102.3591723,3.654803877527305,-3.2844974961067215,20.195722579956055
1747273102.438259,3.6998149669545572,-3.4504783989405485,36.00454330444336
1747273102.5417864,3.722170137379819,-3.801001496418672,21.774768829345703
1747273102.5871253,3.6913469825669027,-3.966704077925288,21.21758460998535
1747273102.6178365,3.6750456228487414,-4.026285711753324,18.442630767822266
1747273102.657018,3.638115532668752,-4.136324386854365,26.9010066986084
1747273102.686604,3.5981825956443756,-4.275757566864707,17.163753509521484
1747273102.7203891,3.5594410374009584,-4.340630449098475,16.90983772277832
1747273102.7580023,3.511050968763616,-4.494478580935394,21.209239959716797
1747273102.7953107,3.4745989770920924,-4.620651089764232,17.682552337646484
1747273102.8243778,3.4686888976827364,-4.709586301346623,15.839576721191406
1747273102.8566391,3.4175464542552607,-4.864282535923007,17.167329788208008
1747273102.8896213,3.4014131013423645,-4.9331881287787365,19.505739212036133
1747273102.987639,3.3167566075548534,-5.217760354380308,23.373842239379883
1747273103.033553,3.296680071026957,-5.370651598530085,29.274702072143555
1747273103.0835116,3.2607577134407775,-5.502046371166102,28.437376022338867
1747273103.1478362,3.261759379264846,-5.605034990610345,53.76625061035156
1747273103.201813,3.2672745707126407,-5.75872184967538,31.94403648376465
1747273103.2713854,3.2656543500010247,-5.909826058474992,39.51430320739746
1747273103.3500345,3.2082929177993806,-6.165599607501839,23.974895477294922
1747273103.4113007,3.1803794896586686,-6.26100337225852,34.59501266479492
1747273103.471225,3.139527609278197,-6.441267274187202,24.72519874572754
1747273103.5193756,3.1114548064113903,-6.56638813263864,21.006107330322266
1747273103.6152525,3.028052489972096,-6.746061422967422,25.675058364868164
1747273103.6790888,2.973852219112306,-6.8757544393314785,39.961814880371094
1747273103.7391045,2.9142630737306914,-6.98765302736286,33.522844314575195
1747273103.7995174,2.8395817189762513,-7.105215774816587,35.437822341918945
1747273103.85247,2.765269626251649,-7.208529072650453,34.28792953491211
1747273103.9191086,2.721160601331231,-7.28541492391595,31.432390213012695
1747273103.9687302,2.6262994607046153,-7.352528293658198,27.376651763916016
1747273104.0354285,2.550879459806188,-7.42134401222056,37.72425651550293
1747273104.09939,2.445589040837755,-7.470328978434909,25.316715240478516
1747273104.180854,2.3011527612997784,-7.516864499777173,12.868404388427734
1747273104.2219322,2.2272781343956827,-7.52137489904428,25.9552001953125
1747273104.2792788,2.1698461975348406,-7.521117608731021,30.768632888793945
1747273104.3094902,2.1440694159041493,-7.536842737459327,18.230915069580078
1747273104.3704355,2.062116377611207,-7.5325864787529415,23.148536682128906
1747273104.435578,1.9315939775902944,-7.514907029956184,25.22754669189453
1747273104.4957843,1.8199639577253561,-7.486540211539714,21.161317825317383
1747273104.5483644,1.7518599404395416,-7.448503206443574,19.793987274169922
1747273104.6112356,1.6621990268527578,-7.400260528233673,31.458616256713867
1747273104.6643293,1.5653618709194137,-7.357936375580689,20.03026008605957
1747273104.7179306,1.4927204816744066,-7.3020203039451035,18.633127212524414
1747273104.7749178,1.4063928101451475,-7.222473144304578,18.20540428161621
1747273104.8401647,1.3341081006021103,-7.161927259776258,34.278154373168945
1747273104.9070866,1.242970042321763,-7.060158592623559,39.526939392089844
1747273104.9602125,1.136593964047954,-6.96237629275201,38.59233856201172
1747273105.020654,1.013917759102327,-6.863401326333581,35.292625427246094
1747273105.0728376,0.8300511006281018,-6.783191546314637,29.182910919189453
1747273105.132731,0.7508409813418531,-6.710862347939052,35.071372985839844
1747273105.1899033,0.6319929933102292,-6.648283520974095,31.502246856689453
1747273105.25286,0.4872900204115122,-6.597931466099954,42.12212562561035
1747273105.3092256,0.30539012931899,-6.575365016716956,31.148672103881836
1747273105.3727987,0.1150483006247122,-6.594386301361045,40.99917411804199
1747273105.4252248,-0.030666827319655567,-6.627467473721,33.62131118774414
1747273105.4728165,-0.11486425339904076,-6.667699678003773,27.727127075195312
1747273105.5329278,-0.18636571214922537,-6.725984899917741,48.88463020324707
1747273105.6031263,-0.3293439526874112,-6.826962111460109,51.47814750671387
1747273105.6548767,-0.4688843319919918,-6.933147412078709,24.49798583984375
1747273105.7432282,-0.5643840234774297,-7.027556454926385,32.29713439941406
1747273105.8193681,-0.7550954997925203,-7.202900467448433,17.713069915771484
1747273105.847288,-0.8203606910824766,-7.284162036971112,15.053033828735352
1747273105.8975964,-0.8889280816471952,-7.357657701577636,22.637605667114258
1747273105.9592478,-1.014197495696818,-7.4547559998570385,18.781423568725586
1747273106.0157478,-1.1075883478825506,-7.52547371050348,22.090911865234375
1747273106.0625544,-1.2138670124034876,-7.5758182112147185,20.457983016967773
1747273106.128248,-1.3426559805855987,-7.63308802968355,38.010597229003906
1747273106.1803703,-1.497000852950327,-7.69184965309122,21.11983299255371
1747273106.242277,-1.6202048248053373,-7.720797968593878,26.28326416015625
1747273106.2913618,-1.800428652993687,-7.7558569562763395,23.09727668762207
1747273106.3502727,-1.9232359259035714,-7.768286130827695,25.45309066772461
1747273106.411291,-2.1257883656284244,-7.751988013148644,22.85003662109375
1747273106.4715304,-2.2279167636856982,-7.722274934607251,24.347543716430664
1747273106.5410116,-2.3695567621947418,-7.683978182561455,21.079301834106445
1747273106.5802627,-2.4403717189837604,-7.646879526000076,22.803068161010742
1747273106.630404,-2.4989632946128233,-7.608673460773504,22.32813835144043
1747273106.6959376,-2.600285612820617,-7.565923417075288,27.74190902709961
1747273106.7452836,-2.65596988797888,-7.514371517008974,15.126466751098633
1747273106.778611,-2.6754917622524936,-7.477794951930825,17.81153678894043
1747273106.8111365,-2.6917067201765423,-7.433687303876114,19.298553466796875
1747273106.8688748,-2.722141129969736,-7.391631476445834,21.94666862487793
1747273106.9213266,-2.755521171658045,-7.324644088198014,21.761417388916016
1747273106.9902365,-2.804889385644803,-7.2483583949080455,24.30415153503418
1747273107.0427756,-2.844695862889934,-7.181257960264238,23.609638214111328
1747273107.1032002,-2.848944651008485,-7.127403185632502,23.863792419433594
1747273107.1414704,-2.8437436559451537,-7.093104643613703,24.921417236328125
1747273107.1937573,-2.866867279170425,-7.049339853688743,37.41574287414551
1747273107.2794883,-2.8576226323588463,-6.927826471171939,19.787311553955078
1747273107.319095,-2.8636474311592783,-6.863298553889421,26.336669921875
1747273107.3536875,-2.8652210907166746,-6.808369564383476,16.156911849975586
1747273107.4376695,-2.8620638570685664,-6.712208952079575,26.178359985351562
1747273107.5017443,-2.835488700359271,-6.674693957250497,38.10834884643555
1747273107.6093922,-2.8406825679572094,-6.421825937855706,13.562440872192383
1747273107.6666698,-2.8383299425198683,-6.353469146210823,24.705886840820312
1747273107.7050562,-2.84710625564965,-6.2717429106968465,22.830963134765625
1747273107.74599,-2.853490146798638,-6.198273497864571,24.996519088745117
1747273107.781322,-2.850242256042058,-6.118564259373022,17.832517623901367
1747273107.8091922,-2.873908465013811,-6.045235732337666,16.624927520751953
1747273107.837946,-2.885302209079734,-6.011379107930539,14.88351821899414
1747273107.867453,-2.890239223382715,-5.977768768484159,17.484188079833984
1747273107.9024425,-2.9017461251094945,-5.888844480644958,21.073341369628906
1747273107.9628086,-2.918664141934131,-5.7515423929199265,32.00483322143555
1747273108.0062237,-2.9249830169596747,-5.675876593498608,23.32758903503418
1747273108.0682437,-2.9515111702286436,-5.503994212146296,15.832901000976562
1747273108.1073887,-2.9622341136446053,-5.455284171156157,29.894351959228516
1747273108.1316967,-2.9632865382983766,-5.3873800641245015,14.510869979858398
1747273108.1951194,-2.9638806523230663,-5.3014622099994675,30.19881248474121
1747273108.2518601,-2.9764923773798797,-5.174447757492786,24.999141693115234
1747273108.307415,-2.976223026239442,-5.024868951694116,20.21312713623047
1747273108.3577878,-2.977348596598426,-4.8698486204432365,19.08731460571289
1747273108.4351087,-2.9769496936964392,-4.701464900459333,29.44159507751465
1747273108.4840734,-2.9423457548741627,-4.544169106655064,34.21354293823242
1747273108.5886428,-2.891708353086556,-4.300629721392135,33.83779525756836
1747273108.657973,-2.8848117326856553,-4.155225682462745,44.522762298583984
1747273108.7082548,-2.843186285332955,-3.9079974761684393,30.617475509643555
1747273108.761465,-2.8275053750494297,-3.7831928023978856,27.962684631347656
1747273108.8132036,-2.7711811831602473,-3.6103732120861745,38.30862045288086
1747273108.884018,-2.6543915929037634,-3.453589171271522,52.30236053466797
1747273108.9176512,-2.5864354400858507,-3.309154611687468,15.709638595581055
1747273108.9573922,-2.5526797639663577,-3.216951407823419,27.13751792907715
1747273109.0081658,-2.451036252590523,-3.06937857988197,35.09688377380371
1747273109.062929,-2.335986561354717,-2.909493135956665,24.369478225708008
1747273109.1270764,-2.2245810241915813,-2.763449079177688,53.3449649810791
1747273109.1798272,-2.0752046525750587,-2.52142239742982,29.219865798950195
1747273109.2343922,-1.99730864014585,-2.4090923927825734,43.64013671875
1747273109.2791061,-1.870807755692074,-2.2550910097621153,31.01825714111328
1747273109.3205166,-1.8267273495139889,-2.1838265782118915,31.520605087280273
1747273109.3829725,-1.701324542683146,-2.016800886525901,33.56575965881348
1747273109.448584,-1.5358291409511287,-1.7960306703280189,38.06304931640625
1747273109.5130913,-1.4001927163998247,-1.6414428778067172,36.420583724975586
1747273109.551219,-1.3095620376575643,-1.542805968704636,21.24190330505371
1747273109.590781,-1.215391645223627,-1.4572484188854373,26.09992027282715
1747273109.6333687,-1.0841643161229435,-1.3627217591927647,25.569677352905273
1747273109.695265,-0.9206172165951414,-1.2886705712676263,33.18214416503906
1747273109.7605233,-0.685704067117531,-1.2087388655007192,39.0162467956543
1747273109.83361,-0.44384641108215783,-1.1388340310425784,36.71717643737793
1747273109.9085658,-0.23267776339242008,-1.0952760610096801,45.74155807495117
1747273109.965546,0.030301526062535455,-1.0754256622118867,34.0113639831543
1747273110.044532,0.2832103721368828,-1.09560193742273,22.280216217041016
1747273110.1061218,0.4712280024708681,-1.1377615288045642,33.91075134277344
1747273110.151555,0.5086392615736423,-1.1985530501792623,24.755477905273438
1747273110.1773722,0.5397682692323308,-1.2389047086246978,14.561891555786133
1747273110.2050517,0.695431370389907,-1.276849416538608,15.883445739746094
1747273110.2499852,0.9203970456313005,-1.3368049145833756,24.313688278198242
1747273110.3054621,1.1361424419982695,-1.4044667558297608,35.76803207397461
1747273110.3558364,1.0866539528427357,-1.4778231963736628,28.50961685180664
1747273110.4151914,1.0572852418677907,-1.56176828590523,31.5399169921875
1747273110.4831097,1.20767116685161,-1.6724030702366846,43.34211349487305
1747273110.5396597,1.3401728163307538,-1.7605419869991583,28.530597686767578
1747273110.5759192,1.509383838684274,-1.8545205957351663,23.844480514526367
1747273110.6144824,1.5977251680053457,-1.9031456971806073,25.588274002075195
1747273110.6485958,1.7051197583967164,-1.9692824162138105,16.6170597076416
1747273110.680002,1.7330627537480772,-1.9821953027279917,16.669034957885742
1747273110.7350616,1.8623322976975984,-2.048336203391316,37.291765213012695
1747273110.7652836,1.99099021818581,-2.110040095659464,15.398979187011719
1747273110.8015988,2.0766821163063565,-2.1506252846207223,20.717144012451172
1747273110.8500063,2.2137830369202858,-2.1981517276455844,23.34117889404297
1747273110.8913922,2.304510288533254,-2.2402493348685315,23.569583892822266
1747273110.94643,2.4453734368116486,-2.320948192780809,27.747392654418945
1747273111.0071318,2.576896830191899,-2.3814331645338584,38.22445869445801
1747273111.0834944,2.826498740793414,-2.5533901970323813,22.82881736755371
1747273111.142403,2.9778092204070123,-2.650787464902927,25.145769119262695
1747273111.2203693,3.13075961763683,-2.750611948553654,23.888587951660156
1747273111.2538204,3.280716986995653,-2.867412382205229,18.163681030273438
1747273111.309783,3.3378235806782657,-2.951557642747426,24.25694465637207
1747273111.3638113,3.433987726625083,-3.0761623369315707,21.0416316986084
1747273111.4208443,3.5288022496242104,-3.199948144089457,31.445026397705078
1747273111.4793262,3.605911147224197,-3.3119615106041045,28.046846389770508
1747273111.544025,3.693229345568602,-3.5378291974652156,28.208255767822266
1747273111.5971441,3.7227739086835614,-3.6427634812323335,25.530099868774414
1747273111.6594605,3.7635548375107852,-3.8971818479841045,25.692462921142578
1747273111.75682,3.760253850904099,-4.133108147022585,33.38146209716797
1747273111.809157,3.7095327728933283,-4.309803536324371,31.89253807067871
1747273111.8435686,3.6405998457650894,-4.443343354904296,18.997907638549805
1747273111.887716,3.5836139457724627,-4.590924778193324,21.547794342041016
1747273111.94108,3.5450032958356728,-4.787193811032456,23.238182067871094
1747273111.9917715,3.4960000908836055,-4.918050311589088,25.30646324157715
1747273112.0473363,3.434100230910491,-5.0921359993128705,23.51093292236328
1747273112.1065602,3.415191510915401,-5.2577444860364055,21.33941650390625
1747273112.1649773,3.3861339649125326,-5.422179735659643,20.859241485595703
1747273112.2272112,3.3656062938423332,-5.577666466473403,22.99356460571289
1747273112.303337,3.3395846636569138,-5.737802290514145,40.76719284057617
1747273112.3499181,3.297046472830239,-5.89975473946582,29.325008392333984
1747273112.4300032,3.2299368733387004,-6.0678265913967095,21.81267738342285
1747273112.4767294,3.209498284211185,-6.163563268459822,25.124549865722656
1747273112.5687723,3.1163409031792972,-6.418709422520596,23.243188858032227
1747273112.63558,3.084534474918714,-6.503592206160176,41.49818420410156
1747273112.740289,2.878502244019423,-6.791413646953462,15.250205993652344
1747273112.768295,2.81927549879706,-6.867673862268253,16.61086082458496
1747273112.829984,2.7585194967650626,-6.928740028304752,43.923377990722656
1747273112.8888435,2.652656862080239,-7.0026995906249665,40.12441635131836
1747273112.9874077,2.5063026755956397,-7.081569958340128,22.30048179626465
1747273113.0431066,2.4431943591341607,-7.094867026568981,36.5142822265625
1747273113.0999897,2.362989131155845,-7.10422195025967,15.328407287597656
1747273113.1314654,2.2663006915905255,-7.1171923530384875,19.39845085144043
1747273113.2033355,2.1688203101632535,-7.122754986157105,21.229982376098633
1747273113.2471244,2.117319172243698,-7.120761756372099,29.798507690429688
1747273113.281379,2.0264913836919596,-7.113316239078189,14.835357666015625
1747273113.3211732,1.9705759271511762,-7.106200599564557,28.32174301147461
1747273113.3702145,1.8787664671255118,-7.091409378836666,21.546363830566406
1747273113.3993437,1.8350915441711289,-7.075082758774732,12.628316879272461
1747273113.4318004,1.8083500936411365,-7.056204851418683,14.527559280395508
1747273113.4850338,1.75915172955598,-7.032167448044798,28.03802490234375
1747273113.536229,1.6634672778301893,-6.994963150818915,15.594959259033203
1747273113.5664115,1.5923129376939258,-6.956241301446932,15.027284622192383
1747273113.5929873,1.569558525662513,-6.9353592376910775,13.22174072265625
1747273113.620152,1.4832023703918715,-6.906182482462595,12.265682220458984
1747273113.6487765,1.438417502801295,-6.88478182054954,15.655517578125
1747273113.6788685,1.353710360500692,-6.850779221981798,12.200355529785156
1747273113.706258,1.3104206712356037,-6.828449362153602,14.542102813720703
1747273113.7382712,1.2128570806348724,-6.794278381656217,14.2364501953125
1747273113.7620258,1.1728146370530217,-6.774180983746939,13.47970962524414
1747273113.801836,1.0940924476863336,-6.733368137446909,28.758525848388672
1747273113.8722742,0.9587179716717099,-6.6962233504335185,41.48745536804199
1747273113.914399,0.838766336899653,-6.668032182296615,28.03635597229004
1747273113.9661484,0.6822374827233932,-6.651418882085965,33.36167335510254
1747273113.990823,0.6062293633882572,-6.644640643912017,14.572381973266602
1747273114.0233347,0.5223004385474236,-6.6542161515257074,19.93536949157715
1747273114.0816858,0.35330993910969294,-6.668368682346317,21.501779556274414
1747273114.124685,0.2738623582131682,-6.688262624837352,18.35155487060547
1747273114.171335,0.1635130974933996,-6.724640628004353,25.264501571655273
1747273114.2239017,0.0317032218488975,-6.780675115264708,24.963855743408203
1747273114.2742226,-0.03445878068385619,-6.81704349451472,31.265735626220703
1747273114.3335154,-0.1578323664944376,-6.897012022897911,22.829532623291016
1747273114.373256,-0.2491836496415972,-6.973546830994935,24.61528778076172
1747273114.403626,-0.3314754522441298,-7.022110352530898,14.089107513427734
1747273114.435547,-0.36824269659496767,-7.056635927701295,17.35973358154297
1747273114.473019,-0.4581384899664569,-7.1183295849204375,14.358758926391602
1747273114.5186467,-0.5076294893646751,-7.164839109032918,18.86749267578125
1747273114.5597036,-0.6234420123231272,-7.238140722893579,19.840478897094727
1747273114.6052756,-0.7243924898144337,-7.294362929717164,27.57859230041504
1747273114.639197,-0.7979681208202571,-7.350026745821427,18.88895034790039
1747273114.6791563,-0.8936941957621249,-7.401968142224207,27.959108352661133
1747273114.7291486,-1.0813536506076544,-7.478382298917683,20.285606384277344
1747273114.7758522,-1.1179008815726603,-7.491503628717202,31.946420669555664
1747273114.8122363,-1.2759826578618063,-7.533994974269114,19.33574676513672
1747273114.8466814,-1.3236852379955726,-7.545500145302902,21.200180053710938
1747273114.885306,-1.376254114400453,-7.559875894153281,23.14591407775879
1747273114.9166725,-1.4573218447949983,-7.5670965764814575,16.47472381591797
1747273114.94662,-1.5222602349896437,-7.577454814194704,17.16780662536621
1747273114.9807127,-1.5900168662019132,-7.576909628964758,18.270254135131836
1747273115.0089457,-1.698976295101223,-7.585049885555602,16.147851943969727
1747273115.0399811,-1.7435220500266415,-7.577629006729904,19.92654800415039
1747273115.0991552,-1.8052907715294941,-7.571070265436477,39.94607925415039
1747273115.156185,-1.9486247858449994,-7.559881330875239,30.081510543823242
1747273115.2064636,-2.1098232745081225,-7.516554934048435,17.96746253967285
1747273115.243619,-2.1688917426888055,-7.4948055682828425,22.311925888061523
1747273115.3234477,-2.2838852167708157,-7.4397217490328735,44.02947425842285
1747273115.3825915,-2.400840220461102,-7.372435258993295,25.257587432861328
1747273115.4164453,-2.522019232573518,-7.29976183026629,15.347957611083984
1747273115.4420533,-2.5496539073013,-7.276686215538023,14.828920364379883
1747273115.472946,-2.5908328087579613,-7.220015583809236,18.01466941833496
1747273115.5034764,-2.5994550249504242,-7.184696800224002,17.086505889892578
1747273115.5373716,-2.611799739814003,-7.13918020272166,17.65608787536621
1747273115.586068,-2.625787559193443,-7.108253016715008,35.38966178894043
1747273115.6411383,-2.675192769895886,-7.013357650065068,22.684335708618164
1747273115.685889,-2.704493463558079,-6.955227208653383,14.383554458618164
1747273115.723537,-2.72111408200701,-6.901179745766939,20.611286163330078
1747273115.8047776,-2.7388339353878064,-6.8306286099214395,45.03226280212402
1747273115.8760505,-2.753729723788837,-6.73038161732501,48.26807975769043
1747273115.9201865,-2.764404337078129,-6.644206272815639,21.024227142333984
1747273115.9479718,-2.7718146457380466,-6.582985292866301,15.888690948486328
1747273115.9887483,-2.7698720651488014,-6.559391898609201,25.580167770385742
1747273116.054878,-2.7926450035660237,-6.462933159236844,36.08059883117676
1747273116.123665,-2.815149518960108,-6.366307561309466,44.11888122558594
1747273116.1943974,-2.828587625900867,-6.241795686096911,35.675764083862305
1747273116.2315857,-2.839113654745879,-6.137287485838602,14.105796813964844
1747273116.2607386,-2.839894731117915,-6.102109006359893,15.014886856079102
1747273116.352582,-2.8630337626436058,-5.995007700846979,47.66201972961426
1747273116.389416,-2.8896338283063376,-5.857155926678365,19.66238021850586
1747273116.4379864,-2.920037908642585,-5.765550882514936,25.34198760986328
1747273116.4827108,-2.926736147961108,-5.68791503978007,21.620988845825195
1747273116.524626,-2.9246430964434507,-5.606018249964297,22.663593292236328
1747273116.583109,-2.9279232702044835,-5.484581363262784,34.50322151184082
1747273116.637291,-2.9488013699476756,-5.353228347568647,28.588294982910156
1747273116.704997,-2.9540238626131545,-5.187371327713775,37.37020492553711
1747273116.7549524,-2.9679759241014967,-5.092911282778001,35.42447090148926
1747273116.8250587,-2.9620919939577477,-4.948506133534078,50.249338150024414
1747273116.8806157,-2.9411570556419,-4.767349473485936,27.496814727783203
1747273116.9432266,-2.912553926812006,-4.6713117377246105,48.940420150756836
1747273116.9962084,-2.8718682911529347,-4.475366310402701,18.863439559936523
1747273117.0526388,-2.8403918183271744,-4.311514316068699,23.096561431884766
1747273117.1101918,-2.8070376534881696,-4.186817663118689,29.099702835083008
1747273117.1872203,-2.7461810253322616,-3.968398799299787,25.837421417236328
1747273117.2137127,-2.707659481722179,-3.8468056438123357,15.711069107055664
1747273117.2724373,-2.678753345608896,-3.740577900432135,24.32537078857422
1747273117.3308377,-2.595308860011166,-3.551247882511513,24.672269821166992
1747273117.3794136,-2.5088654979620104,-3.35867059316552,14.964818954467773
1747273117.419075,-2.425382871852748,-3.2182320626437786,27.284622192382812
1747273117.4851065,-2.369698740054413,-3.0839647199068785,50.34780502319336
1747273117.5244534,-2.2725445426851225,-2.898321471674505,17.61317253112793
1747273117.5533853,-2.18810753005312,-2.7510864664894954,17.284154891967773
1747273117.6280699,-2.125144479452191,-2.637510926221821,29.510021209716797
1747273117.752425,-1.7912311891828436,-2.2082480679241154,17.94576644897461
1747273117.7895892,-1.777668278320503,-2.1522887452428785,25.877952575683594
1747273117.8433764,-1.7156485647456616,-2.0365809174884024,32.1197509765625
1747273117.8706274,-1.6022539116863805,-1.8869998493129905,16.448497772216797
1747273117.9140637,-1.5187572237348934,-1.7643424171643554,20.7827091217041
1747273117.984864,-1.4626068368768432,-1.6564118470586369,31.13389015197754
1747273118.0443933,-1.2575966576168889,-1.4544837081440025,15.718936920166016
1747273118.0965562,-1.130552899521482,-1.377639735491207,24.69944953918457
1747273118.135608,-1.0294940256028202,-1.2873226087693945,20.652294158935547
1747273118.1837175,-0.858926505428188,-1.184662789916745,30.614376068115234
1747273118.228123,-0.7187867704084521,-1.1274438790944135,22.315502166748047
1747273118.2687225,-0.5788310203402108,-1.0839698244223372,22.958755493164062
1747273118.3134124,-0.590824339441217,-1.029200733394769,26.424169540405273
1747273118.370493,-0.4494698024565775,-0.9967481226954098,36.499738693237305
1747273118.41248,-0.2652367033236443,-0.9899635699681633,22.11785316467285
1747273118.4927406,-0.05880386061054807,-1.0371840959525875,14.823675155639648
1747273118.5308697,0.03913029142761419,-1.06855227941739,21.66008949279785
1747273118.5913062,0.17071676226663693,-1.1169029297549713,35.085439682006836
1747273118.6419055,0.33058202269318526,-1.2002429747150443,25.368213653564453
1747273118.6926198,0.4449714114230624,-1.2436825552994861,22.438526153564453
1747273118.7695606,0.6596643165729925,-1.339561519622661,21.322965621948242
1747273118.816824,0.7568104078131644,-1.394899100688276,33.70952606201172
1747273118.8512158,0.8544440914933553,-1.431709803285922,24.02949333190918
1747273118.8758178,0.953417596551757,-1.4684696847388734,14.043092727661133
1747273118.9190848,1.1072920296997648,-1.534390267220153,18.649578094482422
1747273118.9772055,1.2023310076626195,-1.5747677778955165,21.415233612060547
1747273119.0240324,1.368104829332061,-1.6338519104300637,19.103050231933594
1747273119.0708413,1.481261932593789,-1.6862806329348352,22.951841354370117
1747273119.1468756,1.6590285904846171,-1.7430080523421763,48.61259460449219
1747273119.1872606,1.841208385819763,-1.8045593054675866,27.694225311279297
1747273119.223221,1.9353365983850475,-1.8338584294111866,18.880367279052734
1747273119.2603898,2.0501066725356494,-1.8746633451497865,22.083759307861328
1747273119.3099236,2.1316025174301925,-1.8999481008367236,26.39627456665039
1747273119.375431,2.2884625326747594,-1.9583302899417088,35.82906723022461
1747273119.4307475,2.454593667566135,-2.0288602921570185,35.401105880737305
1747273119.4899704,2.637899453539764,-2.1131146179538964,30.994176864624023
1747273119.5404422,2.772884003585453,-2.178835533502595,32.67359733581543
1747273119.5720677,2.9645644312440043,-2.297603195642669,17.974138259887695
1747273119.6183271,3.0115964950525576,-2.3339908124010895,31.026601791381836
1747273119.6721969,3.153237752093027,-2.45618524458757,23.55170249938965
1747273119.7204926,3.2939864944478923,-2.5774462547007095,26.790380477905273
1747273119.7636256,3.34173037878621,-2.652298495703453,24.64127540588379
1747273119.799086,3.422476278077455,-2.7378838206050515,19.50240135192871
1747273119.8551998,3.5110642978721223,-2.8277445356148996,24.265766143798828
1747273119.903692,3.5487259053376263,-2.9347054969875845,32.28116035461426
1747273119.9565923,3.6237935748598424,-3.0713170502157285,30.469417572021484
1747273119.9975953,3.643836562861555,-3.1756820792322804,25.36797523498535
1747273120.04501,3.690090374696764,-3.3367026796048,32.14311599731445
1747273120.0936718,3.7012069271715546,-3.4500412068070494,25.967836380004883
1747273120.1417632,3.7013784512006094,-3.542459799971554,35.593509674072266
1747273120.2125988,3.732550868668496,-3.7237482535177304,35.15958786010742
1747273120.2819295,3.72275815230712,-3.9749882539882275,39.30807113647461
1747273120.3483686,3.6696337873133267,-4.159509377837447,43.57171058654785
1747273120.41506,3.571092577021561,-4.3972316122733455,41.48507118225098
1747273120.475057,3.515035036142687,-4.560070027184799,36.96417808532715
1747273120.5471547,3.4398429480998214,-4.7687589197627345,47.14679718017578
1747273120.591171,3.3906469478254166,-4.992186223297882,30.076026916503906
1747273120.636516,3.353873521859339,-5.064318959192746,33.31351280212402
1747273120.695306,3.2740549014142744,-5.212485149075232,34.090518951416016
1747273120.7657008,3.2215651970419845,-5.364936248106749,45.326948165893555
1747273120.81766,3.1793064555071915,-5.590678012188375,20.577192306518555
1747273120.8633902,3.1553704181387445,-5.64689815591023,34.32941436767578
1747273120.9106522,3.1501733824358285,-5.79583011008818,27.426958084106445
1747273120.9511032,3.1473267962110176,-5.968755752637243,20.593643188476562
1747273120.9792533,3.1218833351773423,-6.039964896901436,16.26729965209961
1747273121.0070782,3.112284431062796,-6.089079928143115,14.74905014038086
1747273121.0470958,3.106002281617833,-6.185798181103846,28.9914608001709
1747273121.098049,3.0973472860610785,-6.311893959635425,22.36318588256836
1747273121.150689,3.0617073067188327,-6.410086384601372,23.777246475219727
1747273121.217941,2.990747867080984,-6.573671224940012,29.425859451293945
1747273121.2952883,2.9116511521267774,-6.755526129484879,28.884410858154297
1747273121.345243,2.8807858580283328,-6.833475687109275,33.31756591796875
1747273121.3746367,2.8239011015269795,-6.92308454555062,16.854524612426758
1747273121.4075818,2.7644271372847378,-7.002031302346169,18.89657974243164
1747273121.4830728,2.7324511500857467,-7.067221045288979,48.49386215209961
1747273121.526646,2.6715104284367914,-7.151750114796435,29.054641723632812
1747273121.5950994,2.6264891534290156,-7.236866476076358,37.51516342163086
1747273121.6713052,2.535860290646465,-7.341967774181875,55.306434631347656
1747273121.7305644,2.44693859567313,-7.442793945702911,34.67535972595215
1747273121.830911,2.2820791652017114,-7.551733565178063,30.50827980041504
1747273121.884081,2.1748319665287656,-7.595748296214095,24.036884307861328
1747273121.9245243,2.130206784483397,-7.61089117783313,23.43606948852539
1747273121.955322,2.059735854980646,-7.623596522115861,21.007537841796875
1747273121.9827495,2.0068000526831185,-7.630935526629614,14.155387878417969
1747273122.007901,1.9555409966895874,-7.636374263427262,14.473676681518555
1747273122.102424,1.8506561473993417,-7.64366159597353,44.986724853515625
1747273122.155484,1.7284783827362844,-7.636184499406687,27.335405349731445
1747273122.227069,1.634241096433163,-7.611199026911327,47.96457290649414
1747273122.2760172,1.5459574176171704,-7.586326312447328,37.37211227416992
1747273122.3312566,1.4677989153188367,-7.556347564906207,33.264875411987305
1747273122.3914032,1.385958651911392,-7.500252221750328,32.46426582336426
1747273122.4181898,1.3243905318005462,-7.452009260128971,15.661954879760742
1747273122.45967,1.2743157681728259,-7.405284623054662,16.263246536254883
1747273122.5067315,1.2102227723594154,-7.3331832084615405,17.838478088378906
1747273122.5559306,1.1083633967339388,-7.224625069889157,18.981456756591797
1747273122.6156301,1.049181783480811,-7.156735036166001,32.27686882019043
1747273122.7733893,0.7286153478301792,-6.9300138421738655,35.48312187194824
1747273122.835416,0.6118646460117092,-6.830879198616784,36.73982620239258
1747273122.8841224,0.453774736721374,-6.746779400088585,23.624658584594727
1747273122.9155827,0.348232939177942,-6.705506883924862,17.55356788635254
1747273122.9519904,0.22434640152014768,-6.673178593121456,17.68970489501953
1747273122.9802177,0.15879315360445231,-6.6642179759107885,14.433860778808594
1747273123.0106509,0.042523821796848334,-6.646375327051383,17.270803451538086
1747273123.0855048,-0.021069075219888687,-6.647202715474485,31.296253204345703
1747273123.1125367,-0.15566306283094847,-6.65524191118542,14.91546630859375
1747273123.1632195,-0.28848954167683527,-6.670680610387791,17.131567001342773
1747273123.2035506,-0.35775840198171016,-6.6946911042133115,27.30393409729004
1747273123.2285807,-0.47311151340405555,-6.725799146015663,13.788938522338867
1747273123.2646255,-0.5036586423931586,-6.747303317648904,22.08709716796875
1747273123.3248737,-0.6205239516545509,-6.80351200096298,32.059431076049805
1747273123.395423,-0.7491665877678844,-6.879890451402117,33.08844566345215
1747273123.455684,-0.8821236761234135,-6.957184566286826,36.270856857299805
1747273123.503179,-0.9973728289773016,-7.044918387281123,29.776811599731445
1747273123.5557606,-1.074643836423434,-7.11286903784723,25.3908634185791
1747273123.6014893,-1.1549592966208193,-7.1920960617328795,31.97503089904785
1747273123.6617901,-1.237276980420837,-7.256434833308652,37.66989707946777
1747273123.7246351,-1.365450298398308,-7.3524127526613405,38.38157653808594
1747273123.784682,-1.5192158399646694,-7.4320353508203745,32.76991844177246
1747273123.8447864,-1.6170920056119118,-7.482392670536758,32.51528739929199
1747273123.8822713,-1.7403590863106082,-7.525699781417818,20.815372467041016
1747273123.922293,-1.8413992686451508,-7.5498942426407405,18.927812576293945
1747273123.9536936,-1.9105254035486978,-7.562205172909206,19.631624221801758
1747273123.9983022,-2.0143877093918188,-7.57011154948124,19.394874572753906
1747273124.0370703,-2.087566116786726,-7.577423158641736,21.15607261657715
1747273124.0865154,-2.198502662749344,-7.5775996201925295,24.036407470703125
1747273124.1249926,-2.2889717963604475,-7.572609794935165,23.112058639526367
1747273124.215175,-2.453118089723833,-7.529152545857019,25.610923767089844
1747273124.2435684,-2.5434695733657247,-7.4895110035186185,14.26386833190918
1747273124.31623,-2.6172021782681,-7.446450353667414,29.731035232543945
1747273124.4113138,-2.721143823992676,-7.380640035213888,41.72062873840332
1747273124.4703767,-2.8141069192689945,-7.320542848948571,31.414270401000977
1747273124.5448246,-2.830971959085539,-7.271855085772654,55.20319938659668
1747273124.6151373,-2.8808492229224876,-7.198560549390022,47.60861396789551
1747273124.6831474,-2.9437512767246194,-7.1367150651630125,43.63250732421875
1747273124.7314422,-2.9600304813543277,-7.066434818592253,19.335269927978516
1747273124.7755086,-2.9961084663265463,-7.020747184584489,31.408071517944336
1747273124.8356361,-3.016654209983697,-6.966156049678725,41.16940498352051
1747273124.891149,-3.0262842952491327,-6.890807522941201,31.21805191040039
1747273124.9275517,-3.0346711564878626,-6.8543583687096525,20.726680755615234
1747273124.9751394,-3.0396598520600593,-6.822176714854942,34.64484214782715
1747273125.062728,-3.0479006645189326,-6.712391294017178,41.82004928588867
1747273125.1233017,-3.0471938766412445,-6.611513500544898,41.510581970214844
1747273125.1734855,-3.046886139195127,-6.514904432966384,21.993637084960938
1747273125.2130775,-3.0418980635359354,-6.429299080552175,19.849538803100586
1747273125.262378,-3.028890213913341,-6.392782098418494,33.3104133605957
1747273125.317636,-3.0040921413132224,-6.292955716578918,26.00407600402832
1747273125.3679438,-2.9905487443439043,-6.2073746371507745,23.433923721313477
1747273125.4472246,-2.953264851425468,-6.055909155467251,19.110918045043945
1747273125.47506,-2.931877000263981,-5.982376506569931,17.132282257080078
1747273125.5162323,-2.91821884208559,-5.922663158882831,28.995752334594727
1747273125.5826802,-2.8870674547723665,-5.742837089500578,24.824142456054688
1747273125.6114798,-2.89231087271924,-5.692312674863759,19.321203231811523
1747273125.6653523,-2.8713090157244223,-5.572736806304717,23.722410202026367
1747273125.7127666,-2.8674268864311343,-5.486006315444554,19.67906951904297
1747273125.7622924,-2.8669912598042737,-5.370045848866561,22.95851707458496
1747273125.792236,-2.8571212343418835,-5.28573572599235,13.74053955078125
1747273125.825114,-2.858316978636745,-5.2471801282413635,19.83928680419922
1747273125.8676298,-2.8568145063261605,-5.117576357943963,13.621091842651367
1747273125.893363,-2.86950744982791,-5.070099996898136,14.599323272705078
1747273125.9382768,-2.873410217181488,-4.984516977487426,21.396160125732422
1747273126.0114057,-2.871410181874087,-4.863196438833587,41.085004806518555
1747273126.0605736,-2.8773997853179116,-4.650948200345342,20.828723907470703
1747273126.1189802,-2.8776003918382047,-4.490234535825318,21.143436431884766
1747273126.168638,-2.878909093732198,-4.3686914029937,20.65253257751465
1747273126.2280588,-2.870679534294694,-4.19914116195148,24.348974227905273
1747273126.2785368,-2.860175056828033,-4.014828444522618,21.8656063079834
1747273126.3362079,-2.838850446104383,-3.8951064511257405,25.93064308166504
1747273126.3824337,-2.771789367236729,-3.7127517208731016,22.400617599487305
1747273126.4109738,-2.7510219837645646,-3.6522218493145857,18.922805786132812
1747273126.4476428,-2.724560972084176,-3.5257809890080365,21.846532821655273
1747273126.4783382,-2.6813875687100053,-3.4004308148352274,14.436960220336914
1747273126.5247142,-2.627931127162283,-3.2610815661753474,21.326303482055664
1747273126.5741673,-2.584093148661255,-3.1423240789844433,21.13199234008789
1747273126.6706812,-2.4849280337914346,-2.9797205706033774,60.517311096191406
1747273126.7305605,-2.2674621407106867,-2.6718391667675743,36.62276268005371
1747273126.7905831,-2.2000873067822004,-2.5549449860798186,41.34202003479004
1747273126.8551455,-2.0807231169994704,-2.3758654537081663,39.554595947265625
1747273126.917741,-1.8989289714269482,-2.1761369883527215,34.15727615356445
1747273126.9573462,-1.8269398475659169,-2.0757306335265437,28.19538116455078
1747273127.0251358,-1.7107798054948193,-1.9113945953038127,41.004180908203125
1747273127.0954132,-1.5842186803400615,-1.7565412367307585,51.27453804016113
1747273127.179583,-1.3412910475298414,-1.5265782626736548,30.664443969726562
1747273127.2096446,-1.175833476389521,-1.41082207622064,14.54472541809082
1747273127.2527997,-1.14145017778222,-1.3544389798036822,26.37314796447754
1747273127.2820542,-1.0246674938587297,-1.2860168496541076,17.653465270996094
1747273127.3352091,-0.8878328487398621,-1.2104969235235832,25.170326232910156
1747273127.3967638,-0.7029562619868418,-1.1337178397815664,28.4731388092041
1747273127.4287946,-0.515309083194924,-1.0998226702116196,19.550323486328125
1747273127.5143552,-0.2109429752021434,-1.0580731499133538,24.938583374023438
1747273127.5465226,-0.1749215090831826,-1.0403253792965643,22.253751754760742
1747273127.6038172,-0.16356834278842472,-1.0477446997603614,28.989076614379883
1747273127.6472058,0.018260008786625946,-1.071675958486305,30.10392189025879
1747273127.774393,0.45446277320950906,-1.1971950589490552,13.508081436157227
1747273127.8033888,0.5258719189893946,-1.2430662840573334,15.915155410766602
1747273127.8328888,0.590287204353182,-1.2921220399287159,16.850709915161133
1747273127.8810265,0.6889502618887683,-1.3498371833884897,17.62247085571289
1747273127.936858,0.8637791031160157,-1.452984462761798,26.105642318725586
1747273128.0116918,1.036820760657672,-1.564208319435695,30.25031089782715
1747273128.0510883,1.0906361040082928,-1.6018349824480205,17.520427703857422
1747273128.1111934,1.2268308473562248,-1.6810660917298028,28.51247787475586
1747273128.171833,1.4014160618202747,-1.7625678671918352,24.4295597076416
1747273128.2377198,1.6041412826217993,-1.8650470957806,19.42157745361328
1747273128.2915714,1.7248894888717812,-1.9074706693486152,20.861148834228516
1747273128.331944,1.8556897659319542,-1.9539643608974042,29.069900512695312
1747273128.3564086,1.9482520993597507,-1.987008375206349,14.755487442016602
1747273128.408982,2.072091552023299,-2.010404028798731,21.671533584594727
1747273128.4604452,2.2813166436278025,-2.0657528912368246,20.781278610229492
1747273128.5160818,2.375754204328529,-2.09055391652323,30.634164810180664
1747273128.571132,2.5317978925218934,-2.1611089244065242,26.445865631103516
1747273128.6255531,2.704839950422888,-2.2431324222399733,22.073030471801758
1747273128.6658638,2.850333635280392,-2.304679694745536,24.3685245513916
1747273128.711934,2.924241815593704,-2.3529251236539563,26.31831169128418
1747273128.7702968,3.069226436552669,-2.441878340328666,28.881549835205078
1747273128.8567734,3.251173650656092,-2.5820181654655605,41.99719429016113
1747273128.9191597,3.3600161581749273,-2.7015501522128655,30.694246292114258
1747273128.9777079,3.4674281157962445,-2.85217870883113,31.44240379333496
1747273129.0456116,3.57596089053832,-2.9983109782593735,39.38484191894531
1747273129.1320891,3.6748047056597524,-3.203415540039434,57.75165557861328
1747273129.1952536,3.7418145886754854,-3.3777006605518403,35.68625450134277
1747273129.2822134,3.7919338387892827,-3.626840228023515,29.636144638061523
1747273129.3320994,3.779851026797336,-3.737277453709484,22.68362045288086
1747273129.3810072,3.793082044227059,-3.8622159155762654,27.039289474487305
1747273129.487164,3.7886808859425716,-3.9892204422873854,38.90562057495117
1747273129.5479982,3.8037946091899206,-4.104043838197589,18.9054012298584
1747273129.5914946,3.806242873007328,-4.1148703419784525,26.525020599365234
1747273129.6511667,3.80354842682356,-4.168580605997967,29.471397399902344
1747273129.7142017,3.8005701196832824,-4.197552391614419,26.654958724975586
1747273129.789111,3.8024554620227815,-4.196618880749007,27.601003646850586
1747273129.8279943,3.7927098045245913,-4.195826526979902,23.49543571472168
1747273129.9032598,3.7856420847535306,-4.170500815592701,38.93280029296875
1747273129.9523602,3.794016227396944,-4.1690589712175905,27.31943130493164
1747273130.0176601,3.7805785462945707,-4.1603864557761785,32.79685974121094
1747273130.0841691,3.7743807590411462,-4.156261671906537,32.57417678833008
1747273130.1589305,3.7903973514615115,-4.153555587886478,45.084238052368164
1747273130.209544,3.8067660734310906,-4.13789943433441,33.11729431152344
1747273130.2395997,3.826026849727249,-4.118986374819914,19.73104476928711
1747273130.2731483,3.8367732835768984,-4.0964227521177285,23.199796676635742
1747273130.306902,3.8338820123445743,-4.073374344987429,21.91305160522461
1747273130.343567,3.8337663783252465,-4.043668937750621,23.466110229492188
1747273130.4069831,3.832550721963962,-4.018983788211725,27.80008316040039
1747273130.4825969,3.831909180948279,-3.988870688855953,34.790992736816406
1747273130.515652,3.812602593050295,-3.9419299444853944,20.676136016845703
1747273130.5741203,3.80021536546575,-3.912128265137365,32.057762145996094
1747273130.6391,3.7911417121251256,-3.869605720654059,38.59210014343262
1747273130.695287,3.768841284811323,-3.8198966176316267,32.13214874267578
1747273130.737533,3.762205181460335,-3.7752668824266986,30.378341674804688
1747273130.826183,3.7642799806257377,-3.7046026953853235,38.236379623413086
1747273130.885731,3.749907535641795,-3.64389084056828,44.83389854431152
1747273130.9566572,3.7440302685216125,-3.5875415087290152,54.75807189941406
1747273131.026056,3.726265923023148,-3.505360469833484,37.79768943786621
1747273131.0602303,3.7154062967791788,-3.4531444337211057,18.90850067138672
1747273131.0960681,3.699186706489119,-3.4392952674251838,24.677753448486328
1747273131.130919,3.6879148571903935,-3.3987919057520943,20.922183990478516
1747273131.1627529,3.691324235919866,-3.380758100914795,19.279003143310547
1747273131.1951163,3.6938460196079275,-3.3505875711532274,20.511627197265625
1747273131.2317522,3.6744906571842195,-3.371615832370002,23.065805435180664
1747273131.2641687,3.6638338381605426,-3.3530406693725556,16.777753829956055
1747273131.3001041,3.6592560748481167,-3.332339800693248,18.173694610595703
1747273131.3394082,3.64096467206881,-3.369039130054267,26.069164276123047
1747273131.3754423,3.6354071417542695,-3.3813324404008993,25.008440017700195
1747273131.4126065,3.648425361563637,-3.3856344903912508,22.208452224731445
1747273131.4536564,3.6552024926983524,-3.385654910897126,23.4224796295166
1747273131.492567,3.6577499681423977,-3.3931840491192617,21.973609924316406
1747273131.5751202,3.665240590389018,-3.398379849868959,45.08018493652344
1747273131.611214,3.6440898731591265,-3.409686605022267,20.485639572143555
1747273131.679119,3.639318785579558,-3.4197224014575784,38.274288177490234
1747273131.708936,3.639409199180579,-3.426324829382154,19.159793853759766
1747273131.7654517,3.6301654929331217,-3.4470557749638546,24.799823760986328
1747273131.856904,3.632323458658414,-3.473744920866999,26.599407196044922
1747273131.9119375,3.6505973497992703,-3.481749947598237,31.47268295288086
1747273131.9660866,3.6487878128187505,-3.511647185002827,25.244474411010742
1747273132.0131772,3.6457492781767153,-3.5362671977578506,34.71088409423828
1747273132.065994,3.6466915056384,-3.5573242028965226,28.820276260375977
1747273132.095716,3.6428816689091894,-3.5969297463014858,16.419649124145508
1747273132.1347787,3.6474293778215054,-3.627701080731747,19.22750473022461
1747273132.1647995,3.650991045389043,-3.636324613746295,16.520977020263672
1747273132.2083282,3.655186104193935,-3.6561594486249396,24.658918380737305
1747273132.248172,3.648854176372403,-3.6879596905587158,20.556211471557617
1747273132.29599,3.6415274788961325,-3.7182527881260494,30.382156372070312
1747273132.3313556,3.6401741936904792,-3.7449171209734837,21.607160568237305
1747273132.3631058,3.630094583590059,-3.7657765469646867,15.618085861206055
1747273132.4196706,3.6204296201328585,-3.786872924389595,29.274702072143555
1747273132.461912,3.6283421650453556,-3.812822682876921,26.18861198425293
1747273132.5073214,3.6267665975701693,-3.8192903693507656,26.016950607299805
1747273132.5357585,3.6263673315677973,-3.814572541899959,15.526771545410156
1747273132.594643,3.6140277353597434,-3.819164776315054,44.43812370300293
1747273132.6242664,3.614407568238177,-3.809075513911247,16.312360763549805
1747273132.6560726,3.6148263137752017,-3.7940036297148354,15.666961669921875
1747273132.831253,3.61741535827709,-3.7821687353855644,19.96779441833496
1747273132.8836632,3.6189795950150625,-3.77003352905687,40.006399154663086
1747273132.9375372,3.6192197045096672,-3.761649705385637,22.72176742553711
1747273132.9804277,3.6213471309497263,-3.757248514055907,29.944896697998047
1747273133.0846963,3.6146350809653196,-3.7650525983276597,35.932302474975586
1747273133.1312516,3.619382042793255,-3.7605639124424477,20.525217056274414
1747273133.1607678,3.6184890023959038,-3.7601800828134953,18.206119537353516
1747273133.2070456,3.6084737612405693,-3.7710958126899348,24.680137634277344
1747273133.2643483,3.600308835411929,-3.7808163714021683,26.356220245361328
1747273133.3245645,3.6106862985157937,-3.7700678991395913,24.017810821533203
1747273133.4110987,3.609378671040231,-3.7717666874326845,45.423030853271484
1747273133.4712212,3.614031943279253,-3.792297454307383,41.268110275268555
1747273133.566337,3.613542827743716,-3.786366297896996,33.84757041931152
1747273133.6169634,3.6128774283471343,-3.7942927667841757,28.608322143554688
1747273133.6620965,3.613304340838517,-3.7880184563261796,23.38385581970215
1747273133.7433374,3.611240430159162,-3.787016979442733,20.009756088256836
1747273133.7761152,3.606042879270267,-3.782410576944637,18.643617630004883
1747273133.8311381,3.6044231010884316,-3.7782626539581563,30.60436248779297
1747273133.9271708,3.6118768447722536,-3.775015692314691,32.47332572937012
1747273133.9724844,3.6199247574889872,-3.7677960489751716,30.45964241027832
1747273134.0371773,3.6232183796383657,-3.7646015422309738,42.710304260253906
1747273134.1012635,3.617417284812878,-3.7603503299333587,41.78261756896973
1747273134.172002,3.6217258823225333,-3.757400703709846,36.7588996887207
1747273134.223479,3.6259646036275073,-3.7542707646566633,28.406620025634766
1747273134.294076,3.6226070520100406,-3.757684523985559,25.945663452148438
1747273134.3424692,3.6228171072837805,-3.764835924034479,22.691965103149414
1747273134.416924,3.6288210042870506,-3.7667538659274773,35.912513732910156
1747273134.459327,3.6312822773325415,-3.769560685619597,24.703502655029297
1747273134.524012,3.62255442115693,-3.77035311652993,32.62162208557129
1747273134.591073,3.616754969062526,-3.7712142897338765,36.757707595825195
1747273134.6473758,3.625733488298302,-3.7695801200328596,44.50583457946777
1747273134.7110665,3.624643684644624,-3.772644569826169,41.72539710998535
1747273134.773591,3.6301932262272265,-3.775862798953116,47.5468635559082
1747273134.829931,3.617101893342795,-3.776282191187029,34.64102745056152
1747273134.8986895,3.60977915693304,-3.777113343577506,45.74441909790039
1747273134.9510868,3.605450008549995,-3.7788782476451135,32.84859657287598
1747273135.0051758,3.609227357727405,-3.7760693295091117,43.37453842163086
1747273135.0797076,3.61287166734482,-3.7677650249002346,49.7281551361084
1747273135.1372612,3.61347418580346,-3.765625020922669,42.01960563659668
1747273135.183512,3.6062805801374296,-3.7579439392986997,36.972761154174805
1747273135.2147708,3.6051484748587463,-3.751144425674427,21.089553833007812
1747273135.2740679,3.5987134895027655,-3.7538459869221117,24.621963500976562
1747273135.3710773,3.609274096272349,-3.752245496319482,53.66706848144531
1747273135.4299314,3.610159967670355,-3.7477088796249935,45.371294021606445
1747273135.461106,3.612402723022275,-3.7509482360235857,18.812894821166992
1747273135.5141175,3.6130635748024025,-3.756613774562387,24.851322174072266
1747273135.5698235,3.608938162063959,-3.7535996208628744,24.161815643310547
1747273135.6327856,3.607648587851857,-3.763564342877199,25.18463134765625
1747273135.6832373,3.606587498071822,-3.761726835054241,37.12868690490723
1747273135.720902,3.606428754500125,-3.7588780800868076,24.722576141357422
1747273135.787165,3.6129737440588316,-3.7685816578699933,29.441118240356445
1747273135.8429904,3.621335306080172,-3.766236494532547,20.79296112060547
1747273135.9002078,3.62711859920205,-3.77297205689162,28.21660041809082
1747273135.9470882,3.632355182639309,-3.7858864578265745,31.02278709411621
1747273135.9974742,3.634044924628057,-3.8026070989556686,37.042856216430664
1747273136.039356,3.6327227686965653,-3.80251455962497,23.400068283081055
1747273136.0972965,3.628070533172064,-3.7999049682497503,36.85760498046875
1747273136.1452978,3.5958901367612617,-3.8002931262331314,29.926061630249023
1747273136.223456,3.592649591954515,-3.8022256995172414,16.73412322998047
1747273136.252893,3.5759990601722067,-3.8044346316328843,17.187833786010742
1747273136.2933347,3.5674495405771047,-3.8067831055187202,29.978036880493164
1747273136.3431358,3.5812717447476325,-3.7926727034611947,31.613588333129883
1747273136.417353,3.581116334013502,-3.7991179511929243,36.71383857727051
1747273136.4772444,3.580818591588411,-3.8046096915370535,36.617279052734375
1747273136.5266416,3.568417818908221,-3.806386644624244,34.85226631164551
1747273136.5787618,3.581882158825673,-3.789080687085772,31.851530075073242
1747273136.6510792,3.5896159865433805,-3.7817010370689585,49.0415096282959
1747273136.7105777,3.560408357328841,-3.768391654042202,45.46928405761719
1747273136.7751014,3.5699902974366946,-3.755578870742922,38.65480422973633
1747273136.8445494,3.5820332306638525,-3.731046981711506,48.31981658935547
1747273136.9312851,3.5790782310388503,-3.7196856305109653,51.21970176696777
1747273136.9976969,3.5788027714866275,-3.7184650880729047,41.52417182922363
1747273137.0605607,3.5879147349927343,-3.718085788683366,36.79823875427246
1747273137.123263,3.5845866538653492,-3.717114871686471,40.831565856933594
1747273137.175805,3.572762378180068,-3.717958979033778,34.35468673706055
1747273137.263389,3.573946518985542,-3.7151824487282648,62.326669692993164
1747273137.3472364,3.5667425917260998,-3.7029534254324328,33.36524963378906
1747273137.4134274,3.56214854524989,-3.693217212950288,51.630496978759766
1747273137.453581,3.5829619168567,-3.696512337200531,29.247045516967773
1747273137.493545,3.5985921033100965,-3.7046144051926237,29.776334762573242
1747273137.5378263,3.5935062534971793,-3.707843053775424,25.05779266357422
1747273137.5809305,3.5921332797913355,-3.71338058613914,25.207996368408203
1747273137.6264105,3.605060276703097,-3.7158965306556575,22.948741912841797
1747273137.6785383,3.5935705401237397,-3.7169839335805253,37.197113037109375
1747273137.7318556,3.5891545158804834,-3.7197728367979837,35.215139389038086
1747273137.846176,3.5930646848506216,-3.7237762190540367,14.958858489990234
1747273137.891514,3.5947867444529047,-3.7280631732589824,34.48295593261719
1747273137.9390922,3.596477450914287,-3.73186668662847,25.210142135620117
1747273137.9684687,3.5978700269584567,-3.730556338147067,16.422748565673828
1747273138.026857,3.5722336968197075,-3.724593059955552,34.807443618774414
1747273138.0825634,3.5562599212748256,-3.7231378008748077,38.373470306396484
1747273138.1152067,3.5791780179853694,-3.7204505710275755,18.244266510009766
1747273138.153465,3.5908078553736575,-3.7222731530324342,19.019365310668945
1747273138.1829073,3.5764778385770004,-3.717985715222305,18.973112106323242
1747273138.2121086,3.5663706021571513,-3.710565041371681,17.186403274536133
1747273138.2453232,3.5526707392271035,-3.6971714254850463,19.40178871154785
1747273138.2751267,3.549754613977383,-3.6777105211892103,14.956235885620117
1747273138.3028333,3.556887694725294,-3.6663106012713325,15.145540237426758
1747273138.3484073,3.5607777745681854,-3.6554937518466146,33.116817474365234
1747273138.3987288,3.568245755505991,-3.670014577411171,27.90379524230957
1747273138.4285624,3.572555962064793,-3.692174073442383,16.193151473999023
1747273138.4686573,3.5578564176469447,-3.684524459666961,20.880460739135742
1747273138.5018167,3.56569437882336,-3.6681009059722274,17.939329147338867
1747273138.5503457,3.5710859667835,-3.6449677324387633,36.511898040771484
1747273138.589917,3.5841994647033895,-3.6408572265798664,24.599552154541016
1747273138.6206956,3.5913795958238937,-3.6327027640254896,16.905784606933594
1747273138.656025,3.564963540301875,-3.5768585694819093,25.377750396728516
1747273138.7091975,3.554556509998166,-3.5414386443691384,34.26527976989746
1747273138.7562704,3.5568708956240753,-3.52232184952248,16.57271385192871
1747273138.786147,3.5733067898148008,-3.521627348887048,15.533685684204102
1747273138.8169706,3.5825642832741025,-3.5218070759910725,16.762971878051758
1747273138.8516726,3.583359273133443,-3.5277287568535245,19.995689392089844
1747273138.8859637,3.5826869547613827,-3.530373894313175,18.47052574157715
1747273138.9507535,3.5625017633917233,-3.519157192353563,50.62723159790039
1747273139.0037425,3.555210089913827,-3.511674923007877,27.751445770263672
1747273139.0722225,3.5517558222431367,-3.503248488831686,42.53077507019043
1747273139.1546824,3.54951218804575,-3.4958034831066866,43.0757999420166
1747273139.2183273,3.5504691585706616,-3.4887341973716337,36.52834892272949
1747273139.2752414,3.5405773593747174,-3.48328778328413,38.05804252624512
1747273139.3288798,3.5522540977863426,-3.474104176479051,19.617557525634766
1747273139.385248,3.5469532473087604,-3.4730804746029156,22.937774658203125
1747273139.4367044,3.5580341505943416,-3.4583587406620815,22.159814834594727
1747273139.4969053,3.5540770762458007,-3.4613320314147167,25.295257568359375
1747273139.5489953,3.5522088365853666,-3.4645175344819545,27.925491333007812
1747273139.5900617,3.55637283084926,-3.4176848796799812,17.014265060424805
1747273139.651224,3.5585225351830037,-3.4183692922794693,25.59971809387207
1747273139.7191525,3.553995887461382,-3.389428968767248,36.29779815673828
1747273139.793357,3.56576126819178,-3.392182585291251,47.38116264343262
1747273139.8350964,3.562061597244587,-3.389070836478697,30.27510643005371
1747273139.890291,3.559666630954872,-3.3925910096993275,29.2510986328125
1747273139.9168503,3.558341350006354,-3.346228355146358,16.57557487487793
1747273139.987808,3.5620153509123806,-3.341365729655624,31.076431274414062
1747273140.0632298,3.57439263169442,-3.349008701521562,43.793678283691406
1747273140.127675,3.5617046051732872,-3.349942949281373,42.79732704162598
1747273140.170146,3.5574775433638686,-3.3320593232574884,25.345325469970703
1747273140.2053068,3.5552989526092635,-3.3185181735274654,24.08576011657715
1747273140.2502627,3.556277497314822,-3.314913563961071,34.612417221069336
1747273140.2897627,3.556597918702617,-3.3126360736425347,18.81575584411621
1747273140.3296993,3.5572591755804455,-3.3134124562902665,26.944398880004883
1747273140.3566372,3.557247639518326,-3.313184017351996,15.460729598999023
1747273140.385708,3.5574585551687345,-3.3146099020401736,17.142295837402344
1747273140.4157517,3.556897171986952,-3.3137672709064345,18.9363956451416
1747273140.4489186,3.5666853967919416,-3.314099498318096,18.929481506347656
1747273140.4814315,3.572092619188877,-3.312672087968125,16.218900680541992
1747273140.578218,3.5590651259529213,-3.312589047087651,27.65369415283203
1747273140.651333,3.556242331728681,-3.311441355367102,34.623146057128906
1747273140.6775236,3.55504770732101,-3.310100863072026,15.173673629760742
1747273140.7156148,3.5715254470361026,-3.3169091754544544,26.564836502075195
1747273140.7598896,3.579893361943632,-3.3226654828200286,23.30636978149414
1747273140.7910693,3.56668775511517,-3.3255089401293607,19.535303115844727
1747273140.8329554,3.5607844213908124,-3.327735397825781,31.116485595703125
1747273140.871295,3.553289016265821,-3.3215826115533065,26.298046112060547
1747273140.9150608,3.5521861622338564,-3.3187278113928844,20.478248596191406
1747273140.9490445,3.5514447217832954,-3.3159403791270328,23.189067840576172
1747273140.9891248,3.5621644217772506,-3.31971104382861,18.46933364868164
1747273141.0200267,3.567238719245237,-3.3218337015933566,20.647525787353516
1747273141.0593936,3.557520868006618,-3.3133408085438374,26.69048309326172
1747273141.1110911,3.5676375846380135,-3.313288203745164,30.339956283569336
1747273141.1508064,3.5717274406323565,-3.3118310234995847,21.150588989257812
1747273141.2416732,3.5550402285384806,-3.3131932203454317,31.719684600830078
1747273141.2843134,3.5650700509196533,-3.313120767541665,18.3718204498291
1747273141.3235781,3.5567108885204526,-3.315705225467162,26.343345642089844
1747273141.42362,3.5692989116836706,-3.3156217689561833,52.861690521240234
1747273141.467651,3.5548772855154587,-3.3173064962290786,31.683921813964844
1747273141.514462,3.5650913245909015,-3.3191624750647,20.720958709716797
1747273141.571434,3.55659091326971,-3.308806534724006,34.06333923339844
1747273141.6472468,3.5526561652610544,-3.2979645768165056,59.30900573730469
1747273141.6938934,3.5566935957301347,-3.2892279615375606,35.02631187438965
1747273141.7871277,3.5550695147432974,-3.2794114691964498,55.196523666381836
1747273141.8384068,3.5509852119855183,-3.2784592629029663,30.849933624267578
1747273141.9033203,3.5498425199083905,-3.2758679261335315,36.005258560180664
1747273141.974755,3.549011584550949,-3.2737263999015065,43.8084602355957
1747273142.0631492,3.556007918360413,-3.2752969340676668,44.56639289855957
1747273142.1170485,3.5575506087485005,-3.278019675219371,34.97815132141113
1747273142.1942785,3.5561349312471227,-3.287222362884874,37.546396255493164
1747273142.279081,3.557272642232158,-3.285663004224574,58.2430362701416
1747273142.3432636,3.555011970907801,-3.285202362833629,46.92196846008301
1747273142.40677,3.5534592391834003,-3.273704056845779,34.79647636413574
1747273142.4786825,3.5510789417800512,-3.2643261652769615,30.785799026489258
1747273142.5350926,3.5495189565049534,-3.2565648202695825,38.385868072509766
1747273142.595525,3.552710255045313,-3.2531771181437055,33.09273719787598
1747273142.671177,3.5556957767974042,-3.2618300384841787,46.30565643310547
1747273142.7718804,3.5492140039296536,-3.269331874346666,38.96927833557129
1747273142.939501,3.5619233387759333,-3.273855332808383,16.032695770263672
1747273142.965912,3.56863140963141,-3.279255924220039,16.91889762878418
1747273142.9968386,3.5746097717439316,-3.277124372797755,19.68836784362793
1747273143.0360582,3.5775446041737005,-3.2721377288659315,25.548219680786133
1747273143.0809932,3.5759107301856097,-3.2627422182782473,32.97734260559082
1747273143.1242306,3.5756812906290936,-3.2490120065616503,28.882503509521484
1747273143.224399,3.5757717680687247,-3.230527744842992,32.04774856567383
1747273143.289099,3.5777185450192963,-3.219545151215006,28.150558471679688
1747273143.3389213,3.5672805803411234,-3.212804765873903,25.249719619750977
1747273143.3682895,3.5625172738066153,-3.206544209600579,16.989707946777344
1747273143.4010293,3.5597533458452175,-3.2161478281365667,20.285606384277344
1747273143.437015,3.5568332881423994,-3.229315130771261,18.39423179626465
1747273143.480789,3.5594664717075633,-3.222794787582803,28.059959411621094
1747273143.5768187,3.5678858020107564,-3.235962407666726,65.22274017333984
1747273143.6832573,3.5556817066485173,-3.2273223336793553,51.2850284576416
1747273143.7290082,3.561700469573986,-3.2230598917291844,35.843610763549805
1747273143.803621,3.5590750703917746,-3.226300460801104,61.94305419921875
1747273143.9141197,3.550196856328353,-3.245416970539988,61.22612953186035
1747273143.943361,3.5527978045837285,-3.239498671859458,17.945528030395508
1747273143.9818683,3.5562997449187725,-3.232199275440769,24.593591690063477
1747273144.0431485,3.557150505123885,-3.2297658194255803,40.21120071411133
1747273144.111088,3.5683835791756535,-3.23603286355048,43.163299560546875
1747273144.1699653,3.5626586993101985,-3.2281859137256355,44.9831485748291
1747273144.2378662,3.5596449672302386,-3.222533186864025,41.15152359008789
1747273144.343076,3.5569219434009836,-3.2335111319427345,68.47596168518066
1747273144.4048927,3.5656257261780535,-3.2491309422119103,24.71137046813965
1747273144.447168,3.574175500299811,-3.2382886102174218,30.55119514465332
1747273144.4796813,3.5677570679240587,-3.2299929595271704,20.75672149658203
1747273144.5294638,3.5653576075701827,-3.2231373785754056,36.54623031616211
1747273144.5622187,3.560035285579233,-3.218538398607588,16.225814819335938
1747273144.6140141,3.558571292645742,-3.2123119108537237,28.186321258544922
1747273144.6671805,3.5582743665536913,-3.2054857732313033,25.11763572692871
1747273144.725744,3.559617069169022,-3.19941365679665,28.408288955688477
1747273144.7816327,3.557525583519868,-3.208457617491443,22.25470542907715
1747273144.8574822,3.557907322524594,-3.208730717668653,28.574466705322266
1747273144.8988178,3.551814979157173,-3.234038195556898,23.19169044494629
1747273144.9413664,3.5528841702383436,-3.2509487477110026,21.20494842529297
1747273144.9823782,3.5545377895835433,-3.265890575437751,30.666828155517578
1747273145.028374,3.562171163940692,-3.2845082613913315,22.429227828979492
1747273145.0767903,3.5693919894769794,-3.293976186802438,20.68781852722168
1747273145.1127543,3.5728412359450417,-3.2995583632246186,17.229557037353516
1747273145.1483402,3.575548824771584,-3.3019626219711826,23.104190826416016
1747273145.259126,3.571301513793514,-3.297148431741125,28.247833251953125
1747273145.3142436,3.5616656878214856,-3.29045703220122,29.1745662689209
1747273145.3767986,3.5530979435722885,-3.2944612430711833,31.740188598632812
1747273145.4363728,3.5586104524983773,-3.2867762541633474,25.52032470703125
1747273145.4953163,3.563886654454965,-3.293444904360847,28.905868530273438
1747273145.5812118,3.555797718369573,-3.2890876012389048,26.15642547607422
1747273145.643552,3.5652852756398405,-3.300425420108723,38.848876953125
1747273145.7031536,3.560932354886476,-3.2891191535468702,30.545473098754883
1747273145.7588487,3.558994746160848,-3.2834588698740803,44.59714889526367
1747273145.8117785,3.557622214447107,-3.272815686071098,29.45995330810547
1747273145.8418446,3.5655115011891834,-3.285627327858359,16.467571258544922
1747273145.9080706,3.570260836086727,-3.296404860866125,47.82915115356445
1747273145.9710922,3.5554893552050135,-3.3033709407524436,53.23505401611328
1747273146.0188203,3.5569524893672457,-3.3049848846537997,35.88223457336426
1747273146.0910876,3.556094906957345,-3.2997837148216376,37.19210624694824
1747273146.1193645,3.5577916960335787,-3.2861724290261565,15.943288803100586
1747273146.1695132,3.5582686868588587,-3.271860593311772,39.30354118347168
1747273146.2378683,3.5578712371096652,-3.270204578455971,26.56722068786621
1747273146.2844849,3.5572334282738596,-3.2463015263251993,32.47404098510742
1747273146.3431869,3.5629646168585802,-3.23955564785445,31.83269500732422
1747273146.4022992,3.5661602188705954,-3.2580400966857064,16.01696014404297
1747273146.437492,3.559444926349583,-3.2437881769351247,15.6707763671875
1747273146.5141056,3.5564066881882277,-3.2266561219563514,32.00531005859375
1747273146.5681143,3.556679943234379,-3.214218183853471,29.15167808532715
1747273146.6470995,3.558829537930824,-3.2329179975160427,37.241220474243164
1747273146.7081025,3.562625652642993,-3.2188423527722825,45.37558555603027
1747273146.792368,3.5554494411791073,-3.2337255123840727,25.40731430053711
1747273146.850793,3.5656871110389474,-3.2523778492141764,20.09296417236328
1747273146.8951564,3.559092643894104,-3.243248954117794,22.82118797302246
1747273146.9508488,3.5640105854401694,-3.2326779515439186,30.79819679260254
1747273147.0018117,3.564471317025064,-3.222671739020912,34.10506248474121
1747273147.0932252,3.5629638798226697,-3.2162472747171056,26.073455810546875
1747273147.137027,3.561291534438096,-3.213639312470938,30.258655548095703
1747273147.2087886,3.5608665220985802,-3.209735931896376,44.8145866394043
1747273147.2391677,3.553991866235668,-3.227204546306995,17.705678939819336
1747273147.2848992,3.560216945897632,-3.222094554176971,34.00397300720215
1747273147.3751009,3.553631831770616,-3.2426599162982104,39.98255729675293
1747273147.439073,3.55662491771059,-3.274060199676988,35.56203842163086
1747273147.4848902,3.557166930040111,-3.250687724572251,25.48670768737793
1747273147.5612361,3.558824404820537,-3.222853654767592,36.75580024719238
1747273147.601538,3.56438500115574,-3.264570340689224,21.18968963623047
1747273147.6830757,3.5587270375030458,-3.238576394996793,49.69024658203125
1747273147.723357,3.5661893184551046,-3.261660913088992,29.259920120239258
1747273147.7487147,3.5711215409417245,-3.2817978340046254,15.84482192993164
1747273147.8071637,3.5629470195516175,-3.2938237722599633,45.34792900085449
1747273147.9016445,3.559396149474581,-3.3042725955706196,68.88651847839355
1747273147.997449,3.572941391063819,-3.307272850909123,36.93747520446777
1747273148.0560324,3.557869523463188,-3.309566594050314,28.570175170898438
1747273148.1391752,3.554461328952466,-3.2888232164831632,32.23276138305664
1747273148.1717067,3.5546298191891084,-3.2889922444027913,16.25347137451172
1747273148.244889,3.5551440384137893,-3.2876711880867817,43.25413703918457
1747273148.293499,3.5507406520084444,-3.2932375172341075,19.81639862060547
1747273148.3524292,3.563831131824397,-3.292473573816348,32.08422660827637
1747273148.3844411,3.556668541623069,-3.30301185556317,16.353845596313477
1747273148.4154282,3.55304155212486,-3.3104783979169445,17.138242721557617
1747273148.4983125,3.550139764339788,-3.299541509161732,49.46112632751465
1747273148.575115,3.5537495943772885,-3.2988580183504403,53.20262908935547
1747273148.631322,3.5589180085886194,-3.3080638236798037,23.134469985961914
1747273148.703478,3.568034695959688,-3.3043715971859564,53.154706954956055
1747273148.7630749,3.5720796200248737,-3.303110761005583,50.51469802856445
1747273148.8201807,3.5685777000851537,-3.301512066156657,46.29063606262207
1747273148.895241,3.572727838312598,-3.2973196860677176,37.485599517822266
1747273148.9699187,3.5780550200882995,-3.3020025859369992,64.3606185913086
1747273148.9985137,3.5775212551803577,-3.3163720721892633,17.272472381591797
1747273149.0799906,3.575514196455296,-3.319266358840383,25.97665786743164
1747273149.1141808,3.5627558600564226,-3.3151111679876113,23.12493324279785
1747273149.14876,3.557743875140404,-3.3138958312934914,23.128032684326172
1747273149.1865823,3.553803137154021,-3.3009075896206044,21.1336612701416
1747273149.219231,3.558471735488001,-3.2898826680876843,19.46568489074707
1747273149.2482285,3.5593854996749856,-3.279942893438495,18.912553787231445
1747273149.329448,3.5549662145452134,-3.265705266573476,37.40239143371582
1747273149.3836627,3.554779433343101,-3.2499835329075255,31.028270721435547
1747273149.4554133,3.553388973647988,-3.2341265422036236,39.817094802856445
1747273149.5432,3.553914701746155,-3.216471135418784,22.83167839050293
1747273149.590164,3.569427258969967,-3.226350437597454,23.769378662109375
1747273149.650317,3.5651064523345792,-3.22634246509622,32.006263732910156
1747273149.7047298,3.560166994557586,-3.2434439201590415,22.06563949584961
1747273149.7795844,3.5659977808786723,-3.259411522898167,31.28981590270996
1747273149.845241,3.5625783313718644,-3.2738152279726886,37.60051727294922
1747273149.8764815,3.5707360398879056,-3.2693691296696343,18.04804801940918
1747273149.972137,3.5659313703979776,-3.264275871341103,30.22170066833496
1747273150.0355372,3.550067441611354,-3.267597231826099,38.41257095336914
1747273150.105835,3.567122849747067,-3.262023538753981,15.439510345458984
1747273150.1947973,3.564483263904948,-3.2590392785317803,70.39093971252441
1747273150.2486677,3.5537916336567053,-3.2710965376426047,37.11247444152832
1747273150.3193767,3.5520259258557068,-3.25810865508572,47.414302825927734
1747273150.3775945,3.5514565416175476,-3.248833490480759,32.867431640625
1747273150.4540908,3.5520905408144667,-3.232357579329531,49.63970184326172
1747273150.5094233,3.552396900842366,-3.23839552519274,34.11245346069336
1747273150.5926871,3.555442071688903,-3.2527222250110217,62.13879585266113
1747273150.645211,3.5488152861928173,-3.2672422990927172,25.754213333129883
1747273150.7190623,3.5487404254961428,-3.281112616135479,49.62635040283203
1747273150.7801237,3.5499761913117576,-3.292069066094654,39.087772369384766
1747273150.8261945,3.552437044403526,-3.2967723824316355,25.327444076538086
1747273150.8810124,3.5529946199327123,-3.301359975362753,27.026653289794922
1747273150.943465,3.553264805171014,-3.302317318679923,40.17519950866699
1747273150.9953291,3.5493204758431984,-3.3016770823987054,27.343034744262695
1747273151.0862815,3.5478232129788334,-3.3048882236901456,18.213272094726562
1747273151.1378305,3.5471151422926535,-3.3082584466807115,26.526927947998047
1747273151.2344663,3.5546470633215423,-3.312250604366955,28.70631217956543
1747273151.2950258,3.557350964634574,-3.3141637089237928,43.257713317871094
1747273151.3303053,3.5529085795275113,-3.3167587814652624,16.02005958557129
1747273151.361325,3.5551530167415706,-3.307852746540461,18.15009117126465
1747273151.4025323,3.5569851606636447,-3.2971669011310576,19.583702087402344
1747273151.4658904,3.55187073833922,-3.3009518647412213,27.92835235595703
1747273151.5052621,3.5488815891159033,-3.295311361717159,21.2247371673584
1747273151.544681,3.547988050549727,-3.287277062926139,27.665376663208008
1747273151.6278028,3.5671126513282614,-3.2895296330382315,41.22805595397949
1747273151.6730657,3.577792420055877,-3.2952288947169306,19.36960220336914
1747273151.7212687,3.5625483307880086,-3.2893773777099278,31.363964080810547
1747273151.7640846,3.5565834325995356,-3.297254306854054,25.246381759643555
1747273151.8035944,3.5550928088001585,-3.3032170529576756,29.252052307128906
1747273151.8671288,3.556108899893868,-3.292596300840401,42.67239570617676
1747273151.897817,3.5662889435061187,-3.3060215069475074,16.381502151489258
1747273151.940819,3.570744717976626,-3.3158866332887893,30.452966690063477
1747273151.9920058,3.561408982911038,-3.3021256899580824,19.253253936767578
1747273152.0577555,3.5661465414361193,-3.296229285043495,27.866840362548828
1747273152.1032722,3.5704136637627446,-3.298172461653678,21.451711654663086
1747273152.1672287,3.567467660779062,-3.290542850850249,42.92106628417969
1747273152.2598135,3.5643216857978874,-3.3022020197397772,43.28465461730957
1747273152.3270788,3.5586294664867846,-3.292591592428826,34.37614440917969
1747273152.3828444,3.5572176558549757,-3.2993100052778157,19.184350967407227
1747273152.4750803,3.5603923104580733,-3.29063965879381,69.12112236022949
1747273152.5170524,3.5560583556778123,-3.2930038571387668,28.896570205688477
1747273152.580323,3.563027914246249,-3.296989175017751,22.725820541381836
1747273152.6712117,3.5571240096382457,-3.291648247863555,26.293516159057617
1747273152.7492898,3.552883068773989,-3.2901449492530106,33.341169357299805
1747273152.8071408,3.546916150948439,-3.296489643924781,33.17451477050781
1747273152.8562021,3.543201245676683,-3.3008868065690558,24.65343475341797
1747273153.0262635,3.5518572500012198,-3.307129372577144,15.376091003417969
1747273153.0628567,3.557893962473932,-3.3076733568624377,25.465726852416992
1747273153.1024761,3.560373624119196,-3.3076681881650845,29.921293258666992
1747273153.1499345,3.5728204932508847,-3.3059343368278897,36.55648231506348
1747273153.1804419,3.571429954746283,-3.29217169167756,17.9598331451416
1747273153.2079973,3.5703698469675333,-3.28127784057959,16.742944717407227
1747273153.237172,3.56939699436593,-3.269872817743086,16.061782836914062
1747273153.27241,3.5616987820647226,-3.258495058346604,20.763397216796875
1747273153.358543,3.5593660303220584,-3.2638910094610027,16.80898666381836
1747273153.3848343,3.5576693654571967,-3.2646766228962694,15.91944694519043
1747273153.444382,3.557771512908706,-3.263224568420648,35.44878959655762
1747273153.4892256,3.556422517155402,-3.25246216652307,27.757883071899414
1747273153.5436294,3.566230825054807,-3.265844954534203,22.130489349365234
1747273153.587119,3.564969494684412,-3.2558881453543593,19.314289093017578
1747273153.6417096,3.5634413241789638,-3.2476376684186024,39.847612380981445
1747273153.678889,3.5575724664172337,-3.246701817715472,18.682241439819336
1747273153.7085557,3.566305234997042,-3.246582519909889,16.411781311035156
1747273153.748347,3.5691147638955063,-3.245634101874437,26.064634323120117
1747273153.832986,3.5612744963658765,-3.232992324757228,36.539316177368164
1747273153.8766718,3.5554611216875864,-3.2469983390548127,29.71482276916504
1747273153.9295056,3.55386066553775,-3.2472523696132884,25.760889053344727
1747273153.979526,3.5464839225606744,-3.2638145583325233,25.969743728637695
1747273154.0080085,3.542485240299022,-3.278273776597044,16.53146743774414
1747273154.115375,3.56218568936786,-3.2824713216696058,36.75413131713867
1747273154.1949434,3.5562926343114425,-3.2934113350143486,55.98330497741699
1747273154.245706,3.5626811115898915,-3.3012827741796613,15.876531600952148
1747273154.2784526,3.555168439514837,-3.307838952012065,16.269683837890625
1747273154.3217201,3.55117255065763,-3.311907197785811,16.429662704467773
1747273154.358583,3.565091384593093,-3.3169352414477538,17.696380615234375
1747273154.3991795,3.557682757536589,-3.3078888641605193,25.252342224121094
1747273154.46335,3.5539211485073445,-3.296645633880898,35.965919494628906
1747273154.50712,3.5649520496456706,-3.3020968313191896,33.737897872924805
1747273154.5720193,3.5586094495562657,-3.290057562106681,46.520233154296875
1747273154.663069,3.5654582398682413,-3.300840257924617,80.17611503601074
1747273154.7201533,3.5533469587232656,-3.30485374537674,46.85664176940918
1747273154.7675028,3.5583039567428196,-3.304343713699099,20.156383514404297
1747273154.7982957,3.556694497032384,-3.300919027774691,15.064001083374023
1747273154.8871834,3.5560209271957945,-3.2956391346151834,75.29664039611816
1747273154.9472232,3.556665672446435,-3.2914792402023565,31.592369079589844
1747273154.9816694,3.556771038503933,-3.2874619973398165,24.401187896728516
1747273155.037391,3.5538908222727805,-3.284081428590742,26.215076446533203
1747273155.0777009,3.5629091075928327,-3.2924649388179237,26.421785354614258
1747273155.161446,3.5586422026589353,-3.299488649940062,33.18333625793457
1747273155.2019224,3.5576805045463766,-3.2889643287438437,20.25461196899414
1747273155.2852268,3.5593053617409947,-3.2883425192793854,40.41457176208496
1747273155.3513117,3.5574630440124615,-3.2869820832943395,18.985509872436523
1747273155.385723,3.5560942793390122,-3.287168297045653,19.05035972595215
1747273155.4378035,3.5555926172202343,-3.2879636236985657,25.275468826293945
1747273155.5392036,3.564107829995715,-3.2910820656161235,40.897369384765625
1747273155.5978172,3.5562431673008392,-3.2809311577639066,28.66649627685547
1747273155.6674268,3.5601856789887703,-3.274621975344637,42.2821044921875
1747273155.7432115,3.563596681932115,-3.2652304745241647,36.01360321044922
1747273155.8004944,3.56551554911087,-3.263151243585339,28.270483016967773
1747273155.8624403,3.562345150622857,-3.2501415442104644,39.61062431335449
1747273155.920762,3.5667171800409876,-3.25171642976698,33.69259834289551
1747273155.9913814,3.5686853689104527,-3.2513668481291362,46.83637619018555
1747273156.0263677,3.574056157442413,-3.2613600114373753,16.183137893676758
1747273156.054399,3.5765153485931966,-3.271126784109338,17.318010330200195
1747273156.0908484,3.562233640559131,-3.2794787250781052,17.089128494262695
1747273156.1232102,3.5561300231586763,-3.2891138696924695,19.4244384765625
1747273156.1834126,3.5609576019049847,-3.2998872247108597,31.011104583740234
1747273156.2196476,3.5634748519106663,-3.3124898904792315,16.716480255126953
1747273156.2683623,3.564401984089903,-3.3191750145002916,34.78741645812988
1747273156.320883,3.559523714633584,-3.318309198080369,27.37259864807129
1747273156.375944,3.547920548921504,-3.3180105868344167,26.2601375579834
1747273156.423474,3.5419174739159773,-3.320268466058314,21.053314208984375
1747273156.4652781,3.563418311280995,-3.3351429632346656,30.669689178466797
1747273156.5103605,3.5519850939059148,-3.3277835833673954,21.558523178100586
1747273156.5723073,3.549205548615575,-3.3273467755523907,37.05239295959473
1747273156.5992222,3.5550866198548805,-3.3273012965690363,16.112565994262695
1747273156.630466,3.5544763523144267,-3.3270496407022914,17.293930053710938
1747273156.663372,3.5544408472568696,-3.3266497912899857,17.69256591796875
1747273156.692944,3.5543411928136863,-3.3167657348162467,18.477201461791992
1747273156.7794323,3.569906661329058,-3.3229546891463704,35.55417060852051
1747273156.8159673,3.5569700373995525,-3.322816546412168,21.969318389892578
1747273156.844626,3.5509178048767844,-3.322269216713041,15.25425910949707
1747273156.878345,3.547893845655608,-3.322335442497164,21.72398567199707
1747273156.9236898,3.5606921747276234,-3.3279344684275225,25.132417678833008
1747273156.9786568,3.5556356437205627,-3.3293879384810285,27.367115020751953
1747273157.0234542,3.5530890146505465,-3.3235005403779505,24.280309677124023
1747273157.0678113,3.5500865713369394,-3.3215074782131033,28.31244468688965
1747273157.1351101,3.5578613209414325,-3.3240214818598686,44.80695724487305
1747273157.1753669,3.5536615375541327,-3.327811074546538,23.06962013244629
1747273157.2186108,3.5554828763524027,-3.314490511193893,25.458097457885742
1747273157.263177,3.557119313216506,-3.30275184080173,32.968759536743164
1747273157.3791676,3.555454482343544,-3.3094841455813837,47.92618751525879
1747273157.4355848,3.551226262557234,-3.3022639671209424,27.344226837158203
1747273157.472713,3.554937428485653,-3.3048739570896775,19.533395767211914
1747273157.514435,3.5565335652563173,-3.306521607856263,19.45209503173828
1747273157.5637424,3.5619189231610306,-3.3040862483645808,30.108928680419922
1747273157.611096,3.5632025646832566,-3.3020366321308634,21.761655807495117
1747273157.650285,3.558313903457434,-3.288128924802967,22.29785919189453
1747273157.6971712,3.55843357166362,-3.2780263446249633,31.797170639038086
1747273157.8029175,3.5498192050052255,-3.2866933604571917,38.9707088470459
1747273157.860944,3.5649774109343633,-3.296003030822602,44.32177543640137
1747273157.9199102,3.5600435582751433,-3.284003290078995,41.17894172668457
1747273158.0391638,3.556324961189306,-3.2730789933177955,22.457599639892578
1747273158.0702243,3.555624848377731,-3.265616679586871,19.67144012451172
1747273158.0998244,3.559553514355036,-3.269003790530291,15.317440032958984
1747273158.1251574,3.561264897284448,-3.272120535779819,15.665054321289062
1747273158.1529667,3.562380239164656,-3.2754556241374386,15.717744827270508
1747273158.1881537,3.5712793322194445,-3.2751956187831754,21.63219451904297
1747273158.2237446,3.5769256185980853,-3.272942340419973,20.585298538208008
1747273158.2572002,3.564737210219383,-3.283548107411939,18.038272857666016
1747273158.2953827,3.558331103176651,-3.2711029750250735,26.25584602355957
1747273158.3554144,3.557640483473075,-3.2569210949530065,37.43457794189453
1747273158.4321554,3.567536326605022,-3.277027655284664,48.030853271484375
1747273158.4919662,3.559856111524649,-3.284665344826809,23.575782775878906
1747273158.5752058,3.5601351529308607,-3.2890144699138344,49.53718185424805
1747273158.6272051,3.5580406871330763,-3.269198613676985,23.775815963745117
1747273158.6788578,3.558137978679391,-3.2488990269158435,24.875640869140625
1747273158.762192,3.5601354461241694,-3.256543637357553,33.89263153076172
1747273158.8552988,3.5688771409365794,-3.270819370188058,41.7170524597168
1747273158.8934782,3.5622226283641623,-3.2804886337163612,19.794940948486328
1747273158.943629,3.5588599475306917,-3.293486424112534,19.69122886657715
1747273158.9853132,3.5638223245426746,-3.3053217752784874,27.044057846069336
1747273159.0338478,3.5578646500880344,-3.292821259714444,32.06658363342285
1747273159.06543,3.5580005461029804,-3.2736671100032533,16.770362854003906
1747273159.114281,3.5482226138752404,-3.2770007706548356,16.39556884765625
1747273159.1456761,3.5622310862247923,-3.288888617160847,16.651630401611328
1747273159.1724305,3.570115975212164,-3.291333826112132,15.738248825073242
1747273159.2271929,3.560579255588081,-3.2783424298226,40.65871238708496
1747273159.2878675,3.5645345642767743,-3.2660522580341933,22.92609214782715
1747273159.3294575,3.5659533113773696,-3.259713300314908,17.743825912475586
1747273159.3732483,3.558965309154047,-3.271694705239036,24.616718292236328
1747273159.4286087,3.568878066968692,-3.280911200175848,21.279096603393555
1747273159.4819643,3.5608976822567784,-3.2693844279516884,22.30668067932129
1747273159.5425708,3.5574232527625265,-3.2576844510963943,37.848711013793945
1747273159.62118,3.5589549593400824,-3.24937481004956,47.90616035461426
1747273159.6798995,3.556719653974075,-3.242193915061812,22.675514221191406
1747273159.7113624,3.554842563474603,-3.2341118313016057,17.56906509399414
1747273159.7483342,3.5641404670358385,-3.2301650338188876,19.85001564025879
1747273159.8272645,3.568094339899493,-3.2400897155627497,30.548572540283203
1747273159.890796,3.5589192441194943,-3.2320140441091425,41.118621826171875
1747273159.9716449,3.5595236585170094,-3.2299190861636404,40.178775787353516
1747273160.0201771,3.5658435424738872,-3.2398228152218076,21.72231674194336
1747273160.0767977,3.5550772999864293,-3.2499668120682634,19.204378128051758
1747273160.1143186,3.5507131697398195,-3.2628970894772262,26.879310607910156
1747273160.1581845,3.5560600092370045,-3.2727563979298426,30.648469924926758
1747273160.2019026,3.5631390460586836,-3.272508915504937,29.824256896972656
1747273160.2554367,3.5555978009900757,-3.2603868499722655,21.413803100585938
1747273160.2942693,3.5525570121999417,-3.250927408098257,19.516706466674805
1747273160.3484626,3.552939304203583,-3.2531447047654156,25.190353393554688
1747273160.4078686,3.5553250537122816,-3.2643398043398966,23.247480392456055
1747273160.4936433,3.5699465527197414,-3.2662180169327977,44.29268836975098
1747273160.549109,3.570074074766981,-3.2796233295277375,21.75426483154297
1747273160.6390793,3.559770956033291,-3.278541525308139,37.7197265625
1747273160.70435,3.5597670510949055,-3.264919581069349,39.84212875366211
1747273160.7863173,3.554050771201857,-3.2529325782822753,47.76263236999512
1747273160.8439734,3.551470048515153,-3.2562036312009925,18.528223037719727
1747273160.8767812,3.5617324766909513,-3.267876163711867,19.391775131225586
1747273160.951173,3.5579973110941783,-3.2576349661670974,45.603036880493164
1747273161.036902,3.5580566563509533,-3.263326809459679,32.396793365478516
1747273161.0979438,3.557346383897886,-3.2702216112483518,38.5286808013916
1747273161.155842,3.557705293727851,-3.2794578942488366,34.677982330322266
1747273161.2160666,3.557278383146273,-3.2643686375819456,38.17129135131836
1747273161.2936158,3.563807003466426,-3.2835896227546986,46.15592956542969
1747273161.3591986,3.5683032938105574,-3.2894887109036226,44.12221908569336
1747273161.4169457,3.551889029510093,-3.2954695026645817,24.88994598388672
1747273161.4486382,3.5441958500290096,-3.2983124165150075,19.83785629272461
1747273161.515792,3.5511403438324747,-3.2963094929958885,38.73109817504883
1747273161.5951488,3.566746701975824,-3.2951739403773255,24.016618728637695
1747273161.66608,3.5614587959327766,-3.285136739200481,28.53226661682129
1747273161.7416315,3.5566105887778385,-3.283795355919097,49.04651641845703
1747273161.7883208,3.5686468980876507,-3.289961355733441,19.222021102905273
1747273161.8308513,3.5655879831047783,-3.2966144834927444,26.49664878845215
1747273161.8742087,3.561605519012275,-3.2958812524912116,23.813247680664062
1747273161.9196658,3.559973135612942,-3.295215518874506,27.632474899291992
1747273162.0178275,3.561698821129951,-3.2859251356026924,27.565717697143555
1747273162.0701442,3.5625396041520374,-3.2770166589453313,28.025150299072266
1747273162.1570396,3.566975956738985,-3.275926113636592,22.71437644958496
1747273162.2514596,3.558073918922303,-3.2678421528419874,41.77069664001465
1747273162.3055773,3.5569451434268724,-3.2767856507700537,30.590295791625977
1747273162.3713472,3.5521130567433046,-3.287130006399022,45.594215393066406
1747273162.4391348,3.559399875820816,-3.2763850129857475,51.30815505981445
1747273162.4940574,3.566687092357058,-3.285836377991212,30.45487403869629
1747273162.5785341,3.551716767771733,-3.2914108019694774,22.524356842041016
1747273162.6214697,3.552745696058279,-3.2925001838522063,26.33070945739746
1747273162.6986437,3.555492366921789,-3.2889171988638846,39.47925567626953
1747273162.7470865,3.553764060281868,-3.288969740555345,36.22269630432129
1747273162.8151808,3.54303650037214,-3.2923690395805547,35.15362739562988
1747273162.876448,3.5601639677647197,-3.293443684225374,37.676095962524414
1747273162.9505126,3.568884685836226,-3.294754161739756,47.292470932006836
1747273163.0231652,3.55173564186474,-3.2968411131488042,53.00307273864746
1747273163.138361,3.56412048495061,-3.3070678593479097,16.29781723022461
1747273163.1713834,3.569837568925732,-3.3158425819644175,22.815227508544922
1747273163.2127104,3.562019457045642,-3.3009259516779617,25.583267211914062
1747273163.2440414,3.55875220182912,-3.3074442610282055,17.80557632446289
1747273163.3413138,3.562696883502898,-3.3125563256598687,24.725914001464844
1747273163.3882985,3.5592271092507377,-3.305482182959627,18.137216567993164
1747273163.4785047,3.558369207283921,-3.2972968261469617,74.01776313781738
1747273163.5243173,3.5578258969254013,-3.286411845245565,26.007890701293945
1747273163.6130636,3.5576885125342823,-3.2752124080756566,68.04180145263672
1747273163.6480834,3.557215151907581,-3.26708180486261,16.48998260498047
1747273163.6864305,3.5563754900264026,-3.260374309181333,22.52364158630371
1747273163.7226033,3.5664767021181034,-3.271171791968886,22.898435592651367
1747273163.7712932,3.5587403808059284,-3.2666296947578632,25.90656280517578
1747273163.855063,3.5553477194569982,-3.276198888743933,42.51456260681152
1747273163.9115043,3.5544892059257345,-3.2836577218823635,42.847394943237305
1747273163.9767308,3.545154083364844,-3.2907261845931677,34.911394119262695
1747273164.0417755,3.5414793118859444,-3.296742336548297,40.22789001464844
1747273164.0828655,3.552275066752974,-3.2968555217398805,23.623228073120117
1747273164.1803055,3.5563683450202053,-3.2882251029815475,23.960590362548828
1747273164.2552974,3.5583415078900775,-3.282429932009695,49.36361312866211
1747273164.2943554,3.5585169360276647,-3.281095222319652,21.131038665771484
1747273164.3672507,3.5608750350069527,-3.276544881678071,31.26072883605957
1747273164.4204419,3.5617355363645293,-3.2729588735862176,27.69160270690918
1747273164.476363,3.5593447598888517,-3.2611923838372565,37.08052635192871
1747273164.543052,3.5681441371630602,-3.277966368309795,31.260013580322266
1747273164.5954046,3.5593166921564463,-3.2904972533752166,29.28900718688965
1747273164.659129,3.5511722897641604,-3.280869213733259,25.5587100982666
1747273164.747069,3.5541343335487534,-3.278061920876096,51.91326141357422
1747273164.8030703,3.556046459009088,-3.2874193644806216,46.250104904174805
1747273164.8590636,3.558144486337332,-3.2965834462306276,45.856475830078125
1747273164.915093,3.5673190943359523,-3.298638299725414,44.65317726135254
1747273164.9682548,3.5618278338050713,-3.2876581711173416,42.01388359069824
1747273165.0215793,3.5555052369541964,-3.2677364675078735,42.25301742553711
1747273165.0752232,3.553366021272459,-3.2622271413679327,43.231964111328125
1747273165.1286044,3.551550559318742,-3.2673013015643013,39.37816619873047
1747273165.182472,3.550172719323088,-3.2734395584883758,39.766550064086914
1747273165.2384825,3.5533386351418637,-3.2808859787679934,38.370609283447266
1747273165.3110723,3.55054029629648,-3.291302483926602,43.62607002258301
1747273165.3816633,3.5589997353384004,-3.2957072745534726,24.837732315063477
1747273165.4471345,3.5649436331466076,-3.300153308723798,39.881229400634766
1747273165.4788914,3.555481363061788,-3.306601952756865,18.276453018188477
1747273165.5081682,3.55093284819291,-3.297186092669204,17.011404037475586
1747273165.5411491,3.548942977715688,-3.286727977830679,21.260499954223633
1747273165.6123788,3.550730071451909,-3.286127778899323,30.530452728271484
1747273165.6530209,3.555508432108921,-3.2898968051118924,25.93684196472168
1747273165.719908,3.557599750282751,-3.2943538542333703,42.58394241333008
1747273165.763223,3.5694977961426906,-3.2945832866318474,27.781248092651367
1747273165.8289275,3.55901990728254,-3.286363268866465,30.88521957397461
1747273165.902846,3.569041622708315,-3.2937647491771957,39.28875923156738
1747273165.9625304,3.551759978498697,-3.29661120328774,42.537689208984375
1747273166.039101,3.5628689823847504,-3.301888453130057,45.19295692443848
1747273166.1171725,3.568214681210926,-3.3037712463425812,30.896902084350586
1747273166.157642,3.570120457233423,-3.306251888680876,28.42879295349121
1747273166.2329664,3.5566176540405987,-3.309997103005771,47.53446578979492
1747273166.303082,3.562902584277346,-3.315582981891439,56.643009185791016
1747273166.3474228,3.5604054679963295,-3.316587451574205,27.881145477294922
1747273166.3834693,3.565843685266337,-3.3183528529074025,23.96082878112793
1747273166.4372175,3.5502753142190704,-3.31829984374155,26.076078414916992
1747273166.4949868,3.5507814461979526,-3.3123798480168762,26.854276657104492
1747273166.5589657,3.564901818181669,-3.316009381236737,28.140544891357422
1747273166.6382766,3.5549945203997733,-3.3164652968731847,45.89390754699707
1747273166.6931133,3.5505717374246997,-3.316690692822276,44.71111297607422
1747273166.7336147,3.5487893356809233,-3.3042990878201435,19.387006759643555
1747273166.7843134,3.5479905092322213,-3.3014387709621005,24.121522903442383
1747273166.8408723,3.554228769854721,-3.303014708776296,23.20408821105957
1747273166.9115043,3.556218575565589,-3.3051192552735436,30.19094467163086
1747273166.9693346,3.553451873355376,-3.305153583275431,22.765636444091797
1747273167.0383627,3.55185622172325,-3.3048490050023465,27.582883834838867
1747273167.0870223,3.548690383093927,-3.3046588752394115,20.42245864868164
1747273167.1472156,3.5505923133695263,-3.307565030912164,28.719425201416016
1747273167.211677,3.55203719671047,-3.31191377963633,30.15875816345215
1747273167.312307,3.5495487087064,-3.3044714354434075,61.87701225280762
1747273167.3873425,3.548263166373615,-3.3036670890755198,26.747941970825195
1747273167.4352427,3.549107124820588,-3.3059797233362835,33.31589698791504
1747273167.5012906,3.5633099320698722,-3.3060241367577743,25.232791900634766
1747273167.5318277,3.569190781602929,-3.3149225293864877,17.935991287231445
1747273167.5911045,3.5720487766162208,-3.32242889897843,30.338764190673828
1747273167.6728487,3.577427120655021,-3.330816334223994,60.631513595581055
1747273167.7231228,3.563895640050303,-3.329008748775652,26.78513526916504
1747273167.771886,3.5541790871834342,-3.325006413238087,36.36312484741211
1747273167.8288271,3.5649183784166425,-3.3305892437750066,38.691043853759766
1747273167.891469,3.557092041040642,-3.3316086407739776,34.96265411376953
1747273167.9437492,3.558958353198548,-3.32070283441897,20.073890686035156
1747273168.0048332,3.5602261775118604,-3.307868089274383,43.122053146362305
1747273168.0835032,3.5720652431512416,-3.3086657084774767,37.79745101928711
1747273168.1868837,3.5604275446331592,-3.3073801574983652,17.661094665527344
1747273168.2153754,3.555727896594617,-3.2987368387576943,15.509366989135742
1747273168.246197,3.5529315770581085,-3.290287986536336,18.413066864013672
1747273168.2739112,3.5532554221247903,-3.281304413978244,15.086650848388672
1747273168.3677337,3.5550143289355347,-3.28671142325455,41.700124740600586
1747273168.4004974,3.564726004962441,-3.286015481102878,16.35122299194336
1747273168.4697127,3.558927734080784,-3.2754228910713907,31.75663948059082
1747273168.5151286,3.555582830062961,-3.2768137988832566,30.75408935546875
1747273168.583426,3.564389878478717,-3.2849016809647926,42.88792610168457
1747273168.6293323,3.5586605654096277,-3.2886582687014068,20.752429962158203
1747273168.6596196,3.555159625661279,-3.2948070954811857,19.25063133239746
1747273168.7120829,3.555008417735342,-3.2868504800493596,29.241085052490234
1747273168.7407117,3.556718977041329,-3.2963556168692447,15.853166580200195
1747273168.829896,3.56494875337986,-3.2921358554182154,43.189048767089844
1747273168.8796058,3.554566810562517,-3.300693623775329,28.9151668548584
1747273168.9185207,3.5499205349861525,-3.303697537308297,24.155855178833008
1747273168.961232,3.553739523889169,-3.296820136748636,24.47056770324707
1747273169.0223265,3.5539756108331284,-3.289237889095508,25.067806243896484
1747273169.0765457,3.5532509867683792,-3.279614923465231,32.64784812927246
1747273169.1431153,3.55525226329223,-3.2865942592380883,31.063079833984375
1747273169.193221,3.56041721869663,-3.2793128516185805,28.919458389282227
1747273169.2378557,3.5562875472920115,-3.266513588883006,28.50818634033203
1747273169.2798808,3.565242444420407,-3.2772907168384275,24.47342872619629
1747273169.337951,3.559591471359745,-3.2682793250583297,29.070138931274414
1747273169.4236956,3.559509054210939,-3.273522757555999,20.597457885742188
1747273169.4825063,3.553067047763618,-3.280443775460145,29.357433319091797
1747273169.531547,3.549274415347947,-3.2894398480673406,27.851104736328125
1747273169.6037474,3.560651932505911,-3.294209659427535,59.38553810119629
1747273169.6639206,3.5647609677338377,-3.305953772321451,29.703378677368164
1747273169.7240252,3.558076459426027,-3.293437420995164,30.165672302246094
1747273169.7821736,3.55479870841204,-3.293239697720546,34.41953659057617
1747273169.8276458,3.553782986175169,-3.297897752883763,25.12192726135254
1747273169.9094412,3.5627858593331228,-3.291382851592986,21.906137466430664
1747273169.9463212,3.556616625065785,-3.3009209628010225,25.979995727539062
1747273169.9909625,3.5507786287642484,-3.29063752573382,18.12744140625
1747273170.027508,3.5494385958400008,-3.2801435243034964,25.281429290771484
1747273170.0707161,3.549900333506457,-3.267330314228227,32.02414512634277
1747273170.1123323,3.549679149925921,-3.2533151250020413,27.347564697265625
1747273170.1840072,3.551684538337372,-3.2578742067898014,50.73690414428711
1747273170.2637448,3.551440916018426,-3.2642063299552024,44.79646682739258
1747273170.295998,3.560238632846981,-3.272322238832062,15.831470489501953
1747273170.3409317,3.5689895921322528,-3.274025281474627,32.90915489196777
1747273170.3844295,3.5715595147028627,-3.2863247549823296,16.376018524169922
1747273170.415436,3.573689534593836,-3.3004013781814816,19.917964935302734
1747273170.4751878,3.5598053293037113,-3.302215244675164,19.51003074645996
1747273170.519227,3.557297597337869,-3.292545299683847,31.592369079589844
1747273170.5976043,3.5573581339441303,-3.282079715147992,38.298845291137695
1747273170.6562376,3.553097464333615,-3.2681286932528817,35.86149215698242
1747273170.7517073,3.5566593207470234,-3.250937732569392,45.18246650695801
1747273170.797726,3.5594678759601424,-3.231727008426451,26.826858520507812
1747273170.8529167,3.571837620422504,-3.225527424412518,28.120040893554688
1747273170.9151,3.5787810803865807,-3.216203150335934,38.796186447143555
1747273170.95445,3.570318411139761,-3.234870910777456,16.289949417114258
1747273170.9812453,3.5636912516348938,-3.2548698380540086,15.527725219726562
1747273171.022476,3.5592158772717815,-3.268004999747968,30.57384490966797
1747273171.0792274,3.5570382121595405,-3.2781068659355945,38.65981101989746
1747273171.1437197,3.554293240104692,-3.285397457548783,34.51251983642578
1747273171.2082815,3.5659041725843523,-3.294510714792258,23.75507354736328
1747273171.278419,3.5590170168885953,-3.3028665995797972,37.699222564697266
1747273171.365133,3.5579290087204942,-3.3019105805389186,24.06764030456543
1747273171.426166,3.5563622792290923,-3.3011240004483526,32.56845474243164
1747273171.4812179,3.5646344999646287,-3.310832906380705,31.23784065246582
1747273171.527462,3.5724731686453532,-3.3171025482192986,35.30287742614746
1747273171.5538018,3.5582092281260365,-3.3064128910191015,16.378164291381836
1747273171.607947,3.5547373331550793,-3.296603495418227,23.146390914916992
1747273171.6643972,3.5529061535800786,-3.2964842609975538,30.344724655151367
1747273171.742665,3.5552875717461143,-3.2993384892730866,32.29570388793945
1747273171.8280177,3.569862134067992,-3.30008760870194,17.525911331176758
1747273171.858591,3.5792058382712404,-3.2997935774962373,17.76742935180664
1747273171.9157584,3.5781255097492854,-3.3029840726885755,35.62808036804199
1747273171.9553032,3.565856043715118,-3.304247620152725,23.856401443481445
1747273171.9924252,3.5603862276092135,-3.303699256756307,17.81153678894043
1747273172.0533843,3.5550290993684364,-3.2992938908623675,44.77238655090332
1747273172.1062398,3.5545012445259876,-3.2898414046567557,25.98738670349121
1747273172.1396952,3.5576137313525824,-3.295851505391827,20.894289016723633
1747273172.207402,3.5589564086375813,-3.2920679147086864,25.867938995361328
1747273172.239595,3.559329511053152,-3.291560790846648,19.650697708129883
1747273172.270522,3.5522247997119796,-3.2808137423892667,17.7767276763916
1747273172.3227732,3.5502995466475387,-3.2789168422989685,30.040740966796875
1747273172.3976326,3.547736168535263,-3.279720031282008,38.547515869140625
1747273172.4404995,3.550017122910384,-3.283393217026538,20.78843116760254
1747273172.4923117,3.5524092661755384,-3.2892866439277237,32.206058502197266
1747273172.5912397,3.5614794998880064,-3.2933147712913913,35.39156913757324
1747273172.655076,3.5684451927121015,-3.295488484687022,49.24130439758301
1747273172.724191,3.5556792534621033,-3.286847166865831,57.65342712402344
1747273172.7863376,3.558355924241905,-3.2895915463192003,47.371625900268555
1747273172.823806,3.570060633724689,-3.289906333002175,26.441574096679688
1747273172.8739545,3.559108759269991,-3.28306598766466,22.84407615661621
1747273172.9062612,3.5553004930833545,-3.282487493548641,18.13483238220215
1747273172.9594972,3.552294780861448,-3.281242176271458,38.79809379577637
1747273173.0375512,3.553529429030372,-3.286634112510335,62.421560287475586
1747273173.102916,3.568597755657671,-3.286729351191733,26.313066482543945
1747273173.1750739,3.562603638435067,-3.2754249276530603,49.33953285217285
1747273173.354358,3.5621638250178798,-3.2809806077491666,27.294158935546875
1747273173.3978252,3.559252123276991,-3.278232266353502,28.406858444213867
1747273173.4346075,3.5604463879984105,-3.266794564803746,24.621009826660156
1747273173.4654646,3.560551053053602,-3.2555814067686053,19.292354583740234
1747273173.4926481,3.5664950262952355,-3.263871856310654,17.149925231933594
1747273173.5199964,3.5698848300555515,-3.2702896296496875,15.743255615234375
1747273173.5576978,3.558301266688283,-3.279723706531341,22.28379249572754
1747273173.6228824,3.5529412042363497,-3.2893207488941494,47.12224006652832
1747273173.6828167,3.5571610907215407,-3.2741605870923634,37.63771057128906
1747273173.7450979,3.5575050270228905,-3.2848717052846728,37.42694854736328
1747273173.7832808,3.557681212210555,-3.297314174879798,25.465726852416992
1747273173.862873,3.549616286129176,-3.2838001813288096,33.03837776184082
1747273173.9004557,3.5504225516766406,-3.28354891609634,25.768041610717773
1747273173.9306893,3.549368095957749,-3.2862457479178637,16.608238220214844
1747273173.981125,3.5649651996795715,-3.2981906983998392,33.92958641052246
1747273174.0143032,3.5576638322780436,-3.3053684543138915,19.582033157348633
1747273174.073926,3.5556836902893094,-3.3101769378495165,39.000749588012695
1747273174.129572,3.5574172918771576,-3.298797388862992,27.64105796813965
1747273174.1797173,3.568738015177006,-3.3069372276074125,27.833223342895508
1747273174.234275,3.5594833602146467,-3.310880959787365,32.17148780822754
1747273174.2842581,3.55518916787453,-3.315233084162738,39.38698768615723
1747273174.3530304,3.555014427603754,-3.304460708602739,39.39223289489746
1747273174.4189508,3.557450578245475,-3.3061573896390186,20.18141746520996
1747273174.4516609,3.558308604412229,-3.308168598086237,20.287513732910156
1747273174.4896052,3.568111454755173,-3.308402973078457,24.443387985229492
1747273174.5511255,3.5734579365955588,-3.308656674739098,42.04702377319336
1747273174.6188002,3.5644945541096527,-3.3098595980153074,35.30597686767578
1747273174.6726253,3.5568824378562485,-3.2972473805843547,30.816078186035156
1747273174.7187083,3.5519343137897463,-3.2885441898219234,32.317161560058594
1747273174.7829516,3.550845949762185,-3.2846507977890966,40.520668029785156
1747273174.8552835,3.5515077958355317,-3.2705126451750064,44.55399513244629
1747273174.9065132,3.555081792132663,-3.2552326423770355,37.673234939575195
1747273174.9513707,3.553590720227181,-3.2453766239998876,29.4797420501709
1747273175.0029693,3.553147226639122,-3.2341635103716686,38.73920440673828
1747273175.0389934,3.555442347649351,-3.2275514497819238,19.363880157470703
1747273175.1018124,3.5549896199612663,-3.221482413806424,27.99391746520996
1747273175.2124002,3.552828565122232,-3.223721007716505,31.296253204345703
1747273175.2925825,3.5515867205416423,-3.2263805289209437,47.32227325439453
1747273175.3472567,3.555054345793648,-3.2337984576004293,27.924299240112305
1747273175.4385529,3.5534777949407745,-3.2425820849151172,28.979063034057617
1747273175.4817393,3.5479248947461266,-3.2420840518320713,32.05156326293945
1747273175.550812,3.5518422294995746,-3.2320895427280614,19.912004470825195
1747273175.5880647,3.569630993131231,-3.2243757103497774,21.539926528930664
1747273175.640414,3.5784133361037687,-3.2157668920595386,25.07805824279785
1747273175.7167754,3.572517431831387,-3.2172089423159274,21.19302749633789
1747273175.7673175,3.5667599815234197,-3.2004683965151806,23.007869720458984
1747273175.8338807,3.562291337068134,-3.2114047932345335,27.81057357788086
1747273175.899414,3.5716638162802274,-3.211868421895587,27.19879150390625
1747273175.9439354,3.5596269793574864,-3.221123461928519,29.738426208496094
1747273176.0208006,3.5545498959857094,-3.2344849451687105,54.71920967102051
1747273176.0870743,3.5582811948974777,-3.21094386341979,32.723426818847656
1747273176.1306067,3.5619004606848796,-3.2293857142943216,16.780614852905273
1747273176.1712644,3.557195493190491,-3.2505569953934534,21.275043487548828
1747273176.211639,3.5730267286490878,-3.251725323082887,22.835254669189453
1747273176.2440279,3.581576536475854,-3.253841073079461,19.904613494873047
1747273176.301266,3.583218746681107,-3.2558467268662197,20.5991268157959
1747273176.347809,3.58365876570254,-3.2513017050244084,24.147510528564453
1747273176.41296,3.5853005465327428,-3.2454524918346825,39.847373962402344
1747273176.4711678,3.5772852037377567,-3.273108779923465,40.628910064697266
1747273176.524694,3.5790333083246875,-3.2681036775370065,39.205074310302734
1747273176.606935,3.5726931574443257,-3.2640978798706834,25.690317153930664
1747273176.6513278,3.577692034566286,-3.2585079269107773,29.119253158569336
1747273176.7045703,3.580444393003959,-3.256338816016719,29.196500778198242
1747273176.7872205,3.567990626932728,-3.2600884437797766,50.920724868774414
1747273176.824109,3.560542373697519,-3.2311690910975552,21.529674530029297
1747273176.8636253,3.556790454677314,-3.2136850162787125,25.805950164794922
1747273176.952615,3.558607431388395,-3.1921892078249594,60.52851676940918
1747273176.987303,3.561391340684691,-3.194941470345803,17.302989959716797
1747273177.0407238,3.568314622641137,-3.200648187281355,39.089202880859375
1747273177.1209064,3.562889553512766,-3.1973845936737026,31.175613403320312
1747273177.1786125,3.5554018692334717,-3.184671556333212,18.96381378173828
1747273177.2115388,3.5542269423060673,-3.201593855304422,21.717309951782227
1747273177.2660315,3.5545977937901507,-3.218416558773362,30.035972595214844
1747273177.3475528,3.5497115660412866,-3.230810277309879,40.900468826293945
1747273177.3797727,3.5469337651636543,-3.2476859125396818,19.541501998901367
1747273177.4512613,3.5467825589049005,-3.2473622822581576,43.929100036621094
1747273177.5185263,3.551081415182108,-3.2693875447353307,33.1416130065918
1747273177.5634472,3.567312988374147,-3.2655786374102975,25.859832763671875
1747273177.6355755,3.5540294668876387,-3.2452318642504188,43.24674606323242
1747273177.713261,3.5645074453598884,-3.2653025414350383,23.770809173583984
1747273177.773531,3.5558395271244367,-3.281656448287361,35.1414680480957
1747273177.8750856,3.5557215631390595,-3.265317432923105,31.374692916870117
1747273177.9437132,3.5638483044413802,-3.2891839751856424,34.60216522216797
1747273178.0236235,3.560695905104125,-3.2668840167463338,42.951107025146484
1747273178.0788825,3.5589922541192403,-3.261981619618896,36.26871109008789
1747273178.124963,3.56868248039284,-3.266484159590238,28.177499771118164
1747273178.1914814,3.572672400943331,-3.2724949042990805,43.98679733276367
1747273178.3631995,3.5629117149200606,-3.257015620003161,17.2731876373291
1747273178.4051294,3.562287955379676,-3.252916698645327,24.086952209472656
1747273178.4660578,3.561666522589042,-3.2284643327291405,24.85823631286621
1747273178.5512233,3.5604348274910604,-3.230926923179974,33.59413146972656
1747273178.6053796,3.55983932327194,-3.217183879097483,21.412134170532227
1747273178.666397,3.5657072430984442,-3.236019514630908,36.80872917175293
1747273178.727835,3.57531276860061,-3.2333029180175847,30.910968780517578
1747273178.772317,3.578634819925896,-3.2278487651654064,31.61787986755371
1747273178.8013742,3.5634609041741157,-3.2317885474600105,15.671253204345703
1747273178.856627,3.5599116517062326,-3.213827968637499,21.329164505004883
1747273178.920617,3.557503400320978,-3.2053343993437458,39.504289627075195
1747273179.0138025,3.558989362550772,-3.194997530964956,32.86099433898926
1747273179.0754883,3.553076322917999,-3.187172449146099,29.885053634643555
1747273179.1093464,3.551599284949024,-3.17961266218216,16.309022903442383
1747273179.143293,3.551074781701102,-3.1749589928181052,19.117355346679688
1747273179.1851768,3.5532409550410606,-3.177965862377543,24.605274200439453
1747273179.2352304,3.5564466096435376,-3.185950867124342,33.64706039428711
1747273179.2674372,3.5574966791019227,-3.1933710811949734,19.47951316833496
1747273179.3093867,3.5568007421300396,-3.209320070775298,27.901649475097656
1747273179.3840046,3.569556323796007,-3.201307982015139,39.70909118652344
1747273179.4632044,3.5767260689636275,-3.1981087311057195,45.41778564453125
1747273179.552982,3.5761209469061193,-3.2001563897796816,52.304983139038086
1747273179.6216636,3.564996958865212,-3.207711915007338,31.311988830566406
1747273179.689539,3.569956122877451,-3.229449966651893,25.543212890625
1747273179.7556248,3.5718322874630033,-3.247434685512379,34.48176383972168
1747273179.8358347,3.5651688105301447,-3.2627419306470085,23.653507232666016
1747273179.87928,3.5624858945021693,-3.268312141929582,22.539854049682617
1747273179.92341,3.572733211772408,-3.2622389511089045,21.833181381225586
1747273179.9592407,3.5777273663632165,-3.2614302002268465,21.570205688476562
1747273180.0197577,3.564647174462648,-3.248666554923929,38.91396522521973
1747273180.09349,3.5666899212458625,-3.263250664762305,34.16776657104492
1747273180.1281095,3.554621434077812,-3.276129751800035,17.507553100585938
1747273180.1917217,3.56770606784099,-3.289138036740884,17.393112182617188
1747273180.2283401,3.573698965421286,-3.3003968528736936,18.627166748046875
1747273180.3032386,3.5520845031094694,-3.3049538210159852,27.942419052124023
1747273180.3503711,3.555859465894796,-3.307345599745192,22.3081111907959
1747273180.395276,3.571584015416677,-3.310405534112034,22.91131019592285
1747273180.442909,3.5575843204172894,-3.307786279731557,22.716283798217773
1747273180.503564,3.557959809004246,-3.3018441884379794,23.448944091796875
1747273180.5855296,3.555056458289725,-3.3025113989568524,27.03547477722168
1747273180.6590912,3.5580189066580132,-3.3055723789747313,42.597055435180664
1747273180.713276,3.5580827209436645,-3.3100823721090333,30.7466983795166
1747273180.7720559,3.5563659474818854,-3.3086277951179572,15.660524368286133
1747273180.8013651,3.557394067074771,-3.310209007464758,16.717910766601562
1747273180.8791063,3.553578691017841,-3.308170372144666,30.883073806762695
1747273180.9422724,3.553651718833673,-3.299185495641931,34.737348556518555
1747273181.0248947,3.5689879817650985,-3.3033361151959983,48.34771156311035
1747273181.0670817,3.5721488593298014,-3.311802821672797,30.321836471557617
1747273181.1098127,3.5758092975217326,-3.310433588088443,20.42865753173828
1747273181.2098958,3.567723720187697,-3.3053190210633643,28.215885162353516
1747273181.261429,3.565807790376656,-3.2992780634751995,31.625032424926758
1747273181.333506,3.5588311793244642,-3.304582238866201,46.221256256103516
1747273181.3698306,3.556874280738684,-3.30666235744318,18.653154373168945
1747273181.4201345,3.5510007459784916,-3.3042563910771667,22.317886352539062
1747273181.5199206,3.551393371387601,-3.2946905814357104,31.908035278320312
1747273181.5930228,3.5694083802704863,-3.298793776990886,59.049129486083984
1747273181.6752589,3.5702364750147164,-3.30842862362041,18.068313598632812
1747273181.7285519,3.5680740923212997,-3.305999804218433,17.1663761138916
1747273181.7961056,3.5664401501299565,-3.3004773400182845,47.99222946166992
1747273181.8790798,3.5616063905093274,-3.306561966588629,56.76627159118652
1747273181.9286299,3.554915259279165,-3.305522657649108,31.51702880859375
1747273181.999744,3.551165125616828,-3.3033582989103243,36.38935089111328
1747273182.062551,3.549408508865535,-3.291254387188665,40.65990447998047
1747273182.12464,3.551672391034445,-3.277947256824403,46.447038650512695
1747273182.1927567,3.551835883502692,-3.2641535640999595,33.02931785583496
1747273182.2481024,3.550232019629459,-3.251150997701993,25.01368522644043
1747273182.3118422,3.548668422035114,-3.2424296566943926,29.087543487548828
1747273182.4087334,3.5549589421760843,-3.233236869661497,43.71237754821777
1747273182.46339,3.554448562023906,-3.223477112276906,41.376590728759766
1747273182.544229,3.5685063668958152,-3.2294126342563327,21.64602279663086
1747273182.615396,3.5750884239541447,-3.23797174475734,48.708200454711914
1747273182.684673,3.578465040930425,-3.249588627664059,46.55170440673828
1747273182.7311609,3.578801806297939,-3.260675214776651,23.181438446044922
1747273182.7620418,3.57870500217929,-3.2731612378197488,18.1121826171875
1747273182.8184412,3.5784244053133554,-3.271512241035259,43.11537742614746
1747273182.894033,3.562698796525491,-3.2834385210903263,37.53495216369629
1747273182.9635627,3.558913612253803,-3.2939134034049724,46.21624946594238
1747273183.0142307,3.557943375917417,-3.301038561887924,30.780792236328125
1747273183.0857937,3.57026839567793,-3.301452831356697,30.597209930419922
1747273183.1726432,3.5623306720733474,-3.306751366193719,49.97372627258301
1747273183.2258282,3.565584016536003,-3.2907544279125815,39.026498794555664
1747273183.302824,3.559535493536382,-3.2706826767397073,52.27017402648926
1747273183.416391,3.564367299180454,-3.2588930078861917,33.61845016479492
1747273183.4967716,3.574330607569562,-3.269136478664336,33.87165069580078
1747273183.5326412,3.5743072227528296,-3.285852621254918,19.624948501586914
1747273183.567405,3.5730981038129626,-3.298731019211935,24.106264114379883
1747273183.5996284,3.5794399403578905,-3.302988281029266,19.76943016052246
1747273183.635923,3.584341404272188,-3.3034216647354344,23.28658103942871
1747273183.6790748,3.580801938806014,-3.3195534897098344,18.54085922241211
1747273183.7210114,3.578842165103988,-3.3329437570383806,25.86531639099121
1747273183.7553794,3.577235541030424,-3.3411327903812325,24.481773376464844
1747273183.7951562,3.5792220236195935,-3.3421644492701517,27.229785919189453
1747273183.8230512,3.579900445639305,-3.3427022899435865,18.65100860595703
1747273183.8827446,3.575226548366688,-3.3450127092068764,32.31310844421387
1747273183.9469714,3.5696029297557352,-3.344474016306994,16.149520874023438
1747273184.0054688,3.569093484650132,-3.3441835050771656,47.07813262939453
1747273184.0574431,3.5748884525737488,-3.342439745339256,22.473573684692383
1747273184.1403506,3.5762164269115395,-3.3491509238672617,39.23392295837402
1747273184.2048867,3.56452228919464,-3.340702495307815,30.215024948120117
1747273184.2808635,3.55940313024569,-3.3336181750725205,42.783260345458984
1747273184.3459084,3.564681045560456,-3.331625238158234,25.76613426208496
1747273184.3991401,3.5762489035819454,-3.3308178062355673,37.835121154785156
1747273184.4662185,3.570213223643457,-3.328194873938561,29.184341430664062
1747273184.5377784,3.562599779044636,-3.3310235610870906,39.26515579223633
1747273184.6046667,3.5602858870990586,-3.3268468520669834,36.691904067993164
1747273184.664604,3.558877193931664,-3.325069218495832,41.19443893432617
1747273184.7310898,3.55799082334004,-3.3236768079416574,53.41672897338867
1747273184.7747955,3.558444112690124,-3.3250933983236752,26.20673179626465
1747273184.8451,3.556024137383126,-3.3216870017190776,30.00354766845703
1747273184.9190607,3.5567706656961984,-3.3240475819853423,33.63442420959473
1747273184.959704,3.5612630219039234,-3.3238962043759805,18.138647079467773
1747273185.0348268,3.557943841037605,-3.3213810600944,24.29819107055664
1747273185.0833116,3.569399072791932,-3.3300196251691903,22.118330001831055
1747273185.1371233,3.573980626567366,-3.335843770289456,22.504806518554688
1747273185.191163,3.5701477959604877,-3.3239681601344175,22.25327491760254
1747273185.2737024,3.567042520320756,-3.31369856736614,58.04634094238281
1747273185.311363,3.5594464280649887,-3.2997388543075186,23.047685623168945
1747273185.405817,3.5585822741306483,-3.3003964964018464,24.846792221069336
1747273185.4649107,3.5619064104777887,-3.3035208956560638,36.80109977722168
1747273185.520563,3.5631181330056303,-3.306788821057344,24.48892593383789
1747273185.5738864,3.564072470716918,-3.314990896667518,31.029701232910156
1747273185.6071618,3.559451714740288,-3.3034102441450393,18.360376358032227
1747273185.68276,3.5552775537326755,-3.2991734677639144,20.307540893554688
1747273185.7193344,3.5557712704639495,-3.3011951716225028,22.540807723999023
1747273185.771294,3.5545462070319314,-3.3019779935256155,21.456480026245117
1747273185.8513973,3.56674913703886,-3.3037881696180422,47.120094299316406
1747273185.9494817,3.557484926099234,-3.302653701223237,37.21308708190918
1747273186.019066,3.567498078950345,-3.3129043501424156,42.16194152832031
1747273186.079779,3.5554505782140478,-3.3149723272489964,47.49488830566406
1747273186.1527362,3.5662757492485166,-3.316256673513639,41.18990898132324
1747273186.2088754,3.567943159607134,-3.315747437156231,17.505168914794922
1747273186.2556813,3.5557382800600283,-3.3048379456321966,27.601003646850586
1747273186.319092,3.554177037197075,-3.2978837376112162,31.039714813232422
1747273186.3512402,3.5528116936032395,-3.2945466119853295,17.71259307861328
1747273186.4111125,3.5543974396230573,-3.299048597907992,46.869754791259766
1747273186.4480991,3.566408067147065,-3.2991033941080063,18.70417594909668
1747273186.5270963,3.5562351460630994,-3.3054157929359955,35.69507598876953
1747273186.6031232,3.556524586797505,-3.293546601588064,32.49788284301758
1747273186.6546888,3.551079576705112,-3.295975423748732,35.88581085205078
1747273186.7311246,3.5645574454564883,-3.305393042908465,21.81529998779297
1747273186.784988,3.5753312572538323,-3.3071801963992566,41.16201400756836
1747273186.8751202,3.5775038128313805,-3.311033785865223,37.856101989746094
1747273186.9448934,3.579146084125268,-3.323184554397281,46.74649238586426
1747273187.0031242,3.5827452521303442,-3.3337927603836364,34.50489044189453
1747273187.038622,3.564593178077077,-3.333296420954405,23.42963218688965
1747273187.0750868,3.558475221558502,-3.3294662340054044,23.46491813659668
1747273187.109798,3.5509944240387017,-3.3209526204212527,20.02406120300293
1747273187.1790736,3.546623398978763,-3.312248896660599,32.192230224609375
1747273187.2318823,3.553831246488753,-3.3084495996465786,28.22256088256836
1747273187.2668307,3.5567266983559294,-3.3064202700312766,18.98336410522461
1747273187.3239024,3.5565246808191597,-3.3019840554424076,27.718067169189453
1747273187.415332,3.558179296144239,-3.3014317137565046,31.116485595703125
1747273187.45123,3.5556691556066995,-3.300566966573078,23.59151840209961
1747273187.4867692,3.552523418199655,-3.299745456767644,23.586034774780273
1747273187.5267162,3.5515547093042743,-3.29928169488375,21.57115936279297
1747273187.5664673,3.552724622989251,-3.301506402536474,29.529094696044922
1747273187.6069498,3.554124953485769,-3.303375804713019,30.314922332763672
1747273187.6436265,3.5562823531914103,-3.3060333581933263,20.941495895385742
1747273187.7005143,3.558196813438499,-3.3083614043577603,31.148672103881836
1747273187.7686815,3.5579653676064456,-3.3117365990471295,34.23428535461426
1747273187.8392117,3.558054259125343,-3.3124529399369105,39.54434394836426
1747273187.8974166,3.5530313818579984,-3.313947292217228,26.90887451171875
1747273187.9372025,3.5505022377684265,-3.314578503846142,20.430564880371094
1747273187.9708195,3.549623747101058,-3.3127126764993062,18.22686195373535
1747273188.0348816,3.549625661068377,-3.3116317258700896,19.66238021850586
1747273188.1093633,3.55090146747788,-3.3099704266254477,38.102149963378906
1747273188.1595433,3.5610036729721917,-3.3049939455663333,22.013187408447266
1747273188.1977928,3.5598787231710545,-3.3070672109884907,18.511295318603516
1747273188.2378328,3.5503673207864233,-3.3046145005933356,23.27108383178711
1747273188.287437,3.5470722196427973,-3.30345565728969,30.426502227783203
1747273188.3427892,3.5668760259278893,-3.3002527260618693,20.595788955688477
1747273188.5183384,3.553768751154211,-3.298950137429645,17.479896545410156
1747273188.563187,3.5708299153875487,-3.294973337797457,18.62192153930664
1747273188.5990553,3.5775293605964023,-3.2923689896533554,25.5887508392334
1747273188.6484241,3.5733716393655612,-3.298085309130265,30.265331268310547
1747273188.6824648,3.5717450826243264,-3.3038159729545553,18.277406692504883
1747273188.7437036,3.5656199564616475,-3.30423240868876,23.989200592041016
1747273188.792459,3.5626034882491933,-3.306545447181143,35.584449768066406
1747273188.8464885,3.551451017359679,-3.302640505095934,27.829408645629883
1747273188.9081779,3.5623191148426985,-3.2950977042119654,30.030488967895508
1747273188.952869,3.564347444321141,-3.3031160739470664,23.73361587524414
1747273188.9895926,3.5656226536551197,-3.3111321508247147,19.667387008666992
1747273189.0214448,3.571978832168535,-3.3170448650088424,18.092870712280273
1747273189.0609045,3.575627649314195,-3.3216814019870258,23.761510848999023
1747273189.1013741,3.576440383446072,-3.3317242912826646,22.659778594970703
1747273189.1732764,3.578716409603838,-3.332942518671331,38.12885284423828
1747273189.2162337,3.580098480917851,-3.3348530492515174,27.002334594726562
1747273189.305288,3.57232243155943,-3.3320412334626823,36.45014762878418
1747273189.3600843,3.5565493135695823,-3.323855100455433,30.58600425720215
1747273189.44977,3.5583561343219605,-3.310974587546754,50.26698112487793
1747273189.515102,3.5552160301054965,-3.29925376707377,50.54044723510742
1747273189.5751293,3.5516266762792785,-3.2887533003406118,43.1981086730957
1747273189.6212554,3.564500739213163,-3.2816986220439426,29.848814010620117
1747273189.6712632,3.572042882646464,-3.2777871670482517,27.46415138244629
1747273189.7128222,3.566082968740546,-3.28368207960213,27.27675437927246
1747273189.7736456,3.558125523026785,-3.2910319222313222,21.803617477416992
1747273189.8100696,3.55222953632056,-3.29031113728632,20.445585250854492
1747273189.8681152,3.5494340301518768,-3.289092930234049,24.670124053955078
1747273189.938803,3.5505820526090286,-3.2877329552638574,27.428388595581055
1747273190.0323868,3.551103378874192,-3.2776877188177775,48.19130897521973
1747273190.0939095,3.5661920753430185,-3.2750383192923427,36.78417205810547
1747273190.1463602,3.560652511297836,-3.284141860624671,24.306774139404297
1747273190.2310686,3.548331502650848,-3.2883086475717405,48.21944236755371
1747273190.29473,3.5441891582863776,-3.2867514432729874,45.2268123626709
1747273190.358314,3.5480487264437155,-3.2754511737539573,37.9023551940918
1747273190.4045992,3.5537020063064793,-3.2629434161854274,22.27163314819336
1747273190.4495173,3.5554033202302935,-3.250793371952799,31.86655044555664
1747273190.4787865,3.557939331471189,-3.2412549518015332,17.239809036254883
1747273190.5549033,3.562709989659103,-3.2455950551532755,34.314870834350586
1747273190.632202,3.567619519668885,-3.258053184371911,29.934406280517578
1747273190.7083375,3.566377050995871,-3.2729070091610044,35.04800796508789
1747273190.7591329,3.556665012191494,-3.262620406107861,39.856910705566406
1747273190.8208952,3.5555106535289456,-3.242171857266131,26.73053741455078
1747273190.91252,3.553403682083198,-3.243946593118615,30.46107292175293
1747273191.0357308,3.550397046633867,-3.2566776754750975,111.43350601196289
1747273191.1055589,3.560834348343144,-3.259343724676687,33.547163009643555
1747273191.151498,3.551667979793436,-3.2459295623911366,34.35349464416504
1747273191.1916485,3.5514076661747005,-3.2294760728587146,24.5363712310791
1747273191.2232304,3.5516209531092287,-3.212989036066902,18.49985122680664
1747273191.2648196,3.5581604872875077,-3.2264776202074494,22.39060401916504
1747273191.3009768,3.5615909280401166,-3.2422648853817044,22.883176803588867
1747273191.333712,3.565871115372344,-3.2611856830920365,20.653963088989258
1747273191.3749535,3.5657884053215625,-3.282869146167661,27.2367000579834
1747273191.406007,3.5568820412783664,-3.260907731838068,18.379926681518555
1747273191.4384904,3.5563015945720746,-3.2619422481805906,17.142534255981445
1747273191.4773064,3.55580214061189,-3.2656945678139158,22.972583770751953
1747273191.5455694,3.56491094717388,-3.2827020598161583,38.40208053588867
1747273191.6013029,3.5694886989226604,-3.2964551186504583,32.889604568481445
1747273191.6755908,3.561505004273785,-3.296837520325302,46.625375747680664
1747273191.7585344,3.5681761781983115,-3.2984279914115326,59.84187126159668
1747273191.803065,3.5652734056248203,-3.2993655481141437,30.4718017578125
1747273191.8469634,3.571359279181081,-3.3009484423466593,27.974843978881836
1747273191.9203713,3.5748985011594896,-3.304231050306896,41.05067253112793
1747273191.9812686,3.573423649672039,-3.311208937369719,37.520408630371094
1747273192.0426073,3.569082628713869,-3.3177810202328644,31.252622604370117
1747273192.1113596,3.5672670132863193,-3.324549225928874,31.256437301635742
1747273192.1876497,3.5620695787662573,-3.3113336785163265,22.72343635559082
1747273192.2167025,3.5591992675907456,-3.2979511480423374,17.819643020629883
1747273192.3056712,3.553521597652912,-3.2905618382775934,37.69683837890625
1747273192.390118,3.552128076038632,-3.286896573673208,48.4311580657959
1747273192.4435482,3.553394844001972,-3.2902198375448473,31.3262939453125
1747273192.478233,3.571597257204578,-3.2919041406205833,19.895076751708984
1747273192.5280993,3.580745569292519,-3.290863070230539,35.012245178222656
1747273192.611148,3.560670515108073,-3.2791170717077214,52.29020118713379
1747273192.6820838,3.5605162647478674,-3.2899728977876803,32.413482666015625
1747273192.7548678,3.5735317994381024,-3.2915862410307275,26.39627456665039
1747273192.8149364,3.575376782248663,-3.305891694244848,37.468671798706055
1747273192.8775935,3.5756741564227035,-3.317173809350227,28.025150299072266
1747273192.9455867,3.566320892622646,-3.3032001326519596,46.7219352722168
1747273193.0350592,3.5592260968153413,-3.28714435472203,50.57334899902344
1747273193.1056848,3.5583000975047248,-3.278490151105294,55.74369430541992
1747273193.1845787,3.5529861910042375,-3.2829301575037224,54.78334426879883
1747273193.2610264,3.5652043499835124,-3.296091640198203,51.296234130859375
1747273193.3455215,3.5590510846251995,-3.2975564520303924,37.45150566101074
1747273193.4457,3.5564779622681426,-3.2863360882751875,37.7650260925293
1747273193.5467963,3.5574252306614103,-3.2849846570381365,31.822919845581055
1747273193.631677,3.5541218822725655,-3.2884294124309514,50.0640869140625
1747273193.6757288,3.554471835347208,-3.293890724897511,23.825883865356445
1747273193.7284296,3.558015559565061,-3.297734433761784,26.024580001831055
1747273193.8294497,3.55756130316021,-3.300603543869669,62.18719482421875
1747273193.8729506,3.5548257184957333,-3.305041919344209,30.666589736938477
1747273193.9192538,3.5573838601827568,-3.309455629611161,24.716854095458984
1747273194.019233,3.5661733447821575,-3.3140757448125284,53.4825325012207
1747273194.0884778,3.5760720008225544,-3.3160478173858916,46.95010185241699
1747273194.161706,3.5624242078737307,-3.3002590157023644,55.86576461791992
1747273194.19354,3.5541006890304407,-3.2884457883803497,20.771265029907227
1747273194.2662902,3.555684950733946,-3.282313444128608,44.94500160217285
1747273194.3293655,3.559541601902178,-3.2858849959451804,47.40333557128906
1747273194.3924453,3.5557987714057218,-3.2925655358281802,37.511348724365234
1747273194.4832962,3.5701377586307292,-3.2941707413032573,44.53015327453613
1747273194.5170112,3.558382507812282,-3.298575712322713,21.236658096313477
1747273194.575687,3.5536522465300484,-3.2820681049006977,26.67999267578125
1747273194.659537,3.5591977443476863,-3.2801088642042457,21.846532821655273
1747273194.7377493,3.557925748328913,-3.2869775375834784,42.7706241607666
1747273194.8092914,3.5548392205176436,-3.2946053720558774,32.01556205749512
1747273194.8488462,3.5574905340928558,-3.3011928337290977,20.171403884887695
1747273194.9251406,3.5590930010965485,-3.2987635977041196,20.277738571166992
1747273194.9585536,3.5600833601685657,-3.303769008289742,20.222902297973633
1747273195.0190916,3.5603073182205565,-3.311110150518166,31.076669692993164
1747273195.0788403,3.5679527199057226,-3.3106760582790344,32.19151496887207
1747273195.1142862,3.5556023071488454,-3.3144155797668198,23.733139038085938
1747273195.1821501,3.5507719640553765,-3.3090649521718922,43.042898178100586
1747273195.249023,3.5632010620218075,-3.318797511830743,39.647579193115234
1747273195.3165555,3.5629197881096646,-3.3232412109893845,45.99452018737793
1747273195.365279,3.55297238387091,-3.313768269816328,31.837940216064453
1747273195.4391007,3.5527793156295404,-3.298658316232016,46.967267990112305
1747273195.4881027,3.553566111944146,-3.2841181446701464,29.00218963623047
1747273195.5288203,3.554831520960647,-3.2667376866487454,25.629043579101562
1747273195.5834801,3.5529245686503916,-3.254392743158619,24.300813674926758
1747273195.6500378,3.5537153337579444,-3.2403792199899977,47.231435775756836
1747273195.7120705,3.569835273833904,-3.247905911613869,34.69061851501465
1747273195.8048122,3.566257538649535,-3.2443999318963765,78.15170288085938
1747273195.8706572,3.568763770644739,-3.263711577077798,34.060001373291016
1747273195.9550858,3.5575863662737195,-3.26191388766227,28.250694274902344
1747273196.0255477,3.550380113867427,-3.2578383464260834,59.33117866516113
1747273196.075653,3.55425971211791,-3.2597140214721976,25.8333683013916
1747273196.151677,3.5557675548392784,-3.263728429621809,59.818267822265625
1747273196.267112,3.5654740389750645,-3.265953616768674,26.04961395263672
1747273196.339133,3.557291579318565,-3.276980520003798,31.523942947387695
1747273196.423572,3.5543713289342405,-3.26254976909075,37.97483444213867
1747273196.493312,3.551104367494776,-3.267390300524626,41.257619857788086
1747273196.5600417,3.5602440505608572,-3.2888071654545996,38.60759735107422
1747273196.623211,3.562328175850115,-3.3008593501619234,30.364036560058594
1747273196.6838748,3.5558228140093817,-3.28469716378888,32.343387603759766
1747273196.7236028,3.54984714213258,-3.267936648690882,23.415327072143555
1747273196.777022,3.5519046154765928,-3.2673360412700303,24.471759796142578
1747273196.8295717,3.5557421395587765,-3.274004112901207,35.96019744873047
1747273196.8636267,3.5577957609585122,-3.2813858071923336,23.813247680664062
1747273196.9111624,3.560873545835853,-3.29024698876984,35.10594367980957
1747273196.9856622,3.5693032010971173,-3.293951101591135,45.110225677490234
1747273197.059116,3.562457384738238,-3.3028405134284284,36.46659851074219
1747273197.1200624,3.5615968399663434,-3.288269829334481,35.6593132019043
1747273197.1927326,3.560266286854469,-3.271470536220453,51.89394950866699
1747273197.2431064,3.5592873367785605,-3.254534448188888,29.305696487426758
1747273197.335131,3.556414724401593,-3.235427689948895,51.28931999206543
1747273197.4079192,3.55244837790262,-3.2102820750823238,45.400381088256836
1747273197.4678576,3.549572983944429,-3.1901918179201454,36.25822067260742
1747273197.5307143,3.550797357989434,-3.1757985711945604,51.743507385253906
1747273197.5882406,3.5559347672261876,-3.1732662645003002,35.72726249694824
1747273197.6508904,3.553819425352988,-3.169539873290695,41.5952205657959
1747273197.7390895,3.553074642500973,-3.1630769654688016,62.505483627319336
1747273197.7869673,3.55607574030771,-3.1611865123527547,36.10491752624512
1747273197.8590894,3.5576358176666694,-3.167279846465532,48.61187934875488
1747273197.9132612,3.575495944680674,-3.171984666611187,39.1542911529541
1747273197.963318,3.5637275475609456,-3.165912458241848,26.262760162353516
1747273197.9987438,3.5611860800125292,-3.169849311913194,20.95794677734375
1747273198.0768695,3.5624416129520657,-3.172354737732273,35.73131561279297
1747273198.1433241,3.563183375842706,-3.177555055644846,56.65016174316406
1747273198.1908984,3.56329977002065,-3.170248850712878,25.842666625976562
1747273198.2951672,3.558231764292751,-3.1684834593235482,29.110193252563477
1747273198.33168,3.5608910331509964,-3.1716610092784845,23.2086181640625
1747273198.368104,3.5625507749604806,-3.176048426895691,21.655797958374023
1747273198.4199705,3.5701526752440804,-3.1829431601191693,21.59571647644043
1747273198.4743152,3.560294520146811,-3.1794155355665144,22.5067138671875
1747273198.5291345,3.556602177512585,-3.1816549013450977,24.344921112060547
1747273198.6232314,3.555764566360308,-3.187502291465553,43.9143180847168
1747273198.6591022,3.558675409034361,-3.1779998789358452,18.457651138305664
1747273198.7230785,3.5573059184387468,-3.182229912270829,28.229951858520508
1747273198.7803712,3.561085264665926,-3.175985439858516,23.35834503173828
1747273198.8365407,3.5631060590614188,-3.170561274984408,26.902437210083008
1747273198.9191015,3.573522254862823,-3.1729235572773815,37.9025936126709
1747273199.0027494,3.563762085800159,-3.1707353243434744,51.424503326416016
1747273199.0593095,3.560471627321798,-3.1690767995330464,22.541284561157227
1747273199.1382346,3.5593601092651665,-3.165680929350536,42.810678482055664
1747273199.1951566,3.567534307381428,-3.173197900502408,25.38776397705078
1747273199.2413309,3.571011825820304,-3.1835183853753284,27.913808822631836
1747273199.322379,3.5603592394356136,-3.175512606246536,21.826744079589844
1747273199.3517027,3.5551002441793917,-3.1686657545600987,18.577098846435547
1747273199.382678,3.559163620801471,-3.1722006616598657,17.958402633666992
1747273199.4166567,3.5601100077764505,-3.176929363481042,17.4715518951416
1747273199.450859,3.5604102828091655,-3.180824894580824,20.194053649902344
1747273199.502335,3.559621396330707,-3.184557506562828,25.064468383789062
1747273199.5639956,3.564767171774472,-3.182200023099571,31.704425811767578
1747273199.6003714,3.5702499620772055,-3.1811272559722603,19.344091415405273
1747273199.6751163,3.573498089449977,-3.1796719959543225,29.123306274414062
1747273199.715072,3.572671439563602,-3.180262460096128,27.445316314697266
1747273199.7751122,3.571758540384157,-3.1797882476571524,41.422367095947266
1747273199.845292,3.563851457397724,-3.184504495831584,47.50680923461914
1747273199.8918886,3.5668903770574216,-3.1933575968834194,26.39031410217285
1747273199.9271696,3.573624494436404,-3.193730454817418,19.109487533569336
1747273199.9858432,3.561631106343249,-3.194827218311823,36.10396385192871
1747273200.0490305,3.5546224955476236,-3.2048859513552084,27.212858200073242
1747273200.1273696,3.5557559991493792,-3.18355291068707,51.55062675476074
1747273200.1748226,3.559531326607388,-3.1935170496979075,28.179645538330078
1747273200.2317035,3.5655923220738663,-3.21205027569376,30.347347259521484
1747273200.3029265,3.5641310606361323,-3.244351389346142,44.28982734680176
1747273200.3972511,3.5537474537294753,-3.221909927663204,41.67890548706055
1747273200.451073,3.5551568640489455,-3.226739438731226,33.086299896240234
1747273200.4991086,3.5644161854316816,-3.261203909192996,32.83977508544922
1747273200.5646544,3.5529789156938363,-3.276572619641777,29.9835205078125
1747273200.6262517,3.5545981476578357,-3.2419781083349664,31.375646591186523
1747273200.707343,3.5553480222541833,-3.264795869334095,51.86748504638672
1747273200.7591274,3.5692777713573474,-3.2690244258668297,26.568174362182617
1747273200.8302183,3.5607377317362796,-3.2880140119419328,36.98110580444336
1747273200.9170814,3.5529564590464062,-3.26100155477648,59.133052825927734
1747273200.9550903,3.55359956612755,-3.269825097725948,21.375417709350586
1747273201.0371704,3.5661726778601457,-3.2925490333360776,62.191009521484375
1747273201.1023033,3.55821655350025,-3.2804424600892546,36.398887634277344
1747273201.1646857,3.5645109458837374,-3.29122592551221,33.25295448303223
1747273201.227387,3.5556445346885965,-3.301710888483079,30.137062072753906
1747273201.347269,3.557837798105376,-3.285188909244601,19.789934158325195
1747273201.395357,3.5686966627612415,-3.3043664547930827,25.191783905029297
1747273201.4964938,3.55595350029877,-3.3077170660364406,33.70547294616699
1747273201.5768478,3.5667805467526517,-3.310719286392305,50.57406425476074
1747273201.6624424,3.5524752401725532,-3.3061547625885357,38.019418716430664
1747273201.7220633,3.5546626794786653,-3.301529677512318,46.364545822143555
1747273201.7962942,3.561790284908887,-3.3082539562048137,54.2140007019043
1747273201.8567653,3.5551678204412074,-3.3135042735168656,43.99895668029785
1747273201.9112308,3.552599790774246,-3.3035821912741423,37.2157096862793
1747273201.9642816,3.553149227070464,-3.28733643327955,39.91341590881348
1747273202.0114815,3.563793216965643,-3.3050490837515847,28.363466262817383
1747273202.0491998,3.5568365898524563,-3.293405653503204,22.89581298828125
1747273202.1226404,3.556902089372509,-3.2998061656487403,32.779693603515625
1747273202.2162468,3.565739266561977,-3.301564316141493,42.12832450866699
1747273202.28755,3.5608390736502447,-3.291464323326201,43.5333251953125
1747273202.3183703,3.555881191339801,-3.2839011610599504,18.89204978942871
1747273202.382591,3.5568760031605513,-3.2864919881699506,37.85395622253418
1747273202.428148,3.5669644214728766,-3.282524557842884,25.791645050048828
1747273202.5004468,3.5729698004208466,-3.2792403875042964,45.37343978881836
1747273202.6016505,3.5607988926421,-3.268343125800099,63.64941596984863
1747273202.6671748,3.5613402347241294,-3.2682740494545865,30.223369598388672
1747273202.697316,3.555341160003316,-3.2724995011258278,16.509294509887695
1747273202.735091,3.553310506902813,-3.2754346946475006,22.294998168945312
1747273202.807984,3.554495367541577,-3.2786463044274914,32.863616943359375
1747273202.858891,3.558020095526011,-3.285633115471762,29.974699020385742
1747273202.9227903,3.5578506982635294,-3.291614961338963,37.334442138671875
1747273202.9953287,3.573226739516441,-3.29127395896402,48.55608940124512
1747273203.058568,3.5609118085610154,-3.297280385538665,49.106597900390625
1747273203.1031437,3.5555956155628015,-3.2871228247046336,19.042253494262695
1747273203.1943407,3.5648364852942267,-3.2895684304296915,41.49484634399414
1747273203.256491,3.565163854113602,-3.2966611760114692,27.8623104095459
1747273203.3324168,3.5628345071803778,-3.2966930078601013,33.88404846191406
1747273203.4002836,3.5713965948869815,-3.309031856879159,49.727678298950195
1747273203.4539447,3.5620411525191265,-3.295630914522013,31.449079513549805
1747273203.5133145,3.558504968861118,-3.2917113858008764,29.68287467956543
1747273203.565006,3.565527581785407,-3.300388411302404,21.577835083007812
1747273203.6269548,3.5653895062196717,-3.306041147896424,36.6826057434082
1747273203.6952796,3.5654305857252817,-3.310139765411408,28.439760208129883
1747273203.7547174,3.557863668667923,-3.3018566574218573,25.042057037353516
1747273203.8017392,3.5692887124828383,-3.3088022238619392,23.226261138916016
1747273203.845581,3.5651910856583804,-3.3171120428445477,27.894973754882812
1747273203.893156,3.5627031983805852,-3.3226168775106633,34.113168716430664
1747273203.9367814,3.5713279684438706,-3.333033195197883,25.898218154907227
1747273203.980677,3.5611622270915655,-3.33001129134116,26.734352111816406
1747273204.0137925,3.556185426914041,-3.3303315091600574,19.202709197998047
1747273204.071547,3.5620981169968706,-3.3339517618413748,24.515151977539062
1747273204.130879,3.557150293916821,-3.320290542016022,29.26349639892578
1747273204.2076032,3.560831719151501,-3.3109368128124137,46.572208404541016
1747273204.2585804,3.5615795660554825,-3.3080230413586937,28.933048248291016
1747273204.3054214,3.557096606566217,-3.310871745816044,30.96294403076172
1747273204.375485,3.553829419023251,-3.3153095579341847,58.528900146484375
1747273204.4824338,3.5561779831267506,-3.307566109605733,25.821924209594727
1747273204.5467272,3.562749152212801,-3.299965561148245,44.72184181213379
1747273204.598222,3.562118922075635,-3.300851993875346,22.05967903137207
1747273204.6293552,3.555264794379532,-3.305821955540061,17.988204956054688
1747273204.6629326,3.5529510416885732,-3.3102187386050366,22.569656372070312
1747273204.7248561,3.550130783214148,-3.305054720117977,42.63901710510254
1747273204.7647705,3.5617509391930153,-3.3154603333816683,23.108243942260742
1747273204.8085651,3.569199809792957,-3.3276716665423116,27.438879013061523
1747273204.8693173,3.5593684043520155,-3.332489943160291,25.077342987060547
1747273204.9368298,3.556286943887824,-3.318743840222774,48.56276512145996
1747273205.0081308,3.5541424603627543,-3.316375223098162,27.386903762817383
1747273205.0627918,3.553378745889841,-3.3141710291401685,42.504072189331055
1747273205.1296525,3.5547291698449195,-3.312800269932887,38.346290588378906
1747273205.197655,3.5532911460489327,-3.3148721828857814,38.44809532165527
1747273205.2522697,3.5681573466925194,-3.316695878967715,19.276142120361328
1747273205.3057182,3.5668298852783056,-3.3256195565458526,25.663375854492188
1747273205.3580358,3.5559910110226802,-3.3134668429448646,35.32528877258301
1747273205.3951774,3.5533252251738827,-3.310270789502238,21.640300750732422
1747273205.430392,3.5527609478278777,-3.3070956713900426,16.701936721801758
1747273205.4825284,3.5659266630189115,-3.3151922303041745,37.45436668395996
1747273205.56122,3.572679050841842,-3.3233075726325505,45.807600021362305
1747273205.6192744,3.5521885960182455,-3.311053131239755,38.001060485839844
1747273205.7109652,3.5530772888908,-3.299254936304443,20.195484161376953
1747273205.7963345,3.557964734589371,-3.3026095064332295,51.882266998291016
1747273205.8658693,3.5650655517494796,-3.3011162844829305,17.756223678588867
1747273205.9108598,3.568881140104411,-3.299339168631499,33.19883346557617
1747273205.9462745,3.553002224362773,-3.2868750327002396,21.428585052490234
1747273205.9827049,3.547137895848909,-3.2744958118021987,19.113540649414062
1747273206.0473268,3.5479729193548737,-3.2749673037892952,27.604341506958008
1747273206.0903325,3.5691257084820593,-3.2725734177360333,20.119190216064453
1747273206.1386442,3.5626575504000315,-3.2634886443796893,22.71127700805664
1747273206.23116,3.558836339703136,-3.251864623377409,66.35212898254395
1747273206.3811014,3.5584345209781767,-3.2609455558154474,39.4139289855957
1747273206.4569826,3.5606105424007755,-3.2636013179914,50.057411193847656
1747273206.5311594,3.5605037225201768,-3.2452970960825427,27.035236358642578
1747273206.6015441,3.566363796371543,-3.2594846950993563,31.728267669677734
1747273206.6831248,3.5741195709538567,-3.256389725189071,30.253171920776367
1747273206.7192092,3.56305610912137,-3.2602730491420266,23.223876953125
1747273206.7780569,3.556081188198937,-3.2619156656366317,26.288270950317383
1747273206.824118,3.551849081499228,-3.26099722437369,24.306535720825195
1747273206.869643,3.560030857601719,-3.2823558040219734,24.464845657348633
1747273206.9302528,3.550086393714053,-3.293869196459308,48.197031021118164
1747273206.9775586,3.5580992706155863,-3.294029147236399,21.06451988220215
1747273207.0157387,3.5628610813383728,-3.2957279894623435,22.301912307739258
1747273207.127087,3.5561983878259444,-3.287798441290886,40.21883010864258
1747273207.1655202,3.560205776527762,-3.276163875047491,16.167163848876953
1747273207.2111657,3.5605145439633805,-3.26640816250697,35.0797176361084
1747273207.2746384,3.5603606586722365,-3.2687316442010212,34.20233726501465
1747273207.3251312,3.5608118327742018,-3.2714856662484486,30.524015426635742
1747273207.3853304,3.551484569193208,-3.2782872060784767,33.112287521362305
1747273207.4433389,3.5646753881555284,-3.2922083627963263,31.878948211669922
1747273207.4753604,3.559274789172383,-3.282526950681709,19.153594970703125
1747273207.5471284,3.550741818081128,-3.288301413562156,34.28459167480469
1747273207.601469,3.560188611145413,-3.3023992093028682,30.576229095458984
1747273207.6361055,3.5666973008662217,-3.3131811238977145,16.767501831054688
1747273207.6723223,3.558160238897872,-3.315390393481027,20.478487014770508
1747273207.7573085,3.5654586306010265,-3.3232479982252356,25.66385269165039
1747273207.8261008,3.5559959777252557,-3.3136400318418615,31.469345092773438
1747273207.8932736,3.5645954512302427,-3.313637141802031,35.32576560974121
1747273207.9584808,3.5553028316605273,-3.319532369008467,29.03890609741211
1747273207.9979684,3.55268504779566,-3.3016626231798303,21.268844604492188
1747273208.066976,3.554013973156133,-3.301635319243089,28.27286720275879
1747273208.154911,3.5507570298785867,-3.3075705527954167,38.83504867553711
1747273208.2391043,3.551151257473145,-3.3006017787018602,62.62016296386719
1747273208.281524,3.56631453245297,-3.308759210228884,30.913352966308594
1747273208.3282132,3.559786324916494,-3.30070947467755,35.062551498413086
1747273208.399069,3.5572291655561674,-3.289556377718256,61.36512756347656
1747273208.4481997,3.5599456016479603,-3.2917079746043263,38.35487365722656
1747273208.5230775,3.558225998590435,-3.2873948683799092,48.65550994873047
1747273208.5990784,3.5592065850936,-3.284361005815432,44.45075988769531
1747273208.6751647,3.5593236371064103,-3.282186736969511,47.81985282897949
1747273208.7052577,3.5632741258707643,-3.2840334336995545,17.539262771606445
1747273208.7477953,3.5651650690372674,-3.2841568439163247,17.66824722290039
1747273208.7864413,3.559310755347251,-3.2753950455771905,19.88673210144043
1747273208.8146403,3.556492867198827,-3.2660107223926795,15.487194061279297
1747273208.8460715,3.5652170920032127,-3.273308693585602,17.729759216308594
1747273208.873544,3.570213054380036,-3.2799528861964142,17.220735549926758
1747273208.9157236,3.558787387149475,-3.2889074929412514,29.655933380126953
1747273208.9829156,3.5544275642842393,-3.2952125067432467,42.81139373779297
1747273209.0429523,3.5573348884329135,-3.2862222802572267,35.042762756347656
1747273209.09933,3.557278320439876,-3.2910205203350005,28.734683990478516
1747273209.139478,3.5687963503448707,-3.2984802587665905,23.12636375427246
1747273209.1830797,3.5771502318768507,-3.2988280426085717,30.022144317626953
1747273209.2472875,3.55922240809984,-3.295658993155236,40.11416435241699
1747273209.3030658,3.5496661850669673,-3.2945651063533608,42.74392127990723
1747273209.3631818,3.5529025464146176,-3.2851060800668135,34.24501419067383
1747273209.4351118,3.554289170694656,-3.2893286409713727,38.72990608215332
1747273209.4914174,3.5716066719918,-3.2906172495485877,29.56533432006836
1747273209.543148,3.5667707587364994,-3.282066237257106,22.606849670410156
1747273209.5895414,3.5615524461323185,-3.2809791159946116,27.37569808959961
1747273209.6605437,3.5769479213687285,-3.2821306150693705,42.726755142211914
1747273209.711884,3.557092959964413,-3.27216386320847,26.447534561157227
1747273209.7457037,3.5493874197833533,-3.260752692529632,18.870115280151367
1747273209.7788327,3.55602887542995,-3.263713694737727,18.906354904174805
1747273209.8135755,3.5602552600179873,-3.2731524236758123,19.393205642700195
1747273209.8712833,3.5736098187326437,-3.276190331548196,28.689146041870117
1747273209.9144764,3.5569729337027693,-3.2628495532400583,20.880937576293945
1747273209.9952798,3.552966869590583,-3.26292772111387,34.008026123046875
1747273210.092452,3.554453925336899,-3.273162889529881,79.37002182006836
1747273210.1777012,3.5581784039161892,-3.288008425049227,25.28071403503418
1747273210.2071319,3.549818804548408,-3.289164439092126,16.823768615722656
1747273210.2517865,3.546997079489856,-3.2912647065925467,22.65310287475586
1747273210.3030899,3.550357118748973,-3.2828767254044244,40.914058685302734
1747273210.3485012,3.5502441041121613,-3.2733258905890694,34.096479415893555
1747273210.463742,3.551325875455066,-3.2759180274625908,46.7982292175293
1747273210.5375543,3.5509040631277022,-3.281978297748661,23.07415008544922
1747273210.6151106,3.5547033780604833,-3.2903405886405577,29.555082321166992
1747273210.6798463,3.5538805539630443,-3.297473580500049,45.00222206115723
1747273210.7375805,3.558583739658043,-3.2959701904841663,32.68289566040039
1747273210.7686446,3.574114400959405,-3.2930487594346967,18.138647079467773
1747273210.802278,3.5724048432415376,-3.291879590086187,20.941972732543945
1747273210.8646257,3.565976506297038,-3.3003163707885905,16.94464683532715
1747273210.8970373,3.563264256870255,-3.30839627576851,16.938447952270508
1747273210.928318,3.560569501161192,-3.3072927017084464,15.616655349731445
1747273210.9781384,3.559337651661924,-3.3053985113857354,37.75382041931152
1747273211.043309,3.559695373926692,-3.3045106793034575,46.697378158569336
1747273211.0982497,3.5640529894063095,-3.297715917983327,37.25886344909668
1747273211.1487598,3.5661097869112415,-3.2908975279984656,27.4965763092041
1747273211.2286332,3.5736190188477304,-3.297386496253445,35.19248962402344
1747273211.288939,3.5700309698210155,-3.3084191313965245,34.097909927368164
1747273211.4664292,3.55837517124469,-3.3065068953806867,18.5086727142334
1747273211.4933846,3.573808464588738,-3.300342012225876,15.853166580200195
1747273211.52127,3.578872493342794,-3.29146655156765,17.241716384887695
1747273211.5715227,3.5822554860250175,-3.2832082458656164,38.03682327270508
1747273211.5995376,3.568816274321611,-3.2898054485244272,15.601396560668945
1747273211.6448221,3.555030156695794,-3.292067000940174,31.62693977355957
1747273211.68951,3.5489232912798743,-3.2929362496801615,33.66374969482422
1747273211.7295704,3.5688380594505373,-3.2843072550109325,27.71592140197754
1747273211.76608,3.564533807887162,-3.2799826773409837,20.0345516204834
1747273211.8071542,3.560896723789072,-3.2774892608724313,23.568153381347656
1747273211.8405037,3.554558867462267,-3.2817841801718766,19.70386505126953
1747273211.9475598,3.5547230902162195,-3.284927260298621,52.774906158447266
1747273212.0160956,3.5478813051503564,-3.2896297670540746,36.53359413146973
1747273212.088875,3.548033184559956,-3.295285022321836,34.708499908447266
1747273212.1393847,3.5717238194781076,-3.288719803753091,26.98373794555664
1747273212.2114096,3.555126840411641,-3.2942407548583286,40.59195518493652
1747273212.3040242,3.5700992554056485,-3.284588308747883,28.40280532836914
1747273212.3675582,3.5637371722970643,-3.284685454801707,35.97760200500488
1747273212.4351182,3.5729564617338205,-3.268345768947704,15.3350830078125
1747273212.491056,3.5550632188867004,-3.283328994980292,20.349740982055664
1747273212.5280702,3.5471032066125656,-3.2915969335158812,23.254871368408203
1747273212.5610569,3.5517855573024626,-3.2956203668700854,19.58179473876953
1747273212.6084318,3.553484684978246,-3.301874597708781,31.60881996154785
1747273212.6597168,3.5510553646261087,-3.3006843384810267,22.485733032226562
1747273212.710517,3.5552359343848825,-3.291112330384046,35.993099212646484
1747273212.7631307,3.5714291489884546,-3.2787954740530023,20.778894424438477
1747273212.8036807,3.563564903171511,-3.2904944496522432,24.803876876831055
1747273212.8695035,3.5578125778643743,-3.2983900399771033,35.539865493774414
1747273212.9216177,3.5526069817638035,-3.2823849964885907,34.517526626586914
1747273213.0179796,3.56924189148592,-3.29098363249265,55.170536041259766
1747273213.1153624,3.557688483444914,-3.2988202533295277,65.72246551513672
1747273213.1824253,3.5511427654798275,-3.298562250891371,50.50158500671387
1747273213.2244995,3.554202920800044,-3.285838723944609,28.822898864746094
1747273213.310259,3.5637741557155085,-3.295751806496871,54.7633171081543
1747273213.3779569,3.5600335563214642,-3.302218136364336,41.56303405761719
1747273213.4579382,3.5563580522131066,-3.2990001590109284,33.803701400756836
1747273213.5187151,3.558357305362791,-3.3072280310055917,35.193681716918945
1747273213.5798223,3.551132199559162,-3.3059030526258404,29.238224029541016
1747273213.6476874,3.569890234251544,-3.304788688354098,33.354759216308594
1747273213.7178848,3.557817875029334,-3.3041116210060943,33.525705337524414
1747273213.7725797,3.5666402062451334,-3.2949911717339746,21.327972412109375
1747273213.823223,3.57202081729881,-3.300473609739135,22.362470626831055
1747273213.8692846,3.5749631519484057,-3.3017282989445667,28.789281845092773
1747273213.9472823,3.5767405713566287,-3.3017168892163133,34.393310546875
1747273214.008099,3.5742402455112474,-3.300497981195986,43.616533279418945
1747273214.098265,3.5645861895394524,-3.3071383957734173,21.926403045654297
1747273214.1327243,3.5604677436083394,-3.3115434698563675,18.631458282470703
1747273214.1782677,3.5583835998308144,-3.3146447983065963,26.514768600463867
1747273214.265514,3.553541758962216,-3.3122049321151374,37.3075008392334
1747273214.3403037,3.5559116885057653,-3.3098465481995905,46.30279541015625
1747273214.3991263,3.5567508188650305,-3.313766410323239,26.41463279724121
1747273214.46306,3.5579118313298324,-3.3156499473215204,42.94991493225098
1747273214.5115826,3.557601376024688,-3.3161083024688924,37.04547882080078
1747273214.5955625,3.5578204550164965,-3.319828089382403,57.50727653503418
1747273214.6577563,3.5508053762836242,-3.3188059059751622,31.718969345092773
1747273214.7173197,3.5472827487035667,-3.315446810918948,48.68340492248535
1747273214.7694325,3.552100788430496,-3.307199074350987,41.6719913482666
1747273214.8301282,3.565645197290625,-3.3044048134403123,35.94613075256348
1747273214.9029932,3.5739968741528827,-3.309954258909666,42.505502700805664
1747273214.951068,3.574553757951063,-3.3192548863940354,25.762081146240234
1747273215.0090458,3.5720102544971915,-3.3198314117572156,36.858558654785156
1747273215.0690594,3.566758224578085,-3.3136597739806923,37.92405128479004
1747273215.1291556,3.560356711302433,-3.314313695865276,39.638519287109375
1747273215.1890454,3.5584051475912175,-3.314664770233515,43.76029968261719
1747273215.2431223,3.5590333607861018,-3.3135368985458498,34.00540351867676
1747273215.2938983,3.5582868684064475,-3.3113121992275216,37.42218017578125
1747273215.3710911,3.555684603253587,-3.307582230548587,29.564619064331055
1747273215.4270906,3.552481849410821,-3.3036078437184626,33.95533561706543
1747273215.491328,3.5617363732397664,-3.3003249357728883,35.74681282043457
1747273215.5643008,3.5611529656723606,-3.2974570139414094,21.81553840637207
1747273215.6011326,3.5609770821264597,-3.2950030540142095,25.481700897216797
1747273215.6676018,3.5549484924970858,-3.298646645451298,50.16493797302246
1747273215.7553227,3.556791012691606,-3.298985547406993,22.342920303344727
1747273215.7852647,3.5584880375226815,-3.2997405517683176,18.463134765625
1747273215.8214288,3.5586402272482784,-3.2997426658173126,20.497798919677734
1747273215.8735652,3.5598645667889475,-3.3004016201665465,23.40555191040039
1747273215.92715,3.559297325241837,-3.2983324183958707,24.060964584350586
1747273215.9967093,3.558131995053421,-3.300353398942825,22.7510929107666
1747273216.0522368,3.573687213014846,-3.3014036706511503,21.721839904785156
1747273216.104053,3.5829339513988954,-3.300721591845647,26.706695556640625
1747273216.163314,3.5687479769186723,-3.292435343421151,30.01546859741211
1747273216.2145739,3.5588462494280613,-3.293448837951175,21.845340728759766
1747273216.28028,3.568721141854395,-3.2915508912240554,35.73775291442871
1747273216.3639345,3.5604429679750083,-3.2836046999142248,29.48451042175293
1747273216.4906943,3.5544109027613655,-3.290345157112258,27.94051170349121
1747273216.5222254,3.556883661243184,-3.281554036580152,18.271446228027344
1747273216.5551333,3.558824069416751,-3.2717274096350146,17.00878143310547
1747273216.5951204,3.551042017206802,-3.27617036770215,29.868125915527344
1747273216.628082,3.5526411923970906,-3.2809184572268113,16.242265701293945
1747273216.6569672,3.5542210450770564,-3.2849619115937445,17.23790168762207
1747273216.6919,3.560886314478484,-3.285512751643356,17.41194725036621
1747273216.7726545,3.564504690032873,-3.284980551284438,70.23096084594727
1747273216.8109596,3.5746908596037965,-3.28230034991471,19.060850143432617
1747273216.8472972,3.55808945356832,-3.290478834487261,18.997669219970703
1747273216.8901546,3.552320659496784,-3.294822857660174,28.055191040039062
1747273216.9308453,3.5528610320688374,-3.292480652855896,29.39629554748535
1747273216.9753978,3.5571029253152737,-3.2979217054371013,21.834373474121094
1747273217.0120454,3.559801512650414,-3.302771940665435,22.538423538208008
1747273217.055536,3.5681071987766417,-3.302889393719504,25.214433670043945
1747273217.113617,3.559713773456031,-3.3110287646814403,44.49892044067383
1747273217.1643827,3.558215540545868,-3.302437266208363,17.409086227416992
1747273217.2119668,3.5582409410825444,-3.290111642541477,35.58659553527832
1747273217.2478218,3.560104764616581,-3.2786174549999143,23.286104202270508
1747273217.2944176,3.563573172545726,-3.264608668307457,18.39137077331543
1747273217.3711243,3.5645916649440403,-3.250001240376046,35.29500961303711
1747273217.4074364,3.5645815450266056,-3.2338543983110175,23.553133010864258
1747273217.4749703,3.5593637056681224,-3.2265225458516125,52.74844169616699
1747273217.5399294,3.5604266096003285,-3.216583662353326,26.532411575317383
1747273217.5856476,3.572623022109016,-3.2223942285237284,28.761625289916992
1747273217.6321337,3.5628464071705475,-3.2202795339707104,28.89275550842285
1747273217.6717718,3.55811764023834,-3.221585531861269,21.538972854614258
1747273217.7105732,3.5512501685187887,-3.2391530393307315,27.233600616455078
1747273217.776764,3.5512591053543483,-3.252357413178456,35.3701114654541
1747273217.8187346,3.547308420191169,-3.2626583945965724,26.30901336669922
1747273217.8830934,3.5457816987742223,-3.268365164934682,36.676883697509766
1747273217.9310765,3.549117742619271,-3.257681129606646,23.92268180847168
1747273218.0035868,3.5654862960131304,-3.2408057896199365,28.132200241088867
1747273218.0601654,3.572357913766321,-3.2500513188999482,30.27796745300293
1747273218.155116,3.5548328390879798,-3.265585907122228,28.05352210998535
1747273218.2294364,3.5538512551061836,-3.252556106862811,29.482364654541016
1747273218.2636678,3.553983461079065,-3.240914764280375,19.92630958557129
1747273218.3124592,3.565791399284101,-3.2534356871404935,26.45087242126465
1747273218.379502,3.573976915566609,-3.258666827129391,43.18070411682129
1747273218.4296658,3.5752576519690065,-3.252034504462669,21.813154220581055
1747273218.4939225,3.560226587122677,-3.264863578815092,33.01858901977539
1747273218.5325396,3.5577458837265485,-3.2534554506308693,21.477699279785156
1747273218.5832028,3.556264774325158,-3.242795543264767,23.93341064453125
1747273218.6290474,3.5541789246941247,-3.247590316420736,23.276805877685547
1747273218.6981657,3.5589612501074566,-3.2634465125604724,26.677370071411133
1747273218.7801304,3.5746717304365494,-3.266432699488149,27.441740036010742
1747273218.8674247,3.5719667359930596,-3.2812323700075376,37.671566009521484
1747273218.8975403,3.564054246741031,-3.267105397769325,17.859935760498047
1747273218.9498544,3.557289994888729,-3.2485451683552213,26.788949966430664
1747273219.0103354,3.5553653540419896,-3.229807204064019,23.73504638671875
1747273219.0894973,3.547917647198247,-3.228425826304785,32.611846923828125
1747273219.1813111,3.5460467959532553,-3.230470663493675,24.663925170898438
1747273219.2517226,3.5511584882206266,-3.2014677719612346,33.28442573547363
1747273219.2987726,3.5526406534865047,-3.1893549219377295,24.14727210998535
1747273219.3820853,3.5525286504617175,-3.1900862189328416,54.62336540222168
1747273219.4393544,3.551775979036735,-3.1987835597146805,32.503604888916016
1747273219.505581,3.559082613515982,-3.2147210396342065,28.357267379760742
1747273219.5710826,3.558566549604007,-3.231410704247834,53.54619026184082
1747273219.6423507,3.5589238600018973,-3.2465568583907003,58.4108829498291
1747273219.7094808,3.5543700519466865,-3.2598874616611253,20.075082778930664
1747273219.7631829,3.550911530513442,-3.2740778606261385,33.78415107727051
1747273219.818052,3.550789247219396,-3.280362966332502,35.84146499633789
1747273219.863616,3.5500146685449905,-3.2853351557872217,23.064374923706055
1747273219.90889,3.5531134432380758,-3.2840312967061887,26.909351348876953
1747273219.9593334,3.5585405588169037,-3.2844821274103606,22.60303497314453
1747273220.0316474,3.5538356208055433,-3.292405078645576,27.2979736328125
1747273220.0620584,3.5517400392322105,-3.299831894220308,21.45099639892578
1747273220.089749,3.5535537618538124,-3.3007386396448934,15.601396560668945
1747273220.1202004,3.5554127303101453,-3.298134872328097,16.925334930419922
1747273220.1578262,3.5693556762261327,-3.2968466542235237,24.331331253051758
1747273220.220364,3.559072573752516,-3.2840560628360906,41.06640815734863
1747273220.2862709,3.5620343984732474,-3.2900915579651677,38.90728950500488
1747273220.3322265,3.564127252434928,-3.2949956304244536,25.873184204101562
1747273220.4234471,3.559463923969669,-3.3025188478667786,67.48008728027344
1747273220.5032709,3.5677511801530173,-3.299531881032097,28.490304946899414
1747273220.551476,3.559504664813382,-3.287455408993327,25.865554809570312
1747273220.5884604,3.5572533704956726,-3.2783671787561786,24.67966079711914
1747273220.6267412,3.563667935359233,-3.2903444436718283,22.174835205078125
1747273220.672045,3.5563864098817053,-3.2949241407326078,19.31023597717285
1747273220.7079713,3.5534728040771144,-3.301142328659096,17.615556716918945
1747273220.7368436,3.551507020496847,-3.2961498012642427,17.496824264526367
1747273220.8026195,3.5495167790375395,-3.29181913984071,35.741329193115234
1747273220.8625293,3.55138942059077,-3.282543820085077,27.64415740966797
1747273220.9071052,3.552589170403894,-3.2724125528230137,20.591259002685547
1747273220.986908,3.5606467600765788,-3.277605071541275,63.178300857543945
1747273221.0465095,3.553431830066008,-3.285572430912187,30.40456771850586
1747273221.1036124,3.5507572268397514,-3.285843306093973,34.60359573364258
1747273221.192159,3.561796734191746,-3.2911987537707263,16.065597534179688
1747273221.2220423,3.5674759166642236,-3.297911760725034,17.019271850585938
1747273221.2888398,3.5586514792957167,-3.29183667322888,52.907466888427734
1747273221.326115,3.55443736068817,-3.294809560163654,18.459558486938477
1747273221.3766918,3.5530939483409174,-3.295039039323404,35.669803619384766
1747273221.552769,3.5536074897176984,-3.3035583566236295,24.488210678100586
1747273221.6059186,3.5584297731416084,-3.303018385475106,41.312217712402344
1747273221.6686406,3.5531634362853834,-3.3087295287529277,35.7508659362793
1747273221.7702487,3.55958620611635,-3.312759670323402,28.647184371948242
1747273221.8150449,3.5574755756040624,-3.3050854115087245,33.47420692443848
1747273221.8441396,3.558350770549495,-3.2958974457925656,18.2955265045166
1747273221.8870645,3.557121724802352,-3.287971742736508,23.417949676513672
1747273221.9467475,3.5602950845443497,-3.2985080144199466,26.35955810546875
1747273221.995349,3.55365691655157,-3.2928901217879485,25.57682991027832
1747273222.0227313,3.5512735805231626,-3.2841952737568496,17.727375030517578
1747273222.0526876,3.5623345285490133,-3.2695122267568903,16.347646713256836
1747273222.091639,3.5650734633759296,-3.26148634421838,26.032686233520508
1747273222.1832535,3.561066978839322,-3.2450080207873255,66.08986854553223
1747273222.2599483,3.562207810526091,-3.235130171694268,44.257402420043945
1747273222.3431032,3.5685288439899647,-3.247042794195324,18.640518188476562
1747273222.3925896,3.5624030787797794,-3.2627478547854762,26.201248168945312
1747273222.4602735,3.559176115799985,-3.278319187176992,48.273563385009766
1747273222.5122514,3.558073188622139,-3.2941032017764247,23.77486228942871
1747273222.5935028,3.5672191872416397,-3.305909368513996,42.82784461975098
1747273222.7034388,3.562452714571549,-3.2879994486005053,23.906707763671875
1747273222.7668817,3.5603898868079833,-3.295799760476103,19.37127113342285
1747273222.8333852,3.554050660845411,-3.303921074629714,21.007776260375977
1747273222.9056978,3.551362952281152,-3.293445782066569,37.71376609802246
1747273222.9471488,3.5506855431261517,-3.2773091594258634,29.06012535095215
1747273223.0404623,3.5668362194671603,-3.2716047523186766,63.87138366699219
1747273223.0850837,3.5715861631923276,-3.3050289495096306,20.970821380615234
1747273223.1380339,3.5751719819568093,-3.3232198072499473,40.433406829833984
1747273223.1940238,3.5615515103526407,-3.321516772982449,36.971330642700195
1747273223.2616765,3.5543696549867185,-3.315645225959284,37.88566589355469
1747273223.3020637,3.551943195668558,-3.3116327762196343,18.78070831298828
1747273223.381415,3.555649877246138,-3.307713441179539,32.6080322265625
1747273223.4233153,3.564771249467906,-3.3127342307004426,24.466276168823242
1747273223.5192256,3.5726741446231207,-3.314289070811756,33.14781188964844
1747273223.5873647,3.572952212478369,-3.3119840984068136,24.00064468383789
1747273223.6610894,3.573491191719684,-3.310979689829726,40.00711441040039
1747273223.7086558,3.5603823177049914,-3.2988350430822555,21.1489200592041
1747273223.7343142,3.553501100002009,-3.2965827730463233,15.332937240600586
1747273223.7673094,3.5490474668057366,-3.296027616697033,23.327350616455078
1747273223.8283763,3.561264812736464,-3.3019119662164766,33.24317932128906
1747273223.935202,3.555808552718173,-3.308741603796155,48.134803771972656
1747273223.9696631,3.551804330408431,-3.3052358786287988,18.564224243164062
1747273224.0022845,3.549864049665219,-3.3043350426456066,18.683195114135742
1747273224.034192,3.5505933650150108,-3.3021719797085374,16.876220703125
1747273224.066056,3.5516402290905957,-3.3038756420647735,20.31397819519043
1747273224.1033099,3.5473766646040006,-3.304501609009674,19.194602966308594
1747273224.1520717,3.5467504554129246,-3.3036438035979945,32.5162410736084
1747273224.208088,3.554195047998083,-3.306376098728029,26.970624923706055
1747273224.2372642,3.572283550886328,-3.3076262996859,17.339468002319336
1747273224.2885602,3.5809596049087973,-3.3080664071556,28.104305267333984
1747273224.3806696,3.5677494774041434,-3.296172486013625,29.566287994384766
1747273224.465091,3.5629336811496843,-3.2859999929058805,62.330007553100586
1747273224.5276084,3.556205576707101,-3.2730317488426595,41.47148132324219
1747273224.575477,3.5561826848777365,-3.25957544218885,22.815227508544922
1747273224.6646674,3.5499369826293847,-3.2614882433539143,24.89614486694336
1747273224.728903,3.5522199701460195,-3.251514115688882,40.2827262878418
1747273224.7861338,3.548091539869322,-3.253057717454685,29.738426208496094
1747273224.8506577,3.545956002911198,-3.2553320030275237,35.4464054107666
1747273224.9237435,3.5517766779266853,-3.24595551414528,34.7137451171875
1747273225.0014722,3.5699297921415942,-3.239361305323133,38.591861724853516
1747273225.0676432,3.5710389039100208,-3.2528654945105067,38.65528106689453
1747273225.1503325,3.5768197481930994,-3.2515719057935835,46.984195709228516
1747273225.2044616,3.5659023130909113,-3.2623489771506264,19.39105987548828
1747273225.2663655,3.5595152564817942,-3.271416618620615,30.156850814819336
1747273225.3672352,3.5524612074332182,-3.2767904493501607,31.843900680541992
1747273225.451308,3.552379369444015,-3.2654640752435373,48.51412773132324
1747273225.523321,3.5537994271481526,-3.2457683182620567,46.874284744262695
1747273225.6178465,3.5549394417588385,-3.2290506153790655,59.118032455444336
1747273225.6847425,3.5588995551805427,-3.2392498962018226,34.18397903442383
1747273225.7468045,3.559162046560462,-3.251183169662399,35.06779670715332
1747273225.817282,3.560667136270056,-3.2490702477231097,44.79384422302246
1747273225.8911326,3.555318263237277,-3.2366080380649587,44.35849189758301
1747273225.9318764,3.5572207035545773,-3.2453690175933536,27.237415313720703
1747273226.0034697,3.5676259956977274,-3.261928308760247,30.65776824951172
1747273226.0616646,3.5695880683491907,-3.271524343635805,35.77446937561035
1747273226.120884,3.562126229153878,-3.2738316748548986,34.10506248474121
1747273226.1810203,3.557502350706157,-3.2560797925006497,27.9543399810791
1747273226.2416685,3.5594552443952856,-3.269338178758418,36.4224910736084
1747273226.2966805,3.5551371358668167,-3.2833026535143652,39.975881576538086
1747273226.3462927,3.5540020757437154,-3.2821313807725385,34.62576866149902
1747273226.4190733,3.552057251376319,-3.280048375222181,52.75321006774902
1747273226.4792566,3.555354626027527,-3.2753531911981826,47.966957092285156
1747273226.5435014,3.5654845346374904,-3.277402208420397,27.28271484375
1747273226.5862374,3.5693192543134056,-3.2754402006634296,25.912046432495117
1747273226.6601188,3.5649187658422887,-3.261888400761012,44.1281795501709
1747273226.7030396,3.559456783506666,-3.273127872878683,22.32813835144043
1747273226.7708776,3.5678228170698683,-3.274334637892014,53.40242385864258
1747273226.799754,3.56578596388575,-3.2528580796591027,16.20769500732422
1747273226.8378174,3.5659777484623167,-3.2320379227542873,19.745826721191406
1747273226.9307501,3.5577651527769185,-3.205614693229187,41.579484939575195
1747273227.023779,3.5603943065695858,-3.212786917031751,70.6179141998291
1747273227.0779617,3.5530663125094577,-3.227058613053975,26.699542999267578
1747273227.1192338,3.5588955649536826,-3.236420343915417,23.123979568481445
1747273227.1833475,3.561415037774684,-3.247025284363667,38.210391998291016
1747273227.243601,3.559590350482372,-3.2627708965670488,16.208171844482422
1747273227.3048975,3.564239229177178,-3.2693888021246935,47.23525047302246
1747273227.356204,3.5565804862127095,-3.2805306519317448,26.973247528076172
1747273227.4017642,3.552533551033302,-3.291571875960132,23.676633834838867
1747273227.4720879,3.5644845263592395,-3.301617021017387,28.12337875366211
1747273227.5456882,3.555824054296549,-3.3047689611981874,44.61932182312012
1747273227.6290705,3.5534809848346676,-3.311153478311307,34.31963920593262
1747273227.699165,3.5565134668205713,-3.3085672335497813,41.52846336364746
1747273227.743115,3.5572324950932037,-3.3057416575009904,30.429363250732422
1747273227.8075876,3.561814514090869,-3.301600648063432,33.99968147277832
1747273227.878652,3.552232399100976,-3.2965112127406075,36.03768348693848
1747273227.9206836,3.5658893062593706,-3.2960555739240145,28.43165397644043
1747273227.9868877,3.564658768899716,-3.2824325668374064,16.338348388671875
1747273228.0302434,3.5561332470461284,-3.2904337581564547,32.13930130004883
1747273228.0839539,3.5697595419163575,-3.291842063258514,31.83150291442871
1747273228.1400952,3.5771400115379075,-3.2922352794795438,37.19353675842285
1747273228.2110834,3.561267572282092,-3.2953198598465945,43.5795783996582
1747273228.267418,3.560122911215874,-3.2930944175555434,43.926239013671875
1747273228.3257911,3.5705126741646698,-3.2973924765671923,36.412715911865234
1747273228.4192066,3.576621964717038,-3.309400075233725,46.10943794250488
1747273228.4831626,3.5624199145922604,-3.313627452854832,43.97916793823242
1747273228.5543523,3.563250547855777,-3.324374340110813,48.291683197021484
1747273228.5911639,3.555523087215303,-3.315439539098358,25.954246520996094
1747273228.6844304,3.5509715108206805,-3.318686605255781,34.09314155578613
1747273228.7266817,3.550618054950381,-3.317868286989728,22.78733253479004
1747273228.811359,3.5638236736360853,-3.325301905654594,34.74998474121094
1747273228.851568,3.570803109810259,-3.331744508541814,28.826236724853516
1747273228.9351358,3.5669125626140636,-3.3203916992907474,40.72761535644531
1747273229.02935,3.563999611466997,-3.3194519475402515,63.09056282043457
1747273229.147649,3.5588837667477335,-3.322334498769025,54.474592208862305
1747273229.231095,3.553474539404213,-3.3156199058570897,44.24571990966797
1747273229.2958581,3.563239690347814,-3.3133333410216714,38.8789176940918
1747273229.4136574,3.554903439036379,-3.305679518825688,17.123699188232422
1747273229.4422526,3.551076228830329,-3.299512763058276,17.69280433654785
1747273229.4969623,3.553717246785364,-3.305487891823896,22.076845169067383
1747273229.548167,3.553214884779021,-3.3035169113288547,22.884607315063477
1747273229.6174905,3.5535469241645057,-3.2884359562156478,41.01681709289551
1747273229.700484,3.564067735734555,-3.296722893512786,41.806936264038086
1747273229.7790973,3.5586630771704884,-3.2869792622750724,42.937517166137695
1747273229.8606231,3.5507981118647916,-3.295025761856787,35.39323806762695
1747273229.9240158,3.5542197920533853,-3.3003334734684815,34.21616554260254
1747273230.0068684,3.570696880441429,-3.3017852817746793,45.92585563659668
1747273230.0591307,3.564615230280308,-3.2872306187879197,40.93146324157715
1747273230.1370637,3.5624473918465216,-3.2734436425247155,55.31668663024902
1747273230.2019467,3.555694853650788,-3.280934213219008,37.13655471801758
1747273230.3738003,3.5557257386370376,-3.287779477414654,18.849849700927734
1747273230.417064,3.555261962853862,-3.294017350422915,32.7754020690918
1747273230.4784482,3.5550081462623497,-3.298042266407854,22.918224334716797
1747273230.5397327,3.566961898108541,-3.3060787113673205,20.08342742919922
1747273230.607143,3.5679128165991822,-3.300320567527988,30.701637268066406
1747273230.670009,3.555343473525853,-3.30208948297366,39.44587707519531
1747273230.747099,3.5488002730231685,-3.305382498414512,44.658660888671875
1747273230.8070812,3.55131792503668,-3.309773773805365,48.95162582397461
1747273230.8472788,3.56010760027753,-3.3054817606085365,29.662609100341797
1747273230.873324,3.5585472117575008,-3.2983787622829226,16.434907913208008
1747273230.9234624,3.556651932395532,-3.2918107467645354,38.60116004943848
1747273231.003357,3.553672570742329,-3.2959446673402306,36.19575500488281
1747273231.1006482,3.5615479563405605,-3.3010373983616597,19.12522315979004
1747273231.1461031,3.5652418081144495,-3.295466049084329,30.927658081054688
1747273231.2123187,3.5567390920274833,-3.3019175507055016,30.23362159729004
1747273231.267098,3.5640994425879704,-3.2947923930793412,29.164552688598633
1747273231.3631954,3.5682479323715883,-3.288216939912271,59.22508239746094
1747273231.431128,3.5569987511418075,-3.2805096440112,37.990570068359375
1747273231.4804792,3.557314081385403,-3.2862193488038667,37.31560707092285
1747273231.5481367,3.5556281060958037,-3.2785588333454156,31.266450881958008
1747273231.601123,3.5583596701081905,-3.2752820018860707,18.904447555541992
1747273231.6315875,3.566289609725391,-3.277686391708068,17.77338981628418
1747273231.6573312,3.56949193288095,-3.2817144395430042,15.385150909423828
1747273231.710582,3.5712576775259812,-3.2851894316426646,33.74910354614258
1747273231.7774646,3.5740764281044117,-3.291653232176302,35.486459732055664
1747273231.819155,3.5757550666686617,-3.2988832269135355,20.534515380859375
1747273231.8542318,3.558223950999083,-3.303114838440032,18.41259002685547
1747273231.8885517,3.5505325006825705,-3.30700467704735,19.495487213134766
1747273231.9396572,3.563154292755944,-3.3051630914299355,25.530338287353516
1747273231.9916687,3.5590834006818044,-3.3008475238679353,36.272525787353516
1747273232.0474842,3.5559428449516775,-3.2927241020633047,32.55867958068848
1747273232.1153111,3.5663836017616775,-3.2850309309745844,42.449951171875
1747273232.2004826,3.5616704963997745,-3.273263467865477,26.160001754760742
1747273232.247769,3.563971586411401,-3.2675954124836286,27.6644229888916
1747273232.372614,3.5639675877887607,-3.2693726337302422,52.49643325805664
1747273232.4271708,3.5611377679736216,-3.2592734754487838,26.73172950744629
1747273232.4627306,3.5608265378340693,-3.2462213187534292,23.87094497680664
1747273232.5194085,3.5643047075820773,-3.244173656803006,25.388717651367188
1747273232.5597115,3.5623535752600075,-3.2295333238226105,25.79665184020996
1747273232.6116025,3.5615670039650777,-3.2147537820207472,21.39568328857422
1747273232.6595218,3.5623563090109465,-3.2282292634853675,34.12675857543945
1747273232.7141118,3.5596493559322475,-3.2146099877156256,30.601978302001953
1747273232.7684312,3.555307157807054,-3.224326691214535,32.51791000366211
1747273232.8109264,3.5529799981480132,-3.2364798827015933,28.98859977722168
1747273232.9013228,3.56648192055522,-3.258120294025643,45.7456111907959
1747273232.9664373,3.5703611429098245,-3.2713848850087617,38.460493087768555
1747273233.0194936,3.561207034186988,-3.2851668287917355,30.07650375366211
1747273233.0730855,3.555893552722423,-3.2931158220445846,35.27975082397461
1747273233.1271536,3.564831896202811,-3.295549955466703,32.373905181884766
1747273233.1560757,3.557305468770374,-3.3054827180330113,15.570402145385742
1747273233.1890953,3.555272815399325,-3.310526041285926,19.980430603027344
1747273233.2442877,3.5625995812746485,-3.315552377382166,20.860671997070312
1747273233.2918086,3.5563224778185267,-3.3228257648992754,32.57012367248535
1747273233.3536282,3.5529565236465968,-3.326291064555458,37.90712356567383
1747273233.4264684,3.567052306857667,-3.33461160791037,40.33088684082031
1747273233.5116882,3.5591510002144604,-3.327651779611089,40.21811485290527
1747273233.5672143,3.556283588548544,-3.326669644111548,42.119503021240234
1747273233.6310859,3.5550215715166096,-3.325084960799224,48.23660850524902
1747273233.721203,3.5670036359730073,-3.334564626768724,30.704498291015625
1747273233.7692125,3.566848252092636,-3.3233857179691015,27.272462844848633
1747273233.8210983,3.5601591567504585,-3.30655765864907,30.194997787475586
1747273233.8805685,3.556126555400866,-3.293941886903304,35.31336784362793
1747273233.9290643,3.55448536763553,-3.280655318694891,31.940698623657227
1747273233.9864676,3.5554534898075882,-3.279048443952361,37.462472915649414
1747273234.0615788,3.560339877717376,-3.2891560654135525,50.60124397277832
1747273234.1424148,3.5538269666679945,-3.2971861893169,47.9123592376709
1747273234.2015975,3.55309284450952,-3.2860039602426805,28.169631958007812
1747273234.257376,3.5632380104661854,-3.2927933721343496,36.792755126953125
1747273234.3536346,3.569069477110881,-3.2943286132508787,33.36143493652344
1747273234.4010265,3.5657211349605653,-3.2823973671362654,36.397457122802734
1747273234.4801037,3.563783649831867,-3.2673316024910055,55.4347038269043
1747273234.5552335,3.5603168077636305,-3.2539910170203505,54.91185188293457
1747273234.6012545,3.556687628044866,-3.2432565910850726,28.329133987426758
1747273234.6728046,3.55903192700649,-3.2353412848034333,35.57085990905762
1747273234.7591507,3.558755522625565,-3.2272729906082116,25.428056716918945
1747273234.83562,3.557504169169038,-3.220475635742968,59.508323669433594
1747273234.89734,3.5554452796679676,-3.2153115651626307,35.51840782165527
1747273234.967845,3.572514059142691,-3.2090789515709623,47.43456840515137
1747273235.0385826,3.578494086765705,-3.2124868750831195,44.35110092163086
1747273235.1012514,3.58264287089936,-3.225063373834007,37.6286506652832
1747273235.1666563,3.5743163694129603,-3.221060085732449,38.794755935668945
1747273235.2240372,3.5624687943688884,-3.2389822119427456,37.35709190368652
1747273235.2910933,3.5503350058391487,-3.25244128341928,40.812015533447266
1747273235.351111,3.554762623859581,-3.2234457371747283,33.59723091125488
1747273235.4267726,3.555303597560913,-3.21012900136031,42.47617721557617
1747273235.4971023,3.5685430404314076,-3.2268356194820185,42.787790298461914
1747273235.5614476,3.569177223333487,-3.2535651213059165,25.760650634765625
1747273235.6259336,3.5743751143200453,-3.2730190515373074,41.826486587524414
1747273235.6943302,3.57390882414611,-3.2532594122331795,39.639949798583984
1747273235.743231,3.567211745333004,-3.238987413308335,26.3216495513916
1747273235.8231196,3.5632657478306706,-3.215972377254483,47.12986946105957
1747273235.8917506,3.5625915653300613,-3.2237758749574352,34.810543060302734
1747273235.9686122,3.5600280025980484,-3.240835321405899,18.499135971069336
1747273236.0087473,3.572026542568758,-3.24164533341889,26.48305892944336
1747273236.0594935,3.5769480949380963,-3.2414279312517373,30.649185180664062
1747273236.111666,3.563097445532406,-3.264331546549082,31.244277954101562
1747273236.16693,3.556920345989415,-3.2416086429241715,38.535118103027344
1747273236.2280543,3.5543550123658063,-3.254702363536605,34.015655517578125
1747273236.294507,3.5703921745530347,-3.2546624138822597,18.406391143798828
1747273236.3323135,3.5588007880354473,-3.268168486000583,24.784088134765625
1747273236.4029555,3.553381324244276,-3.283245310807078,46.25082015991211
1747273236.481598,3.552351574700526,-3.2826584170674673,37.076473236083984
1747273236.533147,3.552858131414553,-3.2842708794333584,22.704362869262695
1747273236.5775328,3.5521025246231828,-3.2859152576617316,28.141498565673828
1747273236.6514935,3.550076179916598,-3.2949702133472196,19.90342140197754
1747273236.803442,3.5627997428254052,-3.305743462854754,28.678178787231445
1747273236.8908055,3.5553216408019708,-3.3015294310863585,35.231828689575195
1747273236.9721467,3.5651974020861124,-3.3024068908026516,31.917572021484375
1747273237.0145938,3.5580977335104187,-3.3085698310414244,21.852731704711914
1747273237.1030803,3.5528004337079624,-3.302190256591673,57.65843391418457
1747273237.169946,3.565620309484804,-3.3086227375351824,36.98539733886719
1747273237.2391944,3.56978313707038,-3.3073474291812346,27.32563018798828
1747273237.289104,3.574958483604673,-3.315845897513306,29.616355895996094
1747273237.3791797,3.5814694659355233,-3.3252770302119656,37.99319267272949
1747273237.4337552,3.5808489988961814,-3.3350532370814983,18.207073211669922
1747273237.4632785,3.580637377887241,-3.344680087410238,19.09351348876953
1747273237.504208,3.5764991424193155,-3.3486416747615406,27.54950523376465
1747273237.5502021,3.5751646028762085,-3.353819792045923,24.437665939331055
1747273237.59934,3.558475514782581,-3.342249635104409,29.796838760375977
1747273237.6758,3.5535324989560646,-3.325684402782868,30.965805053710938
1747273237.7330494,3.559111036301237,-3.3268963702542975,21.335124969482422
1747273237.7727418,3.5567428601421502,-3.3252728504358036,29.97732162475586
1747273237.8213801,3.5555983773430713,-3.3245964949135853,20.814180374145508
1747273237.8916793,3.5559390730443803,-3.3211056480702634,40.764570236206055
1747273237.9696615,3.55750295564021,-3.319875516333036,37.885189056396484
1747273238.0590682,3.561569005755195,-3.3230651897474233,39.03937339782715
1747273238.1190722,3.56263949777961,-3.3245301479294436,36.2551212310791
1747273238.1658707,3.5686222037591477,-3.3248634753951656,23.719310760498047
1747273238.2016437,3.5615416523984686,-3.3275920923278486,24.19877052307129
1747273238.2280838,3.5607486753172246,-3.331021770440003,16.09015464782715
1747273238.2634583,3.557140542296478,-3.320412893181426,22.502899169921875
1747273238.294051,3.5558341381160714,-3.307627429747031,19.399642944335938
1747273238.3540525,3.5503781600460056,-3.2989092968849,30.913829803466797
1747273238.4203925,3.553998224866808,-3.291847516924025,29.789447784423828
1747273238.497224,3.558300163951654,-3.2933052080723946,21.251678466796875
1747273238.542549,3.5590230651710772,-3.298085525024586,24.95121955871582
1747273238.6311426,3.565334578418039,-3.302775657290538,30.35902976989746
1747273238.6627116,3.5754688218825246,-3.302435572343157,18.9511775970459
1747273238.7327137,3.564236024264618,-3.288339190159241,23.901939392089844
1747273238.7608247,3.5613414225854396,-3.2777048450414785,17.855167388916016
1747273238.820932,3.5594980044516817,-3.263204482249874,26.352643966674805
1747273238.8823133,3.5597710811857235,-3.269355974218025,28.86509895324707
1747273238.9617565,3.559031908379032,-3.280309449778481,42.89865493774414
1747273239.0101252,3.5541994444767564,-3.289273505829648,27.309656143188477
1747273239.0958748,3.554242713382287,-3.2964006450503156,29.068708419799805
1747273239.171142,3.5668217720413544,-3.296364731241936,45.74179649353027
1747273239.2433367,3.57124931958535,-3.305865375664666,53.49850654602051
1747273239.3431396,3.561636933678575,-3.2928420959899047,51.32269859313965
1747273239.3797271,3.5588344991661716,-3.282367460143309,25.560855865478516
1747273239.406259,3.5585070372757657,-3.267646654487096,15.714883804321289
1747273239.4530678,3.5576762169042087,-3.271008536236316,32.88578987121582
1747273239.5592234,3.558789739134861,-3.2779519686228813,38.219451904296875
1747273239.6200302,3.569549551556401,-3.2840512295023028,21.395444869995117
1747273239.706426,3.5594556814460736,-3.2921485878315466,26.533842086791992
1747273239.7551317,3.555899263638836,-3.267419386501732,20.394086837768555
1747273239.819082,3.5556252876569974,-3.2708899806815035,48.314809799194336
1747273239.8918242,3.5513115381824902,-3.2768533446786536,61.986446380615234
1747273239.9492311,3.555278302360873,-3.2906817292946267,41.1984920501709
1747273239.9836698,3.5576316387661495,-3.298767664217621,21.84891700744629
1747273240.0184102,3.5756444664555147,-3.2993866933658196,18.014192581176758
1747273240.0867486,3.5850021553557427,-3.2996479029181507,33.31136703491211
1747273240.1511903,3.5834649139388013,-3.3019896096569266,27.708768844604492
1747273240.2428355,3.5775340207028288,-3.3097775193219303,26.165246963500977
1747273240.3230672,3.573429982992808,-3.3170429967668147,26.47686004638672
1747273240.4102347,3.5766598594915564,-3.316783090127493,51.50198936462402
1747273240.4857929,3.5814462619514615,-3.3207156412062986,43.74265670776367
1747273240.5431194,3.5827865201039573,-3.323347183453976,44.38948631286621
1747273240.6085818,3.5770071071350267,-3.3280403187869894,29.055118560791016
1747273240.68361,3.5729956672975423,-3.336197326936551,35.93182563781738
1747273240.7471008,3.5629106593529523,-3.3323649555395796,30.007600784301758
1747273240.818248,3.568927467576545,-3.333073631740565,33.97417068481445
1747273240.8927085,3.5734949206798023,-3.3374278180426016,41.098594665527344
1747273240.9732318,3.566532278939441,-3.331511008436267,53.55501174926758
1747273241.0604732,3.5658517684021875,-3.3360687588163156,54.66437339782715
1747273241.147751,3.5611622521535877,-3.33546445953383,43.28489303588867
1747273241.2125142,3.5592686330009053,-3.3273447753516017,18.44310760498047
1747273241.2992473,3.5700451196865455,-3.331885902997826,25.325536727905273
1747273241.3389287,3.56062834026162,-3.3328663340832194,19.423723220825195
1747273241.3894327,3.5555680117356183,-3.333741334028675,26.73196792602539
1747273241.4632602,3.57086910559552,-3.325131499768478,31.264305114746094
1747273241.511929,3.565330129372083,-3.31909896254537,25.327444076538086
1747273241.6001627,3.559201307435798,-3.302843279257444,22.95660972595215
1747273241.6350858,3.557248145795344,-3.2847583324982783,21.85845375061035
1747273241.7166612,3.5676948417436805,-3.2930005163035494,47.24931716918945
1747273241.8834724,3.5651215394236133,-3.293438348478604,31.525850296020508
1747273241.9212327,3.576823880695215,-3.2898253610116637,20.815610885620117
1747273241.9725769,3.5813041506666283,-3.2846478881218157,34.403324127197266
1747273242.0713887,3.5689599313024756,-3.2892549681777643,31.749725341796875
1747273242.1514368,3.5598230914366895,-3.29605824128131,17.742156982421875
1747273242.1931474,3.5563596801981863,-3.3029010312859612,26.15833282470703
1747273242.2599077,3.5549223309242945,-3.308010791264725,29.22987937927246
1747273242.3354223,3.556219200187744,-3.3082872553325138,24.837732315063477
1747273242.3709216,3.5564062932370564,-3.3092294497828254,19.38033103942871
1747273242.426732,3.557276820543864,-3.307103016332502,31.244993209838867
1747273242.4832764,3.555357090712303,-3.307502745009465,17.12632179260254
1747273242.5294132,3.5540211287087495,-3.3074231987020744,32.7908992767334
1747273242.5648491,3.5643277210825905,-3.3058982533685914,24.132490158081055
1747273242.6178012,3.5603929910076317,-3.3036568027556417,24.71446990966797
1747273242.6745896,3.557591757449988,-3.301491942024085,43.75648498535156
1747273242.7316346,3.558433402887592,-3.2904013771349288,23.823022842407227
1747273242.7753227,3.572843417651264,-3.2966024992244654,30.202627182006836
1747273242.8471339,3.561721359456842,-3.2972905939542154,34.36613082885742
1747273242.9273398,3.5563008367107223,-3.2946442259834514,52.39152908325195
1747273243.0192485,3.570842404989203,-3.2920961781685536,59.63873863220215
1747273243.0797,3.566657378814925,-3.2881379017004964,32.81593322753906
1747273243.1271632,3.5545800970786274,-3.2879437347025844,22.305011749267578
1747273243.1932604,3.556275340416465,-3.2755447183811546,22.765159606933594
1747273243.2493448,3.5547617861103644,-3.265487586882533,32.10091590881348
1747273243.3357298,3.556126481601002,-3.259389982196818,52.370548248291016
1747273243.3930924,3.556697180530666,-3.249264802350722,32.57107734680176
1747273243.4475062,3.5541813523149774,-3.248107253638863,43.17498207092285
1747273243.533345,3.564571482403985,-3.2570121947964186,29.270410537719727
1747273243.6030848,3.5541566233980837,-3.2681814559809035,36.70072555541992
1747273243.6423845,3.5662599779454767,-3.2723906556286533,25.333642959594727
1747273243.743098,3.5606097766188127,-3.2618023371279943,58.29882621765137
1747273243.8076308,3.5620046474406006,-3.253450812075322,46.42033576965332
1747273243.8624976,3.5626324819232447,-3.24135676808877,28.52773666381836
1747273243.8983815,3.5627971507485854,-3.241856972641254,25.766372680664062
1747273243.9552166,3.5610676542048214,-3.232130380626613,31.51226043701172
1747273243.9984787,3.5641691964816493,-3.238745005609879,30.08413314819336
1747273244.0750961,3.563789049239453,-3.2486222296777143,37.50443458557129
1747273244.1349375,3.557444465596573,-3.2532532135060404,25.642871856689453
1747273244.22186,3.559282678768165,-3.249630009503338,17.357826232910156
1747273244.2557414,3.5604189932109613,-3.2275558665799737,17.62557029724121
1747273244.3232894,3.563532389111111,-3.217172838479917,28.42259407043457
1747273244.4144297,3.5583437287919386,-3.2151616202810738,42.696475982666016
1747273244.491196,3.5549594137642355,-3.2312455592653997,25.696992874145508
1747273244.5470777,3.5682673176572153,-3.2621785846502447,23.77152442932129
1747273244.5976496,3.5633952720775177,-3.2499102293809714,29.30474281311035
1747273244.6517682,3.5683822060664205,-3.278843081405612,24.701833724975586
1747273244.7317572,3.555067102421856,-3.2838425217349427,37.28127479553223
1747273244.8113506,3.5549251923955607,-3.282055412700867,20.534753799438477
1747273244.855997,3.55713688944635,-3.2914260024870963,31.76140785217285
1747273244.9192698,3.5661740115300526,-3.2964598796924447,41.582345962524414
1747273244.9876335,3.560425834311932,-3.2998292150310764,37.51087188720703
1747273245.0871234,3.5566448663695627,-3.2884034650664233,75.29973983764648
1747273245.1204429,3.559932342319813,-3.292871726488883,18.882036209106445
1747273245.1515932,3.5609121525013983,-3.2952817141173294,19.306659698486328
1747273245.1788383,3.559628337814191,-3.300219734294833,14.990806579589844
1747273245.2358527,3.5581401564588244,-3.304123985926622,29.439210891723633
1747273245.275494,3.570065888546882,-3.3043749601569656,19.91415023803711
1747273245.3164763,3.576966428776389,-3.3111455728012578,28.17082405090332
1747273245.3615456,3.5814387653589606,-3.3153495628394656,33.43009948730469
1747273245.4315534,3.580699550930215,-3.3258087989349057,43.05076599121094
1747273245.499125,3.576904220754166,-3.337580755113196,41.78333282470703
1747273245.571997,3.5658867527313096,-3.315359838403925,15.76852798461914
1747273245.6071146,3.561156267524659,-3.293746554943079,16.850948333740234
1747273245.6376996,3.5684504907615437,-3.304327289698664,16.409635543823242
1747273245.673722,3.5722579690438643,-3.311956641337895,22.461652755737305
1747273245.7490327,3.5581983586062043,-3.313488291440606,51.90777778625488
1747273245.8310943,3.559011667833569,-3.311870155256501,58.23659896850586
1747273245.8845816,3.5685433775222557,-3.3102112441629483,35.607337951660156
1747273245.9470975,3.5635821375981123,-3.293485392860377,33.11514854431152
1747273246.0045264,3.569730381011933,-3.29978161217719,38.088083267211914
1747273246.0790837,3.5595714781907177,-3.3060643484946466,31.453609466552734
1747273246.135145,3.553690133538734,-3.2948377075474093,34.45577621459961
1747273246.1939611,3.551267325484668,-3.2957126155990206,36.99016571044922
1747273246.231211,3.5489747207750786,-3.296978505110709,21.17300033569336
1747273246.3085485,3.551178922754856,-3.2958467608153477,32.84788131713867
1747273246.3629727,3.5552211199139028,-3.2999027590003696,26.389360427856445
1747273246.4318998,3.5574873079727873,-3.305215967746811,50.772905349731445
1747273246.4822752,3.566984997651735,-3.308031286469729,25.127649307250977
1747273246.5341492,3.57696490620715,-3.3097264319459567,37.54281997680664
1747273246.5843115,3.5763886800685745,-3.3175268838764405,28.27596664428711
1747273246.6493113,3.577824727269175,-3.326459857637842,41.60451889038086
1747273246.7253642,3.5784044662680436,-3.33879162535332,43.457984924316406
1747273246.8711143,3.5683131070730068,-3.33168401397396,22.04728126525879
1747273246.899119,3.564540791355724,-3.3254480906144943,15.839576721191406
1747273246.9339838,3.5619988867692465,-3.317351159204615,24.100780487060547
1747273246.964688,3.5750853392862205,-3.308058662423872,20.610332489013672
1747273246.993629,3.5812941909705387,-3.3013902031879026,19.788742065429688
1747273247.0231407,3.583710619573064,-3.296444982248166,19.299745559692383
1747273247.050103,3.5732421772004344,-3.292893951392754,15.98358154296875
1747273247.1112008,3.5679555820642816,-3.287606137143022,42.526960372924805
1747273247.1411273,3.56331242024685,-3.294028695539644,16.720056533813477
1747273247.1895616,3.559076905915596,-3.2786886238664867,23.700237274169922
1747273247.2442307,3.55489373011291,-3.287802835428388,23.314714431762695
1747273247.3136635,3.55243777551025,-3.293846118896458,41.44120216369629
1747273247.3823178,3.562837763664932,-3.295551565019834,43.62678527832031
1747273247.4289725,3.5691158094055293,-3.300459102113733,29.90436553955078
1747273247.4639196,3.5564589071517108,-3.300942665540523,20.21336555480957
1747273247.5007033,3.5692250670367516,-3.3033411098643786,25.23016929626465
1747273247.5290213,3.5748701573419956,-3.3072720155126745,17.58289337158203
1747273247.5555632,3.5654911465851526,-3.3045639474944646,16.599655151367188
1747273247.603587,3.5612490102437007,-3.3013046168378426,32.903432846069336
1747273247.6435935,3.5505868472228066,-3.3017142368848473,23.25749397277832
1747273247.6995747,3.554563978019472,-3.288536560088135,27.962923049926758
1747273247.730194,3.5566719023212823,-3.272053498155728,17.559528350830078
1747273247.8350837,3.558719363672787,-3.2713647985840284,28.86343002319336
1747273247.8676128,3.559937221888119,-3.2682788441492487,19.052505493164062
1747273247.9071093,3.550802857770992,-3.2735954023008182,26.103496551513672
1747273247.9432437,3.546692238114101,-3.2780984340694896,22.267580032348633
1747273248.0253701,3.5495283443098726,-3.2602731577145323,35.02607345581055
1747273248.1011968,3.5553261834678014,-3.260169978326843,20.122051239013672
1747273248.1359015,3.5594015071827703,-3.255937512330288,19.83928680419922
1747273248.1958582,3.556500301303869,-3.26936301081605,25.0399112701416
1747273248.2729003,3.551204519023245,-3.2718979749115458,37.564754486083984
1747273248.3280716,3.571901094860861,-3.266882840092255,35.33935546875
1747273248.3842032,3.565926062377054,-3.264675934134466,35.35342216491699
1747273248.458696,3.553920787882632,-3.275492225381251,17.67730712890625
1747273248.5036237,3.5710809855121304,-3.2718287517052365,30.35449981689453
1747273248.575349,3.5664590736861426,-3.2842479485522977,27.840614318847656
1747273248.6260934,3.566371944386524,-3.283309422028127,26.066064834594727
1747273248.720038,3.5591172104839313,-3.292978965099096,19.47641372680664
1747273248.7583046,3.559176713860145,-3.296104234961225,18.634557723999023
1747273248.8447928,3.551233320537366,-3.2954644577458483,44.82555389404297
1747273248.9087477,3.547975881896101,-3.2914515419281596,36.6058349609375
1747273248.9498909,3.555479229814077,-3.281478222424707,25.542736053466797
1747273249.010664,3.5605592147688596,-3.27290127493568,34.36017036437988
1747273249.0690646,3.5562300052238993,-3.263934632269688,22.361040115356445
1747273249.1104233,3.5539344990642814,-3.253643349875009,19.522428512573242
1747273249.1506104,3.5532163155125778,-3.256665301109146,23.626089096069336
1747273249.1784198,3.5530062402817864,-3.2601531870757783,16.567707061767578
1747273249.2149513,3.554643800880855,-3.2670100375609055,18.947839736938477
1747273249.2591069,3.5548360322480943,-3.271680275442901,26.190996170043945
1747273249.3052745,3.5644958922211303,-3.2673191327196625,32.71055221557617
1747273249.3392696,3.5731896546609034,-3.265343321105144,21.147489547729492
1747273249.3813436,3.576941918228961,-3.2615681120900044,30.916452407836914
1747273249.41727,3.5756561336988515,-3.2752208759736665,24.097204208374023
1747273249.524229,3.5750859370950963,-3.291330353748481,97.13196754455566
1747273249.6111007,3.5669208384765065,-3.3080497657345207,62.17217445373535
1747273249.6835356,3.5588681458324576,-3.2985097551263944,33.80441665649414
1747273249.7778163,3.5600413243086035,-3.3017227554046658,71.06685638427734
1747273249.8350935,3.5711507752436678,-3.3014512748788003,44.81101036071777
1747273249.890874,3.5587234067350404,-3.3016154977673366,35.52842140197754
1747273249.9836307,3.5550862871497015,-3.286224634073099,55.66811561584473
1747273250.0345633,3.5530344856136886,-3.284951110689734,35.5069637298584
1747273250.1146984,3.5666274839756547,-3.2953067249191634,43.283700942993164
1747273250.1698976,3.560249420006252,-3.2999087695315694,29.957294464111328
1747273250.244286,3.554344102787017,-3.2907249533581444,52.25515365600586
1747273250.296006,3.5531698007644112,-3.2794579902075736,23.25725555419922
1747273250.356901,3.551548660611932,-3.2664198469795,24.265050888061523
1747273250.3903086,3.5514170880066755,-3.2507464309406826,18.659114837646484
1747273250.466026,3.5546911963070382,-3.2522403360865764,33.84065628051758
1747273250.500096,3.5658687616333875,-3.267751797749853,15.912055969238281
1747273250.5438166,3.572372986380678,-3.2873790600804704,31.534194946289062
1747273250.61911,3.5627794142827804,-3.292618593106217,46.2040901184082
1747273250.6864781,3.553417740638456,-3.290251277762863,42.116641998291016
1747273250.779244,3.5535262677445227,-3.268631333729325,51.28049850463867
1747273250.836175,3.5558036673576674,-3.277216950401618,31.067609786987305
1747273250.9066854,3.568116055420822,-3.272949698058178,42.48499870300293
1747273250.9626691,3.560229612977923,-3.2589531089737758,20.96414566040039
1747273251.0319662,3.5569128392126244,-3.262600129667267,41.43667221069336
1747273251.079493,3.5642363591914834,-3.2865236051904914,22.352218627929688
1747273251.1237915,3.569698587658138,-3.3070477340712676,24.028301239013672
1747273251.1726217,3.5601464727091727,-3.29504266684215,26.24678611755371
1747273251.2299256,3.5617158359303374,-3.2932801519835615,29.616117477416992
1747273251.2994573,3.5662470984855177,-3.2988136200177878,42.19508171081543
1747273251.3638756,3.5738415877676237,-3.311010454183366,26.429176330566406
1747273251.4367068,3.5682604599000047,-3.316471796102001,41.13578796386719
1747273251.492812,3.556419324565768,-3.305006996135101,35.38346290588379
1747273251.5848308,3.558714689533364,-3.301343660365455,31.028032302856445
1747273251.62036,3.5714238416857,-3.3031234834027767,16.824960708618164
1747273251.668895,3.565273641372307,-3.292567017795192,32.1807861328125
1747273251.7332847,3.5622014833549738,-3.280968273070465,41.54777526855469
1747273251.8830988,3.5566221853197293,-3.2900451756381637,28.613567352294922
1747273251.93532,3.5533609516027846,-3.297142312573205,37.52565383911133
1747273252.010209,3.554014461469392,-3.2934140251161126,49.23224449157715
1747273252.069979,3.556407680908023,-3.2959679330023786,37.25457191467285
1747273252.1392593,3.5679203032125777,-3.29587513475658,47.79958724975586
1747273252.196881,3.5695715359642124,-3.295995744149712,31.0361385345459
1747273252.247967,3.5703206729357304,-3.295521102037999,38.09213638305664
1747273252.2858775,3.5736399974924886,-3.306299950298137,18.225669860839844
1747273252.335226,3.5763111222159063,-3.3203740528394348,33.174991607666016
1747273252.42967,3.5761051581697756,-3.3262050605623275,38.916826248168945
1747273252.4614913,3.5804693034286963,-3.3332712598578684,21.29960060119629
1747273252.565922,3.572461283546546,-3.3348254592087483,34.38687324523926
1747273252.5951903,3.5654490393836524,-3.3340925561139603,18.816471099853516
1747273252.622358,3.562304172585026,-3.3346436372237935,16.989469528198242
1747273252.6651866,3.5640610583804766,-3.3254958855283583,29.18100357055664
1747273252.7228131,3.566640389240243,-3.3315639855702868,24.14417266845703
1747273252.7578728,3.5667090086631816,-3.339374490968569,23.2393741607666
1747273252.8336873,3.562442916352396,-3.340238317676423,28.409242630004883
1747273252.8974562,3.5542943045829976,-3.32877030853959,34.804344177246094
1747273252.983965,3.5716936809210624,-3.3309243120112733,37.64986991882324
1747273253.0311618,3.5801632414009603,-3.335314252886337,27.858972549438477
1747273253.0601478,3.582091366674551,-3.343699048927501,15.47551155090332
