time,x,y,computation_time_ms
1747273777.6185536,-1.7851474173976705,-1.0207793787159347,7.258415222167969
1747273777.6389332,-2.252040352350627,-1.1046217458929888,6.436824798583984
1747273777.654423,-2.4118960877173397,-1.1372955279921309,4.076719284057617
1747273777.6763415,-2.494823624153669,-1.1570734258130702,4.927873611450195
1747273777.694083,-2.5172675527352606,-1.1617652206358433,4.338741302490234
1747273777.709309,-2.5308513729579,-1.165578012568916,4.055023193359375
1747273777.7335613,-2.540876634021128,-1.1649722052591704,4.0912628173828125
1747273777.7533138,-2.5446203148805844,-1.1641461503001829,4.232168197631836
1747273777.7739224,-2.5430625058351937,-1.161597958387394,4.148960113525391
1747273777.792955,-2.5375476640607113,-1.1650781787438218,3.7610530853271484
1747273777.8136785,-2.5323809288534442,-1.1669165236352883,4.201650619506836
1747273777.8338885,-2.534748527384514,-1.1719991548950195,4.39906120300293
1747273777.8527875,-2.539443659925566,-1.1720237845313086,3.656148910522461
1747273777.8760996,-2.5435609593935204,-1.171977077189898,6.001949310302734
1747273777.8931556,-2.548397628944174,-1.1733280527102528,3.6635398864746094
1747273777.9153385,-2.5481912165697493,-1.1755600153544357,4.756927490234375
1747273777.934024,-2.5496952255529512,-1.1790134549659,4.049539566040039
1747273777.9563928,-2.5497400168763322,-1.1804723007002638,5.267858505249023
1747273777.9789371,-2.5571124591031897,-1.1841770391267863,4.743814468383789
1747273777.994773,-2.560038804803587,-1.1842828191509498,4.7512054443359375
1747273778.01739,-2.5649596057485704,-1.187212443539936,4.63104248046875
1747273778.0310643,-2.5686927918330684,-1.190260918683963,4.469871520996094
1747273778.0495324,-2.5778371070097643,-1.1946838451158228,4.331350326538086
1747273778.075513,-2.58115299477984,-1.1967911500414365,5.318164825439453
1747273778.0955832,-2.5808799522581274,-1.1926067235924231,4.649162292480469
1747273778.114402,-2.57695358369432,-1.1976329441170803,4.933357238769531
1747273778.1354842,-2.5798722562450265,-1.2014231918983167,4.745960235595703
1747273778.1513548,-2.5823805195087095,-1.2050646354446397,3.8385391235351562
1747273778.1735446,-2.586159837160529,-1.2041855293418235,4.237651824951172
1747273778.195424,-2.588631762066374,-1.2042168693210555,5.844354629516602
1747273778.3521352,-2.590399537467105,-1.2059360037664084,3.834962844848633
1747273778.3647714,-2.5861577857595437,-1.2022641474503215,3.589153289794922
1747273778.377847,-2.5792075274115875,-1.1975218404797037,3.826141357421875
1747273778.3977323,-2.5811336333061905,-1.197654167325945,3.9374828338623047
1747273778.4188354,-2.5862607357016483,-1.2030546508238615,8.731365203857422
1747273778.4395945,-2.585966139394534,-1.207342305820487,8.806467056274414
1747273778.4545085,-2.5912828706828424,-1.2148049169637858,4.211187362670898
1747273778.473405,-2.592861213159933,-1.2175371658004988,4.054546356201172
1747273778.494953,-2.593183526774549,-1.2178573511173143,4.669666290283203
1747273778.5161068,-2.587719269972579,-1.2157951022688058,5.164861679077148
1747273778.5426655,-2.5875170556555593,-1.2167248764210585,3.9882659912109375
1747273778.558803,-2.5902474074548985,-1.2185275581509114,4.110574722290039
1747273778.5838525,-2.6052583504920492,-1.2301367631865483,8.054256439208984
1747273778.5988302,-2.6146412133567543,-1.2380302128267948,3.962278366088867
1747273778.6159146,-2.6270728697500387,-1.2474015472987756,4.698753356933594
1747273778.6368763,-2.6369463305288634,-1.2551145717900916,3.930330276489258
1747273778.6538832,-2.6410063618296054,-1.2597253256334966,3.9174556732177734
1747273778.6731791,-2.642327548585221,-1.2608650264662906,3.6859512329101562
1747273778.6931512,-2.6482304857150805,-1.2721534382707675,3.771066665649414
1747273778.7131953,-2.651896858428807,-1.2773895499737133,3.7233829498291016
1747273778.7359927,-2.652471688512468,-1.2789149888988605,4.4689178466796875
1747273778.7531793,-2.6526746598428623,-1.2792574471048759,3.760814666748047
1747273778.7731423,-2.660054203564997,-1.2827241056930907,3.795146942138672
1747273778.793307,-2.671612359592581,-1.291501671934033,3.8366317749023438
1747273778.8132944,-2.6862446417127757,-1.3047355217711911,3.8213729858398438
1747273778.8292522,-2.6938194816171275,-1.314060714299555,3.898143768310547
1747273778.8556528,-2.7020211692383866,-1.3225137134069367,5.883932113647461
1747273778.8798018,-2.7002293320661934,-1.3225234520538571,3.9129257202148438
1747273778.8980942,-2.7057332445744144,-1.3230608787613214,3.952503204345703
1747273778.913542,-2.7183887266217353,-1.3287199443962392,3.942728042602539
1747273778.936733,-2.72476160445401,-1.3324947316139732,7.109165191650391
1747273778.956294,-2.7215799240377514,-1.3337878130744896,5.962848663330078
1747273778.9756217,-2.7181671529325633,-1.3326461878584228,5.75709342956543
1747273778.9944706,-2.7219729555785026,-1.339308251906801,4.302263259887695
1747273779.0093107,-2.720375147725919,-1.3391672116085036,4.298925399780273
1747273779.0287888,-2.7322477235909353,-1.3453629754534628,3.9093494415283203
1747273779.0488555,-2.7433201616517944,-1.3523986577297578,3.8535594940185547
1747273779.0691304,-2.7548172702718294,-1.3614280776807701,3.9145946502685547
1747273779.0919127,-2.7526449814229346,-1.3724587726869288,3.8313865661621094
1747273779.1089022,-2.749264593443886,-1.3740401361096568,3.7894248962402344
1747273779.134749,-2.7506428216508523,-1.3751238307684022,5.15437126159668
1747273779.1534123,-2.755025744387186,-1.3815545302896928,3.8216114044189453
1747273779.1733158,-2.7614051993295607,-1.389597948109367,3.7202835083007812
1747273779.1947577,-2.7740572454043897,-1.3974192661651152,4.112482070922852
1747273779.213606,-2.7807669807174755,-1.3969011089474583,3.8437843322753906
1747273779.2336109,-2.7933253700177243,-1.409919196755777,4.002094268798828
1747273779.253632,-2.7918428032658924,-1.4113971737283841,3.862619400024414
1747273779.2756286,-2.7956861093090954,-1.4178723635445958,5.700826644897461
1747273779.2954853,-2.799611022584569,-1.4230998838055875,5.768060684204102
1747273779.3148272,-2.8171953713469002,-1.4357612241039899,3.9708614349365234
1747273779.3357146,-2.828578314997166,-1.4390780119361055,5.724191665649414
1747273779.355805,-2.8343418427526053,-1.4439248512518088,4.852771759033203
1747273779.4083273,-2.8301393081913333,-1.4493798778654445,4.191160202026367
1747273779.4260333,-2.836268951423367,-1.4568828039325654,3.883838653564453
1747273779.4395082,-2.8350822108510214,-1.4563626481787613,3.857135772705078
1747273779.457063,-2.8333056262484546,-1.4583382921262378,4.647016525268555
1747273779.476271,-2.830142566354873,-1.460063166023872,5.047798156738281
1747273779.4943895,-2.828141570052088,-1.458909596668877,4.123210906982422
1747273779.5162163,-2.833369765693332,-1.4583286779127256,5.248785018920898
1747273779.5374312,-2.828021410920457,-1.4496581778287165,4.740715026855469
1747273779.5592494,-2.831653794417797,-1.4527435420568025,3.938913345336914
1747273779.5756276,-2.8342787332870167,-1.4545281284656557,4.333019256591797
1747273779.5935,-2.8294623018697083,-1.4542597286089565,3.931760787963867
1747273779.6104753,-2.8334046510640216,-1.4561270011447802,4.165410995483398
1747273779.6333637,-2.8421345211538656,-1.4617323031171405,3.8704872131347656
1747273779.6551921,-2.8320334501800564,-1.4555502854331748,5.573272705078125
1747273779.6732774,-2.830054746717717,-1.4560066089163772,3.8423538208007812
1747273779.6936269,-2.829511674085801,-1.4570747415217051,3.810882568359375
1747273779.7137494,-2.8334330918020263,-1.4640809844868397,3.9033889770507812
1747273779.734051,-2.8376704986422903,-1.4700672035874938,4.14729118347168
1747273779.7564602,-2.8451718241924047,-1.4780141458834364,6.728172302246094
1747273779.7737417,-2.8497909061185243,-1.481483387127762,3.8933753967285156
1747273779.7959769,-2.8563900512688645,-1.4877790066867227,5.667209625244141
1747273779.8170557,-2.858870217930745,-1.4882841473186164,5.835294723510742
1747273779.836152,-2.856242697981652,-1.4835077013086297,5.518674850463867
1747273779.8539162,-2.870748024224762,-1.4965200417066438,4.213809967041016
1747273779.8739758,-2.880962590879226,-1.5062344999663613,4.195928573608398
1747273779.8943996,-2.8918081007122223,-1.5145748814326194,3.933429718017578
1747273779.9093847,-2.8966331255274045,-1.5223053531410398,3.807544708251953
1747273779.9338512,-2.8991241902251397,-1.5268573656409885,4.231929779052734
1747273779.9572797,-2.9012280717032026,-1.532853500460705,7.3299407958984375
1747273779.976893,-2.8952398102966224,-1.5333112980300363,5.935192108154297
1747273779.9963841,-2.8907029853798365,-1.5309077689275497,5.445957183837891
1747273780.024123,-2.893671789914727,-1.5350687473735032,4.874467849731445
1747273780.0376372,-2.900102929229127,-1.5412368372794527,3.7994384765625
1747273780.049884,-2.9020674201091095,-1.5444555173563832,3.806591033935547
1747273780.075119,-2.9062033368991096,-1.5511784466566032,4.327535629272461
1747273780.0935893,-2.9088041637698363,-1.555214522435703,3.876924514770508
1747273780.1151009,-2.919766099799626,-1.5710190486244007,5.562782287597656
1747273780.1334577,-2.9351107094141384,-1.5802903625740456,3.813028335571289
1747273780.1535873,-2.9453489397790746,-1.5817723787162934,4.033327102661133
1747273780.1745713,-2.928288941279595,-1.5787052798842889,4.839420318603516
1747273780.1942143,-2.9243350151717946,-1.5789438000806282,4.69970703125
1747273780.214876,-2.9202426161966253,-1.5743433360094898,4.188776016235352
1747273780.2334034,-2.922133155440532,-1.573475560559592,3.9288997650146484
1747273780.2534306,-2.9229023808980035,-1.5732769404536058,3.772258758544922
1747273780.2704117,-2.9212577297353564,-1.5700801300850082,3.918170928955078
1747273780.2949755,-2.91947917150092,-1.5656078302798142,4.812479019165039
1747273780.3162985,-2.9123427956088634,-1.5635361243314645,4.53495979309082
1747273780.337139,-2.908996383915023,-1.56140733819091,4.724740982055664
1747273780.3538628,-2.910573989195782,-1.5625486854558386,3.8280487060546875
1747273780.3765628,-2.91251026900705,-1.5620834573462898,5.69915771484375
1747273780.3941922,-2.9143745547338646,-1.5645535577662897,3.8764476776123047
1747273780.4114392,-2.914702704104515,-1.561468261592154,3.838777542114258
1747273780.429311,-2.917811615057685,-1.5633277412535422,3.815889358520508
1747273780.4560041,-2.920652865177345,-1.5633798888045192,5.032777786254883
1747273780.4753435,-2.9261410200878855,-1.5672258258720504,5.081415176391602
1747273780.5006976,-2.9288433556833775,-1.5714829584941576,7.407665252685547
1747273780.5249708,-2.9329926962081254,-1.5743127731772109,5.11622428894043
1747273780.539201,-2.9331256955339846,-1.575426216662055,3.978252410888672
1747273780.555832,-2.9335936398759643,-1.5766221880721678,3.820657730102539
1747273780.5720155,-2.9332255813861225,-1.5778725102279518,6.189584732055664
1747273780.5885484,-2.936567425314044,-1.5818394360491739,3.7012100219726562
1747273780.616845,-2.9344374574551892,-1.5820970506048324,5.042076110839844
1747273780.6357348,-2.92805357973294,-1.5829042745302608,5.611181259155273
1747273780.6539037,-2.9230410414307038,-1.580864959375023,3.9453506469726562
1747273780.6754863,-2.9207861026924298,-1.5805390538859192,5.496978759765625
1747273780.6936083,-2.9264657810540955,-1.5822112373086115,3.9784908294677734
1747273780.7136605,-2.93350888829077,-1.5844111394463123,3.904104232788086
1747273780.7342849,-2.9326233697758357,-1.5815473107657132,4.092931747436523
1747273780.762585,-2.933177870723488,-1.5789740934003245,5.747079849243164
1747273780.777205,-2.9308104740022687,-1.574247617095803,5.088090896606445
1747273780.7959085,-2.9292598210065406,-1.5736669881813143,5.603790283203125
1747273780.8094165,-2.9241736465159187,-1.5672317795997028,3.7508010864257812
1747273780.8340256,-2.9251491224325763,-1.5714267767017165,4.118204116821289
1747273780.853357,-2.9259841330802807,-1.56970985696929,3.815889358520508
1747273780.8776677,-2.9300949160336955,-1.5706687597985514,7.617712020874023
1747273780.8962066,-2.923415682485561,-1.5709321636906215,5.717039108276367
1747273780.9156442,-2.91791240550455,-1.5689868884286813,5.9223175048828125
1747273780.9366438,-2.918006294406576,-1.571550903687499,5.795955657958984
1747273780.955289,-2.917477852633233,-1.569628964545436,4.021883010864258
1747273780.9687197,-2.928826064737433,-1.5735232776658123,3.757953643798828
1747273780.9969444,-2.931447170809512,-1.5707202262155011,5.255222320556641
1747273781.0196905,-2.9227667872151777,-1.5655661624437953,4.441499710083008
1747273781.0348399,-2.9267408024182457,-1.566589088793904,3.985881805419922
1747273781.0537724,-2.9262694166740064,-1.5654669177606997,3.7813186645507812
1747273781.0731525,-2.9235363038455113,-1.5635966754406658,3.6139488220214844
1747273781.0934572,-2.9213161780480355,-1.5649604102618753,3.8213729858398438
1747273781.1140282,-2.918909042181303,-1.5642906928267986,3.895282745361328
1747273781.133259,-2.91831627351966,-1.56646107494739,3.6783218383789062
1747273781.1572938,-2.915844459373116,-1.566042380562513,6.683349609375
1747273781.1721478,-2.9167781901757737,-1.568370503775391,3.732919692993164
1747273781.1886082,-2.9161673969572997,-1.566868437109481,3.946065902709961
1747273781.2152052,-2.912472732445586,-1.5679628312113705,4.02069091796875
1747273781.238936,-2.9135200965027064,-1.5683107288524765,6.662130355834961
1747273781.2537506,-2.9099839361358164,-1.567701879660684,3.833293914794922
1747273781.2738552,-2.90751306232303,-1.5642393103325714,4.16111946105957
1747273781.293753,-2.914840848430028,-1.5607232806459654,3.8847923278808594
1747273781.314501,-2.9217779846297116,-1.5602928042281745,4.273653030395508
1747273781.3372207,-2.9218246341099445,-1.5548269947881623,4.2572021484375
1747273781.3601577,-2.912302616714015,-1.5543742179462792,4.155874252319336
1747273781.377578,-2.9119793570520067,-1.5545760424350017,4.058361053466797
1747273781.392327,-2.9137379547513014,-1.5557914991446837,3.7980079650878906
1747273781.4162376,-2.912775972886969,-1.5581834685149214,5.524873733520508
1747273781.4385176,-2.91466853267768,-1.5570536804843322,5.4607391357421875
1747273781.4540012,-2.92264226253184,-1.56289467784118,4.050254821777344
1747273781.473927,-2.9312659968003554,-1.5695343581665675,4.250288009643555
1747273781.4934719,-2.9267593293150034,-1.5663109228032936,3.88336181640625
1747273781.5160592,-2.9291122951648036,-1.5662375236491302,5.149126052856445
1747273781.5362434,-2.932987880528309,-1.5700139461251046,6.339073181152344
1747273781.5537133,-2.930939758762607,-1.578275022313515,3.852367401123047
1747273781.5683765,-2.9279138341666977,-1.5795284675363137,3.642559051513672
1747273781.5888374,-2.9267979701877476,-1.5789546805251855,3.837108612060547
1747273781.6140382,-2.9246952635983567,-1.5752475156645505,4.173755645751953
1747273781.636248,-2.9217727143062824,-1.568189234735862,6.462335586547852
1747273781.654083,-2.91652170291899,-1.561520947825065,4.051923751831055
1747273781.6771688,-2.9125776364381,-1.56153339120873,6.579399108886719
1747273781.6977856,-2.914513617825576,-1.5599063672545856,5.263090133666992
1747273781.717573,-2.916189523881084,-1.5582223259523715,5.123615264892578
1747273781.7345319,-2.9196985009473324,-1.5572129299884256,4.655599594116211
1747273781.750419,-2.9087478083131573,-1.5543716069359512,3.820180892944336
1747273781.7759142,-2.9079898605947294,-1.555369336623268,5.071878433227539
1747273781.7931705,-2.906783042432482,-1.5550766571709063,4.89497184753418
1747273781.8142583,-2.9083367640732107,-1.5601918484966402,4.172563552856445
1747273781.833632,-2.9099494561546497,-1.5604888981912937,3.7848949432373047
1747273781.854143,-2.9123578125668614,-1.560930122409846,4.082679748535156
1747273781.8753135,-2.9193282003228123,-1.565089272983664,4.75311279296875
1747273781.8955905,-2.9211333733547344,-1.563767053445561,4.474401473999023
1747273781.909782,-2.9271834889777213,-1.5694922049307105,3.771066665649414
1747273781.9359143,-2.9334162092281226,-1.5662209349312537,5.326032638549805
1747273781.9542346,-2.9324555054346972,-1.5591064242714774,3.9649009704589844
1747273781.9734554,-2.93133540128971,-1.5561949430493722,3.7078857421875
1747273781.9945326,-2.9319269909817045,-1.5583448791887908,4.100799560546875
1747273782.0136988,-2.91780444460639,-1.5581293141595054,3.720521926879883
1747273782.0375354,-2.911956199853987,-1.5555757772286545,6.951570510864258
1747273782.0535243,-2.9095447637371006,-1.5547471538547515,3.888845443725586
1747273782.0735714,-2.913586205938715,-1.5533152613902539,3.7636756896972656
1747273782.0954812,-2.9151693318276855,-1.5504679498358638,4.126787185668945
1747273782.114723,-2.916574613141063,-1.54842543938042,4.005193710327148
1747273782.1347005,-2.919961301004642,-1.5568186952347243,3.950834274291992
1747273782.1572819,-2.9282610219431318,-1.5651356855579572,6.200075149536133
1747273782.1750622,-2.9352753618332543,-1.5720081610734553,4.577875137329102
1747273782.1948278,-2.932297474588544,-1.569806354658113,4.213571548461914
1747273782.217178,-2.9322793857201517,-1.5733342585813774,6.721019744873047
1747273782.2355843,-2.934242781187519,-1.57945638678977,5.340099334716797
1747273782.2560008,-2.9342527497235373,-1.5764643794027433,6.01959228515625
1747273782.2744606,-2.9279450056357006,-1.5786760691612316,4.572629928588867
1747273782.2969527,-2.923657607206196,-1.576307830888978,4.526376724243164
1747273782.3148415,-2.91883351219683,-1.5739072729187964,4.129171371459961
1747273782.3341646,-2.916300920001151,-1.5703663446441845,3.8955211639404297
1747273782.355841,-2.915140958391558,-1.5700934390764738,4.435539245605469
1747273782.3741868,-2.9162215736104877,-1.5702068404071163,3.9145946502685547
1747273782.39544,-2.919866072272331,-1.566025729338065,5.221366882324219
1747273782.4141898,-2.9185817497157207,-1.5626267994054932,3.947734832763672
1747273782.433722,-2.912798509426759,-1.55365219896107,3.770112991333008
1747273782.4537761,-2.9129671540423403,-1.5541011245117275,3.8712024688720703
1747273782.4735315,-2.90730014632201,-1.553200388202083,3.7927627563476562
1747273782.4969974,-2.9059523620207934,-1.5508256224781534,4.971981048583984
1747273782.5137603,-2.9064545917454963,-1.5500176187988848,3.7856101989746094
1747273782.5346596,-2.902216472824735,-1.548282972222694,4.8427581787109375
1747273782.5572557,-2.900063669513836,-1.54659669721094,5.37872314453125
1747273782.5720794,-2.9015160746841238,-1.5452862223261346,3.7200450897216797
1747273782.5891385,-2.9022512639451987,-1.543823763983139,3.827333450317383
1747273782.616035,-2.9059956218660474,-1.5439724557011814,4.3506622314453125
1747273782.6290753,-2.9038954127846712,-1.5425849870198163,3.587007522583008
1747273782.6561995,-3.867996935932025,-7.33128960923364,4.306554794311523
1747273782.6764145,-3.871516601026117,-7.343514458284367,5.877017974853516
1747273782.697469,-3.8815326319517562,-7.354731644067335,6.712198257446289
1747273782.7142365,-3.889685771713128,-7.375103401002723,4.036903381347656
1747273782.7342362,-3.892116654372933,-7.377409099428114,4.058361053466797
1747273782.7554996,-3.898550049350358,-7.383346658980358,4.978656768798828
1747273782.7755454,-3.9041061852503405,-7.3950624196464485,5.187034606933594
1747273782.793947,-3.91027882163652,-7.405024034152776,3.955364227294922
1747273782.8078198,-3.916638165714272,-7.423281721028846,2.903461456298828
1747273782.8334365,-3.913832012882253,-7.414500236837252,3.4220218658447266
1747273782.8543239,-3.918498846366279,-7.414651691696913,3.9713382720947266
1747273782.873278,-3.925670882944418,-7.412028459789072,3.3674240112304688
1747273782.893411,-3.9206535496726507,-7.411091849922626,3.4329891204833984
1747273782.913188,-3.9206294662247,-7.400972349606618,3.1850337982177734
1747273782.9325843,-3.92521893438691,-7.4069781987312115,2.6297569274902344
1747273782.9498973,-3.925314823168187,-7.400273268464285,4.5833587646484375
1747273782.9752796,-3.932863885703375,-7.399171911379873,4.965066909790039
1747273782.9945183,-3.9403691921097743,-7.415344662373636,3.4151077270507812
1747273783.0101705,-3.9362713474038795,-7.388047572474531,3.0062198638916016
1747273783.0335622,-3.9295575697065077,-7.394156263092082,3.353595733642578
1747273783.0558567,-3.9301419955606782,-7.397012001475695,4.07719612121582
1747273783.0753896,-3.9296096538218777,-7.3880946471280025,4.928350448608398
1747273783.0937285,-3.93549479761431,-7.4241126127884405,3.305196762084961
1747273783.117134,-3.9259172375613294,-7.428110110516357,5.67173957824707
1747273783.1317806,-3.927255790051264,-7.443732464118892,3.020763397216797
1747273783.1545556,-3.9352260505904817,-7.4399624954593655,6.389856338500977
1747273783.1761672,-3.9412576764107294,-7.436584124901814,5.753278732299805
1747273783.1961267,-3.94172188029131,-7.42590556825535,5.008220672607422
1747273783.3505795,-3.9405566235641687,-7.444803848303085,3.998994827270508
1747273783.3670974,-3.946658806865144,-7.431473508313178,3.0989646911621094
1747273783.380133,-3.953390020432615,-7.454357521278578,2.7680397033691406
1747273783.3925223,-3.9544210483463322,-7.435382909155725,2.568483352661133
1747273783.4142315,-3.9483640070606603,-7.4274942521093665,4.155158996582031
1747273783.435516,-3.936565657107944,-7.41271009556597,5.01561164855957
1747273783.4550898,-3.9302187672695434,-7.405877846801651,5.101442337036133
1747273783.4799342,-3.928584209070111,-7.389376110845664,2.844095230102539
1747273783.4968135,-3.933369744632718,-7.4061721749932365,5.725860595703125
1747273783.517109,-3.9355926239812984,-7.411339740120343,5.304813385009766
1747273783.5346973,-3.93105177424986,-7.3961581496758635,4.426717758178711
1747273783.5480666,-3.9231051367587524,-7.3892660982077185,2.755403518676758
1747273783.574595,-3.915734777424778,-7.383045476550994,4.407167434692383
1747273783.595217,-3.912237906133315,-7.39039431351589,5.013942718505859
1747273783.6176028,-3.9053593436852774,-7.400428075720277,6.74891471862793
1747273783.636475,-3.89589503955654,-7.390245572665683,5.304574966430664
1747273783.6579926,-3.893025304175521,-7.382221349699435,7.404088973999023
1747273783.6768606,-3.886040835058801,-7.351229848569408,5.321264266967773
1747273783.6977625,-3.8865064650657333,-7.355599356968863,7.201194763183594
1747273783.7183788,-3.8959313601133374,-7.371980984655079,6.076812744140625
1747273783.7352688,-3.8919227818747077,-7.3569736531295735,5.107879638671875
1747273783.7554796,-3.8948965371897457,-7.353843552501938,4.983425140380859
1747273783.7747023,-3.8945993425294905,-7.349849586706329,4.368305206298828
1747273783.7884023,-3.891606636257126,-7.338334021675018,2.606630325317383
1747273783.816482,-3.8939381714803187,-7.327499286879994,4.975080490112305
1747273783.8357344,-3.9008268747803214,-7.32827573865553,4.979610443115234
1747273783.856153,-3.9088388715560503,-7.339072238741116,5.503177642822266
1747273783.876375,-3.9081027807106143,-7.334769557409849,4.823446273803711
1747273783.8926473,-3.902586526122238,-7.339689864104959,2.6106834411621094
1747273783.9146147,-3.9009791704930454,-7.3375433274750685,3.281116485595703
1747273783.933007,-3.912473141169238,-7.344277542202932,2.933979034423828
1747273783.9481022,-3.916521946365874,-7.345731319496313,2.8085708618164062
1747273783.968644,-3.915000617182999,-7.3276889188114005,2.810239791870117
1747273783.9962745,-3.915234352403936,-7.321296616325182,5.747079849243164
1747273784.017616,-3.917964331375881,-7.338971654884719,6.0634613037109375
1747273784.0377939,-3.9144134921319496,-7.335292560550443,6.310224533081055
1747273784.0552568,-3.9200109349612844,-7.351911121880099,4.674673080444336
1747273784.0703442,-3.9196479064434233,-7.321815752390253,2.8047561645507812
1747273784.0965927,-3.9262482243310606,-7.339355397818242,4.962444305419922
1747273784.114818,-3.9270561629037597,-7.334732797401925,4.487276077270508
1747273784.1364853,-3.930096342453785,-7.350045755512819,5.928993225097656
1747273784.1565604,-3.9207890171477504,-7.362010050095488,5.955219268798828
1747273784.176759,-3.9262854567026246,-7.375035991097745,5.482673645019531
1747273784.1973934,-3.9365301995512354,-7.383264924575208,6.707906723022461
1747273784.2165039,-3.924662111836899,-7.36461363063951,5.871295928955078
1747273784.2369664,-3.9326448001261323,-7.376391942718664,5.54656982421875
1747273784.2491233,-3.92125790175438,-7.368683703740757,2.9320716857910156
1747273784.2736018,-3.916974611695029,-7.359784478714702,3.2613277435302734
1747273784.2936735,-3.927246645811202,-7.351555978717739,3.3941268920898438
1747273784.3135872,-3.9196188583820155,-7.349332415130086,3.336191177368164
1747273784.332707,-3.9221949280420514,-7.3581601317488765,2.7468204498291016
1747273784.3551548,-3.934791414849264,-7.380886842582064,4.809856414794922
1747273784.372657,-3.932118251342763,-7.391573011096326,2.694368362426758
1747273784.3959203,-3.931919576072754,-7.403625338611339,4.4956207275390625
1747273784.4162138,-3.9413467522927705,-7.427245997859564,5.592584609985352
1747273784.4358935,-3.943494911145748,-7.429896041504861,5.1517486572265625
1747273784.4558542,-3.938800329825401,-7.421438862465398,5.250692367553711
1747273784.4760573,-3.9340398166251336,-7.408277984218451,4.809141159057617
1747273784.494331,-3.9287236561110497,-7.4015299568706086,3.948211669921875
1747273784.5128896,-3.923173470936338,-7.384595771653484,2.8302669525146484
1747273784.5331035,-3.9219964718748206,-7.3909727328355626,2.9900074005126953
1747273784.555685,-3.929232589367012,-7.387947826556158,4.823446273803711
1747273784.5779254,-3.936443802772954,-7.3985858473247506,7.483720779418945
1747273784.597419,-3.9379168741770867,-7.411752105470083,5.072355270385742
1747273784.6155474,-3.9379056098736953,-7.428179070575071,4.724264144897461
1747273784.6352336,-3.938169591477184,-7.398807370718114,4.602193832397461
1747273784.657513,-3.936382551471138,-7.396324207605311,6.177663803100586
1747273784.677025,-3.932995364991306,-7.389177256093484,5.656003952026367
1747273784.6899896,-3.9368412387718195,-7.41168057873416,3.2181739807128906
1747273784.7136118,-3.9365239262645497,-7.421045039486724,2.990245819091797
1747273784.7359245,-3.939675778334305,-7.417016384406489,5.079984664916992
1747273784.7529695,-3.9402728831229172,-7.42965875464792,2.8285980224609375
1747273784.7749698,-3.9363456925287434,-7.431973634056448,4.597187042236328
1747273784.7928383,-3.934709517688473,-7.442380651295886,2.7511119842529297
1747273784.8127205,-3.9363306394222515,-7.446977772254977,2.7103424072265625
1747273784.8359578,-3.9421319436912823,-7.442414073614264,5.661964416503906
1747273784.854178,-3.9408338800931304,-7.436583752541238,3.86810302734375
1747273784.876556,-3.940801862630821,-7.420712620238678,5.896568298339844
1747273784.897977,-3.945816682303643,-7.438583890792232,7.134675979614258
1747273784.9216056,-3.9573355917317494,-7.462665504052555,5.340814590454102
1747273784.9446056,-3.9511933882300903,-7.4652252971043565,4.481792449951172
1747273784.9587994,-3.95415346248775,-7.446218095385023,2.7544498443603516
1747273784.9706209,-3.953465220263627,-7.424138130571009,2.7618408203125
1747273784.9970536,-3.9512889996285647,-7.415839302611022,6.166219711303711
1747273785.0100143,-3.9511081014210534,-7.439984401114234,2.816438674926758
1747273785.0334988,-3.9537109278004854,-7.457283976390144,2.838134765625
1747273785.0550745,-3.950321725652197,-7.433353448414898,4.544258117675781
1747273785.0698438,-3.947133339449514,-7.435419803029588,2.7256011962890625
1747273785.0949383,-3.956036244186047,-7.425213449214621,4.413366317749023
1747273785.1127968,-3.9659264503447913,-7.425730720530175,5.0373077392578125
1747273785.1329527,-3.972690199120556,-7.415685828907853,2.7904510498046875
1747273785.1562269,-3.9873735372311314,-7.419093293671554,5.963325500488281
1747273785.1756153,-3.9810833361644913,-7.413575860754671,5.12385368347168
1747273785.1903489,-3.9855695356592116,-7.396936424333706,2.711057662963867
1747273785.2175767,-3.9904297309982755,-7.388385661903716,7.0343017578125
1747273785.2300258,-3.9840068292492,-7.375202927025974,2.696990966796875
1747273785.2549276,-3.9870470652338765,-7.3724033035362995,4.556894302368164
1747273785.2758777,-3.9980925160112544,-7.383521454300699,4.398584365844727
1747273785.2931707,-4.006518439059102,-7.3817161684286585,2.990245819091797
1747273785.3133419,-4.02521351372909,-7.374941839335535,3.0112266540527344
1747273785.3324206,-4.027924773360205,-7.35594492637363,2.9153823852539062
1747273785.3580816,-4.029055533518817,-7.333205673932495,7.611513137817383
1747273785.3801446,-4.041727050866039,-7.320665626706189,8.026599884033203
1747273785.3937213,-4.0545680906934445,-7.320521432602458,3.2570362091064453
1747273785.4104304,-4.056141179156922,-7.296056598442274,2.9561519622802734
1747273785.4357033,-4.073133889685157,-7.301538420646527,5.083322525024414
1747273785.4571028,-4.09438555465242,-7.307073093129488,6.257772445678711
1747273785.484769,-4.120612220697181,-7.30592650115962,5.038261413574219
1747273785.5053267,-4.12770849197608,-7.314053534844068,5.318403244018555
1747273785.5250275,-4.143982990349655,-7.346565588881198,4.914283752441406
1747273785.5375822,-4.161333028305273,-7.348000480352508,2.935171127319336
1747273785.5533538,-4.189130128527511,-7.37277185991674,2.869129180908203
1747273785.5712388,-4.197375160009121,-7.356437413369517,4.627704620361328
1747273785.5960786,-4.230606537974691,-7.335451797498684,4.824638366699219
1747273785.6147852,-4.2465399349146,-7.31885347104382,4.236698150634766
1747273785.6353276,-4.2521665876856565,-7.310097375001033,5.00035285949707
1747273785.6575782,-4.266252701932346,-7.290067308393231,6.253719329833984
1747273785.6756065,-4.288653123762548,-7.307201580010998,5.570888519287109
1747273785.6933932,-4.312469100716855,-7.300576265114668,2.8536319732666016
1747273785.7130427,-4.326423989368966,-7.284167289885941,2.7620792388916016
1747273785.7332652,-4.352013369438592,-7.268152977718796,3.0074119567871094
1747273785.7531085,-4.374981991145342,-7.2897495102106316,2.9044151306152344
1747273785.7792406,-4.398324108048863,-7.283904174486057,5.419731140136719
1747273785.7965243,-4.408567210643023,-7.285207806684606,5.827903747558594
1747273785.8158166,-4.443740002428554,-7.288884301196334,5.2947998046875
1747273785.834514,-4.46156692678498,-7.334348556108957,3.9191246032714844
1747273785.8528547,-4.467788750596934,-7.315942259199985,2.669095993041992
1747273785.8738832,-4.4642690983892415,-7.307925341889386,3.4894943237304688
1747273785.890875,-4.486744028778489,-7.3347093920523845,4.603862762451172
1747273785.9127545,-4.490526804974197,-7.334236147778444,4.457950592041016
1747273785.9369934,-4.497927765815559,-7.316005961241693,6.042957305908203
1747273785.9552553,-4.494393627785207,-7.298158262337677,5.663871765136719
1747273785.976838,-4.497115460940516,-7.277987723558937,4.543781280517578
1747273785.9932609,-4.497459923369789,-7.254618986639819,2.8803348541259766
1747273786.0139327,-4.524997177848702,-7.28674583712313,2.8319358825683594
1747273786.0331624,-4.539193654274783,-7.28634764406012,2.7875900268554688
1747273786.0552049,-4.555303006108612,-7.296673161123943,4.942893981933594
1747273786.0730603,-4.567549503198834,-7.268083670152216,2.742767333984375
1747273786.094804,-4.569552732288094,-7.253632995322262,4.023313522338867
1747273786.1147535,-4.574939385047346,-7.188465479410781,4.509210586547852
1747273786.1327097,-4.575632640352598,-7.169400146907907,2.696514129638672
1747273786.1531103,-4.58012319791613,-7.142856530086804,2.7379989624023438
1747273786.172985,-4.609416155946956,-7.212518774389752,2.6702880859375
1747273786.1920536,-4.605427617318563,-7.193850638992538,4.44340705871582
1747273786.2133045,-4.616763845333359,-7.192159931371248,2.959728240966797
1747273786.2404761,-4.592727252708017,-7.144239660091437,4.490375518798828
1747273786.2613323,-4.5978354665335175,-7.1078059886068,4.261255264282227
1747273786.2821743,-4.602261585916576,-7.084816134341585,2.869129180908203
1747273786.3025136,-4.623325265273746,-7.1255360162847055,3.213167190551758
1747273786.316219,-4.632715571316671,-7.149773261205146,4.25267219543457
1747273786.3330355,-4.6436042412445495,-7.146289136436339,2.7031898498535156
1747273786.3571296,-4.654679518565367,-7.122601930053148,5.771398544311523
1747273786.3742647,-4.644533426120792,-7.145199610766261,3.9768218994140625
1747273786.3956468,-4.656234614398134,-7.202069279280981,3.996610641479492
1747273786.4177964,-4.653238187708871,-7.2290457021985794,5.602598190307617
1747273786.4446802,-4.652000016365224,-7.251487591360619,6.247282028198242
1747273786.4657462,-4.622267907133036,-7.1756741724564135,5.206108093261719
1747273786.4929967,-4.62226665542751,-7.173173733318619,6.401538848876953
1747273786.5095558,-4.643518418101434,-7.188282474699423,3.175020217895508
1747273786.5218818,-4.645971738967104,-7.230284634652351,2.6960372924804688
1747273786.5353472,-4.664469247089055,-7.2524051671758745,4.440546035766602
1747273786.555268,-4.665030573770445,-7.240018711047343,4.601716995239258
1747273786.5768373,-4.667284562569523,-7.290327164017554,4.396200180053711
1747273786.5942667,-4.6666031906326,-7.289853798468469,3.682851791381836
1747273786.617045,-4.689000226761459,-7.346153591441623,5.397796630859375
1747273786.637677,-4.690815855591728,-7.352913944153802,6.447315216064453
1747273786.6530554,-4.688195618687045,-7.37997244085938,2.7844905853271484
1747273786.673389,-4.674612126527331,-7.370633462597005,2.7840137481689453
1747273786.6956868,-4.682189610364679,-7.430218081738292,5.1136016845703125
1747273786.713158,-4.673766084391257,-7.374088130301144,2.73895263671875
1747273786.7361262,-4.663188848016728,-7.363037131651125,4.951715469360352
1747273786.7594414,-4.662946550189068,-7.400604275639988,7.934093475341797
1747273786.7815084,-4.681464785321326,-7.458261182505078,7.063627243041992
1747273786.8109298,-4.6666073055509685,-7.422348158768645,5.220651626586914
1747273786.8281403,-4.667427528015662,-7.414366211946341,3.3326148986816406
1747273786.841647,-4.658404075130063,-7.388023528042687,3.0372142791748047
1747273786.853815,-4.657004673160166,-7.403324608605564,2.908945083618164
1747273786.8708017,-4.646947803540334,-7.406412092572885,3.929615020751953
1747273786.8963826,-4.637797426485407,-7.425173833897458,4.587411880493164
1747273786.9157233,-4.624666320575288,-7.42528712125845,4.5299530029296875
1747273786.9335806,-4.619428748849025,-7.408459861276303,2.7892589569091797
1747273786.9536734,-4.610920994849249,-7.400780576310818,2.7306079864501953
1747273786.9766548,-4.613948594498199,-7.42337470095247,5.106687545776367
1747273786.9934285,-4.624785368229333,-7.478206246661904,2.850770950317383
1747273787.012313,-4.607079323046729,-7.476942893491991,2.713918685913086
1747273787.0295053,-4.592290151172969,-7.463444753549074,3.0450820922851562
1747273787.0565248,-4.600096094997123,-7.4915367564277275,4.423379898071289
1747273787.0776248,-4.601299204399138,-7.454703841769892,3.5943984985351562
1747273787.0975378,-4.608303111613862,-7.470161931066345,5.350351333618164
1747273787.1149435,-4.581202173496591,-7.45114925102387,4.131078720092773
1747273787.1331246,-4.559467289084184,-7.411633967020047,2.7256011962890625
1747273787.1533058,-4.546441233411119,-7.43000193292883,2.7701854705810547
1747273787.1742492,-4.541711695201895,-7.444958105233756,3.3311843872070312
1747273787.1979172,-4.536743306020841,-7.483736300339744,6.625175476074219
1747273787.2126117,-4.52802649403501,-7.5009922328147445,4.483222961425781
1747273787.2352517,-4.522958559677527,-7.481167722183989,5.51605224609375
1747273787.255914,-4.516890844409246,-7.477640341742504,4.42194938659668
1747273787.270516,-4.526761016562269,-7.537689675675609,2.779245376586914
1747273787.2940912,-4.5200781526516955,-7.532264356983466,3.1957626342773438
1747273787.309639,-4.515929916696646,-7.516183227950137,2.9954910278320312
1747273787.334287,-4.514395580299903,-7.5446881373205645,2.912282943725586
1747273787.357777,-4.503104031286707,-7.538012432420432,5.578756332397461
1747273787.380023,-4.495544553927897,-7.545957777155906,5.885124206542969
1747273787.3973901,-4.48449371814615,-7.569930592886817,3.627300262451172
1747273787.4303129,-4.486460002099301,-7.5721735988733165,9.501934051513672
1747273787.4515555,-4.492045453613169,-7.59924068987617,5.757570266723633
1747273787.4710786,-4.494508746762466,-7.641906015283392,2.805471420288086
1747273787.4870954,-4.492944397777653,-7.666644343531087,2.6543140411376953
1747273787.5012417,-4.513698031783365,-7.6497920025746176,4.259824752807617
1747273787.5143583,-4.519329339774022,-7.6545236036980935,3.3736228942871094
1747273787.5292957,-4.503357754676661,-7.67319991362043,2.8715133666992188
1747273787.556295,-4.502830533362187,-7.676695120837295,5.317211151123047
1747273787.5767944,-4.494678227007929,-7.693322472788492,4.366159439086914
1747273787.5934544,-4.515733334358583,-7.675001290396465,2.7213096618652344
1747273787.6162653,-4.514348564797138,-7.695090234397378,4.891395568847656
1747273787.6379383,-4.498322335891628,-7.690205127761557,4.836320877075195
1747273787.6554973,-4.526792388011183,-7.653600799052716,4.912137985229492
1747273787.6793127,-4.525496381209009,-7.6282454504201835,8.198976516723633
1747273787.6985123,-4.523458787276748,-7.610447488324661,7.30586051940918
1747273787.7164614,-4.537572581652894,-7.66488345280207,5.555629730224609
1747273787.7301402,-4.56007576720621,-7.688312850204629,2.7341842651367188
1747273787.7558162,-4.5856723149405685,-7.704427427423439,4.967689514160156
1747273787.7733214,-4.569229259507744,-7.708499512530254,2.897024154663086
1747273787.795576,-4.562914553661299,-7.6739462707656205,4.855871200561523
1747273787.8147452,-4.578141241100684,-7.638173415765766,4.027605056762695
1747273787.836053,-4.56930751770006,-7.624851166223573,4.845142364501953
1747273787.8600595,-4.555252059950036,-7.602839175004841,5.651235580444336
1747273787.8871186,-4.537448014725394,-7.585775664605845,3.3130645751953125
1747273787.9146202,-4.5280967354602355,-7.567627136802985,4.998922348022461
1747273787.9303637,-4.547368152178186,-7.538973622859021,4.578113555908203
1747273787.9448297,-4.534268491959027,-7.504145527228127,2.9952526092529297
1747273787.9580333,-4.537420270185013,-7.487888569820967,3.0744075775146484
1747273787.9738684,-4.551846589140538,-7.485292940545325,3.075122833251953
1747273787.994252,-4.56049036198791,-7.493655696775683,3.334522247314453
1747273788.0154896,-4.5331510165624564,-7.482066481012923,4.822969436645508
1747273788.0348532,-4.503422815651379,-7.467543225244352,2.970457077026367
1747273788.0534775,-4.486846080698222,-7.451314331797561,2.8450489044189453
1747273788.0740037,-4.496443958242748,-7.46196433389937,3.2117366790771484
1747273788.0961833,-4.50754046204997,-7.50272645266351,4.920244216918945
1747273788.117159,-4.511960780470352,-7.505715775194783,4.9896240234375
1747273788.1343925,-4.513160403292855,-7.4909999912398995,2.887248992919922
1747273788.1539755,-4.5012341592623795,-7.493162077628824,2.8586387634277344
1747273788.1744158,-4.514401110980262,-7.504971149325507,3.1328201293945312
1747273788.1995416,-4.534455330580447,-7.500587614699019,7.201910018920898
1747273788.3522305,-4.564280293243834,-7.467426243721981,4.606723785400391
1747273788.3791187,-4.558505282084598,-7.474922480971679,6.657123565673828
1747273788.3980246,-4.5470912721158605,-7.4398776621743385,7.041215896606445
1747273788.43034,-4.534421365255549,-7.418655209033169,4.2934417724609375
1747273788.4464955,-4.553338642091929,-7.418998179990993,4.629850387573242
1747273788.4596324,-4.561437140215261,-7.410755301090083,3.010272979736328
1747273788.476073,-4.539688951232312,-7.309478071257799,4.560232162475586
1747273788.4936996,-4.5687519321215095,-7.293260300168558,2.885580062866211
1747273788.513898,-4.56780186356768,-7.282361136881058,3.3135414123535156
1747273788.5337288,-4.577231821542058,-7.25188542047247,2.9294490814208984
1747273788.556032,-4.561044021633632,-7.220106966252158,5.428791046142578
1747273788.5752733,-4.576565789319495,-7.233206020040371,4.512548446655273
1747273788.5945814,-4.565810919479944,-7.235532645380393,3.7763118743896484
1747273788.6162417,-4.583926990138415,-7.265234987974577,5.164384841918945
1747273788.6370149,-4.617971368680268,-7.282833048707933,6.096363067626953
1747273788.6524923,-4.608764604432954,-7.194667706640381,2.908945083618164
1747273788.6752126,-4.589460827802783,-7.170177127492891,4.279375076293945
1747273788.69764,-4.596123664577777,-7.128742897679536,4.389524459838867
1747273788.7165797,-4.569040871780658,-7.105442949253961,4.967212677001953
1747273788.729714,-4.5772286518126055,-7.095588353452049,2.796649932861328
1747273788.7557623,-4.5612049715946705,-7.096415901810687,4.7931671142578125
1747273788.7763739,-4.600947439721016,-7.099424984846509,4.855632781982422
1747273788.7931871,-4.66418702496434,-7.098040909588055,3.1888484954833984
1747273788.8170977,-4.762007575769474,-7.116840229077467,4.867315292358398
1747273788.8376923,-4.81958478958068,-7.1131144486118805,6.186246871948242
1747273788.8576086,-4.8268421360987785,-7.079055359866621,5.410909652709961
1747273788.8792205,-4.8545173338836936,-7.065637943106606,6.177186965942383
1747273788.8987446,-4.846061611098417,-7.015310632485544,5.854368209838867
1747273788.916671,-4.859750965166793,-6.960715135235851,5.526542663574219
1747273788.9308283,-4.872813804099981,-6.961790825453568,2.729654312133789
1747273788.9561825,-4.88585997164235,-6.903429543157048,4.735708236694336
1747273788.969292,-4.9036627338694645,-6.897008847188854,3.2172203063964844
1747273788.9937901,-4.859637475715385,-6.898116718189832,2.711772918701172
1747273789.016343,-4.879521202383771,-6.845444057370706,4.681110382080078
1747273789.0368602,-4.846140165514188,-6.8157366539084565,5.557537078857422
1747273789.0538487,-4.874271811747169,-6.754297346719169,2.913236618041992
1747273789.0771523,-4.867906094648874,-6.741974527241743,5.028486251831055
1747273789.0999913,-4.86291879348797,-6.71450476691052,3.4198760986328125
1747273789.1198685,-4.874599943223452,-6.746072533485205,4.649639129638672
1747273789.137089,-4.904234895892099,-6.7100284888427355,5.908489227294922
1747273789.1579814,-4.927232423688072,-6.66130941829921,6.839990615844727
1747273789.181339,-4.928716060657327,-6.637005309861353,4.666566848754883
1747273789.1986127,-4.936802689432201,-6.629407945538198,3.309011459350586
1747273789.2195597,-4.966731294647328,-6.644220548834308,3.0584335327148438
1747273789.2316134,-4.984873923294506,-6.604401709168441,2.780914306640625
1747273789.2495072,-5.004674646361021,-6.565656429276216,3.2346248626708984
1747273789.2747746,-5.051794849965306,-6.563966834438584,3.099679946899414
1747273789.290307,-5.04523299045862,-6.561870802780155,2.8100013732910156
1747273789.3117929,-5.113098619814826,-6.569173868433823,4.438638687133789
1747273789.3345175,-5.139813138029352,-6.4984070431148595,4.098176956176758
1747273789.352057,-5.14306392799151,-6.470209640906046,3.1821727752685547
1747273789.371309,-5.178764254806912,-6.433424085037922,2.955198287963867
1747273789.3896067,-5.1230824713272165,-6.475749240681951,3.017902374267578
1747273789.4094796,-5.078843075657336,-6.49971548884701,2.902984619140625
1747273789.4297671,-5.088536003252337,-6.462524896407275,2.895355224609375
1747273789.4542725,-5.0788278273106044,-6.4733594952948055,2.7458667755126953
1747273789.4728808,-5.107528713767801,-6.4256100931307225,4.9896240234375
1747273789.495606,-5.1137044379442855,-6.376940519066269,4.320383071899414
1747273789.5160592,-5.148099261550264,-6.343852394094806,5.073070526123047
1747273789.534976,-5.139822022601854,-6.32629281306435,4.045248031616211
1747273789.5557597,-5.1121995378133285,-6.355135266445542,4.840850830078125
1747273789.5740874,-5.1795722721260145,-6.297359220607663,2.9249191284179688
1747273789.5954342,-5.267097996641279,-6.292341533627277,4.191398620605469
1747273789.6182926,-5.344726478845311,-6.272337721597068,6.905794143676758
1747273789.6358101,-5.313999188809957,-6.220612755387965,3.352642059326172
1747273789.656547,-5.292888987192756,-6.241687737082065,5.050420761108398
1747273789.6774118,-5.2789059958639015,-6.18489903784163,6.434917449951172
1747273789.6918743,-5.333252249046533,-6.161953417650794,2.7887821197509766
1747273789.7093632,-5.338406650597638,-6.08446831243251,2.8519630432128906
1747273789.7351818,-5.312789676791441,-6.081555538618158,4.0130615234375
1747273789.7582092,-5.362478135274858,-6.0463600081292865,7.053613662719727
1747273789.780645,-5.404526797604017,-5.996068344551034,2.866506576538086
1747273789.798159,-5.4704096373127,-5.901990177694882,5.468130111694336
1747273789.8214264,-5.431465685532637,-5.900201056181724,3.3783912658691406
1747273789.845488,-5.366010861030104,-5.899410029023164,4.874229431152344
1747273789.8640187,-5.384562998006048,-5.8403871787014605,4.001617431640625
1747273789.883379,-5.347987250577386,-5.843372905139368,3.1228065490722656
1747273789.901611,-5.311322975479393,-5.8610653483715724,2.9938220977783203
1747273789.914899,-5.3350172709295425,-5.764878924065417,3.378152847290039
1747273789.9288015,-5.395941991903301,-5.7213901183355755,2.687215805053711
1747273789.9571443,-5.466273644101454,-5.717156258669614,5.059480667114258
1747273789.9781501,-5.4032516822899375,-5.738194702291214,2.8438568115234375
1747273789.9904082,-5.39702650079045,-5.735542676661143,2.774953842163086
1747273790.0089357,-5.381050095767308,-5.6980481311413085,2.846240997314453
1747273790.0321991,-5.378376704971771,-5.683557832203748,4.036188125610352
1747273790.0491972,-5.276133116119373,-5.751824714810926,2.863645553588867
1747273790.079889,-5.193703426066592,-5.703344382297046,8.489847183227539
1747273790.0952215,-5.239308358926256,-5.599679224619042,4.481077194213867
1747273790.1169646,-5.230066962302559,-5.613842836498513,5.368947982788086
1747273790.1393473,-5.2390818024805945,-5.600274441368059,3.124713897705078
1747273790.1617792,-5.2982828505276505,-5.594323496954192,3.421306610107422
1747273790.1773584,-5.256156813715754,-5.6207837799823235,4.53948974609375
1747273790.195594,-5.253937192754446,-5.585209222835023,4.288673400878906
1747273790.2157974,-5.311757036539478,-5.510565097267746,4.806280136108398
1747273790.2393794,-5.296340273270702,-5.511567811585478,6.787300109863281
1747273790.2575147,-5.339341681485989,-5.464269819823562,5.390644073486328
1747273790.2776265,-5.365813165574038,-5.518707166822997,6.263494491577148
1747273790.2980418,-5.428719917427065,-5.4521192947511,5.547285079956055
1747273790.3178983,-5.495817135016491,-5.421799586251563,5.671977996826172
1747273790.339638,-5.552015612039421,-5.3974167708655765,6.460905075073242
1747273790.3656712,-5.610857175521261,-5.322353341780755,3.599882125854492
1747273790.38244,-5.649791833819488,-5.2652128533603735,2.892017364501953
1747273790.396531,-5.746288167640332,-5.197956752867868,2.9799938201904297
1747273790.417305,-5.751203087426134,-5.176773142378882,5.243062973022461
1747273790.4399633,-5.766818179928865,-5.163077640210762,2.828836441040039
1747273790.4556923,-5.813064493301872,-5.128428707670646,4.456043243408203
1747273790.4696338,-5.858498092477959,-5.112335047306317,2.821683883666992
1747273790.4889832,-5.866267544461611,-5.098098294417444,2.7997493743896484
1747273790.516015,-5.866023985139558,-5.082541617715152,4.857540130615234
1747273790.5361,-5.789922497786002,-5.094997645146679,4.831075668334961
1747273790.5582137,-5.775985853605579,-5.100304894468182,4.961967468261719
1747273790.578454,-5.787428276963916,-5.05908704493921,5.223512649536133
1747273790.5922954,-5.842441732715755,-5.046049455976454,2.7680397033691406
1747273790.6105576,-5.836782275424727,-5.026156704862411,2.780437469482422
1747273790.6291454,-5.867126514817251,-4.9983976225769275,2.8002262115478516
1747273790.657463,-5.817733509759829,-4.979762487916235,3.9451122283935547
1747273790.6778724,-5.832001204697902,-4.959829340568209,3.6249160766601562
1747273790.6915188,-5.829960457762955,-4.941353921848272,2.8238296508789062
1747273790.7122498,-5.820567161530449,-4.9223775010225355,3.3485889434814453
1747273790.7299705,-5.814528515608126,-4.91551952516336,2.874612808227539
1747273790.7582183,-5.8486625381895045,-4.847067254473624,4.98652458190918
1747273790.773052,-5.888295766096702,-4.831055877315765,2.8192996978759766
1747273790.7899306,-5.838172273803054,-4.835458922602171,2.727031707763672
1747273790.8090303,-5.835290344447965,-4.818809628547954,2.784252166748047
1747273790.8353684,-5.866483165098201,-4.772324240122802,4.245519638061523
1747273790.8589203,-5.85226296703264,-4.774202290944861,5.4473876953125
1747273790.8745897,-5.8214222199579,-4.7647561416394195,5.166053771972656
1747273790.8954985,-5.82373373739707,-4.7316039863533925,4.133462905883789
1747273790.9117746,-5.8661026844452655,-4.749503071339976,3.074169158935547
1747273790.9370399,-6.000287969443303,-4.729977633684484,5.684375762939453
1747273790.961088,-5.973295326345251,-4.682931809661168,3.5741329193115234
1747273790.982275,-5.982462646536168,-4.671123230117592,4.361629486083984
1747273791.000497,-5.9715751522226705,-4.659990367184619,2.949953079223633
1747273791.022741,-5.951175697757651,-4.598383000877291,2.9222965240478516
1747273791.0378437,-5.937765835005443,-4.598797498452655,4.543304443359375
1747273791.0501308,-5.945269585901098,-4.591350330288964,2.8798580169677734
1747273791.082272,-5.941859315559742,-4.610828805091974,9.122848510742188
1747273791.1005814,-5.91142560766003,-4.606117775333936,2.921581268310547
1747273791.115521,-5.908174662438374,-4.537556048910848,3.709554672241211
1747273791.134418,-5.991897931267686,-4.524427426900942,2.7620792388916016
1747273791.1568172,-5.9737211016763005,-4.495070185706399,4.063606262207031
1747273791.1790874,-5.899047904815559,-4.520590998549134,7.066488265991211
1747273791.2028348,-5.911859272269123,-4.45587794538138,9.38725471496582
1747273791.2336173,-5.924861403010343,-4.397809980621133,4.523515701293945
1747273791.2569213,-5.843003343270107,-4.3915245237285765,5.719900131225586
1747273791.2765357,-5.858344270982094,-4.326556382901213,3.1518936157226562
1747273791.294406,-5.980429045778075,-4.337856235853304,2.915620803833008
1747273791.310588,-6.055467489898031,-4.290358203666169,4.177331924438477
1747273791.3346477,-6.055679107280203,-4.266110465667008,2.9687881469726562
1747273791.3543599,-5.964177811404036,-4.288679878715102,2.778768539428711
1747273791.3688881,-5.9013579593664245,-4.241010633330372,2.7065277099609375
1747273791.3946161,-5.930074393810095,-4.204170093929957,2.8450489044189453
1747273791.414079,-5.893830063918669,-4.165648382626147,2.671480178833008
1747273791.4337869,-5.820590234403653,-4.121390526625651,3.849029541015625
1747273791.4494145,-5.778563509627298,-4.104816338684745,2.7892589569091797
1747273791.4776514,-5.727309308859588,-4.0776505366504034,5.312919616699219
1747273791.4977534,-5.689343771873205,-4.099270610421367,6.448507308959961
1747273791.5177288,-5.600135896487557,-4.122832961732693,5.818605422973633
1747273791.5392873,-5.5896401508606735,-4.128510762910339,5.651235580444336
1747273791.5557382,-5.555373221097516,-4.158729459831063,3.2062530517578125
1747273791.5741663,-5.555254334996923,-4.203872124770641,2.671480178833008
1747273791.5954478,-5.593436396330739,-4.2225812019129,4.155874252319336
1747273791.6167922,-5.60243265735881,-4.2405486445418425,4.650115966796875
1747273791.6402388,-5.5746202173552115,-4.2090245314847685,9.535074234008789
1747273791.6579692,-5.6429104220557775,-4.204816136137361,5.9185028076171875
1747273791.6779792,-5.66260802387858,-4.208120640418032,6.298542022705078
1747273791.7044501,-5.7032451206543175,-4.194976370660486,6.002664566040039
1747273791.7255495,-5.75356899812345,-4.199967576899406,4.299640655517578
1747273791.7442954,-5.802330618375704,-4.182371724949432,3.074169158935547
1747273791.761212,-5.828083549862426,-4.147719961997992,2.8679370880126953
1747273791.7774768,-5.854055842309684,-4.090247534665517,4.780292510986328
1747273791.7960868,-5.8456871174912735,-4.138731690782588,4.673242568969727
1747273791.81654,-5.81138064346449,-4.18750323007409,4.422903060913086
1747273791.8367846,-5.802305125615788,-4.213623423939017,5.038738250732422
1747273791.855534,-5.799038844183548,-4.204683772707539,4.056215286254883
1747273791.8768523,-5.730463294909196,-4.207411048217443,4.912376403808594
1747273791.8956432,-5.835951084971106,-4.155164049046452,3.2041072845458984
1747273791.9174476,-5.987486252643359,-4.045406628272398,5.624294281005859
1747273791.9381454,-6.031554915356287,-3.996913127048717,5.776405334472656
1747273791.95725,-6.067023063618729,-4.023339088271157,5.61213493347168
1747273791.976559,-6.112186209969522,-4.020787363648025,4.66156005859375
1747273791.9978254,-6.155638962438105,-3.992538827445427,4.439592361450195
1747273792.0183606,-6.082998597935538,-3.970055809933547,5.898237228393555
1747273792.0403955,-6.11322769033488,-3.9496422908988555,2.944469451904297
1747273792.057324,-6.0618288596457415,-3.971574974532817,3.3795833587646484
1747273792.0756867,-6.07774232336569,-3.986231489910709,4.197597503662109
1747273792.0970805,-6.11396128271172,-3.9763669141540565,4.920482635498047
1747273792.1216345,-6.015337769167945,-3.9990628269141673,3.6101341247558594
1747273792.1374772,-5.9816184865271325,-3.984189404360312,3.3736228942871094
1747273792.1541305,-5.900971742719455,-3.9381464990728756,3.5817623138427734
1747273792.169967,-5.851912562180799,-3.9182829014889773,2.791881561279297
1747273792.1980782,-5.8897288510325625,-3.93694805812072,4.390239715576172
1747273792.220888,-5.870391803265302,-3.935322296852176,3.687143325805664
1747273792.2476647,-5.838980647786694,-3.936778826374599,3.7775039672851562
1747273792.2681963,-5.791502942590333,-3.955155137007712,3.999471664428711
1747273792.2815964,-5.734056581631956,-3.978433209610398,2.7272701263427734
1747273792.2976117,-5.762111645364325,-3.945932512703682,4.59742546081543
1747273792.311536,-5.764270052257943,-3.9371673090731916,2.867460250854492
1747273792.3307676,-5.768267135664949,-3.8634359766502087,2.752065658569336
1747273792.357916,-5.794560445014445,-3.8952759022647254,5.860805511474609
1747273792.3762782,-5.872639746901827,-3.866826066093425,4.822015762329102
1747273792.39608,-5.874527380215235,-3.8372104092552153,4.429817199707031
1747273792.4101913,-5.918163655925858,-3.7880592398706,2.752542495727539
1747273792.4363036,-5.948550003310629,-3.767450533812392,4.472494125366211
1747273792.4542952,-5.9690967024252615,-3.77572352426969,2.7070045471191406
1747273792.4743514,-6.004114167658881,-3.740311177963533,2.7070045471191406
1747273792.4947343,-6.005117415252611,-3.734283207267702,2.892732620239258
1747273792.5166008,-6.016099068732099,-3.711132873530184,5.077362060546875
1747273792.5343692,-6.002867690322921,-3.7057068151674484,3.0188560485839844
1747273792.5541496,-5.948461678191536,-3.6891280324974334,2.7577877044677734
1747273792.5772204,-5.961789613543973,-3.698984549848897,4.63557243347168
1747273792.5971932,-5.956580146081104,-3.7009174494117363,5.789279937744141
1747273792.6214345,-5.946826209552823,-3.6888619812502,8.412837982177734
1747273792.65195,-5.898351458253731,-3.6904080771678656,3.8077831268310547
1747273792.6669831,-5.869953951741041,-3.7124572634559407,2.750873565673828
1747273792.6828773,-5.841980895353716,-3.717485562644756,2.7904510498046875
1747273792.6974359,-5.9222433368795775,-3.734816885032329,4.49061393737793
1747273792.7104669,-5.961124099775689,-3.6982896343834946,2.780914306640625
1747273792.7345195,-5.994519141040921,-3.706703509653852,3.097057342529297
1747273792.7539556,-6.040882011551008,-3.691196546062408,2.7725696563720703
1747273792.7756066,-6.060585496022479,-3.6823769919797797,3.1800270080566406
1747273792.7940667,-6.09707145425177,-3.7111304534443055,2.6922225952148438
1747273792.8143883,-6.14592026370187,-3.7114792097008786,2.955913543701172
1747273792.8345,-6.14905622411126,-3.6987076637040683,2.6831626892089844
1747273792.8545523,-6.15610248793887,-3.697161718450437,2.776622772216797
1747273792.873568,-6.248794129688143,-3.687115620808539,5.602836608886719
1747273792.8974843,-6.240880408993402,-3.7028829222997692,4.688739776611328
1747273792.918547,-6.297783420414952,-3.7033981884296563,6.609916687011719
1747273792.9374688,-6.295620794093351,-3.726086869959757,5.2661895751953125
1747273792.954885,-6.263550168028726,-3.716119838170049,2.7697086334228516
1747273792.9775987,-6.303881573916608,-3.7109371154013626,5.510807037353516
1747273792.9958942,-6.254130884731814,-3.726976047047547,3.841876983642578
1747273793.0147638,-6.295685153627233,-3.7009873300983873,2.8908252716064453
1747273793.0396621,-6.288885932854121,-3.682594388672205,6.47282600402832
1747273793.0578222,-6.3069578019579495,-3.6819610618564718,5.425453186035156
1747273793.0822349,-6.3558586717424745,-3.701881948261284,3.0117034912109375
1747273793.1007206,-6.392018111735743,-3.671834542584478,2.8836727142333984
1747273793.120772,-6.435084595176421,-3.690205854179774,2.902984619140625
1747273793.1446059,-6.459922523121858,-3.6911189641899633,4.706382751464844
1747273793.1616483,-6.488445824198244,-3.685381742825112,3.1418800354003906
1747273793.1812716,-6.505298625782734,-3.677901653518893,2.8655529022216797
1747273793.194318,-6.450726237188737,-3.7092650222905443,2.6488304138183594
1747273793.2145195,-6.3830224057876395,-3.7126816816992037,2.627134323120117
1747273793.2359648,-6.3567698732775115,-3.708472112443405,3.3578872680664062
1747273793.2542143,-6.37161217971289,-3.726900310865259,2.7794837951660156
1747273793.2741861,-6.356174319482274,-3.7306378520610757,2.718210220336914
1747273793.294181,-6.294625774206859,-3.7298604231665227,2.6772022247314453
1747273793.3148541,-6.333256046844966,-3.7215886603508674,2.8672218322753906
1747273793.3346107,-6.30505781190629,-3.7045203826410953,2.8154850006103516
1747273793.3494635,-6.338814859358934,-3.6944230869621606,2.843618392944336
1747273793.3771935,-6.355154431048452,-3.667575625826404,5.199670791625977
1747273793.4041057,-6.31966527589943,-3.6836246240880053,3.3762454986572266
1747273793.420989,-6.354742975982327,-3.6746268511840636,2.9401779174804688
1747273793.4409943,-6.3555620238489245,-3.6647154273137414,2.8977394104003906
1747273793.45851,-6.2602352809814805,-3.6698755008105133,2.8672218322753906
1747273793.4743326,-6.255444916267373,-3.660104898281431,2.679109573364258
1747273793.4941897,-6.23019560719138,-3.667434748247981,2.6862621307373047
1747273793.5153577,-6.1896923796130086,-3.669141477832627,3.1821727752685547
1747273793.5373032,-6.23095107050458,-3.6776456873625007,3.7567615509033203
1747273793.5578983,-6.2204907800312395,-3.683269003609871,5.043268203735352
1747273793.5777004,-6.20093128565833,-3.688851877251851,4.801511764526367
1747273793.5991416,-6.095055004048862,-3.6903549966903832,5.775690078735352
1747273793.6179278,-6.095262533480198,-3.6965873701473284,4.912376403808594
1747273793.6405118,-6.111565103284964,-3.672229289006865,3.1299591064453125
1747273793.654522,-6.117456523660158,-3.667674743015292,2.735614776611328
1747273793.6746087,-6.04095098393753,-3.6576985085931057,2.968311309814453
1747273793.6946142,-6.052808691436579,-3.6805816974691203,2.9144287109375
1747273793.7141697,-6.066120911992959,-3.6816784848259485,2.658367156982422
1747273793.7365537,-6.0807262287855846,-3.6812285110832765,3.7577152252197266
1747273793.7543538,-6.133782771300941,-3.6870099955559765,2.873659133911133
1747273793.774043,-6.150907826257459,-3.6921938162530714,2.6056766510009766
1747273793.7940843,-6.229804695529192,-3.659455969782499,2.7904510498046875
1747273793.8142145,-6.177958606055514,-3.648740059978538,2.683877944946289
1747273793.8331096,-6.105349515506123,-3.645898816955438,3.6058425903320312
1747273793.8551085,-6.134888700156477,-3.6438043320095197,3.3292770385742188
1747273793.87477,-6.199649244384372,-3.6533224216964664,2.8984546661376953
1747273793.8974278,-6.195471723190895,-3.659327810766546,4.668951034545898
1747273793.9154453,-6.192552207112309,-3.658248119476123,3.5254955291748047
1747273793.935167,-6.219038775149156,-3.6583655237478614,3.270387649536133
1747273793.9557898,-6.308347512036846,-3.649761320883089,3.4017562866210938
1747273793.9752617,-6.215019535511287,-3.636219539539687,3.307819366455078
1747273793.995491,-6.1685061778947965,-3.6324936836627173,3.7374496459960938
1747273794.016348,-6.106659216088229,-3.6124167665926312,3.7806034088134766
1747273794.0398366,-6.071600004964043,-3.601446791073189,5.690336227416992
1747273794.056458,-6.007280627506021,-3.6131063654681084,3.6308765411376953
1747273794.0777595,-6.020588768627827,-3.595277057334749,4.734277725219727
1747273794.0973387,-5.980197523354317,-3.5892480221404917,3.848552703857422
1747273794.1143441,-6.029736455360198,-3.5754153126644903,2.8417110443115234
1747273794.138163,-6.0207326067635565,-3.5815002569804553,6.434202194213867
1747273794.1542473,-5.903787903682534,-3.5743612608219912,2.6307106018066406
1747273794.174222,-5.939028446281782,-3.5818465194573226,2.6497840881347656
1747273794.1942236,-5.933598628189135,-3.5753439408936263,2.7189254760742188
1747273794.2148602,-5.980735412765483,-3.5739208452203624,3.0984878540039062
1747273794.2344432,-5.916855832325233,-3.5514572374337523,2.790689468383789
1747273794.2493875,-5.938464884115667,-3.548547738202893,2.7916431427001953
1747273794.2743485,-5.88308004119128,-3.535931430271022,2.722501754760742
1747273794.2952006,-5.873151151777018,-3.529441081981708,3.376483917236328
1747273794.316464,-5.849236892268611,-3.516430251660032,3.6830902099609375
1747273794.3394017,-5.825663594557464,-3.51944359089587,7.147789001464844
1747273794.359984,-5.782882058591516,-3.509427206338173,4.053354263305664
1747273794.3797455,-5.826298486577382,-3.5068673710412623,5.717277526855469
1747273794.3987696,-5.825373138144186,-3.4910102557890075,6.048917770385742
1747273794.4112546,-5.840174236320703,-3.495434317519574,3.3485889434814453
1747273794.4303365,-5.861113626966771,-3.514057019344476,3.077268600463867
1747273794.452418,-5.913762246568428,-3.5285845972200303,4.323720932006836
1747273794.478297,-5.878468681606333,-3.532127131588718,5.365610122680664
1747273794.501497,-5.889253642321672,-3.539987774121183,4.146575927734375
1747273794.5220673,-5.952027283818962,-3.5463111799260165,3.7860870361328125
1747273794.543304,-5.912900318078558,-3.5318592068190253,7.189512252807617
1747273794.5629175,-5.978371502232174,-3.5339689998758383,3.3659934997558594
1747273794.5805514,-5.945888447652057,-3.5368522628069616,2.679109573364258
1747273794.59657,-5.943167004596046,-3.538489966460868,3.968954086303711
1747273794.6142352,-5.971657915129492,-3.552172152847431,2.6352405548095703
1747273794.6347868,-6.0073443794052395,-3.552835076372254,2.7060508728027344
1747273794.654233,-6.057802169951029,-3.557996638487929,2.655029296875
1747273794.6760561,-6.010395304995192,-3.5607115886701313,3.6649703979492188
1747273794.6978855,-6.055156614858754,-3.565878953725051,5.265235900878906
1747273794.7143455,-6.033254413521869,-3.5753436928776865,2.670764923095703
1747273794.729211,-5.969585187392054,-3.583887810132546,2.6705265045166016
1747273794.7543504,-5.919069869927099,-3.5729577107491957,2.692699432373047
1747273794.7830665,-5.889128481950574,-3.5839447272391447,3.0541419982910156
1747273794.7998497,-5.913665446711794,-3.5731985742597585,5.696535110473633
1747273794.816611,-5.895787559372779,-3.5637419572367515,4.616260528564453
1747273794.8377767,-5.837527770384524,-3.556372837201207,5.553483963012695
1747273794.8549383,-5.857748588780614,-3.5525914224701585,2.833843231201172
1747273794.874804,-5.825275699343689,-3.5509494807652104,2.8104782104492188
1747273794.9007049,-5.833343285345235,-3.556743007998848,6.886959075927734
1747273794.9186494,-5.859209546575567,-3.5627061689472823,4.838466644287109
1747273794.9333591,-5.842121586457408,-3.5604596689330226,3.438234329223633
1747273794.9578035,-5.863072977940489,-3.574290289055129,5.283117294311523
1747273794.9730687,-5.855107072112002,-3.5722991416747076,2.8014183044433594
1747273794.9996865,-5.822439770699688,-3.5653595802463185,7.597923278808594
1747273795.0178037,-5.7961446972479695,-3.5559033717098725,5.152702331542969
1747273795.0388815,-5.822644422238997,-3.5565847931795007,4.762887954711914
1747273795.0546877,-5.890864945854141,-3.5619416030029285,2.7573108673095703
1747273795.074363,-5.917110613592981,-3.5500819677253097,2.7399063110351562
1747273795.0965016,-5.882330292727602,-3.544547931072055,4.609823226928711
1747273795.1167996,-5.863536998098011,-3.5357980123929353,5.120515823364258
1747273795.1377046,-5.85611301132504,-3.5228048154903155,4.6901702880859375
1747273795.1543827,-5.896223208553408,-3.5309691946147006,2.686738967895508
1747273795.175076,-5.8718410489140815,-3.5338285044720092,3.3273696899414062
1747273795.194365,-5.806824889349241,-3.5198979456986015,2.645254135131836
1747273795.2104907,-5.85253851153895,-3.5184869159038237,2.7556419372558594
1747273795.2347014,-5.8892595541480945,-3.5311545735736103,2.7170181274414062
1747273795.250095,-5.893777707619013,-3.535158371783099,3.1044483184814453
1747273795.2791822,-5.873375208194152,-3.5495918116099094,6.808996200561523
1747273795.2992556,-5.871404444364061,-3.5579433053150096,6.816625595092773
1747273795.3169386,-5.848454359734167,-3.569405626218174,3.627777099609375
1747273795.336401,-5.9214594401681335,-3.5902147278422296,4.370927810668945
1747273795.3558981,-5.927093208984438,-3.599203554466444,3.775358200073242
1747273795.3713925,-5.870393266484088,-3.594423920384843,2.735137939453125
1747273795.398884,-5.853442944981303,-3.585057839818448,5.787134170532227
1747273795.420734,-5.875433195368122,-3.5727761540613363,3.5011768341064453
1747273795.4422247,-5.867371455125423,-3.573719013738097,4.014730453491211
1747273795.4601402,-5.90151033652265,-3.5733542316884725,7.619380950927734
1747273795.4791987,-5.963086635530855,-3.591215947338537,5.971431732177734
1747273795.4983296,-5.948607306065351,-3.5887571976461126,6.03795051574707
1747273795.5184095,-6.013946018532929,-3.585028280305606,4.227638244628906
1747273795.535223,-5.964165806081414,-3.5875209038253772,3.2503604888916016
1747273795.5494468,-5.986533393494174,-3.603374896780492,2.6793479919433594
1747273795.5695448,-5.943547933004128,-3.608427085555216,2.9087066650390625
1747273795.5945876,-5.977001591841428,-3.631528548533138,2.755403518676758
1747273795.6179047,-5.959424983010742,-3.6184176907933967,5.352258682250977
1747273795.6371882,-6.050163882481914,-3.641878005609824,4.477739334106445
1747273795.6551998,-6.098535562067269,-3.641696800927504,2.975940704345703
1747273795.676043,-6.100796248652695,-3.6410158943764497,4.27699089050293
1747273795.6944435,-6.091855351857575,-3.6359985733868636,2.6662349700927734
1747273795.7217884,-5.968415876471631,-3.6202558133495293,4.543066024780273
1747273795.7382145,-5.991933830094239,-3.6052659324395484,4.972219467163086
1747273795.75712,-6.0261281173823615,-3.6183287677842255,3.875255584716797
1747273795.7792695,-5.930344188273633,-3.5992638101409464,4.332304000854492
1747273795.7970824,-5.942990276966484,-3.5952803781678484,4.459619522094727
1747273795.8175716,-5.897513188891814,-3.5866577273415703,5.780458450317383
1747273795.8372838,-5.856255091977275,-3.576728302583989,5.190134048461914
1747273795.8576822,-5.831863762404958,-3.5848910434841934,4.442691802978516
1747273795.8751128,-5.811826084514747,-3.579639429636257,3.2317638397216797
1747273795.8955514,-5.847534426870849,-3.5787556520222394,3.286123275756836
1747273795.90999,-5.890900425093586,-3.5801477487906848,2.8967857360839844
1747273795.9421384,0.6138581928054113,-1.4289763518413239,6.701469421386719
1747273795.9574087,0.6223896960076756,-1.4113919150917131,3.612041473388672
1747273795.9763718,0.6723536285016568,-1.4086605972564152,4.07099723815918
1747273795.9960113,0.7045667685696757,-1.4023602072474504,3.875732421875
1747273796.0157301,0.7912236037525081,-1.4020551438235156,3.9224624633789062
1747273796.03599,0.8235864918830427,-1.3964219445752577,3.890514373779297
1747273796.055541,0.8334513058977052,-1.389466231962225,3.5500526428222656
1747273796.0771542,0.8451282873573157,-1.3858685896650726,4.514455795288086
1747273796.0918608,0.8522107460998576,-1.3849872596553439,3.4699440002441406
1747273796.2484472,0.8854329431797748,-1.385136143279272,6.031513214111328
1747273796.2704983,0.912544726711045,-1.3936454066515547,4.350423812866211
1747273796.2823844,0.9253784463798711,-1.3959073825689534,3.7000179290771484
1747273796.2954416,0.9319186430635645,-1.3998054244876534,3.5140514373779297
1747273796.3203077,0.9357828392816919,-1.4042197076293708,5.739688873291016
1747273796.3396204,0.9456911617849086,-1.4042913522345204,4.938840866088867
1747273796.355844,0.9600987243214331,-1.4023522724306678,3.991842269897461
1747273796.376354,0.9612538000768177,-1.4023511598020983,4.065036773681641
1747273796.3973005,0.9653890065085783,-1.399930235338669,4.372119903564453
1747273796.418506,0.9670519200304069,-1.3983139872325812,4.580974578857422
1747273796.4395115,0.9882057401420322,-1.4011538039574953,5.443572998046875
1747273796.4582858,0.997976598842396,-1.4022213537999788,5.209445953369141
1747273796.4745288,0.9988945764845759,-1.4003101744139481,3.8590431213378906
1747273796.4965825,1.0032356563396856,-1.3989787335665271,4.231452941894531
1747273796.515592,0.9962761347568115,-1.4009047649109545,3.7078857421875
1747273796.536739,1.0030044331805594,-1.3992519593087567,4.454135894775391
1747273796.5560105,1.001628270604716,-1.4008063665824104,4.150152206420898
1747273796.577402,1.0120440750467201,-1.3982732158936924,4.865169525146484
1747273796.5954142,1.0154775697400882,-1.3976742316802246,3.5169124603271484
1747273796.6163216,1.0126078012887925,-1.4012174524976886,4.107475280761719
1747273796.6380272,1.0131037875443463,-1.4026955099920222,5.308866500854492
1747273796.6583881,1.0076025922804923,-1.4008380181742568,4.511833190917969
1747273796.6738887,1.0024051152277953,-1.4000313299390155,5.87773323059082
1747273796.6968458,0.9975484528638923,-1.3976725623853032,4.412412643432617
1747273796.7109654,0.9909127920777826,-1.398503147766982,4.042148590087891
1747273796.7319376,0.9782938443697076,-1.3986725040825791,3.8137435913085938
1747273796.7594395,0.9696342119515785,-1.3973815146287987,5.377531051635742
1747273796.7783818,0.9734028620767119,-1.394385600227598,5.9757232666015625
1747273796.7959702,0.9655887729658412,-1.3935124262243188,3.612041473388672
1747273796.8158395,0.9692771194796442,-1.3927821520354904,3.6787986755371094
1747273796.8363185,0.9632996333158049,-1.3910328388576791,3.683805465698242
1747273796.8562064,0.9845642223493032,-1.396573516993804,3.76129150390625
1747273796.8765543,1.0051426060325754,-1.3994672217683932,3.9958953857421875
1747273796.891229,1.0124268318608913,-1.4007075178273907,3.5674571990966797
1747273796.9160573,1.007140656044298,-1.3965645676053002,3.562450408935547
1747273796.93591,1.0068443025989318,-1.3962039946986309,3.689289093017578
1747273796.9556723,1.0048380845831846,-1.396693271834846,3.4627914428710938
1747273796.9761178,1.0094680751364828,-1.3945950122508368,3.567218780517578
1747273796.9956112,1.0113480994260524,-1.3943788379339181,3.5424232482910156
1747273797.0103571,1.012806238416773,-1.394534103752558,3.4983158111572266
1747273797.0313158,1.0189974741618861,-1.3972577931558263,3.7734508514404297
1747273797.0558443,1.023101000253362,-1.3954318990144887,3.7293434143066406
1747273797.0765033,1.0245212179733842,-1.3964569633127322,4.482269287109375
1747273797.0974364,1.0229243571321154,-1.3943581270265748,4.456758499145508
1747273797.115578,1.0308235748542762,-1.4002091307202482,3.580808639526367
1747273797.1365068,1.0321512596651916,-1.404867127414827,3.8552284240722656
1747273797.1525576,1.0331009439090115,-1.4063750661139869,3.7467479705810547
1747273797.175793,1.0272134774984847,-1.4058128446151075,3.822803497314453
1747273797.1957374,1.0211774221810304,-1.403114801526846,3.834247589111328
1747273797.2165055,1.0206873898167226,-1.4054546535929275,3.7713050842285156
1747273797.238705,1.0144230575156568,-1.406506625393999,5.604028701782227
1747273797.2580004,0.99013425011078,-1.4058598369389552,5.349397659301758
1747273797.2776387,0.9676557818721321,-1.402327907457862,4.464864730834961
1747273797.2915266,0.9500108935954452,-1.3999696444441432,3.6635398864746094
1747273797.317891,0.9416520341357866,-1.399061525345951,3.9594173431396484
1747273797.3368495,0.9380154679172711,-1.397757569614705,3.927946090698242
1747273797.3578694,0.9468065857865618,-1.3969274714782693,5.345582962036133
1747273797.378319,0.9651199636503003,-1.3988222940496742,4.857540130615234
1747273797.3958557,0.9873422767879984,-1.3983697402471702,3.5867691040039062
1747273797.4159412,0.9977209491355873,-1.398960114676295,3.7071704864501953
1747273797.4363377,1.0051433301051858,-1.4010828001548021,3.657102584838867
1747273797.4556792,0.9943830831962259,-1.3974823843445143,3.716707229614258
1747273797.4757888,0.9911659878398468,-1.3963510692827963,3.7899017333984375
1747273797.4956405,0.9961163458852136,-1.3963577679658177,3.6940574645996094
1747273797.5162992,0.9906312789399265,-1.397400789582964,3.9513111114501953
1747273797.5403962,0.9865105583880504,-1.3965070723489341,6.239414215087891
1747273797.562408,0.9767186150042834,-1.3955987739410274,3.7865638732910156
1747273797.5792847,0.9727462829155163,-1.3955491715191446,5.105018615722656
1747273797.5988712,0.9688683662777374,-1.3953484668905511,5.71131706237793
1747273797.615681,0.9607216859122234,-1.394236184351963,3.6225318908691406
1747273797.6384733,0.9577500414244436,-1.3952758004474208,4.889726638793945
1747273797.6558125,0.9474757235785617,-1.3978768477109527,3.859281539916992
1747273797.6758983,0.9471311799403794,-1.3988880847406036,3.6039352416992188
1747273797.698379,0.9482061751746873,-1.3964638403006346,5.362987518310547
1747273797.7183104,0.950336131444134,-1.3970938807730438,5.332231521606445
1747273797.7400856,0.958085723651849,-1.3982685071898424,7.022619247436523
1747273797.7618055,0.9786992597830936,-1.3983373927347618,3.7565231323242188
1747273797.7778554,0.9909843359602332,-1.4007307804739741,3.9429664611816406
1747273797.7939897,0.9865341224099211,-1.3997251231679986,3.7810802459716797
1747273797.8112605,0.9901497782934081,-1.4001979513645126,3.5686492919921875
1747273797.836041,0.9968914761794135,-1.398618081313094,3.751993179321289
1747273797.855946,0.9999906985605859,-1.3977557293570686,3.5648345947265625
1747273797.8777735,1.0084578364794476,-1.398063776847163,5.462884902954102
1747273797.896339,0.9980971536003368,-1.3961130280896117,4.057407379150391
1747273797.9159224,0.9935882914705932,-1.3962491630095353,3.7958621978759766
1747273797.9358304,0.9875469898990645,-1.3952537944590646,3.527402877807617
1747273797.9542034,0.9954522280976773,-1.397078713559043,3.6153793334960938
1747273797.976587,1.0057831821481191,-1.397289302954978,4.110097885131836
1747273798.0012145,1.0226495228195718,-1.398444707374334,6.564617156982422
1747273798.0187278,1.02420543650991,-1.3987204126117614,4.314899444580078
1747273798.0370038,1.0222939803690403,-1.4008459119328383,4.2572021484375
1747273798.0589793,1.015255669344799,-1.3986344636137067,5.905866622924805
1747273798.0778732,1.0042441839457732,-1.3988207925994207,5.695343017578125
1747273798.0966058,0.9975479039995229,-1.3981265523348236,4.29224967956543
1747273798.1207695,0.993240203084519,-1.3981092226659353,3.893613815307617
1747273798.1388717,0.9879950113815186,-1.3982836124505484,5.899906158447266
1747273798.1591322,0.9790897738721693,-1.3973612770815604,4.728078842163086
1747273798.1790893,0.972871997841537,-1.3974823885911094,5.3768157958984375
1747273798.1982496,0.9701214465080333,-1.3968457888147214,4.35328483581543
1747273798.2189813,0.9595465943101057,-1.3954666235064397,5.833864212036133
1747273798.2384279,0.9612210822323575,-1.3948817017259678,5.073308944702148
1747273798.2610228,0.96003411414886,-1.3956424246636163,3.568887710571289
1747273798.2789195,0.9507076418172237,-1.3946858963167035,5.241155624389648
1747273798.2968912,0.9531010975870438,-1.3930764394030581,4.017114639282227
1747273798.3107624,0.9493426605406589,-1.3900449380017492,3.6089420318603516
1747273798.336732,0.9495893602674684,-1.390615560788897,3.832578659057617
1747273798.357319,0.9399625061741134,-1.3888745781663798,3.6153793334960938
1747273798.376961,0.934722087384637,-1.389203639990229,3.751039505004883
1747273798.395725,0.9244649368141332,-1.391263615372955,3.5839080810546875
1747273798.4157712,0.9146591390903399,-1.3929959546776942,3.5715103149414062
1747273798.4356556,0.9147752454537529,-1.3952853208152107,3.5233497619628906
1747273798.458303,0.9175402518417661,-1.392514509370812,3.7851333618164062
1747273798.4759152,0.9206293266904987,-1.3918457806210713,3.6177635192871094
1747273798.4972806,0.9306439796759565,-1.392722161514034,4.427909851074219
1747273798.5172784,0.931641970495077,-1.394983799259093,4.805803298950195
1747273798.5392516,0.9219703972492428,-1.3938863204499556,5.443811416625977
1747273798.5627174,0.9192997761020352,-1.394875394586156,3.6296844482421875
1747273798.5769079,0.9151725937377804,-1.3944721640376316,3.927469253540039
1747273798.5957737,0.9163375790857826,-1.3948745506858289,3.6203861236572266
1747273798.6139014,0.9225556311928821,-1.39459663303421,5.001544952392578
1747273798.6398385,0.92486592886735,-1.3955926264583813,6.379842758178711
1747273798.6622243,0.9292682150630133,-1.3929133929865107,4.035711288452148
1747273798.681238,0.9334143034262586,-1.393508524615209,3.9997100830078125
1747273798.7005322,0.9373767435532658,-1.3926992385061217,5.625009536743164
1747273798.7233715,0.940267347912362,-1.3946518782274837,3.612041473388672
1747273798.7407677,0.941178621615549,-1.394459953236792,3.6802291870117188
1747273798.7621725,0.9365849893354744,-1.395248329848943,5.587577819824219
1747273798.7857356,0.9438268751202721,-1.398234954750124,5.174875259399414
1747273798.8004332,0.9432342752563588,-1.3985906775731638,3.428220748901367
1747273798.8142943,0.9523539243258754,-1.4002096099895582,3.6323070526123047
1747273798.831164,0.9503137116550499,-1.4024360053524785,3.6118030548095703
1747273798.857448,0.9618221034384186,-1.4040920207124628,4.908561706542969
1747273798.8810167,0.9589468368694716,-1.4020421147100741,3.7462711334228516
1747273798.9013734,0.9576769979453044,-1.399210034091449,5.597352981567383
1747273798.9244406,0.9671914490816884,-1.397504966986624,4.616022109985352
1747273798.9368775,0.9736648356593878,-1.399624802566507,3.612041473388672
1747273798.9643703,0.9772828549956543,-1.4006696109493153,3.9739608764648438
1747273798.981818,0.9806408320931199,-1.4017549760966344,3.8154125213623047
1747273798.9971952,0.9792518732505554,-1.4029668079868294,4.642963409423828
1747273799.018991,0.9811633907021909,-1.4034935368028012,6.374597549438477
1747273799.0365832,0.9904661780255222,-1.4025670043307636,3.844738006591797
1747273799.056038,0.9922614700871089,-1.4008494101789986,3.5331249237060547
1747273799.0763056,0.9868147972981629,-1.4006875054142107,3.6721229553222656
1747273799.0993261,0.9867889603460853,-1.4008842101361108,6.277322769165039
1747273799.1172774,0.9803625797012334,-1.4034326584975059,4.384279251098633
1747273799.137046,0.9796421870757663,-1.4042467719934972,3.751516342163086
1747273799.1560168,0.9860169661630068,-1.4059847699197117,3.5593509674072266
1747273799.1781235,1.0018489530491426,-1.4028922774370212,5.348443984985352
1747273799.1940258,1.0029459110777585,-1.3974959433892506,4.6100616455078125
1747273799.2179875,1.0089315655371727,-1.3988458204542724,3.7741661071777344
1747273799.2380548,1.007201594605017,-1.4014154391294045,3.7620067596435547
1747273799.2560549,0.9909803616478781,-1.4012293390400263,3.700733184814453
1747273799.279139,0.9849990342679898,-1.4006220779501906,5.486488342285156
1747273799.2985938,0.9977032782746497,-1.401995193373611,4.108190536499023
1747273799.3173158,1.0036855255740582,-1.4037492474510775,3.9975643157958984
1747273799.3360865,1.0165500445293785,-1.4059113095132394,3.603696823120117
1747273799.358198,1.0196019271890684,-1.4060134351877605,5.339622497558594
1747273799.3767488,1.0186105567646189,-1.40539804048127,4.273653030395508
1747273799.3983898,1.0088601163764415,-1.4056244515307634,5.735158920288086
1747273799.4239373,1.0035603930884063,-1.40460043442274,5.012750625610352
1747273799.4425852,1.00096403508458,-1.4040650657050975,3.7512779235839844
1747273799.4616692,1.0020736743852148,-1.4031279704980406,4.535675048828125
1747273799.4744172,1.0018764312900625,-1.4018709575804071,3.533601760864258
1747273799.4959645,1.000265826150023,-1.4005693581507899,3.51715087890625
1747273799.511157,0.9898886964267266,-1.4002212918341046,3.4766197204589844
1747273799.5369737,0.9708866159413886,-1.3988045044350375,4.213571548461914
1747273799.5570202,0.93762361958774,-1.395825130509265,4.332542419433594
1747273799.5767896,0.936930179822068,-1.4001209535308141,4.230737686157227
1747273799.5968359,0.937479392879586,-1.4001268908983147,4.404544830322266
1747273799.6185915,0.9459595226327524,-1.4039547853171246,6.136417388916016
1747273799.6416466,0.961200689460453,-1.4045021052863844,4.189968109130859
1747273799.660295,0.9767170040726527,-1.4037744389252933,5.612373352050781
1747273799.678307,0.9737443742955728,-1.401476081396331,5.303621292114258
1747273799.6967084,0.9717085752929391,-1.4008154727135511,4.117012023925781
1747273799.7185853,0.9656563650339547,-1.3996054770777677,6.277799606323242
1747273799.7358625,0.9626042628604097,-1.396559111411003,3.476858139038086
1747273799.7558396,0.968169352222063,-1.3979406842048168,3.5626888275146484
1747273799.7768216,0.9754389864358238,-1.3999711520178146,4.684209823608398
1747273799.79616,0.9799899089212654,-1.3998921071142583,3.5080909729003906
1747273799.816082,0.976039206220411,-1.39858495573879,3.5636425018310547
1747273799.836092,0.974184461891135,-1.4030824594867464,3.4782886505126953
1747273799.8569047,0.9766768550733946,-1.404692559582483,4.4231414794921875
1747273799.8797977,0.9788967122194073,-1.4072988740690378,6.410121917724609
1747273799.8968487,0.9706685575359772,-1.405727012643014,4.084587097167969
1747273799.91694,0.9709292594095666,-1.40181044026321,4.299640655517578
1747273799.931863,0.9677637098889952,-1.4019682216153726,3.7217140197753906
1747273799.9576192,0.962826447989285,-1.4069698990704411,5.087375640869141
1747273799.9772577,0.9643435058071183,-1.4099085301091054,4.846811294555664
1747273799.9985986,0.9701271084747217,-1.4138815954484911,6.121635437011719
1747273800.0197396,0.9798129627605957,-1.404429163525188,5.881071090698242
1747273800.0371988,0.9881998661300262,-1.401211836723946,4.4307708740234375
1747273800.0592873,0.9860956076262147,-1.399739027598364,6.25300407409668
1747273800.0780687,0.9864785135850357,-1.3995351589006588,5.268573760986328
1747273800.0975716,0.9794368477447871,-1.4009700429154304,4.802227020263672
1747273800.119358,0.9892106909389166,-1.4035613699562943,6.187677383422852
1747273800.1379087,0.9846957717519486,-1.4021727634159586,5.459070205688477
1747273800.1562667,0.9944426269630617,-1.4053953412173716,3.7250518798828125
1747273800.177639,1.0041721304416598,-1.4074755101954135,5.181789398193359
1747273800.1963322,1.0147197598883133,-1.4092056421151644,3.847360610961914
1747273800.2160313,1.017115229651742,-1.4060236800306647,3.633737564086914
1747273800.2359974,1.0293257920353862,-1.4037755712033653,3.5724639892578125
1747273800.2558515,1.0377176770825942,-1.4041525109262876,3.486156463623047
1747273800.270813,1.054752291370528,-1.4037747376719392,3.470182418823242
1747273800.2928283,1.0687577025285797,-1.404513943150933,3.5979747772216797
1747273800.3179338,1.0761927885643936,-1.4051303005708582,4.172563552856445
1747273800.3324447,1.0790361966964261,-1.4054728474340779,3.9472579956054688
1747273800.3573325,1.1030654016430996,-1.4165020892186886,4.245996475219727
1747273800.3825135,1.1170327792819097,-1.4239089409923669,8.060693740844727
1747273800.4010878,1.1336613173490426,-1.42972116743401,4.338264465332031
1747273800.4174266,1.133533509504106,-1.436457821436506,5.00035285949707
1747273800.4358807,1.1430496595646231,-1.4425901723592394,3.512859344482422
1747273800.4577084,1.1496781503355413,-1.4440654463185902,5.232572555541992
1747273800.478718,1.1719391624835123,-1.4533391393108712,6.277561187744141
1747273800.5001185,1.1917285906110957,-1.4607791535260668,7.481575012207031
1747273800.5187767,1.2171977649718253,-1.465928200544952,6.222009658813477
1747273800.5431843,1.2471172377321171,-1.4720636588713316,9.963750839233398
1747273800.5702753,1.25921646192451,-1.4885844366941228,6.325244903564453
1747273800.5917313,1.2493112424172217,-1.4946940741564207,4.246711730957031
1747273800.6134572,1.27380062159287,-1.5091980081164897,5.934476852416992
1747273800.6269326,1.2876087880004987,-1.5173468777428476,3.522634506225586
1747273800.6413076,1.2993321950721015,-1.5236600504127242,3.5195350646972656
1747273800.656743,1.3127213447016781,-1.5294165139606573,4.278898239135742
1747273800.6776185,1.3678008256543903,-1.5481470927655896,5.2642822265625
1747273800.6960356,1.4234214446482187,-1.5676169857252376,3.655672073364258
1747273800.7160535,1.460179076076616,-1.5792805640839496,3.7603378295898438
1747273800.7378118,1.4848629730487815,-1.5863469679263518,5.078792572021484
1747273800.7568989,1.5001384310722568,-1.6111692446448966,4.574775695800781
1747273800.777013,1.5331800679854515,-1.631544263278681,4.65703010559082
1747273800.7973394,1.5587547955664818,-1.6427771547231615,5.076408386230469
1747273800.817823,1.5908354969617178,-1.6659866772832255,5.331754684448242
1747273800.8392096,1.6290213929244468,-1.6904424010196326,6.496429443359375
1747273800.8623624,1.6574596522313596,-1.7075696832577176,9.488582611083984
1747273800.8877096,1.714196925716367,-1.7399513771932533,7.3032379150390625
1747273800.9091692,1.7916349319531297,-1.7666835301699737,5.059957504272461
1747273800.9287176,1.855454756483789,-1.7864736903036473,4.672050476074219
1747273800.9437048,1.8834905512893079,-1.8165089274954234,3.7734508514404297
1747273800.9618413,1.9199901875940109,-1.8404376043060122,4.601955413818359
1747273800.977481,1.958416438972416,-1.8638468927445537,4.731893539428711
1747273800.9993463,1.9872961107067946,-1.8797408141280187,6.643056869506836
1747273801.0203931,2.0192245383517564,-1.904793808951118,6.688356399536133
1747273801.0394356,2.062240795100699,-1.9281510551228611,6.325960159301758
1747273801.060501,2.098821005130133,-1.9460652164147485,7.471561431884766
1747273801.080918,2.093276951754889,-1.9883592993180674,7.065773010253906
1747273801.1040528,2.1011221752789933,-2.0221641553132303,3.9811134338378906
1747273801.126598,2.1146830587460204,-2.0504409615170363,4.5185089111328125
1747273801.1458,2.1033446021623403,-2.0741172820656137,3.9949417114257812
1747273801.1638453,2.1138196999439653,-2.1170129912645343,3.8928985595703125
1747273801.1798813,2.123577159269207,-2.150125560123879,5.661725997924805
1747273801.2007623,2.1462324386865843,-2.178787406275269,5.80143928527832
1747273801.2186904,2.178362588046863,-2.205191438057826,6.010770797729492
1747273801.237808,2.167425777292661,-2.2441492389458477,5.11932373046875
1747273801.2571206,2.161426367822715,-2.278728472991598,4.3888092041015625
1747273801.2773995,2.1817938455258528,-2.3063478350461626,4.729032516479492
1747273801.2983027,2.1292713652055077,-2.324095043309923,5.522251129150391
1747273801.3180094,2.130263667320256,-2.342493616857684,5.574941635131836
1747273801.342486,2.155137377390209,-2.3648690278232634,7.628440856933594
1747273801.374798,2.189918055828508,-2.3993024026181913,8.236885070800781
1747273801.4008617,2.2373644790936806,-2.4712528147993345,5.307435989379883
1747273801.4185753,2.2409752855851766,-2.5016765025502643,4.867076873779297
1747273801.440219,2.2960667992723223,-2.546364211252007,6.045818328857422
1747273801.4587848,2.3260498408763968,-2.5687492096433138,4.843473434448242
1747273801.4787643,2.363145434976208,-2.6024423916040536,5.088329315185547
1747273801.503307,2.454615327163773,-2.651477081861496,5.609035491943359
1747273801.5196998,2.4913242883451168,-2.6623405735464787,6.211519241333008
1747273801.539475,2.511688765134773,-2.6820798058170157,6.225347518920898
1747273801.553805,2.527453496454224,-2.7008914733810307,4.716396331787109
1747273801.5793245,2.5935209373020376,-2.755873895950669,6.074190139770508
1747273801.5933542,2.619122457401765,-2.787119342028401,4.112720489501953
1747273801.6209297,2.647436213769183,-2.833883400299212,8.089542388916016
1747273801.6377256,2.696261955302784,-2.8649396757401164,5.128145217895508
1747273801.6573234,2.7609053505123033,-2.9031251623105017,4.78053092956543
1747273801.6769378,2.819474445841992,-2.938618086899922,4.335880279541016
1747273801.6971645,2.8710755512227313,-2.9807934209785625,4.481792449951172
1747273801.7139952,2.9007743217841533,-3.022149193753919,3.7908554077148438
1747273801.73624,2.9538086121307914,-3.0683393888744117,3.7140846252441406
1747273801.7567284,3.0186101038394115,-3.116316447309931,3.818035125732422
1747273801.7765114,3.059813407298084,-3.153842646469453,3.6640167236328125
1747273801.796194,3.083532454003095,-3.1872364288184674,3.702878952026367
1747273801.8171105,3.104325182396918,-3.2166184209349145,4.48155403137207
1747273801.8376365,3.193843055221091,-3.258977526113054,4.532814025878906
1747273801.8564963,3.2358170172887335,-3.2938677087267405,3.6525726318359375
1747273801.8769374,3.2554448719183364,-3.3252094634607228,4.211902618408203
1747273801.8960817,3.289274632372947,-3.3760625659906323,3.576040267944336
1747273801.9161918,3.302114813458594,-3.42175591916938,3.7822723388671875
1747273801.9363363,3.30655740520282,-3.4608548038980813,3.697633743286133
1747273801.9602606,3.402477953389198,-3.5077764841753583,5.671262741088867
1747273801.981463,3.450365259790929,-3.5568241559922282,6.48951530456543
1747273801.9982646,3.466778943010744,-3.593608672051396,4.092216491699219
1747273802.0185807,3.535608154173254,-3.655244828192291,5.923748016357422
1747273802.038481,3.5539198997925676,-3.713641071894118,5.725860595703125
1747273802.0579464,3.562098219388484,-3.7664690394271942,4.7969818115234375
1747273802.0770628,3.5804524404482074,-3.804744257151127,4.271030426025391
1747273802.0990965,3.6455865447118287,-3.847976584032798,5.726099014282227
1747273802.1125774,3.6771105652806386,-3.883826171106138,3.9076805114746094
1747273802.1375232,3.70471592576513,-3.9322569243937506,4.562616348266602
1747273802.1539981,3.7789051739490493,-3.9524588285425737,5.56635856628418
1747273802.1775417,3.833839212856981,-3.9879640451532423,4.365444183349609
1747273802.197205,3.8762512774922913,-3.996746396047541,4.204511642456055
1747273802.216328,3.886628188042823,-4.03428372734584,3.5767555236816406
1747273802.2385387,3.8914213347663527,-4.062219160744871,3.7255287170410156
1747273802.2559657,3.896933478901381,-4.078001901001207,3.2956600189208984
1747273802.2769938,3.9084926974422247,-4.095054929707555,3.536701202392578
1747273802.2963688,3.9076296409082945,-4.10723380937142,3.6482810974121094
1747273802.3164136,3.9100197329109636,-4.118414911240769,3.749847412109375
1747273802.340533,3.896141455470518,-4.117661643034557,7.588386535644531
1747273802.3566983,3.8490553605862203,-4.106841131421677,3.5860538482666016
1747273802.3820148,3.830935294309731,-4.115544350708318,4.149436950683594
1747273802.4008021,3.8212639164007407,-4.123778608027888,4.300117492675781
1747273802.4180014,3.8246093421731095,-4.129414050562793,7.438421249389648
1747273802.440414,3.8249746111080882,-4.131573985962422,5.627870559692383
1747273802.458314,3.8117259564999313,-4.136313950955948,4.45103645324707
1747273802.4799197,3.8039507388149523,-4.131899227211552,6.575107574462891
1747273802.4973412,3.7935747798609656,-4.129915916851592,4.512548446655273
1747273802.5185022,3.787263598213673,-4.124684742047499,5.649805068969727
1747273802.5375388,3.78483991501691,-4.12163060443189,4.42051887512207
1747273802.5573032,3.779145694129032,-4.135783876559297,4.4994354248046875
1747273802.5753613,3.7736204370473465,-4.137899740770869,4.634380340576172
1747273802.5970006,3.773323758461394,-4.141940713429945,4.271984100341797
1747273802.6172938,3.802971729703046,-4.1360315052437295,4.566192626953125
1747273802.637391,3.8172406266543786,-4.129329375210134,4.409074783325195
1747273802.6594987,3.8284477899837075,-4.1195099233612265,6.052255630493164
1747273802.6773336,3.8215464842901734,-4.1238491470310645,4.361152648925781
1747273802.6975892,3.8391127441805906,-4.062715860447538,4.460811614990234
1747273802.7152479,3.844135694048135,-4.045827873574194,5.225419998168945
1747273802.7374637,3.8587982317744363,-4.042150194738332,4.46319580078125
1747273802.7571142,3.8697867625257767,-4.042337518436832,4.3010711669921875
1747273802.7780197,3.870910516267042,-4.03957463411724,4.448652267456055
1747273802.8009539,3.861070924631121,-4.0397395824012845,7.102489471435547
1747273802.8201804,3.7815861531403714,-4.040972486673077,4.24647331237793
1747273802.8387024,3.7623591006922674,-4.040673499552363,5.022525787353516
1747273802.8609452,3.757262185706833,-4.03884329808574,7.91621208190918
1747273802.8801603,3.754149848842559,-4.037479334867864,6.831169128417969
1747273802.9011204,3.7517425338083403,-4.038920192275353,6.474733352661133
1747273802.9174206,3.7456841142600883,-4.038476580725426,4.352807998657227
1747273802.9393945,3.7408072194643123,-4.038422937132785,6.607770919799805
1747273802.9587216,3.737001587862173,-4.03477212110856,4.64320182800293
1747273802.9793975,3.748335346714836,-4.029702617336457,4.557609558105469
1747273802.9945433,3.7525651636042845,-4.027186916175775,4.760980606079102
1747273803.019997,3.7533917738679894,-4.023094870434357,4.53495979309082
1747273803.037619,3.7537385157575254,-4.0139888225132685,4.662036895751953
1747273803.057628,3.7520437046841675,-4.009610864403812,4.417657852172852
1747273803.0777745,3.75127105456395,-4.002434199062476,4.722118377685547
1747273803.0924623,3.757922322772285,-3.996237152911419,4.215240478515625
1747273803.1174521,3.750986094708339,-3.9919894450203683,4.537105560302734
1747273803.1375449,3.7482048797718233,-3.9898453726970624,4.338502883911133
1747273803.1523468,3.7487850962532248,-3.982902219319545,4.1790008544921875
1747273803.180517,3.7550495905625447,-3.985079753746918,4.459142684936523
1747273803.1977386,3.7542665129290986,-3.9801437648165128,4.747867584228516
1747273803.213828,3.7536028340342242,-3.9760409471927667,5.215883255004883
1747273803.237343,3.7515044997707507,-3.9742974996064397,4.422426223754883
1747273803.2599065,3.7471770531965403,-3.9684870310296936,5.361080169677734
1747273803.2763393,3.7463658633810706,-3.9614761869989916,4.4078826904296875
1747273803.2937286,3.7311612110030508,-3.9574058709962285,4.314184188842773
1747273803.3133671,3.7261340952403765,-3.957416034926162,4.470348358154297
1747273803.339767,3.7182351712251105,-3.9501003081150436,6.519556045532227
1747273803.364583,3.7185010043217877,-3.9535077692464844,6.254434585571289
1747273803.3869712,3.7247373299529296,-3.9507931824052793,4.334688186645508
1747273803.4043999,3.7257066795670917,-3.958674522910434,5.468845367431641
1747273803.4209874,3.7215932615254825,-3.964363267474784,6.087064743041992
1747273803.4372551,3.736595068564541,-3.9571234813519105,4.377841949462891
1747273803.4574468,3.747475854568803,-3.955327983220191,4.378080368041992
1747273803.4773815,3.754589450398718,-3.9465006427360123,4.320859909057617
1747273803.4972162,3.746382399980709,-3.9454075803409223,4.343748092651367
1747273803.517366,3.755612300646893,-3.9380312012444723,4.490137100219727
1747273803.537518,3.7607569181671687,-3.9313344236828685,4.26793098449707
1747273803.5625722,3.7187367885827625,-3.931235977107215,8.90040397644043
1747273803.5832803,3.6932854091582956,-3.9265845807889956,4.4040679931640625
1747273803.5991766,3.679308709307147,-3.9212492260262053,5.156517028808594
1747273803.6226392,3.670609992634915,-3.9127030265268354,5.029439926147461
1747273803.6409705,3.6367011186403864,-3.928418736987009,5.185842514038086
1747273803.6578062,3.609327276042758,-3.9329317206524457,4.194736480712891
1747273803.677539,3.59678551349799,-3.936182916923928,4.349708557128906
1747273803.6994202,3.579258230140171,-3.9289058025578125,5.943059921264648
1747273803.7171917,3.5699865409402656,-3.9177928583240953,4.200220108032227
1747273803.7375863,3.567257275174502,-3.9072309885502303,4.54258918762207
1747273803.7581093,3.5501636044192004,-3.9011357055849762,4.915952682495117
1747273803.7803679,3.544285324853218,-3.8923099724160033,5.626201629638672
1747273803.7991283,3.543229795451496,-3.8832263503363658,6.55055046081543
1747273803.8176496,3.497552123396468,-3.872332303907223,4.366636276245117
1747273803.8397799,3.4662439372922536,-3.857524194202018,6.317853927612305
1747273803.8580987,3.4474822684913775,-3.8422048533686177,4.550695419311523
1747273803.8794508,3.4341216568299338,-3.8251283258607423,5.861520767211914
1747273803.897252,3.4765043107043274,-3.7610066854690247,3.9741992950439453
1747273803.9184797,3.5426362580137787,-3.7052800213980173,5.650758743286133
1747273803.940036,3.5501843274966154,-3.683459667623947,6.752967834472656
1747273803.958248,3.514917288996129,-3.663577846863851,4.029512405395508
1747273803.9819195,3.4978356373499797,-3.6415776401749116,6.445169448852539
1747273803.9978557,3.490899182304568,-3.6142633794562746,3.985166549682617
1747273804.0164905,3.497613997662529,-3.592186464769468,4.1351318359375
1747273804.0376396,3.503889673846085,-3.56444340672891,4.431247711181641
1747273804.057959,3.5081825263779867,-3.5404665053314512,4.638195037841797
1747273804.0780866,3.4752632135878994,-3.5127838060969725,3.8874149322509766
1747273804.0918484,3.4680939812131126,-3.49290603659817,3.607034683227539
1747273804.1185057,3.460918994965017,-3.466465045578581,4.776477813720703
1747273804.1333802,3.4589847937725695,-3.4494512911955324,4.4155120849609375
1747273804.1537373,3.4577702219427686,-3.423880185756144,4.034280776977539
1747273804.1775723,3.455258817690267,-3.4013694242311883,6.016254425048828
1747273804.1993732,3.4368755123933648,-3.3735443870311124,6.927251815795898
1747273804.2229152,3.4269859531075757,-3.340554666019111,8.904695510864258
1747273804.2370956,3.425126084829491,-3.313533358228893,3.7631988525390625
1747273804.2526069,3.477406428327612,-3.2943948463894848,3.5631656646728516
1747273804.2779608,3.5314863263858083,-3.2603621919541586,4.172325134277344
1747273804.3029163,3.5435400773827666,-3.2392864563658814,6.084918975830078
1747273804.322529,3.552224964651401,-3.2149011283470688,4.354953765869141
1747273804.3418949,3.555254790662934,-3.1944008969775326,3.9658546447753906
1747273804.3583286,3.5564412873152205,-3.1780159489732496,4.433155059814453
1747273804.3831902,3.535045788911595,-3.169933783328094,5.173444747924805
1747273804.400896,3.5138562178056603,-3.1515232022836566,4.459619522094727
1747273804.422382,3.4983479137581974,-3.1420630643965612,5.569934844970703
1747273804.437306,3.490021550377071,-3.1267201800610436,3.8847923278808594
1747273804.4618275,3.4847747764612103,-3.108587875276192,4.895687103271484
1747273804.4814792,3.4779049323131446,-3.100928178929259,4.509449005126953
1747273804.4994912,3.473260671981283,-3.0889810509693993,5.664348602294922
1747273804.5203872,3.4872162118225387,-3.074767827226352,4.986286163330078
1747273804.5373855,3.497834830727873,-3.0640145059037796,4.250288009643555
1747273804.5592089,3.5029079415970985,-3.0593068936438885,5.249738693237305
1747273804.5839283,3.5080997887601,-3.0596441712268336,4.977703094482422
1747273804.6012435,3.5083252165778274,-3.06444804937868,3.8001537322998047
1747273804.619546,3.5077872931251703,-3.0686332956569973,6.226301193237305
1747273804.6377838,3.5110185920578068,-3.084460227235837,3.9823055267333984
1747273804.6524773,3.5169334849425287,-3.0995121447311376,3.8917064666748047
1747273804.6773884,3.52194893611054,-3.1134366248084397,4.255533218383789
1747273804.697577,3.524758666607127,-3.125699595949132,4.29534912109375
1747273804.7185702,3.5160611754019073,-3.142618954212273,5.693674087524414
1747273804.7372522,3.514091405595682,-3.1522010970540997,3.947734832763672
1747273804.757219,3.514795321165049,-3.1634250290707455,4.068136215209961
1747273804.7782078,3.513003962047478,-3.166324335124956,4.16254997253418
1747273804.797396,3.5142350205226753,-3.1730116789316587,3.94439697265625
1747273804.8185759,3.5126376127743413,-3.179778500531096,5.420446395874023
1747273804.8372624,3.49900844336523,-3.188800279374384,3.921031951904297
1747273804.8572564,3.4961270834823033,-3.1978363172401933,3.8809776306152344
1747273804.877229,3.4959789384501017,-3.2075554136550712,3.966093063354492
1747273804.898129,3.5081300183108164,-3.2189338620459162,4.103422164916992
1747273804.9215348,3.516156780733482,-3.229766946557865,6.994485855102539
1747273804.9393356,3.5164229465508425,-3.2383875884788864,4.630327224731445
1747273804.952268,3.5169365172039866,-3.247206380973125,3.8957595825195312
1747273804.974299,3.5223281945998406,-3.2522306984969314,4.0378570556640625
1747273804.9922268,3.527108568650547,-3.2537723856464393,3.9746761322021484
1747273805.0172317,3.5263769458877317,-3.2608593564525687,3.901958465576172
1747273805.0372298,3.5116635638236118,-3.2769360467701025,4.011631011962891
1747273805.0595107,3.510974153193212,-3.2873495052372315,5.64122200012207
1747273805.080096,3.5067050956242074,-3.2903390128568866,5.775690078735352
1747273805.0992012,3.517593183851326,-3.2905234367837677,5.807638168334961
1747273805.117108,3.5204635961437787,-3.297813344531664,3.8721561431884766
1747273805.137157,3.520671889761017,-3.301092909890548,4.024982452392578
1747273805.1593857,3.520287475027635,-3.2991551407428386,5.631208419799805
1747273805.1832192,3.5046256526462107,-3.3022840513120473,3.9687156677246094
1747273805.2007966,3.4971638373639045,-3.30670820713433,5.981922149658203
1747273805.2208638,3.4930430056049606,-3.3098522828850063,7.340669631958008
1747273805.2444458,3.510515537425921,-3.324721183306465,3.9021968841552734
1747273805.2620265,3.5154540909201,-3.3346914344197254,3.818035125732422
1747273805.2844663,3.519251038736326,-3.3417807455778976,5.036354064941406
1747273805.3017192,3.5045003204908896,-3.3366751866238284,3.7970542907714844
1747273805.3151946,3.495062579602809,-3.333292814066551,3.7488937377929688
1747273805.3396964,3.48845321133149,-3.331729046969355,6.0024261474609375
1747273805.3569171,3.5107583741491992,-3.335638344920046,3.8869380950927734
1747273805.3770342,3.521974373888421,-3.3407780477913276,3.8673877716064453
1747273805.3925924,3.529659489420883,-3.346253187361902,3.786325454711914
1747273805.4182887,3.5306938229743916,-3.351653163637725,4.090547561645508
1747273805.4391758,3.522869378738886,-3.353161423658824,5.779504776000977
1747273805.4593997,3.5186716940676677,-3.3566113881013946,5.692005157470703
1747273805.4769952,3.5153229808907716,-3.360371627285237,3.807544708251953
1747273805.4975257,3.5056621632654457,-3.3635846183565077,4.112482070922852
1747273805.521419,3.503077740282992,-3.368517947465015,4.380941390991211
1747273805.5415766,3.5031367639030306,-3.3703785968927247,6.803274154663086
1747273805.5599477,3.5135314057458764,-3.369717241985142,5.901098251342773
1747273805.5818596,3.524287373876341,-3.371545370227802,3.8368701934814453
1747273805.5981905,3.5323478676840514,-3.375838607118954,3.958463668823242
1747273805.6177669,3.5347123021885287,-3.392295060763666,3.9763450622558594
1747273805.6413174,3.5304009696917955,-3.4085340078190844,7.786750793457031
1747273805.6594343,3.5249264975876513,-3.4190045297877356,5.986213684082031
1747273805.678073,3.5322096924345665,-3.422837052371798,4.574298858642578
1747273805.6984558,3.5232060628613127,-3.4211798901205723,5.5942535400390625
1747273805.7198265,3.510999598142887,-3.4170452991088,5.041360855102539
1747273805.7396703,3.500712013270642,-3.414080049092208,4.752874374389648
1747273805.7582085,3.5114211259776886,-3.419233187997104,4.056692123413086
1747273805.774331,3.515938450993458,-3.422986415026264,3.8497447967529297
1747273805.7972395,3.5196586625600625,-3.4308778205412,3.9625167846679688
1747273805.8176632,3.510802719043003,-3.4119115635869495,4.277229309082031
1747273805.8374405,3.50583939068001,-3.4041935356485253,4.258871078491211
1747273805.8571057,3.504250733492351,-3.3974232989859683,3.9434432983398438
1747273805.877991,3.502476678306986,-3.394366341135195,4.719972610473633
1747273805.8972561,3.4929331797612764,-3.3899061415070886,3.8712024688720703
1747273805.9169648,3.48806794298389,-3.3869372672974403,3.731966018676758
1747273805.9369502,3.48116828318125,-3.379417295208205,3.714323043823242
1747273805.9577541,3.4897818389177213,-3.384388716776843,4.352569580078125
1747273805.979944,3.495867845834287,-3.3878014277258957,5.6934356689453125
1747273806.000133,3.49209914558608,-3.406139374055253,5.721330642700195
1747273806.018524,3.492003058408912,-3.425780717822574,4.305124282836914
1747273806.0406024,3.4847839809553505,-3.4208764890204835,6.753206253051758
1747273806.0575767,3.4906198920098914,-3.425969649185458,3.9856433868408203
1747273806.0775926,3.4965384494375322,-3.423388159944347,4.091501235961914
1747273806.098788,3.496308423213405,-3.419760459806519,3.8733482360839844
1747273806.1176991,3.4975089321758364,-3.4163086270233007,3.9472579956054688
1747273806.138876,3.4931266265900733,-3.4172732024250396,4.4078826904296875
1747273806.1609702,3.505518772165293,-3.41771096559269,4.817485809326172
1747273806.1803975,3.5080760622098377,-3.423867215274937,4.103183746337891
1747273806.2025666,3.507716386726288,-3.4384167814430735,4.693746566772461
1747273806.2189367,3.521449108997731,-3.440304417019286,4.418373107910156
1747273806.2401462,3.5305987284317424,-3.4379837413654157,5.437612533569336
1747273806.2574005,3.5326345858240544,-3.4327600874151214,3.953695297241211
1747273806.2771864,3.560422620312058,-3.428422037427647,3.8895606994628906
1747273806.2975812,3.5733910340427433,-3.425791525320376,3.944873809814453
1747273806.3174548,3.5784448645094713,-3.4232820373567554,3.9310455322265625
1747273806.3376632,3.584369119297228,-3.426917443531991,4.281759262084961
1747273806.357878,3.548637887825769,-3.431775024517662,3.9472579956054688
1747273806.3724513,3.5239966959302698,-3.4412397403969566,3.7627220153808594
1747273806.3924,3.503944465675276,-3.445674506137535,3.7653446197509766
1747273806.4173796,3.507435077520545,-3.4356932202262422,3.7584304809570312
1747273806.437677,3.5091299999885055,-3.420632515440356,3.859281539916992
1747273806.4592917,3.504957954591855,-3.410428473185653,4.1065216064453125
1747273806.4793272,3.5201712414836823,-3.4100685573557534,4.093647003173828
1747273806.4999223,3.530299913328314,-3.4091397582467677,5.903959274291992
1747273806.5182214,3.540468769432655,-3.415757528112853,4.345417022705078
1747273806.5327816,3.5464756985533272,-3.4229870596466125,4.169225692749023
1747273806.5576487,3.521296984334578,-3.4201310648876215,4.119634628295898
1747273806.5799468,3.5121784565933054,-3.4370587400040256,5.957841873168945
1747273806.5997002,3.510185628972587,-3.4461674966718134,5.704402923583984
1747273806.6177967,3.542874986139693,-3.4429244539831574,3.9207935333251953
1747273806.6397557,3.5595387806701027,-3.4346021957228805,5.876779556274414
1747273806.6618247,3.566433006223016,-3.4263424550204444,4.267215728759766
1747273806.680077,3.54137509452769,-3.424973649273874,4.733085632324219
1747273806.6956117,3.5330838316843325,-3.4340279754715968,4.943132400512695
1747273806.7191052,3.53189166993776,-3.442594052325082,4.667520523071289
1747273806.738194,3.5498816705409615,-3.442866134073376,4.410982131958008
1747273806.7616668,3.569977047810658,-3.443428917710225,5.027055740356445
1747273806.7855504,3.5709206346903772,-3.4387929066132266,4.532098770141602
1747273806.8070874,3.551690662434359,-3.434298303234212,3.973722457885742
1747273806.8233376,3.5409848018544556,-3.4311670851738496,4.703283309936523
1747273806.8432357,3.5316311719533684,-3.435743555895571,4.765510559082031
1747273806.8667934,3.521167886828293,-3.426184325969708,4.890918731689453
1747273806.8801417,3.515287158709577,-3.4132912732518292,3.8383007049560547
1747273806.8942323,3.512939115047354,-3.403544412264644,3.750324249267578
1747273806.918615,3.5082994012449706,-3.3878154096528235,4.171848297119141
1747273806.9333768,3.522718161438115,-3.3792249029211097,3.9823055267333984
1747273806.9647708,3.534122396629016,-3.3758642801004117,5.537986755371094
1747273806.9846058,3.5407309681041754,-3.372787776965266,3.9043426513671875
1747273807.0005255,3.5437919893381613,-3.3724111013154343,5.452394485473633
1747273807.0238838,3.549930169465465,-3.3744725377478395,5.768299102783203
1747273807.0410826,3.546141765064199,-3.3684003559709264,4.012584686279297
1747273807.0636582,3.538790465556932,-3.382463086532933,5.635499954223633
1747273807.080393,3.5325364080704293,-3.4147407007615107,5.800008773803711
1747273807.100419,3.531193044734025,-3.4409333226335406,6.3991546630859375
1747273807.122467,3.5355679742285524,-3.460237756852027,7.075071334838867
1747273807.1407454,3.534007479682282,-3.467761966612289,5.308389663696289
1747273807.1609516,3.5315355367447863,-3.46531047555234,7.125139236450195
1747273807.1827736,3.5261600009910055,-3.466434342289348,4.056215286254883
1747273807.1988335,3.528831125119921,-3.467293733367091,3.943920135498047
1747273807.2152195,3.532410230553501,-3.4706691512556773,3.822803497314453
1747273807.2382262,3.529144938025239,-3.4725367356325774,4.568576812744141
1747273807.2590868,3.5264043956058484,-3.4686316410324314,5.617618560791016
1747273807.2778041,3.5254901803750576,-3.46536183542624,3.9396286010742188
1747273807.2964084,3.526282456250763,-3.463596021710502,6.003618240356445
1747273807.3175287,3.526287566087783,-3.4632999578823194,3.861665725708008
1747273807.3375213,3.513560211641422,-3.464624942991443,3.7932395935058594
1747273807.3583066,3.5065378798015794,-3.4667374349506717,4.549741744995117
1747273807.3796372,3.501524353991676,-3.4650387308850203,3.9288997650146484
1747273807.3979595,3.4986372358805737,-3.4678036770158647,3.864288330078125
1747273807.4147549,3.492284943568169,-3.4742280537397647,5.469799041748047
1747273807.4379363,3.4875059497817267,-3.4814626519640197,3.922700881958008
1747273807.4624963,3.49835143022402,-3.4704429743407608,7.022380828857422
1747273807.4842033,3.506900654260414,-3.468419937283506,3.7376880645751953
1747273807.4987652,3.508417391565002,-3.4665613798416905,3.926515579223633
1747273807.5177405,3.513504869621054,-3.461052112790634,3.900289535522461
1747273807.543536,3.501862417915284,-3.4591853824308916,6.480216979980469
1747273807.5598774,3.489615766589312,-3.4546190139251554,4.631757736206055
1747273807.5803006,3.4793959437326074,-3.454428936863332,3.994464874267578
1747273807.5981495,3.5224250187543222,-3.453901793850571,4.159212112426758
1747273807.6193268,3.5490062796980104,-3.451082808560694,4.918098449707031
1747273807.6386046,3.5674809230727482,-3.4555625489984916,4.117250442504883
1747273807.660589,3.544170293890429,-3.4568048849298294,5.870819091796875
1747273807.6802607,3.529805645819031,-3.4608980567488503,4.866838455200195
1747273807.6995394,3.528123939643864,-3.462036284704877,4.565954208374023
1747273807.7197464,3.5182153320934533,-3.465043486273449,5.395174026489258
1747273807.7339628,3.513323681737664,-3.468349347868878,3.744840621948242
1747273807.7595372,3.5146911169256083,-3.4661776513964644,5.05518913269043
1747273807.7771273,3.512618835808891,-3.4621032991520075,4.060506820678711
1747273807.7972336,3.5143319419120838,-3.448773630146608,3.718852996826172
1747273807.812249,3.517662316452319,-3.4362705955646313,3.720521926879883
1747273807.8326747,3.5166035072073134,-3.428152597187431,4.181385040283203
1747273807.8577454,3.5198931656356174,-3.419991096845631,3.8580894470214844
1747273807.8798566,3.5134055151562427,-3.410560674758083,5.529880523681641
1747273807.8972895,3.5126895099429127,-3.3973868224763475,3.7589073181152344
1747273807.9180496,3.5196455448478003,-3.3911208619318614,4.277229309082031
1747273807.9380536,3.5252361024674137,-3.3805355722136845,4.037380218505859
1747273807.962105,3.5261489670374466,-3.374192882405574,7.543802261352539
1747273807.982194,3.5391966940154487,-3.368460772172861,4.384279251098633
1747273807.998107,3.5548483933519113,-3.375356913732486,4.119396209716797
1747273808.0183167,3.555620810383335,-3.378011178863998,4.145383834838867
1747273808.0392473,3.5629100880088656,-3.392877649218308,5.757570266723633
1747273808.0580535,3.5652296180933027,-3.4061598332770693,4.282951354980469
1747273808.081045,3.560543872266973,-3.4083258819969733,5.895853042602539
1747273808.0983968,3.5615755466409484,-3.4122326372728193,4.345178604125977
1747273808.1189785,3.5573652514381964,-3.4163460647201678,4.6176910400390625
1747273808.138751,3.5524396042829505,-3.425178450933795,4.5986175537109375
1747273808.1549888,3.562209311405322,-3.4436344052225922,4.710197448730469
1747273808.1809468,3.542032748171626,-3.4454712712522206,6.050586700439453
1747273808.1973855,3.5372969229831663,-3.451629791818897,3.825664520263672
1747273808.217201,3.533311214747226,-3.454531031548218,3.7381649017333984
1747273808.241318,3.50796151366223,-3.4552756282950408,5.585908889770508
1747273808.258268,3.4913389673572937,-3.4538447764022875,4.379510879516602
1747273808.2791579,3.4776873067537912,-3.454694081376972,5.566596984863281
1747273808.2976396,3.4694226218938757,-3.4553151297066624,3.888368606567383
1747273808.3173892,3.500629716703247,-3.461339336192152,3.9641857147216797
1747273808.3386123,3.521166718340317,-3.4594454437393023,4.840850830078125
1747273808.3573678,3.529049995149483,-3.4574934593400783,3.763914108276367
1747273808.378032,3.520606776466614,-3.4511234804224,4.048824310302734
1747273808.3983274,3.518913912330384,-3.44610996298094,3.9424896240234375
1747273808.4131308,3.5191893042551343,-3.4407730888711408,4.1751861572265625
1747273808.4404838,3.5145594967919735,-3.4405180847361247,5.883693695068359
1747273808.4603715,3.504979755905046,-3.4385381146891376,4.696369171142578
1747273808.4779906,3.503191312299645,-3.434255487203129,4.019260406494141
1747273808.4953122,3.499805607313226,-3.432038220501919,4.547595977783203
1747273808.5134678,3.5210201436944075,-3.4199184992304845,4.169940948486328
1747273808.540783,3.5311590102871047,-3.407492811218156,6.717205047607422
1747273808.5582335,3.540679558857167,-3.4034412887134873,4.127979278564453
1747273808.5787861,3.5240836263928434,-3.409729409172923,4.271984100341797
1747273808.6001444,3.5226846069196474,-3.4127854773016164,5.850791931152344
1747273808.6182415,3.5164166080631265,-3.417431131283936,4.294872283935547
1747273808.6401286,3.5146181448162213,-3.4088253889590043,6.238222122192383
1747273808.6582546,3.514754651188504,-3.4042815594281954,4.32276725769043
1747273808.677637,3.5144188849787437,-3.39290272590542,3.7908554077148438
1747273808.698718,3.538260492873833,-3.3900627498286524,4.396677017211914
1747273808.717392,3.550087907057107,-3.393210647727419,3.863096237182617
1747273808.7375488,3.550778278318794,-3.390453848542224,3.844738006591797
1747273808.7574549,3.5566254852440404,-3.3957415213037243,3.8344860076904297
1747273808.777586,3.534939914417869,-3.3932848739151735,3.8983821868896484
1747273808.7975233,3.5245486891603215,-3.3938685919186056,3.8750171661376953
1747273808.8178248,3.5235365956888907,-3.3991966287576076,3.9424896240234375
1747273808.8374562,3.507972575142662,-3.4067829182489833,3.785371780395508
1747273808.8528867,3.5046930222385533,-3.4107890168612345,4.07099723815918
1747273808.8752277,3.503409839505422,-3.4111960342343703,5.550146102905273
1747273808.9020238,3.511571834087644,-3.40928113072091,6.026268005371094
1747273808.9184363,3.5213648196931095,-3.408207501268271,4.3277740478515625
1747273808.9375,3.530020083963279,-3.403272978736934,3.8199424743652344
1747273808.9576335,3.5280218275305395,-3.401088071363845,3.7958621978759766
1747273808.978985,3.5319601556816345,-3.4072074591556953,4.074335098266602
1747273808.9961145,3.5352349865984025,-3.4121374941152163,5.545377731323242
1747273809.0208545,3.5360677966136853,-3.4180747123002235,5.880594253540039
1747273809.040332,3.5172074171094425,-3.421310637163377,5.591154098510742
1747273809.0625684,3.506773502279426,-3.432357808592426,8.790254592895508
1747273809.0810401,3.4945660819534385,-3.4371275622224653,5.8307647705078125
1747273809.1011865,3.498699230932363,-3.4323513799730447,6.783962249755859
1747273809.1202383,3.502300459755031,-3.426882911388636,4.390716552734375
1747273809.1331491,3.5131575992965716,-3.421094826330572,3.6585330963134766
1747273809.1541154,3.523853763183836,-3.4147759445230226,4.080533981323242
1747273809.1798623,3.536491578730169,-3.4064018450368345,5.576610565185547
1747273809.1981475,3.5366339311323753,-3.411663112048082,4.457950592041016
1747273809.21759,3.5367514938331945,-3.4072279500979263,3.797292709350586
1747273809.2378168,3.543160724553841,-3.414432201329306,3.9958953857421875
1747273809.2597098,3.5286862327671447,-3.437381448867693,3.9794445037841797
1747273809.2730322,3.4899663358752546,-3.4406427631375487,3.8826465606689453
1747273809.2980337,3.493476282525426,-3.445764510245571,4.113912582397461
1747273809.3175669,3.49837899362096,-3.444939083953867,3.8001537322998047
1747273809.337538,3.5035188307900027,-3.4384664026383613,3.671407699584961
1747273809.3545089,3.502971259078199,-3.4459774406388837,3.891468048095703
1747273809.3775988,3.5025430181390997,-3.4517027024754996,3.7984848022460938
1747273809.3983874,3.508190494959102,-3.454354531269976,4.642009735107422
1747273809.4187176,3.5128352426113714,-3.4426096548250924,3.9930343627929688
1747273809.4374769,3.5264567111480956,-3.4342017067553536,3.7555694580078125
1747273809.4598677,3.5324660358147217,-3.4255350082117086,5.849123001098633
1747273809.4802759,3.5305341237020125,-3.414684843648264,6.045818328857422
1747273809.5020382,3.5391666946419895,-3.4025611295828426,7.911443710327148
1747273809.5209699,3.5415227009195305,-3.394700088110586,5.497455596923828
1747273809.5409093,3.5410008153947268,-3.3843979792280163,6.079912185668945
1747273809.5609083,3.53133780046181,-3.3963630846549924,5.640745162963867
1747273809.5823061,3.5272448085456585,-3.411734737182147,5.003452301025391
1747273809.6009963,3.527756628381316,-3.4192848646713796,6.618261337280273
1747273809.620127,3.523301519478806,-3.416512014343895,5.728960037231445
1747273809.6384127,3.523763697132609,-3.421577438924412,4.361629486083984
1747273809.6575093,3.5209936264367205,-3.421743817036447,3.886699676513672
1747273809.6785297,3.5162924248867418,-3.4190589639866693,4.190683364868164
1747273809.6976187,3.5093398158121794,-3.419108387431695,3.817319869995117
1747273809.717681,3.5067199888790905,-3.421864008789711,3.8073062896728516
1747273809.73748,3.5028857735490213,-3.4248741052841916,3.7589073181152344
1747273809.7582142,3.4997127225976286,-3.4279329940606686,3.9746761322021484
1747273809.7777045,3.5021123337848237,-3.4264722270331442,3.8220882415771484
1747273809.7989914,3.5061098890177744,-3.4189708149317974,4.859685897827148
1747273809.817851,3.501101583075078,-3.4216369237253796,4.010438919067383
1747273809.838683,3.4949301817252785,-3.4206031292549954,4.637479782104492
1747273809.8616605,3.490944348313327,-3.4184511903624117,5.723714828491211
1747273809.8789089,3.51179426055623,-3.430103840600942,3.837108612060547
1747273809.8998039,3.516955469730403,-3.435581629322603,5.670309066772461
1747273809.9190674,3.51988555254783,-3.4417061363362937,4.47535514831543
1747273809.93995,3.5252868082638686,-3.4500102906359493,5.883216857910156
1747273809.9647615,3.5216207915139486,-3.4516846858995742,6.026744842529297
1747273809.98482,3.52086634861594,-3.4449144045510143,3.848552703857422
1747273810.003608,3.517600446613137,-3.4418266032214957,7.618188858032227
1747273810.0272942,3.5138841032712187,-3.4347303718251676,7.19141960144043
1747273810.0477526,3.508327604496388,-3.433330554783724,4.535675048828125
1747273810.0669587,3.509661265169144,-3.428853324681982,4.779577255249023
1747273810.0837498,3.5302302046006333,-3.403143431310493,3.8366317749023438
1747273810.0978568,3.5335276142868004,-3.398684194279296,3.9179325103759766
1747273810.1131375,3.5345774136222405,-3.396507521828652,3.9014816284179688
1747273810.13922,3.520308843479183,-3.4043801296540943,4.255533218383789
1747273810.1594477,3.5120456866255734,-3.412659393825736,5.549430847167969
1747273810.1794012,3.509065686512632,-3.420107553902942,4.58073616027832
1747273810.1975586,3.5034645196635394,-3.4220994004445697,3.8225650787353516
1747273810.2129765,3.503919020493888,-3.4155873170038973,3.8444995880126953
1747273810.2383838,3.5085793953769415,-3.4053856091586945,4.009008407592773
1747273810.255326,3.505633860928221,-3.3976348556874787,4.91023063659668
1747273810.2753994,3.49934232224111,-3.3990010029962217,4.6825408935546875
1747273810.302671,3.4941933542289334,-3.3968107924379374,8.223772048950195
1747273810.3241305,3.4904566348565833,-3.3945540798795637,3.8688182830810547
1747273810.34266,3.4974390225698717,-3.3904121585680533,4.00543212890625
1747273810.3621068,3.4963413838194426,-3.3853916683168594,7.568836212158203
1747273810.3787937,3.5002550599892737,-3.3797697369681505,3.8003921508789062
1747273810.3975363,3.497133022113607,-3.38211647542739,3.8111209869384766
1747273810.4220054,3.5116588651728042,-3.386808366980107,6.368398666381836
1747273810.440319,3.5211349572518227,-3.3908120589811257,5.623102188110352
1747273810.461208,3.527809202945069,-3.3886841554896403,6.67881965637207
1747273810.4777567,3.5009469033431317,-3.3895717684189584,3.8504600524902344
1747273810.4979677,3.4935847564241853,-3.3891603504524435,3.9098262786865234
1747273810.5203445,3.4853054202276375,-3.3918445225582254,5.750894546508789
1747273810.5422087,3.5023498205220345,-3.375800366904527,6.211757659912109
1747273810.5628192,3.506004620826375,-3.3674127034067434,8.018970489501953
1747273810.581485,3.50413801229298,-3.360821062491978,4.326343536376953
1747273810.5954785,3.5013144622532058,-3.358149926315564,3.7262439727783203
1747273810.621151,3.5043627880921355,-3.360392479585767,6.160736083984375
1747273810.6389856,3.5059762437156285,-3.365406040137922,3.9396286010742188
1747273810.6583622,3.500462877851515,-3.3738488867818206,4.160404205322266
1747273810.6783369,3.4954311453378084,-3.381691789803987,4.33802604675293
1747273810.697905,3.490891037373475,-3.3876713301332884,3.821849822998047
1747273810.7179353,3.485798594270215,-3.393639315300192,3.9680004119873047
1747273810.737807,3.4850760014643374,-3.388887716117525,3.8831233978271484
1747273810.757593,3.49161019260718,-3.374494922997232,3.7467479705810547
1747273810.7802198,3.492065464061243,-3.3686877555945696,5.8116912841796875
1747273810.798854,3.4982621796630955,-3.3539725262948057,4.755973815917969
1747273810.821834,3.507368641788119,-3.346798715303427,5.82575798034668
1747273810.8416219,3.5101217418637782,-3.345437918772354,6.394147872924805
1747273810.8582234,3.5105477143040678,-3.3449883968225667,3.8459300994873047
1747273810.8734622,3.517285414108012,-3.3418416816619922,3.751039505004883
1747273810.8984954,3.521141231825511,-3.34075389119045,4.319906234741211
1747273810.921179,3.526344939207441,-3.3438541154568946,6.450176239013672
1747273810.938492,3.5315283245835225,-3.3679017601159793,4.240751266479492
1747273810.9584372,3.5354266897748787,-3.383653120385112,4.260778427124023
1747273810.9783032,3.5326894725361093,-3.3878634282975653,4.40669059753418
1747273810.9984376,3.516960947932185,-3.3794521312446015,4.237890243530273
1747273811.025183,3.5114985995298142,-3.3753757646274374,10.84280014038086
1747273811.0446715,3.506785054620287,-3.3696560042366057,3.847837448120117
1747273811.0622551,3.503946105488281,-3.3649581569902525,3.870725631713867
1747273811.0780468,3.5077954497447634,-3.363560225382889,3.846406936645508
1747273811.0983915,3.5065738069785617,-3.359394116138742,4.2572021484375
1747273811.1195076,3.503521387548586,-3.3567854936216497,5.571603775024414
1747273811.1381648,3.515138861519789,-3.3619357810033854,4.093647003173828
1747273811.2872891,3.5097562395948154,-3.3529062742456124,6.566047668457031
1747273811.304924,3.5065486912874957,-3.347611797889258,3.874063491821289
1747273811.3193643,3.51227516823227,-3.348853208295726,4.107475280761719
1747273811.333826,3.522390094648541,-3.3582434238301597,4.031181335449219
1747273811.3591938,3.5242534610185285,-3.36103122880094,4.698276519775391
1747273811.3794625,3.525411864479187,-3.3659961431369885,4.335165023803711
1747273811.3987439,3.5294476866005553,-3.3737313504771844,4.677772521972656
1747273811.4200525,3.529279757268805,-3.379426963117008,4.385948181152344
1747273811.4403143,3.5280919910585147,-3.390158496944754,6.067752838134766
1747273811.4586298,3.5096545102276737,-3.400889077140381,4.581451416015625
1747273811.4798706,3.5022416187079175,-3.408431750130367,5.527973175048828
1747273811.4983323,3.496949090671733,-3.4150499256297397,4.375934600830078
1747273811.5183053,3.498202221263092,-3.41572995644411,3.985881805419922
1747273811.5378666,3.4993066001694304,-3.426712490875918,3.835916519165039
1747273811.5594754,3.492256909686265,-3.453125441241615,4.662513732910156
1747273811.576428,3.492161964168987,-3.465162805217266,6.258487701416016
1747273811.5994737,3.524361843362499,-3.4641837899986325,5.01251220703125
1747273811.61972,3.5384485907525187,-3.463040393248865,5.017757415771484
1747273811.6398015,3.5432770987725597,-3.4604135745400835,5.099058151245117
1747273811.6528976,3.523799810253264,-3.443732458822542,3.630399703979492
1747273811.6791058,3.517050587410735,-3.4467565228158668,4.819631576538086
1747273811.6947734,3.5095716554003293,-3.4400868640671747,3.7107467651367188
1747273811.718892,3.505861545991866,-3.440516947882389,4.743337631225586
1747273811.7437186,3.503148961372743,-3.444562391233382,5.272150039672852
1747273811.764401,3.505750309798816,-3.4553411536780856,4.473447799682617
1747273811.782477,3.516869696570006,-3.4787360766173507,5.569219589233398
1747273811.8002887,3.522879290563248,-3.4942567666850866,5.993366241455078
1747273811.814094,3.5317742675766977,-3.5195163290570006,3.8437843322753906
1747273811.8424249,3.539768675032736,-3.553823706217263,6.640195846557617
1747273811.8604305,3.538617842158394,-3.5897285423069967,5.728483200073242
1747273811.8793147,3.5356561625433702,-3.615322694030437,4.332542419433594
1747273811.9019215,3.5390192488715537,-3.6446782356112473,4.6100616455078125
1747273811.9237378,3.534487146862651,-3.67638152226726,4.81724739074707
1747273811.9435358,3.5397378867605074,-3.7130071635865174,6.132602691650391
1747273811.9637587,3.5475621752592423,-3.7426048873294837,5.015850067138672
1747273811.9838583,3.50577437044749,-3.7856374673615054,4.179477691650391
1747273812.0003238,3.5053698384808056,-3.8311186648340545,5.527496337890625
1747273812.0195222,3.513983561228281,-3.8740636822528884,5.106210708618164
1747273812.0403051,3.4978986112842065,-3.9112447854362533,5.537748336791992
1747273812.0587704,3.5107522099252657,-3.9623442279789987,4.51207160949707
1747273812.0786645,3.5237313271677473,-4.023005447808,4.467964172363281
1747273812.0993972,3.5434648022245323,-4.0942349039411745,4.810094833374023
1747273812.1187696,3.5269269822594764,-4.149905318295837,4.316568374633789
1747273812.1406488,3.5199907396413295,-4.210782547282146,4.851341247558594
1747273812.15824,3.5184465104165707,-4.2548796563093525,3.8862228393554688
1747273812.1801193,3.5162494446093993,-4.321492922153292,5.554437637329102
1747273812.2003741,3.509549416495952,-4.386334648472638,5.481243133544922
1747273812.21552,3.516300824430792,-4.427885651351936,4.027843475341797
1747273812.2439253,3.519146354463592,-4.483986265013804,9.021520614624023
1747273812.2603042,3.519849605721147,-4.525071689434753,5.33747673034668
1747273812.2890608,3.5254311312199484,-4.5716948510377255,13.573884963989258
1747273812.3073447,3.5296108269649835,-4.610697964509146,4.466772079467773
1747273812.3236299,3.526032482089308,-4.659327886937836,5.383014678955078
1747273812.3424764,3.504212680882861,-4.735752667926108,6.409406661987305
1747273812.3599677,3.4755574210908806,-4.837479593266492,4.561901092529297
1747273812.3800488,3.45571140755692,-4.899781325641692,5.692481994628906
1747273812.4042017,3.4430239329284005,-4.965106305870768,4.637002944946289
1747273812.4235184,3.437730055501492,-5.026177229049057,5.548954010009766
1747273812.4410088,3.4321232259146774,-5.083377217765981,6.359100341796875
1747273812.4596803,3.430150729975416,-5.126916266578949,5.309820175170898
1747273812.4733565,3.4173977010894405,-5.177051555350881,3.582000732421875
1747273812.5001714,3.4151471390248638,-5.246292715109724,5.763053894042969
1747273812.51969,3.414452922297194,-5.2969579357207355,5.263328552246094
1747273812.5402014,3.413164211930764,-5.358590240797591,5.635499954223633
1747273812.55894,3.40722591176544,-5.394645671510701,4.719018936157227
1747273812.5786,3.4006099524979745,-5.435681418526559,4.352807998657227
1747273812.5984735,3.4125483241912686,-5.486138531553023,4.349470138549805
1747273812.6187341,3.42212671976234,-5.538531571891075,4.372358322143555
1747273812.6389637,3.4226686953654295,-5.57588803962053,4.44793701171875
1747273812.6620038,3.4170573217550606,-5.61243185182992,6.298303604125977
1747273812.6822786,3.3703944671436488,-5.700776345053601,6.839990615844727
1747273812.704788,3.337916730580099,-5.7759184435507445,3.850221633911133
1747273812.7228487,3.315579243409797,-5.836278896162998,6.963014602661133
1747273812.7395253,3.3143625365616605,-5.880015396032003,5.230426788330078
1747273812.7589006,3.3233245898946637,-5.931738154538975,4.643678665161133
1747273812.7807245,3.3352302231310857,-5.992478027311602,6.269931793212891
1747273812.8044236,3.3441978616019656,-6.036486929089532,7.733345031738281
1747273812.8189483,3.339335682459707,-6.073697955680783,4.474878311157227
1747273812.8404632,3.3326640378526036,-6.117349538664284,6.067991256713867
1747273812.8587267,3.263704262867706,-6.166265862054434,4.072904586791992
1747273812.87861,3.223294929462641,-6.207492148407077,4.276752471923828
1747273812.9029155,3.195170316355232,-6.253698212278536,4.612922668457031
1747273812.9184682,3.182212356745,-6.293989844538395,4.2133331298828125
1747273812.9399788,3.172030613652632,-6.345013735040989,5.89442253112793
1747273812.9589229,3.1659176818464894,-6.391407618133403,4.710197448730469
1747273812.9786618,3.163536215184289,-6.427785019322314,4.317522048950195
1747273812.999239,3.1423333149023174,-6.455080346561932,4.995107650756836
1747273813.0183334,3.121978992242094,-6.485545240465282,3.976583480834961
1747273813.038337,3.1033827720767375,-6.5166727330580825,4.1446685791015625
1747273813.0586274,3.038889343812989,-6.553029165043755,4.357814788818359
1747273813.0834057,3.0028783506222494,-6.579818501182927,9.181976318359375
1747273813.1074452,2.9741366672230654,-6.613279948620129,5.317211151123047
1747273813.1297705,2.9222567585319967,-6.6492799975123456,4.9419403076171875
1747273813.1486244,2.895471496358512,-6.676556873619668,4.907369613647461
1747273813.162962,2.872483662289278,-6.709643632090936,3.8688182830810547
1747273813.180212,2.8478913533071566,-6.7378659190919,5.941152572631836
1747273813.1983345,2.8261454475154815,-6.758859496377646,4.158973693847656
1747273813.2206738,2.8071955095854113,-6.7847395082831445,4.708528518676758
1747273813.2388318,2.7919246287458037,-6.805578132854983,4.1351318359375
1747273813.260531,2.7282227124259317,-6.813673193943092,5.916118621826172
1747273813.279844,2.6966566196306005,-6.824656735224926,5.372285842895508
1747273813.3078036,2.670376672540581,-6.838543094522427,4.539966583251953
1747273813.325836,2.626084844311569,-6.85468691736322,4.039525985717773
1747273813.342904,2.59742798003394,-6.86211371553066,4.686832427978516
1747273813.3623056,2.5650548490543437,-6.875209742513237,7.660627365112305
1747273813.3859384,2.5387711041444088,-6.883557503039749,8.438825607299805
1747273813.399714,2.505692599332705,-6.882748596908553,4.306316375732422
1747273813.4187794,2.4801388646662414,-6.8847426320805045,4.149436950683594
1747273813.4383876,2.465364937609005,-6.879074212513455,4.034280776977539
1747273813.4599648,2.4244511681864216,-6.874929140472872,5.794048309326172
1747273813.4782658,2.3923258115497448,-6.867534571500385,4.000425338745117
1747273813.498476,2.356290791620716,-6.862258943030274,4.034280776977539
1747273813.518452,2.2920567309990787,-6.871849668020219,3.9734840393066406
1747273813.5382984,2.2560115141621813,-6.878045880609309,4.133701324462891
1747273813.5588057,2.2265150603217703,-6.880006968980697,4.454851150512695
1747273813.5785913,2.1779545999837153,-6.890323276399114,4.089117050170898
1747273813.600571,2.1498807505132773,-6.902880653363336,5.489110946655273
1747273813.6241171,2.129801577355923,-6.911595325312315,7.790803909301758
1747273813.6429741,2.1175482799044736,-6.917423781395743,6.918668746948242
1747273813.6600852,2.087769488600078,-6.92367347039545,4.4689178466796875
1747273813.6783698,2.0652791689438224,-6.924720793707627,3.9615631103515625
1747273813.6997368,2.053687140310301,-6.926517663324991,5.381107330322266
1747273813.720817,1.9724176239044713,-6.927002291536753,5.009889602661133
1747273813.7385259,1.9249536898771509,-6.928878589908366,3.828287124633789
1747273813.7604277,1.8981944194960083,-6.931077367701074,5.818367004394531
1747273813.7812562,1.8816313924111951,-6.930679884667443,6.677865982055664
1747273813.801705,1.8645216805045974,-6.929495553162968,6.804227828979492
1747273813.824547,1.8301477123918346,-6.929214819768721,6.229877471923828
1747273813.8406963,1.8066166658343479,-6.9310831824094725,5.247831344604492
1747273813.8587134,1.7960095587421605,-6.931355334086201,4.013299942016602
1747273813.8780496,1.7446603753740486,-6.939593115607089,3.6706924438476562
1747273813.8985772,1.7064930135001128,-6.9390022459775835,4.1866302490234375
1747273813.9193234,1.683291878627999,-6.935269649320547,4.963874816894531
1747273813.940462,1.6147944562789496,-6.936392445103257,5.365610122680664
1747273813.9580123,1.5817214129114872,-6.932003469565336,3.714323043823242
1747273813.9780083,1.5636178187431922,-6.925949156668019,3.696918487548828
1747273813.9981844,1.561212184990948,-6.927424068438176,3.660440444946289
1747273814.0129442,1.5238423847803593,-6.932866147301344,3.420591354370117
1747273814.0380368,1.4881470984050431,-6.934071109663042,3.8733482360839844
1747273814.0603592,1.4733516422246131,-6.931250044979788,5.295515060424805
1747273814.0805197,1.4097776621714866,-6.931829827432535,5.705833435058594
1747273814.1001413,1.3714707259800063,-6.927319693329496,4.545450210571289
1747273814.1207173,1.331774907620208,-6.9175176741543645,5.925893783569336
1747273814.138346,1.2748548367830108,-6.915506117969339,3.962993621826172
1747273814.158188,1.2411015761675555,-6.911320740707079,3.8650035858154297
1747273814.1745498,1.2243266159776354,-6.906276977407685,3.5712718963623047
1747273814.1998572,1.1955699107033744,-6.900185817820923,4.343748092651367
1747273814.2196865,1.136582303676613,-6.898036748544663,4.976511001586914
1747273814.2411468,1.097771013411863,-6.893295113592552,6.224870681762695
1747273814.2612538,1.070837667335606,-6.890077222469444,6.48188591003418
1747273814.2816124,0.9963519755067233,-6.8787512596638,5.988597869873047
1747273814.3047693,0.9261902308477653,-6.861778507635172,3.866910934448242
1747273814.3246326,0.8893466788401051,-6.850977366183629,4.474639892578125
1747273814.342915,0.7981587551856503,-6.830847070215311,4.243135452270508
1747273814.3582275,0.7507957403710819,-6.815146869936437,3.7419795989990234
1747273814.3782215,0.7148954736950821,-6.800824395628745,3.7620067596435547
1747273814.3984663,0.6286817410112501,-6.799468023407149,3.805398941040039
1747273814.4209747,0.5842013277993593,-6.7936930304918794,5.513668060302734
1747273814.4384546,0.5477431760696361,-6.795105251037831,3.865480422973633
1747273814.4591355,0.5313620380527905,-6.795637968396882,4.5642852783203125
1747273814.4787085,0.45133264639138676,-6.802254589164123,4.07719612121582
1747273814.4998796,0.38511896374638543,-6.808632522771102,4.441738128662109
1747273814.518205,0.33656202099791954,-6.814442069047681,3.628253936767578
1747273814.5445364,0.2820006565693719,-6.820807120299606,3.739595413208008
1747273814.5585792,0.24618361800291708,-6.82855795777579,4.015684127807617
1747273814.5780814,0.21738772497611525,-6.838834722243469,3.6220550537109375
1747273814.5988863,0.1471221312221023,-6.846114058563408,4.2934417724609375
1747273814.6217225,0.10212253412801511,-6.861686319457443,5.64122200012207
1747273814.6379488,0.07382102424009886,-6.871437860510832,3.5152435302734375
1747273814.6588957,0.054314498081535094,-6.880114428457306,4.126310348510742
1747273814.6792011,0.011180996044937686,-6.878201546643356,4.123687744140625
1747273814.6955216,-0.016962692313655665,-6.882058289155479,3.444194793701172
1747273814.7188,-0.05017566992882464,-6.887820054691573,4.085302352905273
1747273814.7386274,-0.11914735850122504,-6.929687156623509,4.033803939819336
1747273814.7589855,-0.1714752455230217,-6.963960295352358,4.373311996459961
1747273814.7745829,-0.1975425763280319,-6.982984891081302,4.205226898193359
1747273814.7981873,-0.28279115380136427,-7.014671854074609,3.673553466796875
1747273814.8184996,-0.3180014527295099,-7.035460128989987,3.6318302154541016
1747273814.8380144,-0.3437407598706923,-7.059848766230221,3.5479068756103516
1747273814.8557377,-0.3589099478110471,-7.075258617217682,3.5696029663085938
1747273814.879798,-0.4327494954988797,-7.091489949279364,5.034685134887695
1747273814.8971477,-0.4615134688400507,-7.105157923970058,3.7353038787841797
1747273814.919803,-0.49137322251866067,-7.123755177322922,4.193782806396484
1747273814.9393134,-0.5759514922547756,-7.148117318827232,4.679441452026367
1747273814.9542003,-0.6186881639134547,-7.1671326330232725,3.4410953521728516
1747273814.9787467,-0.6518434740151239,-7.1880973582278145,4.35948371887207
1747273814.9987028,-0.7533990184169664,-7.228987501401237,4.282474517822266
1747273815.0198157,-0.8054493754730767,-7.262226124616925,5.099296569824219
1747273815.0389457,-0.8400393573925579,-7.284691143518493,4.052877426147461
1747273815.0647554,-0.9148700195061155,-7.31107988699711,4.785299301147461
1747273815.0781248,-0.9584194578427647,-7.331026755158818,3.4890174865722656
1747273815.0980058,-0.9859603450059917,-7.348937651262276,3.5758018493652344
1747273815.1178558,-1.0841652868347607,-7.366321177174037,3.593921661376953
1747273815.1402547,-1.1374525329945924,-7.386712596616067,3.6115646362304688
1747273815.158465,-1.1719210280752386,-7.398282576653355,3.6635398864746094
1747273815.178494,-1.1954947347020461,-7.40885904195334,3.6344528198242188
1747273815.193441,-1.248526457277478,-7.412300102637028,3.4942626953125
1747273815.2185957,-1.2978619715115782,-7.423075865531813,3.671884536743164
1747273815.2386298,-1.3164035946988881,-7.423780822878545,3.541707992553711
1747273815.2588816,-1.3845144559941065,-7.4267740567641845,4.103183746337891
1747273815.278651,-1.4319371023769814,-7.437798104138595,4.116058349609375
1747273815.2991378,-1.4675444714706927,-7.449106494224449,4.629373550415039
1747273815.3186252,-1.5484455248891165,-7.457046651202728,4.209995269775391
1747273815.3396125,-1.6040023316784033,-7.4670334768668685,5.014657974243164
1747273815.3595006,-1.654566110547442,-7.4728916789471915,4.835605621337891
1747273815.3817072,-1.698926512557296,-7.461558272985943,5.759000778198242
1747273815.4052906,-1.728907375978066,-7.458946708568373,4.297733306884766
1747273815.4185376,-1.74724771629099,-7.458728702214413,3.7822723388671875
1747273815.4383948,-1.7613068450925624,-7.455618714768276,3.746509552001953
1747273815.4615488,-1.8561222123756436,-7.453998908141161,4.802227020263672
1747273815.4816484,-1.9257859316389132,-7.45038152606766,5.068302154541016
1747273815.5059392,-1.9655442174477438,-7.440153297108985,4.942655563354492
1747273815.5199058,-2.000393464841532,-7.429911830946471,4.387855529785156
1747273815.5392938,-2.0211921518780613,-7.4212687368436345,4.657268524169922
1747273815.559625,-2.0858486695655403,-7.401315398764748,4.847049713134766
1747273815.5834575,-2.124990205513433,-7.384027251793995,8.12673568725586
1747273815.5996506,-2.147597223797032,-7.369748435610108,5.214929580688477
1747273815.617092,-2.2095331779457963,-7.351993840863003,4.439353942871094
1747273815.639362,-2.2530961002185728,-7.334690111365575,4.300594329833984
1747273815.665255,-2.2783623031680036,-7.322627750699258,10.40339469909668
1747273815.6875207,-2.3134943179580114,-7.3037902361561775,8.405923843383789
1747273815.7082736,-2.3386432741891223,-7.281884359195511,3.9598941802978516
1747273815.7233477,-2.3525588086902096,-7.260851775325182,3.814697265625
1747273815.7398586,-2.3644398884978526,-7.243322976707486,5.308389663696289
1747273815.7589371,-2.404834978228662,-7.231143576751933,4.349470138549805
1747273815.7811022,-2.431662606866541,-7.2158178980487415,6.286144256591797
1747273815.798804,-2.44817143547224,-7.203299911701356,4.199981689453125
1747273815.814392,-2.4794821206363338,-7.197973059063569,3.810405731201172
1747273815.8392198,-2.496910214670213,-7.186825150498299,4.422903060913086
1747273815.863683,-2.5103845734875034,-7.177315984695515,8.13150405883789
1747273815.8794076,-2.5425542536322414,-7.152183429700975,4.00853157043457
1747273815.9001226,-2.5571565786180104,-7.128515819887128,4.106760025024414
1747273815.9236012,-2.5689325190798877,-7.1076315672240575,8.789539337158203
1747273815.9407067,-2.603832312276607,-7.082479123686418,5.978107452392578
1747273815.9595034,-2.623619916408747,-7.054780009377305,4.597902297973633
1747273815.9821587,-2.635004331051488,-7.0313931639671425,6.659507751464844
1747273815.9972434,-2.6343040927130676,-7.024422361283711,3.8604736328125
1747273816.0144646,-2.6569397739707235,-6.999101990008147,3.8373470306396484
1747273816.0393884,-2.672903172629207,-6.974244496466223,4.7283172607421875
1747273816.0659869,-2.679613837626338,-6.952325808713593,8.99052619934082
1747273816.0864065,-2.686327323506571,-6.939058302986286,4.264593124389648
1747273816.1154807,-2.6919715076775996,-6.920957455477566,5.102396011352539
1747273816.131794,-2.6960369629318652,-6.897930616335955,5.463838577270508
1747273816.1459355,-2.7133760103502778,-6.865292631602248,3.8106441497802734
1747273816.3151007,-2.7912581118848943,-6.672748697035585,5.045175552368164
1747273816.3338296,-2.7941356510286397,-6.645332805986539,5.330085754394531
1747273816.3514614,-2.7963690216643093,-6.606640226165694,4.862308502197266
1747273816.3691607,-2.7965592900497898,-6.5680035379135795,3.6230087280273438
1747273816.3848894,-2.7999943235262976,-6.536888044815757,4.657268524169922
1747273816.400837,-2.814264583244036,-6.507979594153075,5.397796630859375
1747273816.4208581,-2.814994298567202,-6.474759234856875,5.669593811035156
1747273816.4423106,-2.8165985015008843,-6.441437983529612,5.694150924682617
1747273816.4577014,-2.8179891449043164,-6.411345419829693,3.8366317749023438
1747273816.479732,-2.82310524353192,-6.3716627867117195,3.8988590240478516
1747273816.501093,-2.8281678223857525,-6.3400446005772855,4.354953765869141
1747273816.521496,-2.8279939568640753,-6.306396362972923,6.111383438110352
1747273816.5396895,-2.828481292599682,-6.2579402026839395,4.357337951660156
1747273816.5537176,-2.826870519729604,-6.221240749349823,3.670930862426758
1747273816.579243,-2.8282801903780417,-6.167543399676546,4.317998886108398
1747273816.599368,-2.840349485290137,-6.125498767810118,4.168272018432617
1747273816.6208208,-2.8463539716039623,-6.089833803245165,5.599737167358398
1747273816.6389358,-2.8484201804702525,-6.057797389830542,3.9937496185302734
1747273816.6588175,-2.85134758358855,-6.0179618442787755,3.922700881958008
1747273816.6752822,-2.856003596874298,-5.986751640819098,3.943204879760742
1747273816.6939087,-2.8568803501200652,-5.959460658916703,3.7920475006103516
1747273816.7135925,-2.858169179135153,-5.925602716685866,3.8483142852783203
1747273816.7341714,-2.865624397721635,-5.892894015235695,3.8580894470214844
1747273816.7604735,-2.871254989092526,-5.853101390042095,5.222558975219727
1747273816.7806454,-2.872265880137341,-5.83605302932519,5.902767181396484
1747273816.8002262,-2.8920078377205503,-5.789486352333622,4.646062850952148
1747273816.8182647,-2.9013124206894916,-5.7454095905248606,3.6640167236328125
1747273816.839639,-2.9058319525123344,-5.705790504391658,4.483938217163086
1747273816.853512,-2.9018145674765656,-5.674243634330866,3.5865306854248047
1747273816.8793247,-2.9000347940725666,-5.627971716088741,4.42814826965332
1747273816.8940742,-2.9040187137289393,-5.603505528226893,3.7827491760253906
1747273816.9254005,-2.9208806734200303,-5.552698413450138,8.858680725097656
1747273816.9405124,-2.9252432320252417,-5.518125650538966,4.694938659667969
1747273816.954015,-2.9240423354795504,-5.47438805349172,3.7114620208740234
1747273816.9831123,-2.9252045701997336,-5.419368440815688,5.817890167236328
1747273816.999928,-2.909297030187614,-5.3713129793108045,4.53948974609375
1747273817.01995,-2.900923039812726,-5.330517437377553,4.4345855712890625
1747273817.039844,-2.8969696792570048,-5.29998926196623,4.728794097900391
1747273817.0592499,-2.9162782443530895,-5.251165665700965,3.809213638305664
1747273817.0800724,-2.923440161151582,-5.209214806009278,4.153251647949219
1747273817.094778,-2.9259141639877293,-5.171815398476109,3.6330223083496094
1747273817.1209922,-2.9141395390589846,-5.110829649207858,5.528450012207031
1747273817.1428163,-2.907596865400331,-5.056731194657277,7.362127304077148
1747273817.162114,-2.9033844480382,-5.00452498666318,6.14476203918457
1747273817.185758,-2.884769848514715,-4.956231336155439,3.80706787109375
1747273817.2081807,-2.871523674820977,-4.913571294867868,4.801511764526367
1747273817.2247348,-2.86696947694338,-4.869268111626897,3.8530826568603516
1747273817.2424185,-2.8643182690044164,-4.816783457344099,5.374908447265625
1747273817.2591577,-2.864872980698642,-4.769671434176691,4.21595573425293
1747273817.2796268,-2.864026153585221,-4.714805295694096,4.233837127685547
1747273817.3031766,-2.861673802851229,-4.655113116255999,6.451606750488281
1747273817.3214352,-2.8681156959144176,-4.607987193719892,5.408525466918945
1747273817.3401644,-2.8692110847575427,-4.557896416536528,4.562854766845703
1747273817.3608634,-2.8674388645012945,-4.510257656478805,5.747079849243164
1747273817.3810887,-2.8454301473620407,-4.4674399654377694,5.385875701904297
1747273817.3987796,-2.8373992233496708,-4.426968488622382,3.986358642578125
1747273817.4217513,-2.8325506183813998,-4.3856382651733945,4.74858283996582
1747273817.447506,-2.828451837347048,-4.342001633388709,4.769325256347656
1747273817.4600575,-2.822256205742319,-4.28794532432151,3.6165714263916016
1747273817.4798443,-2.799169680938127,-4.2351632308451235,4.10151481628418
1747273817.4987316,-2.786568675633771,-4.176623044660585,3.6208629608154297
1747273817.518653,-2.779945956135613,-4.132109432453516,3.5407543182373047
1747273817.5394814,-2.770234068575238,-4.084591843886206,4.734039306640625
1747273817.5591273,-2.7344324367674484,-4.008713715957177,3.713846206665039
1747273817.5796564,-2.7167034812014332,-3.9499719118804864,3.827810287475586
1747273817.6000118,-2.709490506197394,-3.8906989827942984,4.3125152587890625
1747273817.6231678,-2.6806393203531895,-3.8258659601174427,5.777120590209961
1747273817.6480386,-2.664494639455506,-3.7605530412878627,3.8895606994628906
1747273817.65988,-2.6552203109928443,-3.7140760091158125,3.5545825958251953
1747273817.6743248,-2.6253707002361097,-3.6303261067329986,3.7567615509033203
1747273817.6963637,-2.6070435109758257,-3.5645120828111536,3.7908554077148438
1747273817.7191565,-2.593290282544751,-3.4859926713362572,3.7593841552734375
1747273817.740365,-2.5612499395653234,-3.418050237423993,4.573583602905273
1747273817.7594411,-2.5366363384795525,-3.350086096525655,3.7996768951416016
1747273817.7790482,-2.516011817680394,-3.289440691935237,3.7720203399658203
1747273817.7991114,-2.5002402356735636,-3.231465847351888,3.8328170776367188
1747273817.819504,-2.4609264023896604,-3.1739689736368537,4.1904449462890625
1747273817.8465984,-2.433575797481875,-3.116427947924181,8.04448127746582
1747273817.8649573,-2.4144168561888923,-3.056637867872812,4.587411880493164
1747273817.8856049,-2.360643063809419,-2.9929657878585583,6.080150604248047
1747273817.9006655,-2.3244641203218537,-2.9217873998918353,4.811286926269531
1747273817.9263763,-2.2917675446177874,-2.8522993871268403,8.229255676269531
1747273817.9554968,-2.26300915450132,-2.783452084902162,6.684780120849609
1747273817.9761126,-2.2267127275727985,-2.7110096632941465,4.685640335083008
1747273817.988548,-2.190268723112553,-2.6348537601627244,3.8826465606689453
1747273818.0031114,-2.1420765970787996,-2.567753841354224,5.830526351928711
1747273818.0209413,-2.0967889152239785,-2.5077974407221273,4.562616348266602
1747273818.040708,-2.06011872427002,-2.451050775971227,4.664897918701172
1747273818.0603335,-2.0242967813592574,-2.405271662383784,4.880666732788086
1747273818.083403,-1.9818288237749344,-2.3522291154138,7.294654846191406
1747273818.1038752,-1.9419939483595443,-2.3010997741963273,5.93256950378418
1747273818.1236107,-1.910225332041054,-2.256524911474722,5.386114120483398
1747273818.1398673,-1.8410827293165322,-2.2055624110861545,4.730224609375
1747273818.163599,-1.7943359892243713,-2.1582836315103058,6.562471389770508
1747273818.1797485,-1.7489787168331656,-2.1123850191517066,4.656791687011719
1747273818.2007334,-1.680015712355088,-2.032879140481073,4.1484832763671875
1747273818.219372,-1.6439944534564386,-1.9836811188470318,4.4345855712890625
1747273818.2396102,-1.5917011371483345,-1.9350452192207592,4.387140274047852
1747273818.2598133,-1.5314489126327353,-1.8986370100110295,4.55164909362793
1747273818.279556,-1.4844369079175694,-1.8512330104753607,4.086971282958984
1747273818.3004398,-1.4270395123920647,-1.8023652698765744,4.429101943969727
1747273818.3201957,-1.3627931203521144,-1.760838374978283,4.8980712890625
1747273818.3397086,-1.3164111770106888,-1.7018497835977102,4.310369491577148
1747273818.3622692,-1.2771148663102216,-1.668086090027405,6.690025329589844
1747273818.379342,-1.2188282830148214,-1.635230390741114,4.094600677490234
1747273818.4019282,-1.164302618911157,-1.5892750341595951,5.892276763916016
1747273818.421185,-1.1004154094822811,-1.5524523308612852,5.64265251159668
1747273818.4412332,-1.0293365266187111,-1.5160637185624535,5.523443222045898
1747273818.459747,-0.9822767574937696,-1.471392795653934,3.8280487060546875
1747273818.4803498,-0.9520149556507725,-1.4424023834299842,4.58526611328125
1747273818.499043,-0.9099874245222661,-1.4171374411584832,3.7012100219726562
1747273818.5216267,-0.8545224002797611,-1.390640290836364,5.869626998901367
1747273818.5407498,-0.7887626723201175,-1.3642469110406574,5.310535430908203
1747273818.5640376,-0.716769122611355,-1.3466960804726649,8.63790512084961
1747273818.58207,-0.6475366164179364,-1.3299100509943915,6.283760070800781
1747273818.6015115,-0.6259577085340153,-1.296629744244593,6.066799163818359
1747273818.6211183,-0.6083839232586391,-1.2838247882293938,5.434751510620117
1747273818.6412318,-0.5782634226988351,-1.2715098570555867,5.403041839599609
1747273818.6606588,-0.46414996919038115,-1.2577414594640364,5.52058219909668
1747273818.6788468,-0.3569729065798897,-1.2398587505952225,3.562450408935547
1747273818.699119,-0.2683337160150885,-1.2288610688821304,3.7317276000976562
1747273818.7189305,-0.18816006824093076,-1.2238641101794052,3.7500858306884766
1747273818.7388043,-0.15901699905232242,-1.2214102842850845,3.6606788635253906
1747273818.7538974,-0.1308804210159266,-1.2203028758685042,3.6203861236572266
1747273818.779227,-0.09642692522439945,-1.2295867021909639,3.862619400024414
1747273818.7986588,-0.07783987231886808,-1.2369460547248043,3.5707950592041016
1747273818.8199751,-0.0240766852236624,-1.2528716239440942,4.062652587890625
1747273818.840984,0.039429031734253495,-1.262613146317781,4.610538482666016
1747273818.8656647,0.10573524177778366,-1.2722023065646786,5.604982376098633
1747273818.880388,0.14987380677457285,-1.2764675294977261,3.8340091705322266
1747273818.901053,0.1858909457250036,-1.295152012468049,5.572319030761719
1747273818.9162955,0.2166318909218829,-1.308518058019645,3.8530826568603516
1747273818.9395785,0.25076723016739716,-1.3201307474108304,4.10914421081543
1747273818.9601717,0.33223538955299403,-1.3447396867570836,4.783868789672852
1747273818.9789102,0.41236023955903195,-1.3604073677122672,3.6897659301757812
1747273819.0017748,0.45416728893210334,-1.3724684808266967,5.951166152954102
1747273819.0255785,0.5051743314799537,-1.3926228058267256,3.726482391357422
1747273819.0484807,0.5477287501812542,-1.4056281003781277,4.553079605102539
1747273819.0680518,0.6100685669667341,-1.4155186598837584,5.221366882324219
1747273819.088368,0.6476019775757395,-1.443161997940451,4.45103645324707
1747273819.1081147,0.6841032041759179,-1.4611528721115197,3.7872791290283203
1747273819.1304798,0.7295312557082184,-1.4703726541110775,5.192995071411133
1747273819.144119,0.7786859600593312,-1.4796956498053022,3.638744354248047
1747273819.1586506,0.829182235545716,-1.5016992909415094,3.489971160888672
1747273819.1789248,0.8740219422721169,-1.517348372974226,3.7391185760498047
1747273819.1988313,0.9075093118297377,-1.529969966873291,3.705263137817383
1747273819.2195096,0.9818268133526499,-1.5553312317235608,3.964662551879883
1747273819.2409272,1.05392627154686,-1.5726638464469556,5.281209945678711
1747273819.2587645,1.1041007305785309,-1.5870786247863493,3.528594970703125
1747273819.2792206,1.1674858631467402,-1.6127758379695607,3.742218017578125
1747273819.3022826,1.2297681558025795,-1.633971640643855,3.9758682250976562
1747273819.3194602,1.271936277597912,-1.647692944304437,4.121541976928711
1747273819.334855,1.2789738507311539,-1.6521470352734513,3.698110580444336
1747273819.359671,1.3788925556774247,-1.6633844180683162,4.39000129699707
1747273819.3770745,1.4364508559992601,-1.673241588948961,3.876209259033203
1747273819.4016855,1.4942906325405039,-1.6888333427349054,5.951166152954102
1747273819.4214485,1.5663551753593383,-1.7008498694500007,4.848480224609375
1747273819.4392936,1.6436308445948227,-1.726393400266997,3.593921661376953
1747273819.4604547,1.688115784583287,-1.7443694353886332,5.027055740356445
1747273819.479608,1.7763258368943218,-1.7781096366034952,4.278659820556641
1747273819.4949732,1.820623431449737,-1.7917439228078913,4.284143447875977
1747273819.521596,1.8647357916711653,-1.811267281296469,5.915164947509766
1747273819.5403214,1.9316788475335978,-1.835917955287095,3.8909912109375
1747273819.559913,1.9784436750434193,-1.8520922831839415,4.314184188842773
1747273819.5816698,2.010301466172342,-1.8660667676569884,6.186962127685547
1747273819.599841,2.0472161581203663,-1.8798832357162159,4.500627517700195
1747273819.6146326,2.152516961808502,-1.9040488345653237,3.818988800048828
1747273819.6350784,2.2195140428553723,-1.9254389089031796,4.342794418334961
1747273819.653952,2.262889335398399,-1.9429169379294247,3.815889358520508
1747273819.6797707,2.3507753710576638,-1.9837240539159329,4.196882247924805
1747273819.6944106,2.3970810755170056,-2.0061725078385733,3.8290023803710938
1747273819.720057,2.455841625870614,-2.0285343553733766,4.550933837890625
1747273819.7398243,2.553181928106871,-2.062089141860489,4.2285919189453125
1747273819.7596564,2.5986997802226974,-2.094516691574135,4.144906997680664
1747273819.7794485,2.6293887279018033,-2.1230284016011005,4.151821136474609
1747273819.806051,2.6546890223807607,-2.1444554076846676,9.595870971679688
1747273819.8245335,2.7353542314596053,-2.184341877052802,4.6977996826171875
1747273819.8440578,2.782987681407053,-2.2124740811972923,6.2808990478515625
1747273819.863725,2.808496089494206,-2.2332956514301645,5.957365036010742
1747273819.8804917,2.8830811320624585,-2.2692989552379976,4.28318977355957
1747273819.895274,2.9243708304960787,-2.294302991056219,4.081249237060547
1747273819.9207091,2.961554267256851,-2.3329469315188365,4.4002532958984375
1747273819.9425774,3.0268409766037667,-2.3860844163588086,6.53076171875
1747273819.9607751,3.0530970511974385,-2.436470873931547,5.119562149047852
1747273819.9840622,3.0729154171694844,-2.4866250131189402,6.585121154785156
1747273820.002781,3.1368457176064473,-2.5353064489505157,5.833864212036133
1747273820.0212831,3.1684971373523285,-2.569350430899557,5.691766738891602
1747273820.0466418,3.207572121579672,-2.625238145495779,4.498004913330078
1747273820.0641453,3.2258821632564487,-2.6669544886153966,4.153966903686523
1747273820.080132,3.2574889912025142,-2.7098188844668187,4.66609001159668
1747273820.0997462,3.2727500452206124,-2.7531157272790736,4.243612289428711
1747273820.119675,3.2805651835774436,-2.7963594238216696,3.9374828338623047
1747273820.1403224,3.3108279030005696,-2.8541047734752536,4.914283752441406
1747273820.1600165,3.3685382418625482,-2.889010095375317,4.45103645324707
1747273820.1807418,3.441973133421859,-2.914947672387237,5.608320236206055
1747273820.199393,3.488434950090637,-2.964133357088983,4.100322723388672
1747273820.2198818,3.5137950106907865,-3.0164172470581208,4.1484832763671875
1747273820.2401142,3.528196231743285,-3.062585653103014,4.169702529907227
1747273820.2599916,3.533880009984745,-3.100020450726964,4.102468490600586
1747273820.2796297,3.558537136009007,-3.1532349215667197,4.050493240356445
1747273820.3000891,3.5724824073052663,-3.2163495119615866,4.163026809692383
1747273820.3201058,3.577989604540934,-3.2727653204366116,3.959178924560547
1747273820.3466473,3.6088039064433666,-3.342859247603949,8.822441101074219
1747273820.368256,3.6249275935931413,-3.392172382735541,4.544496536254883
1747273820.3842793,3.6259599849002924,-3.439365115332527,6.354331970214844
1747273820.4045541,3.6280317883276045,-3.4843835914871675,5.5999755859375
1747273820.4258232,3.625812015673941,-3.535254967982514,6.335258483886719
1747273820.4527326,3.639488941283802,-3.587724739482969,5.608558654785156
1747273820.471607,3.6393474286420098,-3.6334548853416484,5.33747673034668
1747273820.4936485,3.6213569715681397,-3.6817648129595644,6.908416748046875
1747273820.5119689,3.604236595180855,-3.7475487692469502,5.195140838623047
1747273820.5302212,3.589321090932356,-3.81109922684978,4.9457550048828125
1747273820.5487945,3.5752124661154023,-3.865673614392798,4.83250617980957
1747273820.5647829,3.5606742567668612,-3.9165205533046397,3.803730010986328
1747273820.5771353,3.5003742798370525,-3.953657794585126,3.607511520385742
1747273820.6003401,3.4386920860817414,-4.023268465185846,4.529476165771484
1747273820.619502,3.404999360430828,-4.081823857972078,3.71551513671875
1747273820.639402,3.379221657282571,-4.155286654728858,3.7016868591308594
1747273820.6589768,3.3629109960355814,-4.207709676207577,3.5386085510253906
1747273820.6789775,3.3448004566165532,-4.2559354484522505,3.5254955291748047
1747273820.7000952,3.294065583211386,-4.327723305125077,4.2858123779296875
1747273820.7192962,3.2691814434752255,-4.385408737385841,3.7784576416015625
1747273820.7395391,3.2508111614893944,-4.445133407245962,3.8938522338867188
1747273820.759469,3.2430339348309354,-4.497928366531927,3.818988800048828
1747273820.7800028,3.2426105032417483,-4.546369695837445,4.143953323364258
1747273820.7999878,3.2434239179991926,-4.590368098715971,4.303932189941406
1747273820.819474,3.239894215102563,-4.6485029933908395,3.802061080932617
1747273820.841034,3.2407590266832034,-4.70708845690551,4.833459854125977
1747273820.8617623,3.2427766263713114,-4.752700773865219,5.591869354248047
1747273820.8863947,3.245468466926489,-4.803075243335441,5.135297775268555
1747273820.9049914,3.2499083231989188,-4.839591670977818,3.633260726928711
1747273820.9217262,3.2511965544929606,-4.906481801779256,5.407571792602539
1747273820.941686,3.253671941994201,-4.956809150332855,4.419565200805664
1747273820.9555845,3.2541794771182477,-4.994744803194199,3.7720203399658203
1747273820.9800208,3.2456652491144036,-5.057896533496844,4.156351089477539
1747273820.999705,3.2400439472263414,-5.10679780099431,3.8373470306396484
1747273821.020431,3.2458278362991595,-5.164350496326515,4.046201705932617
1747273821.0353086,3.2480070844452857,-5.204497060797694,3.644227981567383
1747273821.0591958,3.2508256409635683,-5.274504181324703,3.6497116088867188
1747273821.0797427,3.248596117209544,-5.335551444533024,3.8504600524902344
1747273821.09986,3.2469002511753167,-5.3898799895114795,3.8280487060546875
1747273821.1192865,3.2583960549798023,-5.4474162294653965,3.6590099334716797
1747273821.1394684,3.289282986570774,-5.504057474178917,3.6652088165283203
1747273821.1593416,3.2611480692029673,-5.561875311512556,3.6592483520507812
1747273821.1794376,3.2441214105357323,-5.61540212518982,3.9496421813964844
1747273821.324595,3.1941639170643628,-6.006368526111637,6.87408447265625
1747273821.3468928,3.169371393989307,-6.075515770039641,4.850149154663086
1747273821.3777187,3.1494896219179225,-6.153504309240023,10.00213623046875
1747273821.4034028,3.136861373832257,-6.2571630712125765,6.949424743652344
1747273821.4285514,3.113211809412363,-6.298477634918213,6.701231002807617
1747273821.4519846,3.0877590973483433,-6.379273131657752,6.875753402709961
1747273821.477934,3.0484942942307676,-6.482406713283107,5.443334579467773
1747273821.5008705,3.0189750875120125,-6.546881068173407,4.528045654296875
1747273821.5148242,3.00682634896529,-6.580997421638278,3.934621810913086
1747273821.5396502,2.946828542779006,-6.645377214619046,3.9212703704833984
1747273821.5623326,2.914267237895328,-6.686199665899363,5.890369415283203
1747273821.5828557,2.8938483087053855,-6.730362606764748,6.162405014038086
1747273821.6003137,2.875248730355449,-6.7712466960747015,4.051923751831055
1747273821.6154401,2.806375765883299,-6.7901359432320305,4.022359848022461
1747273821.6417875,2.755649637253908,-6.822649806156748,5.697011947631836
1747273821.6607733,2.7190458854771946,-6.849791951056835,5.073308944702148
1747273821.680607,2.688764518027377,-6.896075259210364,4.968881607055664
1747273821.6956503,2.674673503265669,-6.921988421412542,3.9980411529541016
1747273821.7229476,2.658962400224186,-6.955880726826514,6.01959228515625
1747273821.7472363,2.62067928227063,-6.995727079391623,8.370399475097656
1747273821.7609892,2.5818739041174217,-7.01839047773311,4.374504089355469
1747273821.7760704,2.5597333555077433,-7.038427283454131,4.127264022827148
1747273821.8009095,2.533414519644199,-7.067679050340529,4.469394683837891
1747273821.8208935,2.5193496134425533,-7.088498278058135,4.480838775634766
1747273821.8464208,2.458054915111259,-7.070572727109878,4.71806526184082
1747273821.8621016,2.4223515656225567,-7.057432401520248,5.67936897277832
1747273821.8801162,2.4137868278876273,-7.052194848990003,4.234075546264648
1747273821.8999596,2.3838886202232508,-7.059709629496002,4.115104675292969
1747273821.9207487,2.3627419135101335,-7.065662755382726,4.729747772216797
1747273821.9397705,2.342795751542914,-7.067877815353893,4.023551940917969
1747273821.9605396,2.3361075468767956,-7.070091164825818,4.321813583374023
1747273821.9801283,2.2951696033713422,-7.0744383899003696,4.216909408569336
1747273822.000062,2.26289134115904,-7.077799947309606,4.144430160522461
1747273822.0204399,2.233475221511278,-7.082318748074394,4.192113876342773
1747273822.0347161,2.196714251318713,-7.079627681073242,3.7987232208251953
1747273822.059802,2.1652666230935558,-7.0752082659494775,3.8902759552001953
1747273822.0827217,2.156576483844625,-7.072388207118462,6.268501281738281
1747273822.1040568,2.093655478519268,-7.063327645663723,4.709482192993164
1747273822.1234396,2.044606438714491,-7.054540133275999,4.956960678100586
1747273822.1405017,2.0108522512287115,-7.0451228268174315,4.479169845581055
1747273822.1546042,1.9935473895767093,-7.037547914349872,3.807544708251953
1747273822.179213,1.9708726187930057,-7.03422852579317,3.6656856536865234
1747273822.1949263,1.9702662833989921,-7.0328862165704225,3.5400390625
1747273822.220169,1.9530728232990215,-7.026709712834601,4.473209381103516
1747273822.23923,1.9131237720069598,-7.015127733277455,3.6163330078125
1747273822.2595308,1.8694587843229686,-6.995758976972884,3.782510757446289
1747273822.282088,1.838295255823372,-6.98083768020848,5.729198455810547
1747273822.3063548,1.7639141196919115,-6.962407269796221,8.40449333190918
1747273822.3261702,1.7156887875101887,-6.9412201635411135,6.996870040893555
1747273822.345761,1.6916429889266182,-6.927204279317811,3.5429000854492188
1747273822.3625488,1.6181967420101173,-6.900325661593252,5.460977554321289
1747273822.382452,1.569945256093805,-6.877411594191906,6.120920181274414
1747273822.4094703,1.5497876101322214,-6.8634668758744,6.377696990966797
1747273822.4293811,1.480352521894435,-6.845264215804185,8.043527603149414
1747273822.443618,1.4534622205213787,-6.836957444378598,3.891468048095703
1747273822.4576812,1.4239712744999777,-6.828837696611377,3.5812854766845703
1747273822.4801762,1.3903021795765091,-6.818481303271207,4.055261611938477
1747273822.50189,1.3252553872321047,-6.8035968851890924,5.2928924560546875
1747273822.52007,1.2940549388144462,-6.792387706725508,3.6728382110595703
1747273822.5346444,1.2842549716602272,-6.787290597035359,3.4589767456054688
1747273822.555264,1.2031682608162242,-6.778397169589349,3.6194324493408203
1747273822.5834224,1.145819127488636,-6.760679565668817,6.787300109863281
1747273822.6077955,1.1183595790337357,-6.7397400964108005,4.067182540893555
1747273822.6222568,1.0599589406690795,-6.745941421215038,4.944324493408203
1747273822.640339,1.0132065973496223,-6.7441455102828645,4.646778106689453
1747273822.6612482,0.9815640273857045,-6.740375271117061,4.496335983276367
1747273822.6791513,0.9621732657738704,-6.732635184641287,3.528118133544922
1747273822.699606,0.8703810838285341,-6.718000287510007,3.5572052001953125
1747273822.7192693,0.8198528833449753,-6.708160403298438,3.620624542236328
1747273822.7343066,0.7900374777259485,-6.701870998740233,3.5173892974853516
1747273822.7596016,0.7107841091759137,-6.708863198392764,3.664731979370117
1747273822.7796624,0.6643689971643056,-6.707209117069391,3.8156509399414062
1747273822.7998514,0.6345483538674852,-6.7044479844164115,3.8695335388183594
1747273822.8196585,0.5617900615757246,-6.719085499801618,3.753662109375
1747273822.8413756,0.5218350995803311,-6.725739650641522,4.924297332763672
1747273822.8554168,0.5084025952679894,-6.7308210524661645,3.8688182830810547
1747273822.87906,0.48912393464677084,-6.733434585100469,4.072904586791992
1747273822.8962698,0.42036140374590325,-6.760852526054655,3.749370574951172
1747273822.9204268,0.35902818526124863,-6.77694642071759,3.9644241333007812
1747273822.935535,0.33505887781213844,-6.786517646372617,3.764629364013672
1747273822.9555848,0.27807898579368523,-6.8038867717846,3.8404464721679688
1747273822.9754388,0.2378054208705946,-6.820718829943801,4.528284072875977
1747273822.9999437,0.18976043487137717,-6.8446215832057655,3.710031509399414
1747273823.0208,0.10477809312130991,-6.86673080197153,4.664182662963867
1747273823.0343394,0.06755549407486715,-6.880662337187528,3.4825801849365234
1747273823.0541751,0.03020009607702455,-6.897393481025774,3.576040267944336
1747273823.0793808,-0.0616372099068419,-6.931646971373158,3.600597381591797
1747273823.100542,-0.1035271775234162,-6.9559458609805,4.67228889465332
1747273823.1213121,-0.12608888379484343,-6.971517304308525,5.218505859375
1747273823.1399622,-0.14145767759008304,-6.991821517978126,4.057884216308594
1747273823.16065,-0.21001919478963135,-7.026105665878014,4.657506942749023
1747273823.1793485,-0.24872952385690494,-7.051828220559909,3.6809444427490234
1747273823.2006485,-0.2764170502471454,-7.075624071736169,4.456520080566406
1747273823.2207386,-0.3448113129268199,-7.096596422925224,4.671812057495117
1747273823.2423499,-0.3869553210469538,-7.1249516458233675,6.052732467651367
1747273823.2637224,-0.40841168109038933,-7.145005791685909,6.310939788818359
1747273823.279824,-0.49830792626157216,-7.174004271462068,3.596782684326172
1747273823.2995875,-0.5414451779832289,-7.1986384257756715,3.5889148712158203
1747273823.3145971,-0.5661069641749721,-7.21885613857032,3.675699234008789
1747273823.3397253,-0.6537260414321763,-7.256965549339229,3.554105758666992
1747273823.360029,-0.7032486052369594,-7.286820202232427,3.5750865936279297
1747273823.3846996,-0.7314064271972408,-7.308788436635889,5.072593688964844
1747273823.4124887,-0.8148355136332744,-7.335697565645977,5.082368850708008
1747273823.4267118,-0.8673952570882916,-7.359861380039474,3.5352706909179688
1747273823.4456253,-0.9118009041441567,-7.3850103310618564,4.387855529785156
1747273823.4600081,-0.921176854258597,-7.394751768245956,3.672361373901367
1747273823.4798844,-0.9942249782397853,-7.39571314512606,3.528594970703125
1747273823.4997048,-1.03266922993789,-7.404363016364798,3.5185813903808594
1747273823.5221894,-1.0566098027074766,-7.413140025900138,4.911899566650391
1747273823.5359156,-1.129460680982541,-7.418047827845177,3.3936500549316406
1747273823.554505,-1.1860635726381081,-7.429738559485812,3.406047821044922
1747273823.574577,-1.225983351702275,-7.440184273677644,3.4847259521484375
1747273823.5942898,-1.257901894593263,-7.453465203343286,3.627777099609375
1747273823.6232667,-1.342112053280398,-7.449545808485985,5.028247833251953
1747273823.6400256,-1.3902336546378407,-7.453320960296699,4.200935363769531
1747273823.659513,-1.4134004498178891,-7.456155352448326,3.6144256591796875
1747273823.674478,-1.465055635076828,-7.4592999643600315,3.5593509674072266
1747273823.6965337,-1.514200142225035,-7.467257028271815,3.848552703857422
1747273823.7221434,-1.5591502399716763,-7.471771543967976,5.9719085693359375
1747273823.7419088,-1.625199376817088,-7.465300184046026,5.810737609863281
1747273823.7598476,-1.7062609836540332,-7.4673884291391275,3.721475601196289
1747273823.774839,-1.7625546211066887,-7.468167259314319,3.698587417602539
1747273823.8022723,-1.8048947392870647,-7.461754013529918,6.107568740844727
1747273823.8255522,-1.8318522198136535,-7.459379366914574,7.562875747680664
1747273823.8463087,-1.902018730311121,-7.454033608759284,9.222745895385742
1747273823.8694694,-1.9570520484777107,-7.451927679021807,10.132789611816406
1747273823.901944,-2.0052632518109124,-7.443559837295157,6.884098052978516
1747273823.9223845,-2.0468215161780012,-7.4363965028687256,6.279468536376953
1747273823.9458458,-2.0668751036605326,-7.430481964051095,8.166074752807617
1747273823.9608588,-2.085343986349257,-7.425871863384749,4.293203353881836
1747273823.9805768,-2.1257030252193907,-7.4105050320089285,4.631996154785156
1747273824.000662,-2.1564253083544345,-7.3978574371844985,4.134654998779297
1747273824.020124,-2.1732338713499253,-7.386702085923534,4.106283187866211
1747273824.0414717,-2.2344527485534935,-7.360917502372622,4.892587661743164
1747273824.0606687,-2.273934161063095,-7.337033863566885,4.7321319580078125
1747273824.0811007,-2.298549531824396,-7.314224222620602,4.949808120727539
1747273824.10073,-2.3469866307253815,-7.3035483048448855,4.781961441040039
1747273824.122871,-2.37723024143073,-7.285480671977802,6.675958633422852
1747273824.1430771,-2.393279864328114,-7.2731054452786665,6.50787353515625
1747273824.163792,-2.4342374615160396,-7.249618682035653,7.282733917236328
1747273824.1862433,-2.4607307235245646,-7.22873781947765,8.765220642089844
1747273824.2044885,-2.474610812162242,-7.213357803662176,6.865501403808594
1747273824.2255807,-2.519946826740633,-7.195173827652753,4.224300384521484
1747273824.2402203,-2.551148081003228,-7.1723257984591395,3.812074661254883
1747273824.255806,-2.5610759089088737,-7.162201945239411,3.876209259033203
1747273824.2804759,-2.5745931485892743,-7.1450868790319415,4.007816314697266
1747273824.2955768,-2.577258949942406,-7.129483896486016,4.13203239440918
1747273824.3180468,-2.5852369329623475,-7.114324118470217,4.4879913330078125
1747273824.3410995,-2.595938723855778,-7.100712370084268,4.195213317871094
1747273824.3611932,-2.6251727260004825,-7.0706318381691755,5.158424377441406
1747273824.3875103,-2.6420787891463955,-7.043978561766793,9.357452392578125
1747273824.4034503,-2.6538509380473645,-7.015516676749169,6.166696548461914
1747273824.4266574,-2.682866574362935,-6.982301675607775,3.9544105529785156
1747273824.4424822,-2.690885103791866,-6.951718198640114,5.651950836181641
1747273824.461212,-2.6978388214770193,-6.925548856963687,4.799604415893555
1747273824.4801147,-2.6981796882244047,-6.8957479494506755,3.8781166076660156
1747273824.5005486,-2.723398471468892,-6.878981270596738,4.5166015625
1747273824.5146768,-2.7395465740031,-6.861467305952017,3.7567615509033203
1747273824.5401669,-2.7486482163044506,-6.833128739717383,4.212379455566406
1747273824.5602489,-2.7577063941085798,-6.8089455281516935,3.9396286010742188
1747273824.5798764,-2.76333345983128,-6.780823849758368,4.010915756225586
1747273824.6008763,-2.7638498153016564,-6.753468738329543,4.934549331665039
1747273824.6223,-2.7877535750230003,-6.714499231658208,5.707979202270508
1747273824.6425037,-2.797189520058538,-6.687903067569469,5.1097869873046875
1747273824.6596448,-2.80213294569823,-6.65645205320618,3.8137435913085938
1747273824.6745772,-2.800260619586515,-6.64956735854758,3.7364959716796875
1747273824.6985214,-2.7937822271418575,-6.615417723238143,4.606008529663086
1747273824.7209165,-2.7933036355264584,-6.58428243465055,4.426479339599609
1747273824.7421749,-2.79108070713295,-6.542720563449913,5.649089813232422
1747273824.7556717,-2.797643838928907,-6.5227966806348245,3.702878952026367
1747273824.7751312,-2.7996137480849455,-6.500126987769011,3.7004947662353516
1747273824.7948658,-2.802857562246858,-6.471199364764927,3.6470890045166016
1747273824.8206365,-2.8221425455723965,-6.421134275515962,3.8042068481445312
1747273824.8388093,-2.8247907607569958,-6.3878411670274735,4.602193832397461
1747273824.861433,-2.831867547979996,-6.3631977595577975,4.485607147216797
1747273824.8773355,-2.830071785723833,-6.341067493881987,5.464315414428711
1747273824.8982182,-2.833887508484634,-6.301601489345503,3.767728805541992
1747273824.921664,-2.832204755169505,-6.261003020714246,7.267951965332031
1747273824.9421895,-2.8294783912389887,-6.202347155350952,4.448413848876953
1747273824.955857,-2.830742926823347,-6.160856566083708,3.679037094116211
1747273824.9771416,-2.832130443753068,-6.110776361205803,5.391836166381836
1747273825.0000784,-2.833435295004552,-6.0516750647543045,3.6618709564208984
1747273825.0221741,-2.858716351130709,-6.0107794319515495,4.687786102294922
1747273825.0405018,-2.867902552683128,-5.964846075533923,4.271268844604492
1747273825.0546198,-2.8699056286362428,-5.93849969536577,3.7488937377929688
1747273825.0757124,-2.88145104911243,-5.90556680970856,3.690958023071289
1747273825.1005375,-2.884473571708268,-5.866159407967401,4.333257675170898
1747273825.12076,-2.8913228376926057,-5.8404748966198445,3.802776336669922
1747273825.1428375,-2.910087190682331,-5.797867063205472,4.437685012817383
1747273825.1606941,-2.91541359102421,-5.749723547809041,4.434347152709961
1747273825.180481,-2.918755409685448,-5.70798498100963,4.059314727783203
1747273825.2005944,-2.9187770176423173,-5.659582564543464,4.083395004272461
1747273825.22014,-2.9130155784318252,-5.60812025260672,3.7860870361328125
1747273825.2405858,-2.9135390773822123,-5.56476668231346,3.8514137268066406
1747273825.2556903,-2.912346675669054,-5.529372521653024,3.8118362426757812
1747273825.281005,-2.9252179785816117,-5.477370850692754,4.108428955078125
1747273825.299306,-2.9294738172718087,-5.445978486087515,5.981922149658203
1747273825.3211353,-2.935485310100458,-5.386823256347315,4.26173210144043
1747273825.3412933,-2.931010155529635,-5.346175634119315,3.8993358612060547
1747273825.355563,-2.932419161252256,-5.31455253076684,3.5440921783447266
1747273825.380762,-2.924973053930538,-5.258601777272868,4.0493011474609375
1747273825.3960776,-2.921526374219879,-5.229484605689511,3.65447998046875
1747273825.4212961,-2.9199233463135945,-5.1676210720994185,4.135847091674805
1747273825.4413137,-2.91234326089286,-5.119743285910351,4.027128219604492
1747273825.455873,-2.915047353324236,-5.088087126341966,3.5653114318847656
1747273825.475361,-2.92017740923882,-5.027170579940085,3.6194324493408203
1747273825.5024605,-2.918757580844507,-4.948540931122045,5.789279937744141
1747273825.5221133,-2.919352364679407,-4.890933965056755,4.707098007202148
1747273825.5399976,-2.897269161172182,-4.845493728960769,3.7336349487304688
1747273825.560114,-2.875418288425153,-4.801755723760028,3.606081008911133
1747273825.5803368,-2.8612803923903583,-4.751911421430089,3.6880970001220703
1747273825.6011224,-2.8749808830262014,-4.689934639289948,4.417181015014648
1747273825.6171381,-2.878011533460884,-4.642292893475175,3.876209259033203
1747273825.6365318,-2.873201251837665,-4.5829045621359565,4.510402679443359
1747273825.6619422,-2.8649462448484933,-4.514358737521005,3.9300918579101562
1747273825.6808789,-2.8471692427864936,-4.464905865278663,3.8776397705078125
1747273825.6999652,-2.838977218584456,-4.412553783339245,3.627777099609375
1747273825.7157884,-2.83845415258486,-4.372696107609064,3.6919116973876953
1747273825.740977,-2.835179496727989,-4.3125465808701895,4.322290420532227
1747273825.7603319,-2.8273121884931434,-4.273798492151195,3.779172897338867
1747273825.781557,-2.8178846800737207,-4.218937683871889,4.440784454345703
1747273825.8026233,-2.8110328271097242,-4.163465421076538,5.865812301635742
1747273825.8212526,-2.804126806184334,-4.093064206869451,4.189491271972656
1747273825.8406296,-2.7545368641817585,-4.023441033159039,4.033088684082031
1747273825.8608057,-2.727858081588638,-3.9598683939763792,4.180192947387695
1747273825.8799663,-2.7179996545792955,-3.9084645625700722,3.7381649017333984
1747273825.9037478,-2.7029409991715685,-3.8479665258067564,6.778478622436523
1747273825.9210951,-2.68903039162426,-3.7916109010199883,4.217386245727539
1747273825.9397633,-2.6805986005799367,-3.738857701973958,3.6809444427490234
1747273825.96068,-2.653005220787211,-3.696088836391434,3.8836002349853516
1747273825.9801807,-2.6336773363960124,-3.646086728820141,3.8530826568603516
1747273826.0016596,-2.6202471157907348,-3.603065512436365,4.5623779296875
1747273826.017108,-2.612583729442272,-3.566617829872382,3.5729408264160156
1747273826.0353725,-2.567203862707603,-3.509436372313307,3.7488937377929688
1747273826.0551713,-2.5436522798470174,-3.4444421874937166,3.786325454711914
1747273826.080798,-2.5308545272171807,-3.374574281449945,4.071235656738281
1747273826.1004152,-2.483826178340159,-3.3100223409959812,3.7674903869628906
1747273826.1158323,-2.456139261118548,-3.2617223484461046,3.7484169006347656
1747273826.135511,-2.433158959062998,-3.2008061674057204,3.7450790405273438
1747273826.1613164,-2.388042381750369,-3.1240530048089017,4.204988479614258
1747273826.175294,-2.367916132903647,-3.073975474534334,3.804445266723633
1747273826.195776,-2.347325067070404,-3.0099745076431463,3.9832592010498047
1747273826.2211123,-2.336166226017869,-2.927604224340547,5.7525634765625
1747273826.3530123,-2.085148289674903,-2.5962345677805394,4.320621490478516
1747273826.3693938,-2.0373440255599937,-2.5556050414242,4.122495651245117
1747273826.3817852,-1.977577901438336,-2.4944500282806517,4.224061965942383
1747273826.401494,-1.9344578107089607,-2.4460953745298046,4.834413528442383
1747273826.4243686,-1.8996015747399801,-2.3992286491444808,7.038354873657227
1747273826.4443777,-1.8655414584839902,-2.3562199267211112,6.036996841430664
1747273826.4618332,-1.8323444451674096,-2.3078935100069433,4.976987838745117
1747273826.481139,-1.8003830170649606,-2.2627338770171197,4.943370819091797
1747273826.5027275,-1.7307501971988242,-2.2014701976624798,6.086826324462891
1747273826.5226798,-1.6684236061363,-2.1548678717208194,4.383563995361328
1747273826.5411308,-1.5909442609576185,-2.0876782777757645,4.286289215087891
1747273826.561987,-1.549201154337729,-2.0180218546493136,4.793882369995117
1747273826.5810115,-1.4897322542021418,-1.9529373763153128,4.456520080566406
1747273826.6017969,-1.4337890129824336,-1.903326822029275,4.709005355834961
1747273826.6205015,-1.398032704739613,-1.8506755623247069,3.9260387420654297
1747273826.6410975,-1.3423067227013332,-1.792599775480496,4.668951034545898
1747273826.6607356,-1.297069279401186,-1.7502923222318383,4.283428192138672
1747273826.6818633,-1.2606891304445154,-1.7030881638572506,4.477262496948242
1747273826.7026644,-1.2165922382434067,-1.6600858814405979,5.750894546508789
1747273826.7221055,-1.1394937966547378,-1.6236165101106304,4.267692565917969
1747273826.7426093,-1.046356495559571,-1.5890407424339097,6.143093109130859
1747273826.7629244,-1.016946242142279,-1.537976668585624,6.004095077514648
1747273826.7825089,-0.977771993289273,-1.501922080687894,5.461215972900391
1747273826.8006845,-0.9447600976295284,-1.47716732993598,3.853321075439453
1747273826.820666,-0.8810092015651652,-1.4368725842187733,4.267692565917969
1747273826.8423607,-0.813757541480436,-1.4111724910230108,4.796028137207031
1747273826.856295,-0.7815632949479958,-1.3959273650730628,3.759622573852539
1747273826.88474,-0.7061031281064667,-1.3632650296056814,6.13713264465332
1747273826.9000561,-0.6202841901167788,-1.3492522193198424,3.7963390350341797
1747273826.9237952,-0.4968140288035291,-1.3349805109213562,6.713628768920898
1747273826.944488,-0.38487671725756717,-1.3175293155563204,7.053136825561523
1747273826.9616647,-0.3112338387826636,-1.2800689052049747,4.227638244628906
1747273826.9809487,-0.2325160494657453,-1.247502641435366,4.322528839111328
1747273827.0011,-0.16771818836217187,-1.2272553383532785,4.669189453125
1747273827.0223956,-0.11362267455536859,-1.2134574591995901,5.381345748901367
1747273827.041335,-0.056388882247480336,-1.2059958824926256,3.9980411529541016
1747273827.062398,0.002084705776439987,-1.2085743358191015,5.646228790283203
1747273827.0828826,0.1351919279926725,-1.207428432444463,5.699872970581055
1747273827.1025887,0.2560559862805354,-1.2128590112151847,6.107330322265625
1747273827.1228461,0.35690847652527713,-1.2156107927012063,5.404233932495117
1747273827.1400735,0.4419503732108512,-1.2247602853548933,3.7636756896972656
1747273827.1626558,0.518159952067835,-1.236332412688916,6.06989860534668
1747273827.18072,0.5724053728305384,-1.2540672654526488,4.354953765869141
1747273827.2005992,0.600139147986503,-1.2724197972107723,3.7221908569335938
1747273827.2153397,0.5972039732570058,-1.2835601091357371,3.6287307739257812
1747273827.2412834,0.5984904413131185,-1.3032406511632906,4.713296890258789
1747273827.2603195,0.6179779372414892,-1.3160881559894926,4.5928955078125
1747273827.275559,0.655260111573089,-1.3281745044009674,3.6361217498779297
1747273827.301524,0.8002632818199046,-1.3456779386094369,5.159854888916016
1747273827.319366,0.8629878134425638,-1.359695411557352,3.622770309448242
1747273827.3412771,0.9572177944767695,-1.3843025993855158,4.894256591796875
1747273827.3632097,1.0338343385531024,-1.4045849920503632,6.255149841308594
1747273827.3814733,0.9520131141291303,-1.430920422886592,4.529237747192383
1747273827.4011965,0.9422516785749369,-1.4477236418184378,4.810571670532227
1747273827.4239404,0.9593471325482337,-1.4644471391850113,6.906986236572266
1747273827.44119,0.9968718253284437,-1.4961815745826406,4.387855529785156
1747273827.4598422,1.0433177425660667,-1.5168360952825508,3.4797191619873047
1747273827.4837413,1.0926078920425195,-1.531177653215874,6.285667419433594
1747273827.5036988,1.1221773960803472,-1.5672407540057927,6.226539611816406
1747273827.5252604,1.1631820687995469,-1.5911649451955527,7.703304290771484
1747273827.5457075,1.204946832323359,-1.607256387689897,4.34565544128418
1747273827.5598285,1.2372866274614873,-1.618241775138231,3.4720897674560547
1747273827.580102,1.2630973761836515,-1.640625719371239,3.465414047241211
1747273827.6000607,1.28788312167905,-1.664593618679362,3.6165714263916016
1747273827.6208568,1.3155099873896832,-1.6855740286193115,3.7469863891601562
1747273827.6401849,1.347547369189718,-1.720794784338341,3.5631656646728516
1747273827.661032,1.379694189546152,-1.7570882137765003,3.912210464477539
1747273827.6833503,1.4168929950120537,-1.7796862697817508,5.764245986938477
1747273827.6980066,1.4716937131277026,-1.8204154294385497,3.6957263946533203
1747273827.724185,1.515221544489331,-1.8513472826944064,7.250070571899414
1747273827.7401402,1.555758979519415,-1.8707264459686375,3.4894943237304688
1747273827.759981,1.595906803607723,-1.8936744479627954,3.5605430603027344
1747273827.7799418,1.6566722354016032,-1.9333923621235258,3.4449100494384766
1747273827.8001904,1.7095539401610844,-1.9636242366854997,3.684520721435547
1747273827.8208878,1.7777061642940613,-1.9819047237312677,4.419803619384766
1747273827.8411615,1.836399873688457,-2.0223027885410714,4.395008087158203
1747273827.861136,1.8836291839159989,-2.062057345821637,4.5566558837890625
1747273827.8835588,1.9145425734182946,-2.092467780341693,5.785703659057617
1747273827.902103,1.9945420173570814,-2.1443704728256288,4.535436630249023
1747273827.9227064,2.037632070591556,-2.1745567788265356,5.55419921875
1747273827.9417412,2.0785036696721986,-2.195214286926506,5.026817321777344
1747273827.9558632,2.099158289994305,-2.205233814642317,4.363536834716797
1747273827.9832253,2.19088078586635,-2.2595382143388707,4.571199417114258
1747273828.0024078,2.2469564631186714,-2.2951287225968744,5.498170852661133
1747273828.0228696,2.2754165544408798,-2.320888688790396,5.352497100830078
1747273828.0423093,2.353497858545894,-2.366025165356047,5.230903625488281
1747273828.0608537,2.4054732586255883,-2.40334548299735,4.374027252197266
1747273828.0830593,2.443968457165782,-2.435079764661741,6.090879440307617
1747273828.1023042,2.5130856315445356,-2.479124384921792,5.425930023193359
1747273828.1275818,2.5941669819284976,-2.5197813672718206,9.087085723876953
1747273828.14593,2.646344211478226,-2.556299683415354,5.877971649169922
1747273828.161802,2.713169089774955,-2.6020094980456747,4.450798034667969
1747273828.1823037,2.7473917648098225,-2.638080219449858,5.605220794677734
1747273828.2012537,2.770726389812534,-2.6654824881644914,4.5795440673828125
1747273828.2220883,2.869134524689056,-2.6967133343771184,4.259586334228516
1747273828.2412546,2.930606093437119,-2.7294498188762257,4.561424255371094
1747273828.2607524,2.9693009278372062,-2.7592574736771245,4.078149795532227
1747273828.2820237,2.9872918252501592,-2.7878726510334357,5.499839782714844
1747273828.30311,3.034638484863146,-2.8306817252111354,5.845069885253906
1747273828.319867,3.0538785905865216,-2.865278155039128,3.9191246032714844
1747273828.3415732,3.0914985110055437,-2.9146813801119067,5.046367645263672
1747273828.361619,3.180604505341415,-2.9662038778576876,4.908323287963867
1747273828.3817747,3.21497860847795,-2.9994564792331015,4.393815994262695
1747273828.4016166,3.2290101383957044,-3.021690517344046,6.648540496826172
1747273828.4219308,3.305085221818196,-3.086263271283497,5.13768196105957
1747273828.441382,3.3461847848145845,-3.127395659157147,4.171609878540039
1747273828.461006,3.366644918017849,-3.171035638603816,4.2400360107421875
1747273828.4851553,3.424936764114463,-3.2187065691380727,6.0634613037109375
1747273828.5050178,3.453939291963035,-3.2660424533043164,6.415367126464844
1747273828.529824,3.476740227354028,-3.3075100944231326,4.242658615112305
1747273828.5526714,3.542452897195495,-3.3637631213149928,3.9823055267333984
1747273828.5686922,3.5806826400737157,-3.408169124097538,4.055261611938477
1747273828.5830941,3.602259018391466,-3.4597511901532503,5.855798721313477
1747273828.6027973,3.632172476287026,-3.514243802621342,6.206989288330078
1747273828.6244736,3.6112110922654805,-3.5491282320593287,5.038261413574219
1747273828.6442149,3.59107624491465,-3.580568402291226,5.293130874633789
1747273828.6613247,3.5906653478207544,-3.6274303284449445,4.334449768066406
1747273828.6816034,3.588729159032995,-3.678580156228914,4.168987274169922
1747273828.702583,3.5837246204132502,-3.728890506301279,5.0601959228515625
1747273828.7233777,3.588331838851838,-3.8034725353188277,4.438877105712891
1747273828.7406623,3.57650644588817,-3.864719185632161,3.9069652557373047
1747273828.7606962,3.565383867573953,-3.93171625446608,3.823995590209961
1747273828.7805538,3.569160845597955,-3.9926441589789907,3.859281539916992
1747273828.8025007,3.57020745307225,-4.055861282523856,4.71186637878418
1747273828.8221543,3.5633511382466367,-4.1160679553703226,4.914283752441406
1747273828.8409731,3.5526617264496005,-4.1536137665697455,4.758119583129883
1747273828.8602405,3.5478544220314037,-4.2255322639361514,3.773212432861328
1747273828.8810964,3.5769305699961462,-4.291534193901853,4.168033599853516
1747273828.8981175,3.6584033875337827,-4.348085801806463,6.212949752807617
1747273828.92287,3.739567883979343,-4.440094222756138,4.988670349121094
1747273828.9432788,3.76991435872136,-4.516338882549892,6.166696548461914
1747273828.9620101,3.7833530585990456,-4.587292843835253,5.088567733764648
1747273828.982079,3.785106522251414,-4.657693907474501,5.195140838623047
1747273829.0052605,3.7830571018384758,-4.726023508089985,7.267951965332031
1747273829.0214393,3.778275800407236,-4.78640681382143,4.605770111083984
1747273829.0441527,3.76247542465277,-4.845682232713449,6.356477737426758
1747273829.0612903,3.736197493745008,-4.91294185814578,4.593849182128906
1747273829.0833173,3.706831899157503,-4.990459224981723,6.385087966918945
1747273829.1036613,3.6814033519907152,-5.054335995213867,6.4792633056640625
1747273829.1253924,3.636997854884974,-5.1259306672206,6.609201431274414
1747273829.1434476,3.5509747153869022,-5.203143588932083,6.577491760253906
1747273829.161898,3.4952982934923633,-5.266559084629058,4.288196563720703
1747273829.1828723,3.4587134422719275,-5.321252051584662,5.873441696166992
1747273829.202767,3.4356335182587,-5.375954297530437,5.787372589111328
1747273829.2226176,3.4216315690978316,-5.42892257055552,5.417823791503906
1747273829.2419693,3.3720275647651854,-5.4883129683741645,4.761934280395508
1747273829.2610195,3.3257756555155207,-5.551885978106184,4.241943359375
1747273829.2809172,3.2992837522784093,-5.607280124991618,4.297018051147461
1747273829.3028417,3.2776091393280877,-5.655882150249525,5.48863410949707
1747273829.321719,3.2672165101573425,-5.695121990854373,4.862308502197266
1747273829.3408809,3.2651776281185683,-5.735988729211927,4.169225692749023
1747273829.3610168,3.2853875293545216,-5.788843044352462,4.369497299194336
1747273829.3814943,3.2597893166473986,-5.832769811950868,4.662513732910156
1747273829.4005425,3.2424274177007675,-5.868508256524482,3.856182098388672
1747273829.4231198,3.2487982978875003,-5.924418931521661,5.913734436035156
1747273829.4414186,3.186313782387315,-5.951230931350519,7.14874267578125
1747273829.4612067,3.1790546520108625,-6.008812365950042,4.2400360107421875
1747273829.4816306,3.1810405075490147,-6.0497000307053606,4.767656326293945
1747273829.5024984,3.1476341009607305,-6.107860829103777,5.336999893188477
1747273829.5223258,3.1296197276284228,-6.166838664640792,5.125522613525391
1747273829.5419612,3.1191188007572617,-6.218131359931352,4.391193389892578
1747273829.5646787,3.115069205240183,-6.2683350904856345,6.384611129760742
1747273829.582541,3.1001676325431586,-6.332812084836511,5.395174026489258
1747273829.6027126,3.087522942713749,-6.3874231277253575,5.95545768737793
1747273829.6176586,3.0874223220465886,-6.433456528642067,3.8139820098876953
1747273829.6417544,3.0485037473616354,-6.495887244148762,5.01561164855957
1747273829.66178,3.0161746454703176,-6.544696395478,5.089998245239258
1747273829.6813083,2.99286358657147,-6.587026293582374,4.613161087036133
1747273829.7022505,2.9664186363349905,-6.626670913698642,5.157709121704102
1747273829.7212362,2.939950259936698,-6.6631875880432005,4.494667053222656
1747273829.741608,2.919932002984723,-6.705386003033896,4.879236221313477
1747273829.7563531,2.904512431132649,-6.734220890123064,3.741025924682617
1747273829.7812722,2.8325937708100044,-6.783336254227784,4.359245300292969
1747273829.8018022,2.7790452893022053,-6.8294225813426745,4.94384765625
1747273829.8218567,2.7302927174296157,-6.873391644685384,5.166530609130859
1747273829.841321,2.6902680804135493,-6.895039626279547,4.492282867431641
1747273829.8609564,2.659944924789573,-6.910571456589735,4.168033599853516
1747273829.8758311,2.6389497942868387,-6.924381449008205,3.8459300994873047
1747273829.9039714,2.5847107086118353,-6.940937921648872,6.726741790771484
1747273829.9268672,2.5729715903672075,-6.951389152809129,4.2018890380859375
1747273829.9416497,2.5704315482646583,-6.960998479872116,4.714250564575195
1747273829.9563396,2.490267545382168,-6.972167866075345,3.9632320404052734
1747273829.9773333,2.409771325825746,-6.978327203723931,3.7627220153808594
1747273830.0024958,2.345793089774213,-6.992416948764625,4.549980163574219
1747273830.0285714,2.3197442591491972,-6.998532981210184,9.693622589111328
1747273830.0454974,2.3010942249908695,-6.9967376733201725,5.276918411254883
1747273830.0615296,2.279502632888826,-6.987627473767143,4.328250885009766
1747273830.0831704,2.2624844896790295,-6.981971172584142,5.223989486694336
1747273830.1025155,2.2471764258577136,-6.985656917152951,4.82940673828125
1747273830.1219292,2.248401403293718,-6.979819387097839,4.471302032470703
1747273830.141244,2.245745904381846,-6.977957411049258,4.4994354248046875
1747273830.1611464,2.2480492978156814,-6.980155161620044,4.495382308959961
1747273830.180281,2.242820321922366,-6.976755074751903,3.651142120361328
1747273830.200632,2.2037769875847677,-6.965547882362887,4.008293151855469
1747273830.221081,2.1766429273319208,-6.95875864178516,4.332780838012695
1747273830.2425482,2.167599123914749,-6.9490211030158395,4.658937454223633
1747273830.261612,2.0970990024788208,-6.963093760277848,4.524946212768555
1747273830.2809935,2.045835106373332,-6.966470506299705,3.841876983642578
1747273830.301656,2.007565364593592,-6.968268425741826,4.376888275146484
1747273830.3235648,1.9492312146467585,-6.968171101030404,5.533933639526367
1747273830.3359654,1.9289359825383174,-6.965274450805891,3.442049026489258
1747273830.3553076,1.9092991661652947,-6.956175343635222,3.5986900329589844
1747273830.3815188,1.8811740175402163,-6.943536907127996,4.311800003051758
1747273830.400421,1.8254334139829322,-6.935228658016497,3.606081008911133
1747273830.4171827,1.7976858823068484,-6.929389978400086,5.172252655029297
1747273830.4421911,1.7690817556949812,-6.9219417046566365,5.441904067993164
1747273830.4625204,1.709941103522038,-6.9144263149078435,5.4111480712890625
1747273830.483774,1.6760161770794937,-6.9057396855218025,6.930351257324219
1747273830.5070677,1.6547604950183166,-6.894116040369889,3.68499755859375
1747273830.527585,1.609691896010813,-6.899657289805217,3.5338401794433594
1747273830.5430872,1.5857696285785745,-6.8985284846062065,5.397558212280273
1747273830.5566385,1.578951288772262,-6.9023258818011195,3.794431686401367
1747273830.58298,1.5060477944031962,-6.894076055949954,4.952192306518555
1747273830.6024575,1.4664823514418854,-6.891154159157281,4.607439041137695
1747273830.6206794,1.4365999299974181,-6.886315139516727,3.717184066772461
1747273830.6430643,1.4213838685442484,-6.881846090860781,4.076957702636719
1747273830.6603174,1.3467264931011567,-6.850728530764392,3.4754276275634766
1747273830.6809967,1.2928632545407837,-6.826857296216909,3.4792423248291016
1747273830.704057,1.266162855910708,-6.812940820697001,5.316257476806641
1747273830.727936,1.1832699793881123,-6.809787644317583,4.120111465454102
1747273830.7431118,1.1316442646092837,-6.801441139999483,4.129171371459961
1747273830.7620428,1.095399587303162,-6.790177381620732,4.848480224609375
1747273830.78088,1.0036676718304505,-6.769984131227752,4.0683746337890625
1747273830.8007257,0.9690080182448555,-6.759945156840866,3.763914108276367
1747273830.8223484,0.9532006348718177,-6.748148744907957,4.314661026000977
1747273830.8437164,0.8804358424543556,-6.75687147990987,5.455970764160156
1747273830.8607228,0.8307479388920688,-6.759511623499438,3.700733184814453
1747273830.8822513,0.7956493027591499,-6.759849713684635,5.019426345825195
1747273830.900954,0.7700572361163492,-6.762443275450288,3.612518310546875
1747273830.9220955,0.7014469750368186,-6.771597176981888,4.986763000488281
1747273830.9424193,0.6553411294265583,-6.772066416667945,5.216121673583984
1747273830.961974,0.6329053354374787,-6.774876642254385,4.953145980834961
1747273830.9849086,0.559257284837534,-6.790824180834525,6.75654411315918
1747273831.0026848,0.4988746499402295,-6.801671454746442,4.905939102172852
1747273831.0262785,0.46224231579716035,-6.8108684380347135,4.664182662963867
1747273831.0432756,0.40214647357917443,-6.8181188082182524,5.564212799072266
1747273831.0637612,0.3616175745995204,-6.831393512534482,4.985570907592773
1747273831.0787783,0.35145859629174764,-6.851482187586114,4.403352737426758
1747273831.1018202,0.30562495972466874,-6.867271667381006,4.655361175537109
1747273831.1191292,0.2601420744266072,-6.865901709562957,4.723787307739258
1747273831.1369982,0.21919867664582565,-6.876679393608722,3.6134719848632812
1747273831.1610303,0.1871897846595406,-6.880894461417171,4.041194915771484
1747273831.1808262,0.10119063639576054,-6.897714028415296,3.7920475006103516
1747273831.200496,0.04136492193216064,-6.908242479086055,3.554821014404297
1747273831.220829,0.009874803744226675,-6.913025495482418,3.603696823120117
1747273831.3562653,-0.24371765222605543,-7.034385750701175,4.365205764770508
1747273831.3720608,-0.29950172411084197,-7.076855408009669,3.5479068756103516
1747273831.3907592,-0.3420612718332354,-7.111584370534095,3.6427974700927734
1747273831.4060004,-0.36598963348572006,-7.136747846320822,4.502773284912109
1747273831.4322288,-0.383362410876586,-7.1566307346938,11.259317398071289
1747273831.4471605,-0.45068853661034614,-7.174264321304516,3.7636756896972656
1747273831.4596674,-0.5067615860484922,-7.2056760591102655,3.484487533569336
1747273831.484616,-0.5428821787524511,-7.231088153230404,4.988670349121094
1747273831.503195,-0.6224502999566315,-7.27192364672254,5.573511123657227
1747273831.520952,-0.6716885589332564,-7.3049587862025325,3.9167404174804688
1747273831.5406444,-0.7017193251903933,-7.334941097098993,3.822803497314453
1747273831.5622394,-0.7846655769802627,-7.359686567110367,4.8618316650390625
1747273831.5803092,-0.8372218735160304,-7.380801474982913,3.5219192504882812
1747273831.6009672,-0.8751742957457963,-7.405569491181806,4.033803939819336
1747273831.624339,-0.899913578644253,-7.427120375113201,6.67262077331543
1747273831.642933,-0.9706136523061741,-7.44517671767577,5.925416946411133
1747273831.6606205,-1.019176903547415,-7.456146933430248,3.4284591674804688
1747273831.683782,-1.04802443159407,-7.4697274380731935,5.613803863525391
1747273831.7007775,-1.1347943719840639,-7.478582946605157,3.60870361328125
1747273831.721995,-1.197502668409458,-7.493209445240703,4.389047622680664
1747273831.7373846,-1.2261133883395088,-7.499773496332496,4.400730133056641
1747273831.7564065,-1.2517439624219353,-7.512381302226045,3.4286975860595703
1747273831.7756608,-1.3203400999677075,-7.513038716230652,3.5371780395507812
1747273831.8018835,-1.3762272954294945,-7.521656872682925,4.868745803833008
1747273831.821257,-1.4078294833416454,-7.529931822621154,4.350900650024414
1747273831.8420715,-1.4671496270027184,-7.527587011317977,4.825353622436523
1747273831.8615322,-1.5086443243526668,-7.532098696839105,4.220724105834961
1747273831.8837442,-1.5490883255292538,-7.532189488158263,6.257057189941406
1747273831.9141703,-1.6396666854574058,-7.530478733198435,5.712270736694336
1747273831.9283433,-1.7168299425480604,-7.534674065921421,3.706216812133789
1747273831.9514658,-1.7849268881074916,-7.5315150275554785,5.394458770751953
1747273831.9765263,-1.8513343404175748,-7.524901868308811,4.606485366821289
1747273831.9903615,-1.9022471115549118,-7.519411085829294,5.489587783813477
1747273832.0043538,-1.9407474853625848,-7.516786227305782,6.062984466552734
1747273832.0199602,-1.9661829578044296,-7.509932115814632,3.9873123168945312
1747273832.036808,-1.9828588403756235,-7.508597445256976,4.148960113525391
1747273832.0563898,-2.0363914676523334,-7.492611536317144,4.097700119018555
1747273832.076428,-2.070986974755425,-7.478767766957527,4.1980743408203125
1747273832.1024842,-2.097940386359036,-7.467204770594818,4.355907440185547
1747273832.1233375,-2.1530082903474694,-7.449413628418781,5.148649215698242
1747273832.142907,-2.1866158887485083,-7.4344491271934965,5.074024200439453
1747273832.1633763,-2.209211340317962,-7.421585867925289,5.140781402587891
1747273832.1827543,-2.218493809404091,-7.4149830145308515,4.923820495605469
1747273832.201616,-2.2701020799510396,-7.401230169474187,4.38237190246582
1747273832.22247,-2.297534465423049,-7.395696414353421,5.080699920654297
1747273832.2423322,-2.314312797699146,-7.387388978543458,4.929304122924805
1747273832.2629194,-2.357833289703997,-7.374112388602366,4.707098007202148
1747273832.2835763,-2.3851734716539665,-7.3573966392928964,6.2351226806640625
1747273832.298177,-2.3959446979683734,-7.3446541196283155,3.9534568786621094
1747273832.322268,-2.451403467699482,-7.319580066278134,5.098104476928711
1747273832.3429832,-2.489895319850682,-7.296419340374354,5.783796310424805
1747273832.3651679,-2.505485401518207,-7.275612903818467,6.73365592956543
1747273832.3825836,-2.5415418267661063,-7.24904692587656,5.147695541381836
1747273832.4035335,-2.5626687078922394,-7.216017122233297,5.636453628540039
1747273832.4298036,-2.56826008223188,-7.198165155183163,11.583566665649414
1747273832.4453602,-2.583045821208375,-7.173697517354394,6.112098693847656
1747273832.4598536,-2.5882596602420755,-7.162016680144916,3.8411617279052734
1747273832.477705,-2.594511023019492,-7.147801830808955,3.8869380950927734
1747273832.501562,-2.601141292859784,-7.130202288230569,4.268646240234375
1747273832.5219479,-2.6156041267646986,-7.1049360760781,4.513263702392578
1747273832.5419507,-2.622400225888053,-7.08521906970805,4.413127899169922
1747273832.5619576,-2.628430214952433,-7.069096722129055,4.606962203979492
1747273832.5769026,-2.664396048983817,-7.047251377087294,3.718852996826172
1747273832.6022341,-2.686010844917464,-7.013408177369198,5.172491073608398
1747273832.626177,-2.692408841592435,-6.9939342784531195,6.134986877441406
1747273832.6386995,-2.6958678192279537,-6.983581862069183,3.5812854766845703
1747273832.661024,-2.7238051781988095,-6.955129667487766,3.96728515625
1747273832.6810384,-2.7347503342322006,-6.932960288558414,3.9513111114501953
1747273832.7034779,-2.7329513248695427,-6.914118857185588,5.681514739990234
1747273832.7219453,-2.736570574228536,-6.891422610930744,4.652738571166992
1747273832.7419024,-2.740281950366818,-6.87549345721232,4.374265670776367
1747273832.7627497,-2.740940706655343,-6.862613532596936,5.202293395996094
1747273832.7817273,-2.755204308436438,-6.827540008116964,4.503965377807617
1747273832.7962132,-2.7630177789275763,-6.808818006012208,3.7293434143066406
1747273832.821407,-2.772317298072365,-6.782008744208215,4.094600677490234
1747273832.8436582,-2.7698961041101327,-6.744604655143273,5.666017532348633
1747273832.8621383,-2.7711472779673634,-6.71365756444934,4.511833190917969
1747273832.8860297,-2.774777722905346,-6.67971938429494,6.538867950439453
1747273832.9061959,-2.7769738196452085,-6.656114302503215,8.00633430480957
1747273832.9228208,-2.782409444390793,-6.612587298467558,5.245447158813477
1747273832.9486864,-2.78754288488854,-6.5801405107420115,10.725975036621094
1747273832.9673703,-2.7942326442203598,-6.553193980285016,4.126787185668945
1747273832.9832485,-2.7962455058668456,-6.510452748038927,5.363941192626953
1747273833.003169,-2.80001283526616,-6.48261799713392,5.7773590087890625
1747273833.0254667,-2.8090730619537485,-6.451463961765869,6.957054138183594
1747273833.045533,-2.8235391585909486,-6.41332215857908,4.841804504394531
1747273833.0625017,-2.83120781177996,-6.375753497657349,4.970550537109375
1747273833.0822957,-2.8386148878226405,-6.337594886219013,5.056858062744141
1747273833.1050997,-2.8479223422277657,-6.305059202602395,5.8917999267578125
1747273833.1223843,-2.8517088630764476,-6.261660021439636,4.851818084716797
1747273833.1431847,-2.8513248174594787,-6.210350345939205,5.8155059814453125
1747273833.1648905,-2.852858144810818,-6.162642286898771,5.339384078979492
1747273833.1812446,-2.8699297807424395,-6.123456490609901,3.742218017578125
1747273833.2016578,-2.8771632140575183,-6.086605955354246,4.056453704833984
1747273833.2180648,-2.8780767608954965,-6.058412541058746,3.702402114868164
1747273833.2411888,-2.8940629986824926,-5.994032716957654,3.814220428466797
1747273833.2618873,-2.901592147665592,-5.941350600800593,4.015207290649414
1747273833.2812932,-2.9039841135381734,-5.901111999064966,3.938913345336914
1747273833.3010747,-2.923359714933721,-5.858485987396855,3.6940574645996094
1747273833.317488,-2.939950201932513,-5.820468754893841,3.8378238677978516
1747273833.3413472,-2.951058370917489,-5.774194527045673,3.907918930053711
1747273833.35658,-2.962761678882334,-5.757883838544274,3.8475990295410156
1747273833.3843558,-2.9667686689364183,-5.719171938786211,6.043672561645508
1747273833.4116213,-2.9630512325537186,-5.6781406372553835,7.194280624389648
1747273833.4706385,-2.9585146545558607,-5.551541161607987,4.497289657592773
1747273833.4901502,-2.953996035548979,-5.518052978893934,4.543781280517578
1747273833.50428,-2.9728783421401332,-5.470179453457394,5.428314208984375
1747273833.5238922,-2.983863385418825,-5.4283183886372,5.795001983642578
1747273833.5427248,-2.9902386658902413,-5.3756443804819005,4.846811294555664
1747273833.562027,-3.001780256142543,-5.317920862622283,4.149436950683594
1747273833.5822904,-3.0088057874851386,-5.266214060932522,4.651784896850586
1747273833.6018836,-3.0095124225561194,-5.217524687098283,4.390478134155273
1747273833.6218104,-3.0097088870944466,-5.166591977792678,4.153251647949219
1747273833.6413505,-3.011497654921563,-5.122917061292584,3.9997100830078125
1747273833.6802158,-3.01016509707743,-5.0546611612469725,5.099773406982422
1747273833.697072,-3.0068319373923695,-5.001573308017959,4.20689582824707
1747273833.7124767,-2.998795189057826,-4.959466181189349,4.06646728515625
1747273833.73254,-2.9888615804530523,-4.913199248641142,4.613637924194336
1747273833.748944,-2.9841978872940964,-4.8612515161106105,4.179954528808594
1747273833.7782652,-2.9677438055017693,-4.8017524790123405,7.578849792480469
1747273833.7933187,-2.960733381082337,-4.762900959376982,4.726409912109375
1747273833.8076308,-2.960375448288175,-4.700505537411705,3.706693649291992
1747273833.8225446,-2.9403947725308246,-4.64617757974221,4.603385925292969
1747273833.8411124,-2.9240787975972116,-4.592796436880768,3.6733150482177734
1747273833.8617868,-2.9142800626938636,-4.5356700386908155,3.796100616455078
1747273833.8816218,-2.906162555261353,-4.480216463663445,3.8874149322509766
1747273833.9015884,-2.8594807639910584,-4.425324348165182,3.822803497314453
1747273833.9212806,-2.8443056560359072,-4.372846330081512,3.960132598876953
1747273833.9431891,-2.838103799521877,-4.327402909728953,5.499124526977539
1747273833.962187,-2.834402112132409,-4.282528053510291,4.722833633422852
1747273833.9824595,-2.8306022232600685,-4.230051616981855,4.320859909057617
1747273834.0014868,-2.819580936079776,-4.164693975082779,4.154443740844727
1747273834.0162332,-2.812652864772941,-4.126322390468702,3.597259521484375
1747273834.0463116,-2.805894424103673,-4.060483569295169,8.336305618286133
1747273834.0661705,-2.780321482086753,-4.005906270547937,3.934621810913086
1747273834.0827262,-2.770077288820387,-3.9414350247408296,5.275487899780273
1747273834.102148,-2.7612598227096954,-3.878694604803999,4.624605178833008
1747273834.118742,-2.7141232887565634,-3.850234853767902,5.340337753295898
1747273834.1414876,-2.6841057496877343,-3.787196537572267,3.9832592010498047
1747273834.1621552,-2.670550872625186,-3.7475629827773758,4.527568817138672
1747273834.183841,-2.6437245923304724,-3.6620242558225202,4.4307708740234375
1747273834.2031043,-2.6317460139677205,-3.582855177674882,5.4531097412109375
1747273834.2229223,-2.616033954212977,-3.5178179844089645,5.421161651611328
1747273834.2425551,-2.606330530843676,-3.469722464975432,5.260705947875977
1747273834.2627156,-2.5691214705085588,-3.38842644513096,5.054712295532227
1747273834.2840362,-2.546881453537074,-3.330316819099235,6.396770477294922
1747273834.3043616,-2.5297059286483115,-3.2772497249856576,6.796121597290039
1747273834.32236,-2.498083686698667,-3.2017916427585686,4.761219024658203
1747273834.3437345,-2.468579096203188,-3.144373812067237,5.763769149780273
1747273834.3680055,-2.449059547615,-3.0796790825622145,7.158041000366211
1747273834.3867936,-2.390224920394925,-3.0245154491356514,7.333993911743164
1747273834.4038122,-2.35860297317627,-2.9636511180140968,4.3468475341796875
1747273834.4214966,-2.3358402208766162,-2.912372541537139,4.020452499389648
1747273834.4419453,-2.3159604394074513,-2.870028949423788,4.578351974487305
1747273834.4617045,-2.266844931877475,-2.825978547129901,4.207134246826172
1747273834.4819036,-2.2234260276465934,-2.769296441722512,4.453420639038086
1747273834.5015912,-2.1863933674458758,-2.719013204137601,4.082679748535156
1747273834.521677,-2.136000622077492,-2.6582927301871355,4.312276840209961
1747273834.5420332,-2.0908809227659573,-2.6020015846936815,4.324913024902344
1747273834.5626762,-2.058164977106449,-2.5534634506366864,4.369258880615234
1747273834.581767,-2.019467668409302,-2.4945526972807675,5.182981491088867
1747273834.6050067,-1.9624938924323052,-2.415185745784157,6.916284561157227
1747273834.6262746,-1.9307995853350346,-2.3756443733848447,6.318092346191406
1747273834.6433268,-1.8927748871287615,-2.3265143473079406,5.508184432983398
1747273834.6628394,-1.853202993473004,-2.268879306814297,5.979776382446289
1747273834.6773944,-1.818604245951191,-2.222752430240446,4.257678985595703
1747273834.7036297,-1.7740129907152815,-2.1719280331433977,6.008386611938477
1747273834.7228298,-1.7277279312321716,-2.1095505231758556,4.442691802978516
1747273834.7376006,-1.6574832019902357,-2.0492452539155845,4.558086395263672
1747273834.7619307,-1.6056444023873646,-1.9913961467977874,4.068613052368164
1747273834.7826378,-1.5435582060450694,-1.9307533972529503,4.725217819213867
1747273834.8022847,-1.4887075952827225,-1.8851236399960882,4.475593566894531
1747273834.8218923,-1.4429993132852486,-1.8445465600630329,4.062175750732422
1747273834.8365421,-1.4017791808058218,-1.810322314717735,3.793478012084961
1747273834.8620636,-1.3614987532699552,-1.7449666604467284,3.937959671020508
1747273834.8820934,-1.3179451482400144,-1.6944954785876696,4.421234130859375
1747273834.902828,-1.2682085587670289,-1.6391937420838834,3.763914108276367
1747273834.9213092,-1.2177871796218083,-1.5955893759347575,3.8216114044189453
1747273834.941361,-1.1675086025455628,-1.5581903677547755,3.7882328033447266
1747273834.9613028,-1.1158378822448838,-1.5275553155055508,3.8335323333740234
1747273834.981326,-1.0727874469397412,-1.4827309504306216,3.7262439727783203
1747273834.9973679,-1.0369135692501557,-1.4509319724532628,4.15349006652832
1747273835.016508,-1.0009496495901586,-1.424016352983173,3.7620067596435547
1747273835.0428753,-0.9356051599104994,-1.3780385299101277,4.692316055297852
1747273835.0640528,-0.870469109348723,-1.348897721386927,5.371332168579102
1747273835.0847883,-0.7372209530969411,-1.3227414705267155,5.574703216552734
1747273835.0980794,-0.6084096104562826,-1.2974271326337876,3.942728042602539
1747273835.1225646,-0.5243803043207736,-1.2646339005815432,4.678964614868164
1747273835.151792,-0.44596944813846895,-1.2455476831601457,6.1511993408203125
1747273835.175959,-0.4895103427229403,-1.236181848470867,4.171848297119141
1747273835.1921227,-0.5286234833828032,-1.2249825098024703,4.208087921142578
1747273835.207219,-0.5250767749931624,-1.2093377974494433,4.34112548828125
1747273835.224634,-0.4760424485988112,-1.19138486882788,5.341529846191406
1747273835.243801,-0.42805229565579966,-1.1864843561780778,5.5904388427734375
1747273835.2608993,-0.396968559459747,-1.182268777554171,3.7360191345214844
1747273835.282579,-0.3458414217971808,-1.172456394800206,4.059791564941406
1747273835.2975023,-0.3007396343562008,-1.160728087014573,3.7403106689453125
1747273835.3237495,-0.22284957671954478,-1.1513001388348643,4.916191101074219
1747273835.336966,-0.18181469421368654,-1.1428774739702388,3.7403106689453125
1747273835.363696,-0.11997783405342381,-1.1541793736834147,5.574941635131836
1747273835.38591,-0.07663709373002354,-1.1605191177032144,6.463527679443359
1747273835.4037762,-0.03547385857093862,-1.160348404308931,4.542350769042969
1747273835.4238265,0.0015362598746210413,-1.162450637287451,4.456996917724609
1747273835.4372268,0.021398162030260688,-1.1597285047400523,3.6983489990234375
1747273835.465317,0.11319152975444571,-1.1825042884982886,5.425453186035156
1747273835.4815633,0.1791580513180566,-1.2077735855824203,3.6554336547851562
1747273835.506072,0.24787989732434149,-1.2245184455910991,7.208347320556641
1747273835.5247004,0.31277788176549315,-1.2378813778807578,4.363536834716797
1747273835.542439,0.38725105535720034,-1.257747155807922,4.524707794189453
1747273835.5639677,0.461336131806132,-1.2679607958807915,5.7735443115234375
1747273835.583971,0.5179365440532979,-1.278310665935451,5.702018737792969
1747273835.603962,0.5780275442987841,-1.3020868187042989,4.368066787719727
1747273835.6224456,0.6346106224686513,-1.3178700916935375,4.326343536376953
1747273835.6427307,0.6896259106848793,-1.332974500296005,4.497528076171875
1747273835.66305,0.7240428203800137,-1.3524120286354302,4.3964385986328125
1747273835.682408,0.739678102500295,-1.3568578304890573,3.8754940032958984
1747273835.7014434,0.7375620334606665,-1.3562630163813545,3.7279129028320312
1747273835.7237802,0.8353552101109125,-1.3892216927601564,4.473686218261719
1747273835.741995,0.9029645126867524,-1.4109342905810023,4.0149688720703125
1747273835.761833,0.9473992648844388,-1.4240973521378273,3.6487579345703125
1747273835.7823684,0.9811482603542292,-1.4359742078291584,4.168272018432617
1747273835.801566,1.0437510648771708,-1.4629937645813051,3.841876983642578
1747273835.822794,1.0956612774483874,-1.4800137365688766,5.24139404296875
1747273835.8415618,1.1423468593622892,-1.4955515121549288,3.862142562866211
1747273835.8612525,1.232799414411927,-1.5148762807068494,3.562450408935547
1747273835.881148,1.2981945580237328,-1.5273612842130109,3.596782684326172
1747273835.901218,1.3483863329234145,-1.5397361775384837,3.4246444702148438
1747273835.92337,1.4380609328401062,-1.5675976683092523,4.182100296020508
1747273835.9362266,1.4993857422498118,-1.5839350133585524,3.5295486450195312
1747273835.9622073,1.5626518197050303,-1.6036082776630254,4.2743682861328125
1747273835.9834557,1.6182838745689379,-1.6231072866679745,5.505800247192383
1747273836.0026398,1.7074410745758728,-1.6512122296132568,4.736661911010742
1747273836.0250375,1.7752614360382115,-1.6772511324560264,5.730628967285156
1747273836.042225,1.819686061645507,-1.6969887493420714,4.271745681762695
1747273836.0591905,1.9040203020515751,-1.7185913919199538,3.7484169006347656
1747273836.0845973,1.9914415534349106,-1.7413833172571198,4.965305328369141
1747273836.1072419,2.0263671693417873,-1.7513865669918216,7.151126861572266
1747273836.1232798,2.106047718545078,-1.7948383151668172,4.133939743041992
1747273836.1377826,2.1510597096304007,-1.8163697969932813,3.686666488647461
1747273836.1587455,2.184769817947365,-1.8392938125640967,5.36799430847168
1747273836.1829355,2.293977643640615,-1.8656942748887206,4.648685455322266
1747273836.2018206,2.350700158192273,-1.8882375797919886,3.9196014404296875
1747273836.2239695,2.3927609117743684,-1.9070935000584806,4.643917083740234
1747273836.2377524,2.401574737657316,-1.917531805031693,3.7353038787841797
1747273836.3872008,2.8156804502462687,-2.176792170218649,5.951404571533203
1747273836.407841,2.863893976319816,-2.21578945089107,7.203578948974609
1747273836.4330993,2.8971354410800565,-2.2500619467050194,4.72259521484375
1747273836.454896,2.973875577714634,-2.2950042376660726,5.539178848266602
1747273836.4770794,3.015778662597529,-2.3419297188583927,4.93311882019043
1747273836.496419,3.042833968866526,-2.376247774946167,4.455804824829102
1747273836.515874,3.101894954639567,-2.428015729243816,5.031824111938477
1747273836.5358982,3.1504692514635204,-2.4704571718232318,4.175901412963867
1747273836.5549884,3.191896968827088,-2.5019502605127197,5.970478057861328
1747273836.5778277,3.2833166116072836,-2.5342863890679026,6.965875625610352
1747273836.604167,3.324298978441261,-2.583219911036726,6.80994987487793
1747273836.6200538,3.3482499581311598,-2.6290688882950852,4.904747009277344
1747273836.6388512,3.372250509513172,-2.6817339554629323,4.0912628173828125
1747273836.6592433,3.3873515344670575,-2.7390524491110213,5.284547805786133
1747273836.674294,3.3962749865210804,-2.785762949159291,4.730939865112305
1747273836.6910932,3.397182213932929,-2.8136269347926897,3.912687301635742
1747273836.7057197,3.416215654577555,-2.868793323547235,5.325794219970703
1747273836.723283,3.4034419946645773,-2.914492491486117,4.516363143920898
1747273836.7449405,3.3914366195547596,-2.9674897104285023,5.658626556396484
1747273836.7618892,3.395858239460864,-3.0131597157381034,4.056215286254883
1747273836.7840617,3.4127564312042074,-3.061491768621091,5.815267562866211
1747273836.8016865,3.4525365161806443,-3.119435407445665,3.8945674896240234
1747273836.8228228,3.4869679161963862,-3.174308185352959,4.784345626831055
1747273836.8456895,3.5266174634135137,-3.245694592652915,6.179094314575195
1747273836.8659592,3.563078602779727,-3.3211913844150325,5.59687614440918
1747273836.8916018,3.5655316905143097,-3.3730758299894865,6.933450698852539
1747273836.913457,3.5927497331155402,-3.445403621126399,5.664587020874023
1747273836.9280584,3.6038638664124543,-3.5037087428374836,3.9262771606445312
1747273836.9452386,3.603621689592789,-3.5666231151240324,5.682468414306641
1747273836.9664176,3.6010336754760077,-3.613262825103902,7.9479217529296875
1747273836.9897573,3.598554399841161,-3.6599831044659927,3.9930343627929688
1747273837.0043428,3.573202489321313,-3.7233129201812556,4.535675048828125
1747273837.0269225,3.5621432414402223,-3.7998712835761292,7.622480392456055
1747273837.043492,3.547129681152392,-3.850732953625797,4.153251647949219
1747273837.0567048,3.5310391195859143,-3.8973270360901444,3.7398338317871094
1747273837.0817308,3.5097878624525967,-3.9739151370914927,3.9234161376953125
1747273837.1042647,3.5062556611743396,-4.008755169005152,5.694866180419922
1747273837.1250224,3.502782274127461,-4.0469155342897905,4.836320877075195
1747273837.1426919,3.5083914598114756,-4.100976496651422,4.1484832763671875
1747273837.162709,3.508998258161009,-4.153409811711421,4.509925842285156
1747273837.1844552,3.4982242820302853,-4.214692084908472,5.679845809936523
1747273837.2035785,3.4836622560952675,-4.277486771711812,5.358695983886719
1747273837.2224584,3.464745186771226,-4.352354912803735,4.03594970703125
1747273837.242706,3.373904317299148,-4.490017776873036,4.528045654296875
1747273837.2620418,3.3084489791040013,-4.582503943377362,3.9796829223632812
1747273837.2811725,3.365609989159633,-4.513790879402694,3.455638885498047
1747273837.2966807,3.354815127317046,-4.536725172589192,3.535032272338867
1747273837.3224618,3.3446276869550635,-4.60869183026012,4.649877548217773
1747273837.341585,3.3183943669126763,-4.667387223618239,3.8225650787353516
1747273837.3617034,3.3112981529649543,-4.7316039448209795,3.896951675415039
1747273837.383851,3.306923050454805,-4.792886082636626,5.614280700683594
1747273837.4020138,3.3090351862691274,-4.839183945555564,4.730939865112305
1747273837.4182887,3.3106101016330696,-4.8689521008962195,3.9420127868652344
1747273837.4431403,3.3106409356831827,-4.938001749884267,5.045652389526367
1747273837.4631565,3.3273266555827266,-4.980944314039922,5.030393600463867
1747273837.4820032,3.3367562369011368,-5.02892228802385,3.7550926208496094
1747273837.502918,3.3411220793354306,-5.07517662299876,4.779338836669922
1747273837.5224373,3.346293890229513,-5.1283768651289545,4.436969757080078
1747273837.5413928,3.3335351520457364,-5.191666718031036,3.6363601684570312
1747273837.564574,3.339216901555702,-5.249503265852842,5.792856216430664
1747273837.5879822,3.351657788933711,-5.302240192361088,3.6928653717041016
1747273837.602738,3.3488480345212857,-5.356668008484187,3.9772987365722656
1747273837.6226168,3.355926318964738,-5.408531073830021,4.4097900390625
1747273837.6448708,3.361461470541433,-5.458027307717638,3.976583480834961
1747273837.6627662,3.3550251285049137,-5.521984042214773,4.570722579956055
1747273837.6824381,3.356779911815251,-5.583393457885135,3.9224624633789062
1747273837.7021616,3.356973729097045,-5.644105114546316,4.131555557250977
1747273837.7220924,3.3298983407433815,-5.722636973947482,4.108190536499023
1747273837.736401,3.3127578883232194,-5.7726940819080195,3.591775894165039
1747273837.7642608,3.3076032213819,-5.842776901967537,5.495309829711914
1747273837.7903767,3.268896390030449,-5.908983155748008,5.833625793457031
1747273837.802978,3.2589672783285795,-5.946397023821012,4.134654998779297
1747273837.8214405,3.2555790143201304,-6.008376625920355,3.585338592529297
1747273837.8414795,3.2600493574255562,-6.055094787741799,3.620147705078125
1747273837.8623874,3.23793804089383,-6.1196169302709515,3.8101673126220703
1747273837.8817525,3.235237356143117,-6.1770249862951285,3.7436485290527344
1747273837.9042258,3.232343611982843,-6.230690409449214,5.581378936767578
1747273837.9300494,3.1805226505497113,-6.291506749742321,11.64555549621582
1747273837.948814,3.156203256705438,-6.348524286702245,4.091024398803711
1747273837.9672651,3.1383053580961207,-6.404193293875858,4.346132278442383
1747273837.9871287,3.099347162854129,-6.453612499015486,4.156827926635742
1747273838.004218,3.0794794451843055,-6.484558237616819,6.03032112121582
1747273838.0243998,3.0660244936742873,-6.518727274016464,5.635261535644531
1747273838.042693,3.0570850210282274,-6.558676299176276,4.621744155883789
1747273838.0634058,3.025134376444084,-6.591222918500298,4.740476608276367
1747273838.0840023,2.9965784640275763,-6.626160908800571,5.642414093017578
1747273838.104239,2.9728198759589723,-6.664046459941683,5.721807479858398
1747273838.126204,2.8986237775497674,-6.70222757917084,6.875038146972656
1747273838.1446428,2.8543239373399825,-6.72975754545664,6.302118301391602
1747273838.1647217,2.823280020719399,-6.754425461539132,5.062580108642578
1747273838.191175,2.783192564613886,-6.780716936502796,4.579067230224609
1747273838.2067137,2.7596289724496574,-6.8080725475819674,5.195140838623047
1747273838.2231693,2.739615720311737,-6.828419214289856,4.9114227294921875
1747273838.2446828,2.7110686901248857,-6.859688879615838,6.012439727783203
1747273838.2627127,2.6685795878054472,-6.891618495273245,4.487514495849609
1747273838.2833495,2.6341211163344584,-6.914430100370841,4.794597625732422
1747273838.2973604,2.618983924849326,-6.927420859863553,4.1065216064453125
1747273838.3240917,2.5424069302956114,-6.975346654668123,5.864381790161133
1747273838.3426719,2.4897311164465474,-7.013484318438388,4.632234573364258
1747273838.3624244,2.4522419929948063,-7.035910687266061,4.184484481811523
1747273838.3844519,2.420021305321681,-7.042627711675635,5.669832229614258
1747273838.4016473,2.403355326963512,-7.044650281302306,3.744363784790039
1747273838.4299102,2.387261374334051,-7.043108772333371,9.365558624267578
1747273838.4575262,2.3568976803149115,-7.033944513209864,4.853963851928711
1747273838.4800255,2.3221901216537955,-7.032651647692421,5.496025085449219
1747273838.498424,2.303344047173241,-7.031604952807919,4.6291351318359375
1747273838.5159104,2.2476461907370577,-7.035798473867118,4.208087921142578
1747273838.5299435,2.1955427562713674,-7.0345656752477765,3.7369728088378906
1747273838.544153,2.1622103453630377,-7.032068111642269,4.391908645629883
1747273838.564997,2.1333694424041716,-7.0309459319343945,5.7849884033203125
1747273838.5903187,2.109100520914468,-7.029540909904523,3.8177967071533203
1747273838.607169,2.0795729433084684,-7.031941368002517,4.435062408447266
1747273838.6244516,2.0546111595171737,-7.037118049560101,5.7010650634765625
1747273838.6494722,2.042301757583339,-7.039069872963639,8.696317672729492
1747273838.6720192,1.9866134946771425,-7.0360719736679656,4.839658737182617
1747273838.6907392,1.9501567084094376,-7.036168774849521,4.40216064453125
1747273838.7049792,1.9257950581568288,-7.032631148352455,5.340814590454102
1747273838.7222703,1.9122636469803247,-7.029842766026145,4.098415374755859
1747273838.737234,1.869688692629489,-7.024865258358898,4.099130630493164
1747273838.7638638,1.8301481938287691,-7.013017435114403,5.016088485717773
1747273838.7789068,1.8103298775745795,-7.006074354925896,3.3524036407470703
1747273838.8053381,1.7591496304382186,-6.993772645606195,5.977869033813477
1747273838.8235004,1.7243279228244586,-6.982242656625874,4.092693328857422
1747273838.8367403,1.700388289679143,-6.974299613598105,3.4067630767822266
1747273838.8650362,1.6726837874308051,-6.960352404761054,5.520105361938477
1747273838.8830454,1.6278268346219784,-6.95721228059774,3.991842269897461
1747273838.8981416,1.607336409260273,-6.954236376044066,3.4635066986083984
1747273838.9208198,1.5902294879558414,-6.949836603985025,4.07719612121582
1747273838.952678,1.5273937807947402,-6.9349610699212425,13.152837753295898
1747273838.9673994,1.4852054533329893,-6.919424626967588,3.8917064666748047
1747273838.9839067,1.4580745347404886,-6.9062151584423,4.104375839233398
1747273839.0023983,1.361002848989478,-6.865484585117436,3.8118362426757812
1747273839.0229251,1.3126964302725055,-6.844535086145723,4.519462585449219
1747273839.0431218,1.2768200764914515,-6.831735512170939,4.774332046508789
1747273839.0648396,1.2231375284395916,-6.832576122058334,5.365848541259766
1747273839.0824072,1.1870018580954016,-6.826789204461908,3.9730072021484375
1747273839.1025734,1.1582021416492059,-6.8163349626764305,3.7407875061035156
1747273839.1223264,1.1337137917470326,-6.798515903977203,3.9260387420654297
1747273839.1422107,1.0309024077708948,-6.788474188621283,3.92913818359375
1747273839.1621487,0.9877261090059833,-6.784712213552447,4.031658172607422
1747273839.1831174,0.9669844331497589,-6.776926961255408,4.754543304443359
1747273839.2021885,0.8964985986640959,-6.780335304108603,3.679037094116211
1747273839.2229526,0.8475082238097466,-6.7778199190205495,4.676103591918945
1747273839.2441568,0.8235376604005238,-6.768788238275831,5.350828170776367
1747273839.2621012,0.755494384151075,-6.760995679230237,3.7581920623779297
1747273839.2827759,0.7070159323009703,-6.746021337722078,4.452705383300781
1747273839.302501,0.6744930657484297,-6.736019109952911,4.206180572509766
1747273839.3233664,0.6546160483253314,-6.734340068341845,4.117012023925781
1747273839.336977,0.5999765981454982,-6.74519371960577,3.5331249237060547
1747273839.3625271,0.5355164878012943,-6.752247237563565,3.9801597595214844
1747273839.3792827,0.5005668904995261,-6.754340292471008,3.7560462951660156
1747273839.402133,0.41631308542784473,-6.769692423818401,3.9784908294677734
1747273839.4225209,0.379928811190092,-6.782998102071406,4.134654998779297
1747273839.4427354,0.34944307452435996,-6.795809433710483,4.118442535400391
1747273839.4694304,0.2764412156411355,-6.807338178545157,3.8902759552001953
1747273839.4869359,0.23358095255707795,-6.823449964939821,3.7679672241210938
1747273839.5010164,0.21153365794247647,-6.835459939025597,3.4711360931396484
1747273839.524892,0.12745479917875469,-6.855064543051276,5.600452423095703
1747273839.5442889,0.07303510494593421,-6.87740697351161,5.8155059814453125
1747273839.5624218,0.04329234510420141,-6.8949225866545305,4.21452522277832
1747273839.5801554,0.025905468248576195,-6.905981620456327,3.4842491149902344
1747273839.6023288,-0.03797667495729304,-6.940475166850832,4.3010711669921875
1747273839.6226432,-0.07767024436761957,-6.969464428602553,4.543542861938477
1747273839.6426108,-0.10194911282659821,-6.996648715564651,4.634618759155273
1747273839.6628296,-0.18783338303074898,-7.022332319150935,4.6443939208984375
1747273839.6822379,-0.23260623087858204,-7.046935801526136,3.7589073181152344
1747273839.7024043,-0.2609572645951504,-7.072275344457359,4.1656494140625
1747273839.7172906,-0.32357475085497595,-7.104550801703411,3.477811813354492
1747273839.741769,-0.37533799733712536,-7.129594926470156,3.6771297454833984
1747273839.762344,-0.40237184360092576,-7.145604574821861,4.130840301513672
1747273839.7864397,-0.47582218036952756,-7.168985188012612,5.995035171508789
1747273839.7996628,-0.513300024429219,-7.1854891075577045,3.692626953125
1747273839.8263664,-0.5453459292737294,-7.20174884774315,6.781578063964844
1747273839.846984,-0.556282453510835,-7.21351111258698,5.988836288452148
1747273839.8618312,-0.6229970748568565,-7.240676813432355,3.5419464111328125
1747273839.8819335,-0.6630452413954007,-7.26522139368823,3.589153289794922
1747273839.9055183,-0.6942890109808757,-7.286121360615162,6.56890869140625
1747273839.922435,-0.8327389233409589,-7.342876608505512,3.665924072265625
1747273839.9447532,-0.8786985729892989,-7.362015078346636,5.04302978515625
1747273839.9608476,-0.885996974565692,-7.3649777455673995,5.540609359741211
1747273839.9894469,-0.9596934869292773,-7.395817158242175,3.5386085510253906
1747273840.0023801,-1.008780614008326,-7.415203542847671,3.5550594329833984
1747273840.022395,-1.0488221179515667,-7.435581157832886,3.608226776123047
1747273840.0442634,-1.0724749370237099,-7.454825418725406,5.9413909912109375
1747273840.0632362,-1.1490702864945148,-7.463923928409639,4.449605941772461
1747273840.083842,-1.1965223283131077,-7.473318456261543,4.578113555908203
1747273840.103679,-1.2285142957941821,-7.483026264676974,5.293369293212891
1747273840.124513,-1.3018062256469978,-7.482254292176331,5.303144454956055
1747273840.1425033,-1.3542162921835055,-7.483934777712277,4.253387451171875
1747273840.1625242,-1.3917871291797146,-7.490712357373873,4.36091423034668
1747273840.179511,-1.4516431893166226,-7.491439463669575,3.9005279541015625
1747273840.2041929,-1.5169023042977716,-7.4998248611948535,5.539655685424805
1747273840.217243,-1.5434297951661788,-7.502080100476276,3.6547183990478516
1747273840.243566,-1.6247802559247426,-7.49910336549131,4.006385803222656
1747273840.263316,-1.689634228133552,-7.504619232802167,4.656553268432617
1747273840.2828555,-1.7401961328941211,-7.50817198893321,4.302501678466797
1747273840.3052125,-1.7743085168352846,-7.507925668982575,5.886077880859375
1747273840.3228123,-1.8276216873569826,-7.506556046325035,4.55474853515625
1747273840.338748,-1.8669816671294543,-7.503402907346676,3.906726837158203
1747273840.3632197,-1.90632869506241,-7.499799722450766,4.791736602783203
1747273840.3865569,-1.973992917160637,-7.496579614898361,5.791664123535156
1747273840.4029114,-2.0109284185573135,-7.491361372314971,4.401922225952148
1747273840.4231021,-2.032370828670982,-7.4873320154872225,4.743099212646484
1747273840.4432983,-2.091862599423834,-7.475583170464165,4.529476165771484
1747273840.4587436,-2.135770967665091,-7.4624777910153695,4.2171478271484375
1747273840.4852397,-2.1785669648048533,-7.446373005576859,6.65593147277832
1747273840.5052106,-2.2070051217624242,-7.434558038985811,5.915164947509766
1747273840.5255568,-2.2642579669789606,-7.415227682806983,6.93202018737793
1747273840.544625,-2.3007329401582766,-7.404124832106543,6.180524826049805
1747273840.5623245,-2.323298575754184,-7.391872778476049,4.138708114624023
1747273840.5839088,-2.3356267563813042,-7.381505536487055,5.340099334716797
1747273840.6033142,-2.359549213554274,-7.358292147500658,4.091978073120117
1747273840.6242387,-2.3786103591046683,-7.3365814596828764,4.902839660644531
1747273840.6437426,-2.389141297904144,-7.320858005096714,5.401849746704102
1747273840.6621428,-2.3949946441588046,-7.304172805848632,3.9560794830322266
1747273840.6782362,-2.418943034982824,-7.288363541899626,3.8666725158691406
1747273840.7022474,-2.4456583860469117,-7.264230541369516,3.971576690673828
1747273840.723162,-2.4593014681340506,-7.24245204295115,4.609107971191406
1747273840.7385316,-2.4953012667802525,-7.216086737881528,4.216432571411133
1747273840.7642365,-2.5209529933767163,-7.184870294334802,5.559682846069336
1747273840.785591,-2.5303050065213197,-7.161902631212432,6.049633026123047
1747273840.8053977,-2.556242636273945,-7.142518818791857,5.7373046875
1747273840.8180988,-2.569242003726326,-7.128487428043876,3.8552284240722656
1747273840.8427484,-2.5810399279601883,-7.114932147346621,4.517555236816406
1747273840.8650692,-2.5858693695157635,-7.107296533658787,5.9413909912109375
1747273840.8848743,-2.6112751474636053,-7.066081761302183,5.59544563293457
1747273840.9054844,-2.6267593294869087,-7.023679245738832,4.92405891418457
1747273840.9246943,-2.6393990403143057,-6.986887058221538,5.622386932373047
1747273840.943518,-2.662821577985187,-6.957992090271709,3.895282745361328
1747273840.962934,-2.6736255193243674,-6.9307752166091765,4.270792007446289
1747273840.9808044,-2.6803381484988202,-6.907914505818143,3.9467811584472656
1747273841.0280964,-2.710795738702467,-6.85945708399752,7.043600082397461
1747273841.0525897,-2.7151786751242146,-6.844436013983345,4.14276123046875
1747273841.0658493,-2.730985421295918,-6.8368953973624835,4.179954528808594
1747273841.082062,-2.7456998950105103,-6.816762919497603,3.6127567291259766
1747273841.1037776,-2.751249273246371,-6.803870858741321,5.228281021118164
1747273841.1236045,-2.7578237182781353,-6.792949559084539,5.171298980712891
1747273841.1448371,-2.7654189445513904,-6.749403658535705,5.730867385864258
1747273841.1634095,-2.7745539660783742,-6.706978403787347,4.19306755065918
1747273841.184986,-2.782755174774474,-6.6802125753239014,5.771636962890625
1747273841.2093666,-2.7821175990454523,-6.657126071425271,4.15492057800293
1747273841.2282376,-2.785437653566053,-6.604325883688375,3.793001174926758
1747273841.2446778,-2.784558210181485,-6.569250537934892,5.50532341003418
1747273841.2638285,-2.8021527705180005,-6.5343150501651275,3.8568973541259766
1747273841.4212146,-2.8625474321720406,-6.329952618446036,4.112958908081055
1747273841.4400692,-2.86186085157657,-6.2895778512705975,5.989551544189453
1747273841.4546337,-2.876392961767053,-6.256672916195425,3.667116165161133
1747273841.4688115,-2.8813683375911783,-6.235574456597831,3.599882125854492
1747273841.4832807,-2.879171702336887,-6.20252541541946,4.574060440063477
1747273841.502957,-2.8771393193947725,-6.171069235614281,4.509210586547852
1747273841.5262513,-2.892698481538278,-6.129514730510332,5.729913711547852
1747273841.5446482,-2.9036949327481905,-6.085202541937447,5.769491195678711
1747273841.5626068,-2.9021820249632797,-6.055515073993975,4.0130615234375
1747273841.5831308,-2.902365117562451,-6.032212876927652,4.801034927368164
1747273841.6028612,-2.9058389910196194,-5.98873312423428,4.312992095947266
1747273841.6177526,-2.908898673101646,-5.959615677272857,3.818988800048828
1747273841.6446288,-2.908433030590872,-5.924622023034481,5.773305892944336
1747273841.6627147,-2.9162442751984634,-5.896514503339987,3.9598941802978516
1747273841.6825109,-2.920482417326932,-5.8485601781645435,3.900766372680664
1747273841.702294,-2.923630284784379,-5.804037524312522,3.7233829498291016
1747273841.7198539,-2.9346266652063924,-5.781907542945934,3.7288665771484375
1747273841.7385275,-2.9389233093441005,-5.747771607329705,3.935575485229492
1747273841.7638738,-2.9374585735688195,-5.707058088805178,4.771232604980469
1747273841.7843022,-2.9428563244510166,-5.652259744282981,5.234956741333008
1747273841.8028731,-2.944539167994928,-5.606210545363578,4.110813140869141
1747273841.8235233,-2.947759072562655,-5.56661302787703,4.710912704467773
1747273841.8445506,-2.9484402748388834,-5.533489980172184,5.880117416381836
1747273841.8645115,-2.9580222593627115,-5.479973957081685,5.1670074462890625
1747273841.8842866,-2.962496550369743,-5.430621400982356,5.629539489746094
1747273841.9051535,-2.9623589048682284,-5.376821861028867,5.535602569580078
1747273841.9286313,-2.958355322050464,-5.348838071704403,5.903720855712891
1747273841.9447465,-2.956984368743215,-5.322247385743005,5.121469497680664
1747273841.963563,-2.9563654055327255,-5.2810781258494774,4.134178161621094
1747273841.9798334,-2.962049750373928,-5.23332765018335,5.350828170776367
1747273841.9973812,-2.9606259154279337,-5.172256210441365,3.7353038787841797
1747273842.0243182,-2.9560315598556453,-5.10905030486938,4.543304443359375
1747273842.044162,-2.954328050373124,-5.063953425757506,5.2242279052734375
1747273842.064333,-2.956748562695551,-5.012416578666068,5.518436431884766
1747273842.0838351,-2.9468006713183192,-4.95385092152504,5.387067794799805
1747273842.0974796,-2.9374368593956057,-4.888382278283042,3.5054683685302734
1747273842.1238422,-2.9152812420772793,-4.814860958316393,4.910707473754883
1747273842.1459532,-2.9013627927042718,-4.744555486673112,6.19816780090332
1747273842.1636682,-2.8978197446053877,-4.701861529723069,5.475044250488281
1747273842.18307,-2.882260495172454,-4.639415748813953,4.085302352905273
1747273842.2025583,-2.8786689484946257,-4.579485235158627,3.6344528198242188
1747273842.2222311,-2.871305103330622,-4.524092221315347,3.6554336547851562
1747273842.2421598,-2.8411130575331796,-4.477354342195801,3.656625747680664
1747273842.2636213,-2.821406649119499,-4.430548866698179,4.243612289428711
1747273842.2826385,-2.8132140787507263,-4.378105678234198,3.835916519165039
1747273842.2977371,-2.806309399564993,-4.343474321658716,3.6437511444091797
1747273842.3237565,-2.7804212278454092,-4.282281603299038,4.034996032714844
1747273842.343804,-2.7694357937877077,-4.2376906502688785,4.449605941772461
1747273842.3632596,-2.7641372783975613,-4.204741009636595,4.181623458862305
1747273842.384275,-2.760828320243599,-4.1186825933357,3.7589073181152344
1747273842.402785,-2.757885773451194,-4.047927838379565,3.8216114044189453
1747273842.4246376,-2.7465344738239317,-3.9799837800996514,4.039764404296875
1747273842.4388242,-2.7011978570549946,-3.90814254512104,3.9758682250976562
1747273842.46225,-2.680183910659402,-3.8373056747791394,3.711700439453125
1747273842.4840155,-2.6710035229045035,-3.7939098585754585,4.364728927612305
1747273842.5022612,-2.6675032072399922,-3.744784109531915,3.847360610961914
1747273842.5198562,-2.63611974575202,-3.684104080241209,3.734588623046875
1747273842.5426226,-2.6214591646599383,-3.622339660772296,3.8139820098876953
1747273842.5624356,-2.6114006386744926,-3.568162323759436,3.6668777465820312
1747273842.5835779,-2.6064995290980684,-3.517779319200323,4.006385803222656
1747273842.6055958,-2.5703846844205978,-3.46533617605365,6.266593933105469
1747273842.6266706,-2.545540627238951,-3.4154582983735193,5.369901657104492
1747273842.6437793,-2.5271015164173525,-3.3646550338002115,5.114078521728516
1747273842.6573236,-2.521411354481452,-3.3419454309850316,3.619670867919922
1747273842.6847715,-2.480964633551214,-3.2455635199894046,5.56492805480957
1747273842.7005801,-2.4665440481003733,-3.2013784591414187,3.751993179321289
1747273842.724812,-2.4493526492543567,-3.1360673622258437,6.019353866577148
1747273842.746612,-2.4093358787676453,-3.0840500510945628,5.600452423095703
1747273842.7675369,-2.3673108909228526,-3.003182468115251,5.549192428588867
1747273842.7867503,-2.3420785360799288,-2.9460968528048377,5.139350891113281
1747273842.8002605,-2.3242857322586037,-2.894415889663568,3.8709640502929688
1747273842.8265347,-2.287288471145516,-2.8105290017212607,6.785154342651367
1747273842.844393,-2.263943609134578,-2.7531058043140653,4.521369934082031
1747273842.8648348,-2.216313168621015,-2.6733177843572338,5.858421325683594
1747273842.8852255,-2.191545532852392,-2.611237877207366,5.7525634765625
1747273842.8997433,-2.1788418256454722,-2.5751350391552013,4.005193710327148
1747273842.9191651,-2.157004338513595,-2.5366565123660005,4.259586334228516
1747273842.9455285,-2.1030917232878266,-2.463633562720919,6.188869476318359
1747273842.9635677,-2.0680187375381833,-2.407428556108696,4.780292510986328
1747273842.9882565,-2.0295890074858596,-2.352725346155059,8.775472640991211
1747273843.0076797,-2.0004938630881712,-2.302096763237323,5.109548568725586
1747273843.0214913,-1.9679201315368031,-2.249134205305068,4.267692565917969
1747273843.0439367,-1.9230547914207545,-2.1858691767222846,4.560232162475586
1747273843.0646577,-1.8854334797103447,-2.128716966225102,5.518674850463867
1747273843.0803866,-1.8588071824848347,-2.0920868695690666,4.180669784545898
1747273843.103334,-1.805324908359537,-2.029313046688196,4.555225372314453
1747273843.1250587,-1.7454317816584026,-1.9810265910543834,5.956888198852539
1747273843.1440883,-1.6795680243914017,-1.9077499308867343,5.335092544555664
1747273843.1638198,-1.6313339598637393,-1.8522441276053607,5.026578903198242
1747273843.1829169,-1.5851608902944363,-1.8050153725524252,3.9565563201904297
1747273843.2030666,-1.5409695013593947,-1.7442531443611695,4.11224365234375
1747273843.2233586,-1.4832869628760659,-1.6954440184057313,4.080295562744141
1747273843.239734,-1.4308553871986915,-1.6644519161141236,4.473209381103516
1747273843.2657924,-1.3515034281877656,-1.6164022736626795,4.84919548034668
1747273843.2836766,-1.285405606092462,-1.581305774878533,5.033969879150391
1747273843.305203,-1.2266470315623876,-1.5485798998992297,5.678892135620117
1747273843.324318,-1.1870779269421632,-1.4868624564846802,5.40614128112793
1747273843.3386166,-1.1508511474207417,-1.4411889006673533,3.7841796875
1747273843.3632996,-1.0693583878955517,-1.3959919257223088,4.3277740478515625
1747273843.382949,-1.018895521729698,-1.369760864994587,4.285573959350586
1747273843.403085,-0.97521965677291,-1.335993389419382,4.2018890380859375
1747273843.4238265,-0.9100494065662535,-1.3018066706217328,4.022359848022461
1747273843.4434166,-0.8464847562651023,-1.2756856416046896,4.461050033569336
1747273843.4652207,-0.7316142518060388,-1.2601305351169423,5.6018829345703125
1747273843.4828653,-0.6598495316583745,-1.2463012899219963,3.9200782775878906
1747273843.5026152,-0.615479209509196,-1.233667417681871,4.067420959472656
1747273843.525492,-0.5318738415534922,-1.2002386829217333,5.486726760864258
1747273843.543607,-0.4379960701228782,-1.1683360264634262,4.336118698120117
1747273843.5630708,-0.3557499825553214,-1.1476662312831327,3.832578659057617
1747273843.5866034,-0.28840851613872037,-1.1334972537927268,5.340099334716797
1747273843.603802,-0.2508000659267682,-1.1237766937028995,5.099296569824219
1747273843.624214,-0.20126446426756678,-1.1159556690995287,5.459070205688477
1747273843.647411,-0.15293767654228205,-1.1116106309679092,8.230209350585938
1747273843.665417,-0.11423315490068248,-1.1119335567926394,5.443096160888672
1747273843.6871147,-0.04772932504475292,-1.1215771492774596,6.481647491455078
1747273843.704744,0.12319738667486317,-1.1547369457473922,5.50389289855957
1747273843.73008,0.015807747492790094,-1.1396377599975576,3.8633346557617188
1747273843.7493842,0.0578130834240288,-1.1559611121448181,3.8518905639648438
1747273843.7675543,0.10724292577309733,-1.1662963046310073,6.651639938354492
1747273843.7839441,0.16445312785735192,-1.1842288034788324,3.937959671020508
1747273843.7975824,0.2093506340585164,-1.1942137340686814,3.637075424194336
1747273843.8226662,0.24812550540583095,-1.2081763763759266,3.888845443725586
1747273843.8432295,0.28808643778392123,-1.2148647905781311,3.921985626220703
1747273843.8628109,0.3532521117328028,-1.2444995299039383,3.937959671020508
1747273843.8824158,0.41408630850457906,-1.2671063575292805,3.6525726318359375
1747273843.9024286,0.4786498719409841,-1.2829788582186745,3.6194324493408203
1747273843.925004,0.5376830193414779,-1.306301525969921,6.239414215087891
1747273843.943072,0.6026952604276034,-1.320939007388157,4.153728485107422
1747273843.962961,0.6643088503687331,-1.3293399168273983,3.902435302734375
1747273843.9977944,0.7266002006276553,-1.3358476102724395,4.387855529785156
1747273844.0134282,0.7455392705202458,-1.3541332845215965,3.8881301879882812
1747273844.0273278,0.7895014770409917,-1.374766545850993,4.134416580200195
1747273844.043642,0.8145659957083958,-1.389321727866207,4.073381423950195
1747273844.063255,0.8475985801210946,-1.4029700043288194,4.330635070800781
1747273844.0832384,0.8923081824918857,-1.4326264541753042,4.35328483581543
1747273844.1121595,0.9440024065539468,-1.4553038751037501,7.10749626159668
1747273844.1311471,0.9531610177565716,-1.4654882628064732,3.705263137817383
1747273844.146197,1.004203270119394,-1.4810267927695424,3.77655029296875
1747273844.1650882,1.092947955509903,-1.5053479995915362,5.709171295166016
1747273844.185157,1.1592148580305244,-1.5229174430115777,5.542993545532227
1747273844.2037947,1.2095322194243046,-1.5398804676989988,4.584074020385742
1747273844.2245343,1.2500959157782348,-1.5560536968525567,4.44483757019043
1747273844.24425,1.2904132191778601,-1.5662146602580462,4.477500915527344
1747273844.2639344,1.3271797493475375,-1.5737209515741177,3.951549530029297
1747273844.2829304,1.4050915107948294,-1.6014394950462736,4.114389419555664
1747273844.3043835,1.461446565420652,-1.6195857390609054,5.459070205688477
1747273844.322843,1.5024153845766983,-1.6344489776372846,3.9565563201904297
1747273844.3432527,1.590664250926769,-1.6692416626268836,4.431962966918945
1747273844.3630943,1.6589152361757804,-1.6937513721680324,4.030704498291016
1747273844.3829772,1.689288858048652,-1.705013474204915,4.2819976806640625
1747273844.4031918,1.7913179531665606,-1.7361446859159357,3.7593841552734375
1747273844.425138,1.8608254090237593,-1.7643396814363388,5.773782730102539
1747273844.4395726,1.8939708096504968,-1.7790058740526797,3.7937164306640625
1747273844.474793,1.924372433494044,-1.7937332935363544,10.113954544067383
1747273844.4886758,2.009525941114288,-1.8082998023160661,3.8852691650390625
1747273844.5011497,2.044933975398494,-1.813356006403121,3.9031505584716797
1747273844.5202267,2.075833401027011,-1.8229015792001555,3.8444995880126953
1747273844.5432153,2.177264497695508,-1.8603545746387153,3.9968490600585938
1747273844.5574896,2.2326196531905844,-1.8805204327372653,3.6754608154296875
1747273844.5830827,2.2997872833942967,-1.9002322807282335,4.117727279663086
1747273844.604414,2.3798169291952664,-1.939896645913924,4.804849624633789
1747273844.6246061,2.435360090477198,-1.97047947204264,4.954099655151367
1747273844.6442854,2.474372835690259,-1.991731613930307,4.776716232299805
1747273844.658786,2.4896540096559976,-2.003359872529818,4.572153091430664
1747273844.6833708,2.574029059275004,-2.0402727804771237,4.26793098449707
1747273844.6987746,2.6176331835295104,-2.061613110580099,4.68754768371582
1747273844.7185168,2.654514900402172,-2.0889929559456495,4.424095153808594
1747273844.7433825,2.7531741233402345,-2.1385251421092457,4.553556442260742
1747273844.757954,2.7991530170209398,-2.1681738765862555,4.100799560546875
1747273844.7828906,2.849337740553519,-2.207300413741826,4.111528396606445
1747273844.8040326,2.929094649607471,-2.251933798657679,5.080223083496094
1747273844.823501,2.967762621924442,-2.2948125130855064,4.623651504516602
1747273844.8429573,2.992271611636482,-2.3275532561018895,4.254817962646484
1747273844.8642185,3.0631297456541087,-2.3778351179208435,5.414485931396484
1747273844.8853784,3.109769958292979,-2.4242097572403694,6.139516830444336
1747273844.9039848,3.1255016758413263,-2.46604010027832,4.386425018310547
1747273844.930766,3.1321360926568027,-2.4969635719174486,10.210752487182617
1747273844.955197,3.184768399427669,-2.542718074676484,7.59577751159668
1747273844.9819622,3.207246755676068,-2.5732236994426976,9.60540771484375
1747273844.997373,3.293864728780077,-2.626778043056406,3.830432891845703
1747273845.0106115,3.3355679093510275,-2.670020569813813,3.876924514770508
1747273845.0235136,3.368294386448775,-2.6999770332969666,4.601001739501953
1747273845.0384407,3.3878321292351776,-2.7408611340661775,4.15802001953125
1747273845.063995,3.446127026022667,-2.813563711257861,4.837274551391602
1747273845.0838635,3.4623824568702943,-2.8522107006363924,4.32133674621582
1747273845.1035454,3.475536657086233,-2.8921148866154818,4.288673400878906
1747273845.124355,3.5403647875077318,-2.9460436626303625,4.2705535888671875
1747273845.1444263,3.5667789980122233,-2.9937964709868274,4.91023063659668
1747273845.163266,3.5637823045388646,-3.0611948174706605,4.091739654541016
1747273845.1812506,3.5603623980561143,-3.091098257815655,4.015207290649414
1747273845.203852,3.5845992025958804,-3.1574249429771704,4.75764274597168
1747273845.2235816,3.6013341219838697,-3.21169525054716,4.268169403076172
1747273845.2436073,3.6074513208182357,-3.2735152593409755,4.297494888305664
1747273845.2601488,3.6555600542535798,-3.3135266463654784,4.19306755065918
1747273845.2838976,3.6765251102718794,-3.377096488072036,4.701137542724609
1747273845.3040318,3.6816514826993467,-3.430314531897374,5.229711532592773
1747273845.3239348,3.658369046054182,-3.481223772719935,4.957437515258789
1747273845.3436172,3.6508747536873365,-3.538427163799216,4.301786422729492
1747273845.3637178,3.6431736045018437,-3.6032233558480313,4.634857177734375
1747273845.3794918,3.618740971061615,-3.64290261573878,5.066156387329102
1747273845.4039602,3.625782438388144,-3.715493024860994,4.749536514282227
1747273845.4240851,3.6210725967713473,-3.7723095568602463,4.812479019165039
1747273845.443971,3.6169963976391966,-3.8269028519659747,4.726409912109375
1747273845.4615867,3.616612030419575,-3.878914221313422,4.161357879638672
1747273845.4845107,3.6341790728487644,-3.95246877677448,4.421234130859375
1747273845.5044045,3.743040011509066,-4.040411189355349,4.270315170288086
1747273845.5274184,3.776996988659972,-4.115362648935807,6.394863128662109
1747273845.5467596,3.812106884985259,-4.176909432501136,5.604267120361328
1747273845.5656004,3.8260047833934214,-4.235553719967962,5.565166473388672
1747273845.5878778,3.8230328932853643,-4.290297073435659,7.853507995605469
1747273845.610407,3.820504959615686,-4.331627470957198,5.276679992675781
1747273845.6277676,3.787822397182526,-4.4254448918651565,4.63557243347168
1747273845.6435864,3.7801320767779454,-4.489433880157842,4.385709762573242
1747273845.6638288,3.7735546707851246,-4.5512278756928435,4.419803619384766
1747273845.683666,3.7496220929683104,-4.609804660352928,4.324197769165039
1747273845.7039187,3.723604615818824,-4.664008752311772,4.535198211669922
1747273845.723586,3.7058450664422486,-4.7181827430956735,4.460811614990234
1747273845.743694,3.697671440459817,-4.77703863540584,4.590749740600586
1747273845.763728,3.6720243397161876,-4.839437786562481,4.124879837036133
1747273845.7845128,3.651811622833434,-4.9061931474670555,5.332231521606445
1747273845.8039503,3.6314630719833914,-4.97538954668744,4.539966583251953
1747273845.8240685,3.6194312596428637,-5.0305367484048364,4.899740219116211
1747273845.8439078,3.6089631478036415,-5.080925744008793,4.512310028076172
1747273845.8592384,3.5825643116967902,-5.131420295001365,3.890514373779297
1747273845.883389,3.5369417381582284,-5.217402500352756,4.496097564697266
1747273845.897896,3.4680316218248617,-5.274443119302639,3.7848949432373047
1747273845.926691,3.421611600633747,-5.358457136942103,5.499601364135742
1747273845.945345,3.396745076315792,-5.417446410177943,5.669116973876953
1747273845.9589384,3.3835416738818833,-5.462822818482704,3.8111209869384766
1747273845.9856842,3.3766312434325125,-5.53903790276561,5.541563034057617
1747273845.9986277,3.374324494576143,-5.587044317869667,3.654003143310547
1747273846.0265746,3.351933988612542,-5.647630685999332,6.773948669433594
1747273846.0495691,3.3475257114260097,-5.712143455887366,6.937265396118164
1747273846.0636098,3.3634139095545783,-5.757243465731054,3.716707229614258
1747273846.0828898,3.340966769106735,-5.825690902677388,3.5681724548339844
1747273846.1031113,3.33624456303055,-5.877895299399824,3.6535263061523438
1747273846.124249,3.333144064367456,-5.916511560421789,4.380464553833008
1747273846.1428072,3.2978880061679696,-5.9706671751626725,3.704547882080078
1747273846.1632204,3.2771420487818816,-6.0127951275086655,3.7899017333984375
1747273846.185756,3.266119950976446,-6.048343137445792,5.342960357666016
1747273846.2042563,3.237514340117837,-6.086651013377452,3.925800323486328
1747273846.2188108,3.2295961498743484,-6.114042416298083,3.591775894165039
1747273846.2436306,3.2225863083461896,-6.16833663624226,3.719329833984375
1747273846.2598267,3.2191838579844547,-6.203285779578128,5.119085311889648
1747273846.4161973,3.050176202247492,-6.5186638649452355,8.390665054321289
1747273846.437044,3.0207872430863563,-6.557049695869478,4.744529724121094
1747273846.461093,3.00618348986172,-6.597850538567869,4.943370819091797
1747273846.4808257,2.9579954612415342,-6.6341720955691255,6.192207336425781
1747273846.4991422,2.9328698304809575,-6.666356377973133,4.464149475097656
1747273846.5119016,2.9201100357122325,-6.695104951114965,3.8421154022216797
1747273846.523889,2.9188486401060385,-6.7113079680839975,3.6504268646240234
1747273846.5451117,2.8665632798717597,-6.775056975584601,6.225824356079102
1747273846.5631754,2.848058654800792,-6.8064872696363805,3.9806365966796875
1747273846.5851636,2.8247749911901234,-6.840031869703118,5.553722381591797
1747273846.6031332,2.738099397249153,-6.88324346007046,3.865957260131836
1747273846.6240795,2.699093026940711,-6.907468689017608,4.363536834716797
1747273846.6441784,2.6642682673032807,-6.934140424173962,4.561901092529297
1747273846.663883,2.6286817585819944,-6.961482394119143,4.277944564819336
1747273846.6782284,2.60699596573815,-6.979028681179826,3.9474964141845703
1747273846.7034283,2.5876608286425515,-6.9966405561584395,4.297733306884766
1747273846.7235672,2.570474373988084,-7.00996109445447,4.195690155029297
1747273846.743986,2.5033556436566187,-7.016930922704249,4.763603210449219
1747273846.7636316,2.466371281061523,-7.023325482736109,4.009485244750977
1747273846.784457,2.44975684858599,-7.0300112315343135,4.763364791870117
1747273846.8035989,2.4020152712644567,-7.0318320068630005,4.259824752807617
1747273846.8243833,2.376714210583298,-7.035987582833145,4.904747009277344
1747273846.8400922,2.3666527881387194,-7.037236012795835,3.784656524658203
1747273846.8636162,2.3121807338236127,-7.034048809474562,4.03904914855957
1747273846.8853893,2.2714388920012984,-7.02943152686217,5.846261978149414
1747273846.9052792,2.2541396387818047,-7.029598582668613,6.001472473144531
1747273846.9289021,2.186482199253575,-7.0300916935685365,7.516145706176758
1747273846.9472961,2.1268045571631284,-7.024949959029792,5.249977111816406
1747273846.96478,2.0930980736270217,-7.020566388866199,4.45556640625
1747273846.9845786,2.0682592606513217,-7.017724535529383,4.748821258544922
1747273847.0074856,2.057404971027404,-7.016340127129902,7.764101028442383
1747273847.0271955,2.052797674204731,-7.016200108848377,4.988431930541992
1747273847.0574985,2.0452705282566215,-7.019144928189465,4.659175872802734
1747273847.0769985,2.031008152475406,-7.018644938733036,4.833459854125977
1747273847.0953903,1.981621420787589,-7.013490987487983,4.603147506713867
1747273847.1143255,1.9473759429584645,-7.003884960690233,5.775690078735352
1747273847.1262064,1.9173577030271924,-6.992455351110281,3.7474632263183594
1747273847.1485908,1.8894612885511208,-6.971254024584757,4.3773651123046875
1747273847.1629715,1.8264973154419004,-6.9758272054271036,3.541707992553711
1747273847.1854987,1.7891731669366058,-6.97075474294959,5.386590957641602
1747273847.2030954,1.7720804472355287,-6.966160472386085,3.60107421875
1747273847.223336,1.7108161124849437,-6.9521311434916555,3.710031509399414
1747273847.243308,1.6742846432465484,-6.938388929665298,3.740549087524414
1747273847.2668116,1.65255056540461,-6.929143428082642,5.264759063720703
1747273847.2855022,1.6385200244368605,-6.921033084961565,5.278110504150391
1747273847.303185,1.5918631332953568,-6.921573049859386,3.683328628540039
1747273847.3231423,1.566753942747529,-6.918479031605452,3.662109375
1747273847.3431847,1.5516310519309324,-6.913645113567405,3.6554336547851562
1747273847.3652399,1.4734936773726568,-6.905009683274152,5.774974822998047
1747273847.3834112,1.4260852315715475,-6.89499437197625,3.949880599975586
1747273847.4038525,1.3975166948340305,-6.883874980782365,4.400491714477539
1747273847.4231362,1.329241200399498,-6.8681989925939835,3.6513805389404297
1747273847.4457934,1.278836986971037,-6.8534648546020716,5.746364593505859
1747273847.4766023,1.2466428320075025,-6.840681199905397,10.807275772094727
1747273847.501579,1.1704714932661833,-6.843421108732475,7.990837097167969
1747273847.516926,1.1412011687219559,-6.843321579030878,3.407001495361328
1747273847.5308907,1.1089898009305084,-6.83527467363354,3.4515857696533203
1747273847.5427678,1.1031457121149362,-6.831744379928765,3.4151077270507812
1747273847.5632105,1.0333233030872586,-6.820786135492419,3.609895706176758
1747273847.5828948,0.9873939285878696,-6.806794690986489,3.5278797149658203
1747273847.6045084,0.9557475375977846,-6.7888328356871,4.249334335327148
1747273847.6234987,0.8703099008371182,-6.791608030773585,3.8421154022216797
1747273847.646004,0.8137893709344493,-6.786114073330081,6.093025207519531
1747273847.6654387,0.7740115914964252,-6.779507628863332,5.795955657958984
1747273847.6834886,0.7159376643435285,-6.787304913121144,4.004955291748047
1747273847.6988933,0.6745701162036263,-6.787887062339993,3.5753250122070312
1747273847.7236106,0.6161417813854334,-6.787079602455727,4.034996032714844
1747273847.7479458,0.5457165673059613,-6.798440953349672,6.780385971069336
1747273847.768966,0.49782852642617975,-6.806505743364569,6.399393081665039
1747273847.788615,0.46643114627628374,-6.811161287552275,4.791021347045898
1747273847.8073006,0.446469365350024,-6.81662329579352,5.173206329345703
1747273847.825698,0.3840833601229262,-6.82825631746874,4.522800445556641
1747273847.8503516,0.34397714760316356,-6.841551196889522,5.284309387207031
1747273847.8651576,0.3103737083182856,-6.847559806414769,4.019737243652344
1747273847.8835025,0.2290525622145664,-6.870522315278024,4.044532775878906
1747273847.9038699,0.1639050899070379,-6.8926234910369955,3.7806034088134766
1747273847.9276865,0.1318332751982523,-6.905845847965201,5.431890487670898
1747273847.9539003,0.044218056946121076,-6.9382288895832716,12.084245681762695
1747273847.9672205,-0.0003789866818011191,-6.96211090617223,4.343271255493164
1747273847.9854882,-0.035855262846201934,-6.98096495333137,4.738807678222656
1747273847.9985857,-0.0506464808801874,-6.991485343930676,3.401517868041992
1747273848.0255063,-0.10653101763169995,-7.011853151060682,5.485773086547852
1747273848.0431004,-0.14512433970897406,-7.028423871389394,3.5631656646728516
1747273848.0630734,-0.1697193840781225,-7.042923492866156,3.7059783935546875
1747273848.085417,-0.24258250383784594,-7.069297625170022,5.713701248168945
1747273848.1036172,-0.2847873294913074,-7.097447786969608,4.0740966796875
1747273848.1271648,-0.31364933207537,-7.119889253113415,6.603240966796875
1747273848.146511,-0.37539130904935647,-7.141557990524082,4.281759262084961
1747273848.165066,-0.4256663157005785,-7.170823196650807,4.627227783203125
1747273848.1829708,-0.4574941239319163,-7.192664280465751,3.5419464111328125
1747273848.2056623,-0.5314891500322916,-7.2169890095985885,5.383491516113281
1747273848.2233102,-0.5775255577697538,-7.239958878469819,3.6122798919677734
1747273848.245856,-0.6067524534358779,-7.2603992381092715,4.54401969909668
1747273848.2703834,-0.6947075601975188,-7.29598278112214,4.096746444702148
1747273848.2867823,-0.7519458763188123,-7.330033117400803,5.163431167602539
1747273848.3055074,-0.786369952464485,-7.353447488274383,5.46574592590332
1747273848.3256407,-0.8087646683766273,-7.372382302170986,5.643606185913086
1747273848.345799,-0.8866984620743564,-7.374662673833732,5.681037902832031
1747273848.3661473,-0.926167430338651,-7.387103859181072,6.53076171875
1747273848.3842545,-0.9495880274535754,-7.396257175706297,4.241228103637695
1747273848.4029582,-1.0242515957814025,-7.418590595108713,3.446340560913086
1747273848.423069,-1.0644622934899102,-7.431119591742813,3.5445690155029297
1747273848.4448307,-1.0891798794069345,-7.445051329049964,5.118846893310547
1747273848.469387,-1.1903405043981334,-7.45505917385843,6.500244140625
1747273848.484057,-1.2437401832870103,-7.461913750742911,3.8836002349853516
1747273848.504122,-1.2713449841700617,-7.468957227556343,4.313230514526367
1747273848.5239086,-1.2878842758246642,-7.475615672380036,4.4403076171875
1747273848.5532475,-1.3573742194949578,-7.483725923852904,4.618167877197266
1747273848.5660574,-1.413449190668831,-7.494967437107718,3.8766860961914062
1747273848.5835733,-1.4563246920273627,-7.5048829002407755,3.772258758544922
1747273848.6054199,-1.5114130202558331,-7.500194695829116,4.022359848022461
1747273848.620352,-1.5583941993805561,-7.498906531812434,4.556894302368164
1747273848.644158,-1.6292472087898717,-7.501279892205528,3.905057907104492
1747273848.666935,-1.7137991499578038,-7.500723236957953,3.8690567016601562
1747273848.6813645,-1.7581633677735697,-7.499479906486278,3.7851333618164062
1747273848.7058163,-1.7974018843018555,-7.500860897278257,5.6667327880859375
1747273848.7252936,-1.8089282021375883,-7.498231494646481,4.8465728759765625
1747273848.7455697,-1.8862853272172517,-7.492065868624183,5.779743194580078
1747273848.766865,-1.934133228558928,-7.485804656289523,6.805658340454102
1747273848.7858388,-1.965926499923198,-7.478346730000288,5.957365036010742
1747273848.805626,-2.018025630467496,-7.469634688052213,5.70225715637207
1747273848.8244786,-2.061517152570366,-7.456335131259063,4.498958587646484
1747273848.84485,-2.092371216961389,-7.447398998267838,4.958629608154297
1747273848.8642604,-2.163234619188298,-7.434588713855457,4.213809967041016
1747273848.8841667,-2.21069648495391,-7.422006694900063,4.52733039855957
1747273848.905481,-2.2404816153810607,-7.406486216599024,5.815267562866211
1747273848.9246526,-2.259029122822897,-7.387078614288928,4.979372024536133
1747273848.944423,-2.2671391669834966,-7.371681237217861,4.155635833740234
1747273848.9697413,-2.3068815400255622,-7.360064737023354,4.468202590942383
1747273848.9845045,-2.32823883875868,-7.354126564798725,3.9992332458496094
1747273849.004565,-2.3467202255839377,-7.344660424037873,4.958868026733398
1747273849.024535,-2.3971131566716273,-7.316182705777838,4.54401969909668
1747273849.0444438,-2.422627936156543,-7.298816991367732,4.635810852050781
1747273849.0658512,-2.434571821384503,-7.283560672083886,5.621910095214844
1747273849.090003,-2.4639331481798243,-7.25691500016424,4.883050918579102
1747273849.1098218,-2.480443702628409,-7.23613563830912,4.718542098999023
1747273849.1246533,-2.4886992626537086,-7.226298466703058,4.189968109130859
1747273849.1446307,-2.4990140475077034,-7.210555770510769,4.822492599487305
1747273849.1647022,-2.526495408522602,-7.186509477381422,4.895687103271484
1747273849.1872945,-2.5447346095028323,-7.164433418785789,6.861686706542969
1747273849.2062242,-2.5618082207836097,-7.1316373267332365,5.921840667724609
1747273849.2285693,-2.6032738374187754,-7.1046257584267245,6.873607635498047
1747273849.2509499,-2.6285169330690716,-7.082465941659434,4.270792007446289
1747273849.2758594,-2.63832034278682,-7.061890461437433,6.459236145019531
1747273849.2927272,-2.651518412084154,-7.04602740495584,5.289316177368164
1747273849.3080328,-2.6566870347455587,-7.0254348443151855,4.639148712158203
1747273849.3246124,-2.6595701652632067,-7.003523143646863,4.337787628173828
1747273849.3467171,-2.666782305246916,-6.992502576117946,5.441188812255859
1747273849.3635767,-2.6854712975424344,-6.972158033095568,3.8003921508789062
1747273849.3843575,-2.6958134914431424,-6.944821681321638,4.633426666259766
1747273849.4037066,-2.704145814560776,-6.922654952559882,3.8604736328125
1747273849.4190693,-2.718566760009137,-6.916120255928584,4.103899002075195
1747273849.4452977,-2.7311975225344907,-6.884136410204514,5.04755973815918
1747273849.4662292,-2.7319424484591917,-6.874983116690239,3.962993621826172
1747273849.4812891,-2.752416304530245,-6.864222771800687,4.080533981323242
1747273849.5046303,-2.7668628261764443,-6.838084820986489,4.8198699951171875
1747273849.5262089,-2.7692850061996532,-6.816955585508192,6.243705749511719
1747273849.5398083,-2.7701150844707043,-6.8020533697668295,3.724336624145508
1747273849.5659807,-2.7677452662011244,-6.762956314088634,5.522727966308594
1747273849.5812683,-2.765527124201733,-6.738926774793119,4.355192184448242
1747273849.5985835,-2.770102482976406,-6.710899136874609,3.7469863891601562
1747273849.624123,-2.7820676698250204,-6.673098588697705,3.8497447967529297
1747273849.6458986,-2.7901187027310983,-6.6431287677974264,5.600929260253906
1747273849.6586208,-2.7889587617381455,-6.6226102177788935,3.7338733673095703
1747273849.6843672,-2.8066705991730236,-6.584579194474637,4.338264465332031
1747273849.7052343,-2.8137728057668214,-6.560218736152381,4.643678665161133
1747273849.7192147,-2.812535445565002,-6.535230250633749,3.7331581115722656
1747273849.7389174,-2.813790752446227,-6.490659052090948,3.7631988525390625
1747273849.7646134,-2.8227492369912204,-6.429731253434703,3.916025161743164
1747273849.7789872,-2.823727294481872,-6.403949648274238,3.6211013793945312
1747273849.798409,-2.8294892756416385,-6.375709551024839,3.710508346557617
1747273849.8278298,-2.834204272323274,-6.328421394612234,7.320165634155273
1747273849.845005,-2.8374755321012337,-6.29290510617643,4.037141799926758
1747273849.863411,-2.840691774078885,-6.26278291084031,3.774404525756836
1747273849.8850136,-2.855853133256349,-6.214788780733895,4.917621612548828
1747273849.9033241,-2.8631720167546693,-6.170708051793548,3.7310123443603516
1747273849.9238698,-2.866927325519347,-6.1226355876622085,4.004240036010742
1747273849.946092,-2.8832394520453946,-6.071240999808738,5.91278076171875
1747273849.965979,-2.8874436766954883,-6.031323132776837,5.466699600219727
1747273849.989774,-2.889209705565138,-5.9903519973786015,3.929615020751953
1747273850.006911,-2.8977826795701764,-5.940370464501721,5.424022674560547
1747273850.0240972,-2.898959888571473,-5.889537561162146,3.9701461791992188
1747273850.0443134,-2.903743251990774,-5.844799821849044,4.136562347412109
1747273850.0660264,-2.904591085307991,-5.806871308678615,5.66864013671875
1747273850.0840716,-2.9246272928311994,-5.770685167610816,4.090785980224609
1747273850.1044788,-2.9255619861670294,-5.728599237194969,4.75311279296875
1747273850.124062,-2.925856499390148,-5.699005033356856,4.227161407470703
1747273850.1444378,-2.942951165078514,-5.656155829283138,4.315376281738281
1747273850.165951,-2.9469708354533686,-5.624927823986322,5.74040412902832
1747273850.1862347,-2.943881620877434,-5.600927026493126,6.112337112426758
1747273850.205995,-2.9471393991817276,-5.543786842462146,5.622386932373047
1747273850.2260015,-2.9487189772665294,-5.493108144000783,5.849123001098633
1747273850.2498245,-2.9444542321678804,-5.445000084077349,7.55620002746582
1747273850.2657356,-2.9398388490107297,-5.3945344472336805,4.5337677001953125
1747273850.2858965,-2.944435316695263,-5.350588904630919,5.89442253112793
1747273850.3043854,-2.9413542969696085,-5.300071481075679,4.364728927612305
1747273850.3254042,-2.940018476424446,-5.253241581185979,5.4759979248046875
1747273850.3384564,-2.94967941287481,-5.223967432010762,3.673076629638672
1747273850.364733,-2.9505317349510847,-5.1670409200824015,4.667520523071289
1747273850.384487,-2.950307818227841,-5.122441424316315,4.531145095825195
1747273850.4046605,-2.937337593524506,-5.042297657228555,4.731416702270508
1747273850.425053,-2.929909030281854,-4.9705470899628095,4.912137985229492
1747273850.4406853,-2.9255567520485464,-4.926772547560096,3.7119388580322266
1747273850.4598024,-2.919299020615238,-4.879288378939959,4.190921783447266
1747273850.4926178,-2.9129624412341513,-4.792142435318465,4.076480865478516
1747273850.5100338,-2.9129670005074018,-4.736548871723795,3.9458274841308594
1747273850.5284765,-2.9091744766906853,-4.673655452002924,6.554126739501953
1747273850.5470886,-2.9026019315364664,-4.623287814823634,6.256341934204102
1747273850.565264,-2.8973516241384005,-4.564467497185704,5.265951156616211
1747273850.579079,-2.885156339307637,-4.506925053786325,3.5810470581054688
1747273850.605764,-2.8695106553760827,-4.416848885660713,5.541563034057617
1747273850.626027,-2.862042187908479,-4.358559507041207,5.734443664550781
1747273850.6514037,-2.855013282957875,-4.302277482226601,4.048585891723633
1747273850.6714509,-2.8312550886135797,-4.261087568399474,3.8483142852783203
1747273850.6899502,-2.8130628566028415,-4.191711489833858,4.02379035949707
1747273850.7086718,-2.816702545259458,-4.145099487430194,4.860639572143555
1747273850.726793,-2.7576194485537187,-4.074297038849948,5.420446395874023
1747273850.746739,-2.7343519024056673,-4.02707545020667,5.503177642822266
1747273850.763537,-2.727641782038533,-3.9819132898324017,3.6153793334960938
1747273850.778732,-2.7317338655681875,-3.941789806023988,3.768444061279297
1747273850.7985775,-2.7058173896378377,-3.8973319134520397,3.7779808044433594
1747273850.8255033,-2.6834742301496033,-3.8307594174686836,4.424810409545898
1747273850.8448982,-2.674928342402406,-3.7750478625358532,3.8831233978271484
1747273850.8605108,-2.641775017758893,-3.7355585864817544,3.7550926208496094
1747273850.883733,-2.6184130011567626,-3.6622518344329413,3.6814212799072266
1747273850.9046648,-2.6066863369017343,-3.6028824114622955,4.521846771240234
1747273850.9242616,-2.5992121531951238,-3.5404721377045387,4.391193389892578
1747273850.9451048,-2.587740170097192,-3.4762270080533457,4.010915756225586
1747273850.9660635,-2.5527956270881065,-3.4158843309541265,5.452632904052734
1747273850.9861822,-2.5188896686564637,-3.349677451997857,4.865884780883789
1747273851.0075786,-2.499757604132531,-3.2979402830762194,7.184267044067383
1747273851.0287454,-2.474129174221122,-3.235498624047586,6.91676139831543
1747273851.0486832,-2.454929138357398,-3.17301252076633,5.395650863647461
1747273851.064428,-2.4387707592259504,-3.1180629555927966,4.440546035766602
1747273851.0860512,-2.3915995789498994,-3.055747890623996,4.781007766723633
1747273851.1059248,-2.3618458874762003,-2.9953012246528106,5.910396575927734
1747273851.1300066,-2.3414164677824267,-2.9417184554269427,5.920171737670898
1747273851.1486733,-2.3190783042369802,-2.8916576193391688,6.676435470581055
1747273851.169843,-2.2789779726866226,-2.828280509800434,4.8732757568359375
1747273851.1930254,-2.249835546689676,-2.7757419761487143,6.368875503540039
1747273851.2097566,-2.2328625391843624,-2.7266404745370645,4.487514495849609
1747273851.2268648,-2.1749154080584168,-2.674429247920506,5.900859832763672
1747273851.2455518,-2.1262680915039187,-2.6084586562912446,5.698919296264648
1747273851.25961,-2.0896940262531825,-2.560701345527186,3.9925575256347656
1747273851.415216,-1.7569121154278375,-2.196618988751197,5.032777786254883
1747273851.431601,-1.7651562972542567,-2.150626158462267,5.893230438232422
1747273851.4497662,-1.7358769209254443,-2.0863756253461454,6.68644905090332
1747273851.469408,-1.7026887024708512,-2.035852118314762,5.930185317993164
1747273851.4883008,-1.6541158353849659,-1.9764742066685441,5.939006805419922
1747273851.5040467,-1.5557809849190798,-1.8948248697393524,3.8890838623046875
1747273851.5239923,-1.5038333871464409,-1.8458653405557492,3.963947296142578
1747273851.5439699,-1.4661445836381528,-1.7779663011115536,3.831624984741211
1747273851.5600555,-1.426598301022076,-1.720205760833433,3.8726329803466797
1747273851.584317,-1.3723921666323937,-1.6681815610581356,3.814697265625
1747273851.6054535,-1.330689512472274,-1.6413227821649812,3.9305686950683594
1747273851.6239777,-1.2788914664488091,-1.5864767147968521,3.7641525268554688
1747273851.641184,-1.2484532111005007,-1.5569548820111163,3.8559436798095703
1747273851.6592386,-1.2038006143920248,-1.5269582972859488,3.915071487426758
1747273851.6857388,-1.1624144512975039,-1.4767031685354146,3.9322376251220703
1747273851.704192,-1.1319355229398105,-1.4466184129272666,3.9892196655273438
1747273851.718715,-1.094963850045504,-1.4233638206646584,3.7806034088134766
1747273851.745239,-1.0414918190500912,-1.3719067823620974,4.250288009643555
1747273851.7638443,-1.0003607256486635,-1.33647555014769,3.7903785705566406
1747273851.7860174,-0.9579377634614475,-1.3106445068519506,4.280567169189453
1747273851.8062036,-0.9190853086970553,-1.2928576507390501,5.47337532043457
1747273851.8236165,-0.9315086917465029,-1.251467112041128,3.742218017578125
1747273851.8437562,-0.9067570858231933,-1.2281351112500067,3.8292407989501953
1747273851.8637638,-0.9097067296935627,-1.205663303464544,3.772735595703125
1747273851.885061,-0.8741029172766107,-1.1861446985016646,4.831790924072266
1747273851.9013147,-0.8507674398985827,-1.1662583415235601,3.973245620727539
1747273851.9402115,-0.7832121140155524,-1.1322599137722018,8.785247802734375
1747273851.9566567,-0.7546785361738204,-1.092532164251857,3.9548873901367188
1747273851.976416,-0.6928764962607002,-1.0668981604331687,4.43720817565918
1747273851.993154,-0.6533383717941542,-1.0465628154980753,4.340648651123047
1747273852.0095344,-0.6208935868032749,-1.0229543762707256,4.726171493530273
1747273852.0246844,-0.5893352912671315,-1.00686887031306,4.149436950683594
1747273852.0405326,-0.5680594337601493,-0.9905386249502666,3.7550926208496094
1747273852.0593467,-0.5484145849095293,-0.9753932877977383,3.9806365966796875
1747273852.0872993,-0.5174566184509055,-0.9538407795946829,7.01141357421875
1747273852.1065068,-0.5000741473369199,-0.9380920078124224,6.001472473144531
1747273852.1246574,-0.48205663724235326,-0.9274400328156223,4.346132278442383
1747273852.146987,-0.4493605739685222,-0.8870763715569333,6.5135955810546875
1747273852.1685798,-0.4342436971781185,-0.8690077428999846,5.0907135009765625
1747273852.1869926,-0.41331624375991205,-0.8573629537706785,5.829334259033203
1747273852.2043517,-0.41148921828635715,-0.8321254592519197,4.128217697143555
1747273852.2243736,-0.41261238209893486,-0.8195674187565142,4.093170166015625
1747273852.2448428,-0.41272835353576126,-0.8099229999125933,4.293918609619141
1747273852.2666821,-0.41299358173179074,-0.7985613933190264,5.76019287109375
1747273852.2848294,-0.41550788111048553,-0.7913254872021835,4.557609558105469
1747273852.3080673,-0.4144690194415255,-0.7878851927424301,6.93511962890625
1747273852.3244057,-0.42199705242526897,-0.7859693171199609,4.0645599365234375
1747273852.3447678,-0.43877965109648737,-0.7771051172517889,4.32276725769043
1747273852.3603895,-0.45906235293378,-0.7667102065456641,3.983736038208008
1747273852.3854835,-0.478580999612515,-0.7629436748526116,5.159139633178711
1747273852.404897,-0.49415663267061616,-0.7713053079526354,4.393100738525391
1747273852.4256942,-0.5013151900333964,-0.7797812621201403,4.886865615844727
1747273852.4477856,-0.5002782025319669,-0.7892484744061322,6.238460540771484
1747273852.4651155,-0.49148405616453367,-0.7967510220323539,4.570960998535156
1747273852.4809315,-0.48626630443922203,-0.8015912670878708,4.240751266479492
1747273852.5057824,-0.47491334611721203,-0.8044069033405417,4.58526611328125
1747273852.5246844,-0.4808953173837937,-0.8054614453720101,4.481077194213867
1747273852.5402434,-0.4838808707903162,-0.8052317457275245,4.848480224609375
1747273852.5645757,-0.494626961592859,-0.8084795511268597,4.1904449462890625
1747273852.5883574,-0.5017705567763062,-0.8155870471825633,4.818916320800781
1747273852.6066432,-0.5166403160899505,-0.821784693486577,5.804538726806641
1747273852.6304095,-0.5094495925076027,-0.8252919384341525,5.935430526733398
1747273852.6534169,-0.4967451248773603,-0.8296013797013235,4.578828811645508
1747273852.6698198,-0.4898068490722898,-0.8327013260459771,4.246950149536133
1747273852.6907828,-0.4970577515561406,-0.8426840037505079,4.192590713500977
1747273852.707864,-0.5032260199824099,-0.8437900569213246,5.317926406860352
1747273852.7247777,-0.5029489302107313,-0.8449621679661548,4.159450531005859
1747273852.7447324,-0.49858976238360114,-0.8444195328552779,4.488468170166016
1747273852.764722,-0.5018412184394817,-0.841314418933524,4.474878311157227
1747273852.7847483,-0.4968400645755846,-0.8386334630486568,4.206657409667969
1747273852.8074064,-0.49933550800582915,-0.8363118271023733,7.210254669189453
1747273852.8263009,-0.511083971467935,-0.8411858110006691,6.273508071899414
1747273852.844909,-0.5241677110878636,-0.8435542077896244,4.718303680419922
1747273852.8663526,-0.5365689577378716,-0.8456374922568279,5.719423294067383
1747273852.886699,-0.5371275159079935,-0.8454864236183176,5.972862243652344
1747273852.9076078,-0.5388710861285957,-0.8465314340934,5.778789520263672
1747273852.934862,-0.5437219532636915,-0.8461775807325725,14.09292221069336
1747273852.9565296,-0.5413151538200445,-0.8451783231094679,5.907297134399414
1747273852.9736972,-0.5426928240104085,-0.8457370478751888,4.397153854370117
1747273852.993596,-0.5447893293871624,-0.8457170817032951,4.6634674072265625
1747273853.0082479,-0.5476707938282265,-0.8462476183999594,4.059791564941406
1747273853.027838,-0.542627955184401,-0.842743159138028,5.152225494384766
1747273853.044756,-0.5375003810577993,-0.8406771952489855,4.537820816040039
1747273853.0607762,-0.5351534025355019,-0.8397669393349915,4.161834716796875
1747273853.08765,-0.545704557222952,-0.8353573846561667,6.098031997680664
1747273853.1036024,-0.5560047188242286,-0.8310782535799389,4.699230194091797
1747273853.1267223,-0.546653142845737,-0.8312888508761501,5.795955657958984
1747273853.147254,-0.5417501409640858,-0.8324642434568721,6.376504898071289
1747273853.173047,-0.5247640743016777,-0.8363241476787184,5.033016204833984
1747273853.1881166,-0.5269761844952431,-0.8369589198886033,4.1866302490234375
1747273853.204493,-0.5343503268553043,-0.8369077972926185,4.141092300415039
1747273853.2243843,-0.5393768962007859,-0.8381363767522346,4.050493240356445
1747273853.2465982,-0.5365808870242956,-0.8400462327661524,5.843400955200195
1747273853.264364,-0.5314888107037479,-0.8419391417797156,4.058837890625
1747273853.2865489,-0.5387220100558613,-0.8418306409310639,4.914522171020508
1747273853.304181,-0.5449525842469384,-0.8411218289648698,4.018545150756836
1747273853.3262646,-0.5510891741716422,-0.8421461221018646,4.384756088256836
1747273853.3470945,-0.5538020994991832,-0.842879828186035,4.681587219238281
1747273853.3649223,-0.5589261157798169,-0.845434596822332,3.944873809814453
1747273853.3796105,-0.574618849048478,-0.8480359476356318,3.821849822998047
1747273853.4007928,-0.5806596259619645,-0.8507950455759004,4.114627838134766
1747273853.4253898,-0.5690396330882784,-0.8678432881289587,4.242420196533203
1747273853.444739,-0.5573535100604166,-0.8786476671018907,4.03904914855957
1747273853.4596462,-0.5536846618117417,-0.885825433418029,3.976583480834961
1747273853.5021558,-0.5871322213794902,-0.9009956035531224,11.185407638549805
1747273853.53479,-0.6104104019362048,-0.9097736088685878,9.102582931518555
1747273853.5491493,-0.6293697281422586,-0.9359770448070882,3.936290740966797
1747273853.5681639,-0.6423883266793426,-0.9517000115500966,6.011724472045898
1747273853.5921562,-0.6519633939509358,-0.9598450103642939,6.955862045288086
1747273853.6063726,-0.6548082911656243,-0.9652441921852547,4.276514053344727
1747273853.62107,-0.6739433994657326,-0.978066880678575,4.204988479614258
1747273853.644852,-0.7000980416335806,-0.98903618711358,3.95965576171875
1747273853.664806,-0.7188402912034076,-0.9999067499776108,4.033327102661133
1747273853.684949,-0.7292841310794677,-1.0134376518003365,4.14729118347168
1747273853.699379,-0.7341446304106687,-1.023929960446453,3.9904117584228516
1747273853.7247546,-0.7390350954698239,-1.0311323958018142,4.23741340637207
1747273853.7393553,-0.7423039205237589,-1.0400389482739696,3.8051605224609375
1747273853.7648594,-0.7531165308274612,-1.0445994529763336,4.102468490600586
1747273853.7852285,-0.7633623593749288,-1.0475398073275197,4.4727325439453125
1747273853.8048556,-0.7491046861749329,-1.058575749012576,3.9937496185302734
1747273853.8250532,-0.7432096171492594,-1.0656922099143085,4.312753677368164
1747273853.8449893,-0.739928339162853,-1.0721941630852099,4.467487335205078
1747273853.866277,-0.745064510733665,-1.0750067502372487,5.578756332397461
1747273853.8851805,-0.7378835177766129,-1.0803754363048328,4.38690185546875
1747273853.9067228,-0.7283845890173476,-1.083148230425602,5.638360977172852
1747273853.9292657,-0.7206685092086749,-1.0856893268719994,4.395484924316406
1747273853.9458194,-0.7149034545506412,-1.0863019029568282,4.291057586669922
1747273853.967304,-0.7061916194988063,-1.085301197664826,6.571531295776367
1747273853.989319,-0.6939304880881884,-1.0837748572173687,4.234552383422852
1747273854.0049775,-0.69444279685714,-1.079915592062393,4.087209701538086
1747273854.024876,-0.6943229325230584,-1.0818236274039417,4.238128662109375
1747273854.0444367,-0.7005426884776204,-1.0827069861898135,3.8967132568359375
1747273854.0622237,-0.6942264905825092,-1.0812711630073901,5.199909210205078
1747273854.086758,-0.68713829072197,-1.0817933082401057,4.857540130615234
1747273854.1079443,-0.6783020171916377,-1.0840665823421245,5.280494689941406
1747273854.127629,-0.671853628471185,-1.084735999227333,4.775524139404297
1747273854.1407537,-0.6491965525536709,-1.0833219621508476,3.757953643798828
1747273854.1599233,-0.6275232213410699,-1.0816017432847662,3.833293914794922
1747273854.186148,-0.6120804816704764,-1.0820931023037899,5.545139312744141
1747273854.2052255,-0.6181048861005661,-1.0804426892146204,4.009485244750977
1747273854.2245197,-0.6322785773977391,-1.080475279596409,3.945589065551758
1747273854.2442653,-0.6426288442261229,-1.07916460462258,3.679037094116211
1747273854.2641544,-0.6174945633147677,-1.0830851740582974,3.8475990295410156
1747273854.2860367,-0.5648562289667328,-1.0834415839230687,3.7758350372314453
1747273854.2994747,-0.5013532129316148,-1.0836145024693924,3.6270618438720703
1747273854.3250208,-0.48386767199467223,-1.0808236175617392,3.838777542114258
1747273854.3465602,-0.4808924132317739,-1.081366562319861,4.784822463989258
1747273854.3687348,-0.48120941538911977,-1.0743994433344395,5.188703536987305
1747273854.3849654,-0.48333532685342684,-1.0730863699747433,3.8347244262695312
1747273854.406633,-0.4858425561011383,-1.0735106009516338,5.693912506103516
1747273854.4265845,-0.4903503346699229,-1.0741096552990046,5.608320236206055
1747273854.4468548,-0.48907908022208973,-1.0712767841731368,5.604267120361328
1747273854.4678972,-0.49350079138372394,-1.0698719430569006,5.680322647094727
1747273854.4829512,-0.4998035372329395,-1.067833548435185,4.00543212890625
1747273854.5070715,-0.5307040433866376,-1.0717307820545656,5.9833526611328125
1747273854.526884,-0.5795453475931154,-1.0752356779067815,5.499362945556641
1747273854.5455449,-0.6050286923423835,-1.0787771257527803,4.508495330810547
1747273854.565491,-0.6011425081018381,-1.075710430255958,4.08172607421875
1747273854.5866294,-0.5965270042606051,-1.0771131472163562,5.497217178344727
1747273854.605004,-0.5901870618649644,-1.0746745481536684,4.451274871826172
1747273854.6242929,-0.5629077145418887,-1.0746850594117618,3.6923885345458984
1747273854.6443167,-0.5422193376971685,-1.077550089346345,3.7469863891601562
1747273854.6643336,-0.5112721277879282,-1.079060903183508,3.900766372680664
1747273854.6856866,-0.5018713127069342,-1.07949832998343,4.837274551391602
1747273854.7051835,-0.5047382916291421,-1.079173599323094,4.749298095703125
1747273854.7242405,-0.5145497777124843,-1.0803176965806531,3.771543502807617
1747273854.7440758,-0.5126771531886212,-1.0782352148865337,3.767728805541992
1747273854.7642305,-0.47403855848581666,-1.0784540311369553,3.8230419158935547
1747273854.7865288,-0.461458608402965,-1.0823805294858881,5.570650100708008
1747273854.8083315,-0.45562882068435523,-1.0821933503458105,7.4520111083984375
1747273854.8264918,-0.4537378426023211,-1.0852195180949926,5.608081817626953
1747273854.841241,-0.4514714978382615,-1.084111279298424,4.006385803222656
1747273854.865366,-0.44777304856884087,-1.0857960309420236,3.9489269256591797
1747273854.8854518,-0.4454320950623708,-1.0831749659313759,3.8084983825683594
1747273854.9081385,-0.4538494736175861,-1.0816326146696902,7.039546966552734
1747273854.9285574,-0.4731995794829088,-1.0813617932726407,4.708528518676758
1747273854.948207,-0.4763828195515991,-1.0832302430887335,5.759239196777344
1747273854.9654322,-0.4788378820857128,-1.0823421197531318,6.178855895996094
1747273854.984491,-0.4815371363466668,-1.0814912003574113,4.387617111206055
1747273855.0022812,-0.48346441371962384,-1.0778072171618476,4.776954650878906
1747273855.025843,-0.4828035357942548,-1.0772542574636819,4.022121429443359
1747273855.0464897,-0.46492842357432557,-1.075715231932948,5.540370941162109
1747273855.0658169,-0.46067469339148054,-1.0787391294007043,3.9262771606445312
1747273855.082077,-0.45404009842810866,-1.0781102040806723,5.460023880004883
1747273855.0997179,-0.47082025385309795,-1.0795548723489792,3.6661624908447266
1747273855.1203942,-0.4972370426556866,-1.080876860308911,3.9331912994384766
1747273855.1450148,-0.5181281822116227,-1.0791568468992987,3.9153099060058594
1747273855.16655,-0.5225487149962255,-1.077720906905308,3.9322376251220703
1747273855.181741,-0.5305592067040937,-1.077144069155021,3.836393356323242
1747273855.2044692,-0.5332216083327505,-1.0761625282530236,3.6911964416503906
1747273855.2209172,-0.5605704298922639,-1.0683049545139984,3.7729740142822266
1747273855.2448804,-0.5665242816815496,-1.0605247917754543,3.8824081420898438
1747273855.2615774,-0.5727249673018663,-1.0513398044605546,5.744457244873047
1747273855.2802458,-0.5847185822770414,-1.059309287833301,3.7946701049804688
1747273855.3015769,-0.5898025039316844,-1.065735982494772,5.650758743286133
1747273855.3250077,-0.5992736893675292,-1.0700930821013783,3.9288997650146484
1747273855.3445592,-0.5955510810866573,-1.076864131229392,3.8444995880126953
1747273855.366857,-0.5931037917139758,-1.0798051400092308,5.857706069946289
1747273855.3911211,-0.5872653508987118,-1.084954171621568,4.135847091674805
1747273855.4076533,-0.5797010793958352,-1.0854633716669306,5.8574676513671875
1747273855.4260972,-0.5877325056451468,-1.0795970878476266,5.325794219970703
1747273855.445539,-0.6044457599382264,-1.0769386899596556,4.593849182128906
1747273855.465735,-0.6135799936847486,-1.0782712644151138,4.081487655639648
1747273855.4998395,-0.6144553992730978,-1.080625321806566,4.226922988891602
1747273855.5129642,-0.615132115863839,-1.0839904494177477,3.839731216430664
1747273855.5270443,-0.6095126571601381,-1.0868503543935433,5.469322204589844
1747273855.5449913,-0.6054376518882525,-1.0836067678457248,4.008293151855469
1747273855.5644927,-0.6059248433379871,-1.0805138347081722,3.862619400024414
1747273855.5851912,-0.6053304590856974,-1.081510553197186,4.25410270690918
1747273855.6055174,-0.6259717566004565,-1.0824370676812065,3.9832592010498047
1747273855.6284883,-0.646796154931589,-1.0815195531510025,6.628274917602539
1747273855.6430645,-0.6611923962555515,-1.0831591614181453,5.2051544189453125
1747273855.665503,-0.6778026171723708,-1.082581857956483,4.387140274047852
1747273855.6844969,-0.6695363600270111,-1.0794972603997888,3.9107799530029297
1747273855.7050672,-0.6661119014338327,-1.080181993052918,3.997802734375
1747273855.7252655,-0.6594190230496864,-1.076012047316319,3.9110183715820312
1747273855.7450273,-0.6541397011870721,-1.0787580419342777,3.8843154907226562
1747273855.7601736,-0.6560517057775888,-1.0808255544043857,3.9014816284179688
1747273855.780864,-0.6392197207238153,-1.080779386288488,5.023002624511719
1747273855.8048103,-0.6230228566358088,-1.0779254145816,3.817319869995117
1747273855.8251696,-0.6147577086451141,-1.074034514671744,3.7832260131835938
1747273855.8425055,-0.5995326331632671,-1.068976754452392,4.92095947265625
1747273855.8654428,-0.5975760241756283,-1.062524191658477,4.091978073120117
1747273855.8861053,-0.6029883290859211,-1.0693321609315467,4.185199737548828
1747273855.9050283,-0.6192528798718363,-1.0755109786708053,8.834123611450195
1747273855.9272847,-0.6309687950851166,-1.0802992505812905,5.580425262451172
1747273855.9481823,-0.6451226671633387,-1.0814979074977435,4.921436309814453
1747273855.9616272,-0.6519205969646249,-1.0816496491599314,3.8022994995117188
1747273855.986441,-0.6667713862584598,-1.0827648665640155,4.204988479614258
1747273856.010896,-0.6698195337260161,-1.0799997304703794,3.9272308349609375
1747273856.0250254,-0.6793468590270051,-1.0796425453370981,3.775358200073242
1747273856.0446277,-0.6833959316620717,-1.0772016108804998,3.8301944732666016
1747273856.0651402,-0.684307569132177,-1.0788282306798844,3.818988800048828
1747273856.0855083,-0.6841606799670114,-1.0788101000488728,4.028081893920898
1747273856.108185,-0.6830943756523211,-1.0804948401693046,5.321741104125977
1747273856.1277654,-0.6898015263297774,-1.0811467896975067,6.072759628295898
1747273856.1476989,-0.7012690498359151,-1.0805043696818049,4.405736923217773
1747273856.1672611,-0.7068002687134763,-1.0789389446694968,5.248546600341797
1747273856.2105515,-0.7100257727634486,-1.078709742979188,13.268470764160156
1747273856.2401767,-0.7137454179893254,-1.0770457135620075,7.5054168701171875
1747273856.2540822,-0.7180802281676292,-1.076652285022941,4.199981689453125
1747273856.2707617,-0.716871712392488,-1.0812761927032728,3.856658935546875
1747273856.4179437,-0.7081179979249745,-1.0785501439792013,5.219936370849609
1747273856.441318,-0.6911193365801799,-1.0778263237761119,4.384756088256836
1747273856.458739,-0.6628231004366468,-1.0793338515555022,7.809638977050781
1747273856.478606,-0.6233516704596788,-1.0766605007918633,3.7763118743896484
1747273856.4929554,-0.5843631896441921,-1.0750471303761837,4.700422286987305
1747273856.5061588,-0.547610264302019,-1.0753628723740585,3.831624984741211
1747273856.5255506,-0.5567676893895905,-1.0733937744764857,4.553079605102539
1747273856.539573,-0.5803034861283176,-1.0722485234215127,3.8039684295654297
1747273856.5666497,-0.586798811162657,-1.0716238820384496,5.706548690795898
1747273856.580326,-0.6089699829073014,-1.074743453835088,3.6554336547851562
1747273856.6045656,-0.6333560527342446,-1.0778432757619523,3.803730010986328
1747273856.6245213,-0.6462103584402342,-1.0771391046275713,3.815174102783203
1747273856.6469483,-0.6545800689574943,-1.0743695132878666,5.58018684387207
1747273856.6647213,-0.6665989965116906,-1.0775338422994751,3.8666725158691406
1747273856.6870685,-0.6734456715221587,-1.0785386049606422,5.620241165161133
1747273856.7085059,-0.6825112932626906,-1.0805807651922916,6.149530410766602
1747273856.729795,-0.6890077368981528,-1.0794987107669196,4.343509674072266
1747273856.7480638,-0.7000887698240743,-1.0776458022768312,5.120038986206055
1747273856.7665823,-0.7128899249259318,-1.076745475308041,5.699872970581055
1747273856.7853878,-0.7303995867555036,-1.0780745462018653,3.9796829223632812
1747273856.8068657,-0.7438459272374677,-1.0787643748819986,5.675315856933594
1747273856.82749,-0.7529131840494838,-1.0760923858837956,5.979776382446289
1747273856.847531,-0.7646975696355445,-1.0778496050047128,5.994081497192383
1747273856.8605509,-0.7397603600125985,-1.0812867905154242,3.7391185760498047
1747273856.8873246,-0.6881189406681356,-1.0819487592596955,5.005121231079102
1747273856.9071808,-0.641468648167059,-1.0812979838700612,6.0443878173828125
1747273856.9336326,-0.6505059684297738,-1.0813063449091733,5.650043487548828
1747273856.9481194,-0.6555794058913587,-1.0794338412588735,3.919839859008789
1747273856.9647117,-0.6605308731108699,-1.0800167209566278,3.9408206939697266
1747273856.9870937,-0.653281694611853,-1.0807313962091352,5.141496658325195
1747273857.0047715,-0.6413647939096684,-1.0812816504940381,3.851175308227539
1747273857.0248644,-0.6415679954528111,-1.0811677132019863,4.112720489501953
1747273857.039546,-0.6472019442832354,-1.080804242966421,3.7047863006591797
1747273857.0597732,-0.6494440145791753,-1.0827486719778066,3.8797855377197266
1747273857.085509,-0.6617587419632708,-1.0849248889546226,4.067897796630859
1747273857.1072533,-0.679181358281279,-1.0865635221957162,5.832433700561523
1747273857.1276126,-0.6972449023832963,-1.0856192650492416,4.868745803833008
1747273857.1480932,-0.7140792571447266,-1.0854681360376506,6.744861602783203
1747273857.1653533,-0.7214844660783106,-1.0864517261186784,4.102945327758789
1747273857.1801202,-0.7012449523005108,-1.0827001114532344,3.8683414459228516
1747273857.2054384,-0.6828190032344269,-1.0824444052803335,4.23741340637207
1747273857.2273717,-0.6636092740415139,-1.0802091597353125,5.817174911499023
1747273857.2471905,-0.6926348538769309,-1.078266569894614,6.138801574707031
1747273857.2679505,-0.7282341174032754,-1.077500565466597,6.534576416015625
1747273857.2868927,-0.7590350623113059,-1.078496572276198,5.550622940063477
1747273857.3096578,-0.7777941147795684,-1.0778397354751432,6.718158721923828
1747273857.3337252,-0.7357801584476884,-1.0846278426698102,4.797697067260742
1747273857.35091,-0.7168143852146338,-1.0874483765873437,3.835916519165039
1747273857.3663588,-0.7180438728488483,-1.0889246422748176,4.089117050170898
1747273857.3854446,-0.7040404693409001,-1.0923063481130895,4.223108291625977
1747273857.4058275,-0.6871024384671948,-1.0929215083898403,4.029989242553711
1747273857.419844,-0.6650769115722573,-1.0942601527600875,3.8900375366210938
1747273857.441009,-0.6933014064228453,-1.086187192262563,4.140138626098633
1747273857.469932,-0.7056512027555353,-1.0838025306155674,5.2947998046875
1747273857.4851563,-0.7345732292995186,-1.0804458167187458,3.938913345336914
1747273857.5062041,-0.7311749963622447,-1.0789171891231493,3.913402557373047
1747273857.5246215,-0.7212588996310666,-1.0777635676189699,3.8161277770996094
1747273857.5475924,-0.7206795200979689,-1.076377199968409,5.431175231933594
1747273857.5723808,-0.7457696947725454,-1.0782181955467673,4.510641098022461
1747273857.5852206,-0.7550629107111797,-1.0805019242422211,3.763914108276367
1747273857.605841,-0.7632885744987902,-1.0806198705874828,4.255533218383789
1747273857.6268976,-0.7721590190467297,-1.0806708762027346,4.244565963745117
1747273857.6464756,-0.7803459313680157,-1.0766111173879611,5.522251129150391
1747273857.666947,-0.7828139355937517,-1.0749971746550122,6.068706512451172
1747273857.6868176,-0.7818604131394779,-1.0747130977740178,4.91786003112793
1747273857.7083883,-0.7807706596900409,-1.0815724835653364,4.824399948120117
1747273857.736896,-0.7847556825119715,-1.087658747688616,6.2351226806640625
1747273857.7498186,-0.7846632564417808,-1.088873804022647,3.795623779296875
1747273857.7625678,-0.7810697125143072,-1.0895478731549995,3.9365291595458984
1747273857.781023,-0.765817658268375,-1.084254994298329,4.027128219604492
1747273857.8057115,-0.7546667726633393,-1.081891807091331,4.127979278564453
1747273857.82518,-0.7456758542638677,-1.078736446815951,3.9060115814208984
1747273857.844978,-0.7382248769518054,-1.0766589538595412,3.9665699005126953
1747273857.868703,-0.7393034398823451,-1.0777201814447024,7.250547409057617
1747273857.8852673,-0.7363779376612533,-1.0756564749104442,4.281044006347656
1747273857.9054854,-0.7269616700012244,-1.0776988848931368,4.509687423706055
1747273857.9271913,-0.7113470763211437,-1.081273745627565,5.915164947509766
1747273857.9467094,-0.7011310377140904,-1.084091643929026,4.164695739746094
1747273857.9651449,-0.7057981747041114,-1.0824717093016007,3.9665699005126953
1747273857.9881363,-0.7102637922695397,-1.0796794286924574,6.330013275146484
1747273858.0054166,-0.7068253532212423,-1.0789656489642305,4.177331924438477
1747273858.028994,-0.7014442583756814,-1.0803297174632942,3.9703845977783203
1747273858.0455382,-0.6907686645598972,-1.0832989697854294,4.197359085083008
1747273858.065948,-0.6793655200019227,-1.0858274927752387,4.775047302246094
1747273858.0851474,-0.6682857913532376,-1.0873098623904447,3.9021968841552734
1747273858.1050406,-0.6639006464413278,-1.085224053889566,3.751993179321289
1747273858.125076,-0.6613776510820925,-1.0862272145359135,3.9420127868652344
1747273858.147134,-0.6605181860969491,-1.0863602197650366,5.687713623046875
1747273858.1676228,-0.6480056368286451,-1.0852557277172155,6.195068359375
1747273858.1855133,-0.6374979459986958,-1.085686327347393,3.874540328979492
1747273858.2069914,-0.6205805438501284,-1.0823819974812816,4.688739776611328
1747273858.230033,-0.6206909838228662,-1.0749870959106047,4.961967468261719
1747273858.2449803,-0.6247156347474222,-1.0716145837927893,3.9157867431640625
1747273858.265364,-0.6351628824444909,-1.0707338538592799,3.921031951904297
1747273858.286007,-0.6458194837540605,-1.0678109407124183,4.512548446655273
1747273858.3002944,-0.6605892805258002,-1.0671201161320722,3.9267539978027344
1747273858.3283927,-0.6739011560721689,-1.0659548920303956,4.038333892822266
1747273858.3449543,-0.6864419719494121,-1.065166734814678,3.876209259033203
1747273858.3650155,-0.6805871918271056,-1.0751840436969269,3.793954849243164
1747273858.3880892,-0.6754820221096546,-1.0797024318243365,6.949186325073242
1747273858.4049354,-0.6666151956867912,-1.0792822462553888,3.7114620208740234
1747273858.425472,-0.6470319904679446,-1.08434575252607,3.894329071044922
1747273858.4504852,-0.6292362230591413,-1.0865636962873135,7.6160430908203125
1747273858.4646468,-0.6023831805089944,-1.088098289092365,4.24647331237793
1747273858.488262,-0.5803906062274691,-1.0880363814692424,4.409313201904297
1747273858.5023375,-0.5659580294614821,-1.0841870013806014,4.138946533203125
1747273858.5203483,-0.5440671641268546,-1.0813090611777867,3.901243209838867
1747273858.5464492,-0.48590868574008267,-1.078167776546277,4.668235778808594
1747273858.5681632,-0.4915379797295701,-1.0741943363020572,4.767894744873047
1747273858.5867918,-0.5060484810409442,-1.0730235168800784,4.607915878295898
1747273858.6062205,-0.5052080350076771,-1.075734378035441,4.8122406005859375
1747273858.6246638,-0.520289658550529,-1.0681745369089013,5.490303039550781
1747273858.64064,-0.5300562997141024,-1.0659449322268906,3.8080215454101562
1747273858.6650474,-0.5592352392889187,-1.0656027761885398,3.77655029296875
1747273858.6861572,-0.5562787813196671,-1.0680351281209732,4.437446594238281
1747273858.7053273,-0.5587164980035189,-1.071180055889275,4.072666168212891
1747273858.7258403,-0.5561673122006837,-1.072120132418536,4.547119140625
1747273858.7412665,-0.5526290349011197,-1.0712806043070544,3.7839412689208984
1747273858.7653768,-0.5479251265703259,-1.0774602373528417,4.238367080688477
1747273858.7852309,-0.5474414874662505,-1.075662933064694,4.364728927612305
1747273858.806837,-0.5602697696498116,-1.074241295993711,5.561351776123047
1747273858.8254497,-0.5540175735288758,-1.0754507092989865,4.457950592041016
1747273858.845508,-0.5630028576399921,-1.0775533253382152,4.356861114501953
1747273858.8649268,-0.5541325380770752,-1.0770658129315527,3.8552284240722656
1747273858.8848646,-0.5822816901534802,-1.0764289070646806,3.7751197814941406
1747273858.9053988,-0.5971679587108732,-1.0731267577495012,4.361629486083984
1747273858.9251306,-0.6323236024684882,-1.0737978453334525,4.102945327758789
1747273858.9463537,-0.6497761180084883,-1.0736200488879133,4.599094390869141
1747273858.9664054,-0.6593858762959922,-1.0778810588696977,4.667997360229492
1747273858.9854527,-0.6792860744128498,-1.0797674384197247,4.611730575561523
1747273859.0077639,-0.6956857305289644,-1.0819647275370021,6.409883499145508
1747273859.0258791,-0.6917390766750946,-1.0857298542727682,4.591226577758789
1747273859.0476675,-0.6822968049284224,-1.0850192374640293,5.687236785888672
1747273859.0654435,-0.6748863909543894,-1.083828571846999,4.33039665222168
1747273859.0849714,-0.6598907443715589,-1.0783679884777206,3.9365291595458984
1747273859.1057317,-0.6539497419411794,-1.0761928534327225,4.374980926513672
1747273859.1258616,-0.6547465061235804,-1.0736347809614057,4.637241363525391
1747273859.1434946,-0.6531268068269919,-1.0733871279102358,6.857872009277344
1747273859.1661994,-0.6500205307535201,-1.0749295973380413,4.073143005371094
1747273859.1872175,-0.637106154911677,-1.0758268045057369,5.6705474853515625
1747273859.2142277,-0.6366375587384286,-1.0787581557354902,4.856348037719727
1747273859.228116,-0.6294148917276613,-1.073304725031344,3.862619400024414
1747273859.248518,-0.6314027084204165,-1.0767526930161992,4.037618637084961
1747273859.261142,-0.6314695982779547,-1.0777375299177812,3.7429332733154297
1747273859.2849867,-0.637762269883702,-1.0784179869184616,3.835916519165039
1747273859.305896,-0.6439924744651093,-1.0784225135936536,3.9496421813964844
1747273859.325001,-0.6392229935096445,-1.0792675023244804,3.8259029388427734
1747273859.345031,-0.6233402476324784,-1.0799195209953318,3.8716793060302734
1747273859.3650208,-0.6023835738379736,-1.0783521695958243,3.899097442626953
1747273859.385065,-0.5886144946938049,-1.078725274293719,3.737926483154297
1747273859.4083672,-0.5708912919118336,-1.0785219128709276,6.09898567199707
1747273859.4256845,-0.5759058299434094,-1.079235705437326,4.100561141967773
1747273859.445194,-0.5760464048411654,-1.0769281450918127,3.816366195678711
1747273859.4679115,-0.5751751527340666,-1.0755674547407925,5.642890930175781
1747273859.485989,-0.585680488307044,-1.0779377313785345,4.248380661010742
1747273859.5102136,-0.6052967483783088,-1.0790719688183044,4.148006439208984
1747273859.533158,-0.6169120308107912,-1.081115197817597,4.451990127563477
1747273859.546303,-0.6026455238178485,-1.0801952985626642,3.9937496185302734
1747273859.560482,-0.5885699804208142,-1.0795666136267152,3.681182861328125
1747273859.585556,-0.5461525073538979,-1.0806004589048779,4.006147384643555
1747273859.6057982,-0.5910521729847624,-1.0793509465929252,4.310846328735352
1747273859.6258252,-0.6329838764020321,-1.0831727917612486,4.446744918823242
1747273859.645652,-0.6637075898530713,-1.085997577364505,5.136013031005859
1747273859.6665146,-0.6822366443002347,-1.087588570427109,4.272699356079102
1747273859.6877427,-0.6891384351404172,-1.0891532197602698,5.599021911621094
1747273859.7072885,-0.7107939445120656,-1.0923378026565673,5.767345428466797
1747273859.7311368,-0.7317698773352957,-1.0964841599496697,4.0760040283203125
1747273859.7486725,-0.7111687850867335,-1.087503894561625,5.799293518066406
1747273859.7625642,-0.6783879398916968,-1.0831657538482895,3.759622573852539
1747273859.7848506,-0.6588467043334083,-1.0813359724759564,3.6745071411132812
1747273859.8050277,-0.6533627802765999,-1.079975318687949,3.7615299224853516
1747273859.8248587,-0.6453415237088945,-1.0783321323877257,3.7038326263427734
1747273859.8446784,-0.6331584576804026,-1.075499427547056,3.6835670471191406
1747273859.8648713,-0.6393564229750851,-1.0786790455052937,3.818035125732422
1747273859.8867495,-0.6446383758592261,-1.0802871198984734,4.006385803222656
1747273859.905778,-0.6538032466892695,-1.0798811111047397,4.187822341918945
1747273859.9226115,-0.6629667769774221,-1.082533669288725,3.8886070251464844
1747273859.944937,-0.6608540010645285,-1.086981787057765,3.8390159606933594
1747273859.9686618,-0.6628149938580116,-1.0903314643495925,5.525112152099609
1747273859.986536,-0.657496752726999,-1.0908568555272533,4.039525985717773
1747273860.0072873,-0.6226180073445848,-1.0806152369565312,5.646228790283203
1747273860.0258837,-0.6186850712648174,-1.0782480008400555,4.399299621582031
1747273860.0451047,-0.6146906932778107,-1.0739795151964033,3.764629364013672
1747273860.0653777,-0.6140834359359291,-1.0733888984088737,3.8301944732666016
1747273860.0859048,-0.6126516984538971,-1.070258488155276,4.223108291625977
1747273860.1075032,-0.6138715779461078,-1.068908728649261,5.493879318237305
1747273860.1281059,-0.6336333732345049,-1.0708424702944466,5.608797073364258
1747273860.1503472,-0.646726293633956,-1.072662024751582,6.381988525390625
1747273860.1713736,-0.6637930023763929,-1.0740359822710046,6.016731262207031
1747273860.1927774,-0.6708837068120889,-1.075425149541467,5.858182907104492
1747273860.214438,-0.6744251776203594,-1.0789693579991817,7.106781005859375
1747273860.2331605,-0.6854660399882263,-1.0837672631816855,4.116058349609375
1747273860.2478845,-0.6985049745988066,-1.084421882952512,5.516529083251953
1747273860.2655866,-0.6658588760164151,-1.0829332695976774,4.083395004272461
1747273860.2856028,-0.6042818471510526,-1.0814535273782586,4.106283187866211
1747273860.305117,-0.5389728394097979,-1.0789045547456197,3.8149356842041016
1747273860.327306,-0.5316374441402054,-1.071685097627626,3.9832592010498047
1747273860.340291,-0.49174658602137095,-1.0689486973822488,3.6468505859375
1747273860.364823,-0.45829779451013314,-1.0616084777531203,3.7271976470947266
1747273860.3860958,-0.4039004157735897,-1.0413126437659301,4.312992095947266
1747273860.4057198,-0.498838938275026,-1.063760575434453,4.32276725769043
1747273860.4211802,-0.5969299913716614,-1.0667913877990887,3.857135772705078
1747273860.4464684,-0.6168509315107473,-1.0684006216246011,4.338502883911133
1747273860.4706223,-0.6210229694026033,-1.0762985873589146,9.072303771972656
1747273860.4915884,-0.6283276269707886,-1.0814858494593516,3.729581832885742
1747273860.5055642,-0.6316949750714289,-1.084059896802338,4.06336784362793
1747273860.5252101,-0.6270211201406548,-1.0808996651112395,3.717660903930664
1747273860.55025,-0.6155580895299503,-1.077838851070988,3.9751529693603516
1747273860.5660317,-0.6095811121106275,-1.0785170402414945,4.273891448974609
1747273860.5952601,-0.6125219841726626,-1.082498717299815,8.435726165771484
1747273860.6171148,-0.6186836010799526,-1.0817697427206743,5.588293075561523
1747273860.6320238,-0.6196488353389483,-1.0832410434366084,3.818988800048828
1747273860.6476433,-0.6180638170551412,-1.0831906155813085,5.71894645690918
1747273860.6660306,-0.6608859243359374,-1.0817104752769493,4.646539688110352
1747273860.6815462,-0.6985339420739346,-1.0834932771224934,3.7381649017333984
1747273860.7053525,-0.7285462569480816,-1.0845467849073087,3.8008689880371094
1747273860.7253642,-0.7092128094378131,-1.0868638598114135,4.029750823974609
1747273860.7453103,-0.6693888215901396,-1.0801562304876002,3.8268566131591797
1747273860.7650309,-0.6509762633560007,-1.0751799702669174,3.7872791290283203
1747273860.785109,-0.6397130795003367,-1.076332943271817,3.711223602294922
1747273860.8049746,-0.6288106758795681,-1.0769157636631779,3.7429332733154297
1747273860.8250391,-0.6199281670484115,-1.0765315384316196,3.72314453125
1747273860.8404613,-0.6091942290144554,-1.0764523679551758,4.14586067199707
1747273860.8651133,-0.6165092238582,-1.0815563312156968,3.9026737213134766
1747273860.8855984,-0.627528770447538,-1.0860081339863563,3.9358139038085938
1747273860.9055042,-0.6294138297286652,-1.0873474103140142,3.8864612579345703
1747273860.9230952,-0.6192125740311215,-1.0844033072658816,5.140066146850586
1747273860.9409025,-0.6308881027150155,-1.0829682850100364,3.8390159606933594
1747273860.9605763,-0.6322157264695517,-1.0796907482552855,3.841876983642578
1747273860.982157,-0.6280713017353403,-1.0879188823765606,3.8950443267822266
1747273861.0057771,-0.6306581308089481,-1.0910357997453821,4.16874885559082
1747273861.0203886,-0.6305251923896169,-1.0917811013406773,3.6652088165283203
1747273861.0459356,-0.6258162979121691,-1.0893049634011902,4.088401794433594
1747273861.0677605,-0.6250118416940594,-1.0867020728862942,5.539178848266602
1747273861.0823565,-0.6103676382116194,-1.0847778477112633,3.8480758666992188
1747273861.1084073,-0.5903264261435909,-1.082579468056224,6.048679351806641
1747273861.1319263,-0.582939727070194,-1.081632935115311,4.114866256713867
1747273861.1452093,-0.5919449921705722,-1.0814679305689667,4.554986953735352
1747273861.1711338,-0.5997463641163014,-1.0829951682885566,5.796670913696289
1747273861.1915221,-0.6042086126280337,-1.080838167210144,3.7796497344970703
1747273861.2056336,-0.6014294519374134,-1.0795068851795033,3.869771957397461
1747273861.228993,-0.6035405582714705,-1.0787573777812178,4.3048858642578125
1747273861.2419307,-0.5872517420669164,-1.0816383740796058,3.619670867919922
1747273861.2661593,-0.5871156943581312,-1.0848162699761486,4.475593566894531
1747273861.4161377,-0.577456201461691,-1.0854063067637374,3.871917724609375
1747273861.4297569,-0.5663243879685618,-1.0840796696263832,4.514217376708984
1747273861.4467435,-0.5476700789714988,-1.0819182582388733,3.9010047912597656
1747273861.4651163,-0.5376816878600187,-1.0796738934663406,3.7076473236083984
1747273861.4866395,-0.5058974555209999,-1.0770720559054427,5.017280578613281
1747273861.5067704,-0.5272100536250882,-1.079655440550454,4.124641418457031
1747273861.534025,-0.5459690189515726,-1.0829824248718052,11.329889297485352
1747273861.558756,-0.5627289470296749,-1.0856420945032852,3.962278366088867
1747273861.579958,-0.5552675368703954,-1.0803195342497223,5.115032196044922
1747273861.602383,-0.5519549921646446,-1.077564472137258,5.074739456176758
1747273861.627617,-0.5554483827366945,-1.07631008769252,4.408121109008789
1747273861.6406147,-0.5635521323830839,-1.0757738239248926,3.7813186645507812
1747273861.665519,-0.570984569749395,-1.0748117786264828,3.794431686401367
1747273861.6856496,-0.5749794049109157,-1.0765326687255667,4.08172607421875
1747273861.7051604,-0.5881789876257505,-1.0801024896784122,3.7713050842285156
1747273861.730022,-0.6025269393948406,-1.0823729729633105,6.073474884033203
1747273861.7459688,-0.614995881918524,-1.0839083144427943,4.134893417358398
1747273861.7616425,-0.6505455039386485,-1.0854141634075096,3.8573741912841797
1747273861.7870855,-0.6429738828977427,-1.080029974475993,3.948211669921875
1747273861.8061981,-0.6435427572567547,-1.0747545386150605,4.25267219543457
1747273861.8259954,-0.6328535317353006,-1.071321287323384,4.22215461730957
1747273861.8459077,-0.6275063320982321,-1.0733729865682788,4.297494888305664
1747273861.8658407,-0.6262873161157291,-1.0764966806174194,4.223823547363281
1747273861.8863606,-0.6297106102954382,-1.0798573055694256,4.821538925170898
1747273861.9057982,-0.62718123729825,-1.0807065865035468,4.105329513549805
1747273861.9251988,-0.617391150967464,-1.0795484636382453,3.8335323333740234
1747273861.945221,-0.6052195049197101,-1.0817545270177082,3.769397735595703
1747273861.9681163,-0.589470309708151,-1.0792482680319557,4.656553268432617
1747273861.9916575,-0.5909362257725962,-1.0774918854545013,7.75599479675293
1747273862.0288458,-0.5974615043878753,-1.078493795672988,5.568027496337891
1747273862.0505683,-0.6134847570129184,-1.078701372058821,7.736682891845703
1747273862.0676672,-0.6234203707733651,-1.0827423551544806,5.699872970581055
1747273862.0862505,-0.6491229209912459,-1.0852746577748553,4.464864730834961
1747273862.1058354,-0.6449680834698431,-1.081941953428755,3.9968490600585938
1747273862.1254551,-0.6512105797113841,-1.081066568201459,3.7298202514648438
1747273862.1452887,-0.6590367544396886,-1.0833983694131133,3.9644241333007812
1747273862.1604762,-0.6918653092915124,-1.0862694806301243,3.7326812744140625
1747273862.190096,-0.7012868175247161,-1.0861912865644154,8.454322814941406
1747273862.207771,-0.7222907319462426,-1.0872089680133763,5.768775939941406
1747273862.225684,-0.7440641760559744,-1.0953593006532807,4.214286804199219
1747273862.2460423,-0.7607762125482358,-1.1022739279689564,4.439353942871094
1747273862.2658591,-0.769027169896919,-1.1062098745124227,4.001855850219727
1747273862.2879326,-0.7738966860419111,-1.1088985566566285,5.851268768310547
1747273862.3018942,-0.7828014265923996,-1.1072142751060654,3.8144588470458984
1747273862.3229048,-0.7853818510726749,-1.1071923867964866,5.662202835083008
1747273862.3477626,-0.7880667381513792,-1.1045282028368992,5.59687614440918
1747273862.3682978,-0.7783391155351078,-1.1035331698215258,6.335020065307617
1747273862.3888147,-0.7732724284449863,-1.0976107126656158,6.871938705444336
1747273862.4059722,-0.7574646968469068,-1.094686463773064,4.2972564697265625
1747273862.4279428,-0.7525736176098248,-1.0883162674889297,5.766153335571289
1747273862.4507926,-0.7446257322083976,-1.0859060130667535,4.054069519042969
1747273862.4811318,-0.7382882047479542,-1.0849139539752828,18.306732177734375
1747273862.5091267,-0.7236219449067928,-1.0836463265682843,5.520820617675781
1747273862.5262206,-0.7110974078347487,-1.0808035925451864,4.556417465209961
1747273862.548491,-0.6982171158609586,-1.0790007401136765,6.38270378112793
1747273862.5666678,-0.6728268505103642,-1.0813367711591635,4.818916320800781
1747273862.5887544,-0.6577579308404174,-1.0817607890870529,6.7424774169921875
1747273862.605351,-0.6530658714747958,-1.0818460856270167,3.780841827392578
1747273862.625614,-0.659133872897488,-1.0795437472886715,3.858327865600586
1747273862.6465693,-0.6625531001453263,-1.0785960782567912,4.042387008666992
1747273862.6673572,-0.6653804859945893,-1.0831781874386588,5.558013916015625
1747273862.685692,-0.6765627042790272,-1.0803993525962272,3.9565563201904297
1747273862.7030947,-0.6841884753301132,-1.078969319778361,3.833770751953125
1747273862.725665,-0.690923641402155,-1.0768705469170525,3.785371780395508
1747273862.7478364,-0.7193557816125584,-1.081846245986393,4.536867141723633
1747273862.7690237,-0.7450481875632045,-1.0859265936164544,4.093408584594727
1747273862.7856412,-0.7511361738137627,-1.0891032105120808,3.826618194580078
1747273862.8081243,-0.7568229850350316,-1.091377185199499,5.795001983642578
1747273862.8250463,-0.7459862270572151,-1.0882308677290111,4.291057586669922
1747273862.8464234,-0.7312321928956224,-1.08307232296734,4.449605941772461
1747273862.861241,-0.7181187790619101,-1.080472294607499,3.744363784790039
1747273862.888334,-0.7258612868763592,-1.0841821370147309,5.6476593017578125
1747273862.909316,-0.7278792750630884,-1.0882273140967378,5.459070205688477
1747273862.926564,-0.7393688935386094,-1.0937640201944065,5.552530288696289
1747273862.950216,-0.7341333460457101,-1.0890540486320646,6.906986236572266
1747273862.968614,-0.7301880882416373,-1.0846530746605232,5.8135986328125
1747273862.988466,-0.7246207309844603,-1.0814190433012625,5.562543869018555
1747273863.0123966,-0.7437649553488271,-1.0872872268641314,3.9739608764648438
1747273863.0268536,-0.7459179575384386,-1.0889028853191172,3.984212875366211
1747273863.0474799,-0.7554793094299541,-1.0914735320700764,5.790233612060547
1747273863.0655046,-0.7600866955716395,-1.0921254911222091,3.8394927978515625
1747273863.0879068,-0.742656178587898,-1.0921839103253976,5.598306655883789
1747273863.107174,-0.7190714903735832,-1.0898420963474726,4.036188125610352
1747273863.1212747,-0.705435603424895,-1.090079361916856,3.768444061279297
1747273863.145623,-0.7098557636576872,-1.0872496096927051,3.89862060546875
1747273863.1655767,-0.7167816992037099,-1.0824921520879092,3.846406936645508
1747273863.186129,-0.7256045934261005,-1.0830737959482488,4.343271255493164
1747273863.207991,-0.6976385518424204,-1.0837709405786542,5.633354187011719
1747273863.220556,-0.6789754629707199,-1.084751261078766,3.6878585815429688
1747273863.2481487,-0.6666852912194426,-1.0813367747415472,5.778074264526367
1747273863.271158,-0.6600658770184694,-1.0808816489970763,5.0106048583984375
1747273863.2871144,-0.6537058214469083,-1.0832700230313879,4.017114639282227
1747273863.3062289,-0.6490953740893525,-1.0836935970787993,4.548788070678711
1747273863.3264086,-0.6512766261586581,-1.087032306621474,4.400730133056641
1747273863.3456323,-0.6621441306818118,-1.0801550927745973,3.7164688110351562
1747273863.3687758,-0.6565554201057547,-1.077570280647207,6.492137908935547
1747273863.3865948,-0.6453922979520911,-1.0759345270270766,4.68134880065918
1747273863.4099236,-0.6449999184691239,-1.0733533103220287,4.6539306640625
1747273863.4276178,-0.6513574413657762,-1.0724630956805687,4.040002822875977
1747273863.442229,-0.6581318453358501,-1.0730667169695625,4.433155059814453
1747273863.4726164,-0.6864926222743208,-1.074173563067967,4.055976867675781
1747273863.4865184,-0.7020839101360831,-1.0750794498787237,3.902435302734375
1747273863.5059226,-0.713968998646599,-1.0755056454120433,4.254817962646484
1747273863.526739,-0.7242979938959675,-1.0780656888568523,4.419565200805664
1747273863.5455885,-0.729059005397548,-1.083398544208089,3.8127899169921875
1747273863.5652745,-0.7299316419680342,-1.082559640840947,3.7567615509033203
1747273863.5857198,-0.7219238211600084,-1.0844927284174855,3.9370059967041016
1747273863.6085773,-0.7078688625943352,-1.0873179678833227,4.350900650024414
1747273863.626267,-0.7144029265192942,-1.0874797815114223,4.59599494934082
1747273863.645679,-0.7095511810848428,-1.0894940684288372,4.069328308105469
1747273863.6661816,-0.7154510559233547,-1.0874231017736717,4.311800003051758
1747273863.6856906,-0.7306223710583655,-1.087836961411723,3.9882659912109375
1747273863.710552,-0.7356271125160773,-1.0870063270040333,6.284952163696289
1747273863.728328,-0.7429015989446549,-1.0858221868187417,6.256341934204102
1747273863.7487195,-0.732542387565893,-1.0886737508905908,6.349325180053711
1747273863.7680519,-0.7298164734303317,-1.0873005468752641,5.68389892578125
1747273863.7887998,-0.7308953804502997,-1.0894391291395644,6.137847900390625
1747273863.8134365,-0.7321255061891294,-1.090127144432625,10.925769805908203
1747273863.833806,-0.7250148981662932,-1.0882951946842874,5.131959915161133
1747273863.86922,-0.7269400400951118,-1.094426337380397,8.863687515258789
1747273863.8965209,-0.7197435263423955,-1.0907586123483402,7.605075836181641
1747273863.9136274,-0.7179546721045033,-1.090739734714932,3.840208053588867
1747273863.9313755,-0.7124462234550278,-1.0869426742397155,3.9081573486328125
1747273863.9469018,-0.7038268771271607,-1.0858182044858349,4.136562347412109
1747273863.9838595,-0.70195901053648,-1.0842760746691238,6.400823593139648
1747273864.0289772,-0.711203611831616,-1.0857734021224668,5.987882614135742
1747273864.0453565,-0.7176647764368249,-1.084052373279977,5.9032440185546875
1747273864.0628707,-0.7252737345017803,-1.090314301322196,5.602598190307617
1747273864.077644,-0.7481498553508761,-1.1008554681567777,5.346059799194336
1747273864.0907898,-0.7590631634911429,-1.1092710884329706,3.746509552001953
1747273864.1067495,-0.7666392003415249,-1.1155737857261703,4.240989685058594
1747273864.127519,-0.7675744314449636,-1.1016133009733249,4.943609237670898
1747273864.151888,-0.7585909130946558,-1.0919215404420997,5.148649215698242
1747273864.1667233,-0.7577716952638544,-1.08742314678583,4.317283630371094
1747273864.1863694,-0.7493885020146365,-1.0846281863555476,3.9811134338378906
1747273864.2093675,-0.7605578102258618,-1.0844229114258723,6.980657577514648
1747273864.2256043,-0.7752242116962891,-1.08563898136928,3.9806365966796875
1747273864.2474086,-0.7845553825710055,-1.0869221175161627,5.063772201538086
1747273864.2676654,-0.7669579220936812,-1.0864089275058324,4.078865051269531
1747273864.2862797,-0.7219613572744685,-1.083722742556143,4.099130630493164
1747273864.3091407,-0.6861028698560877,-1.0825427445640055,5.447864532470703
1747273864.3288865,-0.6806829373737525,-1.0820982302925513,5.318641662597656
1747273864.3476222,-0.6833133514896957,-1.0809178088049511,3.986358642578125
1747273864.3617475,-0.6942988643491503,-1.0827025299076496,3.7953853607177734
1747273864.3933473,-0.6910724289830347,-1.0857716026177768,4.1332244873046875
1747273864.4102936,-0.6908206504606882,-1.0892923792101328,3.8809776306152344
1747273864.42818,-0.6801251380560822,-1.0937215747161366,4.230260848999023
1747273864.4413104,-0.6770819257307061,-1.0981985433958035,3.8254261016845703
1747273864.4641669,-0.6649278272598573,-1.091907223165212,4.526615142822266
1747273864.486176,-0.6289396512781882,-1.087325066686022,4.097700119018555
1747273864.506708,-0.5953908122600371,-1.0814861784272272,4.1942596435546875
1747273864.5263143,-0.5980944855525933,-1.0760862663828212,4.50587272644043
1747273864.5457244,-0.6140131854302294,-1.0735626264068323,3.748655319213867
1747273864.565967,-0.6450562968182939,-1.0755044011579586,3.892660140991211
1747273864.582061,-0.6198525200331075,-1.0740266127920324,3.9086341857910156
1747273864.6078596,-0.6215463813954225,-1.0746043995466963,5.625247955322266
1747273864.626883,-0.6061754253322492,-1.0730828963197845,4.598140716552734
1747273864.646611,-0.5838461547955709,-1.0712497876569196,3.9899349212646484
1747273864.6659114,-0.5519842456622434,-1.0681448680114285,3.7877559661865234
1747273864.6858711,-0.5218333570835028,-1.0681668633451051,3.8521289825439453
1747273864.7072508,-0.49299016641049054,-1.0681380604620925,4.723548889160156
1747273864.7289371,-0.5323867614916475,-1.0683716697834316,6.035804748535156
1747273864.746784,-0.5493159145063033,-1.068893437476967,4.384756088256836
1747273864.7666688,-0.5489512242553667,-1.0686219135460433,4.360437393188477
1747273864.7813237,-0.5512394306391922,-1.065957144625143,3.835916519165039
1747273864.806196,-0.5499768329543558,-1.0653748796790308,3.8080215454101562
1747273864.821906,-0.5453414694662588,-1.0629393957338005,3.8824081420898438
1747273864.8464344,-0.5326286720419039,-1.064144628302425,4.382848739624023
1747273864.8669736,-0.5183831710774601,-1.0658490861279089,4.556417465209961
1747273864.8885944,-0.5049744496842383,-1.0710461922997991,6.031036376953125
1747273864.908295,-0.4901911228333881,-1.07648822353191,4.938840866088867
1747273864.9287446,-0.47553104801305945,-1.073550929134175,6.229162216186523
1747273864.9556804,-0.47504876109277494,-1.0747244002423622,5.389690399169922
1747273864.9700131,-0.4627988111240641,-1.075088101923287,4.035234451293945
1747273864.9837902,-0.469256653836038,-1.07178197689083,4.854917526245117
1747273865.0096414,-0.5079616011876161,-1.0719414353248113,4.503965377807617
1747273865.0262778,-0.5339145443866302,-1.0712526146498667,4.207134246826172
1747273865.0466306,-0.5808735025955918,-1.0743205762696115,4.074811935424805
1747273865.060832,-0.6365998134465309,-1.0807034270191496,3.7374496459960938
1747273865.0873146,-0.6566953472122572,-1.0859510662389251,4.029273986816406
1747273865.1062574,-0.6347628767995279,-1.089001596746614,3.875255584716797
1747273865.1264284,-0.584593259189097,-1.0886080880925517,4.278421401977539
1747273865.1463385,-0.558644264085441,-1.0876831624500365,4.015207290649414
1747273865.1665568,-0.5420136858822012,-1.0902459969521063,4.060983657836914
1747273865.1872044,-0.543078646986528,-1.0855380670521366,3.899812698364258
1747273865.201188,-0.5436316042414466,-1.0804683204374044,3.7755966186523438
1747273865.2267241,-0.5485211604428168,-1.0754998012001329,4.015684127807617
1747273865.2435114,-0.5801886121615806,-1.0753780164768438,3.954648971557617
1747273865.2668593,-0.598698521537593,-1.076469394202058,4.164934158325195
1747273865.2865422,-0.594972532607767,-1.0786002329024005,4.0740966796875
1747273865.3065515,-0.5996050805540873,-1.0761698878478436,4.250526428222656
1747273865.321287,-0.5986128423664193,-1.076069325243532,3.7565231323242188
1747273865.3482387,-0.604685283330337,-1.0755382701125555,4.6825408935546875
1747273865.3694074,-0.639281533724904,-1.0796352689421604,4.465341567993164
1747273865.3888729,-0.6827612192837225,-1.0822232897087014,4.822492599487305
1747273865.4083467,-0.7077541580610668,-1.0830016295741538,4.58979606628418
1747273865.4286828,-0.7293336694737159,-1.0841356616915465,4.663944244384766
1747273865.4504373,-0.7308926920328835,-1.081066449793235,6.405830383300781
1747273865.469548,-0.7333485300334588,-1.0790027635254116,4.825353622436523
1747273865.4860725,-0.7393793769233056,-1.0757728478744715,3.9060115814208984
1747273865.5067399,-0.737815779918038,-1.0801677235735634,4.199028015136719
1747273865.5310745,-0.7458314021554934,-1.0844667811269484,4.339456558227539
1747273865.5502427,-0.7509597874756755,-1.0871121339396248,4.024744033813477
1747273865.5682006,-0.7544276633440411,-1.0871279148689004,5.546092987060547
1747273865.588471,-0.756647389764934,-1.0897676261838491,5.64265251159668
1747273865.6066766,-0.7504850283764367,-1.0878190991681742,4.10008430480957
1747273865.6290429,-0.747238848988322,-1.0859343789221154,5.669832229614258
1747273865.646662,-0.7165472365909831,-1.0819571460978366,4.086494445800781
1747273865.6667655,-0.6811708533737528,-1.0789064964544877,4.480838775634766
1747273865.6921792,-0.6184425614448913,-1.0804014672310471,5.093812942504883
1747273865.7073548,-0.6712751012307009,-1.0860360938665086,4.098653793334961
1747273865.7218459,-0.7357664792416518,-1.0972074592711851,4.070758819580078
1747273865.7472594,-0.7565927842817636,-1.0999894089650637,6.761312484741211
1747273865.770455,-0.763259382968149,-1.0962221255575535,4.112482070922852
1747273865.788442,-0.7644487998563415,-1.0910897779215967,5.782127380371094
1747273865.8081884,-0.7719231365661055,-1.0887530132145478,5.655050277709961
1747273865.8283734,-0.7612778510821967,-1.088173499532446,5.648374557495117
1747273865.8495731,-0.7633334779008129,-1.087906118083035,5.415916442871094
1747273865.8714743,-0.7545017734456347,-1.0860031014647649,8.614540100097656
1747273865.8956904,-0.756752718598355,-1.081378405895886,6.397485733032227
1747273865.9127905,-0.7601866269154687,-1.0822910769174614,4.216432571411133
1747273865.9297247,-0.7635670598330592,-1.080156374512682,5.482196807861328
1747273865.9474418,-0.7634981903837125,-1.0776755371576754,4.204511642456055
1747273865.966557,-0.7616794503775487,-1.0836952159094242,4.2133331298828125
1747273865.9907768,-0.7655217372940041,-1.0866539642375923,8.137941360473633
1747273866.0072246,-0.771002395290334,-1.0884878977002164,3.8695335388183594
1747273866.02168,-0.7644991727927912,-1.0919995512853684,3.706216812133789
1747273866.0586126,-0.7600474700608282,-1.0939794378376726,5.979299545288086
1747273866.0806367,-0.7561908424407489,-1.0946947669231832,6.809473037719727
1747273866.102322,-0.7547571271660124,-1.0902577877222193,4.018545150756836
1747273866.1155276,-0.7532478819570961,-1.087453645618735,3.8323402404785156
1747273866.1278481,-0.7536078945237152,-1.0854700220752598,3.8776397705078125
1747273866.1568758,-0.771818218275542,-1.0848824182926275,5.436182022094727
1747273866.1703696,-0.7804335290158635,-1.082098003976299,3.898143768310547
1747273866.1866548,-0.7867183591364163,-1.0781509744754065,4.234075546264648
1747273866.208433,-0.7923157626284872,-1.0835098878176652,4.737138748168945
1747273866.2272828,-0.7771235123210244,-1.0882701008001396,3.8709640502929688
1747273866.2473595,-0.7745079509596777,-1.0860740339840744,4.428625106811523
