time,x,y,computation_time_ms
1747537313.554647,-0.23318865260051175,-4.138765993118722,11.857271194458008
1747537313.5754304,-0.9952511679180134,-5.151939510477985,7.100105285644531
1747537313.5945494,0.10546456521976755,-3.7697827169482405,6.268501281738281
1747537313.6112196,1.7230761651345379,-1.736613724560834,5.536794662475586
1747537313.6271865,2.8620603407449496,-0.30583077931674424,5.390405654907227
1747537313.6456494,3.712933307241664,0.7647959291314257,7.440328598022461
1747537313.6621804,3.9925447336150306,1.1131186893878435,6.707191467285156
1747537313.6788602,2.787592261847638,-0.39114974447955375,5.40614128112793
1747537313.6947732,-0.7951264856121585,-4.886315043797732,5.682229995727539
1747537313.721601,0.8566455537341116,0.7914422365996625,7.367134094238281
1747537313.741167,0.6669439735503554,1.3229633351681593,4.823446273803711
1747537313.7571235,0.6324006771140586,1.3972140268067073,4.573822021484375
1747537313.7738872,0.637848823246745,1.354318286953242,5.812168121337891
1747537313.796065,0.6454989845907205,1.3129378797517317,4.558324813842773
1747537313.818901,0.8543033680350596,0.888172046235692,4.778385162353516
1747537313.833742,1.1739164399084654,0.2366957686527514,4.2362213134765625
1747537313.8618152,1.246721494954893,0.10717147690130023,6.642818450927734
1747537313.8798192,1.2442351285851772,0.1198722873722798,6.119966506958008
1747537313.8955123,1.2252599306444907,0.16086094787018348,4.733562469482422
1747537313.9291048,1.1372252245526047,0.5177171962153864,7.766246795654297
1747537313.9513388,1.277523736102355,0.24863510159389843,6.87098503112793
1747537313.9667704,1.3336654125617948,0.13041663375416768,4.947185516357422
1747537313.9845436,1.3548997680657595,0.11295788144306701,6.076574325561523
1747537314.0071464,1.3572649728149537,0.10929447641103701,7.9402923583984375
1747537314.0254784,1.3512597274334985,0.10665286639298381,7.260799407958984
1747537314.050073,1.349736949219877,0.10383135082227064,7.888555526733398
1747537314.0704286,1.3517299453507456,0.10111044388630498,7.718086242675781
1747537314.090659,1.3523897506374158,0.09850026032189378,5.21540641784668
1747537314.1101103,1.348539340369509,0.09544535549596282,6.311655044555664
1747537314.1381493,1.3062520268170086,0.3294901465160149,5.781650543212891
1747537314.158276,1.501894610954441,0.1616937719613474,4.699945449829102
1747537314.17543,1.5285782089213875,0.12104047453532762,4.77147102355957
1747537314.196541,1.517228247568125,0.12101859429225724,6.798028945922852
1747537314.2139757,1.4989116885546379,0.12118431657870622,5.713701248168945
1747537314.2475522,1.482368223118461,0.1193420648475498,6.5517425537109375
1747537314.2690709,1.493525916334111,0.12009065766660341,6.911993026733398
1747537314.2873616,1.506997151375649,0.12352052324175088,7.460117340087891
1747537314.3063188,1.5121210272292336,0.12390801360623054,5.31005859375
1747537314.334652,1.4966357627720068,0.11006179568953936,8.268356323242188
1747537314.3695047,1.5455214913928037,0.09150571891429005,9.56273078918457
1747537314.3983974,1.564385427857427,0.09701029672286088,6.423473358154297
1747537314.4537802,1.5513371609695914,0.10207598146393301,18.51201057434082
1747537314.4943826,1.5269201216359267,0.10538395671025486,7.258415222167969
1747537314.5204346,1.5283975876051779,0.10843355840043764,6.258726119995117
1747537314.546363,1.5352506661948078,0.1116977209458092,10.663747787475586
1747537314.573428,1.5347944269856861,0.11477071162098082,12.084007263183594
1747537314.626223,1.52563151022294,0.1158724077806659,11.727333068847656
1747537314.683353,1.5067483546088345,0.12302583159899472,9.328603744506836
1747537314.7349572,1.4974524791504535,0.12824305912712725,7.3490142822265625
1747537314.756086,1.4893023159456817,0.13345882346039897,5.154848098754883
1747537314.8151736,1.475430120826234,0.12950313454185927,9.33527946472168
1747537314.8346293,1.4334956630684739,0.1183858676434985,7.027149200439453
1747537314.8548229,1.419834098034523,0.12020851631144988,5.5084228515625
1747537314.872289,1.4051443152446135,0.11673185250432586,5.180597305297852
1747537314.891659,1.3865792988113992,0.11532621490388945,5.789756774902344
1747537314.9119248,1.3898567050712318,0.12164925093767394,5.364894866943359
1747537314.927783,1.400262898132215,0.12512089492827158,4.84776496887207
1747537314.9432333,1.4121623918584787,0.12962028207955875,4.810094833374023
1747537314.9585495,1.4203794370956397,0.13128336832927442,4.633188247680664
1747537314.9755268,1.3954634094495346,0.12976710166044628,4.871129989624023
1747537314.9944522,1.3688619341995127,0.12356350252601933,4.926919937133789
1747537315.0210743,1.3416059118809585,0.11548334693092623,5.459785461425781
1747537315.0655608,1.3294416393288306,0.10831160961179802,10.241031646728516
1747537315.113892,1.3132355708515304,0.10527512025245399,4.931926727294922
1747537315.1379383,1.3018552483745052,0.1080877256496638,9.699821472167969
1747537315.1536417,1.295395112786867,0.11058252937052589,5.871057510375977
1747537315.1736426,1.305326012093685,0.10905417987803674,5.883216857910156
1747537315.197264,1.3128631507603281,0.10578930182605929,7.906198501586914
1747537315.2189996,1.3194749310082943,0.10409369559360447,7.973194122314453
1747537315.2413707,1.301047812115306,0.09710569021226334,7.120847702026367
1747537315.2636645,1.2959639335335422,0.09620593844956368,4.865407943725586
1747537315.2823002,1.2948490028239121,0.09641008201868799,6.603240966796875
1747537315.3042455,1.2961642344330107,0.10047888565808501,5.129098892211914
1747537315.3262138,1.298241916772837,0.10310071887072211,6.526470184326172
1747537315.3674407,1.302238487546008,0.10515080196703942,12.767314910888672
1747537315.4026382,1.3075187849016792,0.09491781108656148,7.451057434082031
1747537315.4226425,1.3077812197231857,0.08790386219350428,8.871793746948242
1747537315.445209,1.3133514620485378,0.09212416842129507,6.887674331665039
1747537315.4616206,1.3147599076583218,0.09589396551146998,5.79524040222168
1747537315.4758508,1.3130715350774615,0.09802763736071328,4.578828811645508
1747537315.4994729,1.3071108543930359,0.09855145622877154,5.531072616577148
1747537315.5153527,1.3086222707069068,0.10146109536013768,4.715919494628906
1747537315.5375755,1.3221897530667668,0.10842602982539898,5.215644836425781
1747537315.5593443,1.3372939826027757,0.11667273828003899,6.864070892333984
1747537315.5794876,1.325621750814573,0.11168359144872411,6.18433952331543
1747537315.6023881,1.3133104918718101,0.10390838289022324,5.371570587158203
1747537315.6198728,1.2983172594632708,0.09669819379106319,4.632472991943359
1747537315.6435266,1.3000743605440266,0.09473623437015069,5.232810974121094
1747537315.6594422,1.3065789777077041,0.1014548478501196,4.632472991943359
1747537315.6799564,1.3110640477384332,0.10676112328984544,5.679130554199219
1747537315.7105064,1.3075023276872875,0.10186714574234593,7.325410842895508
1747537315.7313511,1.3034739231621724,0.09917674538001486,5.28717041015625
1747537315.7491188,1.2949799688792774,0.09794617114518182,5.624055862426758
1747537315.7700279,1.301110360009646,0.10401554729899777,4.688501358032227
1747537315.7863386,1.29768429644061,0.10840776526278971,4.788398742675781
1747537315.96785,1.2982737533092903,0.10661568797514698,12.256860733032227
1747537316.0344436,1.296290597160534,0.0986569381551387,9.885072708129883
1747537316.0544703,1.2939396316439307,0.09592872532647716,4.76837158203125
1747537316.071439,1.2941273089927994,0.0928525644187655,5.261898040771484
1747537316.090111,1.3074195146806935,0.09130217683060304,4.615306854248047
1747537316.1135414,1.3142399408389152,0.08932032625217708,7.059335708618164
1747537316.1320271,1.3145314588775394,0.08845901901236489,7.662534713745117
1747537316.1494658,1.317110609969721,0.08883613217631205,5.054235458374023
1747537316.1675408,1.3164869517671454,0.08687852933733069,4.926919937133789
1747537316.1900342,1.3148229764302068,0.0847255080523488,8.541584014892578
1747537316.233657,1.319454649221453,0.09287853760344546,9.209394454956055
1747537316.2546635,1.321288116057654,0.09844053846251652,6.591320037841797
1747537316.270407,1.3294359085306533,0.10302556276056361,5.035400390625
1747537316.299861,1.352879784116669,0.11333809588036863,5.093574523925781
1747537316.3190312,1.3688846132761716,0.12419155291246808,5.214929580688477
1747537316.361259,1.3738227911643515,0.12409532967646467,10.233640670776367
1747537316.388272,1.3733301843089083,0.12248976562543515,6.407260894775391
1747537316.4138157,1.373140794800413,0.11957452911059996,11.550664901733398
1747537316.4502485,1.36455891122974,0.11258497400097515,8.786201477050781
1747537316.4737818,1.3584320570388713,0.10727769091500566,5.996942520141602
1747537316.5016563,1.3454488616133606,0.10172645320164947,7.386445999145508
1747537316.5222561,1.3353262348429404,0.09827846132032561,6.622314453125
1747537316.5435224,1.3265761659950368,0.09503590736396711,4.873037338256836
1747537316.5710275,1.312336671474212,0.09886979821036779,5.5694580078125
1747537316.590577,1.3028178952501823,0.1029203215660678,5.318641662597656
1747537316.6179802,1.2931843381673411,0.10467771629871,7.47227668762207
1747537316.639433,1.2931331750099457,0.11000268989380622,5.3119659423828125
1747537316.663529,1.298492471479983,0.11096617588883365,5.153656005859375
1747537316.6865711,1.321225899845205,0.11596980229880346,4.972696304321289
1747537316.7096596,1.3423729818999681,0.11692333981352052,6.468057632446289
1747537316.7292788,1.3531556793270365,0.11717525173387433,7.254600524902344
1747537316.7477632,1.3642702274548497,0.11774618548028316,4.955291748046875
1747537316.7663841,1.373430204707815,0.11768650044013816,4.59599494934082
1747537316.7823782,1.3847847397217699,0.11892733987296307,4.960775375366211
1747537316.7994688,1.38277010880003,0.11749343784680284,4.917144775390625
1747537316.825568,1.3989526266193422,0.11824526556997254,5.269289016723633
1747537316.842584,1.4039868534100437,0.11809155678285965,4.613637924194336
1747537316.8639781,1.4055664701330541,0.11708964861840848,6.542444229125977
1747537316.88687,1.419983910515389,0.12327226973845357,6.562471389770508
1747537316.9067411,1.431277596788358,0.12670962309786155,5.046367645263672
1747537316.9248223,1.440309906683829,0.12749256406118922,5.0678253173828125
1747537316.941816,1.43109591189595,0.12876902714914581,4.531621932983398
1747537316.9575038,1.4257863026467474,0.12866617154816457,5.6362152099609375
1747537316.9775884,1.4200975087205414,0.12976537864955726,7.415771484375
1747537316.9942966,1.4167500080762874,0.13018605869834415,5.797863006591797
1747537317.0291877,1.3943609822971026,0.12227319610165904,7.474422454833984
1747537317.0510714,1.354975994475548,0.11413960206977457,7.080316543579102
1747537317.0703235,1.358454504491963,0.12227510680267123,5.372762680053711
1747537317.0891423,1.356104925992164,0.12617293017738618,5.600929260253906
1747537317.1421432,1.3568625521385624,0.12338971061650432,6.170988082885742
1747537317.1667917,1.358362062378845,0.12397033071880123,6.539344787597656
1747537317.189711,1.3537935612203917,0.12296435374496237,8.484601974487305
1747537317.2102184,1.3673773044548643,0.12338937390086317,6.28209114074707
1747537317.2329538,1.3900344631778094,0.12323172321210074,6.41179084777832
1747537317.2536721,1.4153875659296618,0.12395454617501775,5.7373046875
1747537317.281714,1.4358520926879654,0.12428991268751313,5.837440490722656
1747537317.3038263,1.4472556516060053,0.1252308566069615,5.597352981567383
1747537317.3249574,1.452240690072226,0.12316143773666362,6.726980209350586
1747537317.3437421,1.4649807473059224,0.12504286975797566,4.821538925170898
1747537317.3657234,1.4847545061916023,0.12906370597778258,5.164861679077148
1747537317.387152,1.5063793984222609,0.12950526512178517,5.7468414306640625
1747537317.4078538,1.4944892883691703,0.1339938314452941,4.736185073852539
1747537317.426729,1.4871893973970094,0.1368522942149466,5.3310394287109375
1747537317.4454613,1.4856514511526187,0.1369488282146959,6.073713302612305
1747537317.465363,1.468506304077201,0.1342632994119195,5.698204040527344
1747537317.4957194,1.4500587894108052,0.13271093081622787,4.877805709838867
1747537317.5157273,1.4383726540033044,0.13011381811418277,5.485057830810547
1747537317.5338163,1.4141808779377265,0.13168774199167047,5.638599395751953
1747537317.5577335,1.401159157186725,0.13065816471256428,6.552219390869141
1747537317.5748029,1.398040957109321,0.12945058582271118,4.9591064453125
1747537317.5983858,1.3826020877327787,0.12765839156981068,7.030963897705078
1747537317.6186495,1.3737868158668876,0.12906626320191975,7.13658332824707
1747537317.6350274,1.3716843787392419,0.12965223708189338,4.874467849731445
1747537317.6539974,1.3656391533281604,0.12919751371141652,4.810810089111328
1747537317.6733274,1.3561720589755377,0.12852648310808512,5.783557891845703
1747537317.6946852,1.347312166802962,0.12279598633160133,6.181240081787109
1747537317.7184143,1.3349536438881522,0.11911783014217837,8.397579193115234
1747537317.7410316,1.3436544722495427,0.11992381607808289,6.862401962280273
1747537317.7603586,1.3415469329460428,0.11871559640516405,5.650997161865234
1747537317.8029025,1.3357476351599595,0.12390101474510107,7.576227188110352
1747537317.845092,1.330324262544903,0.12962237829541537,9.125947952270508
1747537317.8936768,1.3549439249749287,0.12881864731501255,11.394977569580078
1747537317.9191194,1.3871173147566567,0.1295058130644837,6.072759628295898
1747537317.9434173,1.3977107907383413,0.1276004571833312,4.793405532836914
1747537317.9602964,1.4045660722665738,0.12556176031799074,4.947662353515625
1747537317.985357,1.401193896689887,0.1216783064446562,5.621910095214844
1747537318.0075874,1.4103415633863248,0.12597976716936188,5.80596923828125
1747537318.026083,1.4155441635443144,0.1309276235801854,6.247282028198242
1747537318.046348,1.4152793979481122,0.1338333600562826,6.061553955078125
1747537318.06251,1.4136775230955643,0.13459015286572437,4.5928955078125
1747537318.0782142,1.41052546503703,0.1332955836641278,5.860090255737305
1747537318.095409,1.411534506392271,0.13334798842069293,5.792856216430664
1747537318.1205404,1.421317532469191,0.13456224670952016,6.5746307373046875
1747537318.1385305,1.425699727229446,0.13397234433364572,6.078243255615234
1747537318.1611705,1.4295831716304945,0.13394048917832416,7.146596908569336
1747537318.187167,1.4367688334398643,0.12908061737551044,8.229494094848633
1747537318.2057695,1.4362857182299629,0.12734188204585603,5.722284317016602
1747537318.226791,1.4334557714969733,0.12485438693689054,4.891395568847656
1747537318.2447221,1.4308694393319807,0.12364421808650201,5.107641220092773
1747537318.265012,1.4265283113335814,0.12775496630605757,6.444454193115234
1747537318.2858143,1.4202599487773302,0.13205315136208895,5.994319915771484
1747537318.303732,1.419033578209743,0.13472702092321875,4.642963409423828
1747537318.325731,1.3917794176879021,0.1292836652411078,7.190227508544922
1747537318.3435571,1.3623214061249516,0.12106249636423791,5.372524261474609
1747537318.3655665,1.3403428449979,0.11436443357931436,7.009744644165039
1747537318.3942502,1.336844366179107,0.10611818941230076,7.847785949707031
1747537318.417519,1.3325350382772683,0.09873868771036756,11.168479919433594
1747537318.4830143,1.3454577224340736,0.09406867690606413,16.05820655822754
1747537318.5463953,1.3359975750566997,0.09784873447449251,6.741762161254883
1747537318.565272,1.3344632652738426,0.10271062979195385,5.505084991455078
1747537318.5859828,1.327693063472336,0.09381156853710908,6.035804748535156
1747537318.6098554,1.325425550181059,0.08522429144052415,6.25920295715332
1747537318.6280243,1.3220689139037622,0.07769925837847962,5.914926528930664
1747537318.6455963,1.3162389881430236,0.0811646418575293,5.557060241699219
1747537318.6616187,1.311775999858309,0.08366043924570024,5.446195602416992
1747537318.681773,1.3086941900611972,0.08436710677087536,5.735874176025391
1747537318.6983283,1.3070344378628018,0.08464016933473734,6.731271743774414
1747537318.7160473,1.314235041591437,0.08906002704058232,5.312919616699219
1747537318.7443812,1.314454960245736,0.09548162437105598,7.35926628112793
1747537318.7691553,1.316488893629348,0.09588590238155473,7.160186767578125
1747537318.7916873,1.3285571346308478,0.0928828909666982,5.93876838684082
1747537318.8114176,1.3356707951901523,0.09026203904958975,5.6438446044921875
1747537318.8320165,1.3486812658227905,0.09066772906556841,5.952596664428711
1747537318.857952,1.3388492774170526,0.08934021860866788,7.3299407958984375
1747537318.873584,1.3357352548595898,0.0907691755015042,4.753828048706055
1747537318.9000506,1.3350224125394605,0.0930974823715145,5.483150482177734
1747537318.9177551,1.3354093084780507,0.0937159350575644,5.6476593017578125
1747537318.9399686,1.349759005450352,0.09708118337057862,6.287574768066406
1747537318.9599264,1.379263427532442,0.10009307059743255,5.523920059204102
1747537318.981015,1.3994707883241704,0.1031694806578131,6.947755813598633
1747537318.999391,1.4230927120864312,0.10745903608281733,4.805803298950195
1747537319.0199835,1.4560838822376694,0.11151319419814162,4.926919937133789
1747537319.044091,1.4176739699110659,0.11432272080400696,8.508443832397461
1747537319.0661688,1.3678060465606545,0.11823521716994806,5.686044692993164
1747537319.087076,1.335570417485276,0.12187609820755009,7.32731819152832
1747537319.13319,1.342059673739691,0.12036464056797526,10.123968124389648
1747537319.1625786,1.3471946916440283,0.11888093492880628,5.962610244750977
1747537319.1940253,1.345540284338363,0.11097275899757901,6.567478179931641
1747537319.2336268,1.344652857833772,0.10578322480199721,10.18834114074707
1747537319.2616417,1.346301054025256,0.10809737051584013,7.220268249511719
1747537319.2893858,1.345425859903399,0.10599381895318861,8.622407913208008
1747537319.313535,1.3581838729140507,0.10979194317640989,7.039070129394531
1747537319.3325648,1.367999607859366,0.11349432870357387,6.38890266418457
1747537319.3508623,1.3843806803870344,0.11732008966822703,5.364894866943359
1747537319.3713908,1.381735106458021,0.11807982873679315,4.956483840942383
1747537319.39176,1.3802513768210811,0.12014493171235588,4.762411117553711
1747537319.4078493,1.3787606024410628,0.12312025641794498,4.721641540527344
1747537319.4269543,1.3748367402110708,0.1274710057933656,6.829738616943359
1747537319.449901,1.3754114415181249,0.12580241156590483,7.855653762817383
1747537319.469862,1.366283361711645,0.12318127638419803,5.708932876586914
1747537319.4908469,1.3521275879680288,0.12190980407193032,8.487224578857422
1747537319.51499,1.3472209396466133,0.11633109120447174,5.277156829833984
1747537319.534168,1.3466837176515185,0.11015572425660855,5.502939224243164
1747537319.5599031,1.3423550274516038,0.10693154929508539,5.383729934692383
1747537319.5785246,1.3336969363875508,0.10442529760669461,4.8847198486328125
1747537319.6016617,1.3220288403958091,0.10292317528173224,5.167484283447266
1747537319.6225624,1.3104678423163667,0.09863548962276229,6.226539611816406
1747537319.644057,1.329972275814524,0.09997369619145756,4.832267761230469
1747537319.6629238,1.3517556600666787,0.10234874800226516,4.966974258422852
1747537319.6814725,1.3879395908970327,0.10839621769947826,6.284236907958984
1747537319.7018402,1.405331747549455,0.12214361778281511,5.435943603515625
1747537319.7215497,1.407538570888842,0.12868780138087152,4.879951477050781
1747537319.7513368,1.406620259959799,0.13205789104166013,7.837057113647461
1747537319.7785776,1.4104441676658122,0.13062789931735458,6.215572357177734
1747537319.8025355,1.4106599821229882,0.12859880014813752,6.351470947265625
1747537319.8263934,1.3936096472742183,0.12825025926957137,6.319284439086914
1747537319.847782,1.3842564585690362,0.12391663714712578,6.726980209350586
1747537319.867776,1.3795095465127676,0.12188997132780423,7.761240005493164
1747537319.8903615,1.3728912223861787,0.1211771301521771,6.250619888305664
1747537319.909532,1.3751740240179215,0.12461130599995598,6.000757217407227
1747537319.9300632,1.3783639551131197,0.12521061572900355,7.544040679931641
1747537319.9489903,1.381701253985517,0.12717129575088879,5.909442901611328
1747537319.970406,1.3615645103186704,0.12385123875316494,7.492542266845703
1747537319.9883745,1.3526726767918433,0.12203864854137156,6.278514862060547
1747537320.003585,1.3537274465530555,0.12115625571982076,4.820823669433594
1747537320.0266905,1.3602108444097516,0.1246881006755608,5.002498626708984
1747537320.0447407,1.3684320193536836,0.12785274277476635,5.815982818603516
1747537320.0626624,1.3762720751794577,0.13128968122383666,4.744529724121094
1747537320.0795057,1.377156680791905,0.13232783476464585,5.200862884521484
1747537320.0974927,1.3700224251765476,0.12178974068718462,6.098747253417969
1747537320.1142037,1.3652330997087916,0.11320789469441675,4.690647125244141
1747537320.137937,1.3662083753874055,0.10858849479084302,4.676580429077148
1747537320.1554983,1.3679293419989982,0.10716078860544585,4.660844802856445
1747537320.1783552,1.3736114283490477,0.1142478848346494,5.109071731567383
1747537320.200915,1.381944767898761,0.1216509946048314,5.800485610961914
1747537320.2254882,1.3730778298946622,0.11193289106931688,5.918979644775391
1747537320.2438152,1.36689250336411,0.10300820090946064,4.691123962402344
1747537320.2618046,1.3640672406635075,0.09891996710877986,5.43212890625
1747537320.2815223,1.3580029836302703,0.09779997915930161,7.278919219970703
1747537320.3019254,1.3613759161785008,0.1012580791169423,5.961179733276367
1747537320.3209891,1.3638740183281486,0.10969964954474401,6.801843643188477
1747537320.3378372,1.36763303763922,0.12189854621397667,5.357503890991211
1747537320.359025,1.3659609606895982,0.11553060409005043,7.674217224121094
1747537320.3900096,1.358899354265503,0.10840276059779988,6.810903549194336
1747537320.4110405,1.3630491003052612,0.11096908870175701,6.58726692199707
1747537320.4339197,1.3739610710882393,0.11635124950537597,4.777669906616211
1747537320.4553926,1.3928154148895238,0.12215769463690745,6.398916244506836
1747537320.4785125,1.3774473462970436,0.11835305247726922,5.1822662353515625
1747537320.5019038,1.370873231814389,0.11204012757723943,5.948305130004883
1747537320.5245485,1.3672915706847606,0.11056336606098555,5.70225715637207
1747537320.5704818,1.3730843432317068,0.11561982194694356,10.485649108886719
1747537320.5869703,1.3878125218621957,0.12280795490093956,5.319833755493164
1747537320.6099586,1.4137075725805082,0.11690681556966327,8.292675018310547
1747537320.626953,1.4401106310248475,0.1157539006925254,6.425380706787109
1747537320.6436188,1.474146725303669,0.11676377572231988,4.760980606079102
1747537320.6664207,1.496944173132401,0.11909379899967117,7.691383361816406
1747537320.683749,1.4462640758655285,0.10973329067506862,4.5986175537109375
1747537320.704141,1.3997201783787319,0.10243715971390263,6.834506988525391
1747537320.7234433,1.3723918111463966,0.10096109898567869,4.724025726318359
1747537320.742679,1.3705814513420425,0.11230342144384811,4.624366760253906
1747537320.761973,1.3721988607685511,0.12013805162259097,6.573677062988281
1747537320.7822897,1.3794493943012032,0.12537723734914297,5.007266998291016
1747537320.9431148,1.3769533779456462,0.12142278769819824,4.798412322998047
1747537320.9593363,1.3748483722826415,0.11319005715332839,4.63104248046875
1747537320.9799058,1.3633992802889943,0.10689335761917543,5.015373229980469
1747537321.0357156,1.3712639608622734,0.11725546098921283,8.400440216064453
1747537321.0595245,1.3835747762873307,0.12184064337369496,6.9980621337890625
1747537321.0819168,1.3837425670878032,0.11386802556473073,9.37962532043457
1747537321.1037612,1.372213181983919,0.1061708607139383,4.837751388549805
1747537321.127817,1.3717569386136308,0.10234577922889627,7.264614105224609
1747537321.1503088,1.3769048049659163,0.10442010603291368,5.074977874755859
1747537321.1827893,1.3912739266629524,0.10968737526591654,6.332159042358398
1747537321.2029727,1.3871047752676855,0.1098168288656197,5.51915168762207
1747537321.2211995,1.38375768422416,0.1146135843894635,6.0558319091796875
1747537321.2379792,1.3797540128683943,0.11555718925615317,5.295515060424805
1747537321.2582078,1.3760473813046814,0.11582816275499518,4.603862762451172
1747537321.277723,1.3820864860176512,0.11406334693377695,6.526708602905273
1747537321.2998993,1.3937943444095706,0.11445281856158093,5.100011825561523
1747537321.318471,1.4174974957131152,0.11698643584444778,4.95457649230957
1747537321.3371763,1.4262047717836979,0.12419073202305946,6.159067153930664
1747537321.3539608,1.432225952400592,0.12996666588802216,5.464792251586914
1747537321.3739717,1.4334367923340756,0.13412511193051993,6.027698516845703
1747537321.398836,1.4259089858526286,0.13572516181338853,5.0048828125
1747537321.4186373,1.4256823069112106,0.13248409775916367,7.823944091796875
1747537321.4383974,1.4021619875010496,0.12451070390935089,4.982233047485352
1747537321.4617853,1.429351063524597,0.13113330436545553,5.98907470703125
1747537321.4794877,1.4354750362292983,0.13352685361624464,7.072925567626953
1747537321.497786,1.4396412201207516,0.1358552492100453,6.000280380249023
1747537321.5170126,1.4404514900081236,0.13496967599953397,5.497932434082031
1747537321.5340583,1.4469429020377775,0.1322025039028644,4.7969818115234375
1747537321.5573332,1.4531893798018312,0.12703418495145577,6.069421768188477
1747537321.6121635,1.4383239970011379,0.1228941432812306,15.839099884033203
1747537321.6498046,1.418783774531881,0.120764870736311,6.380796432495117
1747537321.6783626,1.4135866701383386,0.12737831883113132,11.28244400024414
1747537321.7495744,1.4229323902189326,0.12826186141550464,7.800579071044922
1747537321.7750905,1.4294638093007266,0.1299016656996071,8.870363235473633
1747537321.8271239,1.422636903264204,0.12794089663539812,13.285398483276367
1747537321.8503442,1.4238011754325408,0.12435638411078051,7.320165634155273
1747537321.8753457,1.4207838841970546,0.12991514237991664,7.68589973449707
1747537321.899575,1.4127827341857557,0.13072620667769091,6.531476974487305
1747537321.935029,1.424757569389143,0.1319671281488781,18.47219467163086
1747537321.9648125,1.4340743039392156,0.13249837707332626,5.301713943481445
1747537321.9881415,1.4278063724573686,0.12982692696819828,9.273529052734375
1747537322.02543,1.4027926733241314,0.12021960848172475,13.654470443725586
1747537322.0482996,1.3710012959074838,0.11039578141727015,10.12873649597168
1747537322.0795774,1.4022667844381211,0.12409361071799387,7.134675979614258
1747537322.1009314,1.4172861900213254,0.13202855754690207,8.156061172485352
1747537322.1347268,1.4265419759987477,0.12886565647624745,19.677400588989258
1747537322.1680677,1.4364836529569123,0.12599958351330875,9.683370590209961
1747537322.1985626,1.4186269539067504,0.12514962361555168,7.746458053588867
1747537322.2175696,1.40740347201331,0.12169769447715785,7.094860076904297
1747537322.241384,1.3870915589204864,0.11881070685080913,6.569862365722656
1747537322.2580087,1.4002772856047943,0.12062166326592137,4.725217819213867
1747537322.2739127,1.4070303798952506,0.12414337880714138,5.150794982910156
1747537322.2937503,1.4152669365324497,0.12718629515112198,5.7010650634765625
1747537322.3235943,1.4246123054676254,0.129537132966817,6.466150283813477
1747537322.3522043,1.4306672398717608,0.1337369019651102,6.8759918212890625
1747537322.3855398,1.4179971401320106,0.1279784226989544,14.30368423461914
1747537322.4049704,1.394115193850082,0.11836224855823897,6.811857223510742
1747537322.420052,1.375191139321134,0.10693300132908175,4.7168731689453125
1747537322.4425619,1.4047272309061816,0.10924453620481686,5.31458854675293
1747537322.4584267,1.439601598747581,0.11493222209316906,4.973411560058594
1747537322.4773126,1.4654684544574186,0.11854190605295004,5.547046661376953
1747537322.5013638,1.4841270928872772,0.11814387175816865,6.923198699951172
1747537322.5180614,1.473650247205634,0.125141583078619,4.702329635620117
1747537322.5418398,1.4628448428636374,0.1304971063829056,4.693269729614258
1747537322.5616765,1.4466339563973973,0.13332732645887974,6.78253173828125
1747537322.5772867,1.4337818733614356,0.13127248410056933,5.382537841796875
1747537322.5982761,1.4222582348919914,0.13211730386791407,4.806041717529297
1747537322.6179075,1.411138469694277,0.1293963226473867,5.424261093139648
1747537322.6381555,1.397776424026923,0.129771748263843,6.901979446411133
1747537322.6590455,1.3887513708027461,0.1302425319066009,4.954814910888672
1747537322.676362,1.3832858828128727,0.13104501934581061,5.062341690063477
1747537322.6978111,1.367949002013803,0.13212136096246618,9.323596954345703
1747537322.714744,1.3783424437656018,0.13296969448169565,4.815101623535156
1747537322.7387776,1.3877567039877245,0.13406286276265975,8.397817611694336
1747537322.7579174,1.3946311231541806,0.1346189863806089,5.778789520263672
1747537322.7792213,1.393671594353764,0.1337222960665041,6.7901611328125
1747537322.815712,1.396639583893541,0.1339604302091497,7.53474235534668
1747537322.8350646,1.3973475418635801,0.13182314137742393,7.387876510620117
1747537322.8558068,1.4021750346451227,0.13140617420098444,5.536079406738281
1747537322.8765104,1.404127568674548,0.13101493298493885,7.082462310791016
1747537322.901972,1.3923341695515499,0.1254514874575077,6.00886344909668
1747537322.934169,1.3711957842689542,0.11908556945135167,4.819393157958984
1747537322.9535422,1.3548139288786873,0.1142021305634978,7.77435302734375
1747537322.9736836,1.3493840796411172,0.1085461775799348,5.368709564208984
1747537322.9901752,1.3407211229199039,0.10176512342922958,5.049467086791992
1747537323.0057175,1.3266047950433952,0.09353824525959627,5.194902420043945
1747537323.0273256,1.3150175959457902,0.08878055262626693,4.944324493408203
1747537323.0469708,1.3642675150775834,0.10288407014887405,8.482933044433594
1747537323.0652642,1.453840956023659,0.11429108661811076,5.402803421020508
1747537323.0793474,1.5055362579695406,0.12386151697806266,4.713535308837891
1747537323.1071582,1.4760278941660718,0.12325580708595393,7.312297821044922
1747537323.1235356,1.4534325667878751,0.12378580592432971,4.575490951538086
1747537323.1395175,1.4457273671237991,0.12419508665031737,4.525423049926758
1747537323.1718736,1.4467448892585897,0.1274178882591672,6.3838958740234375
1747537323.187871,1.4451818474639047,0.13155395482013346,4.59742546081543
1747537323.215715,1.443722395569469,0.13641073239787882,12.062549591064453
1747537323.2350545,1.43960804049083,0.13826860680812061,6.843805313110352
1747537323.2538116,1.4396945432731547,0.13947736906530794,6.590127944946289
1747537323.2713184,1.4410552696405303,0.13906084269292768,4.815578460693359
1747537323.2889988,1.4422287513724783,0.13980685824294134,6.985664367675781
1747537323.3068287,1.4406349502023899,0.13840117228780285,5.103349685668945
1747537323.322416,1.4390997013461098,0.1377988517503036,4.894495010375977
1747537323.3389337,1.4402991750069363,0.1379318421644462,4.801511764526367
1747537323.357862,1.430338149239635,0.13544059509171655,4.87208366394043
1747537323.3738751,1.4193125404002076,0.1325471837442888,5.00798225402832
1747537323.3946557,1.4045323815973312,0.13035513519052086,5.328893661499023
1747537323.4147356,1.3973542899341262,0.12834736758796955,5.612373352050781
1747537323.4332929,1.3933643862092542,0.13130886686581214,4.899024963378906
1747537323.4597201,1.388072109425192,0.13127603972138477,6.843805313110352
1747537323.4785802,1.385274751326846,0.1308376134969977,4.979372024536133
1747537323.4979503,1.388079907276382,0.13220120940162922,5.394220352172852
1747537323.521668,1.3939032860436829,0.13455351919479128,6.076574325561523
1747537323.5410745,1.3973288973164357,0.1339860246200222,5.704164505004883
1747537323.5622902,1.4054863073185495,0.13301344046135952,4.633426666259766
1747537323.5768666,1.4109638467972854,0.13090807891147307,4.773855209350586
1747537323.5978286,1.4211873245876014,0.13009207155348915,4.984855651855469
1747537323.6177323,1.4216329403576318,0.1293054481045655,4.609823226928711
1747537323.632315,1.4139528064138662,0.12696467192972744,4.648923873901367
1747537323.652971,1.4119175846063505,0.1253004694022854,5.218505859375
1747537323.6736279,1.4117385872758748,0.12616202342391208,5.238771438598633
1747537323.6937096,1.4134201351643891,0.1264533056806246,5.855560302734375
1747537323.7193081,1.415892912436546,0.12543560969764275,6.61468505859375
1747537323.7461927,1.4225699565977852,0.1293006656768565,6.127357482910156
1747537323.7647328,1.4215230140700594,0.1299853486791725,4.722356796264648
1747537323.7795913,1.413775699921834,0.12688855706021857,4.591941833496094
1747537323.794662,1.403393519067118,0.12394916400233556,4.57000732421875
1747537323.817833,1.4057676768480378,0.12465422529297418,5.4531097412109375
1747537323.8354747,1.4049550356142355,0.12499368991393014,4.718303680419922
1747537323.8635402,1.4090431082196695,0.12612627433782,8.090019226074219
1747537323.8819678,1.4018804096542632,0.12018565830459109,4.651069641113281
1747537323.9007509,1.3858057819318865,0.11442867127156826,5.256175994873047
1747537323.9190612,1.3674372224749454,0.10710650043661955,5.567789077758789
1747537323.9363513,1.3359090846376782,0.09501186549690144,4.867076873779297
1747537323.961932,1.3239772589907175,0.08661035169968652,6.224393844604492
1747537323.983069,1.3220910927022733,0.08186121680708011,5.917549133300781
1747537324.0141125,1.3201090689435233,0.07942200548672669,15.13814926147461
1747537324.0330544,1.2940053596831858,0.0808033773937691,5.480289459228516
1747537324.0531046,1.2762243763494459,0.07780893358107661,4.793643951416016
1747537324.079486,1.2876196356261038,0.08576361122266062,6.995201110839844
1747537324.101651,1.294263856215495,0.08905747651543228,9.394645690917969
1747537324.1197758,1.3027443620717116,0.09581630297503786,4.793643951416016
1747537324.1413567,1.3126287396201979,0.10193316448068906,6.635904312133789
1747537324.1610599,1.316765720578869,0.10854431467939606,4.929780960083008
1747537324.1790068,1.3316630517526025,0.11630901379600651,4.875659942626953
1747537324.2019548,1.3425945804264174,0.12346216665177324,10.352611541748047
1747537324.2262979,1.350153742884485,0.12686580298720254,7.7915191650390625
1747537324.2503395,1.3522514029403987,0.1288189421481195,10.430574417114258
1747537324.2700524,1.3571312444748587,0.12895264721110739,6.122589111328125
1747537324.2873266,1.360498053239469,0.12466442599809668,5.233526229858398
1747537324.311318,1.358965264675295,0.1211540687378514,4.781007766723633
1747537324.3255649,1.3469717004211579,0.11596587918533355,5.129337310791016
1747537324.3423676,1.3400023659826148,0.11609982710655127,4.55784797668457
1747537324.3663807,1.3351677329431704,0.11905538089584872,6.0825347900390625
1747537324.40091,1.3418248265040396,0.12155098851062043,6.587982177734375
1747537324.428336,1.3502849337173155,0.1147867153920782,10.292291641235352
1747537324.4564154,1.3835413757703456,0.11812167876751818,5.947589874267578
1747537324.472867,1.4069981369162112,0.12981611630271633,4.682064056396484
1747537324.5010893,1.4093765970340677,0.13489348927053305,7.3871612548828125
1747537324.5218532,1.417958015924606,0.140144221855654,6.828784942626953
1747537324.5374424,1.4163526928853984,0.13856695754193932,5.125999450683594
1747537324.5700724,1.4180070438350976,0.13684908933894907,7.714509963989258
1747537324.5954509,1.4189281597069991,0.13449573977757723,5.803823471069336
1747537324.6117918,1.4364004586708996,0.12795838363034354,5.516529083251953
1747537324.6306272,1.4514059367873469,0.12231530477075729,5.17725944519043
1747537324.6464548,1.468221170266437,0.1187044886754257,4.639863967895508
1747537324.6750767,1.507329051119678,0.10862356940943285,9.016752243041992
1747537324.6964564,1.5344423530057822,0.09891018496784067,6.656169891357422
1747537324.7134972,1.569832726878252,0.08919767319469901,5.385637283325195
1747537324.7341845,1.586163983263733,0.0854155127070134,4.851579666137695
1747537324.7667565,1.5963113738259467,0.0819030578509291,5.781412124633789
1747537324.7836316,1.604212455824413,0.07992190896408308,4.777193069458008
1747537324.8060205,1.64156495850666,0.056188838588605475,5.597591400146484
1747537324.8259845,1.6769128872608612,0.03415135255051372,7.576942443847656
1747537324.8494792,1.6988329363792773,0.019556904039868407,7.110834121704102
1747537324.8702633,1.7233800918709807,-0.010114506484298307,4.95147705078125
1747537324.8857338,1.742132002510525,-0.025101667137173517,4.85682487487793
1747537324.899918,1.758433742313271,-0.03657734027511344,4.548072814941406
1747537324.9217775,1.774161282703614,-0.04645478608620386,6.882429122924805
1747537324.941598,1.7976201376884793,-0.053805267779053007,6.561279296875
1747537324.9619844,1.823067218641768,-0.055025618742152275,4.872322082519531
1747537324.9792166,1.8590199887704608,-0.04959558220567022,6.209135055541992
1747537324.996247,1.8296691197780088,-0.10796090960041554,4.951715469360352
1747537325.0171885,1.848794757743592,-0.12570910409202476,5.948543548583984
1747537325.0430257,1.8680722768876823,-0.14117281806460644,9.795665740966797
1747537325.0612745,1.8957992857226815,-0.16479109576159082,5.483150482177734
1747537325.0753305,1.9178845624447571,-0.1853775170995736,4.668712615966797
1747537325.0942328,1.9437015425220985,-0.20217023051632912,5.307197570800781
1747537325.11556,1.9715898922992252,-0.2155373592850387,5.167245864868164
1747537325.138499,1.997918848995726,-0.24119093599782773,5.1708221435546875
1747537325.1579082,2.02843522990036,-0.2630797141399397,9.450912475585938
1747537325.1793265,2.0553064203405347,-0.2782051470580993,9.994268417358398
1747537325.2082224,2.1184851045932764,-0.2997464211433405,5.926847457885742
1747537325.2317944,2.1656448391663536,-0.3161488135756911,7.677316665649414
1747537325.2536333,2.189723616468202,-0.32526999917280774,6.664752960205078
1747537325.2759323,2.205350639356204,-0.36918203677860006,5.458354949951172
1747537325.3021953,2.2132523134643245,-0.3931373424660539,7.206439971923828
1747537325.3204682,2.221547392618098,-0.41286690718446833,5.261421203613281
1747537325.343021,2.2370348226022867,-0.4481076802548245,6.988763809204102
1747537325.3604858,2.2446001103544413,-0.49070770731900304,5.404233932495117
1747537325.3779087,2.2513919636218804,-0.5170049995977015,5.446672439575195
1747537325.4035115,2.2951664836628747,-0.5513388406280924,11.429548263549805
1747537325.4225278,2.3253939547109557,-0.58063127899197,6.109952926635742
1747537325.4427288,2.3413955193741587,-0.6016445036564754,9.015321731567383
1747537325.4790885,2.419462061542197,-0.6508699022975373,8.094549179077148
1747537325.5093331,2.471609097141605,-0.6717114861036568,9.665489196777344
1747537325.5282855,2.485527550348759,-0.7156913175607648,7.012367248535156
1747537325.546082,2.499514460669972,-0.7423499387416933,6.4678192138671875
1747537325.56261,2.5228703797601475,-0.7692059648428047,5.7392120361328125
1747537325.5774164,2.555639266642161,-0.7991340507710927,5.656242370605469
1747537325.6034524,2.561805002237733,-0.8439794303380045,6.371021270751953
1747537325.6296346,2.5715790073356657,-0.8900624597024419,8.490800857543945
1747537325.650194,2.5667778658009213,-0.9143749407078422,7.353067398071289
1747537325.678334,2.596808000268911,-0.9739426427144275,8.311748504638672
1747537325.7028646,2.6054320232724026,-1.0011213766563996,5.871295928955078
1747537325.7226968,2.626173439392994,-1.058949799105191,5.833625793457031
1747537325.7464185,2.6379041915831416,-1.1008529107943745,8.51893424987793
1747537325.772051,2.6364053508773884,-1.129254444558115,7.997751235961914
1747537325.8025773,2.618100094217717,-1.1939319072731078,8.620977401733398
1747537325.97128,2.812146853712855,-1.482789623649346,12.504339218139648
1747537325.9953983,2.8166321927064697,-1.5235969673571024,15.236139297485352
1747537326.0169623,2.8141935626670005,-1.5769085972234207,10.797977447509766
1747537326.0325255,2.8091887136533247,-1.6122992250013441,6.160974502563477
1747537326.05364,2.813955058811977,-1.663821989731506,6.874799728393555
1747537326.0820143,2.864912643616731,-1.7479919495702771,6.459712982177734
1747537326.1018412,2.8878923793966944,-1.7852611546608426,8.89897346496582
1747537326.120325,2.9057556214625873,-1.8168594354672272,8.045434951782227
1747537326.1434283,2.9365294617828024,-1.8704304239817926,4.669189453125
1747537326.1660044,2.961144783500116,-1.9202932041425655,6.225109100341797
1747537326.1985397,2.9835034798384474,-1.971400662479761,22.411584854125977
1747537326.2192788,2.998289122720778,-2.074783961097046,6.72602653503418
1747537326.2609923,3.0059625952613125,-2.1677563149224013,9.607315063476562
1747537326.2825308,2.9953015678232613,-2.209534708864555,5.718469619750977
1747537326.2999535,2.975832981107986,-2.250327041274227,4.587411880493164
1747537326.32515,2.953496926566229,-2.291818297759971,5.145072937011719
1747537326.3971596,2.971173939065741,-2.411101614590831,17.48371124267578
1747537326.4778795,2.9688950296288144,-2.589198539773289,14.440059661865234
1747537326.5019374,2.9096635958752537,-2.674149510256399,5.373239517211914
1747537326.5195973,2.8618702817668957,-2.721178280832549,5.292177200317383
1747537326.5396636,2.825028907060185,-2.777397881509152,5.538702011108398
1747537326.5663393,2.796835576301964,-2.8057133688342852,5.181312561035156
1747537326.5829751,2.766077570736384,-2.8449764134468074,5.32078742980957
1747537326.5994601,2.715648308430652,-2.9025965214744356,4.923582077026367
1747537326.6267476,2.6706453870985003,-2.9536547040503804,7.75456428527832
1747537326.6598127,2.6346809975488825,-3.015233046631166,8.632421493530273
1747537326.679163,2.593468753036567,-3.06103602710162,6.036281585693359
1747537326.7007763,2.5732194884418615,-3.0860944052375854,7.511615753173828
1747537326.7163382,2.567978407444584,-3.099738795423279,5.942344665527344
1747537326.7350557,2.5274985434826593,-3.153429635774178,5.903959274291992
1747537326.7615645,2.5052682986235704,-3.188379840178797,5.179166793823242
1747537326.7781212,2.489183579605768,-3.21666602151185,7.073640823364258
1747537326.7968097,2.481631112076075,-3.2424136642970525,7.458209991455078
1747537326.8198917,2.4667092838797777,-3.297429583913816,6.047725677490234
1747537326.8421116,2.4630318846735366,-3.334209897294749,10.568380355834961
1747537326.896479,2.413084977776918,-3.439015207015512,16.774654388427734
1747537326.9159167,2.4004602191352866,-3.534148018802952,7.218837738037109
1747537326.9494438,2.3751807885611647,-3.592226439588259,7.620096206665039
1747537326.9792898,2.379329087225742,-3.6715149225368084,8.424520492553711
1747537327.0038238,2.3508784742450617,-3.7359043036290203,9.288311004638672
1747537327.0330791,2.3497792123696604,-3.769125389186182,10.302543640136719
1747537327.0634534,2.378928852484843,-3.8604985715115574,6.359338760375977
1747537327.085028,2.3868726004298364,-3.914599394075005,5.583047866821289
1747537327.104976,2.4131100526649063,-3.9387641957840662,5.519628524780273
1747537327.1285205,2.4572744165563023,-4.012348261912082,5.794525146484375
1747537327.1522338,2.4847825237009102,-4.051153065051426,5.123376846313477
1747537327.1694572,2.5060363808944666,-4.081911393592853,7.102489471435547
1747537327.1894903,2.5523572662020912,-4.145830160282743,6.084442138671875
1747537327.2217429,2.6083907278262948,-4.20786615241429,8.090496063232422
1747537327.247007,2.632108392133435,-4.2296807703404005,8.25810432434082
1747537327.2632046,2.6703258224442106,-4.276234666291956,5.060672760009766
1747537327.2866805,2.7009389879755568,-4.301566614882899,5.189418792724609
1747537327.308717,2.722395185518067,-4.320958813512973,8.654117584228516
1747537327.3272414,2.776369389865636,-4.360416303321074,5.620002746582031
1747537327.3535995,2.828430642849616,-4.391393728788868,6.9751739501953125
1747537327.398261,2.9537899491132404,-4.462636707756743,9.281396865844727
1747537327.418121,2.9965491994047255,-4.484752712569117,5.1593780517578125
1747537327.4502573,3.043170615883415,-4.509491118635664,8.971214294433594
1747537327.4818916,3.1476838882232556,-4.563852587537123,8.701562881469727
1747537327.5132868,3.2627110760274096,-4.637246067359629,6.479501724243164
1747537327.5315938,3.3296028073694264,-4.669917217625584,6.5860748291015625
1747537327.5619771,3.42454846022042,-4.7174671752458215,7.140636444091797
1747537327.6020842,3.5256852615482943,-4.737720271517531,7.34710693359375
1747537327.6266081,3.556940597015313,-4.744717524400091,6.718158721923828
1747537327.643153,3.5744096893765027,-4.756121468063671,5.083799362182617
1747537327.6827815,3.6557931146925737,-4.786676463782566,6.846189498901367
1747537327.7038774,3.6847098638176554,-4.803393176696424,9.243965148925781
1747537327.724088,3.6994082828621213,-4.81910130950812,7.7362060546875
1747537327.7454665,3.715576840750122,-4.839710219966807,7.22503662109375
1747537327.7666278,3.7832033244629253,-4.855335565847942,9.035587310791016
1747537327.7827363,3.808090844600737,-4.86669967185622,5.123615264892578
1747537327.821278,3.924595095569642,-4.927339998112613,7.798910140991211
1747537327.8735101,3.96712486828325,-4.987273549337414,6.461858749389648
1747537327.9033043,4.0254548850005625,-5.014919268917573,11.045217514038086
1747537327.9522877,4.073388237918114,-5.10229150126773,12.651443481445312
1747537328.0040767,4.121145479179876,-5.188623309243815,15.877962112426758
1747537328.0321543,4.183612184876405,-5.267427154578959,8.054256439208984
1747537328.0726917,4.206763941899656,-5.323522486384532,10.617971420288086
1747537328.1160834,4.240393239641207,-5.405605504451172,14.35399055480957
1747537328.1727154,4.259957299115372,-5.525045678524474,10.15329360961914
1747537328.213767,4.269771985360341,-5.582007716037463,10.148286819458008
1747537328.2325387,4.270672680055897,-5.619581849424112,5.716800689697266
1747537328.249467,4.267293480220207,-5.639203182688403,6.496667861938477
1747537328.2676058,4.261425144167137,-5.666399329505425,6.430625915527344
1747537328.2857518,4.245180558476488,-5.699613755722218,6.341695785522461
1747537328.3114767,4.226784734514427,-5.729551480722852,7.454395294189453
1747537328.3305633,4.21264652749635,-5.752799934777808,10.019302368164062
1747537328.3571093,4.197494864377226,-5.772188676934903,14.058113098144531
1747537328.3769271,4.206516719496008,-5.800579076373691,5.617618560791016
1747537328.3975337,4.2098030727523925,-5.813191831931524,6.645679473876953
1747537328.4205673,4.201034452463124,-5.842923898596383,6.076574325561523
1747537328.457028,4.188798961706055,-5.883816021558486,7.073879241943359
1747537328.4739866,4.168809717261338,-5.908290852742031,5.217552185058594
1747537328.5100365,4.154866629168134,-5.918604120153529,16.76201820373535
1747537328.5336533,4.148462525244419,-5.9209687146697085,8.563041687011719
1747537328.5669098,4.14558014183677,-5.9357376526066234,5.928277969360352
1747537328.5840118,4.143521539485995,-5.939566960823659,5.901575088500977
1747537328.609059,4.134533561766774,-5.957242957063324,9.04393196105957
1747537328.6259716,4.121972354408265,-5.972380120224657,5.6705474853515625
1747537328.645904,4.113797692514589,-5.981353731934166,5.969524383544922
1747537328.6946576,4.096471954183565,-6.01037442695071,11.037111282348633
1747537328.7240956,4.0762800496995055,-6.034109309520695,5.837440490722656
1747537328.7442422,4.082278186909135,-6.048915056674319,5.408525466918945
1747537328.778666,4.0718686768492995,-6.062062342671583,8.609294891357422
1747537328.7994978,4.046443797410881,-6.105309871621205,6.316900253295898
1747537328.8395267,4.021861614930148,-6.132595705386712,6.229162216186523
1747537328.8693304,3.995517981583369,-6.171209445765243,10.703563690185547
1747537328.8937058,3.953919031256394,-6.193878506130807,8.534908294677734
1747537328.910984,3.91059766789736,-6.223812337608509,5.594491958618164
1747537328.954998,3.8829039391506233,-6.265758843756785,10.093927383422852
1747537328.9867766,3.8330181468966136,-6.3128908087812015,7.016420364379883
1747537329.0037167,3.815616347783516,-6.322264025065567,5.772590637207031
1747537329.0362217,3.798026890406042,-6.330346765400234,18.294572830200195
1747537329.06094,3.737954223755417,-6.37897864801432,6.654024124145508
1747537329.102911,3.695777855654817,-6.409727618744474,12.529850006103516
1747537329.1433024,3.642165566099535,-6.446408219328832,6.284952163696289
1747537329.1792746,3.622241138272352,-6.459117529772417,12.501716613769531
1747537329.219084,3.528714992043225,-6.503991373661578,16.68572425842285
1747537329.2600064,3.444065919417571,-6.5629699768448555,11.883020401000977
1747537329.2883327,3.3807021116184046,-6.556957389065568,8.46409797668457
1747537329.322512,3.3367777951582416,-6.563581892252929,11.566638946533203
1747537329.353388,3.2433859752226013,-6.589003230062011,13.229131698608398
1747537329.393886,3.2799885896935583,-6.611227998572843,13.094902038574219
1747537329.4235363,3.123062171877322,-6.63132380289005,8.295536041259766
1747537329.445796,3.0628517364005345,-6.638759421336684,6.839990615844727
1747537329.4721565,3.064221919678705,-6.633924097074968,10.041475296020508
1747537329.4980671,3.0106329851438596,-6.624827916614196,13.925790786743164
1747537329.5197353,2.932015787791809,-6.625524989900917,8.13436508178711
1747537329.542372,2.865317248359818,-6.629239602708775,7.7953338623046875
1747537329.563309,2.808498285267179,-6.629881652807256,7.270336151123047
1747537329.584554,2.7643429726245143,-6.620869073797911,6.093740463256836
1747537329.6046438,2.727156858450718,-6.618148193753364,6.052494049072266
1747537329.6223288,2.67769816589636,-6.613406597824493,5.558252334594727
1747537329.6390262,2.6406993356697344,-6.606438171210245,6.832361221313477
1747537329.6593044,2.601879525170622,-6.600742348114675,7.597923278808594
1747537329.6904886,2.5108592504271168,-6.584900194518904,7.325887680053711
1747537329.7106228,2.4530658725691965,-6.573843315172236,8.612871170043945
1747537329.7279797,2.417100026941638,-6.565148612914769,6.927251815795898
1747537329.7536707,2.3857041042699207,-6.523770430183557,6.245851516723633
1747537329.770265,2.3422050226560387,-6.495413476449231,5.818605422973633
1747537329.791591,2.2981921268946603,-6.4758652276273345,7.410287857055664
1747537329.8119752,2.2467598710681873,-6.456661164520298,9.401559829711914
1747537329.8356216,2.1971758408706403,-6.407635475432767,7.710933685302734
1747537329.8578806,2.1797766473292555,-6.383130717817038,5.623817443847656
1747537329.8790476,2.124557726706057,-6.343066737030815,8.425235748291016
1747537329.9017448,2.062730657200226,-6.315351523045514,5.210161209106445
1747537329.9193933,2.035822135124773,-6.305882631948324,5.242586135864258
1747537329.9413126,1.9884451988456402,-6.2871783228607745,5.44428825378418
1747537329.9592373,1.9453466134515283,-6.273673062577339,5.682468414306641
1747537329.9795172,1.9155591292276002,-6.26348556297018,5.915164947509766
1747537329.9999025,1.8913742622431606,-6.255989685994314,5.241632461547852
1747537330.0187993,1.830008724018306,-6.240761794358497,5.537986755371094
1747537330.042665,1.764173912415767,-6.229464930454788,6.617069244384766
1747537330.0620635,1.7206207438619956,-6.225695136071991,4.696130752563477
1747537330.0813582,1.6608495099630345,-6.2202582260986325,7.146358489990234
1747537330.1020348,1.600269261261285,-6.216789386271515,6.591081619262695
1747537330.1225057,1.5580950262734108,-6.21572770851881,5.960226058959961
1747537330.1425056,1.508138970834229,-6.212580043268292,6.67881965637207
1747537330.1581955,1.4607435400499926,-6.212301709650791,5.682229995727539
1747537330.1770363,1.4210836595908052,-6.2116468206097455,7.279396057128906
1747537330.1974556,1.3943369313030531,-6.212021421182249,7.5778961181640625
1747537330.2202644,1.314169130195016,-6.209702162720106,6.005525588989258
1747537330.2387044,1.2535407668079488,-6.209319690556567,4.771947860717773
1747537330.2581468,1.219554667521103,-6.21235398574284,7.88426399230957
1747537330.283165,1.1506417081602471,-6.211636341081258,5.115509033203125
1747537330.3035388,1.1155393627238934,-6.2195623809014675,4.69970703125
1747537330.3256233,1.0552938560302447,-6.225759316448911,6.14166259765625
1747537330.3438776,0.9904542063897565,-6.23812883681698,4.719018936157227
1747537330.367231,0.938972403351083,-6.2553812424666475,5.364656448364258
1747537330.3892653,0.9149144397142834,-6.263948756529313,7.109165191650391
1747537330.4084108,0.8847194544444577,-6.28149538823583,5.4759979248046875
1747537330.4334202,0.8405436332074809,-6.298555703773418,6.550788879394531
1747537330.4478211,0.8032353801953352,-6.307832847459314,4.747629165649414
1747537330.46783,0.7436218270540699,-6.335828043026119,7.568836212158203
1747537330.488453,0.7018781149376566,-6.357716612614732,6.426811218261719
1747537330.531874,0.6195295018022224,-6.382985122806006,7.877349853515625
1747537330.5720146,0.5489420487916356,-6.406619867419645,13.214111328125
1747537330.6278236,0.39700118626126346,-6.437769091418269,8.668661117553711
1747537330.6438658,0.3661683778813867,-6.4469188639573165,5.117177963256836
1747537330.6642537,0.3127370496599856,-6.480088499310751,7.32421875
1747537330.6973796,0.28210855199861135,-6.492227727456275,12.100458145141602
1747537330.7555625,0.13154546113210738,-6.519918279118488,10.580778121948242
1747537330.7717874,0.0948264235688347,-6.523299156920962,6.868839263916016
1747537330.9413931,-0.34484046489437326,-6.525550321449823,11.134624481201172
1747537330.9583304,-0.3448926800903625,-6.49977813463718,6.155967712402344
1747537330.9813032,-0.35121203455518335,-6.448447278170581,8.125543594360352
1747537331.004854,-0.36902805583551085,-6.4114557665686425,6.196498870849609
1747537331.0234692,-0.3941743118809856,-6.383469686374656,7.154941558837891
1747537331.0422866,-0.40642255532736055,-6.3791782923327895,5.780458450317383
1747537331.0592885,-0.4359523930138494,-6.366110492706421,5.573511123657227
1747537331.0788455,-0.4443984134422369,-6.356223816022868,6.113290786743164
1747537331.1023684,-0.46775904620023584,-6.351031506727166,9.591341018676758
1747537331.1282265,-0.4735005710912343,-6.347274604690182,6.84356689453125
1747537331.1536832,-0.46552728700736073,-6.349491848195292,12.87388801574707
1747537331.1807814,-0.5400555992879122,-6.32746845002283,8.547306060791016
1747537331.2081254,-0.5767643095096322,-6.310618808129779,5.616188049316406
1747537331.227949,-0.6161090178113675,-6.304042456233319,5.467414855957031
1747537331.2474098,-0.6729383342485272,-6.290500848368324,5.563020706176758
1747537331.2658224,-0.7014190301287604,-6.286070048015362,8.108139038085938
1747537331.2854664,-0.7290020543258745,-6.267956314012135,5.897045135498047
1747537331.304134,-0.7507597609374173,-6.248801259272638,5.447626113891602
1747537331.3242965,-0.774054262082824,-6.229256609682184,5.534887313842773
1747537331.3417127,-0.7921297352280687,-6.211595950404318,5.245685577392578
1747537331.3613276,-0.8513569438024375,-6.194270405379868,5.698442459106445
1747537331.3955057,-0.936478628054435,-6.15174148175269,5.4683685302734375
1747537331.4229782,-1.0139863658248696,-6.113036620892873,8.743524551391602
1747537331.4462647,-1.0530649237978675,-6.088446010542987,5.698204040527344
1747537331.489482,-1.1389262032341807,-6.031605174494816,9.888172149658203
1747537331.515834,-1.1674775875076482,-5.996103401005172,5.5141448974609375
1747537331.5428848,-1.215824210842826,-5.926938472091025,12.970209121704102
1747537331.5680506,-1.2737027341630223,-5.87568046276053,5.923271179199219
1747537331.5916314,-1.291821339095046,-5.8429343592558505,8.054733276367188
1747537331.6199882,-1.3076776346525258,-5.810094955627445,8.414506912231445
1747537331.6698856,-1.3872187275600139,-5.687841936984229,9.691476821899414
1747537331.727961,-1.4447810737617788,-5.54919341063013,11.228322982788086
1747537331.7922647,-1.5321059620567987,-5.406341628514552,8.410215377807617
1747537331.828973,-1.6334288515545448,-5.309689391610842,5.799770355224609
1747537331.8554535,-1.666440355507608,-5.274801034400779,11.009693145751953
1747537331.8835406,-1.722577219883489,-5.18291129555631,6.384372711181641
1747537331.9070969,-1.7389359217607252,-5.135835653960062,6.930828094482422
1747537331.9281871,-1.748542048817358,-5.090493814140178,5.980253219604492
1747537331.9476473,-1.7875416026652162,-5.037515166287902,7.888555526733398
1747537331.9679549,-1.8088925260344086,-4.982417936265041,8.476495742797852
1747537331.9922216,-1.8197035081120385,-4.934741546285582,9.519815444946289
1747537332.0137062,-1.8255767542155565,-4.878575620250032,8.690834045410156
1747537332.0383954,-1.8409210358474157,-4.764802266276085,9.591341018676758
1747537332.0587502,-1.8466913409951369,-4.7174545592673285,6.016731262207031
1747537332.0804768,-1.8571510356777303,-4.655432415780368,7.6465606689453125
1747537332.1187863,-1.8656965428941126,-4.598696396268566,10.020732879638672
1747537332.1421435,-1.8993708807465037,-4.483446031768718,6.149530410766602
1747537332.1647987,-1.9128275173501956,-4.42720852918339,6.349086761474609
1747537332.2020385,-1.9268092009096138,-4.371093761181168,11.82699203491211
1747537332.2227473,-1.9363631978744142,-4.282947446611232,6.517887115478516
1747537332.2451947,-1.939706566969787,-4.233264612645411,6.766319274902344
1747537332.2799337,-1.947141178305955,-4.1892460072120805,8.762121200561523
1747537332.3068943,-1.9621162029078554,-4.090708417133485,6.884336471557617
1747537332.3270144,-1.9643277158158983,-4.052760454835504,7.380247116088867
1747537332.3474722,-1.9676083588210356,-4.020271785676565,7.080316543579102
1747537332.3741486,-1.9550200447660737,-3.9684137765655327,12.953519821166992
1747537332.3990026,-1.9508962358000341,-3.8807196760123346,5.943775177001953
1747537332.4192486,-1.9517720502569018,-3.8440762529466697,7.866859436035156
1747537332.44107,-1.9161710094389148,-3.783685624194677,5.8193206787109375
1747537332.4616983,-1.9051848603330386,-3.735360980436548,8.314371109008789
1747537332.486536,-1.9071605485958094,-3.687517220600091,7.356405258178711
1747537332.535871,-1.9056755729987196,-3.5335844879057,6.448030471801758
1747537332.5826032,-1.876092973039627,-3.4164629600054712,12.703657150268555
1747537332.6053693,-1.8423843813888414,-3.351396180067014,7.723331451416016
1747537332.6258216,-1.8421044978640664,-3.295427943042723,6.615161895751953
1747537332.6471765,-1.8008744242503931,-3.2410158483250147,6.812810897827148
1747537332.6660726,-1.7863816334054188,-3.191806359128616,8.165836334228516
1747537332.689649,-1.7879900831751365,-3.1349210575951996,8.584737777709961
1747537332.715524,-1.7451186190517862,-3.075667666341505,8.11767578125
1747537332.7396839,-1.7332165362008523,-3.038207818419327,7.54547119140625
1747537332.7618706,-1.689719419912027,-2.9303451060749732,5.924701690673828
1747537332.7868187,-1.67917968431274,-2.8803680507652514,7.685661315917969
1747537332.8071356,-1.6772930276063966,-2.8343715068312623,5.077123641967773
1747537332.8236163,-1.64855694811199,-2.7788883144552052,5.069732666015625
1747537332.8458817,-1.6318489545754098,-2.728794626837214,7.247686386108398
1747537332.8633633,-1.624702670449863,-2.689795393692153,5.3920745849609375
1747537332.8817132,-1.6272249509846108,-2.643380111886248,5.757808685302734
1747537332.9013348,-1.5808828124363292,-2.590026648643014,5.730390548706055
1747537332.9183075,-1.5570123702221228,-2.5434881537007805,5.027055740356445
1747537332.9356585,-1.5498558182755133,-2.5015159052460283,7.169246673583984
1747537332.9577706,-1.4863829118813583,-2.462862715864556,6.062507629394531
1747537332.9786987,-1.4548263573515796,-2.429760400368883,4.944324493408203
1747537333.0083766,-1.4319034294267359,-2.383354555749603,10.02645492553711
1747537333.0333447,-1.386053159903624,-2.3486478304666267,5.905389785766602
1747537333.0616941,-1.3526993452560794,-2.2811256441930214,6.059885025024414
1747537333.082487,-1.3448150621011266,-2.2678884175729155,5.078792572021484
1747537333.104013,-1.2915425612380087,-2.1863624206057004,10.334491729736328
1747537333.123866,-1.2564005224633288,-2.0978826882939456,6.255626678466797
1747537333.1509163,-1.2463470491177473,-2.053773259515004,10.494470596313477
1747537333.1772106,-1.2006198730620623,-1.9763601436066895,6.7806243896484375
1747537333.2027714,-1.1896129983980528,-1.9333900141367202,8.050680160522461
1747537333.224041,-1.1360944758844995,-1.88115716479003,5.346059799194336
1747537333.2549148,-1.1020248645733632,-1.782048162689817,5.841493606567383
1747537333.2756312,-1.0950912587100134,-1.7468025349203966,7.750272750854492
1747537333.3015962,-1.0930296237722725,-1.6884915733922412,6.193637847900391
1747537333.3178303,-1.0985063602698082,-1.6552287363781166,5.881547927856445
1747537333.3676786,-1.0854499858960969,-1.5353650156849996,8.482933044433594
1747537333.4014292,-1.0871744251572677,-1.4366354981352707,10.366439819335938
1747537333.4225252,-1.1264638973059633,-1.3628435626967392,8.409500122070312
1747537333.4423022,-1.138141482421155,-1.3261443429809814,6.012916564941406
1747537333.4601872,-1.142958841942725,-1.303687008636127,6.16455078125
1747537333.4819243,-1.1558592644407397,-1.2600159021496833,7.404804229736328
1747537333.5096385,-1.1603646806357983,-1.2142432407578716,9.181499481201172
1747537333.5263908,-1.1598387159650447,-1.1669169253285694,6.024360656738281
1747537333.5464942,-1.188462624659615,-1.1307201420887576,6.704092025756836
1747537333.5641367,-1.1996407701826508,-1.0916873011690262,5.574703216552734
1747537333.581876,-1.205001801095436,-1.0565806792406582,6.283044815063477
1747537333.6021771,-1.1998263592051177,-1.017866968320574,7.897615432739258
1747537333.621294,-1.214580040643097,-0.9681099100039661,6.090879440307617
1747537333.6404881,-1.211298044057954,-0.9186260426663084,5.619525909423828
1747537333.6583946,-1.197979345627404,-0.8802569278513397,6.707191467285156
1747537333.6751857,-1.2201907369615401,-0.823214057574935,5.695104598999023
1747537333.6941547,-1.2265924734409115,-0.7655259399232643,6.212949752807617
1747537333.7156112,-1.1981918229909039,-0.6907142328357954,7.979631423950195
1747537333.7459133,-1.1704630146933224,-0.5915031174132753,10.342597961425781
1747537333.7660782,-1.1471097107813444,-0.5287623023390204,8.580207824707031
1747537333.7817175,-1.1203410142782204,-0.4720705102006928,6.133317947387695
1747537333.806587,-1.0974565906532523,-0.4297878488434552,10.100841522216797
1747537333.821967,-1.0915109448128213,-0.3610902286719056,5.645513534545898
1747537333.8423867,-1.0697985320427446,-0.3062511707431609,5.480766296386719
1747537333.8586247,-1.0385290188727272,-0.2612160560167838,6.466150283813477
1747537333.8776488,-0.9990619842020382,-0.20102519409606887,6.489038467407227
1747537333.9021378,-0.9609222648109855,-0.15635075608731258,7.344722747802734
1747537333.9217634,-0.9250036857172068,-0.1196998244564689,7.534503936767578
1747537333.938155,-0.8923582751118719,-0.09248045106064454,6.600856781005859
1747537333.958925,-0.8653946303829481,-0.07001639482561114,5.796909332275391
1747537333.9819458,-0.8174345712174186,-0.021797931642284777,7.831811904907227
1747537334.0011873,-0.7865877552409465,-0.00025899295880196636,6.530046463012695
1747537334.025571,-0.7515752014613261,0.03092425760350848,6.767511367797852
1747537334.056184,-0.7275441262012148,0.054272241239355576,8.36634635925293
1747537334.0742843,-0.6516582553025181,0.10161959474950934,5.799531936645508
1747537334.0983405,-0.6170793711455068,0.11700411298896383,7.121562957763672
1747537334.1231601,-0.5809811536925705,0.13798641959868346,5.470991134643555
1747537334.1390316,-0.5449997392293788,0.14825412687922288,5.440950393676758
1747537334.1610348,-0.5044207100219817,0.15908971159069216,9.095191955566406
1747537334.1770651,-0.47885947364675363,0.17458894486553256,6.243705749511719
1747537334.196557,-0.4613146190265729,0.18306449299083624,6.893396377563477
1747537334.2280796,-0.4363831023308051,0.18818195170103166,7.658481597900391
1747537334.25585,-0.42501626295156264,0.19714251211770564,7.51042366027832
1747537334.28106,-0.32778391957393505,0.20934115793122596,6.278514862060547
1747537334.3115175,-0.3126656009681953,0.21000925634163542,8.257627487182617
1747537334.3358445,-0.27992006616625464,0.21316668580719397,8.530855178833008
1747537334.3705864,-0.19000517465257905,0.21878849319764165,8.529424667358398
1747537334.399885,-0.14658061063363942,0.22953341922471976,9.593009948730469
1747537334.4278276,-0.12908285224448543,0.23858793404855125,6.728172302246094
1747537334.447297,-0.06334643888854016,0.24032046685678643,6.039857864379883
1747537334.4668016,-0.03694510611221667,0.241366274502577,5.676031112670898
1747537334.4916997,-0.0066619863166886535,0.242329363539136,8.524894714355469
1747537334.5194414,0.10580962083119859,0.2370692266539821,7.033586502075195
1747537334.5459187,0.15373122719982732,0.22820643538435728,8.30388069152832
1747537334.5763066,0.24464220085704677,0.2374740784421089,5.999326705932617
1747537334.6014347,0.29641223530904337,0.2776968805754262,9.007692337036133
1747537334.6273954,0.35132893464158155,0.20702952184651152,5.443096160888672
1747537334.646094,0.4088174733767314,0.1998258728446792,7.786750793457031
1747537334.6745346,0.45384870118797893,0.19117113747113504,7.4977874755859375
1747537334.6921585,0.5186126892060317,0.17917023516126918,5.633831024169922
1747537334.7133527,0.57227491291342,0.17680464844539395,7.325172424316406
1747537334.7358413,0.6312993180765465,0.1715297160970911,9.622335433959961
1747537334.7541697,0.6628886916600105,0.17151913279406267,6.984233856201172
1747537334.7696102,0.7979537869616766,0.15871007572439505,5.2738189697265625
1747537334.785972,0.8560219712934412,0.1522706013276259,5.82432746887207
1747537334.8054137,0.9016345977239769,0.14457184907106413,5.696296691894531
1747537334.8266218,0.9681840344299545,0.1263538533715109,5.223751068115234
1747537334.841847,1.0300926714525143,0.10509961113820669,5.126714706420898
1747537334.8602638,1.1116464401134734,0.08675745179233277,5.225896835327148
1747537334.8757436,1.1775719444740673,0.06872947501953232,5.143404006958008
1747537334.8941953,1.2385509858070758,0.03590828947905733,6.666421890258789
1747537334.9133265,1.2733840727247792,0.010739636939774942,5.506753921508789
1747537334.934443,1.2934888831176548,-0.008580702304875,6.488800048828125
1747537334.953432,1.3372263354371556,-0.03752292263660593,5.40471076965332
1747537334.9789603,1.3744375696623232,-0.06487799614898494,7.373809814453125
1747537335.0029826,1.415612185078322,-0.08396310729111935,7.329225540161133
1747537335.0356164,1.4637202861841732,-0.1300218120281525,5.649805068969727
1747537335.0580134,1.5455931856329392,-0.19796011660069013,7.7495574951171875
1747537335.0778432,1.5747214962982627,-0.2191611086774326,6.067752838134766
1747537335.102621,1.6411642837297977,-0.26357051469216153,9.397029876708984
1747537335.1192498,1.676188427882079,-0.287567900155848,6.996631622314453
1747537335.1379092,1.706341773524215,-0.308788774092311,6.769895553588867
1747537335.1557934,1.7629183762556377,-0.3525332942066406,5.412817001342773
1747537335.1734354,1.8163624404747116,-0.3835264833358873,5.495786666870117
1747537335.1989558,1.8691321810059478,-0.4181345376378312,5.568981170654297
1747537335.2217665,1.8970274122864441,-0.437025993383667,7.462263107299805
1747537335.2473543,1.9296348554759983,-0.4556368339888035,5.742073059082031
1747537335.2628005,1.9555437728190128,-0.46768535412968126,5.289316177368164
1747537335.2842677,2.009510101433859,-0.5036590349108231,6.850481033325195
1747537335.3056152,2.0467289906158372,-0.5384247651439504,7.3871612548828125
1747537335.3217978,2.0749006898560536,-0.5647729401188777,5.791187286376953
1747537335.338839,2.0947761451667812,-0.5834719481947974,7.362604141235352
1747537335.3588207,2.147737229765431,-0.6343803692165514,5.95402717590332
1747537335.3798118,2.2007177381143372,-0.681284820398274,8.958101272583008
1747537335.3964393,2.2232670088336848,-0.7075136768287841,5.660295486450195
1747537335.4184623,2.2767865909248983,-0.7543452776452876,6.939888000488281
1747537335.4395473,2.3101279227254,-0.7863793680684618,5.952119827270508
1747537335.4617968,2.3375496492482415,-0.8151408367560625,7.767438888549805
1747537335.4793522,2.378684407917854,-0.8553859014180779,5.861997604370117
1747537335.4977653,2.4073762158875858,-0.8929968052704391,6.646394729614258
1747537335.5154204,2.4331619091087635,-0.921513262365579,5.734682083129883
1747537335.5355616,2.444991816095056,-0.9431986984976319,7.595539093017578
1747537335.5583656,2.4913775191780503,-0.9782800681101914,8.606672286987305
1747537335.5789547,2.5338911816202976,-1.0231047274121086,6.644725799560547
1747537335.6019425,2.5617469058120097,-1.0739185063720829,8.10861587524414
1747537335.6222022,2.565045334712959,-1.1150621656456208,6.505250930786133
1747537335.6444285,2.5700965902126556,-1.1623490189605803,5.889892578125
1747537335.662505,2.5525642790239407,-1.2146178888988894,5.420446395874023
1747537335.6814234,2.519270100543589,-1.2789266053478083,7.601022720336914
1747537335.7065966,2.51211778477062,-1.3310292232723029,8.593320846557617
1747537335.7306995,2.5159080124937714,-1.3786472329170472,7.496118545532227
1747537335.7475476,2.5157275844540967,-1.4120641463568846,5.653619766235352
1747537335.770462,2.523710734975818,-1.457916566248167,12.697219848632812
1747537335.8178804,2.537690715920482,-1.5429060245885988,8.920907974243164
1747537335.9399328,2.5950129013741576,-1.8952194698822866,6.318807601928711
1747537335.9564435,2.6129448988817034,-1.9503720123739323,5.047082901000977
1747537335.9773402,2.615432022173084,-2.043615448574932,5.274057388305664
1747537335.9932406,2.6054408902027015,-2.1235352828529375,5.046367645263672
1747537336.0148005,2.6031776187966438,-2.177565829357064,6.300210952758789
1747537336.0389113,2.5808061182193303,-2.2577736304137423,5.876064300537109
1747537336.0558841,2.5643628149660183,-2.2984353457547106,6.679296493530273
1747537336.0806534,2.5330306184938856,-2.36389785745452,5.232334136962891
1747537336.0989878,2.493668078558278,-2.4002191780204223,5.592584609985352
1747537336.1228447,2.447013637256791,-2.46455119849653,5.796909332275391
1747537336.140766,2.4250890784685115,-2.494133971502566,5.316734313964844
1747537336.1582296,2.393012825584735,-2.543008473761481,6.449222564697266
1747537336.184386,2.3386598502037472,-2.5965333573218254,7.419824600219727
1747537336.2002249,2.2987111899221824,-2.6496960174241244,5.631923675537109
1747537336.2180288,2.2853126915956876,-2.680185786686319,7.110357284545898
1747537336.2423325,2.221834004856712,-2.7238549553258964,5.4492950439453125
1747537336.2587223,2.1847763534157156,-2.773613844616456,5.255937576293945
1747537336.2754886,2.161756550824288,-2.8166834104405623,5.1021575927734375
1747537336.2956944,2.120351633220325,-2.874214554203507,6.9122314453125
1747537336.3472986,2.1031870038001452,-2.9582621277934233,15.076875686645508
1747537336.376953,2.0907090217458877,-3.0427424251779134,9.855508804321289
1747537336.3952909,2.0689650631627314,-3.1450266847996176,6.091117858886719
1747537336.416212,2.072237209091701,-3.1911741133461127,6.723642349243164
1747537336.4367537,2.0415999407609715,-3.23253735339261,5.660295486450195
1747537336.4634516,2.023448004064079,-3.2683089975215074,5.536556243896484
1747537336.4892757,2.0075104760036675,-3.3119130364976215,8.840560913085938
1747537336.51983,2.0103315361379854,-3.3889857615364365,6.061315536499023
1747537336.5410342,2.02699568235786,-3.445409588860757,7.479429244995117
1747537336.5594156,2.0106217515377955,-3.480462615436411,5.695819854736328
1747537336.5763922,2.004374744220467,-3.5191107788363496,7.973670959472656
1747537336.5988681,2.0099562247928078,-3.5719539249576138,7.30133056640625
1747537336.6175628,2.0334885925811235,-3.632166558890704,5.6056976318359375
1747537336.6659486,2.0968183667909983,-3.7432256310872956,9.258270263671875
1747537336.7000208,2.1453164807692837,-3.8393951504759167,6.258487701416016
1747537336.7244184,2.177777792645118,-3.8860040821185837,5.985736846923828
1747537336.7492776,2.2357410359680165,-3.9345557261342603,7.663965225219727
1747537336.7659652,2.2773383299088117,-3.9872762369137247,5.458354949951172
1747537336.7828994,2.3517569900915456,-4.052585586774889,5.77998161315918
1747537336.8045342,2.42818694413321,-4.105928760118487,5.940675735473633
1747537336.8303268,2.5161078038381675,-4.152007315612585,6.973981857299805
1747537336.8461773,2.592601643523242,-4.180813623435189,5.902290344238281
1747537336.8664334,2.6392245363272977,-4.201830514597503,6.295442581176758
1747537336.8898478,2.691494920666177,-4.223559936607274,6.994009017944336
1747537336.9064043,2.7412645124279,-4.245778746463419,6.642818450927734
1747537336.921853,2.78156672702628,-4.26482352600262,5.431175231933594
1747537336.9397397,2.8150492421313356,-4.28184673463155,5.0811767578125
1747537336.9600952,2.883371578587269,-4.295151548760261,6.6165924072265625
1747537336.9800727,2.9637042877544024,-4.311059024573858,4.945039749145508
1747537336.9969797,3.0162218933705796,-4.322604979775967,5.571126937866211
1747537337.017743,3.063338016272882,-4.3343246536159,7.034063339233398
1747537337.0497487,3.1504094856001186,-4.343914689577554,13.396739959716797
1747537337.0684328,3.205470216792807,-4.353353760797272,8.419990539550781
1747537337.0884564,3.3190922702709833,-4.371579403236594,5.232810974121094
1747537337.1041622,3.3670250940659128,-4.380293129223347,4.8370361328125
1747537337.1236546,3.3954294238780007,-4.385820535670882,7.701635360717773
1747537337.1391847,3.420361684416021,-4.396098624763374,4.556179046630859
1747537337.1585298,3.4937683606902645,-4.406279207900441,4.80961799621582
1747537337.1837206,3.530707208508993,-4.40844104857508,6.305456161499023
1747537337.210466,3.5551303325411867,-4.406143871862731,6.587982177734375
1747537337.238048,3.660959505047451,-4.423519363522991,4.780769348144531
1747537337.25825,3.703840770936071,-4.428375038337344,5.072832107543945
1747537337.2816904,3.7538650023704077,-4.456686222573987,7.68280029296875
1747537337.3318179,3.8343256364466756,-4.505456064518592,13.71908187866211
1747537337.4019105,3.9314016698101675,-4.555713148610307,9.532690048217773
1747537337.425402,3.9907151844793347,-4.606196634159752,6.215810775756836
1747537337.4676428,4.07590265490556,-4.691454884297915,5.118370056152344
1747537337.4961116,4.109527458162369,-4.738718931473397,17.21668243408203
1747537337.5145917,4.174168891712207,-4.791617375625152,5.076408386230469
1747537337.5417502,4.205163499310313,-4.8236517678342645,6.275415420532227
1747537337.5631397,4.223547263105257,-4.851543695227276,6.869077682495117
1747537337.5842204,4.2366454234620194,-4.878799032330552,5.392789840698242
1747537337.6066434,4.248681688130412,-4.913504790506866,6.292104721069336
1747537337.6312997,4.258419092535697,-4.942342091384887,6.885528564453125
1747537337.6629522,4.302144525157112,-4.975945694357051,16.595125198364258
1747537337.7096858,4.379011872020033,-5.06107131197967,8.252620697021484
1747537337.7269409,4.399815978379414,-5.081682745232368,6.582736968994141
1747537337.7461574,4.406789924752653,-5.100723587583059,5.967855453491211
1747537337.7713416,4.455123548667253,-5.116588790683846,9.060382843017578
1747537337.7868977,4.473312701758194,-5.136364418583858,5.357265472412109
1747537337.805602,4.480188464164022,-5.155677352899968,6.1016082763671875
1747537337.825427,4.485074498374242,-5.169602159613906,9.864568710327148
1747537337.842491,4.505376556827814,-5.1891713227599485,5.431890487670898
1747537337.8653502,4.508306638361717,-5.21130332699448,9.068965911865234
1747537337.8829725,4.512513203150363,-5.2296955863684005,7.362842559814453
1747537337.898022,4.515953017350747,-5.231360216527248,5.937337875366211
1747537337.9194477,4.555422931191924,-5.260053318205481,8.386850357055664
1747537337.9378083,4.576924587725878,-5.281909302801085,7.860898971557617
1747537337.956336,4.586121601082383,-5.298904185031484,7.178306579589844
1747537337.978138,4.605135468945473,-5.324518917426248,9.799957275390625
1747537338.001704,4.613587339117894,-5.346837386966473,7.514238357543945
1747537338.0336719,4.635369797336989,-5.375212116893938,8.096694946289062
1747537338.0541384,4.6490354848994135,-5.408541025864938,6.210803985595703
1747537338.0785096,4.653167899962949,-5.446370957601254,6.415843963623047
1747537338.0984783,4.665423251689259,-5.476952637445069,6.850004196166992
1747537338.119398,4.659249418287139,-5.509744755866008,6.623983383178711
1747537338.138903,4.6516267654175545,-5.543758966867026,6.544828414916992
1747537338.1577241,4.643025650687254,-5.569821778150846,7.600069046020508
1747537338.1754873,4.668550156106773,-5.618886979736656,5.7926177978515625
1747537338.194344,4.671641950267454,-5.661452492789107,6.362199783325195
1747537338.2193673,4.664716855069739,-5.7007094579973385,7.309675216674805
1747537338.2412126,4.664924647777112,-5.756335049272147,6.25300407409668
1747537338.2605064,4.653969405715543,-5.794708707373455,5.865573883056641
1747537338.2854564,4.642311058078537,-5.845635483214465,7.872819900512695
1747537338.3031986,4.641095818008221,-5.881967739207073,5.680322647094727
1747537338.319512,4.627173116170344,-5.922116611496673,6.144523620605469
1747537338.335489,4.610787374961346,-5.953078878466191,5.605459213256836
1747537338.3617287,4.596100004359183,-5.991351379010343,6.884574890136719
1747537338.387221,4.585658075065784,-6.015945312215666,5.857229232788086
1747537338.4057274,4.564588561449522,-6.038183733509166,7.767438888549805
1747537338.4259236,4.541991180169198,-6.061132851471995,6.667852401733398
1747537338.4434853,4.5333989210707095,-6.075850142825794,5.6858062744140625
1747537338.4603345,4.519693126548774,-6.088071917582296,6.901025772094727
1747537338.4791396,4.505823732713824,-6.102764199112481,5.735158920288086
1747537338.4968717,4.511355687112131,-6.10949582746633,6.12950325012207
1747537338.5196283,4.510388776468201,-6.118643397849857,6.443262100219727
1747537338.5392916,4.508307820321636,-6.121735109653981,5.970478057861328
1747537338.5614316,4.5096772975550605,-6.1253348086014725,8.544206619262695
1747537338.5840828,4.508769993544432,-6.124678664234375,6.509542465209961
1747537338.607849,4.50453998421083,-6.1286868618956545,8.334875106811523
1747537338.6269026,4.50056439016318,-6.130807782955876,7.01141357421875
1747537338.650556,4.497029407255593,-6.136327346299493,11.374950408935547
1747537338.668967,4.507741450370659,-6.1258110624570286,6.139993667602539
1747537338.6880863,4.487394004470513,-6.114072725977533,5.977630615234375
1747537338.7058225,4.4725823390053305,-6.1058034558445575,8.769035339355469
1747537338.722445,4.489037296036562,-6.104711551154919,5.725860595703125
1747537338.7394793,4.493368383897247,-6.108004878789981,6.542444229125977
1747537338.7555993,4.486899490826998,-6.108200178422154,5.777835845947266
1747537338.7796133,4.482802701247749,-6.104389393368311,7.09223747253418
1747537338.8018024,4.4942940639506475,-6.111104898630938,6.6699981689453125
1747537338.8320074,4.498269522694341,-6.117214939093507,8.75544548034668
1747537338.8555143,4.516275539580656,-6.106939265128328,8.457422256469727
1747537338.872378,4.528654095623794,-6.097634213777729,5.8116912841796875
1747537338.8951588,4.534257744729042,-6.092837241615747,6.941795349121094
1747537338.922752,4.529651458764145,-6.087526334051588,8.390188217163086
1747537338.9427226,4.527265139728044,-6.086391546848699,6.010770797729492
1747537338.962203,4.527856321800888,-6.083119313640165,6.0100555419921875
1747537338.9803445,4.528487983298523,-6.079122236096389,6.270885467529297
1747537338.9971535,4.529470707334311,-6.075798646725213,5.963325500488281
1747537339.0197916,4.53018558075224,-6.072753279919622,7.841825485229492
1747537339.0390165,4.529851093396425,-6.070606003536279,5.9661865234375
1747537339.0611982,4.542557194480978,-6.068053675337535,5.968809127807617
1747537339.0809743,4.546913692351397,-6.067598988766343,6.403923034667969
1747537339.104888,4.549161936971182,-6.068763194034445,7.961750030517578
1747537339.1263082,4.546183267753752,-6.0701141424592,6.548404693603516
1747537339.144298,4.540518582659078,-6.069434565936576,5.876064300537109
1747537339.1630516,4.520342366105192,-6.0661762806319794,6.072759628295898
1747537339.188526,4.537142325720818,-6.069174161888832,8.869171142578125
1747537339.2237191,4.547049819265093,-6.069124525536436,10.402679443359375
1747537339.26644,4.554197316259412,-6.07126431499243,13.118267059326172
1747537339.285498,4.557890993078961,-6.070423687038941,7.651090621948242
1747537339.3055224,4.552739265707666,-6.073793256421674,6.151437759399414
1747537339.3370788,4.558131890721089,-6.0697773925366265,10.338068008422852
1747537339.3928347,4.560283020435404,-6.055110438595017,11.157751083374023
1747537339.4305403,4.557241314435504,-6.041810527139942,9.253978729248047
1747537339.4767032,4.5594853068967724,-6.0329584744270885,10.168790817260742
1747537339.5066864,4.541937634350992,-6.006810232308059,7.244110107421875
1747537339.5351858,4.527236324663204,-5.993123165205662,8.916854858398438
1747537339.5599139,4.527001878955873,-5.960777093204883,6.639719009399414
1747537339.5769985,4.494147706807091,-5.934509154259743,5.92803955078125
1747537339.601549,4.47643076080549,-5.909117723265503,5.972385406494141
1747537339.6263995,4.473066206695834,-5.885737256155776,8.4381103515625
1747537339.656057,4.497649433788601,-5.859549971771793,12.36724853515625
1747537339.6979449,4.5175439625779275,-5.770769635761792,6.584405899047852
1747537339.7295623,4.505223404249924,-5.728058991140557,16.539335250854492
1747537339.7609172,4.512749241874542,-5.671039147394897,6.198406219482422
1747537339.7838728,4.518398602046675,-5.652472820063673,6.085872650146484
1747537339.8004313,4.514348130467016,-5.607193443056226,6.024837493896484
1747537339.8233588,4.508043060888058,-5.571192748957617,7.185459136962891
1747537339.8468654,4.512391281680005,-5.519275153712714,8.790731430053711
1747537339.8899696,4.529953735282681,-5.458815385073746,9.611129760742188
1747537339.9339442,4.551708795951474,-5.408953177638943,8.595705032348633
1747537339.9673047,4.568626709959102,-5.362330992221918,8.6212158203125
1747537339.9912577,4.566088567241213,-5.336574022393173,6.792545318603516
1747537340.0149336,4.569392459034247,-5.307209361275627,8.776187896728516
1747537340.0329401,4.5698059094169174,-5.286705841930563,8.655071258544922
1747537340.0544968,4.571182833767906,-5.26958687275083,6.915092468261719
1747537340.0866537,4.581477900365841,-5.257569382613725,9.186744689941406
1747537340.123477,4.586902998923829,-5.247673314271398,12.113809585571289
1747537340.143674,4.5949457640400455,-5.237894959214117,5.265474319458008
1747537340.1728659,4.599618065198589,-5.231652679856522,9.589910507202148
1747537340.2098415,4.601005915445055,-5.229007368034806,5.99980354309082
1747537340.2308753,4.599791554743141,-5.230950010822627,6.447553634643555
1747537340.252553,4.601859257779478,-5.234479144943201,5.30695915222168
1747537340.2680895,4.597256795027589,-5.227396336623851,5.322456359863281
1747537340.2859318,4.596116044222538,-5.220730496957275,7.009983062744141
1747537340.3030345,4.593699628839843,-5.216052129032863,5.225658416748047
1747537340.3392391,4.587287730674374,-5.222626215315296,7.296323776245117
1747537340.3600779,4.581187849027134,-5.2279715857797076,7.592201232910156
1747537340.3815196,4.575139145125527,-5.2318886758319705,5.332469940185547
1747537340.4101636,4.553099710787737,-5.25196289802172,11.886835098266602
1747537340.44387,4.534157220066257,-5.282361046661578,8.903741836547852
1747537340.4818077,4.543394000340738,-5.319208123639708,8.264780044555664
1747537340.5430021,4.51506418753493,-5.330773246821708,13.475656509399414
1747537340.5650654,4.499901322319812,-5.337992391608558,6.119489669799805
1747537340.5926428,4.473075842954932,-5.338956011477292,9.874343872070312
1747537340.628507,4.451815179231311,-5.341862665060439,8.959531784057617
1747537340.6594963,4.429309379445966,-5.353121275134041,7.098913192749023
1747537340.6778517,4.43961358852266,-5.359171823612136,8.072376251220703
1747537340.7012386,4.434828668287343,-5.370983385660521,10.530948638916016
1747537340.722454,4.3618091088622135,-5.392777023919565,5.412817001342773
1747537340.7505674,4.341895160698015,-5.404118340458033,8.213043212890625
1747537340.7673745,4.32631111049372,-5.415894202673435,5.486011505126953
1747537340.7956502,4.283672891346325,-5.417209231496264,6.399869918823242
1747537340.9365442,4.058315021430929,-5.492276515612677,6.029605865478516
1747537340.9535062,4.040432644620052,-5.492469390040251,7.520437240600586
1747537340.9712718,4.01726655319042,-5.489844688809321,7.783651351928711
1747537340.9899845,3.9761623783714195,-5.511669506415252,6.248235702514648
1747537341.0274718,3.9187457101062853,-5.5268996985708405,10.69021224975586
1747537341.077489,3.8574640413154047,-5.542087282489333,10.339498519897461
1747537341.1132221,3.7783835099124405,-5.550012286814341,7.423639297485352
1747537341.1312034,3.727605245516933,-5.557283741349931,8.013248443603516
1747537341.153345,3.7082282756057965,-5.564794942367605,8.095741271972656
1747537341.1842537,3.6064414483239227,-5.580272301478058,6.99162483215332
1747537341.2116706,3.552796726524285,-5.583156689733315,9.378433227539062
1747537341.2429976,3.5255172360736355,-5.64577369728777,5.712032318115234
1747537341.2591126,3.5392503199018006,-5.670381944228029,5.7964324951171875
1747537341.2785068,3.4994825303013477,-5.70114914516368,5.343914031982422
1747537341.3015847,3.474632478192293,-5.714781326260019,9.443521499633789
1747537341.3458285,3.3749809893845226,-5.73468625547152,15.060186386108398
1747537341.3776803,3.297010115486296,-5.80584048760954,10.039567947387695
1747537341.3957107,3.220555503649993,-5.85459327360847,7.256984710693359
1747537341.4223063,3.1146356681243326,-5.919021859581138,9.143352508544922
1747537341.4830818,2.969247374887169,-6.004181528612101,6.444692611694336
1747537341.5202153,2.8949271449206986,-6.0665147633801,6.614923477172852
1747537341.552543,2.835272076491738,-6.104462289989944,8.278131484985352
1747537341.6003647,2.7257492517499693,-6.164015539889529,12.082338333129883
1747537341.621996,2.6388701312677383,-6.201525259686119,5.74803352355957
1747537341.641876,2.5852593563662993,-6.221980961035733,4.821538925170898
1747537341.6591067,2.5158465417528446,-6.235520679736533,7.012128829956055
1747537341.6828716,2.43631531472183,-6.249635913240621,6.916046142578125
1747537341.707833,2.4138676364031633,-6.27496969570372,9.095907211303711
1747537341.7315738,2.382110005134705,-6.295507174634909,8.983612060546875
1747537341.7587113,2.35194001069592,-6.308054213066954,9.088277816772461
1747537341.7805023,2.2383229519694416,-6.340216433211876,5.318164825439453
1747537341.8024795,2.192046179777282,-6.354960532035625,5.302190780639648
1747537341.8192766,2.15016356200189,-6.365363554641511,5.6095123291015625
1747537341.847228,2.082038499359779,-6.37393646038331,10.938882827758789
1747537341.8660495,2.0263641087621735,-6.401652061497376,5.899667739868164
1747537341.8863826,1.9972650305913846,-6.42317085987054,5.1364898681640625
1747537341.9067473,1.9743453222216274,-6.438146644001727,6.62684440612793
1747537341.9262571,1.9369663911303017,-6.451559950279308,6.262540817260742
1747537341.9427247,1.8730145993117615,-6.459465929008948,4.727363586425781
1747537341.9596808,1.7840990474042564,-6.464379785833921,4.718780517578125
1747537341.9852264,1.693367170050302,-6.466187750381904,5.762338638305664
1747537342.005366,1.592263611860347,-6.478360829167791,6.914615631103516
1747537342.0265615,1.5132752958283504,-6.485178737686545,4.790067672729492
1747537342.0454755,1.4591698032792406,-6.489057114566407,5.5141448974609375
1747537342.0656354,1.3979027061531355,-6.4989133576051685,6.197452545166016
1747537342.0816457,1.3571526187950396,-6.503288717886346,4.955530166625977
1747537342.0977592,1.3030520822210545,-6.506478804926893,4.777669906616211
1747537342.1211884,1.2236931749713535,-6.511035264572921,7.849216461181641
1747537342.1664207,1.1311125820496348,-6.511312409030912,7.453680038452148
1747537342.1888494,1.0934212482949774,-6.509999086817371,6.353616714477539
1747537342.2277017,1.014516362455459,-6.522387002002103,7.343769073486328
1747537342.2472656,0.9787025385067064,-6.525096262478474,5.954742431640625
1747537342.2721384,0.9247302451351422,-6.514690200217559,7.074117660522461
1747537342.2951252,0.8404261781495819,-6.502260863000904,8.20612907409668
1747537342.3416414,0.609930091034747,-6.478726091590742,13.456344604492188
1747537342.403095,0.4533603536176457,-6.42188309171892,8.039712905883789
1747537342.443746,0.3700160332030577,-6.3933068961651065,5.314111709594727
1747537342.4649973,0.42024278837082796,-6.36652637138369,8.481979370117188
1747537342.483329,0.44104267367893435,-6.346782213330192,5.319118499755859
1747537342.515029,0.43069367363864397,-6.335772830963228,7.351875305175781
1747537342.5400496,0.39503801485822315,-6.317899064213808,10.123252868652344
1747537342.563109,0.32761694741345676,-6.293404443758236,5.707025527954102
1747537342.5811927,0.3035064216357947,-6.286408625125685,5.728483200073242
1747537342.6017613,0.24385404836543106,-6.2756249322103805,7.41887092590332
1747537342.6243017,0.18042997101538946,-6.269742747255758,5.556583404541016
1747537342.642834,0.13344025436589288,-6.267336754388835,6.297111511230469
1747537342.661493,0.03125253654023838,-6.246442208422131,5.4683685302734375
1747537342.6867251,-0.0400762611480853,-6.233405955788038,6.956577301025391
1747537342.7086625,-0.07387061793304885,-6.227196748334386,9.444952011108398
1747537342.7338922,-0.12417527428304422,-6.207255430643672,6.541967391967773
1747537342.7616987,-0.21625241909704204,-6.1818180621874985,6.034612655639648
1747537342.7918236,-0.24957465570344484,-6.1687648060759495,6.85882568359375
1747537342.815833,-0.3471123932331154,-6.144415608970327,7.474184036254883
1747537342.8476858,-0.3789822877838664,-6.138006705879507,11.407613754272461
1747537342.8838367,-0.4563510014748267,-6.108943876269717,12.101173400878906
1747537342.9250891,-0.4930691381834565,-6.065099727119544,10.966062545776367
1747537342.961667,-0.5198203360940645,-6.018952644548445,9.152412414550781
1747537343.0105684,-0.5407280405285255,-5.967715484921444,11.147022247314453
1747537343.047942,-0.5766767582133621,-5.889966385507051,12.934684753417969
1747537343.0975013,-0.6115279844926017,-5.821361358824197,10.76197624206543
1747537343.1297183,-0.652643529211922,-5.794198440391617,11.104345321655273
1747537343.1590576,-0.6744702425116945,-5.762685511101539,11.564493179321289
1747537343.177993,-0.7329455207625263,-5.721661930664699,6.480693817138672
1747537343.2008345,-0.7699487122114879,-5.692583292669528,7.121086120605469
1747537343.2303832,-0.7756480637612967,-5.680482821908857,10.207176208496094
1747537343.256328,-0.8148452362099555,-5.668754178409409,12.194395065307617
1747537343.279356,-0.8937549006761745,-5.623023559171332,8.044242858886719
1747537343.3238044,-0.9693325346223448,-5.552645462079193,8.455991744995117
1747537343.346219,-0.9860784900770676,-5.522650082079709,6.632566452026367
1747537343.3757527,-1.0443433361660657,-5.501278501407701,6.759405136108398
1747537343.4094994,-1.0942477290746635,-5.455189572350575,10.503292083740234
1747537343.44748,-1.1559922653197663,-5.375186148620051,11.171340942382812
1747537343.4844952,-1.1871541812956337,-5.315195297235917,7.31658935546875
1747537343.5107443,-1.2249810118221647,-5.268115995486333,7.020235061645508
1747537343.537695,-1.2514543684537527,-5.193673840149472,9.175300598144531
1747537343.5614595,-1.2581411343252988,-5.150216105928349,5.418062210083008
1747537343.6076324,-1.278844143758233,-5.0564296062066445,8.891582489013672
1747537343.627125,-1.3023499898646336,-5.013117756902537,5.072116851806641
1747537343.644864,-1.3137188352927198,-4.9728965514831645,7.4710845947265625
1747537343.6699967,-1.348162402993308,-4.917463369900621,7.183074951171875
1747537343.6869104,-1.367889945556332,-4.881216675606553,5.904912948608398
1747537343.7203898,-1.3817891785257954,-4.816933719616786,10.325908660888672
1747537343.7673104,-1.4391850480799522,-4.6996440907659185,12.542247772216797
1747537343.7984002,-1.4522820212133554,-4.662247767825388,8.790969848632812
1747537343.8149195,-1.4787101710709654,-4.551002632627263,5.061149597167969
1747537343.8448753,-1.4832462339689807,-4.473544077135937,10.690689086914062
1747537343.8704007,-1.5053169559603456,-4.446810025088935,7.644891738891602
1747537343.888884,-1.513155531218229,-4.419311780262032,5.393743515014648
1747537343.906855,-1.516227902998483,-4.3833781212363325,5.72657585144043
1747537343.9265733,-1.5020248215012755,-4.299989139280616,6.199121475219727
1747537343.942458,-1.495802078514362,-4.23957654726796,7.232427597045898
1747537343.9664075,-1.497357458620012,-4.1710642608317405,6.987094879150391
1747537343.9850273,-1.502522483490519,-4.128016783698977,5.085229873657227
1747537344.0004838,-1.516401010532996,-4.085158742364533,5.1784515380859375
1747537344.0178652,-1.5255494613639866,-4.037421124607613,5.007743835449219
1747537344.0443988,-1.5322122604380857,-3.9971222192813354,7.721900939941406
1747537344.0864387,-1.5433721294627845,-3.8951623271263696,13.081073760986328
1747537344.107778,-1.5474065247097413,-3.8604382637940637,8.784770965576172
1747537344.126824,-1.566396656405802,-3.7732465218722946,5.405664443969727
1747537344.1493738,-1.5761561016943109,-3.7184864480473756,5.623102188110352
1747537344.1656594,-1.584611049836405,-3.6779394025647254,4.9762725830078125
1747537344.1825132,-1.5954635294459723,-3.632951432194737,5.30695915222168
1747537344.205166,-1.5938608834572905,-3.5602270317344367,5.35273551940918
1747537344.2280328,-1.5970848690288542,-3.475125418820114,5.10096549987793
1747537344.2504911,-1.6036141544474372,-3.4239837908380593,6.445407867431641
1747537344.2820523,-1.604906820437639,-3.4086712580975673,10.729074478149414
1747537344.299545,-1.6065892278514493,-3.333470840864907,6.157875061035156
1747537344.3168824,-1.6123638497653245,-3.301698232720025,5.445718765258789
1747537344.3410645,-1.5739742663133005,-3.243783571681889,7.290840148925781
1747537344.377399,-1.557631901336142,-3.2119431309452873,9.275674819946289
1747537344.416458,-1.5251012020957408,-3.1129750772883176,6.458044052124023
1747537344.440415,-1.5146039804671543,-3.064904198563212,7.262468338012695
1747537344.4711313,-1.4771936881308687,-2.947024253346324,9.354591369628906
1747537344.4998062,-1.4620353204829373,-2.8932053216728777,10.755777359008789
1747537344.5405326,-1.4125417778065141,-2.726554679006788,9.60683822631836
1747537344.5815578,-1.3979328972484253,-2.6397170163906316,9.238719940185547
1747537344.6180673,-1.3602858969998342,-2.589895916399417,8.89134407043457
1747537344.6379473,-1.3422483085391568,-2.4983090873472316,5.3958892822265625
1747537344.6569145,-1.3081962222935137,-2.4351694451884285,6.335258483886719
1747537344.6801367,-1.2945322061660356,-2.3874145284907615,6.857156753540039
1747537344.701684,-1.2880740757562548,-2.350633613493257,6.782770156860352
1747537344.740923,-1.2372171527864213,-2.29283424202505,13.675928115844727
1747537344.7621946,-1.2187674993145605,-2.2508705680758494,8.756637573242188
1747537344.781627,-1.1802703866189452,-2.138598658776195,5.579233169555664
1747537344.8159943,-1.1635780891922436,-2.078745347369801,9.255647659301758
1747537344.8328674,-1.1577902621084162,-2.033900349350167,6.335735321044922
1747537344.8657355,-1.1220596736913873,-1.9871113635098892,10.407447814941406
1747537344.8844543,-1.101351302592097,-1.8915199664862132,5.232810974121094
1747537344.9222863,-1.0712279106791387,-1.819225134642742,9.269952774047852
1747537344.9871721,-1.0317724686846779,-1.605634319403955,12.694835662841797
1747537345.0714307,-1.0167076764916563,-1.3853107063884125,6.941556930541992
1747537345.0962594,-1.022480633515136,-1.3144463332502336,10.555267333984375
1747537345.1264417,-1.0504523297483743,-1.2546596671813206,13.936519622802734
1747537345.1629512,-1.0419282040755464,-1.097256649795659,7.299900054931641
1747537345.1811352,-1.0418986020192933,-1.0558545403075275,7.128238677978516
1747537345.205335,-1.0335119066088625,-1.0152877476846436,11.424064636230469
1747537345.2244432,-1.020128175912826,-0.964066652252008,5.906343460083008
1747537345.2560072,-1.0247491945627532,-0.9080159615499264,9.518623352050781
1747537345.2748055,-1.0202678162592942,-0.8456987338295345,7.824897766113281
1747537345.3079104,-0.9925434200416611,-0.7388519007340539,10.27822494506836
1747537345.3266435,-0.9908806434877265,-0.6797149691183441,7.515192031860352
1747537345.3578165,-0.9760608637316738,-0.607287037118329,12.1307373046875
1747537345.3870919,-0.9341268722009495,-0.5205815854684271,6.855010986328125
1747537345.4198039,-0.9114862977737074,-0.49684103803992646,10.893583297729492
1747537345.440317,-0.8430490970652269,-0.3727556368440263,5.859136581420898
1747537345.4803064,-0.8263314252806124,-0.332766082042116,9.409904479980469
1747537345.5033767,-0.7821087053130057,-0.2525720704992229,8.530616760253906
1747537345.5221014,-0.7686876797423673,-0.22384836977426878,5.706548690795898
1747537345.5393271,-0.7212251374478138,-0.17784955879145883,5.429983139038086
1747537345.5670927,-0.6836692700375556,-0.14355355422231209,7.893085479736328
1747537345.5875957,-0.6668611902391898,-0.13073830847876547,9.495019912719727
1747537345.6354604,-0.6154976297640088,-0.04582919448129355,5.748987197875977
1747537345.652,-0.5894851406780804,-0.004340315715927146,5.7048797607421875
1747537345.6839397,-0.5312866626709555,0.06102707630728862,9.444713592529297
1747537345.7127995,-0.49376952593186074,0.08612101825937432,5.409955978393555
1747537345.7300293,-0.48176206525330295,0.13106163339787588,7.502079010009766
1747537345.7482202,-0.45393057837792344,0.16894248256063096,5.223989486694336
1747537345.7768521,-0.42919440008978854,0.19266864083128496,5.729913711547852
1747537345.8258917,-0.30187459189366256,0.2508742632453385,17.3492431640625
1747537345.9452705,-0.06381319026043304,0.3416142741245829,8.203983306884766
1747537345.9604094,0.007817303980262218,0.34207369862413506,5.266666412353516
1747537345.98695,0.03947784360300272,0.3377904587261307,9.977579116821289
1747537346.0240545,0.10653798956036141,0.3398278607530278,8.997678756713867
1747537346.0409544,0.13579147647759665,0.337117699501653,5.506038665771484
1747537346.057089,0.17570224710182009,0.332046803305766,6.325483322143555
1747537346.073204,0.20172376061318836,0.32693827121758956,5.214214324951172
1747537346.0988045,0.2237929638829563,0.3190273347355666,5.158424377441406
1747537346.117115,0.2382301559191682,0.31711934999383695,7.391691207885742
1747537346.1428921,0.3115216320801605,0.30370307505643745,5.3157806396484375
1747537346.1624515,0.34686779129649437,0.29556335526483546,5.092620849609375
1747537346.1916647,0.4355815240830474,0.3141436240105,6.19196891784668
1747537346.2332146,0.5655124038538334,0.3341630455272272,7.239341735839844
1747537346.2789645,0.7011030251046717,0.3331831118751192,9.922504425048828
1747537346.3075633,0.7994354110391501,0.32351265513195154,5.953550338745117
1747537346.3282433,0.8961665519646788,0.319509055051703,5.474567413330078
1747537346.354027,0.9557081806895859,0.3185584827412773,7.214069366455078
1747537346.3756979,1.065168651705938,0.30317528348961714,5.049228668212891
1747537346.3951385,1.0817150038923442,0.2834554617408693,4.998445510864258
1747537346.417728,1.1129785800864511,0.26352892622624274,4.829883575439453
1747537346.474559,1.2207921423269137,0.20039560178490035,9.788990020751953
1747537346.4948487,1.2617365467792525,0.18899737274917122,8.0108642578125
1747537346.5177648,1.3755130470052368,0.1287031261987828,4.770040512084961
1747537346.546815,1.4310874748248243,0.0949132912695479,10.626792907714844
1747537346.569539,1.4624850045954803,0.08280769784692427,4.825353622436523
1747537346.5993524,1.5227235705948408,0.025826615374559107,6.685733795166016
1747537346.617644,1.5387230645615169,0.0008631294509435228,5.394458770751953
1747537346.639797,1.57122610504501,-0.04450757583000215,4.68754768371582
1747537346.660693,1.6405842882070651,-0.07401025345918348,5.009651184082031
1747537346.6893501,1.6997713035577802,-0.09637085084585023,7.240533828735352
1747537346.740302,1.8172218469659236,-0.182460396041068,7.100820541381836
1747537346.7598226,1.903480935429805,-0.24219691982820282,6.738901138305664
1747537346.7807684,1.9565521412463307,-0.3284539629383733,6.021976470947266
1747537346.801962,1.9892550434628744,-0.3781677196116082,5.6972503662109375
1747537346.8230777,2.0028334898632654,-0.4054165893503912,5.326986312866211
1747537346.8556552,2.011963066513217,-0.44395884773179184,7.888078689575195
1747537346.8772726,2.0979078222274183,-0.5078111937425118,6.004810333251953
1747537346.9116766,2.136221571287218,-0.5294632531900955,11.224746704101562
1747537346.932258,2.2131160828165584,-0.5895716443991662,7.234096527099609
1747537346.9658678,2.3617808573639807,-0.6882022006951772,9.202718734741211
1747537347.0162654,2.422619846147068,-0.7927296920477537,11.05642318725586
1747537347.057637,2.469965689084831,-0.8995281675441179,7.594108581542969
1747537347.0759645,2.526687745279992,-0.9918782640834879,5.895376205444336
1747537347.1049063,2.5506344360669346,-1.02404100921498,10.928153991699219
1747537347.152519,2.5690208606254177,-1.1479512204976006,18.465757369995117
1747537347.1975636,2.5596771387930994,-1.2507462467390884,14.559030532836914
1747537347.248176,2.5714648876287987,-1.360469360960945,23.695945739746094
1747537347.299188,2.5660163333670227,-1.5135393282989626,11.884212493896484
1747537347.3412352,2.5371404298548765,-1.61565692299829,17.763376235961914
1747537347.3804948,2.5864812442587812,-1.7719791790923516,9.056568145751953
1747537347.4239702,2.644467338260459,-1.878201751181389,6.978273391723633
1747537347.460111,2.6689917862366968,-1.9247207289444819,9.242534637451172
1747537347.4998963,2.658477449684735,-2.0024599624589348,9.635448455810547
1747537347.5427852,2.6850802126521134,-2.1529643178938835,7.42340087890625
1747537347.5837414,2.669802140263876,-2.2578352858932385,6.642818450927734
1747537347.6235118,2.645793842218709,-2.2926906919007157,9.596586227416992
1747537347.6560485,2.6057411314034247,-2.386998259944244,8.513450622558594
1747537347.6831703,2.5713496583194737,-2.482647386128471,7.222652435302734
1747537347.7096863,2.543876675891092,-2.5220743486152823,6.448507308959961
1747537347.7341762,2.5280568752388164,-2.5650908670745487,6.6699981689453125
1747537347.7557728,2.4687583325551232,-2.6540364966411234,5.49769401550293
1747537347.7820172,2.4248195315028642,-2.716271221627151,6.708621978759766
1747537347.8110452,2.391847552129064,-2.777201571610467,7.511377334594727
1747537347.8321764,2.36511342173806,-2.8313684765853964,5.923032760620117
1747537347.8510625,2.3532031521266434,-2.8610766312031903,6.026268005371094
1747537347.8722703,2.307119541580734,-2.951726295803353,5.699396133422852
1747537347.8957047,2.289868798260189,-3.0104012320387024,8.036613464355469
1747537347.9162931,2.2826419578269133,-3.0468800721361156,6.908416748046875
1747537347.9379325,2.2901626340410854,-3.0867385465627386,5.673408508300781
1747537347.961837,2.278005015425959,-3.140897821990627,8.27336311340332
1747537347.9869905,2.264728476064942,-3.18854378190392,5.382776260375977
1747537348.0092647,2.2622969628949416,-3.2288694108154834,6.38580322265625
1747537348.0272381,2.2632947690389287,-3.255457583461154,5.391359329223633
1747537348.0449722,2.2650336661191037,-3.2951560260416315,5.334615707397461
1747537348.064122,2.2650423169207796,-3.3044382565595365,5.1250457763671875
1747537348.083748,2.2675851570714967,-3.328776791007086,7.829427719116211
1747537348.1057544,2.2685583001775758,-3.371652229980746,7.831573486328125
1747537348.126137,2.279884043403657,-3.388234959027544,5.957365036010742
1747537348.1490285,2.3253115020327884,-3.519364631754198,6.880998611450195
1747537348.1701398,2.3534398717509695,-3.568975530256381,7.338047027587891
1747537348.1949348,2.4034639900921606,-3.672713165950928,6.518840789794922
1747537348.219465,2.436526094078008,-3.7175761590132685,8.082151412963867
1747537348.2462416,2.4633063497752112,-3.761576556184144,8.900880813598633
1747537348.2680426,2.5056699818258936,-3.8004302542170225,5.487918853759766
1747537348.2907603,2.5560457746342595,-3.8434349626114264,5.653619766235352
1747537348.3122776,2.5969955212897897,-3.883792731474945,6.115198135375977
1747537348.3376336,2.651212036893788,-3.9327436191756844,7.61723518371582
1747537348.3678298,2.697000021968308,-3.9654738731159287,5.037784576416016
1747537348.3926475,2.719378637832964,-3.985865173045847,6.810903549194336
1747537348.4092038,2.7266016355173344,-3.991467818338292,5.939483642578125
1747537348.4305673,2.7576603226788916,-4.018569186205508,6.885051727294922
1747537348.4483757,2.8517440630943214,-4.050761685247679,5.045413970947266
1747537348.4653084,2.9374116985399876,-4.082189949713999,6.4754486083984375
1747537348.4815514,2.987891930498043,-4.10105225731573,5.341291427612305
1747537348.5028932,3.026916684480163,-4.115374134063391,5.72967529296875
1747537348.5290499,3.12099424148721,-4.135128116144544,8.021116256713867
1747537348.569116,3.1879771002004818,-4.158498843593819,13.965845108032227
1747537348.6037521,3.2914139058636604,-4.200600259214145,20.763397216796875
1747537348.6377633,3.3728946954813646,-4.252483614371653,9.730100631713867
1747537348.67806,3.487692327386795,-4.336710714117652,7.403850555419922
1747537348.7242622,3.5762264046997245,-4.426371135240246,6.325244903564453
1747537348.7572877,3.6172704543521306,-4.482926712424622,7.641315460205078
1747537348.789037,3.675309252619217,-4.562766953675655,7.036447525024414
1747537348.8310208,3.7290240397644103,-4.651327059264279,10.020971298217773
1747537348.8564115,3.7484896029746286,-4.686878360304949,5.246162414550781
1747537348.8743129,3.7608038283279415,-4.709248684252912,4.923343658447266
1747537348.88961,3.761013566771724,-4.734239842281415,5.455732345581055
1747537348.9143019,3.764571141042438,-4.753998407236435,6.200313568115234
1747537348.944278,3.7923648404956216,-4.840769387646988,8.638858795166016
1747537348.9633873,3.8084634300714812,-4.901967152442856,5.1441192626953125
1747537348.9840033,3.8189795081579865,-4.935990305661415,4.936933517456055
1747537349.0018954,3.8228387525485963,-4.9828781149617285,8.292436599731445
1747537349.016251,3.8256684980048736,-5.021664622810775,5.081892013549805
1747537349.0414839,3.8340490320096063,-5.068609051564848,6.126165390014648
1747537349.0703256,3.819369311243338,-5.115370936310148,6.994962692260742
1747537349.0860546,3.8046541834012597,-5.1674021583543475,6.320714950561523
1747537349.1157088,3.7922446132856322,-5.209441590428585,7.390022277832031
1747537349.1375048,3.816424709875883,-5.28362280805058,7.251977920532227
1747537349.153937,3.8245595744588337,-5.335614339574709,6.4830780029296875
1747537349.1739495,3.826930294807074,-5.378085945468443,8.559942245483398
1747537349.1952949,3.825973367183943,-5.4023643538024855,6.382942199707031
1747537349.2278678,3.8053594157863477,-5.482386880659744,7.483482360839844
1747537349.2562516,3.7931066416669594,-5.510817439685763,14.064788818359375
1747537349.2754705,3.7734009652382783,-5.571440191336863,8.110523223876953
1747537349.303176,3.7344623029317483,-5.648373988845517,5.950450897216797
1747537349.3240297,3.7087351667566333,-5.683997008226002,6.1588287353515625
1747537349.350116,3.6804995734929977,-5.737612976043682,6.328582763671875
1747537349.377636,3.6428554662184514,-5.7812542490001135,13.285398483276367
1747537349.4762392,3.574243020022719,-5.909852076870677,14.717578887939453
1747537349.5229435,3.4806097333531696,-6.126250833686375,5.655527114868164
1747537349.5493214,3.458075481730345,-6.1780164815737875,7.055521011352539
1747537349.5676918,3.4248707390654083,-6.22363043345385,5.137920379638672
1747537349.5851898,3.3868011980568644,-6.266446405859666,6.090402603149414
1747537349.6073396,3.3292155374468977,-6.316622387907516,5.896329879760742
1747537349.6518958,3.2557091117876182,-6.372146151550937,11.199712753295898
1747537349.686527,3.1798089415204673,-6.470186909054327,8.227348327636719
1747537349.713458,3.141296953869997,-6.506468249302288,8.101463317871094
1747537349.7419906,3.101329528786668,-6.543605842087407,11.327505111694336
1747537349.7676325,3.0254382668808852,-6.589391280090602,7.992982864379883
1747537349.79754,2.9757254298110793,-6.624186834428912,10.1165771484375
1747537349.82649,2.8581366920511746,-6.671561366000273,7.261753082275391
1747537349.847548,2.8023486508015574,-6.684781911716286,6.4716339111328125
1747537349.8720949,2.7345572357875563,-6.707997189798572,11.814355850219727
1747537349.8958864,2.622864780695667,-6.754946699230271,6.83903694152832
1747537349.9153693,2.5482034145161965,-6.7782183572800685,6.946086883544922
1747537349.946103,2.4831303231080035,-6.786858358534582,10.749340057373047
1747537349.9711487,2.4431777197650564,-6.791922208994766,9.242057800292969
1747537349.9976532,2.3956849710926957,-6.778798729522064,8.198976516723633
1747537350.0267324,2.3655997055831035,-6.766651384487901,10.634660720825195
1747537350.0569057,2.3120031402345074,-6.7740115999311525,14.379739761352539
1747537350.0801058,2.278256666377543,-6.773758847288378,7.972955703735352
1747537350.1052399,2.1870654634349576,-6.772220616653082,6.742000579833984
1747537350.1234326,2.1367036269245974,-6.762519566351212,6.331205368041992
1747537350.1520386,2.0770870520635465,-6.7489870367238405,8.314371109008789
1747537350.1819618,1.9451509433651866,-6.729182754120737,6.780862808227539
1747537350.2088466,1.9004602022566142,-6.725470116671105,8.849382400512695
1747537350.2301264,1.8511310458969548,-6.715110048131362,7.693290710449219
1747537350.2594833,1.759520057147757,-6.711487583975046,8.133172988891602
1747537350.2860267,1.7122130324451963,-6.695352416372837,6.537437438964844
1747537350.307038,1.6785636025050934,-6.679782640684635,7.02357292175293
1747537350.3362083,1.6388347738893088,-6.667104480911387,8.955240249633789
1747537350.368063,1.5520122371635556,-6.646443463639971,7.999897003173828
1747537350.3947282,1.4468437776801675,-6.61706387048879,5.0983428955078125
1747537350.4191813,1.4024361546894895,-6.584989525635057,5.733728408813477
1747537350.4424832,1.3680670588457877,-6.5638052633797805,7.709264755249023
1747537350.4643152,1.3340190301295043,-6.551312997165494,5.490541458129883
1747537350.4872632,1.3322356917678975,-6.5133810884734205,6.095647811889648
1747537350.5079513,1.330917375164956,-6.491407718783244,5.732059478759766
1747537350.526835,1.3072454145826542,-6.471570309876651,6.473779678344727
1747537350.5546706,1.2766646224083307,-6.432605068518626,10.418176651000977
1747537350.5812905,1.206980628034239,-6.402903594989122,6.987810134887695
1747537350.6011825,1.1876320570961914,-6.3929716704871336,6.649017333984375
1747537350.6260722,1.1584102782163352,-6.373671333142732,9.818553924560547
1747537350.649384,1.1284628421626977,-6.366265376137532,7.390022277832031
1747537350.6662493,1.1083277513111558,-6.362360197272707,5.780696868896484
1747537350.686436,1.051493715039317,-6.353728936309985,4.849433898925781
1747537350.7115788,1.0034294032361397,-6.355169262868155,9.6282958984375
1747537350.7293122,0.9583128406482145,-6.357169192379584,6.763696670532227
1747537350.7508247,0.8989520186878278,-6.367667122472226,7.33184814453125
1747537350.7671335,0.8544914540674226,-6.3766907477882695,5.615472793579102
1747537350.7900648,0.807829211648494,-6.3811836461238,7.648944854736328
1747537350.9569364,0.352411529113839,-6.412476122827431,20.45440673828125
1747537350.980852,0.23486049200126477,-6.442262049986089,6.317853927612305
1747537351.004381,0.17006994743582843,-6.464437228727438,5.915641784667969
1747537351.032386,0.11118906224286892,-6.484514393941752,8.677482604980469
1747537351.0470884,0.04061996959756303,-6.497617181231241,5.240201950073242
1747537351.0724633,-0.007759665757172769,-6.5095124528856765,7.381677627563477
1747537351.0891387,-0.047979036605670766,-6.512426562454496,5.819082260131836
1747537351.1056159,-0.08168021167778604,-6.5120523768545375,5.955219268798828
1747537351.1251724,-0.11495392482355218,-6.5080262549449115,6.191730499267578
1747537351.1457632,-0.15759901648528157,-6.52811081046119,5.8879852294921875
1747537351.16209,-0.14529286986525822,-6.548538246771334,5.755424499511719
1747537351.1833577,-0.14007109140903412,-6.553518308086113,6.704092025756836
1747537351.2005112,-0.1656852447031889,-6.558205617322859,5.789756774902344
1747537351.2186284,-0.1793585148033942,-6.556220562854023,6.338596343994141
1747537351.259096,-0.22236609222263068,-6.5571562466280655,9.910821914672852
1747537351.2976708,-0.3058497657684075,-6.548696101373551,12.08186149597168
1747537351.3174026,-0.3207896413191298,-6.538549634220098,6.4792633056640625
1747537351.3379898,-0.3603716365495386,-6.530320713949172,8.363723754882812
1747537351.3585417,-0.38918996587566396,-6.512782484871432,6.522417068481445
1747537351.385857,-0.4550098103720397,-6.482397662075378,6.907224655151367
1747537351.4325101,-0.5064472068810872,-6.473490479122234,12.099742889404297
1747537351.4718592,-0.5753996293489724,-6.441091261818763,9.52768325805664
1747537351.5140631,-0.6617743660849339,-6.395725636344305,9.597539901733398
1747537351.5578256,-0.7337143038635072,-6.368913798588449,10.005712509155273
1747537351.5796092,-0.749443348782337,-6.364968872186664,10.082483291625977
1747537351.6037967,-0.8189303856718466,-6.3379284343341675,9.874582290649414
1747537351.6278136,-0.9095100322724572,-6.289786958598648,9.53221321105957
1747537351.6438382,-0.946037783286658,-6.264967371040532,5.195379257202148
1747537351.6610734,-0.9878673161826659,-6.237581671175352,5.249977111816406
1747537351.6857126,-1.0351514962157629,-6.2004245115897305,9.741067886352539
1747537351.7039022,-1.075249993862604,-6.16634934561447,5.222320556640625
1747537351.7203503,-1.1181648201295342,-6.130853110265325,5.430936813354492
1747537351.7437842,-1.1651671677136464,-6.08308478807079,6.196737289428711
1747537351.7624292,-1.1885324216514093,-6.052068957752349,6.753444671630859
1747537351.7793205,-1.22259764635965,-6.008350908952161,5.790948867797852
1747537351.8004463,-1.2413773097095848,-5.978641759950306,5.587100982666016
1747537351.8228555,-1.2770128042963778,-5.928564517322253,6.656885147094727
1747537351.8431375,-1.2950665543573614,-5.891764283157403,6.760358810424805
1747537351.8626747,-1.316385526634237,-5.849507008353212,7.5321197509765625
1747537351.8899343,-1.3451335710836985,-5.822409764180424,7.965326309204102
1747537351.9099739,-1.3611351541558059,-5.7902077601565995,6.220817565917969
1747537351.9308007,-1.372914609620091,-5.754585984102692,6.391048431396484
1747537351.953407,-1.3887141350689125,-5.701160665188181,6.390094757080078
1747537351.9701016,-1.4004516858462028,-5.653248060730978,6.464719772338867
1747537351.987499,-1.4128958739580877,-5.606135701891664,5.87010383605957
1747537352.006303,-1.4277739012193222,-5.560114099395116,7.679224014282227
1747537352.029825,-1.4389831709693917,-5.519027163206211,7.870197296142578
1747537352.05463,-1.4520064932451386,-5.454927774675473,8.341073989868164
1747537352.0744536,-1.4565417364121773,-5.406692176070778,7.6694488525390625
1747537352.1009762,-1.4642639970469065,-5.309846603639125,7.40504264831543
1747537352.1225872,-1.459617564584117,-5.257336818169363,6.214618682861328
1747537352.1442788,-1.4532160295462648,-5.20198586598354,8.86082649230957
1747537352.1627135,-1.4657767230804075,-5.090687861909597,5.501270294189453
1747537352.1819696,-1.484093892234683,-5.009313176999892,7.140398025512695
1747537352.2037625,-1.4926552249264897,-4.964982298892391,7.864713668823242
1747537352.2267432,-1.4883796610522306,-4.894879028281,5.445718765258789
1747537352.2460213,-1.4908771373232692,-4.843280578949318,8.173704147338867
1747537352.2628803,-1.4925954886219341,-4.805430582889177,5.190610885620117
1747537352.2827606,-1.5005050690333974,-4.75131071212924,5.893230438232422
1747537352.3065321,-1.5034181444443173,-4.695140521059694,6.865024566650391
1747537352.3242226,-1.5071687899329218,-4.653019557867723,5.367279052734375
1747537352.3442416,-1.500261014717322,-4.592481632146047,5.595922470092773
1747537352.3656034,-1.5059996860357836,-4.5169993678610085,7.274150848388672
1747537352.3831277,-1.510083078409818,-4.470266190035626,5.19561767578125
1747537352.406702,-1.5213660916282619,-4.431858627999928,9.615421295166016
1747537352.4467645,-1.5157546165617586,-4.313183783901415,11.684417724609375
1747537352.4998372,-1.50345801352107,-4.179383105321258,6.598711013793945
1747537352.5278769,-1.5062871495947756,-4.078922922268243,6.463527679443359
1747537352.567809,-1.5222855393547503,-4.02973505770574,11.761903762817383
1747537352.66911,-1.4720808613415228,-3.700886882598597,13.041257858276367
1747537352.743813,-1.3842038331137754,-3.491393218902784,6.121158599853516
1747537352.765058,-1.3622231917123544,-3.4381978143162364,6.812810897827148
1747537352.7819526,-1.3553942820107971,-3.3937580576047335,6.06083869934082
1747537352.8052115,-1.3170914499181285,-3.342941218320683,7.270574569702148
1747537352.8222327,-1.3033447640886244,-3.277745008494163,5.822420120239258
1747537352.841654,-1.3053228053155925,-3.2205178861847266,7.163524627685547
1747537352.8624334,-1.3104186534856697,-3.185285574545746,8.094310760498047
1747537352.8778517,-1.2810990505630775,-3.141342203037527,5.351066589355469
1747537352.8983977,-1.2675425640660252,-3.0917787367770826,4.797697067260742
1747537352.931877,-1.262791588481798,-3.0585195850009232,13.922929763793945
1747537352.9723258,-1.229858228657801,-2.9683581501381853,9.035587310791016
1747537353.0220237,-1.209290579590103,-2.8578823576935637,13.919591903686523
1747537353.0675006,-1.2076376056767064,-2.7576653969505234,11.548280715942383
1747537353.093687,-1.2048177715525161,-2.6466328646261186,9.849071502685547
1747537353.1107917,-1.2214011763720933,-2.575533222861606,5.237817764282227
1747537353.1300583,-1.2294704090593358,-2.5406367645263024,8.015871047973633
1747537353.1537988,-1.2464700258638315,-2.49289970932627,8.160114288330078
1747537353.1736054,-1.2595554157099471,-2.4683515288396802,7.323265075683594
1747537353.1939294,-1.2638645270951996,-2.429942488571529,5.953073501586914
1747537353.2235334,-1.2831508492116843,-2.338197058579078,8.029460906982422
1747537353.2463703,-1.2844528829732107,-2.2763069644907237,6.894826889038086
1747537353.2663727,-1.2930261481580219,-2.212707968828206,6.527900695800781
1747537353.2875671,-1.2912559874676734,-2.1602232229378275,8.905410766601562
1747537353.3099406,-1.2907319163849016,-2.1173437092307785,8.979320526123047
1747537353.351287,-1.297318843650386,-1.988616946270534,12.31241226196289
1747537353.3984783,-1.2491933504730877,-1.8725708970865445,6.400108337402344
1747537353.4135268,-1.2134613364214262,-1.8003055752168016,5.395412445068359
1747537353.4286847,-1.192588348566793,-1.7394884276476261,5.2127838134765625
1747537353.4443202,-1.1827613097288452,-1.6877739468996487,5.035638809204102
1747537353.4623375,-1.1614655076683549,-1.6235269941386268,5.204200744628906
1747537353.4783487,-1.1457234306793136,-1.571202601864736,5.181312561035156
1747537353.4992208,-1.135058359918948,-1.5213180915036022,5.237340927124023
1747537353.5223837,-1.1262855973879393,-1.4691686110279105,6.556987762451172
1747537353.5447116,-1.118638835744173,-1.4204775696939211,9.94873046875
1747537353.57603,-1.090353638713763,-1.3658727297978583,7.463932037353516
1747537353.5989108,-1.0685859581189432,-1.3216337117871155,5.997896194458008
1747537353.6170683,-1.0371417532153435,-1.261333834198696,7.385492324829102
1747537353.640968,-0.9994481099170512,-1.192613033317794,6.914377212524414
1747537353.6615272,-0.9678436189811813,-1.1293770624345183,7.167816162109375
1747537353.690078,-0.8972324999623064,-1.0778749395129086,7.199525833129883
1747537353.7085521,-0.8517863025302402,-1.0403649425971313,6.06083869934082
1747537353.728454,-0.8190181017810644,-1.0120525415981954,9.035348892211914
1747537353.753015,-0.792898188407834,-0.9831479390260853,9.573936462402344
1747537353.7741575,-0.7223804660387847,-0.9520593358869818,8.769750595092773
1747537353.7983425,-0.663762124381397,-0.9252135546073837,12.091875076293945
1747537353.8173559,-0.6205765114567597,-0.9080144017598085,8.80289077758789
1747537353.8358843,-0.5624932195346797,-0.895345698105798,7.903814315795898
1747537353.852875,-0.528075495142879,-0.8840366320115787,5.919456481933594
1747537353.875441,-0.5051306873988828,-0.8734615369250933,7.437944412231445
1747537353.9051504,-0.4175855360032352,-0.8612099246057099,9.952068328857422
1747537353.9268692,-0.3871500386619757,-0.8497190134865511,6.640434265136719
1747537353.9503498,-0.32608848332061674,-0.8135891320984072,6.730794906616211
1747537353.9668632,-0.29323514195830713,-0.7911305639685818,5.784273147583008
1747537353.9830303,-0.2597926842682973,-0.7692020374327704,6.546735763549805
1747537354.003315,-0.22452685184105345,-0.7536350320893861,7.776498794555664
1747537354.0233083,-0.17711892691164247,-0.7582024611061818,7.125377655029297
1747537354.0465229,-0.11798047583560986,-0.7581106074266662,6.564617156982422
1747537354.0636153,-0.07378535704033751,-0.7594128524845347,5.840301513671875
1747537354.0866945,-0.02273594367067263,-0.7556828611968166,6.153345108032227
1747537354.1188326,0.05598173831457299,-0.7433157740501232,6.866216659545898
1747537354.1403654,0.10327164484325291,-0.7415213959354496,6.672382354736328
1747537354.1633074,0.17159351455262528,-0.7345888233347152,7.366657257080078
1747537354.1823308,0.2145175035663867,-0.7340372747242858,6.425142288208008
1747537354.19925,0.2436149907063529,-0.7301127752657534,5.963802337646484
1747537354.2210264,0.314729562322422,-0.7366496757424275,6.30497932434082
1747537354.2605414,0.3730000237661996,-0.7410176401124225,10.472297668457031
1747537354.311562,0.4947101189993136,-0.7582699781182153,12.539386749267578
1747537354.3370168,0.5244685200470335,-0.7591408453470474,7.901668548583984
1747537354.352961,0.5291319413087882,-0.7450494785490146,5.673885345458984
1747537354.3731675,0.5097088711890976,-0.7382727624306888,5.903959274291992
1747537354.3904195,0.5476867926952792,-0.7358309208384518,6.7386627197265625
1747537354.4099722,0.5905930344575111,-0.7330154775696534,5.965232849121094
1747537354.4310436,0.6272251702007535,-0.721958038345481,8.338689804077148
1747537354.453907,0.6589221514013643,-0.7151470055376923,6.796121597290039
1747537354.4729838,0.6867627413890605,-0.7081644765126008,6.309747695922852
1747537354.4888172,0.7134851306567647,-0.7026862616852535,5.817413330078125
1747537354.5484884,0.8291205667718738,-0.6824988972592227,14.643669128417969
1747537354.578146,0.8706880277460021,-0.6697439521342422,8.25357437133789
1747537354.610456,0.9546036841000844,-0.6779745481581619,11.391162872314453
1747537354.6403987,1.0329048999824708,-0.6792286547718271,5.580902099609375
1747537354.6627107,1.067160158968382,-0.6805847829533448,7.158041000366211
1747537354.6821399,1.095439131619223,-0.6809826060725707,6.166696548461914
1747537354.7024782,1.1242499236615018,-0.6828089601461216,5.3882598876953125
1747537354.722559,1.154955020995937,-0.6853823218232229,5.495548248291016
1747537354.7431421,1.1744887654137517,-0.696874108088619,7.51495361328125
1747537354.7615478,1.1961300043541976,-0.7028205542776961,7.572174072265625
1747537354.778716,1.2115642310509707,-0.7072110607658625,5.489349365234375
1747537354.8017297,1.2234762479168588,-0.7130390182025031,11.540412902832031
1747537354.8262854,1.2451704925721159,-0.7114434638109688,7.06171989440918
1747537354.8553689,1.2634133681541004,-0.7133974322766016,6.846904754638672
1747537354.874099,1.254539833675867,-0.7282719197722859,6.279945373535156
1747537354.8907871,1.2501092023595362,-0.7381246790495791,5.752086639404297
1747537354.906274,1.229707869190531,-0.7455302739345431,5.367755889892578
1747537354.9220092,1.2027734079146402,-0.7523394936483109,5.912303924560547
1747537354.9413793,1.1994253881486343,-0.7780993830072339,6.178379058837891
1747537354.9641387,1.2001702152211462,-0.7870392173885109,4.914522171020508
1747537354.9836733,1.1989794151603894,-0.7929473986397283,5.544900894165039
1747537355.006909,1.1986677885510497,-0.7963271669590753,4.024744033813477
1747537355.023513,1.1989919027492122,-0.7991649796723489,3.7336349487304688
1747537355.042503,1.1958673354912401,-0.8023924069654852,4.541158676147461
1747537355.056345,1.199347455444526,-0.8037826110727135,3.5505294799804688
1747537355.0773451,1.2013010235690942,-0.8047175919836407,4.090547561645508
1747537355.1042018,1.1991946701902076,-0.8066027852007112,7.91621208190918
1747537355.1233122,1.2016100489139783,-0.8078239486028164,5.548715591430664
1747537355.1383154,1.2024798665431522,-0.8083096872806439,3.484487533569336
1747537355.1593223,1.2069524633588264,-0.8100552131000839,5.237102508544922
1747537355.1777942,1.20489391088988,-0.8117733274191569,3.9479732513427734
1747537355.196346,1.2023710164141042,-0.8125203165065065,3.4132003784179688
1747537355.2113307,1.2074386622242241,-0.8129238807294462,3.4437179565429688
1747537355.233167,1.2115436532421529,-0.8114072888339859,4.823923110961914
1747537355.2594364,1.2040180966883618,-0.8073985032099458,5.587577819824219
1747537355.2815692,1.1952872290365546,-0.798411860223097,6.074190139770508
1747537355.299364,1.1823426780824249,-0.7608198994028668,5.039453506469727
1747537355.32129,1.1832267377607095,-0.7447522601990407,5.523443222045898
1747537355.338687,1.211920539125748,-0.7210698306354324,5.6209564208984375
1747537355.3616197,1.196928252517568,-0.71572022310203,7.651567459106445
1747537355.3860383,1.1939252201456234,-0.7109927574662133,6.387948989868164
1747537355.4067686,1.1845018084502508,-0.708828533285446,8.520126342773438
1747537355.4268188,1.2396030961304931,-0.6925185925141205,7.785320281982422
1747537355.4473524,1.268280103735739,-0.6818253928507182,5.532741546630859
1747537355.4667263,1.290067543221658,-0.6761220827835379,5.624532699584961
1747537355.485698,1.3125536881813864,-0.673470314162743,5.682945251464844
1747537355.5104089,1.3254917962234962,-0.6745937340546396,5.595922470092773
1747537355.5272965,1.3392952202691821,-0.6758849719390315,5.959749221801758
1747537355.5435138,1.3634194910269282,-0.6756398668576974,5.504608154296875
1747537355.5668836,1.3370010776803238,-0.6722590377094421,5.990028381347656
1747537355.5851908,1.3036984671836993,-0.6712650380748266,6.241798400878906
1747537355.6062243,1.272686979198702,-0.6693286686367491,8.338451385498047
1747537355.6302183,1.2536876941396382,-0.6671116633421444,7.955789566040039
1747537355.6569781,1.243003323859227,-0.6665216977087421,5.660772323608398
1747537355.673818,1.236470925701941,-0.6653659980734618,5.734920501708984
1747537355.6930914,1.2625665496759464,-0.6644160287854898,7.5531005859375
1747537355.7299893,1.2697289229795574,-0.6651683850303607,8.50534439086914
1747537355.7589836,1.268905659443477,-0.663831666602822,6.232023239135742
1747537355.7832148,1.2694151700009968,-0.6631552800019068,6.865978240966797
1747537355.8477461,1.2865974119432313,-0.6638266500588437,6.042718887329102
1747537355.8764644,1.3575311722035068,-0.6670506538838806,12.679338455200195
1747537355.902418,1.434099769051407,-0.6710945576764819,7.25102424621582
1747537355.9265208,1.4778021106209334,-0.6740387415990254,11.759281158447266
1747537355.9797375,1.4591861850130745,-0.6724145850589357,9.922027587890625
1747537355.9953344,1.4484939297755075,-0.6713682981828896,5.915641784667969
1747537356.0129344,1.4684362234753774,-0.6728082390209791,6.249189376831055
1747537356.029496,1.5522512957980843,-0.6786623738711993,6.466865539550781
1747537356.070818,1.6445968409984024,-0.6893502478585827,15.438556671142578
1747537356.1020489,1.675706711061279,-0.6855602272242307,5.83195686340332
1747537356.1203072,1.7062529592737612,-0.6785340123853947,6.072759628295898
1747537356.1394951,1.725300886561237,-0.6731398822372182,5.733013153076172
1747537356.1586099,1.7606997215490017,-0.6696423143078094,5.594015121459961
1747537356.181775,1.7847530521750323,-0.6682155782938063,8.423328399658203
1747537356.203815,1.8021203967846997,-0.6678931600369141,6.970405578613281
1747537356.223271,1.8152674131869053,-0.6735689355351866,5.826234817504883
1747537356.2437732,1.8270450965507445,-0.6798438620966673,8.42738151550293
1747537356.2612813,1.8364377626187314,-0.6868073654140169,5.8994293212890625
1747537356.2796707,1.844921433138063,-0.6975423546290508,6.069183349609375
1747537356.299,1.848108101767112,-0.7047374396079257,5.759716033935547
1747537356.3216853,1.850726965446504,-0.708056967314034,5.861043930053711
1747537356.3420534,1.8528921598634076,-0.7205747734981578,6.509065628051758
1747537356.3775868,1.8600403622320427,-0.7293244254579737,16.649484634399414
1747537356.4048536,1.8652554702587774,-0.7263891754526788,6.505489349365234
1747537356.4326952,1.8640567346245267,-0.7224745466853799,9.336233139038086
1747537356.450342,1.862262392012999,-0.7187740410774882,6.144046783447266
1747537356.4725068,1.8609382058905728,-0.7196156191996871,6.341218948364258
1747537356.5153556,1.8599347366837897,-0.7191011226947884,17.871379852294922
1747537356.5737777,1.8678956853996,-0.7143608514857595,12.038946151733398
1747537356.6378262,1.8765114208372071,-0.7148606005586753,14.651775360107422
1747537356.6552763,1.885232003382477,-0.7159043983383678,6.098747253417969
1747537356.6730304,1.8861395373088565,-0.7207458529837034,6.127595901489258
1747537356.692529,1.8953204455625563,-0.7267758997259918,7.872819900512695
1747537356.7121108,1.908703921227233,-0.7343130340962092,6.164073944091797
1747537356.7572124,1.9160667459055416,-0.7323468992311558,6.986379623413086
1747537356.7752066,1.923288674383394,-0.7312580325454336,5.946636199951172
1747537356.8019392,1.9303118445449345,-0.7289733845952513,11.190652847290039
1747537356.821485,1.9309618919830758,-0.7238852711183861,7.006168365478516
1747537356.8437371,1.931651458318588,-0.7188285873990027,10.162830352783203
1747537356.8773205,1.929019260687658,-0.7226901991683129,9.153366088867188
1747537356.911032,1.9284938672964684,-0.7261172794220637,7.424116134643555
1747537356.9325256,1.9342687807973342,-0.7297932354040988,6.769418716430664
1747537356.950428,1.9355559795714652,-0.733125815442212,6.134033203125
1747537356.9661481,1.9392225598708779,-0.7373537771250647,5.941152572631836
1747537356.9849973,1.9429214837787512,-0.7399349829741342,5.9871673583984375
1747537357.0117393,1.948061299651705,-0.7409186805360897,10.239362716674805
1747537357.0347192,1.9534505495926655,-0.7413678104565194,6.665229797363281
1747537357.0574367,1.957434168168977,-0.7433679118276687,11.612415313720703
1747537357.0771067,1.9602201957805474,-0.7431850548790503,6.303548812866211
1747537357.0991719,1.9608196641178153,-0.7421428032774497,6.045818328857422
1747537357.1194942,1.9652184660766467,-0.7410065085924818,6.1588287353515625
1747537357.1423163,1.9727837758046967,-0.7403771692570466,8.498430252075195
1747537357.1683235,1.9720853982331512,-0.7368026492681747,8.601903915405273
1747537357.197589,1.973045113128621,-0.7318357594066001,9.059667587280273
1747537357.230276,1.9700206924618147,-0.7270406462316239,8.504629135131836
1747537357.2504811,1.9682669108736703,-0.7189025577805771,7.7686309814453125
1747537357.2701828,1.9664548477753396,-0.7113047046665077,6.487846374511719
1747537357.2899377,1.9628965806033978,-0.7040939817788614,6.785869598388672
1747537357.3068938,1.9630749602008657,-0.6991356772190706,5.684137344360352
1747537357.322757,1.9631979700362825,-0.7060266288342492,5.627870559692383
1747537357.3421388,1.9616462746029046,-0.7141018287023068,5.850315093994141
1747537357.3655858,1.959013297775876,-0.7235905313884898,8.84556770324707
1747537357.3855562,1.9574158115825435,-0.7299445098650472,6.47425651550293
1747537357.4057662,1.9615685955056061,-0.7260788619421299,7.957696914672852
1747537357.4281633,1.9621359353552035,-0.7223352481966597,6.0405731201171875
1747537357.445103,1.9609090273608578,-0.7178182001249146,5.943536758422852
1747537357.460433,1.9574390354970463,-0.7148033102615906,5.744695663452148
1747537357.4828372,1.952472140254537,-0.7108963324567766,5.891323089599609
1747537357.5037358,1.950356087193606,-0.7081747191047215,7.193803787231445
1747537357.5275955,1.9466030347883085,-0.7158248282573272,6.003856658935547
1747537357.5473576,1.9400008605182508,-0.7200513784329183,7.4787139892578125
1747537357.569671,1.9395497552219365,-0.7250637289643813,7.136106491088867
1747537357.5847867,1.9310123363257021,-0.7242341878271391,5.809545516967773
1747537357.603759,1.957589413806636,-0.7443320286125483,8.653402328491211
1747537357.6259322,1.9714510013105473,-0.7552199962596399,7.216930389404297
1747537357.6436791,1.98251799211484,-0.7644480895525487,6.176471710205078
1747537357.6644473,1.9656952220168373,-0.7567925781059871,6.0825347900390625
1747537357.6862218,1.9582365000375088,-0.7540929371640084,10.046720504760742
1747537357.7358038,1.9604786632386084,-0.7494728645581192,12.917757034301758
1747537357.7839227,1.9595214202059976,-0.7456297661001797,8.910655975341797
1747537357.8193777,1.964018307919232,-0.750407620302545,7.817506790161133
1747537357.8647392,1.9636372398881083,-0.7476394822839468,12.39633560180664
1747537357.9060597,1.956017663551214,-0.7415836337201087,6.479978561401367
1747537357.9231615,1.9554438506510818,-0.7345005511726331,5.851507186889648
1747537357.9410088,1.9591124482356135,-0.7318622331834121,6.021022796630859
1747537357.9624472,1.9604367590183267,-0.7279507245100175,7.465600967407227
1747537357.9876585,1.9631830205957235,-0.7391976641701324,7.811546325683594
1747537358.0125616,1.9658295459668755,-0.7482314201403285,10.818958282470703
1747537358.0394447,1.9629630436748715,-0.7542515813407699,8.086204528808594
1747537358.059247,1.9673902251636748,-0.749462084378293,5.982160568237305
1747537358.0799067,1.9692257513165594,-0.7452304747602548,6.067514419555664
1747537358.122818,1.9653336734001872,-0.7458240771635261,12.225627899169922
1747537358.1570585,1.9642883438180334,-0.7488298499734763,9.826898574829102
1747537358.179381,1.973640099850876,-0.7456485746936928,6.559133529663086
1747537358.1976948,1.9809770664527628,-0.7435873683483629,6.20579719543457
1747537358.2198544,1.985751024455782,-0.7392998900965014,6.167888641357422
