timestamp_s,x,y
1746163299.888225317,5.549847336014232,-0.5711469874871209
1746163299.892224312,5.549847336014232,-0.5711469874871209
1746163299.896711826,5.524666135737756,-0.5585892358086978
1746163299.900261641,5.524666135737756,-0.5585892358086978
1746163299.904279232,5.524666135737756,-0.5585892358086978
1746163299.908224583,5.499331573234743,-0.5461805680931995
1746163299.912269115,5.499331573234743,-0.5461805680931995
1746163299.916676521,5.4738365107828715,-0.5339470100804522
1746163299.920277357,5.4738365107828715,-0.5339470100804522
1746163299.924292326,5.4738365107828715,-0.5339470100804522
1746163299.928251743,5.44819591549521,-0.5218686415428244
1746163299.932263374,5.44819591549521,-0.5218686415428244
1746163299.936881304,5.422401845418584,-0.5099734625115157
1746163299.940219641,5.422401845418584,-0.5099734625115157
1746163299.944287300,5.422401845418584,-0.5099734625115157
1746163299.948214054,5.3964682980488465,-0.49824216767214335
1746163299.952237606,5.3964682980488465,-0.49824216767214335
1746163299.956808805,5.370380090081038,-0.48669996745637867
1746163299.960267544,5.370380090081038,-0.48669996745637867
1746163299.964217186,5.370380090081038,-0.48669996745637867
1746163299.968240499,5.344143743267245,-0.47532429406766274
1746163299.972229004,5.344143743267245,-0.47532429406766274
1746163299.976774931,5.317752354869146,-0.4641438211914003
1746163299.980270147,5.317752354869146,-0.4641438211914003
1746163299.984266520,5.317752354869146,-0.4641438211914003
1746163300.008498669,5.264538996545652,-0.4423379144908629
1746163300.012251616,5.237723763156636,-0.43172062772999975
1746163300.016704559,5.2107676923394015,-0.42131529725126565
1746163300.020306826,5.2107676923394015,-0.42131529725126565
1746163300.024183512,5.2107676923394015,-0.42131529725126565
1746163300.028220654,5.183683972411073,-0.4111010848836821
1746163300.032277822,5.183683972411073,-0.4111010848836821
1746163300.036672354,5.156466969953705,-0.4011062237758978
1746163300.040264368,5.156466969953705,-0.4011062237758978
1746163300.044305563,5.156466969953705,-0.4011062237758978
1746163300.048215628,5.129129152714704,-0.3913091959686642
1746163300.052227259,5.129129152714704,-0.3913091959686642
1746163300.056733131,5.101664950819515,-0.3817379992354675
1746163300.060199022,5.101664950819515,-0.3817379992354675
1746163300.064352989,5.101664950819515,-0.3817379992354675
1746163300.068244934,5.074086395957807,-0.37237060897296165
1746163300.072254896,5.074086395957807,-0.37237060897296165
1746163300.076712370,5.046388275933642,-0.3632349237889821
1746163300.080215454,5.046388275933642,-0.3632349237889821
1746163300.084270954,5.046388275933642,-0.3632349237889821
1746163300.088199615,5.018582173669883,-0.3543084571032936
1746163300.092255116,5.018582173669883,-0.3543084571032936
1746163300.096872568,4.990669384281972,-0.3456210111162478
1746163300.100223064,4.990669384281972,-0.3456210111162478
1746163300.104287386,4.990669384281972,-0.3456210111162478
1746163300.108206272,4.962666929470398,-0.3371514184545572
1746163300.112259626,4.962666929470398,-0.3371514184545572
1746163300.116810560,4.934569727111642,-0.32892738239654934
1746163300.120237112,4.934569727111642,-0.32892738239654934
1746163300.124261618,4.934569727111642,-0.32892738239654934
1746163300.128277302,4.906387941747998,-0.320925278743425
1746163300.132293701,4.906387941747998,-0.320925278743425
1746163300.136689425,4.878116936295621,-0.3131727563134691
1746163300.140284300,4.878116936295621,-0.3131727563134691
1746163300.144283772,4.878116936295621,-0.3131727563134691
1746163300.148257017,4.849766457725096,-0.3056458309219318
1746163300.152331829,4.849766457725096,-0.3056458309219318
1746163300.156714678,4.82133232085958,-0.2983720811753064
1746163300.160283566,4.82133232085958,-0.2983720811753064
1746163300.164255142,4.82133232085958,-0.2983720811753064
1746163300.168299198,4.792880207175327,-0.2913410412033743
1746163300.172269106,4.792880207175327,-0.2913410412033743
1746163300.176671505,4.764452938165633,-0.2845925313919288
1746163300.180263042,4.764452938165633,-0.2845925313919288
1746163300.184273720,4.764452938165633,-0.2845925313919288
1746163300.188217163,4.736048133495004,-0.27807049391064725
1746163300.192345619,4.736048133495004,-0.27807049391064725
1746163300.196933508,4.707669354785424,-0.2717022548081405
1746163300.200267792,4.707669354785424,-0.2717022548081405
1746163300.204314232,4.707669354785424,-0.2717022548081405
1746163300.208248615,4.67932045020845,-0.2654211996426715
1746163300.216844797,4.67932045020845,-0.2654211996426715
1746163300.232276440,4.651006317686661,-0.259163452973484
1746163300.236735821,4.6228184291230345,-0.2529064636992121
1746163300.240252733,4.6228184291230345,-0.2529064636992121
1746163300.244236946,4.6228184291230345,-0.2529064636992121
1746163300.248223305,4.594815772801102,-0.24670004743742957
1746163300.252227545,4.594815772801102,-0.24670004743742957
1746163300.257080317,4.566967863728933,-0.24051319875846017
1746163300.260269880,4.566967863728933,-0.24051319875846017
1746163300.264286041,4.566967863728933,-0.24051319875846017
1746163300.268212795,4.539239690285459,-0.2343673359589537
1746163300.272298813,4.539239690285459,-0.2343673359589537
1746163300.276883125,4.511614738299239,-0.22822645855075013
1746163300.280204773,4.511614738299239,-0.22822645855075013
1746163300.284276009,4.511614738299239,-0.22822645855075013
1746163300.288279057,4.484068993334267,-0.22210935612769517
1746163300.292327642,4.484068993334267,-0.22210935612769517
1746163300.296950340,4.456594285030471,-0.21598051759192688
1746163300.300242901,4.456594285030471,-0.21598051759192688
1746163300.304268360,4.456594285030471,-0.21598051759192688
1746163300.308231115,4.42929602007045,-0.20988707232733958
1746163300.312256575,4.42929602007045,-0.20988707232733958
1746163300.316792727,4.402271014098901,-0.20381590680976325
1746163300.320300579,4.402271014098901,-0.20381590680976325
1746163300.324276209,4.402271014098901,-0.20381590680976325
1746163300.328231573,4.375463127079878,-0.1977814387431642
1746163300.332264423,4.375463127079878,-0.1977814387431642
1746163300.336687326,4.348838786587933,-0.1917425505619735
1746163300.340283394,4.348838786587933,-0.1917425505619735
1746163300.344312906,4.348838786587933,-0.1917425505619735
1746163300.348255396,4.322359219798368,-0.18571727594981807
1746163300.352284193,4.322359219798368,-0.18571727594981807
1746163300.356895447,4.296004595345626,-0.17966939543434657
1746163300.360277414,4.296004595345626,-0.17966939543434657
1746163300.364296913,4.296004595345626,-0.17966939543434657
1746163300.368230581,4.269747409104608,-0.17361971949020152
1746163300.372264147,4.269747409104608,-0.17361971949020152
1746163300.376724243,4.243576817847906,-0.16753548628883416
1746163300.380302906,4.243576817847906,-0.16753548628883416
1746163300.384321451,4.243576817847906,-0.16753548628883416
1746163300.388217926,4.217594934349023,-0.1614686610260988
1746163300.392249107,4.217594934349023,-0.1614686610260988
1746163300.396708250,4.191896335608551,-0.1554104100509238
1746163300.400281191,4.191896335608551,-0.1554104100509238
1746163300.404263020,4.191896335608551,-0.1554104100509238
1746163300.408243179,4.166422892441324,-0.1493773964120172
1746163300.412220716,4.166422892441324,-0.1493773964120172
1746163300.416865110,4.141139943237939,-0.1433306773333295
1746163300.420275927,4.141139943237939,-0.1433306773333295
1746163300.424233675,4.141139943237939,-0.1433306773333295
1746163300.428278208,4.116007158400722,-0.13729028133094393
1746163300.432221174,4.116007158400722,-0.13729028133094393
1746163300.436679125,4.091004026974028,-0.13122184293031733
1746163300.440217018,4.091004026974028,-0.13122184293031733
1746163300.444219589,4.091004026974028,-0.13122184293031733
1746163300.448233128,4.066101824913224,-0.12514773166643742
1746163300.452222347,4.066101824913224,-0.12514773166643742
1746163300.456821203,4.041410439399063,-0.11906604805274788
1746163300.460270405,4.041410439399063,-0.11906604805274788
1746163300.464271784,4.041410439399063,-0.11906604805274788
1746163300.468215466,4.017006226155392,-0.11302680048704361
1746163300.472246170,4.017006226155392,-0.11302680048704361
1746163300.476652622,3.9928430612022434,-0.10698791510913352
1746163300.480238914,3.9928430612022434,-0.10698791510913352
1746163300.484270334,3.9928430612022434,-0.10698791510913352
1746163300.488226652,3.9688705381439893,-0.10096785221658608
1746163300.492213011,3.9688705381439893,-0.10096785221658608
1746163300.496727228,3.945060733684688,-0.09493015762922132
1746163300.500207424,3.945060733684688,-0.09493015762922132
1746163300.504273653,3.945060733684688,-0.09493015762922132
1746163300.508249998,3.9213782132704074,-0.0888961525196362
1746163300.512326479,3.9213782132704074,-0.0888961525196362
1746163300.516743660,3.897806985858203,-0.08283318961456672
1746163300.520240307,3.897806985858203,-0.08283318961456672
1746163300.524226665,3.897806985858203,-0.08283318961456672
1746163300.528251171,3.8743214025069657,-0.0767644624871485
1746163300.532247066,3.8743214025069657,-0.0767644624871485
1746163300.536672115,3.851032298893669,-0.07069038798385725
1746163300.540230513,3.851032298893669,-0.07069038798385725
1746163300.544276476,3.851032298893669,-0.07069038798385725
1746163300.548250198,3.828016177279674,-0.06466235626055417
1746163300.552250624,3.828016177279674,-0.06466235626055417
1746163300.556657791,3.805229812307066,-0.058638694193450656
1746163300.560260773,3.805229812307066,-0.058638694193450656
1746163300.564259529,3.805229812307066,-0.058638694193450656
1746163300.568213701,3.782624486610669,-0.05263779636882421
1746163300.572255135,3.782624486610669,-0.05263779636882421
1746163300.576759100,3.7601742940681078,-0.04662348523471602
1746163300.580342531,3.7601742940681078,-0.04662348523471602
1746163300.584264278,3.7601742940681078,-0.04662348523471602
1746163300.588243484,3.73784478989312,-0.0406169797551394
1746163300.592221260,3.73784478989312,-0.0406169797551394
1746163300.596651554,3.7156214251168302,-0.03458580635470308
1746163300.600190639,3.7156214251168302,-0.03458580635470308
1746163300.604221582,3.7156214251168302,-0.03458580635470308
1746163300.608382225,3.6934790872339733,-0.028553022770377946
1746163300.612217665,3.6934790872339733,-0.028553022770377946
1746163300.616785288,3.671520246493735,-0.022518245964029435
1746163300.620244741,3.671520246493735,-0.022518245964029435
1746163300.624208212,3.671520246493735,-0.022518245964029435
1746163300.628217459,3.649814032937864,-0.01653178160102608
1746163300.632180929,3.649814032937864,-0.01653178160102608
1746163300.636731386,3.6283212579473916,-0.010552550687525301
1746163300.640385151,3.6283212579473916,-0.010552550687525301
1746163300.644327164,3.6283212579473916,-0.010552550687525301
1746163300.648220301,3.6069922590162022,-0.00461192158050131
1746163300.652465105,3.6069922590162022,-0.00461192158050131
1746163300.659871101,3.585797832098767,0.0013043843489930207
1746163300.663775444,3.585797832098767,0.0013043843489930207
1746163300.670598745,3.56472376404436,0.007241539890161642
1746163300.675371647,3.56472376404436,0.007241539890161642
1746163300.681342602,3.5437415822690266,0.013175546118333261
1746163300.684364557,3.5437415822690266,0.013175546118333261
1746163300.688162804,3.5228421555654563,0.019136278882316907
1746163300.692314386,3.5228421555654563,0.019136278882316907
1746163300.696931362,3.502004339985128,0.025099519829548902
1746163300.700235128,3.502004339985128,0.025099519829548902
1746163300.704268456,3.502004339985128,0.025099519829548902
1746163300.708279133,3.4813375561005344,0.03109100080607734
1746163300.712254763,3.4813375561005344,0.03109100080607734
1746163300.716850042,3.4609380362064424,0.03715548983958913
1746163300.720241308,3.4609380362064424,0.03715548983958913
1746163300.724238634,3.4609380362064424,0.03715548983958913
1746163300.728193045,3.4407802174889373,0.04335923509267403
1746163300.732263803,3.4407802174889373,0.04335923509267403
1746163300.737197399,3.4208463927907933,0.049759610288814066
1746163300.740316868,3.4208463927907933,0.049759610288814066
1746163300.744268656,3.4208463927907933,0.049759610288814066
1746163300.748255968,3.40112609553042,0.05640800828127251
1746163300.752210140,3.40112609553042,0.05640800828127251
1746163300.756848812,3.381606515279034,0.06332665208320183
1746163300.760238886,3.381606515279034,0.06332665208320183
1746163300.764268160,3.381606515279034,0.06332665208320183
1746163300.768259525,3.362255387358363,0.0704695913711425
1746163300.772264004,3.362255387358363,0.0704695913711425
1746163300.776838541,3.3430652918693036,0.07785125763803459
1746163300.780209780,3.3430652918693036,0.07785125763803459
1746163300.784243107,3.3430652918693036,0.07785125763803459
1746163300.788237810,3.3240133664068696,0.08543818765395983
1746163300.792196512,3.3240133664068696,0.08543818765395983
1746163300.796777725,3.305192018922044,0.09321355422495971
1746163300.800325155,3.305192018922044,0.09321355422495971
1746163300.804276228,3.305192018922044,0.09321355422495971
1746163300.808192015,3.286656648597428,0.10111504705712537
1746163300.812243938,3.286656648597428,0.10111504705712537
1746163300.817079782,3.2683812940295165,0.10917869331960176
1746163300.820236444,3.2683812940295165,0.10917869331960176
1746163300.824269056,3.2683812940295165,0.10917869331960176
1746163300.828265667,3.2503243097757712,0.11738517758917932
1746163300.832323551,3.2503243097757712,0.11738517758917932
1746163300.837284565,3.2324848072546293,0.12578970334883577
1746163300.840240240,3.2324848072546293,0.12578970334883577
1746163300.844242811,3.2324848072546293,0.12578970334883577
1746163300.848233700,3.2148621948373113,0.13443214335005055
1746163300.852460861,3.2148621948373113,0.13443214335005055
1746163300.859745264,3.1974254270764813,0.1432795088165005
1746163300.863620281,3.1974254270764813,0.1432795088165005
1746163300.868805885,3.180172951203246,0.1523515985320532
1746163300.872403145,3.180172951203246,0.1523515985320532
1746163300.877091646,3.1630810869464563,0.16162028107203133
1746163300.880297899,3.1630810869464563,0.16162028107203133
1746163300.884293318,3.1630810869464563,0.16162028107203133
1746163300.888237476,3.1461547958136595,0.17110696821631655
1746163300.892234564,3.1461547958136595,0.17110696821631655
1746163300.897331238,3.1294592896444646,0.18073592872321226
1746163300.900289297,3.1294592896444646,0.18073592872321226
1746163300.904228449,3.1294592896444646,0.18073592872321226
1746163300.908184528,3.113072576363065,0.19048906991033998
1746163300.912220716,3.113072576363065,0.19048906991033998
1746163300.916702747,3.096946539395308,0.2003550001531581
1746163300.920266151,3.096946539395308,0.2003550001531581
1746163300.924252510,3.096946539395308,0.2003550001531581
1746163300.928242207,3.0810697913946683,0.21036913390488665
1746163300.932273388,3.0810697913946683,0.21036913390488665
1746163300.936677933,3.0653915186418477,0.2204933600480996
1746163300.940213442,3.0653915186418477,0.2204933600480996
1746163300.944214106,3.0653915186418477,0.2204933600480996
1746163300.948397160,3.049871928101193,0.23070065391726072
1746163300.952221870,3.049871928101193,0.23070065391726072
1746163300.956663132,3.0345176938443457,0.24102848288641757
1746163300.960280657,3.0345176938443457,0.24102848288641757
1746163300.964280844,3.0345176938443457,0.24102848288641757
1746163300.968258381,3.0193053024075125,0.2514629178845319
1746163300.972479105,3.0193053024075125,0.2514629178845319
1746163300.978177547,3.0042435362455446,0.26203285922470876
1746163300.981727600,3.0042435362455446,0.26203285922470876
1746163300.985247850,3.0042435362455446,0.26203285922470876
1746163300.991022348,2.9893108461891393,0.27271979754530573
1746163300.995032549,2.9893108461891393,0.27271979754530573
1746163301.000160217,2.9745972550958757,0.28349139007136076
1746163301.004323721,2.9745972550958757,0.28349139007136076
1746163301.008283377,2.9601451190888963,0.294278756421938
1746163301.012275696,2.9601451190888963,0.294278756421938
1746163301.016913652,2.9459415561048656,0.30512539478837325
1746163301.020269156,2.9459415561048656,0.30512539478837325
1746163301.024269819,2.9459415561048656,0.30512539478837325
1746163301.028228998,2.931944378359105,0.3160239669928949
1746163301.032567978,2.931944378359105,0.3160239669928949
1746163301.038750410,2.918151077160551,0.327009017597139
1746163301.041947365,2.918151077160551,0.327009017597139
1746163301.044403076,2.918151077160551,0.327009017597139
1746163301.048292160,2.9045277188949625,0.3380675777256266
1746163301.052304506,2.9045277188949625,0.3380675777256266
1746163301.057123184,2.8910787111715974,0.3492283035093491
1746163301.060348034,2.8910787111715974,0.3492283035093491
1746163301.064285517,2.8910787111715974,0.3492283035093491
1746163301.068231821,2.8777589898740463,0.3604553932404703
1746163301.072273254,2.8777589898740463,0.3604553932404703
1746163301.076698542,2.8645177281213887,0.37170421847212565
1746163301.080252409,2.8645177281213887,0.37170421847212565
1746163301.084212065,2.8645177281213887,0.37170421847212565
1746163301.088265181,2.851312797499453,0.3829384310324295
1746163301.092215538,2.851312797499453,0.3829384310324295
1746163301.096710205,2.838124752112801,0.39414605494822286
1746163301.100259304,2.838124752112801,0.39414605494822286
1746163301.104254961,2.838124752112801,0.39414605494822286
1746163301.108236313,2.8251593625319993,0.40521320275028866
1746163301.112224817,2.8251593625319993,0.40521320275028866
1746163301.120266438,2.8125478329093547,0.4160059714817549
1746163301.124361038,2.8125478329093547,0.4160059714817549
1746163301.128217936,2.8002541965333285,0.42661294981166437
1746163301.132220507,2.8002541965333285,0.42661294981166437
1746163301.136671305,2.7881922353380926,0.4370394626775853
1746163301.140255451,2.7881922353380926,0.4370394626775853
1746163301.144255877,2.7881922353380926,0.4370394626775853
1746163301.148214579,2.7762980920954363,0.44729689692531427
1746163301.152278185,2.7762980920954363,0.44729689692531427
1746163301.156771183,2.764567735982286,0.4574497042385834
1746163301.160218000,2.764567735982286,0.4574497042385834
1746163301.164258003,2.764567735982286,0.4574497042385834
1746163301.168216705,2.752960278792932,0.46750649735946986
1746163301.172468901,2.752960278792932,0.46750649735946986
1746163301.177979708,2.7414757175261135,0.4775124252249085
1746163301.181170702,2.7414757175261135,0.4775124252249085
1746163301.184943199,2.7414757175261135,0.4775124252249085
1746163301.190332413,2.7300792430527876,0.48746395151783734
1746163301.194084644,2.7300792430527876,0.48746395151783734
1746163301.199866056,2.718792900613757,0.49741554035272884
1746163301.202744722,2.718792900613757,0.49741554035272884
1746163301.204693079,2.718792900613757,0.49741554035272884
1746163301.208151340,2.7076467753499127,0.5074238886465402
1746163301.212342262,2.7076467753499127,0.5074238886465402
1746163301.217103481,2.696664906584581,0.5175322118870358
1746163301.220469713,2.696664906584581,0.5175322118870358
1746163301.224246264,2.696664906584581,0.5175322118870358
1746163301.228269577,2.6859078081890737,0.5277398492166413
1746163301.232244253,2.6859078081890737,0.5277398492166413
1746163301.236818552,2.675425870104884,0.5380445302507034
1746163301.240238905,2.675425870104884,0.5380445302507034
1746163301.244240761,2.675425870104884,0.5380445302507034
1746163301.248326778,2.66522298616038,0.5484782617868239
1746163301.252265930,2.66522298616038,0.5484782617868239
1746163301.257263660,2.655305813027897,0.5590669522192984
1746163301.260208130,2.655305813027897,0.5590669522192984
1746163301.264270782,2.655305813027897,0.5590669522192984
1746163301.268288136,2.645683501306559,0.569831485303684
1746163301.272237778,2.645683501306559,0.569831485303684
1746163301.276990891,2.6363674685167813,0.5807885568995478
1746163301.280267954,2.6363674685167813,0.5807885568995478
1746163301.284307480,2.6363674685167813,0.5807885568995478
1746163301.288290739,2.627371194115713,0.5919513031327721
1746163301.292487860,2.627371194115713,0.5919513031327721
1746163301.298715830,2.618690004414486,0.6033146637215913
1746163301.301973343,2.618690004414486,0.6033146637215913
1746163301.304699659,2.618690004414486,0.6033146637215913
1746163301.310151339,2.6102690049673494,0.6148353725258724
1746163301.312478304,2.6102690049673494,0.6148353725258724
1746163301.317401409,2.6021280793673514,0.626526170753923
1746163301.320280552,2.6021280793673514,0.626526170753923
1746163301.324230194,2.6021280793673514,0.626526170753923
1746163301.328219891,2.594276609869796,0.6383899711091262
1746163301.332295895,2.594276609869796,0.6383899711091262
1746163301.336906672,2.5866673210210194,0.6503918582465712
1746163301.340219498,2.5866673210210194,0.6503918582465712
1746163301.344379187,2.5866673210210194,0.6503918582465712
1746163301.348228455,2.579310845795966,0.6625353879765294
1746163301.352346897,2.579310845795966,0.6625353879765294
1746163301.356662273,2.57221691254534,0.6747272828680312
1746163301.360274792,2.57221691254534,0.6747272828680312
1746163301.364255190,2.57221691254534,0.6747272828680312
1746163301.368264198,2.565436521194248,0.6869169690563645
1746163301.372238159,2.565436521194248,0.6869169690563645
1746163301.376879454,2.5589245356135764,0.6991082039383059
1746163301.380259275,2.5589245356135764,0.6991082039383059
1746163301.384256840,2.5589245356135764,0.6991082039383059
1746163301.388269663,2.5526902650759515,0.7113283062268833
1746163301.392301559,2.5526902650759515,0.7113283062268833
1746163301.396722794,2.546695549989139,0.7235749514339758
1746163301.400245905,2.546695549989139,0.7235749514339758
1746163301.404309273,2.546695549989139,0.7235749514339758
1746163301.408220291,2.5409551022805204,0.73586835368214
1746163301.412222624,2.5409551022805204,0.73586835368214
1746163301.416696548,2.535435219437993,0.7482024979838393
1746163301.420308828,2.535435219437993,0.7482024979838393
1746163301.424258232,2.535435219437993,0.7482024979838393
1746163301.428244114,2.5301545018106024,0.7605928054430721
1746163301.432217360,2.5301545018106024,0.7605928054430721
1746163301.436738014,2.525082304879582,0.7730312239183277
1746163301.440273523,2.525082304879582,0.7730312239183277
1746163301.444288492,2.525082304879582,0.7730312239183277
1746163301.448254585,2.5202400307127744,0.7855298103821922
1746163301.452252150,2.5202400307127744,0.7855298103821922
1746163301.456777573,2.515575728286818,0.7980709082185522
1746163301.460216522,2.515575728286818,0.7980709082185522
1746163301.464222908,2.515575728286818,0.7980709082185522
1746163301.468228102,2.5110312119179907,0.8106357087960501
1746163301.472276688,2.5110312119179907,0.8106357087960501
1746163301.476654053,2.506561927731343,0.8232111258646242
1746163301.480259180,2.506561927731343,0.8232111258646242
1746163301.484279156,2.506561927731343,0.8232111258646242
1746163301.488466501,2.5021324332733506,0.8357873860137472
1746163301.492285490,2.5021324332733506,0.8357873860137472
1746163301.498513699,2.49771345006298,0.8483566284758073
1746163301.501946449,2.49771345006298,0.8483566284758073
1746163301.509148598,2.4932782923514445,0.8609172669076399
1746163301.512826681,2.4932782923514445,0.8609172669076399
1746163301.517729521,2.4888032996676985,0.8734674656857506
1746163301.520286083,2.4888032996676985,0.8734674656857506
1746163301.524277925,2.4888032996676985,0.8734674656857506
1746163301.528241396,2.484268645927188,0.885999755720652
1746163301.532263994,2.484268645927188,0.885999755720652
1746163301.537127256,2.4796790177007098,0.8985153936748713
1746163301.540234089,2.4796790177007098,0.8985153936748713
1746163301.544268131,2.4796790177007098,0.8985153936748713
1746163301.548255682,2.4751206027193255,0.9110456271178113
1746163301.552286625,2.4751206027193255,0.9110456271178113
1746163301.556890726,2.4706739895865595,0.9236189610716028
1746163301.560241222,2.4706739895865595,0.9236189610716028
1746163301.564212799,2.4706739895865595,0.9236189610716028
1746163301.568224907,2.466398803043539,0.9362544348196395
1746163301.572247982,2.466398803043539,0.9362544348196395
1746163301.576700687,2.4623410436510724,0.9489640726211236
1746163301.580315828,2.4623410436510724,0.9489640726211236
1746163301.584201574,2.4623410436510724,0.9489640726211236
1746163301.588252306,2.458537772032374,0.9617546988901255
1746163301.592247963,2.458537772032374,0.9617546988901255
1746163301.596708059,2.4550201422873994,0.9746292057664321
1746163301.600289583,2.4550201422873994,0.9746292057664321
1746163301.604285955,2.4550201422873994,0.9746292057664321
1746163301.608199358,2.451815382653472,0.9875874038823647
1746163301.612257242,2.451815382653472,0.9875874038823647
1746163301.616677999,2.4489480910425816,1.0006265740175186
1746163301.620225191,2.4489480910425816,1.0006265740175186
1746163301.624277592,2.4489480910425816,1.0006265740175186
1746163301.628210783,2.4464344648170293,1.013740634594505
1746163301.632287264,2.4464344648170293,1.013740634594505
1746163301.636658192,2.444269599660188,1.0269187440487821
1746163301.640216112,2.444269599660188,1.0269187440487821
1746163301.644207001,2.444269599660188,1.0269187440487821
1746163301.648215294,2.4424127234195945,1.0401461632022313
1746163301.652219534,2.4424127234195945,1.0401461632022313
1746163301.656873703,2.440825615437299,1.0534114162253565
1746163301.660213470,2.440825615437299,1.0534114162253565
1746163301.664267778,2.440825615437299,1.0534114162253565
1746163301.668227673,2.439435993903166,1.0667014464983031
1746163301.672230959,2.439435993903166,1.0667014464983031
1746163301.676865339,2.4381805238087164,1.0800072852273057
1746163301.680200815,2.4381805238087164,1.0800072852273057
1746163301.684219122,2.4381805238087164,1.0800072852273057
1746163301.688204765,2.437035801947912,1.0933253844750408
1746163301.692284107,2.437035801947912,1.0933253844750408
1746163301.696860075,2.4360744401016734,1.1066600678363427
1746163301.700270653,2.4360744401016734,1.1066600678363427
1746163301.704227448,2.4360744401016734,1.1066600678363427
1746163301.708257437,2.4353693753843633,1.120012738830338
1746163301.712257862,2.4353693753843633,1.120012738830338
1746163301.716676950,2.4349566406899963,1.1333796173947448
1746163301.720262051,2.4349566406899963,1.1333796173947448
1746163301.724255323,2.4349566406899963,1.1333796173947448
1746163301.728257179,2.434819101427906,1.146754079127201
1746163301.732277393,2.434819101427906,1.146754079127201
1746163301.736700535,2.43494094781854,1.1601305099733599
1746163301.740211964,2.43494094781854,1.1601305099733599
1746163301.744213104,2.43494094781854,1.1601305099733599
1746163301.748223543,2.435311661447289,1.1735040823160372
1746163301.752233028,2.435311661447289,1.1735040823160372
1746163301.756673098,2.435924176296722,1.1868704022770793
1746163301.760257006,2.435924176296722,1.1868704022770793
1746163301.764457226,2.435924176296722,1.1868704022770793
1746163301.770349264,2.436773688871884,1.2002253145270128
1746163301.773625612,2.436773688871884,1.2002253145270128
1746163301.779388189,2.437856878411403,1.2135647935391674
1746163301.782735348,2.437856878411403,1.2135647935391674
1746163301.788591623,2.439171391370681,1.2268848833323163
1746163301.792818785,2.439171391370681,1.2268848833323163
1746163301.797317028,2.4407153100470365,1.2401799521486738
1746163301.800328255,2.4407153100470365,1.2401799521486738
1746163301.804258585,2.4407153100470365,1.2401799521486738
1746163301.808410168,2.4424748836692305,1.253446292891807
1746163301.812419653,2.4424748836692305,1.253446292891807
1746163301.817531347,2.4443942857720775,1.2666889354156077
1746163301.820332527,2.4443942857720775,1.2666889354156077
1746163301.824268341,2.4443942857720775,1.2666889354156077
1746163301.828279734,2.44642150242518,1.2799142522332132
1746163301.832266331,2.44642150242518,1.2799142522332132
1746163301.836759806,2.4485163547016175,1.2931280007928896
1746163301.840293646,2.4485163547016175,1.2931280007928896
1746163301.844232082,2.4485163547016175,1.2931280007928896
1746163301.848280907,2.450670796563515,1.3063312977176862
1746163301.852256536,2.450670796563515,1.3063312977176862
1746163301.857150078,2.4529667205897936,1.3195099662144014
1746163301.860230446,2.4529667205897936,1.3195099662144014
1746163301.864241123,2.4529667205897936,1.3195099662144014
1746163301.868259668,2.455482238354611,1.332647838072278
1746163301.872292280,2.455482238354611,1.332647838072278
1746163301.877045870,2.4582741119819196,1.3457292275932753
1746163301.880244493,2.4582741119819196,1.3457292275932753
1746163301.884270430,2.4582741119819196,1.3457292275932753
1746163301.888272762,2.4613668827103004,1.358742405074758
1746163301.892239571,2.4613668827103004,1.358742405074758
1746163301.897038221,2.4647361235292524,1.3716865038790256
1746163301.900231361,2.4647361235292524,1.3716865038790256
1746163301.904290915,2.4647361235292524,1.3716865038790256
1746163301.908240557,2.468361033302827,1.3845611288643276
1746163301.912272453,2.468361033302827,1.3845611288643276
1746163301.916768551,2.472227486413989,1.3973651072010347
1746163301.920249939,2.472227486413989,1.3973651072010347
1746163301.924350023,2.472227486413989,1.3973651072010347
1746163301.928481102,2.476325700872711,1.410096648399095
1746163301.932440281,2.476325700872711,1.410096648399095
1746163301.939778805,2.480668978476826,1.4228144952005655
1746163301.944391012,2.480668978476826,1.4228144952005655
1746163301.952032089,2.485272397133257,1.4355738790349801
1746163301.955688715,2.485272397133257,1.4355738790349801
1746163301.960823536,2.4901216963155486,1.4483696800084782
1746163301.964256763,2.4901216963155486,1.4483696800084782
1746163301.968253136,2.4951652724850026,1.4612124911731097
1746163301.972295523,2.4951652724850026,1.4612124911731097
1746163301.977074623,2.500354366075277,1.474114066503658
1746163301.980302334,2.500354366075277,1.474114066503658
1746163301.984344006,2.500354366075277,1.474114066503658
1746163301.988225222,2.505650709541073,1.4870835175289638
1746163301.992265463,2.505650709541073,1.4870835175289638
1746163301.996782303,2.511045103784642,1.5001188828428558
1746163302.000225067,2.511045103784642,1.5001188828428558
1746163302.004245043,2.511045103784642,1.5001188828428558
1746163302.008228064,2.5166114896099945,1.5131834520101661
1746163302.012251377,2.5166114896099945,1.5131834520101661
1746163302.016753674,2.5224236010708445,1.5262381121945519
1746163302.020244598,2.5224236010708445,1.5262381121945519
1746163302.024264574,2.5224236010708445,1.5262381121945519
1746163302.028254509,2.5285369878623736,1.539248201840731
1746163302.032255173,2.5285369878623736,1.539248201840731
1746163302.036705971,2.5349832020311096,1.5521870573867422
1746163302.040207863,2.5349832020311096,1.5521870573867422
1746163302.044491529,2.5349832020311096,1.5521870573867422
1746163302.052588463,2.541768542595274,1.5650384740477405
1746163302.059181213,2.5488682684583184,1.5778029688545665
1746163302.063389301,2.5488682684583184,1.5778029688545665
1746163302.069129467,2.5562660000605923,1.5904780884261975
1746163302.073269367,2.5562660000605923,1.5904780884261975
1746163302.078202724,2.5639750872968525,1.6031021731344797
1746163302.080366850,2.5639750872968525,1.6031021731344797
1746163302.084300041,2.5639750872968525,1.6031021731344797
1746163302.088293314,2.572011693517413,1.6157099212053447
1746163302.092257738,2.572011693517413,1.6157099212053447
1746163302.096916437,2.580369251511765,1.6282900618820895
1746163302.100295067,2.580369251511765,1.6282900618820895
1746163302.104282618,2.580369251511765,1.6282900618820895
1746163302.108282566,2.5890432434595065,1.6408305020740193
1746163302.112335920,2.5890432434595065,1.6408305020740193
1746163302.116766214,2.5980303787840855,1.653318667162756
1746163302.120229006,2.5980303787840855,1.653318667162756
1746163302.124235630,2.5980303787840855,1.653318667162756
1746163302.128257751,2.6073280670496204,1.6657417291978556
1746163302.132225037,2.6073280670496204,1.6657417291978556
1746163302.136747360,2.616934072126859,1.6780867634681043
1746163302.140225410,2.616934072126859,1.6780867634681043
1746163302.144264936,2.616934072126859,1.6780867634681043
1746163302.148268461,2.6268462822148644,1.6903408576837828
1746163302.152255058,2.6268462822148644,1.6903408576837828
1746163302.156794548,2.6370625559718763,1.7024911889510017
1746163302.160276890,2.6370625559718763,1.7024911889510017
1746163302.164224863,2.6370625559718763,1.7024911889510017
1746163302.168260574,2.6475806195928637,1.7145250784702837
1746163302.172305584,2.6475806195928637,1.7145250784702837
1746163302.177119493,2.6583979984374584,1.726430030655803
1746163302.180256367,2.6583979984374584,1.726430030655803
1746163302.184231997,2.6583979984374584,1.726430030655803
1746163302.188259840,2.66951197231004,1.7381937612798197
1746163302.192206144,2.66951197231004,1.7381937612798197
1746163302.196945429,2.6809195470482146,1.7498042178483109
1746163302.200269222,2.6809195470482146,1.7498042178483109
1746163302.204227209,2.6809195470482146,1.7498042178483109
1746163302.208227873,2.6926344050443896,1.7612668189887812
1746163302.212276936,2.6926344050443896,1.7612668189887812
1746163302.216874123,2.704669412445532,1.772586167870297
1746163302.220239162,2.704669412445532,1.772586167870297
1746163302.224236965,2.704669412445532,1.772586167870297
1746163302.228491068,2.717019829898339,1.783748700191213
1746163302.232285738,2.717019829898339,1.783748700191213
1746163302.236726046,2.7296730791862864,1.7947500205931188
1746163302.240899801,2.7296730791862864,1.7947500205931188
1746163302.244219780,2.7296730791862864,1.7947500205931188
1746163302.248231173,2.74258872018855,1.8056200042932056
1746163302.252264738,2.74258872018855,1.8056200042932056
1746163302.256720781,2.755727229114509,1.8163916062061525
1746163302.260252237,2.755727229114509,1.8163916062061525
1746163302.264246702,2.755727229114509,1.8163916062061525
1746163302.268218279,2.7690558109648333,1.8270930444202622
1746163302.272221088,2.7690558109648333,1.8270930444202622
1746163302.276879311,2.7825462322137886,1.8377493308079829
1746163302.280257702,2.7825462322137886,1.8377493308079829
1746163302.284271717,2.7825462322137886,1.8377493308079829
1746163302.288237333,2.7961882729636245,1.848364150099004
1746163302.292284012,2.7961882729636245,1.848364150099004
1746163302.296824217,2.810012735734293,1.858888341799172
1746163302.300189257,2.810012735734293,1.858888341799172
1746163302.304295301,2.810012735734293,1.858888341799172
1746163302.308256149,2.8240133190056995,1.869320042774649
1746163302.312277079,2.8240133190056995,1.869320042774649
1746163302.316837311,2.8382254053078078,1.879600388255328
1746163302.320227385,2.8382254053078078,1.879600388255328
1746163302.324250460,2.8382254053078078,1.879600388255328
1746163302.328218937,2.8526879977371475,1.889692856039024
1746163302.332289219,2.8526879977371475,1.889692856039024
1746163302.336850405,2.8673943845786014,1.8996229230565493
1746163302.340240002,2.8673943845786014,1.8996229230565493
1746163302.344275951,2.8673943845786014,1.8996229230565493
1746163302.348258734,2.8823524182985367,1.9093614689627871
1746163302.352237225,2.8823524182985367,1.9093614689627871
1746163302.356772184,2.8975419248345915,1.9189219738741194
1746163302.360237122,2.8975419248345915,1.9189219738741194
1746163302.364224195,2.8975419248345915,1.9189219738741194
1746163302.368242741,2.912970795767033,1.92827431382016
1746163302.372308254,2.912970795767033,1.92827431382016
1746163302.376799822,2.928619867013712,1.937432379470434
1746163302.380248070,2.928619867013712,1.937432379470434
1746163302.384241581,2.928619867013712,1.937432379470434
1746163302.388259649,2.9444965415707482,1.9463656061502457
1746163302.392229080,2.9444965415707482,1.9463656061502457
1746163302.396800280,2.9605823681115804,1.9550886315505123
1746163302.400231600,2.9605823681115804,1.9550886315505123
1746163302.404257774,2.9605823681115804,1.9550886315505123
1746163302.408250332,2.9768840132802783,1.9635707200868309
1746163302.412271976,2.9768840132802783,1.9635707200868309
1746163302.416853428,2.993383627606135,1.9718273960146857
1746163302.420325518,2.993383627606135,1.9718273960146857
1746163302.424266100,2.993383627606135,1.9718273960146857
1746163302.428225756,3.010087018286119,1.9798278891855943
1746163302.432299137,3.010087018286119,1.9798278891855943
1746163302.436799049,3.0269769097599486,1.987588657707885
1746163302.440273285,3.0269769097599486,1.987588657707885
1746163302.444262981,3.0269769097599486,1.987588657707885
1746163302.448231936,3.0440744277037832,1.9950864274196245
1746163302.452229738,3.0440744277037832,1.9950864274196245
1746163302.456755161,3.0613785827726097,2.002345193259958
1746163302.460225344,3.0613785827726097,2.002345193259958
1746163302.464279413,3.0613785827726097,2.002345193259958
1746163302.468212605,3.0788918556768556,2.009333548703536
1746163302.472290516,3.0788918556768556,2.009333548703536
1746163302.476897955,3.09659716790931,2.0160681353523366
1746163302.480242014,3.09659716790931,2.0160681353523366
1746163302.484292030,3.09659716790931,2.0160681353523366
1746163302.488220692,3.1144963017997256,2.0225173617616434
1746163302.492234230,3.1144963017997256,2.0225173617616434
1746163302.496788263,3.1325729813688317,2.0286985844041694
1746163302.500290632,3.1325729813688317,2.0286985844041694
1746163302.504270554,3.1325729813688317,2.0286985844041694
1746163302.508226633,3.15082815888228,2.0345801944741395
1746163302.512244701,3.15082815888228,2.0345801944741395
1746163302.516807556,3.1692463067961074,2.040180347263141
1746163302.520255327,3.1692463067961074,2.040180347263141
1746163302.524232626,3.1692463067961074,2.040180347263141
1746163302.528272152,3.1878274617850515,2.045467543011381
1746163302.532289267,3.1878274617850515,2.045467543011381
1746163302.536812544,3.2065568298704417,2.0504607750697383
1746163302.540222645,3.2065568298704417,2.0504607750697383
1746163302.544258356,3.2065568298704417,2.0504607750697383
1746163302.548217297,3.2254334813601515,2.0551287393773743
1746163302.552219629,3.2254334813601515,2.0551287393773743
1746163302.557057381,3.24446286865275,2.0594959354601885
1746163302.560261488,3.24446286865275,2.0594959354601885
1746163302.564243078,3.24446286865275,2.0594959354601885
1746163302.568229437,3.263661633540772,2.063535891018324
1746163302.572218180,3.263661633540772,2.063535891018324
1746163302.576798439,3.283010355331505,2.067291969665576
1746163302.580243349,3.283010355331505,2.067291969665576
1746163302.584263086,3.283010355331505,2.067291969665576
1746163302.588224173,3.302489300164319,2.070822388809699
1746163302.592278481,3.302489300164319,2.070822388809699
1746163302.596862316,3.3220866764404295,2.0741535273950675
1746163302.600279331,3.3220866764404295,2.0741535273950675
1746163302.604238510,3.3220866764404295,2.0741535273950675
1746163302.608242512,3.3418031761520366,2.077240840659794
1746163302.612394333,3.3418031761520366,2.077240840659794
1746163302.617057800,3.361629996808361,2.0800957460706293
1746163302.620229959,3.361629996808361,2.0800957460706293
1746163302.624242544,3.361629996808361,2.0800957460706293
1746163302.628268480,3.3815653716409053,2.082681127489684
1746163302.632227182,3.3815653716409053,2.082681127489684
1746163302.636897087,3.4015971760240262,2.0850384793425945
1746163302.640272141,3.4015971760240262,2.0850384793425945
1746163302.644228697,3.4015971760240262,2.0850384793425945
1746163302.648231506,3.4217131303926323,2.0872256300474366
1746163302.652281284,3.4217131303926323,2.0872256300474366
1746163302.656892061,3.441926495094842,2.0892949620476533
1746163302.660259247,3.441926495094842,2.0892949620476533
1746163302.664293289,3.441926495094842,2.0892949620476533
1746163302.668243647,3.4622509823107666,2.091294459791554
1746163302.672295809,3.4622509823107666,2.091294459791554
1746163302.676956415,3.4826794715159486,2.093243395916015
1746163302.680202007,3.4826794715159486,2.093243395916015
1746163302.684226036,3.4826794715159486,2.093243395916015
1746163302.688254833,3.503211562479652,2.095092655404786
1746163302.692236423,3.503211562479652,2.095092655404786
1746163302.696790218,3.52384144840522,2.0968510280811032
1746163302.700277328,3.52384144840522,2.0968510280811032
1746163302.704254389,3.52384144840522,2.0968510280811032
1746163302.708214760,3.5445674519200225,2.0984800062483027
1746163302.712228775,3.5445674519200225,2.0984800062483027
1746163302.716759920,3.5653834323736917,2.09999585936075
1746163302.720329285,3.5653834323736917,2.09999585936075
1746163302.724231720,3.5653834323736917,2.09999585936075
1746163302.728234768,3.5862870594698895,2.101365078214931
1746163302.732268572,3.5862870594698895,2.101365078214931
1746163302.736831665,3.6072723697811,2.1026076812279033
1746163302.740260839,3.6072723697811,2.1026076812279033
1746163302.744259357,3.6072723697811,2.1026076812279033
1746163302.748266459,3.6283366556594414,2.103692670527537
1746163302.752261162,3.6283366556594414,2.103692670527537
1746163302.756791353,3.64949906013025,2.1046432383540585
1746163302.760232687,3.64949906013025,2.1046432383540585
1746163302.764276743,3.64949906013025,2.1046432383540585
1746163302.768497467,3.670780121591658,2.1054311975953115
1746163302.772724152,3.670780121591658,2.1054311975953115
1746163302.778496504,3.6921725444846314,2.1060788960959775
1746163302.781721830,3.6921725444846314,2.1060788960959775
1746163302.789024353,3.713670955060556,2.106557559186588
1746163302.792678356,3.713670955060556,2.106557559186588
1746163302.797437191,3.735268819890397,2.106890155707336
1746163302.800295353,3.735268819890397,2.106890155707336
1746163302.804263830,3.735268819890397,2.106890155707336
1746163302.808238983,3.7569607582609303,2.1070481802449867
1746163302.812309265,3.7569607582609303,2.1070481802449867
1746163302.817149878,3.7787409818418967,2.1070550546249405
1746163302.820243120,3.7787409818418967,2.1070550546249405
1746163302.824275255,3.7787409818418967,2.1070550546249405
1746163302.828222036,3.800604064160113,2.106882464023751
1746163302.832330465,3.800604064160113,2.106882464023751
1746163302.836907148,3.822544940071748,2.106554205125744
1746163302.840276957,3.822544940071748,2.106554205125744
1746163302.844253063,3.822544940071748,2.106554205125744
1746163302.848284721,3.844585959887293,2.106041794726807
1746163302.852227211,3.844585959887293,2.106041794726807
1746163302.856764317,3.8667492844682947,2.105368392535296
1746163302.860266447,3.8667492844682947,2.105368392535296
1746163302.864473581,3.8667492844682947,2.105368392535296
1746163302.870345354,3.88902672454916,2.1045064277607843
1746163302.873472214,3.88902672454916,2.1045064277607843
1746163302.879419565,3.9114121113285143,2.1034793750922853
1746163302.882776260,3.9114121113285143,2.1034793750922853
1746163302.885259151,3.9114121113285143,2.1034793750922853
1746163302.888811588,3.933897346859339,2.1022595371826247
1746163302.892369986,3.933897346859339,2.1022595371826247
1746163302.896993399,3.956477128935899,2.1008705218463692
1746163302.900238514,3.956477128935899,2.1008705218463692
1746163302.904277325,3.956477128935899,2.1008705218463692
1746163302.908159018,3.979143388980114,2.0992845793427715
1746163302.912271976,3.979143388980114,2.0992845793427715
1746163302.916835785,4.001891647312708,2.097525493615096
1746163302.920343399,4.001891647312708,2.097525493615096
1746163302.924289227,4.001891647312708,2.097525493615096
1746163302.928235054,4.024711627087529,2.095540895853675
1746163302.932277203,4.024711627087529,2.095540895853675
1746163302.936807632,4.047620954548773,2.093285058571969
1746163302.940263748,4.047620954548773,2.093285058571969
1746163302.944310665,4.047620954548773,2.093285058571969
1746163302.948269844,4.070642689704807,2.0907858817604605
1746163302.952258110,4.070642689704807,2.0907858817604605
1746163302.956871510,4.093765218707921,2.088020192405835
1746163302.960282564,4.093765218707921,2.088020192405835
1746163302.964480400,4.093765218707921,2.088020192405835
1746163302.971924305,4.116982894948738,2.0850138862886034
1746163302.975012302,4.116982894948738,2.0850138862886034
1746163302.979001999,4.140283956382313,2.0817413139493657
1746163302.981735945,4.140283956382313,2.0817413139493657
1746163302.984601498,4.140283956382313,2.0817413139493657
1746163302.988263845,4.163663669373614,2.078226892024026
1746163302.992266655,4.163663669373614,2.078226892024026
1746163302.996950865,4.187110100510799,2.074443928114557
1746163303.000284433,4.187110100510799,2.074443928114557
1746163303.004224062,4.187110100510799,2.074443928114557
1746163303.008248806,4.210623615254206,2.070440604268652
1746163303.012264252,4.210623615254206,2.070440604268652
1746163303.016765356,4.23420458093971,2.066257131584761
1746163303.020241737,4.23420458093971,2.066257131584761
1746163303.024279833,4.23420458093971,2.066257131584761
1746163303.028257370,4.257869869822692,2.061854980406318
1746163303.032220840,4.257869869822692,2.061854980406318
1746163303.036718130,4.28164464238342,2.0572487212782167
1746163303.040234566,4.28164464238342,2.0572487212782167
1746163303.044256926,4.28164464238342,2.0572487212782167
1746163303.048488379,4.305514778893669,2.0524101625621154
1746163303.052471161,4.305514778893669,2.0524101625621154
1746163303.059075594,4.329476409524346,2.047361556769574
1746163303.063287497,4.329476409524346,2.047361556769574
1746163303.067915201,4.353515725249951,2.04207590337186
1746163303.069832802,4.353515725249951,2.04207590337186
1746163303.072237492,4.353515725249951,2.04207590337186
1746163303.077181578,4.377629949993173,2.0365763241191823
1746163303.080287218,4.377629949993173,2.0365763241191823
1746163303.084251642,4.377629949993173,2.0365763241191823
1746163303.088302851,4.401805415499783,2.0308362998579708
1746163303.092232466,4.401805415499783,2.0308362998579708
1746163303.096766233,4.426040324432178,2.0248793569238366
1746163303.100255966,4.426040324432178,2.0248793569238366
1746163303.104288101,4.426040324432178,2.0248793569238366
1746163303.108209610,4.450349531579381,2.0186723724885502
1746163303.112230539,4.450349531579381,2.0186723724885502
1746163303.116761684,4.474765322258763,2.0122553355545523
1746163303.120217323,4.474765322258763,2.0122553355545523
1746163303.124214888,4.474765322258763,2.0122553355545523
1746163303.128211737,4.499295947404219,2.005692260933261
1746163303.132226944,4.499295947404219,2.005692260933261
1746163303.136923552,4.5239496311233225,1.9990423988255057
1746163303.140230656,4.5239496311233225,1.9990423988255057
1746163303.144254684,4.5239496311233225,1.9990423988255057
1746163303.148245096,4.548734617792808,1.9923623697840147
1746163303.152214766,4.548734617792808,1.9923623697840147
1746163303.156627178,4.573652809661613,1.9856839287968922
1746163303.160266399,4.573652809661613,1.9856839287968922
1746163303.164219379,4.573652809661613,1.9856839287968922
1746163303.168258905,4.598688481079684,1.9789720452547737
1746163303.172312498,4.598688481079684,1.9789720452547737
1746163303.176958799,4.623847059390338,1.9722695513190989
1746163303.180222273,4.623847059390338,1.9722695513190989
1746163303.184214115,4.623847059390338,1.9722695513190989
1746163303.188215256,4.649161105949424,1.9656073578400182
1746163303.192266226,4.649161105949424,1.9656073578400182
1746163303.196879625,4.674643948541989,1.9589482329584889
1746163303.200352907,4.674643948541989,1.9589482329584889
1746163303.204286337,4.674643948541989,1.9589482329584889
1746163303.208247662,4.700293589688965,1.9523156004794455
1746163303.212275743,4.700293589688965,1.9523156004794455
1746163303.216731071,4.726096231696054,1.9456859679407308
1746163303.220250845,4.726096231696054,1.9456859679407308
1746163303.224267006,4.726096231696054,1.9456859679407308
1746163303.228337288,4.752051289143037,1.9390856833955905
1746163303.232246161,4.752051289143037,1.9390856833955905
1746163303.236761332,4.778146135068502,1.932492641273081
1746163303.240244150,4.778146135068502,1.932492641273081
1746163303.244215488,4.778146135068502,1.932492641273081
1746163303.248241663,4.804381003260942,1.925934202956414
1746163303.252269506,4.804381003260942,1.925934202956414
1746163303.256633282,4.8307714696304656,1.9193816558227428
1746163303.260385275,4.8307714696304656,1.9193816558227428
1746163303.264274359,4.8307714696304656,1.9193816558227428
1746163303.268265963,4.857344307442188,1.9128556226391111
1746163303.272230864,4.857344307442188,1.9128556226391111
1746163303.276748896,4.884085908985144,1.9063352551757047
1746163303.280222416,4.884085908985144,1.9063352551757047
1746163303.284267426,4.884085908985144,1.9063352551757047
1746163303.288481474,4.910994918879904,1.89984818477444
1746163303.292784452,4.910994918879904,1.89984818477444
1746163303.298622608,4.938058480289187,1.8933730698477793
1746163303.302034855,4.938058480289187,1.8933730698477793
1746163303.308997154,4.965275826743811,1.8869374454121937
1746163303.312924623,4.965275826743811,1.8869374454121937
1746163303.317260504,4.992634789415297,1.8805194912736005
1746163303.320273161,4.992634789415297,1.8805194912736005
1746163303.324297428,4.992634789415297,1.8805194912736005
1746163303.328242779,5.020135118475649,1.8741466422155948
1746163303.332299709,5.020135118475649,1.8741466422155948
1746163303.337193012,5.047792320508914,1.867790463450909
1746163303.340234041,5.047792320508914,1.867790463450909
1746163303.344227791,5.047792320508914,1.867790463450909
1746163303.348239899,5.075632233277461,1.8614718938097647
1746163303.352246761,5.075632233277461,1.8614718938097647
1746163303.357110023,5.103641554458667,1.8551694864673647
1746163303.360256910,5.103641554458667,1.8551694864673647
1746163303.364281654,5.103641554458667,1.8551694864673647
1746163303.368212461,5.1318183780383455,1.8489105107028454
1746163303.372262955,5.1318183780383455,1.8489105107028454
1746163303.376659155,5.160150177735212,1.8426730760800685
1746163303.380213976,5.160150177735212,1.8426730760800685
1746163303.384235859,5.160150177735212,1.8426730760800685
1746163303.388211489,5.188635644350967,1.836484431308843
1746163303.392372608,5.188635644350967,1.836484431308843
1746163303.396719456,5.217288389428958,1.8303168584010059
1746163303.400214672,5.217288389428958,1.8303168584010059
1746163303.404224396,5.217288389428958,1.8303168584010059
1746163303.408258915,5.24613173410868,1.824191912681169
1746163303.412203074,5.24613173410868,1.824191912681169
1746163303.416698694,5.27514732285812,1.8180643782264394
1746163303.420227766,5.27514732285812,1.8180643782264394
1746163303.424275875,5.27514732285812,1.8180643782264394
1746163303.428246975,5.304318356753744,1.8118937425418877
1746163303.432260752,5.304318356753744,1.8118937425418877
1746163303.436690569,5.333643391410972,1.8057102034358652
1746163303.440218210,5.333643391410972,1.8057102034358652
1746163303.444476366,5.333643391410972,1.8057102034358652
1746163303.450196028,5.3631105193660344,1.7994926629036827
1746163303.453078270,5.3631105193660344,1.7994926629036827
1746163303.458651304,5.392718309811772,1.7932680178340217
1746163303.462078571,5.392718309811772,1.7932680178340217
1746163303.465695858,5.392718309811772,1.7932680178340217
1746163303.470623970,5.422480142727454,1.787007731091509
1746163303.473193169,5.422480142727454,1.787007731091509
1746163303.477272272,5.452418744265546,1.7807320921388896
1746163303.480207920,5.452418744265546,1.7807320921388896
1746163303.484287024,5.452418744265546,1.7807320921388896
1746163303.488241673,5.482515636459702,1.7743939028827171
1746163303.492262363,5.482515636459702,1.7743939028827171
1746163303.496903658,5.512753569138042,1.7679504325172015
1746163303.500223637,5.512753569138042,1.7679504325172015
1746163303.504217625,5.512753569138042,1.7679504325172015
1746163303.508213520,5.543130615321851,1.7614296845330606
1746163303.512202024,5.543130615321851,1.7614296845330606
1746163303.516692162,5.573634262369999,1.7548084120048415
1746163303.520311117,5.573634262369999,1.7548084120048415
1746163303.524323702,5.573634262369999,1.7548084120048415
1746163303.528187513,5.60428618694543,1.748106406318233
1746163303.532262325,5.60428618694543,1.748106406318233
1746163303.536660433,5.635096415775658,1.7412938411481464
1746163303.540224314,5.635096415775658,1.7412938411481464
1746163303.544263363,5.635096415775658,1.7412938411481464
1746163303.548253536,5.666061345292036,1.7343942957606824
1746163303.552310705,5.666061345292036,1.7343942957606824
1746163303.556952953,5.69716692630614,1.7273824996268607
1746163303.560259819,5.69716692630614,1.7273824996268607
1746163303.564218998,5.69716692630614,1.7273824996268607
1746163303.568228722,5.728410426909984,1.720281985759205
1746163303.572209120,5.728410426909984,1.720281985759205
1746163303.576654196,5.759778387541435,1.7130673077904646
1746163303.580256701,5.759778387541435,1.7130673077904646
1746163303.584275723,5.759778387541435,1.7130673077904646
1746163303.588240862,5.791268945256796,1.7057622390445504
1746163303.592282057,5.791268945256796,1.7057622390445504
1746163303.596655607,5.82288920963482,1.6983368397433145
1746163303.600238800,5.82288920963482,1.6983368397433145
1746163303.604263067,5.82288920963482,1.6983368397433145
1746163303.608222961,5.854662708461058,1.6908341191934213
1746163303.612243414,5.854662708461058,1.6908341191934213
1746163303.616967916,5.88659153991352,1.6832976335023628
1746163303.620253801,5.88659153991352,1.6832976335023628
1746163303.624212265,5.88659153991352,1.6832976335023628
1746163303.628198862,5.918661610686156,1.6757006165582033
1746163303.632199764,5.918661610686156,1.6757006165582033
1746163303.636830807,5.9508712725046955,1.6680673844508596
1746163303.640248060,5.9508712725046955,1.6680673844508596
1746163303.644252539,5.9508712725046955,1.6680673844508596
1746163303.648271084,5.98320790863853,1.6603744834036762
1746163303.652273893,5.98320790863853,1.6603744834036762
1746163303.656706572,6.015652899191949,1.6526530642566881
1746163303.660253525,6.015652899191949,1.6526530642566881
1746163303.664260387,6.015652899191949,1.6526530642566881
1746163303.668467283,6.0481770578012135,1.6448846663519172
1746163303.672313929,6.0481770578012135,1.6448846663519172
1746163303.678344965,6.080782612894205,1.6370966588906681
1746163303.681592464,6.080782612894205,1.6370966588906681
1746163303.685714245,6.080782612894205,1.6370966588906681
1746163303.692807198,6.1134540664765655,1.6292414912308189
1746163303.697332859,6.146177129590601,1.6212766408707642
1746163303.700276375,6.146177129590601,1.6212766408707642
1746163303.704265594,6.146177129590601,1.6212766408707642
1746163303.708307981,6.178955244022667,1.6132323354866307
1746163303.712392330,6.178955244022667,1.6132323354866307
1746163303.717482805,6.211759888870133,1.6050899798402638
1746163303.720269680,6.211759888870133,1.6050899798402638
1746163303.724260807,6.211759888870133,1.6050899798402638
1746163303.728268862,6.244575874623458,1.596880383271511
1746163303.732291698,6.244575874623458,1.596880383271511
1746163303.736793995,6.2773950577539805,1.588577069921905
1746163303.740270615,6.2773950577539805,1.588577069921905
1746163303.744263411,6.2773950577539805,1.588577069921905
1746163303.748227358,6.310222189896128,1.5802045981360682
1746163303.752229691,6.310222189896128,1.5802045981360682
1746163303.756723404,6.34304885179771,1.5717354942270154
1746163303.760250568,6.34304885179771,1.5717354942270154
1746163303.764270306,6.34304885179771,1.5717354942270154
1746163303.768477917,6.3758218879418695,1.5632090311697797
1746163303.772439480,6.3758218879418695,1.5632090311697797
1746163303.780034781,6.408484052009853,1.5546093122214732
1746163303.805137396,6.441058061365955,1.5459572312913779
1746163303.808248520,6.4735492792688385,1.5372206783100755
1746163303.812285900,6.4735492792688385,1.5372206783100755
1746163303.816883326,6.505974871999195,1.5284218307296134
1746163303.820208549,6.505974871999195,1.5284218307296134
1746163303.824200153,6.505974871999195,1.5284218307296134
1746163303.828252077,6.538335642896143,1.5195304177739402
1746163303.832263708,6.538335642896143,1.5195304177739402
1746163303.836650610,6.570554174214945,1.5105954774941277
1746163303.840355396,6.570554174214945,1.5105954774941277
1746163303.844328165,6.570554174214945,1.5105954774941277
1746163303.848217010,6.602554088715833,1.5016074193727262
1746163303.852223396,6.602554088715833,1.5016074193727262
1746163303.856665611,6.6343861791394945,1.492609808816084
1746163303.860197783,6.6343861791394945,1.492609808816084
1746163303.864253044,6.6343861791394945,1.492609808816084
1746163303.868197441,6.666092184280165,1.4836393767166045
1746163303.872248650,6.666092184280165,1.4836393767166045
1746163303.876732826,6.697686270871324,1.4746563649705622
1746163303.880232811,6.697686270871324,1.4746563649705622
1746163303.884186983,6.697686270871324,1.4746563649705622
1746163303.888254404,6.729194576148453,1.4656803230483386
1746163303.892218351,6.729194576148453,1.4656803230483386
1746163303.896650553,6.760530289166744,1.4567077287117434
1746163303.900211811,6.760530289166744,1.4567077287117434
1746163303.904292822,6.760530289166744,1.4567077287117434
1746163303.908269167,6.7916377078520584,1.4477868332233406
1746163303.912266731,6.7916377078520584,1.4477868332233406
1746163303.916692734,6.822551835301834,1.4388785525341425
1746163303.920238018,6.822551835301834,1.4388785525341425
1746163303.924256086,6.822551835301834,1.4388785525341425
1746163303.928215027,6.853315908702674,1.43000303235763
1746163303.932218313,6.853315908702674,1.43000303235763
1746163303.936868906,6.8839506650551785,1.4211270748324427
1746163303.940235138,6.8839506650551785,1.4211270748324427
1746163303.944277525,6.8839506650551785,1.4211270748324427
1746163303.948263168,6.914487360377625,1.4122738095715315
1746163303.952216148,6.914487360377625,1.4122738095715315
1746163303.956816196,6.9448308801826055,1.4034139967383783
1746163303.960253954,6.9448308801826055,1.4034139967383783
1746163303.964226484,6.9448308801826055,1.4034139967383783
1746163303.968298197,6.97489533665682,1.3944949839427718
1746163303.972285748,6.97489533665682,1.3944949839427718
1746163303.976650953,7.004715014153852,1.385467135685979
1746163303.980258226,7.004715014153852,1.385467135685979
1746163303.984273672,7.004715014153852,1.385467135685979
1746163303.988471031,7.034338037113083,1.3763586974110433
1746163303.992320776,7.034338037113083,1.3763586974110433
1746163303.998160124,7.06378662980133,1.367137833490636
1746163304.001143932,7.06378662980133,1.367137833490636
1746163304.004496574,7.06378662980133,1.367137833490636
1746163304.011032820,7.093093138760651,1.3578253055411171
1746163304.014031649,7.093093138760651,1.3578253055411171
1746163304.019341230,7.122267619184775,1.3483872589600792
1746163304.021656752,7.122267619184775,1.3483872589600792
1746163304.024312258,7.122267619184775,1.3483872589600792
1746163304.028268099,7.151232107731362,1.3388768257903556
1746163304.032327890,7.151232107731362,1.3388768257903556
1746163304.037042618,7.179907014217901,1.3292871738216296
1746163304.040238857,7.179907014217901,1.3292871738216296
1746163304.044274807,7.179907014217901,1.3292871738216296
1746163304.048212051,7.208345515410686,1.319629866797285
1746163304.052215099,7.208345515410686,1.319629866797285
1746163304.056647062,7.236573227826037,1.3098631468896818
1746163304.060216427,7.236573227826037,1.3098631468896818
1746163304.064288378,7.236573227826037,1.3098631468896818
1746163304.068261147,7.264627660666113,1.300002666841597
1746163304.072216988,7.264627660666113,1.300002666841597
1746163304.076718330,7.292521957666927,1.290012328189416
1746163304.080266476,7.292521957666927,1.290012328189416
1746163304.084482193,7.292521957666927,1.290012328189416
1746163304.090577364,7.320176984452302,1.279951231973133
1746163304.094796181,7.320176984452302,1.279951231973133
1746163304.102102995,7.347510732294651,1.269818187638707
1746163304.105417728,7.347510732294651,1.269818187638707
1746163304.110151768,7.37458216447341,1.259623467604541
1746163304.112726212,7.37458216447341,1.259623467604541
1746163304.117614031,7.401419981388254,1.249325008775562
1746163304.120283604,7.401419981388254,1.249325008775562
1746163304.124298334,7.401419981388254,1.249325008775562
1746163304.128266096,7.428066147162788,1.2389384871520095
1746163304.132367849,7.428066147162788,1.2389384871520095
1746163304.136915207,7.454535822254748,1.2284284759481823
1746163304.140263319,7.454535822254748,1.2284284759481823
1746163304.144284487,7.454535822254748,1.2284284759481823
1746163304.148464441,7.480860152772882,1.2178146748342227
1746163304.152384043,7.480860152772882,1.2178146748342227
1746163304.157660723,7.506936408229669,1.20711091515924
1746163304.160521269,7.506936408229669,1.20711091515924
1746163304.164298773,7.506936408229669,1.20711091515924
1746163304.168282747,7.5327014393788785,1.1963779925271
1746163304.172275782,7.5327014393788785,1.1963779925271
1746163304.176848173,7.558192116492286,1.185570102333077
1746163304.180262089,7.558192116492286,1.185570102333077
1746163304.184223652,7.558192116492286,1.185570102333077
1746163304.188251019,7.583459034414619,1.1746998834918614
1746163304.192255020,7.583459034414619,1.1746998834918614
1746163304.196730614,7.608522371399084,1.1637293351072036
1746163304.200275183,7.608522371399084,1.1637293351072036
1746163304.204226971,7.608522371399084,1.1637293351072036
1746163304.208216429,7.633419268564588,1.1526759623942076
1746163304.212214708,7.633419268564588,1.1526759623942076
1746163304.216640949,7.658159081511082,1.1415073357620753
1746163304.220239878,7.658159081511082,1.1415073357620753
1746163304.224288464,7.658159081511082,1.1415073357620753
1746163304.228461266,7.682650171651773,1.1303003561965868
1746163304.232374191,7.682650171651773,1.1303003561965868
1746163304.238485098,7.706796642445256,1.119069956216348
1746163304.240774632,7.706796642445256,1.119069956216348
1746163304.244320393,7.706796642445256,1.119069956216348
1746163304.248569012,7.730663871844038,1.1078220156555505
1746163304.252431631,7.730663871844038,1.1078220156555505
1746163304.257089376,7.754269710022229,1.0964874224712844
1746163304.260205030,7.754269710022229,1.0964874224712844
1746163304.264223099,7.754269710022229,1.0964874224712844
1746163304.268207073,7.777628381222059,1.0850123584438778
1746163304.272210360,7.777628381222059,1.0850123584438778
1746163304.276705503,7.800783298656012,1.0734198207676293
1746163304.280256987,7.800783298656012,1.0734198207676293
1746163304.284216881,7.800783298656012,1.0734198207676293
1746163304.288273573,7.823745607327327,1.0616804040343488
1746163304.292260885,7.823745607327327,1.0616804040343488
1746163304.296751499,7.8465468463043395,1.0498151812468655
1746163304.300216913,7.8465468463043395,1.0498151812468655
1746163304.304285526,7.8465468463043395,1.0498151812468655
1746163304.308246136,7.869073531472049,1.0378565558176327
1746163304.312395096,7.869073531472049,1.0378565558176327
1746163304.316677570,7.891258537605542,1.0258783056246388
1746163304.320410013,7.891258537605542,1.0258783056246388
1746163304.324208975,7.891258537605542,1.0258783056246388
1746163304.328214645,7.913136535426105,1.0138308977291413
1746163304.332254410,7.913136535426105,1.0138308977291413
1746163304.336730719,7.934761168623805,1.0017216077915148
1746163304.340271711,7.934761168623805,1.0017216077915148
1746163304.344265699,7.934761168623805,1.0017216077915148
1746163304.348220110,7.956149958197749,0.9895102242635888
1746163304.352296829,7.956149958197749,0.9895102242635888
1746163304.356741428,7.977342892892901,0.9772102714779595
1746163304.360230207,7.977342892892901,0.9772102714779595
1746163304.364321947,7.977342892892901,0.9772102714779595
1746163304.368253708,7.998346627043355,0.964788519346966
1746163304.372253656,7.998346627043355,0.964788519346966
1746163304.376667976,8.019192479471775,0.9522627173040895
1746163304.380219936,8.019192479471775,0.9522627173040895
1746163304.384314775,8.019192479471775,0.9522627173040895
1746163304.388259649,8.039779530338624,0.9396655434028328
1746163304.392271757,8.039779530338624,0.9396655434028328
1746163304.396689653,8.06006837757504,0.9270929506579786
1746163304.400286913,8.06006837757504,0.9270929506579786
1746163304.404389858,8.06006837757504,0.9270929506579786
1746163304.408472538,8.080126275080469,0.9145582488120096
1746163304.412472248,8.080126275080469,0.9145582488120096
1746163304.419107437,8.099953681540677,0.901985963175476
1746163304.423734903,8.099953681540677,0.901985963175476
1746163304.429628134,8.119538444544688,0.8892978198378553
1746163304.432638407,8.119538444544688,0.8892978198378553
1746163304.437292576,8.13886793109395,0.8764301345933037
1746163304.440303564,8.13886793109395,0.8764301345933037
1746163304.444202662,8.13886793109395,0.8764301345933037
1746163304.448206425,8.1579419715883,0.8633503375369662
1746163304.452323675,8.1579419715883,0.8633503375369662
1746163304.456855059,8.176798741985683,0.8500895754722215
1746163304.460226536,8.176798741985683,0.8500895754722215
1746163304.464216948,8.176798741985683,0.8500895754722215
1746163304.468221903,8.195395043229626,0.8366593084670182
1746163304.472226858,8.195395043229626,0.8366593084670182
1746163304.476734877,8.21372482297404,0.8231098929431107
1746163304.480303526,8.21372482297404,0.8231098929431107
1746163304.484314442,8.21372482297404,0.8231098929431107
1746163304.488254547,8.231794855057023,0.8094093299280651
1746163304.492258787,8.231794855057023,0.8094093299280651
1746163304.496785402,8.24964077984869,0.7955726504552224
1746163304.500220299,8.24964077984869,0.7955726504552224
1746163304.504258394,8.24964077984869,0.7955726504552224
1746163304.508224249,8.26725996896837,0.7815717489089982
1746163304.512291193,8.26725996896837,0.7815717489089982
1746163304.516682386,8.284681281706177,0.7674240270293373
1746163304.520219564,8.284681281706177,0.7674240270293373
1746163304.524265051,8.284681281706177,0.7674240270293373
1746163304.528218031,8.301896365643712,0.7531048630434474
1746163304.532255888,8.301896365643712,0.7531048630434474
1746163304.536643267,8.318930033107717,0.7386333956425684
1746163304.540263653,8.318930033107717,0.7386333956425684
1746163304.544300318,8.318930033107717,0.7386333956425684
1746163304.548261404,8.33577011879965,0.7239874945150248
1746163304.552223444,8.33577011879965,0.7239874945150248
1746163304.556681395,8.352428627435758,0.7091964787287358
1746163304.560210466,8.352428627435758,0.7091964787287358
1746163304.564218760,8.352428627435758,0.7091964787287358
1746163304.568256140,8.368882267274063,0.6942472482985403
1746163304.572303057,8.368882267274063,0.6942472482985403
1746163304.577094793,8.38515558506095,0.6791574770498662
1746163304.580287457,8.38515558506095,0.6791574770498662
1746163304.584263802,8.38515558506095,0.6791574770498662
1746163304.588225365,8.401234587216562,0.663905279419785
1746163304.592243910,8.401234587216562,0.663905279419785
1746163304.596770525,8.417141643329076,0.6485094678259251
1746163304.600261688,8.417141643329076,0.6485094678259251
1746163304.604279518,8.417141643329076,0.6485094678259251
1746163304.608420610,8.432860429387256,0.6329500164424496
1746163304.612268448,8.432860429387256,0.6329500164424496
1746163304.616724253,8.448412016074547,0.6172463237847272
1746163304.620248795,8.448412016074547,0.6172463237847272
1746163304.624270439,8.448412016074547,0.6172463237847272
1746163304.628254890,8.463778400215304,0.6013796881859726
1746163304.632228374,8.463778400215304,0.6013796881859726
1746163304.636797428,8.478956099708801,0.5853948957385464
1746163304.640280008,8.478956099708801,0.5853948957385464
1746163304.644285917,8.478956099708801,0.5853948957385464
1746163304.648234606,8.493906304204806,0.5692943633464671
1746163304.652264595,8.493906304204806,0.5692943633464671
1746163304.657011509,8.50865787285871,0.5530896890893092
1746163304.660254002,8.50865787285871,0.5530896890893092
1746163304.664215326,8.50865787285871,0.5530896890893092
1746163304.668221235,8.52319700832368,0.5367567371716835
1746163304.672377825,8.52319700832368,0.5367567371716835
1746163304.676731348,8.537549502643522,0.5203097871675203
1746163304.680238485,8.537549502643522,0.5203097871675203
1746163304.684357166,8.537549502643522,0.5203097871675203
1746163304.688225508,8.551698774248191,0.5037279979660994
1746163304.692221880,8.551698774248191,0.5037279979660994
1746163304.696728706,8.565668789217755,0.48702728633981385
1746163304.700162888,8.565668789217755,0.48702728633981385
1746163304.704329491,8.565668789217755,0.48702728633981385
1746163304.708249807,8.579441020749533,0.4701890888771709
1746163304.712250471,8.579441020749533,0.4701890888771709
1746163304.716730118,8.593038321211887,0.45323019353449634
1746163304.720194578,8.593038321211887,0.45323019353449634
1746163304.724227428,8.593038321211887,0.45323019353449634
1746163304.728224516,8.606417041936371,0.4361634960059915
1746163304.732249737,8.606417041936371,0.4361634960059915
1746163304.736839056,8.619580930587404,0.41903092460052654
1746163304.740239620,8.619580930587404,0.41903092460052654
1746163304.744228840,8.619580930587404,0.41903092460052654
1746163304.748253107,8.632516671424325,0.4018060739366879
1746163304.752264023,8.632516671424325,0.4018060739366879
1746163304.756718159,8.64527434682855,0.38451374774145464
1746163304.760232687,8.64527434682855,0.38451374774145464
1746163304.764219284,8.64527434682855,0.38451374774145464
1746163304.768316746,8.657904309761442,0.36718023192726
1746163304.772251606,8.657904309761442,0.36718023192726
1746163304.776764393,8.67039999842804,0.3497918844865605
1746163304.780260324,8.67039999842804,0.3497918844865605
1746163304.784230947,8.67039999842804,0.3497918844865605
1746163304.788228035,8.682729305023713,0.3323191218254505
1746163304.792264223,8.682729305023713,0.3323191218254505
1746163304.796849728,8.694916217283563,0.3147740975828282
1746163304.800311565,8.694916217283563,0.3147740975828282
1746163304.804267883,8.694916217283563,0.3147740975828282
1746163304.808223009,8.706939843362317,0.2971387931647777
1746163304.812228680,8.706939843362317,0.2971387931647777
1746163304.816793919,8.718801700708187,0.2794602819492083
1746163304.820235252,8.718801700708187,0.2794602819492083
1746163304.824375391,8.718801700708187,0.2794602819492083
1746163304.828257799,8.730439905949074,0.2617348370728856
1746163304.832298517,8.730439905949074,0.2617348370728856
1746163304.837088823,8.741805621585598,0.24391465698696985
1746163304.840178251,8.741805621585598,0.24391465698696985
1746163304.844259262,8.741805621585598,0.24391465698696985
1746163304.848259449,8.752855097792148,0.22596181993441583
1746163304.852239609,8.752855097792148,0.22596181993441583
1746163304.856878281,8.763546869126774,0.20784586919757256
1746163304.860262156,8.763546869126774,0.20784586919757256
1746163304.864323616,8.763546869126774,0.20784586919757256
1746163304.868235111,8.773862713502604,0.18955492275244382
1746163304.872261047,8.773862713502604,0.18955492275244382
1746163304.876760483,8.783845695044844,0.1711136261757468
1746163304.880266666,8.783845695044844,0.1711136261757468
1746163304.884233952,8.783845695044844,0.1711136261757468
1746163304.888229609,8.79348423580213,0.15251681643800752
1746163304.892311811,8.79348423580213,0.15251681643800752
1746163304.896857738,8.8028107223028,0.13378310838826785
1746163304.900265694,8.8028107223028,0.13378310838826785
1746163304.904235601,8.8028107223028,0.13378310838826785
1746163304.908227205,8.811788592232922,0.11494133936220383
1746163304.912342072,8.811788592232922,0.11494133936220383
1746163304.916922569,8.820432824343492,0.09603745531643369
1746163304.920444965,8.820432824343492,0.09603745531643369
1746163304.924235821,8.820432824343492,0.09603745531643369
1746163304.928275585,8.828726716591508,0.07705223023631702
1746163304.932248592,8.828726716591508,0.07705223023631702
1746163304.936804295,8.836702385931755,0.057991444328928485
1746163304.940265417,8.836702385931755,0.057991444328928485
1746163304.944257975,8.836702385931755,0.057991444328928485
1746163304.948263645,8.844315495651689,0.038831571257971605
1746163304.952229261,8.844315495651689,0.038831571257971605
1746163304.956770658,8.851531016514269,0.019557398556249807
1746163304.960271120,8.851531016514269,0.019557398556249807
1746163304.964234352,8.851531016514269,0.019557398556249807
1746163304.968269348,8.858385849748895,0.00018334511195820108
1746163304.972269058,8.858385849748895,0.00018334511195820108
1746163304.976723909,8.864861743465061,-0.019295430590080966
1746163304.980249166,8.864861743465061,-0.019295430590080966
1746163304.984223604,8.864861743465061,-0.019295430590080966
1746163304.988478422,8.870989709626343,-0.0388661511044151
1746163304.992475510,8.870989709626343,-0.0388661511044151
1746163304.998471022,8.876735150141808,-0.058492479772085215
1746163305.001647472,8.876735150141808,-0.058492479772085215
1746163305.005265951,8.876735150141808,-0.058492479772085215
1746163305.012429237,8.882118042210486,-0.07812938645742039
1746163305.018859625,8.887117793442279,-0.09779322621233977
1746163305.021568537,8.887117793442279,-0.09779322621233977
1746163305.024605989,8.887117793442279,-0.09779322621233977
1746163305.028375626,8.891766477891535,-0.11748325897799045
1746163305.032307625,8.891766477891535,-0.11748325897799045
1746163305.036776781,8.896041379122112,-0.13720962238498574
1746163305.040199280,8.896041379122112,-0.13720962238498574
1746163305.044293165,8.896041379122112,-0.13720962238498574
1746163305.048254728,8.899972966429182,-0.15696838896569493
1746163305.052293301,8.899972966429182,-0.15696838896569493
1746163305.056787491,8.903537330863172,-0.1767653096247777
1746163305.060219526,8.903537330863172,-0.1767653096247777
1746163305.064218998,8.903537330863172,-0.1767653096247777
1746163305.068215847,8.906763948577622,-0.19659474060710302
1746163305.072218418,8.906763948577622,-0.19659474060710302
1746163305.076801062,8.909628030421693,-0.21645930788902928
1746163305.080283403,8.909628030421693,-0.21645930788902928
1746163305.084240675,8.909628030421693,-0.21645930788902928
1746163305.088255167,8.912158346738407,-0.23635261322759496
1746163305.092264414,8.912158346738407,-0.23635261322759496
1746163305.096710682,8.914324307083671,-0.25623059645143065
1746163305.100260258,8.914324307083671,-0.25623059645143065
1746163305.104229212,8.914324307083671,-0.25623059645143065
1746163305.108300924,8.916151398980668,-0.27605062542940206
1746163305.112265348,8.916151398980668,-0.27605062542940206
1746163305.116690636,8.917615199065567,-0.2958264285605072
1746163305.120307446,8.917615199065567,-0.2958264285605072
1746163305.124492645,8.917615199065567,-0.2958264285605072
1746163305.153814554,8.919520808146503,-0.3352699007721259
1746163305.157861233,8.920063641644816,-0.37459638132482376
1746163305.160253048,8.920063641644816,-0.37459638132482376
1746163305.164302588,8.920063641644816,-0.37459638132482376
1746163305.168231487,8.919837131702513,-0.39421920536361127
1746163305.172315359,8.919837131702513,-0.39421920536361127
1746163305.176816702,8.919263501498211,-0.41381402810739015
1746163305.180274487,8.919263501498211,-0.41381402810739015
1746163305.184349298,8.919263501498211,-0.41381402810739015
1746163305.188275576,8.918372030870287,-0.43338001575020657
1746163305.192200661,8.918372030870287,-0.43338001575020657
1746163305.196653366,8.917140254939307,-0.4528639071733688
1746163305.200221777,8.917140254939307,-0.4528639071733688
1746163305.204407454,8.917140254939307,-0.4528639071733688
1746163305.208261251,8.915600864495993,-0.47222439711896397
1746163305.212214470,8.915600864495993,-0.47222439711896397
1746163305.216873884,8.913727217017268,-0.49147306357223425
1746163305.220244884,8.913727217017268,-0.49147306357223425
1746163305.224253416,8.913727217017268,-0.49147306357223425
1746163305.228252411,8.911574464329794,-0.5106258328704495
1746163305.232214689,8.911574464329794,-0.5106258328704495
1746163305.236723185,8.909184360125115,-0.5296962593690663
1746163305.240244389,8.909184360125115,-0.5296962593690663
1746163305.244255543,8.909184360125115,-0.5296962593690663
1746163305.248220205,8.90649562049149,-0.5486828194666536
1746163305.252248764,8.90649562049149,-0.5486828194666536
1746163305.256715536,8.903438749509512,-0.567577791146187
1746163305.260213375,8.903438749509512,-0.567577791146187
1746163305.264235020,8.903438749509512,-0.567577791146187
1746163305.268277168,8.899982418708994,-0.5863748003706197
1746163305.272255659,8.899982418708994,-0.5863748003706197
1746163305.276653051,8.896169753503548,-0.6050792244192158
1746163305.280293465,8.896169753503548,-0.6050792244192158
1746163305.284266472,8.896169753503548,-0.6050792244192158
1746163305.288253069,8.891985424504353,-0.6236848559260615
1746163305.292265892,8.891985424504353,-0.6236848559260615
1746163305.296751022,8.887478225654759,-0.6421388308749123
1746163305.300223589,8.887478225654759,-0.6421388308749123
1746163305.304224491,8.887478225654759,-0.6421388308749123
1746163305.308261395,8.88263958095074,-0.6603859572720377
1746163305.312282085,8.88263958095074,-0.6603859572720377
1746163305.316798687,8.87749869605339,-0.6784503724207971
1746163305.320236683,8.87749869605339,-0.6784503724207971
1746163305.324225187,8.87749869605339,-0.6784503724207971
1746163305.328248501,8.87203033904075,-0.6963370178670355
1746163305.332285166,8.87203033904075,-0.6963370178670355
1746163305.336878538,8.866263350204036,-0.7140633815469852
1746163305.340271711,8.866263350204036,-0.7140633815469852
1746163305.344323158,8.866263350204036,-0.7140633815469852
1746163305.348214626,8.860173840025636,-0.7316275572140383
1746163305.352267981,8.860173840025636,-0.7316275572140383
1746163305.374401331,8.853790633557196,-0.7490431456664156
1746163305.379729033,8.847090823780958,-0.7663035163526628
1746163305.380478382,8.847090823780958,-0.7663035163526628
1746163305.384214878,8.847090823780958,-0.7663035163526628
1746163305.388227463,8.840102944391987,-0.7834200266426072
1746163305.392322540,8.840102944391987,-0.7834200266426072
1746163305.396702528,8.832781390413064,-0.8003724603099105
1746163305.400263071,8.832781390413064,-0.8003724603099105
1746163305.404221296,8.832781390413064,-0.8003724603099105
1746163305.408226967,8.825119386332016,-0.8170831256050108
1746163305.412287951,8.825119386332016,-0.8170831256050108
1746163305.416716099,8.817178915745874,-0.833517446820691
1746163305.420291662,8.817178915745874,-0.833517446820691
1746163305.424266577,8.817178915745874,-0.833517446820691
1746163305.428261995,8.808937267658699,-0.8496834366985734
1746163305.432267427,8.808937267658699,-0.8496834366985734
1746163305.436691523,8.800421802727426,-0.8656092195759132
1746163305.440250874,8.800421802727426,-0.8656092195759132
1746163305.444257498,8.800421802727426,-0.8656092195759132
1746163305.448230743,8.791610097727164,-0.8812930135695703
1746163305.452246189,8.791610097727164,-0.8812930135695703
1746163305.456763506,8.782529021242494,-0.896756887778801
1746163305.460262537,8.782529021242494,-0.896756887778801
1746163305.464254856,8.782529021242494,-0.896756887778801
1746163305.468216419,8.773157656535249,-0.9119928750389351
1746163305.472349167,8.773157656535249,-0.9119928750389351
1746163305.476721525,8.763522681307453,-0.9270195387152438
1746163305.480222464,8.763522681307453,-0.9270195387152438
1746163305.484238386,8.763522681307453,-0.9270195387152438
1746163305.488216400,8.753604398916876,-0.9418246170705988
1746163305.492328644,8.753604398916876,-0.9418246170705988
1746163305.496870518,8.743429091760222,-0.9564246266250127
1746163305.500254869,8.743429091760222,-0.9564246266250127
1746163305.504307032,8.743429091760222,-0.9564246266250127
1746163305.508486986,8.733021599681988,-0.9707436184096353
1746163305.512601137,8.733021599681988,-0.9707436184096353
1746163305.518849373,8.722445137326986,-0.9847495160334996
1746163305.522253990,8.722445137326986,-0.9847495160334996
1746163305.525963068,8.722445137326986,-0.9847495160334996
1746163305.530627966,8.71166687784504,-0.9984454550117527
1746163305.533304214,8.71166687784504,-0.9984454550117527
1746163305.537348270,8.700722378717204,-1.011881589885098
1746163305.540287256,8.700722378717204,-1.011881589885098
1746163305.544287443,8.700722378717204,-1.011881589885098
1746163305.548241377,8.68965577206844,-1.0251130541055058
1746163305.552259207,8.68965577206844,-1.0251130541055058
1746163305.556780577,8.678502315148533,-1.0381862098108647
1746163305.560219288,8.678502315148533,-1.0381862098108647
1746163305.564259291,8.678502315148533,-1.0381862098108647
1746163305.568274736,8.66729194260344,-1.0511411708093172
1746163305.572304726,8.66729194260344,-1.0511411708093172
1746163305.576740980,8.656032089558838,-1.0639965687430855
1746163305.580235004,8.656032089558838,-1.0639965687430855
1746163305.588260174,8.656032089558838,-1.0639965687430855
1746163305.603955030,8.644678917387182,-1.0767234396603542
1746163305.604923248,8.644678917387182,-1.0767234396603542
1746163305.608181953,8.633237598697818,-1.0893334324756716
1746163305.612231493,8.633237598697818,-1.0893334324756716
1746163305.616765022,8.6216591626402,-1.101786676210806
1746163305.620353699,8.6216591626402,-1.101786676210806
1746163305.624237776,8.6216591626402,-1.101786676210806
1746163305.628235340,8.609948347271661,-1.113972198596137
1746163305.632256269,8.609948347271661,-1.113972198596137
1746163305.636972904,8.598113294777523,-1.125798995862941
1746163305.640220404,8.598113294777523,-1.125798995862941
1746163305.644509315,8.598113294777523,-1.125798995862941
1746163305.650896072,8.586124573587544,-1.1372729377478301
1746163305.654301882,8.586124573587544,-1.1372729377478301
1746163305.659680843,8.574007098031341,-1.148447988487865
1746163305.662997961,8.574007098031341,-1.148447988487865
1746163305.665513992,8.574007098031341,-1.148447988487865
1746163305.669631243,8.561743418993562,-1.1593276052350276
1746163305.672194481,8.561743418993562,-1.1593276052350276
1746163305.677138090,8.549352738785,-1.1699510313468795
1746163305.680284262,8.549352738785,-1.1699510313468795
1746163305.684319258,8.549352738785,-1.1699510313468795
1746163305.688261271,8.53681720357462,-1.180310975618553
1746163305.692222357,8.53681720357462,-1.180310975618553
1746163305.696817875,8.524154862071534,-1.1904394136316392
1746163305.700274229,8.524154862071534,-1.1904394136316392
1746163305.704481125,8.524154862071534,-1.1904394136316392
1746163305.711655140,8.51134910922899,-1.200322855870537
1746163305.715887785,8.51134910922899,-1.200322855870537
1746163305.721830368,8.498417642741522,-1.2099891220534642
1746163305.725123882,8.498417642741522,-1.2099891220534642
1746163305.729277372,8.485345247489644,-1.2194207278786295
1746163305.732326746,8.485345247489644,-1.2194207278786295
1746163305.737215996,8.472186305968517,-1.2286173300319079
1746163305.740283489,8.472186305968517,-1.2286173300319079
1746163305.744264126,8.472186305968517,-1.2286173300319079
1746163305.748230457,8.458956781541085,-1.2375378732983886
1746163305.752200127,8.458956781541085,-1.2375378732983886
1746163305.756811142,8.445662243442657,-1.246216821298972
1746163305.760236740,8.445662243442657,-1.246216821298972
1746163305.764307022,8.445662243442657,-1.246216821298972
1746163305.768223524,8.432279904248333,-1.2546396576476435
1746163305.772283316,8.432279904248333,-1.2546396576476435
1746163305.776829004,8.418819236935242,-1.2628370795556825
1746163305.780244589,8.418819236935242,-1.2628370795556825
1746163305.784266949,8.418819236935242,-1.2628370795556825
1746163305.788477421,8.405262249857921,-1.2707911975822832
1746163305.792547703,8.405262249857921,-1.2707911975822832
1746163305.799912214,8.391620607972428,-1.2785302770865459
1746163305.803646564,8.391620607972428,-1.2785302770865459
1746163305.821053982,8.37787956874236,-1.286033937374409
1746163305.833073616,8.36405187503983,-1.293328827090086
1746163305.836983681,8.350125088954663,-1.3003927100640027
1746163305.840291500,8.350125088954663,-1.3003927100640027
1746163305.844289541,8.350125088954663,-1.3003927100640027
1746163305.848232508,8.33611236682796,-1.3072512183829246
1746163305.852275610,8.33611236682796,-1.3072512183829246
1746163305.857027292,8.322003013439986,-1.31388075163365
1746163305.860238314,8.322003013439986,-1.31388075163365
1746163305.864260912,8.322003013439986,-1.31388075163365
1746163305.868275642,8.307767856707684,-1.3203256187463428
1746163305.872318029,8.307767856707684,-1.3203256187463428
1746163305.876782179,8.293357942053428,-1.3265796050285854
1746163305.880232573,8.293357942053428,-1.3265796050285854
1746163305.884230852,8.293357942053428,-1.3265796050285854
1746163305.888268232,8.2787901059227,-1.3326630298661941
1746163305.892255068,8.2787901059227,-1.3326630298661941
1746163305.896780491,8.264060345954475,-1.3385477368750829
1746163305.900253296,8.264060345954475,-1.3385477368750829
1746163305.904280663,8.264060345954475,-1.3385477368750829
1746163305.908231974,8.249192802871754,-1.3442764151574425
1746163305.912283659,8.249192802871754,-1.3442764151574425
1746163305.916788816,8.234213767604077,-1.3499028552698284
1746163305.920305252,8.234213767604077,-1.3499028552698284
1746163305.924284220,8.234213767604077,-1.3499028552698284
1746163305.928228378,8.219144087950117,-1.3554710504611815
1746163305.932276011,8.219144087950117,-1.3554710504611815
1746163305.936840296,8.203992735986299,-1.3609952114698771
1746163305.940260887,8.203992735986299,-1.3609952114698771
1746163305.944263697,8.203992735986299,-1.3609952114698771
1746163305.948482037,8.18874499122186,-1.3664246676476914
1746163305.953410625,8.18874499122186,-1.3664246676476914
1746163305.960121632,8.173406788862161,-1.3717652151499664
1746163305.963709354,8.173406788862161,-1.3717652151499664
1746163305.968110323,8.15796850936775,-1.376977747057059
1746163305.972293377,8.15796850936775,-1.376977747057059
1746163305.977094650,8.14243896669604,-1.3820764122488272
1746163305.980291605,8.14243896669604,-1.3820764122488272
1746163305.984252214,8.14243896669604,-1.3820764122488272
1746163305.988305807,8.126770369567815,-1.3870410054099402
1746163305.992245436,8.126770369567815,-1.3870410054099402
1746163305.996731043,8.11093339716785,-1.3919017309690145
1746163306.000274181,8.11093339716785,-1.3919017309690145
1746163306.004276752,8.11093339716785,-1.3919017309690145
1746163306.008214235,8.09491971191429,-1.39660362398777
1746163306.012273073,8.09491971191429,-1.39660362398777
1746163306.016820192,8.078725626097695,-1.4011028021126912
1746163306.020197868,8.078725626097695,-1.4011028021126912
1746163306.024295807,8.078725626097695,-1.4011028021126912
1746163306.028203487,8.062367780519798,-1.405426603515593
1746163306.032202244,8.062367780519798,-1.405426603515593
1746163306.037384033,8.045848261299696,-1.409550495355
1746163306.040217161,8.045848261299696,-1.409550495355
1746163306.044201374,8.045848261299696,-1.409550495355
1746163306.053162336,8.029181154601583,-1.413498155805702
1746163306.056785822,8.012367810513899,-1.4172421175835086
1746163306.060231209,8.012367810513899,-1.4172421175835086
1746163306.064260244,8.012367810513899,-1.4172421175835086
1746163306.068263531,7.995420742719242,-1.4208045927558475
1746163306.072215557,7.995420742719242,-1.4208045927558475
1746163306.076696873,7.978341225049329,-1.4241567677402038
1746163306.080222130,7.978341225049329,-1.4241567677402038
1746163306.084234238,7.978341225049329,-1.4241567677402038
1746163306.088227034,7.961140641339575,-1.4273204490148699
1746163306.092277050,7.961140641339575,-1.4273204490148699
1746163306.096731186,7.943820505463074,-1.4302662617712603
1746163306.100253582,7.943820505463074,-1.4302662617712603
1746163306.104626179,7.943820505463074,-1.4302662617712603
1746163306.111225605,7.926350538527383,-1.4330228491712542
1746163306.114409447,7.926350538527383,-1.4330228491712542
1746163306.120581388,7.908693894504878,-1.4355674943567527
1746163306.124921083,7.908693894504878,-1.4355674943567527
1746163306.130016565,7.8908636565485715,-1.4379199115113221
1746163306.132256031,7.8908636565485715,-1.4379199115113221
1746163306.137343168,7.872865711605412,-1.4400495597663385
1746163306.140257359,7.872865711605412,-1.4400495597663385
1746163306.144303799,7.872865711605412,-1.4400495597663385
1746163306.148236752,7.854711982611943,-1.4419760438929228
1746163306.152265072,7.854711982611943,-1.4419760438929228
1746163306.156768084,7.8364085280644,-1.4436684832470088
1746163306.160220861,7.8364085280644,-1.4436684832470088
1746163306.164286613,7.8364085280644,-1.4436684832470088
1746163306.168259621,7.817966260137496,-1.4451467851997304
1746163306.172259569,7.817966260137496,-1.4451467851997304
1746163306.176852703,7.799391550621168,-1.4463800756097507
1746163306.180256844,7.799391550621168,-1.4463800756097507
1746163306.184273958,7.799391550621168,-1.4463800756097507
1746163306.188263893,7.780694374489948,-1.4473887601126738
1746163306.192217112,7.780694374489948,-1.4473887601126738
1746163306.196893692,7.7618815053890815,-1.448142160467703
1746163306.200264454,7.7618815053890815,-1.448142160467703
1746163306.204262733,7.7618815053890815,-1.448142160467703
1746163306.208256483,7.7429620162254515,-1.4486612621815365
1746163306.212261677,7.7429620162254515,-1.4486612621815365
1746163306.216742754,7.723910209829568,-1.4489167074029436
1746163306.220212460,7.723910209829568,-1.4489167074029436
1746163306.224243164,7.723910209829568,-1.4489167074029436
1746163306.228524685,7.704702877971123,-1.4489301551937248
1746163306.232836485,7.704702877971123,-1.4489301551937248
1746163306.238993406,7.6853507679909265,-1.4486715456214172
1746163306.242103815,7.6853507679909265,-1.4486715456214172
1746163306.244728804,7.6853507679909265,-1.4486715456214172
1746163306.248902798,7.6658633914548355,-1.4481852868189844
1746163306.252361536,7.6658633914548355,-1.4481852868189844
1746163306.257259846,7.646247925222236,-1.4475306744806997
1746163306.260256052,7.646247925222236,-1.4475306744806997
1746163306.264245749,7.646247925222236,-1.4475306744806997
1746163306.268235445,7.626510995154141,-1.4467351565872775
1746163306.272267580,7.626510995154141,-1.4467351565872775
1746163306.276762962,7.606661657187869,-1.445755244972575
1746163306.280259848,7.606661657187869,-1.445755244972575
1746163306.284269333,7.606661657187869,-1.445755244972575
1746163306.288255930,7.586706571119418,-1.4446028362358618
1746163306.292278290,7.586706571119418,-1.4446028362358618
1746163306.296667337,7.5666550154076475,-1.4432417232825838
1746163306.300220966,7.5666550154076475,-1.4432417232825838
1746163306.304344893,7.5666550154076475,-1.4432417232825838
1746163306.308259726,7.546510986206469,-1.4417135212604888
1746163306.312284946,7.546510986206469,-1.4417135212604888
1746163306.317067146,7.526251823928118,-1.440049402937966
1746163306.320219994,7.526251823928118,-1.440049402937966
1746163306.324214220,7.526251823928118,-1.440049402937966
1746163306.328468561,7.50586157714214,-1.438208449668144
1746163306.332797289,7.50586157714214,-1.438208449668144
1746163306.340184212,7.485347034712381,-1.4362059916663399
1746163306.344969511,7.485347034712381,-1.4362059916663399
1746163306.350607634,7.4647194054060275,-1.4340089860602758
1746163306.353484154,7.4647194054060275,-1.4340089860602758
1746163306.358242512,7.443984438363813,-1.4316363970954389
1746163306.360283136,7.443984438363813,-1.4316363970954389
1746163306.364241838,7.443984438363813,-1.4316363970954389
1746163306.368198156,7.423153205192702,-1.4290576158471566
1746163306.372283936,7.423153205192702,-1.4290576158471566
1746163306.376798391,7.402230470473128,-1.4262935772695848
1746163306.380302191,7.402230470473128,-1.4262935772695848
1746163306.384229898,7.402230470473128,-1.4262935772695848
1746163306.388483286,7.381227262617721,-1.4233150092538354
1746163306.392343521,7.381227262617721,-1.4233150092538354
1746163306.398220301,7.360147405841183,-1.4201440179830722
1746163306.401180029,7.360147405841183,-1.4201440179830722
1746163306.404552698,7.360147405841183,-1.4201440179830722
1746163306.410697460,7.339001957094633,-1.4167521485361438
1746163306.413698673,7.339001957094633,-1.4167521485361438
1746163306.418076754,7.317773668838527,-1.4131589596338847
1746163306.420683146,7.317773668838527,-1.4131589596338847
1746163306.424307585,7.317773668838527,-1.4131589596338847
1746163306.428235531,7.296454419154486,-1.4093336838384412
1746163306.432262182,7.296454419154486,-1.4093336838384412
1746163306.436954498,7.275048243904298,-1.4052993256441624
1746163306.440325260,7.275048243904298,-1.4052993256441624
1746163306.444257975,7.275048243904298,-1.4052993256441624
1746163306.448489666,7.253568165715941,-1.4010288045642791
1746163306.452429771,7.253568165715941,-1.4010288045642791
1746163306.457746267,7.23201724457165,-1.3965453489835935
1746163306.460286856,7.23201724457165,-1.3965453489835935
1746163306.464282513,7.23201724457165,-1.3965453489835935
1746163306.468268871,7.210408548358323,-1.3918220120647857
1746163306.472234964,7.210408548358323,-1.3918220120647857
1746163306.477099419,7.1887442025098345,-1.3868822291039304
1746163306.480263710,7.1887442025098345,-1.3868822291039304
1746163306.484602928,7.1887442025098345,-1.3868822291039304
1746163306.488244534,7.167037367809497,-1.381699231602685
1746163306.492242336,7.167037367809497,-1.381699231602685
1746163306.498136759,7.145289266065871,-1.3762966629671987
1746163306.500213385,7.145289266065871,-1.3762966629671987
1746163306.504295349,7.145289266065871,-1.3762966629671987
1746163306.508223295,7.123499372809826,-1.370644597536022
1746163306.512286186,7.123499372809826,-1.370644597536022
1746163306.516694784,7.101654957001732,-1.3647633195182518
1746163306.520218134,7.101654957001732,-1.3647633195182518
1746163306.524254084,7.101654957001732,-1.3647633195182518
1746163306.528242826,7.079770705408803,-1.3586270146044315
1746163306.532272577,7.079770705408803,-1.3586270146044315
1746163306.536666155,7.057847462306296,-1.3522594967761024
1746163306.540205956,7.057847462306296,-1.3522594967761024
1746163306.544214487,7.057847462306296,-1.3522594967761024
1746163306.548243046,7.035900027128575,-1.3456350485553865
1746163306.552387714,7.035900027128575,-1.3456350485553865
1746163306.556733131,7.013928334435509,-1.3387775440153402
1746163306.560277224,7.013928334435509,-1.3387775440153402
1746163306.564214230,7.013928334435509,-1.3387775440153402
1746163306.568224430,6.9919550438695035,-1.3316378740437727
1746163306.572260857,6.9919550438695035,-1.3316378740437727
1746163306.576713562,6.970001501280875,-1.3241754050791057
1746163306.580252171,6.970001501280875,-1.3241754050791057
1746163306.584473133,6.970001501280875,-1.3241754050791057
1746163306.590523958,6.948056803224225,-1.3164178344705388
1746163306.594097853,6.948056803224225,-1.3164178344705388
1746163306.601585865,6.926127961369064,-1.3083415271301375
1746163306.605709553,6.926127961369064,-1.3083415271301375
1746163306.610439777,6.904213784045402,-1.2999731225253608
1746163306.613063335,6.904213784045402,-1.2999731225253608
1746163306.617213726,6.882331386824186,-1.2912898473623842
1746163306.620221376,6.882331386824186,-1.2912898473623842
1746163306.624279976,6.882331386824186,-1.2912898473623842
1746163306.628246546,6.860479054034034,-1.2823167977567425
1746163306.632291317,6.860479054034034,-1.2823167977567425
1746163306.636824369,6.838674522463837,-1.2730305089928795
1746163306.640221357,6.838674522463837,-1.2730305089928795
1746163306.644477606,6.838674522463837,-1.2730305089928795
1746163306.650206566,6.816915340082321,-1.263455450820913
1746163306.653611660,6.816915340082321,-1.263455450820913
1746163306.658656597,6.795219715368451,-1.2535681149925852
1746163306.661300421,6.795219715368451,-1.2535681149925852
1746163306.664369106,6.795219715368451,-1.2535681149925852
1746163306.668266773,6.773584366157455,-1.2433927310916142
1746163306.672287226,6.773584366157455,-1.2433927310916142
1746163306.676862717,6.752018497955315,-1.2329016406905977
1746163306.680260658,6.752018497955315,-1.2329016406905977
1746163306.684229374,6.752018497955315,-1.2329016406905977
1746163306.688251257,6.730509114981726,-1.2221145445380397
1746163306.692255497,6.730509114981726,-1.2221145445380397
1746163306.696748257,6.709076023374799,-1.211009092533084
1746163306.700282335,6.709076023374799,-1.211009092533084
1746163306.704238653,6.709076023374799,-1.211009092533084
1746163306.708221912,6.6877033964506465,-1.1996314196809783
1746163306.712256908,6.6877033964506465,-1.1996314196809783
1746163306.716685534,6.666365768764929,-1.1880417935043142
1746163306.720228672,6.666365768764929,-1.1880417935043142
1746163306.724274874,6.666365768764929,-1.1880417935043142
1746163306.728226423,6.645038954590696,-1.1762943726189228
1746163306.732257128,6.645038954590696,-1.1762943726189228
1746163306.736734629,6.6236993967521,-1.164439679483461
1746163306.740268707,6.6236993967521,-1.164439679483461
1746163306.744392157,6.6236993967521,-1.164439679483461
1746163306.748256683,6.602323806832443,-1.152526204082463
1746163306.752383232,6.602323806832443,-1.152526204082463
1746163306.756778240,6.580877928306632,-1.1405942792906865
1746163306.760250807,6.580877928306632,-1.1405942792906865
1746163306.764259577,6.580877928306632,-1.1405942792906865
1746163306.768252134,6.559340108303837,-1.1286626837602836
1746163306.772392273,6.559340108303837,-1.1286626837602836
1746163306.776885986,6.537733659993353,-1.1166972878762687
1746163306.780272007,6.537733659993353,-1.1166972878762687
1746163306.784301758,6.537733659993353,-1.1166972878762687
1746163306.788233995,6.51605349875662,-1.1047147967826154
1746163306.792265415,6.51605349875662,-1.1047147967826154
1746163306.796661615,6.494317826300887,-1.0926894521174386
1746163306.800231695,6.494317826300887,-1.0926894521174386
1746163306.804273605,6.494317826300887,-1.0926894521174386
1746163306.808233500,6.472518254660099,-1.080643236250959
1746163306.812259674,6.472518254660099,-1.080643236250959
1746163306.816895485,6.450670922728692,-1.068553449194787
1746163306.820246696,6.450670922728692,-1.068553449194787
1746163306.824293375,6.450670922728692,-1.068553449194787
1746163306.828490257,6.428766045874368,-1.0564439621940416
1746163306.832477570,6.428766045874368,-1.0564439621940416
1746163306.838261604,6.406800087607574,-1.0442826676252375
1746163306.841203451,6.406800087607574,-1.0442826676252375
1746163306.844604015,6.406800087607574,-1.0442826676252375
1746163306.849843025,6.384744887693732,-1.0320837975207289
1746163306.852596521,6.384744887693732,-1.0320837975207289
1746163306.857496738,6.362616843482024,-1.019827178506339
1746163306.860288620,6.362616843482024,-1.019827178506339
1746163306.864287615,6.362616843482024,-1.019827178506339
1746163306.868241549,6.3404070765274385,-1.007537852885006
1746163306.872304916,6.3404070765274385,-1.007537852885006
1746163306.876749516,6.318131652324039,-0.9951953780088566
1746163306.880289316,6.318131652324039,-0.9951953780088566
1746163306.884302616,6.318131652324039,-0.9951953780088566
1746163306.888477325,6.29578129948299,-0.9828246620936543
1746163306.892438889,6.29578129948299,-0.9828246620936543
1746163306.898362637,6.273371820863404,-0.9704049472639216
1746163306.900481462,6.273371820863404,-0.9704049472639216
1746163306.904238224,6.273371820863404,-0.9704049472639216
1746163306.908227921,6.250893608816106,-0.9579609852961906
1746163306.912316322,6.250893608816106,-0.9579609852961906
1746163306.917055607,6.228338878884363,-0.945458908408044
1746163306.920290232,6.228338878884363,-0.945458908408044
1746163306.924242258,6.228338878884363,-0.945458908408044
1746163306.928219318,6.2056757286925786,-0.9329106656536433
1746163306.932221174,6.2056757286925786,-0.9329106656536433
1746163306.936897755,6.182921386676733,-0.9202966600448306
1746163306.940237284,6.182921386676733,-0.9202966600448306
1746163306.944299221,6.182921386676733,-0.9202966600448306
1746163306.948253155,6.160068006524859,-0.9076420073303036
1746163306.952224255,6.160068006524859,-0.9076420073303036
1746163306.956697226,6.137132445452796,-0.8949267147228557
1746163306.960226297,6.137132445452796,-0.8949267147228557
1746163306.964536428,6.137132445452796,-0.8949267147228557
1746163306.970782995,6.114106382646483,-0.8821757359765957
1746163306.974355221,6.114106382646483,-0.8821757359765957
1746163306.979191065,6.091006334314267,-0.869368726449931
1746163306.982054949,6.091006334314267,-0.869368726449931
1746163306.985177279,6.091006334314267,-0.869368726449931
1746163306.989789963,6.067823545782234,-0.8565304994994446
1746163306.992380381,6.067823545782234,-0.8565304994994446
1746163306.997341871,6.044567090132013,-0.843636485946945
1746163307.000216007,6.044567090132013,-0.843636485946945
1746163307.004232168,6.044567090132013,-0.843636485946945
1746163307.008261681,6.021221103189158,-0.8307075108926091
1746163307.012266397,6.021221103189158,-0.8307075108926091
1746163307.016695738,5.997802073234903,-0.8177231636097605
1746163307.020201921,5.997802073234903,-0.8177231636097605
1746163307.024254322,5.997802073234903,-0.8177231636097605
1746163307.028244972,5.974301203640259,-0.8047082199715859
1746163307.032258272,5.974301203640259,-0.8047082199715859
1746163307.036706209,5.950734668556977,-0.791641968849351
1746163307.040304184,5.950734668556977,-0.791641968849351
1746163307.044357777,5.950734668556977,-0.791641968849351
1746163307.048265934,5.927093276137723,-0.7785490727569586
1746163307.052256584,5.927093276137723,-0.7785490727569586
1746163307.056888819,5.903392914622251,-0.7654085496792951
1746163307.060266018,5.903392914622251,-0.7654085496792951
1746163307.064259529,5.903392914622251,-0.7654085496792951
1746163307.068247795,5.879621710195089,-0.7522436603627062
1746163307.072286367,5.879621710195089,-0.7522436603627062
1746163307.076807976,5.85579305325834,-0.7390319858465397
1746163307.080304384,5.85579305325834,-0.7390319858465397
1746163307.084259272,5.85579305325834,-0.7390319858465397
1746163307.088245153,5.831897311952086,-0.7257980626708045
1746163307.092395067,5.831897311952086,-0.7257980626708045
1746163307.096717119,5.8079622706518075,-0.712498617148884
1746163307.100218534,5.8079622706518075,-0.712498617148884
1746163307.104306698,5.8079622706518075,-0.712498617148884
1746163307.108548164,5.78401231684537,-0.6990965288790106
1746163307.112840891,5.78401231684537,-0.6990965288790106
1746163307.118574142,5.760022645221398,-0.6856425261283583
1746163307.122400761,5.760022645221398,-0.6856425261283583
1746163307.125297785,5.760022645221398,-0.6856425261283583
1746163307.129783392,5.735960548814005,-0.6722008997594854
1746163307.132689238,5.735960548814005,-0.6722008997594854
1746163307.137084961,5.711786970272052,-0.6588244048340095
1746163307.140279293,5.711786970272052,-0.6588244048340095
1746163307.144345284,5.711786970272052,-0.6588244048340095
1746163307.148176908,5.6874774601479805,-0.6455414455279666
1746163307.152199745,5.6874774601479805,-0.6455414455279666
1746163307.156783104,5.663052168796584,-0.6323237826970064
1746163307.160214186,5.663052168796584,-0.6323237826970064
1746163307.164720535,5.663052168796584,-0.6323237826970064
1746163307.168263912,5.638492061449042,-0.6192151614621411
1746163307.172363520,5.638492061449042,-0.6192151614621411
1746163307.176702738,5.613780509442473,-0.6062559881282967
1746163307.180257082,5.613780509442473,-0.6062559881282967
1746163307.184275389,5.613780509442473,-0.6062559881282967
1746163307.188256264,5.58893539222053,-0.5934214524027234
1746163307.192215681,5.58893539222053,-0.5934214524027234
1746163307.196649551,5.563948617089387,-0.5807362139797151
1746163307.200345993,5.563948617089387,-0.5807362139797151
1746163307.204260588,5.563948617089387,-0.5807362139797151
1746163307.208213568,5.538825369159776,-0.5681748996125288
1746163307.212241411,5.538825369159776,-0.5681748996125288
1746163307.216708422,5.513547094381253,-0.5557601740831146
1746163307.220202446,5.513547094381253,-0.5557601740831146
1746163307.224198580,5.513547094381253,-0.5557601740831146
1746163307.228219271,5.488128216980186,-0.5434735000346349
1746163307.232417107,5.488128216980186,-0.5434735000346349
1746163307.236938238,5.462560110554123,-0.5313434002607897
1746163307.240395784,5.462560110554123,-0.5313434002607897
1746163307.244220972,5.462560110554123,-0.5313434002607897
1746163307.248218775,5.4368566837401495,-0.5193510981761507
1746163307.252406597,5.4368566837401495,-0.5193510981761507
1746163307.256702900,5.411009510398057,-0.5075250748445151
1746163307.260233879,5.411009510398057,-0.5075250748445151
1746163307.264299870,5.411009510398057,-0.5075250748445151
1746163307.268226147,5.385032184839882,-0.4958459321980038
1746163307.272216797,5.385032184839882,-0.4958459321980038
1746163307.276877642,5.358909351581679,-0.484338608475578
1746163307.280241489,5.358909351581679,-0.484338608475578
1746163307.284220695,5.358909351581679,-0.484338608475578
1746163307.288254023,5.332647340835946,-0.4729800357333982
1746163307.292286158,5.332647340835946,-0.4729800357333982
1746163307.296983480,5.3062391437226175,-0.4617983281376158
1746163307.300277472,5.3062391437226175,-0.4617983281376158
1746163307.304261923,5.3062391437226175,-0.4617983281376158
1746163307.308227539,5.279698339755893,-0.45077319422132794
1746163307.312266111,5.279698339755893,-0.45077319422132794
1746163307.316701174,5.253018187339164,-0.4399325207262287
1746163307.320220470,5.253018187339164,-0.4399325207262287
1746163307.324283123,5.253018187339164,-0.4399325207262287
1746163307.328245163,5.2262118725098405,-0.42925540783947097
1746163307.332273960,5.2262118725098405,-0.42925540783947097
1746163307.336905718,5.19927291099957,-0.4187695899882461
1746163307.340276718,5.19927291099957,-0.4187695899882461
1746163307.344314098,5.19927291099957,-0.4187695899882461
1746163307.348243475,5.172214347295953,-0.4084537412618498
1746163307.352226973,5.172214347295953,-0.4084537412618498
1746163307.357033014,5.145030217041169,-0.3983355956360351
1746163307.360206842,5.145030217041169,-0.3983355956360351
1746163307.364338398,5.145030217041169,-0.3983355956360351
1746163307.368221998,5.1177328377334,-0.38839322943079224
1746163307.372218847,5.1177328377334,-0.38839322943079224
1746163307.376647234,5.090316226778702,-0.37865419278829054
1746163307.380208731,5.090316226778702,-0.37865419278829054
1746163307.384232283,5.090316226778702,-0.37865419278829054
1746163307.388262033,5.062792267868977,-0.3690961300864346
1746163307.392295599,5.062792267868977,-0.3690961300864346
1746163307.396738291,5.0351552603334495,-0.3597465367483355
1746163307.400181293,5.0351552603334495,-0.3597465367483355
1746163307.404265165,5.0351552603334495,-0.3597465367483355
1746163307.408255816,5.007422778286545,-0.3505846860864687
1746163307.412298918,5.007422778286545,-0.3505846860864687
1746163307.416743040,4.979595218854388,-0.3416400666598153
1746163307.420291185,4.979595218854388,-0.3416400666598153
1746163307.424274206,4.979595218854388,-0.3416400666598153
1746163307.428257227,4.951683072852896,-0.33288920889083856
1746163307.432224274,4.951683072852896,-0.33288920889083856
1746163307.436650753,4.923673250901087,-0.3243840427278193
1746163307.440257549,4.923673250901087,-0.3243840427278193
1746163307.444254398,4.923673250901087,-0.3243840427278193
1746163307.448220730,4.895555892716214,-0.3161699850900871
1746163307.452227831,4.895555892716214,-0.3161699850900871
1746163307.456807375,4.867343308784224,-0.3082188558115211
1746163307.460270643,4.867343308784224,-0.3082188558115211
1746163307.464253187,4.867343308784224,-0.3082188558115211
1746163307.468226433,4.839032232313719,-0.30055631330223004
1746163307.472263813,4.839032232313719,-0.30055631330223004
1746163307.476665974,4.810687910072448,-0.29317250147421425
1746163307.480256557,4.810687910072448,-0.29317250147421425
1746163307.484269142,4.810687910072448,-0.29317250147421425
1746163307.488254547,4.782352240400055,-0.286108208543853
1746163307.492219448,4.782352240400055,-0.286108208543853
1746163307.496767759,4.754024586270697,-0.2793083986149956
1746163307.500262260,4.754024586270697,-0.2793083986149956
1746163307.504186153,4.754024586270697,-0.2793083986149956
1746163307.508197546,4.725710006481671,-0.2727017686091868
1746163307.512272120,4.725710006481671,-0.2727017686091868
1746163307.516699076,4.6974134107006105,-0.26622310542811
1746163307.520287991,4.6974134107006105,-0.26622310542811
1746163307.524271965,4.6974134107006105,-0.26622310542811
1746163307.528485537,4.669140403906848,-0.259809856145942
1746163307.532611847,4.669140403906848,-0.259809856145942
1746163307.538221836,4.640891996344511,-0.253425652791376
1746163307.541291237,4.640891996344511,-0.253425652791376
1746163307.549675226,4.61274480935455,-0.24712215171912555
1746163307.552490950,4.61274480935455,-0.24712215171912555
1746163307.557381153,4.584772797686042,-0.24088836098551608
1746163307.560297966,4.584772797686042,-0.24088836098551608
1746163307.564255714,4.584772797686042,-0.24088836098551608
1746163307.568272114,4.556934912742974,-0.23474605597087567
1746163307.572263956,4.556934912742974,-0.23474605597087567
1746163307.576814890,4.529209884583766,-0.22865892198437263
1746163307.580261469,4.529209884583766,-0.22865892198437263
1746163307.584294081,4.529209884583766,-0.22865892198437263
1746163307.593359470,4.50156985837494,-0.22264587067120872
1746163307.607006073,4.4740090983087875,-0.21664506135899342
1746163307.608164310,4.4740090983087875,-0.21664506135899342
1746163307.612184048,4.4740090983087875,-0.21664506135899342
1746163307.616819143,4.446523433611163,-0.2106043316851079
1746163307.620278120,4.446523433611163,-0.2106043316851079
1746163307.624254942,4.446523433611163,-0.2106043316851079
1746163307.628265381,4.419217733059113,-0.20457558227773356
1746163307.632261276,4.419217733059113,-0.20457558227773356
1746163307.636658669,4.392188421774687,-0.19854872868316342
1746163307.640241861,4.392188421774687,-0.19854872868316342
1746163307.644256115,4.392188421774687,-0.19854872868316342
1746163307.648361683,4.365379038498544,-0.192541162365095
1746163307.652255058,4.365379038498544,-0.192541162365095
1746163307.656672955,4.3387559743154425,-0.18651289516859743
1746163307.660199642,4.3387559743154425,-0.18651289516859743
1746163307.664252758,4.3387559743154425,-0.18651289516859743
1746163307.668229342,4.312280650851508,-0.1804820888303132
1746163307.672291756,4.312280650851508,-0.1804820888303132
1746163307.676717758,4.285933510157362,-0.17441217779666762
1746163307.680275202,4.285933510157362,-0.17441217779666762
1746163307.684285402,4.285933510157362,-0.17441217779666762
1746163307.688212872,4.259687323679128,-0.16832339943127225
1746163307.692268372,4.259687323679128,-0.16832339943127225
1746163307.696894407,4.233654090440632,-0.16221067497692596
1746163307.700224161,4.233654090440632,-0.16221067497692596
1746163307.704238176,4.233654090440632,-0.16221067497692596
1746163307.708259106,4.207912478987012,-0.15612153033648368
1746163307.712304115,4.207912478987012,-0.15612153033648368
1746163307.716671228,4.1824163228882805,-0.15001276834773503
1746163307.720231771,4.1824163228882805,-0.15001276834773503
1746163307.724202156,4.1824163228882805,-0.15001276834773503
1746163307.728207111,4.157115760038113,-0.14390194532996675
1746163307.732275724,4.157115760038113,-0.14390194532996675
1746163307.736697197,4.131982851185875,-0.13775175217064822
1746163307.740271330,4.131982851185875,-0.13775175217064822
1746163307.744229317,4.131982851185875,-0.13775175217064822
1746163307.748216629,4.1069761937763385,-0.13160897003341498
1746163307.752272367,4.1069761937763385,-0.13160897003341498
1746163307.756690264,4.082062231471841,-0.125511138621994
1746163307.760212183,4.082062231471841,-0.125511138621994
1746163307.764250517,4.082062231471841,-0.125511138621994
1746163307.768256903,4.057230821698103,-0.11941915618514214
1746163307.772216320,4.057230821698103,-0.11941915618514214
1746163307.776886940,4.032581819064986,-0.11338395834808894
1746163307.780276537,4.032581819064986,-0.11338395834808894
1746163307.784221411,4.032581819064986,-0.11338395834808894
1746163307.788232565,4.008208424758128,-0.10739644895355371
1746163307.792235613,4.008208424758128,-0.10739644895355371
1746163307.796798944,3.9840522421025963,-0.10147191764311485
1746163307.800259113,3.9840522421025963,-0.10147191764311485
1746163307.804286242,3.9840522421025963,-0.10147191764311485
1746163307.808299541,3.9600786302716147,-0.09557121988992878
1746163307.812214851,3.9600786302716147,-0.09557121988992878
1746163307.816864252,3.936246775669234,-0.08971459458014765
1746163307.820189953,3.936246775669234,-0.08971459458014765
1746163307.824284315,3.936246775669234,-0.08971459458014765
1746163307.828217268,3.912536013925581,-0.08386806924408621
1746163307.832216024,3.912536013925581,-0.08386806924408621
1746163307.836848974,3.888917244742697,-0.07805436659213046
1746163307.840266228,3.888917244742697,-0.07805436659213046
1746163307.844482183,3.888917244742697,-0.07805436659213046
1746163307.850593567,3.865385420535876,-0.07221688212669582
1746163307.853723288,3.865385420535876,-0.07221688212669582
1746163307.859192133,3.8420562984690605,-0.06633781711745967
1746163307.862590790,3.8420562984690605,-0.06633781711745967
1746163307.865927219,3.8420562984690605,-0.06633781711745967
1746163307.870866060,3.8190055084209895,-0.060475426685989576
1746163307.873323917,3.8190055084209895,-0.060475426685989576
1746163307.877310753,3.79618839201281,-0.05459466979909498
1746163307.880221367,3.79618839201281,-0.05459466979909498
1746163307.884269238,3.79618839201281,-0.05459466979909498
1746163307.888218403,3.7735558887826595,-0.048717494809745486
1746163307.892262697,3.7735558887826595,-0.048717494809745486
1746163307.896792650,3.751081777525088,-0.0428095228214658
1746163307.900230885,3.751081777525088,-0.0428095228214658
1746163307.904282093,3.751081777525088,-0.0428095228214658
1746163307.908254623,3.7287317684072376,-0.0368929168258969
1746163307.912277460,3.7287317684072376,-0.0368929168258969
1746163307.916726589,3.7064913068832688,-0.030935631223337246
1746163307.920217991,3.7064913068832688,-0.030935631223337246
1746163307.924249887,3.7064913068832688,-0.030935631223337246
1746163307.928261757,3.6843355083437066,-0.024960951473563114
1746163307.932270050,3.6843355083437066,-0.024960951473563114
1746163307.936902046,3.662366973000831,-0.018968358928408126
1746163307.940281868,3.662366973000831,-0.018968358928408126
1746163307.944260597,3.662366973000831,-0.018968358928408126
1746163307.948269129,3.6406477184914063,-0.013034864399532933
1746163307.952218771,3.6406477184914063,-0.013034864399532933
1746163307.956765652,3.619119350300656,-0.007189548528644905
1746163307.960237503,3.619119350300656,-0.007189548528644905
1746163307.964228868,3.619119350300656,-0.007189548528644905
1746163307.968220949,3.597754153642628,-0.0013840752574614005
1746163307.972277880,3.597754153642628,-0.0013840752574614005
1746163307.976804495,3.5765151525403334,0.004367231612979113
1746163307.980275154,3.5765151525403334,0.004367231612979113
1746163307.984253168,3.5765151525403334,0.004367231612979113
1746163307.988268614,3.555385602517938,0.010101440869721335
1746163307.992228508,3.555385602517938,0.010101440869721335
1746163307.996721983,3.534338282385762,0.015798177840843107
1746163308.000250101,3.534338282385762,0.015798177840843107
1746163308.004309416,3.534338282385762,0.015798177840843107
1746163308.008470535,3.5133643354259356,0.021489599927905542
1746163308.013141632,3.5133643354259356,0.021489599927905542
1746163308.020201683,3.492443308777702,0.027152744086153337
1746163308.025108337,3.492443308777702,0.027152744086153337
1746163308.030216455,3.4716844579021138,0.032816037658205295
1746163308.033114195,3.4716844579021138,0.032816037658205295
1746163308.037482500,3.4511832803495373,0.038526707756435824
1746163308.040311575,3.4511832803495373,0.038526707756435824
1746163308.044261932,3.4511832803495373,0.038526707756435824
1746163308.048244953,3.4309128457305405,0.04435142022835924
1746163308.052262068,3.4309128457305405,0.04435142022835924
1746163308.056771278,3.4108539585555606,0.05034796825527034
1746163308.060266495,3.4108539585555606,0.05034796825527034
1746163308.064279079,3.4108539585555606,0.05034796825527034
1746163308.068182945,3.3909945587588988,0.0565682823740668
1746163308.072247744,3.3909945587588988,0.0565682823740668
1746163308.076658010,3.3713290332425134,0.06306002184495267
1746163308.080216169,3.3713290332425134,0.06306002184495267
1746163308.084252119,3.3713290332425134,0.06306002184495267
1746163308.088477850,3.3518488768485004,0.0698428151459123
1746163308.092562914,3.3518488768485004,0.0698428151459123
1746163308.099680424,3.332525854049454,0.07686890690056437
1746163308.103544712,3.332525854049454,0.07686890690056437
1746163308.110184193,3.313355409304511,0.08415096057060313
1746163308.113844633,3.313355409304511,0.08415096057060313
1746163308.117604494,3.2944096955769675,0.09161802467637749
1746163308.120545387,3.2944096955769675,0.09161802467637749
1746163308.124321699,3.2944096955769675,0.09161802467637749
1746163308.128234386,3.2757711043527356,0.09927261138422772
1746163308.132289648,3.2757711043527356,0.09927261138422772
1746163308.136870384,3.2574099012779847,0.10713850559771966
1746163308.140290976,3.2574099012779847,0.10713850559771966
1746163308.144258976,3.2574099012779847,0.10713850559771966
1746163308.148298740,3.2393089899575402,0.11524737738212754
1746163308.152281046,3.2393089899575402,0.11524737738212754
1746163308.156744480,3.2214303777799533,0.12356836944666932
1746163308.160266876,3.2214303777799533,0.12356836944666932
1746163308.164229870,3.2214303777799533,0.12356836944666932
1746163308.168249846,3.2037656354393085,0.13212434020008346
1746163308.172264576,3.2037656354393085,0.13212434020008346
1746163308.176701307,3.186286643914792,0.1408879562480477
1746163308.180248499,3.186286643914792,0.1408879562480477
1746163308.184290886,3.186286643914792,0.1408879562480477
1746163308.188220024,3.16899352680667,0.1498822973791536
1746163308.192332745,3.16899352680667,0.1498822973791536
1746163308.196764708,3.151863917748121,0.1590809994216383
1746163308.200223684,3.151863917748121,0.1590809994216383
1746163308.204483509,3.151863917748121,0.1590809994216383
1746163308.210316896,3.1349035288457476,0.1685065560113975
1746163308.213526249,3.1349035288457476,0.1685065560113975
1746163308.219225645,3.1181784059890107,0.17808394846262682
1746163308.223514080,3.1181784059890107,0.17808394846262682
1746163308.230206966,3.101767076114031,0.18779557960040213
1746163308.233476639,3.101767076114031,0.18779557960040213
1746163308.237266541,3.0856218548070133,0.19763005428738004
1746163308.240228891,3.0856218548070133,0.19763005428738004
1746163308.244254351,3.0856218548070133,0.19763005428738004
1746163308.248189211,3.0697316070084155,0.20762272470381643
1746163308.252294302,3.0697316070084155,0.20762272470381643
1746163308.257054329,3.05406006616615,0.21775721952641358
1746163308.260227680,3.05406006616615,0.21775721952641358
1746163308.264214993,3.05406006616615,0.21775721952641358
1746163308.268277168,3.038605623399975,0.22806275686673272
1746163308.272217751,3.038605623399975,0.22806275686673272
1746163308.276693583,3.023339117471913,0.23851972334513163
1746163308.280241728,3.023339117471913,0.23851972334513163
1746163308.284253359,3.023339117471913,0.23851972334513163
1746163308.288246393,3.0082654276103162,0.24915344547567672
1746163308.292219400,3.0082654276103162,0.24915344547567672
1746163308.296657324,2.9933449450414495,0.2599219297481944
1746163308.300255060,2.9933449450414495,0.2599219297481944
1746163308.304220200,2.9933449450414495,0.2599219297481944
1746163308.308230162,2.9785467918364983,0.2707944080381216
1746163308.312220812,2.9785467918364983,0.2707944080381216
1746163308.316679239,2.9639649117057205,0.2817436486624249
1746163308.320259809,2.9639649117057205,0.2817436486624249
1746163308.324229240,2.9639649117057205,0.2817436486624249
1746163308.328466415,2.9496439312559435,0.2927045323518808
1746163308.332878828,2.9496439312559435,0.2927045323518808
1746163308.339447975,2.9355739405644634,0.303723878703927
1746163308.343164444,2.9355739405644634,0.303723878703927
1746163308.345825195,2.9355739405644634,0.303723878703927
1746163308.349490881,2.9217142149105455,0.3147967133293198
1746163308.352319241,2.9217142149105455,0.3147967133293198
1746163308.357287884,2.9080637051414713,0.32595869562789725
1746163308.360201836,2.9080637051414713,0.32595869562789725
1746163308.364236116,2.9080637051414713,0.32595869562789725
1746163308.368219614,2.894589022182043,0.3371979265106457
1746163308.372276068,2.894589022182043,0.3371979265106457
1746163308.376613855,2.881295463579173,0.34854335054107366
1746163308.380263805,2.881295463579173,0.34854335054107366
1746163308.384270430,2.881295463579173,0.34854335054107366
1746163308.388213396,2.868137840238152,0.3599599747314008
1746163308.392260313,2.868137840238152,0.3599599747314008
1746163308.396668911,2.8550649265606456,0.3714040098327308
1746163308.400235891,2.8550649265606456,0.3714040098327308
1746163308.404256582,2.8550649265606456,0.3714040098327308
1746163308.408474207,2.842034188416662,0.38283981306683856
1746163308.412487507,2.842034188416662,0.38283981306683856
1746163308.418125391,2.829198905586499,0.3940945732488296
1746163308.421338320,2.829198905586499,0.3940945732488296
1746163308.425041914,2.829198905586499,0.3940945732488296
1746163308.430166245,2.816733203885813,0.40508530720029295
1746163308.432479620,2.816733203885813,0.40508530720029295
1746163308.437173367,2.804545482356672,0.41583799341480554
1746163308.440314770,2.804545482356672,0.41583799341480554
1746163308.444279909,2.804545482356672,0.41583799341480554
1746163308.448280096,2.7925664287834877,0.42637924244400277
1746163308.452283382,2.7925664287834877,0.42637924244400277
1746163308.456703186,2.7807878400111026,0.43678499468728593
1746163308.460273266,2.7807878400111026,0.43678499468728593
1746163308.464249134,2.7807878400111026,0.43678499468728593
1746163308.468232632,2.769163379152352,0.447071679120892
1746163308.472257853,2.769163379152352,0.447071679120892
1746163308.476667881,2.757689171342445,0.4572905700595758
1746163308.480256796,2.757689171342445,0.4572905700595758
1746163308.484248161,2.757689171342445,0.4572905700595758
1746163308.488212109,2.7463261093225806,0.46744261503819623
1746163308.492216587,2.7463261093225806,0.46744261503819623
1746163308.496865988,2.735076554308818,0.4775666608708785
1746163308.500226736,2.735076554308818,0.4775666608708785
1746163308.504285336,2.735076554308818,0.4775666608708785
1746163308.508216143,2.7239077571841928,0.4876554739890559
1746163308.512396812,2.7239077571841928,0.4876554739890559
1746163308.516724348,2.7128442382625626,0.4977594961713509
1746163308.520213604,2.7128442382625626,0.4977594961713509
1746163308.524214029,2.7128442382625626,0.4977594961713509
1746163308.528214216,2.7019186126667964,0.5079321499413465
1746163308.532245874,2.7019186126667964,0.5079321499413465
1746163308.537038565,2.691157145280256,0.5182141024738913
1746163308.540208101,2.691157145280256,0.5182141024738913
1746163308.544254303,2.691157145280256,0.5182141024738913
1746163308.548211813,2.680621604233181,0.5286018739977991
1746163308.552247286,2.680621604233181,0.5286018739977991
1746163308.556646585,2.670363434115909,0.5390908392953877
1746163308.560268402,2.670363434115909,0.5390908392953877
1746163308.564249516,2.670363434115909,0.5390908392953877
1746163308.568252563,2.660388076472364,0.5497117242127539
1746163308.572257757,2.660388076472364,0.5497117242127539
1746163308.576707602,2.6507034926830375,0.56048927353547
1746163308.580238819,2.6507034926830375,0.56048927353547
1746163308.584254265,2.6507034926830375,0.56048927353547
1746163308.588234186,2.6413199385365704,0.5714432937745267
1746163308.592239857,2.6413199385365704,0.5714432937745267
1746163308.596650362,2.6322497722589304,0.582589464024007
1746163308.600251675,2.6322497722589304,0.582589464024007
1746163308.604268074,2.6322497722589304,0.582589464024007
1746163308.608253002,2.6235072762541867,0.5939399421035403
1746163308.612267971,2.6235072762541867,0.5939399421035403
1746163308.616675615,2.615088138095729,0.6054891737315887
1746163308.620274067,2.615088138095729,0.6054891737315887
1746163308.624269724,2.615088138095729,0.6054891737315887
1746163308.628395319,2.6069369226711143,0.6171946383991499
1746163308.632218361,2.6069369226711143,0.6171946383991499
1746163308.636679173,2.599053241252229,0.6290544479715698
1746163308.640273809,2.599053241252229,0.6290544479715698
1746163308.644204855,2.599053241252229,0.6290544479715698
1746163308.648521423,2.591398584511785,0.6410413630213873
1746163308.652658939,2.591398584511785,0.6410413630213873
1746163308.658226967,2.583985151933892,0.6531613362712946
1746163308.661244154,2.583985151933892,0.6531613362712946
1746163308.669940710,2.576782415851887,0.6653935854945998
1746163308.672374487,2.576782415851887,0.6653935854945998
1746163308.677398443,2.569849750143362,0.677675407153877
1746163308.680276871,2.569849750143362,0.677675407153877
1746163308.684295893,2.569849750143362,0.677675407153877
1746163308.688276291,2.5631907587927842,0.6899298464494533
1746163308.692244530,2.5631907587927842,0.6899298464494533
1746163308.696810007,2.556813012077804,0.702190238661205
1746163308.700265884,2.556813012077804,0.702190238661205
1746163308.704275131,2.556813012077804,0.702190238661205
1746163308.708222389,2.550676591611256,0.7144584931224871
1746163308.712164402,2.550676591611256,0.7144584931224871
1746163308.716688156,2.5447948310269877,0.7267587553154027
1746163308.720203638,2.5447948310269877,0.7267587553154027
1746163308.724246264,2.5447948310269877,0.7267587553154027
1746163308.728181362,2.539132587356482,0.7390875545973029
1746163308.732199907,2.539132587356482,0.7390875545973029
1746163308.736916304,2.5337072293372014,0.751462904588703
1746163308.740214586,2.5337072293372014,0.751462904588703
1746163308.744224310,2.5337072293372014,0.751462904588703
1746163308.748259544,2.528486990282337,0.7638782896017462
1746163308.752266407,2.528486990282337,0.7638782896017462
1746163308.756689548,2.5234922750545383,0.776347596617553
1746163308.760249615,2.5234922750545383,0.776347596617553
1746163308.764387608,2.5234922750545383,0.776347596617553
1746163308.768219471,2.5186704009860876,0.7888538143915963
1746163308.772238016,2.5186704009860876,0.7888538143915963
1746163308.776675463,2.5139626973727722,0.8013784505833309
1746163308.780276537,2.5139626973727722,0.8013784505833309
1746163308.784216166,2.5139626973727722,0.8013784505833309
1746163308.788271189,2.509324232823422,0.8139086679174007
1746163308.792258263,2.509324232823422,0.8139086679174007
1746163308.796786547,2.5047192660171627,0.8264348603039838
1746163308.800292492,2.5047192660171627,0.8264348603039838
1746163308.804248571,2.5047192660171627,0.8264348603039838
1746163308.808214903,2.500118289526952,0.838949253038001
1746163308.812219143,2.500118289526952,0.838949253038001
1746163308.816905499,2.4954941802877637,0.8514508506320203
1746163308.820182800,2.4954941802877637,0.8514508506320203
1746163308.824332237,2.4954941802877637,0.8514508506320203
1746163308.828253746,2.4908229426664836,0.8639381898807579
1746163308.832287550,2.4908229426664836,0.8639381898807579
1746163308.836761713,2.4860847881027706,0.8764034146515496
1746163308.840220451,2.4860847881027706,0.8764034146515496
1746163308.844209909,2.4860847881027706,0.8764034146515496
1746163308.848226309,2.481284332447905,0.8888477771852644
1746163308.852269173,2.481284332447905,0.8888477771852644
1746163308.856867075,2.476484193660007,0.9012951196881139
1746163308.860257149,2.476484193660007,0.9012951196881139
1746163308.864265919,2.476484193660007,0.9012951196881139
1746163308.868216276,2.471683975244678,0.9137451364769381
1746163308.872240305,2.471683975244678,0.9137451364769381
1746163308.876708984,2.4669485206107074,0.9262224742954638
1746163308.880262852,2.4669485206107074,0.9262224742954638
1746163308.884248018,2.4669485206107074,0.9262224742954638
1746163308.888471365,2.4623443599689776,0.9387512443653955
1746163308.892776251,2.4623443599689776,0.9387512443653955
1746163308.899042130,2.4579218266252214,0.9513475317758169
1746163308.902471066,2.4579218266252214,0.9513475317758169
1746163308.911111832,2.453720715102975,0.964021524252053
1746163308.914417744,2.453720715102975,0.964021524252053
1746163308.919650793,2.449773907846161,0.9767790219029823
1746163308.922508240,2.449773907846161,0.9767790219029823
1746163308.924812794,2.449773907846161,0.9767790219029823
1746163308.928539753,2.4461097302853627,0.9896224640635609
1746163308.932218075,2.4461097302853627,0.9896224640635609
1746163308.936826944,2.4427534900639287,1.0025516048440115
1746163308.940296888,2.4427534900639287,1.0025516048440115
1746163308.944233418,2.4427534900639287,1.0025516048440115
1746163308.948217392,2.439728482575456,1.0155639425403598
1746163308.952285290,2.439728482575456,1.0155639425403598
1746163308.956664562,2.437056641852457,1.028654980631089
1746163308.960273027,2.437056641852457,1.028654980631089
1746163308.964258194,2.437056641852457,1.028654980631089
1746163308.968244314,2.4347407355545023,1.0418157488141755
1746163308.972233534,2.4347407355545023,1.0418157488141755
1746163308.976653099,2.432730085174212,1.0550291297385799
1746163308.980235100,2.432730085174212,1.0550291297385799
1746163308.984266758,2.432730085174212,1.0550291297385799
1746163308.988256454,2.43093984757578,1.0682765775972993
1746163308.992286921,2.43093984757578,1.0682765775972993
1746163308.996687889,2.429298288101918,1.0815454963170388
1746163309.000241995,2.429298288101918,1.0815454963170388
1746163309.004254103,2.429298288101918,1.0815454963170388
1746163309.008257151,2.4277762913942498,1.0948306994615924
1746163309.012262821,2.4277762913942498,1.0948306994615924
1746163309.016745806,2.426442423645099,1.1081379731373207
1746163309.020198345,2.426442423645099,1.1081379731373207
1746163309.024233580,2.426442423645099,1.1081379731373207
1746163309.028220177,2.4253669449347806,1.1214703833682063
1746163309.032336712,2.4253669449347806,1.1214703833682063
1746163309.036700487,2.424584223343982,1.1348249497188028
1746163309.040217161,2.424584223343982,1.1348249497188028
1746163309.044243574,2.424584223343982,1.1348249497188028
1746163309.048251867,2.424076126319957,1.1481945030260838
1746163309.052252054,2.424076126319957,1.1481945030260838
1746163309.056819677,2.4238262025247783,1.1615729995188913
1746163309.060239077,2.4238262025247783,1.1615729995188913
1746163309.064205647,2.4238262025247783,1.1615729995188913
1746163309.068252802,2.4238235281547853,1.1749553714739236
1746163309.072260857,2.4238235281547853,1.1749553714739236
1746163309.076664686,2.424060794372135,1.1883371042723714
1746163309.080258846,2.424060794372135,1.1883371042723714
1746163309.084264278,2.424060794372135,1.1883371042723714
1746163309.088260889,2.4245330667863336,1.2017139976267155
1746163309.092244387,2.4245330667863336,1.2017139976267155
1746163309.096735954,2.425236970956282,1.215082029283754
1746163309.100259542,2.425236970956282,1.215082029283754
1746163309.104223251,2.425236970956282,1.215082029283754
1746163309.108288050,2.426170153136327,1.2284372771139387
1746163309.112218857,2.426170153136327,1.2284372771139387
1746163309.116768360,2.4273307649858706,1.2417739487423203
1746163309.120300055,2.4273307649858706,1.2417739487423203
1746163309.124275684,2.4273307649858706,1.2417739487423203
1746163309.128234386,2.4287051003021287,1.25508788225092
1746163309.132218361,2.4287051003021287,1.25508788225092
1746163309.136737347,2.430237172321815,1.2683826621371865
1746163309.140207291,2.430237172321815,1.2683826621371865
1746163309.144255161,2.430237172321815,1.2683826621371865
1746163309.148217678,2.4318747785926487,1.2816632753803072
1746163309.152470112,2.4318747785926487,1.2816632753803072
1746163309.158098698,2.4336020326791554,1.2949311943721005
1746163309.160165310,2.4336020326791554,1.2949311943721005
1746163309.164219618,2.4336020326791554,1.2949311943721005
1746163309.168224812,2.435496037332874,1.3081751883765618
1746163309.172251225,2.435496037332874,1.3081751883765618
1746163309.176760674,2.4376318303164872,1.321381386727773
1746163309.180221081,2.4376318303164872,1.321381386727773
1746163309.184309959,2.4376318303164872,1.321381386727773
1746163309.188225985,2.440051621896859,1.3345378132759336
1746163309.192254543,2.440051621896859,1.3345378132759336
1746163309.196735620,2.442766674014996,1.3476358989412207
1746163309.200234890,2.442766674014996,1.3476358989412207
1746163309.204329252,2.442766674014996,1.3476358989412207
1746163309.208218575,2.4457515627255586,1.360674710444583
1746163309.212232113,2.4457515627255586,1.360674710444583
1746163309.216970205,2.4489902902648413,1.3736524445761678
1746163309.220194340,2.4489902902648413,1.3736524445761678
1746163309.224253893,2.4489902902648413,1.3736524445761678
1746163309.228256226,2.452471891582624,1.3865668483659623
1746163309.232296705,2.452471891582624,1.3865668483659623
1746163309.236759424,2.456188683500806,1.3994152975801541
1746163309.240219593,2.456188683500806,1.3994152975801541
1746163309.244224310,2.456188683500806,1.3994152975801541
1746163309.248261213,2.460135130765785,1.4121948789894667
1746163309.252225637,2.460135130765785,1.4121948789894667
1746163309.256733418,2.4643266372430936,1.4249637062251435
1746163309.260297537,2.4643266372430936,1.4249637062251435
1746163309.264280319,2.4643266372430936,1.4249637062251435
1746163309.268260241,2.468779445105615,1.4377765752827703
1746163309.272238255,2.468779445105615,1.4377765752827703
1746163309.276765585,2.47348056472677,1.4506276958357154
1746163309.280270576,2.47348056472677,1.4506276958357154
1746163309.284267426,2.47348056472677,1.4506276958357154
1746163309.288223267,2.4783791133434216,1.463526655051709
1746163309.292223930,2.4783791133434216,1.463526655051709
1746163309.296794415,2.483426800430598,1.4764843377677113
1746163309.300226927,2.483426800430598,1.4764843377677113
1746163309.304274082,2.483426800430598,1.4764843377677113
1746163309.308469534,2.4885857016297668,1.4895091942414225
1746163309.313335419,2.4885857016297668,1.4895091942414225
1746163309.320886135,2.4938469713205573,1.5025989742497465
1746163309.325211048,2.4938469713205573,1.5025989742497465
1746163309.330126524,2.499285163920592,1.5157175304409523
1746163309.332927227,2.499285163920592,1.5157175304409523
1746163309.337535858,2.5049745559095893,1.5288262391706389
1746163309.340278149,2.5049745559095893,1.5288262391706389
1746163309.344295263,2.5049745559095893,1.5288262391706389
1746163309.348267555,2.5109711163636677,1.5418906810450488
1746163309.352263212,2.5109711163636677,1.5418906810450488
1746163309.356808186,2.5173016641267107,1.5548866003523172
1746163309.360228062,2.5173016641267107,1.5548866003523172
1746163309.364345789,2.5173016641267107,1.5548866003523172
1746163309.368201733,2.5239476277726154,1.5678107895458364
1746163309.372237921,2.5239476277726154,1.5678107895458364
1746163309.376909494,2.530892047755083,1.5806605653713302
1746163309.380225420,2.530892047755083,1.5806605653713302
1746163309.384263754,2.530892047755083,1.5806605653713302
1746163309.388217688,2.53812312511743,1.593431608778032
1746163309.392243624,2.53812312511743,1.593431608778032
1746163309.396737337,2.545656836990237,1.6061612364015823
1746163309.400236368,2.545656836990237,1.6061612364015823
1746163309.404217243,2.545656836990237,1.6061612364015823
1746163309.408245325,2.55351098375307,1.6188835493150666
1746163309.412300110,2.55351098375307,1.6188835493150666
1746163309.416728497,2.561680546321839,1.6315866724251415
1746163309.420208693,2.561680546321839,1.6315866724251415
1746163309.424237251,2.561680546321839,1.6315866724251415
1746163309.428223372,2.5701621384862468,1.6442581216809817
1746163309.432217598,2.5701621384862468,1.6442581216809817
1746163309.436702967,2.578953318244931,1.6568850840875817
1746163309.440256596,2.578953318244931,1.6568850840875817
1746163309.444266319,2.578953318244931,1.6568850840875817
1746163309.448478937,2.588052151784268,1.6694546014565437
1746163309.452482700,2.588052151784268,1.6694546014565437
1746163309.458454847,2.5974569297667367,1.681953694797646
1746163309.461656570,2.5974569297667367,1.681953694797646
1746163309.465152025,2.5974569297667367,1.681953694797646
1746163309.470643997,2.6071659797625406,1.69436945029539
1746163309.473909378,2.6071659797625406,1.69436945029539
1746163309.478026867,2.6171775413747023,1.7066890795607224
1746163309.480267048,2.6171775413747023,1.7066890795607224
1746163309.484217882,2.6171775413747023,1.7066890795607224
1746163309.488261938,2.627489683166256,1.7188999622613503
1746163309.492293358,2.627489683166256,1.7188999622613503
1746163309.497016907,2.6381002478891493,1.7309896765054609
1746163309.500182867,2.6381002478891493,1.7309896765054609
1746163309.504278660,2.6381002478891493,1.7309896765054609
1746163309.508184195,2.6490068170829977,1.7429460206360874
1746163309.512270212,2.6490068170829977,1.7429460206360874
1746163309.516685486,2.660206689038355,1.7547570289658359
1746163309.520244598,2.660206689038355,1.7547570289658359
1746163309.524317026,2.660206689038355,1.7547570289658359
1746163309.528519630,2.671696866040897,1.7664109832196844
1746163309.532802105,2.671696866040897,1.7664109832196844
1746163309.538333654,2.6834910540926593,1.7779136071200696
1746163309.541605949,2.6834910540926593,1.7779136071200696
1746163309.544760466,2.6834910540926593,1.7779136071200696
1746163309.548845530,2.6956021338528298,1.7892698166470524
1746163309.552352667,2.6956021338528298,1.7892698166470524
1746163309.557163000,2.708017316242538,1.800475373602228
1746163309.560286283,2.708017316242538,1.800475373602228
1746163309.564243078,2.708017316242538,1.800475373602228
1746163309.568257332,2.7206954535293795,1.8115596587417553
1746163309.572274685,2.7206954535293795,1.8115596587417553
1746163309.576733351,2.733596311460786,1.8225550533282269
1746163309.580229282,2.733596311460786,1.8225550533282269
1746163309.584261417,2.733596311460786,1.8225550533282269
1746163309.588477135,2.7466865010740396,1.8334892524462487
1746163309.592383862,2.7466865010740396,1.8334892524462487
1746163309.617622375,2.7869213346217294,1.8660338396942162
1746163309.620244741,2.7869213346217294,1.8660338396942162
1746163309.624253750,2.7869213346217294,1.8660338396942162
1746163309.628275156,2.800680133567023,1.8767329567082913
1746163309.632250071,2.800680133567023,1.8767329567082913
1746163309.636786461,2.814651294580294,1.8872904329042688
1746163309.640254498,2.814651294580294,1.8872904329042688
1746163309.644217491,2.814651294580294,1.8872904329042688
1746163309.648288488,2.8288601969380913,1.8976595050100413
1746163309.652257681,2.8288601969380913,1.8976595050100413
1746163309.656724215,2.843300211046895,1.9078662816835157
1746163309.660251141,2.843300211046895,1.9078662816835157
1746163309.664272308,2.843300211046895,1.9078662816835157
1746163309.668262482,2.8579950803771097,1.9178933921304193
1746163309.672260523,2.8579950803771097,1.9178933921304193
1746163309.676791191,2.872924250190499,1.927754068698042
1746163309.680238008,2.872924250190499,1.927754068698042
1746163309.684245110,2.872924250190499,1.927754068698042
1746163309.688212872,2.888096187680243,1.9374185794332681
1746163309.692253113,2.888096187680243,1.9374185794332681
1746163309.696999311,2.9034914164914274,1.9469005089779792
1746163309.700270176,2.9034914164914274,1.9469005089779792
1746163309.704259634,2.9034914164914274,1.9469005089779792
1746163309.708220720,2.9191180192490847,1.9561696165124223
1746163309.712301016,2.9191180192490847,1.9561696165124223
1746163309.716715813,2.9349572642621986,1.965240190970053
1746163309.720199108,2.9349572642621986,1.965240190970053
1746163309.724196672,2.9349572642621986,1.965240190970053
1746163309.728299141,2.95101657165397,1.974081768202409
1746163309.732304335,2.95101657165397,1.974081768202409
1746163309.736841202,2.9672778184454396,1.9827094978649569
1746163309.740229845,2.9672778184454396,1.9827094978649569
1746163309.744238853,2.9672778184454396,1.9827094978649569
1746163309.748261929,2.9837476196676223,1.9910928410431634
1746163309.752216101,2.9837476196676223,1.9910928410431634
1746163309.756714344,3.000408417881827,1.9992478677518426
1746163309.760223389,3.000408417881827,1.9992478677518426
1746163309.764283895,3.000408417881827,1.9992478677518426
1746163309.768219471,3.0172659464407716,2.007144045607769
1746163309.772289038,3.0172659464407716,2.007144045607769
1746163309.776722908,3.0343194509574087,2.014805840453928
1746163309.780281782,3.0343194509574087,2.014805840453928
1746163309.784256220,3.0343194509574087,2.014805840453928
1746163309.788250685,3.051589173132922,2.022209995515734
1746163309.792294025,3.051589173132922,2.022209995515734
1746163309.796746016,3.069057591680083,2.029372902392778
1746163309.800248861,3.069057591680083,2.029372902392778
1746163309.804298162,3.069057591680083,2.029372902392778
1746163309.808467150,3.0867360860301125,2.0362403294172853
1746163309.812438965,3.0867360860301125,2.0362403294172853
1746163309.818313360,3.1046300257523205,2.0427671671605
1746163309.821716309,3.1046300257523205,2.0427671671605
1746163309.825292826,3.1046300257523205,2.0427671671605
1746163309.830214262,3.1227181517065534,2.0489783877146532
1746163309.834396839,3.1227181517065534,2.0489783877146532
1746163309.838273525,3.140997902121484,2.0548475422680523
1746163309.840229511,3.140997902121484,2.0548475422680523
1746163309.844260931,3.140997902121484,2.0548475422680523
1746163309.848242044,3.159451075144901,2.0603963021756266
1746163309.852233171,3.159451075144901,2.0603963021756266
1746163309.856963158,3.178075488456664,2.065595503337606
1746163309.860177994,3.178075488456664,2.065595503337606
1746163309.864271164,3.178075488456664,2.065595503337606
1746163309.868232489,3.1968546854738844,2.0704657805146565
1746163309.872274160,3.1968546854738844,2.0704657805146565
1746163309.876853228,3.215786013939613,2.0749768379383124
1746163309.880255222,3.215786013939613,2.0749768379383124
1746163309.884255409,3.215786013939613,2.0749768379383124
1746163309.888287783,3.23487378051944,2.079153761347673
1746163309.892285347,3.23487378051944,2.079153761347673
1746163309.896772385,3.2541331125607704,2.082970262211901
1746163309.900283098,3.2541331125607704,2.082970262211901
1746163309.904264450,3.2541331125607704,2.082970262211901
1746163309.908220768,3.2735439801693254,2.086470068977881
1746163309.912223339,3.2735439801693254,2.086470068977881
1746163309.916733980,3.293086518210818,2.089711678691469
1746163309.920301199,3.293086518210818,2.089711678691469
1746163309.924227953,3.293086518210818,2.089711678691469
1746163309.928259611,3.3127449086269465,2.09274594272003
1746163309.932247400,3.3127449086269465,2.09274594272003
1746163309.936738968,3.3325095839258916,2.0955941787503303
1746163309.940255404,3.3325095839258916,2.0955941787503303
1746163309.944219828,3.3325095839258916,2.0955941787503303
1746163309.948522329,3.3523812300673357,2.098208095890415
1746163309.953094721,3.3523812300673357,2.098208095890415
1746163309.960558414,3.372349272033995,2.100621469418791
1746163309.964562893,3.372349272033995,2.100621469418791
1746163309.970793962,3.392402247003331,2.1028867267080775
1746163309.974971294,3.392402247003331,2.1028867267080775
1746163309.980888605,3.412530693645102,2.105051032196512
1746163309.984348059,3.412530693645102,2.105051032196512
1746163309.988746643,3.4327520453300386,2.1071351078128737
1746163309.992326498,3.4327520453300386,2.1071351078128737
1746163309.997322559,3.4530897457165333,2.1090915155661327
1746163310.000268936,3.4530897457165333,2.1090915155661327
1746163310.004272223,3.4530897457165333,2.1090915155661327
1746163310.008253336,3.47353497118673,2.110953434637291
1746163310.012248993,3.47353497118673,2.110953434637291
1746163310.016846180,3.4940800453568293,2.1127488599239945
1746163310.020210028,3.4940800453568293,2.1127488599239945
1746163310.024282932,3.4940800453568293,2.1127488599239945
1746163310.028499126,3.5147238215511174,2.114434429023272
1746163310.032919407,3.5147238215511174,2.114434429023272
1746163310.038692713,3.535460396108403,2.1160230526264514
1746163310.041090012,3.535460396108403,2.1160230526264514
1746163310.044187069,3.535460396108403,2.1160230526264514
1746163310.048286200,3.5562877340198904,2.1174790113160844
1746163310.052290201,3.5562877340198904,2.1174790113160844
1746163310.057034492,3.577199889137228,2.1188207065497022
1746163310.060491562,3.577199889137228,2.1188207065497022
1746163310.064233065,3.577199889137228,2.1188207065497022
1746163310.068302393,3.5981943623456307,2.1200160840044058
1746163310.072474241,3.5981943623456307,2.1200160840044058
1746163310.076685190,3.619265514117636,2.121086365120729
1746163310.080354691,3.619265514117636,2.121086365120729
1746163310.084214449,3.619265514117636,2.121086365120729
1746163310.088232756,3.640435249972574,2.1220026705935453
1746163310.092313051,3.640435249972574,2.1220026705935453
1746163310.096726179,3.6617219342156377,2.122788475861339
1746163310.100252628,3.6617219342156377,2.122788475861339
1746163310.104221106,3.6617219342156377,2.122788475861339
1746163310.108267784,3.6831202689434206,2.1234148733718454
1746163310.112229586,3.6831202689434206,2.1234148733718454
1746163310.116739511,3.7046234564930005,2.123904636619023
1746163310.120268583,3.7046234564930005,2.123904636619023
1746163310.124486446,3.7046234564930005,2.123904636619023
1746163310.132006168,3.72622622964427,2.1242292224838044
1746163310.135925770,3.72622622964427,2.1242292224838044
1746163310.140454769,3.747922534031724,2.1244119278314377
1746163310.144326925,3.747922534031724,2.1244119278314377
1746163310.148252249,3.769707045406622,2.12439972347327
1746163310.152325869,3.769707045406622,2.12439972347327
1746163310.157103539,3.7915734582549403,2.1241486747185316
1746163310.160284758,3.7915734582549403,2.1241486747185316
1746163310.164285421,3.7915734582549403,2.1241486747185316
1746163310.168469906,3.8135158926003996,2.123689839182008
1746163310.172482729,3.8135158926003996,2.123689839182008
1746163310.177807808,3.8355279083534057,2.122999778963776
1746163310.180390596,3.8355279083534057,2.122999778963776
1746163310.184334040,3.8355279083534057,2.122999778963776
1746163310.188221693,3.8576324923128067,2.122104774186481
1746163310.192298412,3.8576324923128067,2.122104774186481
1746163310.196988821,3.8798496224021264,2.120978279290517
1746163310.200244904,3.8798496224021264,2.120978279290517
1746163310.204221010,3.8798496224021264,2.120978279290517
1746163310.208398581,3.9021726441390165,2.1196450520847128
1746163310.212267876,3.9021726441390165,2.1196450520847128
1746163310.216744661,3.924592323487791,2.118078311234782
1746163310.220193148,3.924592323487791,2.118078311234782
1746163310.224246025,3.924592323487791,2.118078311234782
1746163310.228253126,3.9471029711748145,2.116302161648767
1746163310.232253551,3.9471029711748145,2.116302161648767
1746163310.236882687,3.96969528441455,2.11428923012616
1746163310.240272999,3.96969528441455,2.11428923012616
1746163310.244216919,3.96969528441455,2.11428923012616
1746163310.248264790,3.9923644713895463,2.112063399937508
1746163310.252214670,3.9923644713895463,2.112063399937508
1746163310.256930590,4.015101099392418,2.10959706767977
1746163310.260217905,4.015101099392418,2.10959706767977
1746163310.264253378,4.015101099392418,2.10959706767977
1746163310.268198013,4.037901231878895,2.106914127624164
1746163310.272379875,4.037901231878895,2.106914127624164
1746163310.276804447,4.0607833622584915,2.103983754201201
1746163310.280198574,4.0607833622584915,2.103983754201201
1746163310.284215927,4.0607833622584915,2.103983754201201
1746163310.288217545,4.083771065778518,2.100826244546721
1746163310.292211533,4.083771065778518,2.100826244546721
1746163310.296717644,4.106851987577566,2.09741473542996
1746163310.300260544,4.106851987577566,2.09741473542996
1746163310.304230928,4.106851987577566,2.09741473542996
1746163310.308217525,4.130021210278544,2.093772691336476
1746163310.312266350,4.130021210278544,2.093772691336476
1746163310.316675425,4.153266350143527,2.089873079810636
1746163310.320187807,4.153266350143527,2.089873079810636
1746163310.324228764,4.153266350143527,2.089873079810636
1746163310.328235626,4.176583454737946,2.0857393723868753
1746163310.332395315,4.176583454737946,2.0857393723868753
1746163310.336918831,4.19996005096768,2.0813444861900168
1746163310.340256453,4.19996005096768,2.0813444861900168
1746163310.344236135,4.19996005096768,2.0813444861900168
1746163310.348254681,4.223397934157087,2.076736187684204
1746163310.352213860,4.223397934157087,2.076736187684204
1746163310.356676817,4.246932221307856,2.0719718686197557
1746163310.360392094,4.246932221307856,2.0719718686197557
1746163310.364267349,4.246932221307856,2.0719718686197557
1746163310.368260145,4.270596743714086,2.0671031090048633
1746163310.372281075,4.270596743714086,2.0671031090048633
1746163310.376665592,4.294395530213604,2.0621852235528086
1746163310.380197763,4.294395530213604,2.0621852235528086
1746163310.384282827,4.294395530213604,2.0621852235528086
1746163310.388260365,4.318327827968595,2.0572478778386714
1746163310.392263174,4.318327827968595,2.0572478778386714
1746163310.396636486,4.342379259396816,2.0522531770350443
1746163310.400267363,4.342379259396816,2.0522531770350443
1746163310.404286146,4.342379259396816,2.0522531770350443
1746163310.408217192,4.366547064502782,2.047217968267148
1746163310.412261248,4.366547064502782,2.047217968267148
1746163310.416856766,4.390819016230843,2.0421122944162735
1746163310.420198202,4.390819016230843,2.0421122944162735
1746163310.424254894,4.390819016230843,2.0421122944162735
1746163310.428210974,4.415194059311293,2.0369583114063907
1746163310.432287693,4.415194059311293,2.0369583114063907
1746163310.436776161,4.43966107404318,2.0317292574813677
1746163310.440216303,4.43966107404318,2.0317292574813677
1746163310.444487333,4.43966107404318,2.0317292574813677
1746163310.452421188,4.464253723405419,2.0264667985507043
1746163310.458489656,4.489003192606209,2.0212063353385066
1746163310.462007761,4.489003192606209,2.0212063353385066
1746163310.465372562,4.489003192606209,2.0212063353385066
1746163310.470687628,4.513895904684829,2.015919083804962
1746163310.473501205,4.513895904684829,2.015919083804962
1746163310.477281332,4.538929591958169,2.0106277749446804
1746163310.480243683,4.538929591958169,2.0106277749446804
1746163310.484282732,4.538929591958169,2.0106277749446804
1746163310.488231421,4.5640921200287465,2.005306962651491
1746163310.492308617,4.5640921200287465,2.005306962651491
1746163310.514509201,4.5893823605186705,1.999981733512122
1746163310.519153357,4.614789079732043,1.9946278315412949
1746163310.520133972,4.614789079732043,1.9946278315412949
1746163310.524251223,4.614789079732043,1.9946278315412949
1746163310.528228998,4.6403404437183235,1.989265098173658
1746163310.532411337,4.6403404437183235,1.989265098173658
1746163310.536701918,4.666053154947302,1.9838642898455943
1746163310.540266752,4.666053154947302,1.9838642898455943
1746163310.544279814,4.666053154947302,1.9838642898455943
1746163310.548259020,4.69192467715838,1.9784517108207467
1746163310.552214861,4.69192467715838,1.9784517108207467
1746163310.556808233,4.717942556897432,1.9730045301106238
1746163310.560306311,4.717942556897432,1.9730045301106238
1746163310.564299583,4.717942556897432,1.9730045301106238
1746163310.568214655,4.74410500833911,1.9675491476191593
1746163310.572393179,4.74410500833911,1.9675491476191593
1746163310.576707125,4.770400245704135,1.9620624412327508
1746163310.580467224,4.770400245704135,1.9620624412327508
1746163310.584334612,4.770400245704135,1.9620624412327508
1746163310.590352535,4.796827148289978,1.95657083483588
1746163310.593549013,4.796827148289978,1.95657083483588
1746163310.600910664,4.8233695098316,1.9510268393836943
1746163310.605977535,4.8233695098316,1.9510268393836943
1746163310.612922430,4.850040356846668,1.9453839129171835
1746163310.617295265,4.876866619897591,1.9396670035006613
1746163310.620275497,4.876866619897591,1.9396670035006613
1746163310.624293327,4.876866619897591,1.9396670035006613
1746163310.628327131,4.903835606992679,1.933855234114487
1746163310.632247448,4.903835606992679,1.933855234114487
1746163310.636795521,4.930945246071442,1.927975430680294
1746163310.640228748,4.930945246071442,1.927975430680294
1746163310.644480228,4.930945246071442,1.927975430680294
1746163310.650302172,4.958183021329474,1.9220043952315329
1746163310.653373241,4.958183021329474,1.9220043952315329
1746163310.658010483,4.985547407203276,1.915967718418861
1746163310.660390615,4.985547407203276,1.915967718418861
1746163310.664356232,4.985547407203276,1.915967718418861
1746163310.668282509,5.013026257700276,1.9098411905463262
1746163310.672290564,5.013026257700276,1.9098411905463262
1746163310.677213907,5.04064575347652,1.9036439016931375
1746163310.680233240,5.04064575347652,1.9036439016931375
1746163310.684228182,5.04064575347652,1.9036439016931375
1746163310.688259840,5.068420055474296,1.897345904022608
1746163310.692320108,5.068420055474296,1.897345904022608
1746163310.696812153,5.0963462945163185,1.8909722336385935
1746163310.700230837,5.0963462945163185,1.8909722336385935
1746163310.704318285,5.0963462945163185,1.8909722336385935
1746163310.708222628,5.124405404311232,1.884475444711182
1746163310.712248087,5.124405404311232,1.884475444711182
1746163310.716762781,5.1525794941535485,1.8778133236709524
1746163310.725734711,5.1525794941535485,1.8778133236709524
1746163310.742019176,5.1808674970160755,1.871014490107431
1746163310.744209290,5.1808674970160755,1.871014490107431
1746163310.748217821,5.209256501605382,1.8640563254205482
1746163310.752332687,5.209256501605382,1.8640563254205482
1746163310.756900549,5.237776657317424,1.8569814041790342
1746163310.760239124,5.237776657317424,1.8569814041790342
1746163310.764474392,5.237776657317424,1.8569814041790342
1746163310.770890951,5.266461851776703,1.8498495910648574
1746163310.773736954,5.266461851776703,1.8498495910648574
1746163310.779902697,5.295313370592904,1.8427003943508067
1746163310.785021544,5.295313370592904,1.8427003943508067
1746163310.791495323,5.324315931139778,1.8355049191825514
1746163310.794156313,5.324315931139778,1.8355049191825514
1746163310.797722101,5.353467477223036,1.828286046447351
1746163310.800420284,5.353467477223036,1.828286046447351
1746163310.804323673,5.353467477223036,1.828286046447351
1746163310.808395624,5.382754690403246,1.8210197362775151
1746163310.812315226,5.382754690403246,1.8210197362775151
1746163310.817118883,5.412177046488022,1.8137321542077898
1746163310.820357084,5.412177046488022,1.8137321542077898
1746163310.824309349,5.412177046488022,1.8137321542077898
1746163310.828302860,5.441747160847812,1.8063947814876795
1746163310.832323790,5.441747160847812,1.8063947814876795
1746163310.837136269,5.4714889892851515,1.7990286197443992
1746163310.840279341,5.4714889892851515,1.7990286197443992
1746163310.844308376,5.4714889892851515,1.7990286197443992
1746163310.848285198,5.501388857629306,1.7916128132447642
1746163310.852338552,5.501388857629306,1.7916128132447642
1746163310.857095957,5.531445498716714,1.7841749363117905
1746163310.860280514,5.531445498716714,1.7841749363117905
1746163310.864291430,5.531445498716714,1.7841749363117905
1746163310.868303776,5.561645929747601,1.776693720009778
1746163310.872316122,5.561645929747601,1.776693720009778
1746163310.877085209,5.591989589128878,1.7691965857726195
1746163310.880292654,5.591989589128878,1.7691965857726195
1746163310.884333372,5.591989589128878,1.7691965857726195
1746163310.888286591,5.622487401866802,1.761656057548389
1746163310.892441511,5.622487401866802,1.761656057548389
1746163310.896957636,5.65316151189442,1.7540934633600642
1746163310.900294065,5.65316151189442,1.7540934633600642
1746163310.904295206,5.65316151189442,1.7540934633600642
1746163310.908256769,5.683998025198993,1.7464875276704783
1746163310.912326336,5.683998025198993,1.7464875276704783
1746163310.917066097,5.714995358253054,1.7388652334182948
1746163310.920227289,5.714995358253054,1.7388652334182948
1746163310.924261332,5.714995358253054,1.7388652334182948
1746163310.928287506,5.746140291181919,1.7312047275568876
1746163310.932434320,5.746140291181919,1.7312047275568876
1746163310.937350988,5.777431942955537,1.7235328167837012
1746163310.940251827,5.777431942955537,1.7235328167837012
1746163310.944354773,5.777431942955537,1.7235328167837012
1746163310.948293209,5.808877660492876,1.715822350187689
1746163310.952259064,5.808877660492876,1.715822350187689
1746163310.956946611,5.840496100077274,1.7080950225391145
1746163310.960257530,5.840496100077274,1.7080950225391145
1746163310.964240551,5.840496100077274,1.7080950225391145
1746163310.968290091,5.87227349826247,1.7003289616864568
1746163310.972241402,5.87227349826247,1.7003289616864568
1746163310.976824045,5.904208331048093,1.692550743423811
1746163310.980204582,5.904208331048093,1.692550743423811
1746163310.984399319,5.904208331048093,1.692550743423811
1746163310.988270283,5.936287525089984,1.6847380458258665
1746163310.992262363,5.936287525089984,1.6847380458258665
1746163310.996696949,5.96851026244664,1.67691737923208
1746163311.000393629,5.96851026244664,1.67691737923208
1746163311.004229069,5.96851026244664,1.67691737923208
1746163311.008294344,6.000839917895378,1.669046067824013
1746163311.012268543,6.000839917895378,1.669046067824013
1746163311.016709805,6.033242012647096,1.6610855070519717
1746163311.020241976,6.033242012647096,1.6610855070519717
1746163311.024513483,6.033242012647096,1.6610855070519717
1746163311.030489445,6.06571912140138,1.6530648305854525
1746163311.033653021,6.06571912140138,1.6530648305854525
1746163311.039154530,6.098261052399692,1.6449604405046157
1746163311.042959213,6.098261052399692,1.6449604405046157
1746163311.048360109,6.13086994154341,1.636797624253855
1746163311.052316904,6.13086994154341,1.636797624253855
1746163311.057104588,6.163535274872193,1.6285502592213144
1746163311.060280323,6.163535274872193,1.6285502592213144
1746163311.064240456,6.163535274872193,1.6285502592213144
1746163311.068237305,6.196240244908535,1.620247077127312
1746163311.072281361,6.196240244908535,1.620247077127312
1746163311.076969385,6.2289561498303545,1.6118653862787926
1746163311.080219269,6.2289561498303545,1.6118653862787926
1746163311.084253788,6.2289561498303545,1.6118653862787926
1746163311.088255405,6.261687465849409,1.6034288718445053
1746163311.092254162,6.261687465849409,1.6034288718445053
1746163311.096923590,6.294425483130368,1.5949096929149558
1746163311.100207329,6.294425483130368,1.5949096929149558
1746163311.104268312,6.294425483130368,1.5949096929149558
1746163311.108216047,6.327174933036816,1.5863317008585127
1746163311.112266064,6.327174933036816,1.5863317008585127
1746163311.116744041,6.359927173865211,1.5776673370816954
1746163311.120237827,6.359927173865211,1.5776673370816954
1746163311.124243259,6.359927173865211,1.5776673370816954
1746163311.128225803,6.392630869536096,1.5689560189991587
1746163311.132221937,6.392630869536096,1.5689560189991587
1746163311.136861563,6.425229954727986,1.5601822856444882
1746163311.140197277,6.425229954727986,1.5601822856444882
1746163311.144275904,6.425229954727986,1.5601822856444882
1746163311.148269176,6.457746707899273,1.551367421983089
1746163311.152270555,6.457746707899273,1.551367421983089
1746163311.156841993,6.49018595512128,1.5424799248070176
1746163311.160259724,6.49018595512128,1.5424799248070176
1746163311.164237261,6.49018595512128,1.5424799248070176
1746163311.168302774,6.522564695848118,1.53354245406421
1746163311.172259331,6.522564695848118,1.53354245406421
1746163311.176686049,6.55488343083613,1.524525306319494
1746163311.180218697,6.55488343083613,1.524525306319494
1746163311.184241056,6.55488343083613,1.524525306319494
1746163311.188220739,6.5870648109035015,1.5154782700641036
1746163311.192270279,6.5870648109035015,1.5154782700641036
1746163311.196764946,6.619032360463215,1.5063924474658237
1746163311.200282097,6.619032360463215,1.5063924474658237
1746163311.204545736,6.619032360463215,1.5063924474658237
1746163311.212114334,6.650829407739592,1.497285221249579
1746163311.219229698,6.682476605009459,1.488120262308652
1746163311.222943068,6.682476605009459,1.488120262308652
1746163311.225811005,6.682476605009459,1.488120262308652
1746163311.229736328,6.714004928505052,1.478917772133031
1746163311.232343197,6.714004928505052,1.478917772133031
1746163311.237004519,6.745425167885561,1.4696451241200497
1746163311.240246773,6.745425167885561,1.4696451241200497
1746163311.244261265,6.745425167885561,1.4696451241200497
1746163311.248272419,6.776666036642897,1.460353282940045
1746163311.252285719,6.776666036642897,1.460353282940045
1746163311.256691933,6.807655007780958,1.451033752166674
1746163311.260221958,6.807655007780958,1.451033752166674
1746163311.264284849,6.807655007780958,1.451033752166674
1746163311.268222094,6.838442940119081,1.441702281574
1746163311.272255898,6.838442940119081,1.441702281574
1746163311.276697397,6.869055642784711,1.432320871199822
1746163311.280283213,6.869055642784711,1.432320871199822
1746163311.284216404,6.869055642784711,1.432320871199822
1746163311.288197279,6.8995292254405225,1.4229087770374858
1746163311.292239666,6.8995292254405225,1.4229087770374858
1746163311.296758652,6.929877770273037,1.4134324855798668
1746163311.300272703,6.929877770273037,1.4134324855798668
1746163311.304223537,6.929877770273037,1.4134324855798668
1746163311.308275938,6.9600304975965415,1.403945105941642
1746163311.312182188,6.9600304975965415,1.403945105941642
1746163311.316683531,6.989914427728553,1.3944398430986862
1746163311.320181847,6.989914427728553,1.3944398430986862
1746163311.324283123,6.989914427728553,1.3944398430986862
1746163311.328254223,7.019584047167401,1.384931319493045
1746163311.332286835,7.019584047167401,1.384931319493045
1746163311.336709261,7.049067220695276,1.3753806107934194
1746163311.340220690,7.049067220695276,1.3753806107934194
1746163311.344213963,7.049067220695276,1.3753806107934194
1746163311.348212957,7.078402614760561,1.3658062754795712
1746163311.352209568,7.078402614760561,1.3658062754795712
1746163311.356770515,7.107597094340257,1.35614878900461
1746163311.360261202,7.107597094340257,1.35614878900461
1746163311.364259481,7.107597094340257,1.35614878900461
1746163311.368209839,7.136553556455373,1.3463904238361393
1746163311.372277975,7.136553556455373,1.3463904238361393
1746163311.376682043,7.165216878209523,1.3365879333915212
1746163311.380266905,7.165216878209523,1.3365879333915212
1746163311.384274721,7.165216878209523,1.3365879333915212
1746163311.388254166,7.19362574446121,1.3267019060075698
1746163311.392281771,7.19362574446121,1.3267019060075698
1746163311.408211946,7.249844972393451,1.3066918735465776
1746163311.412213087,7.249844972393451,1.3066918735465776
1746163311.416941643,7.277710253156267,1.2965487074763846
1746163311.420205116,7.277710253156267,1.2965487074763846
1746163311.424277067,7.277710253156267,1.2965487074763846
1746163311.428254843,7.305433833152358,1.2862857182898781
1746163311.432283163,7.305433833152358,1.2862857182898781
1746163311.436689854,7.332934606998722,1.2759640112617479
1746163311.440266132,7.332934606998722,1.2759640112617479
1746163311.444215298,7.332934606998722,1.2759640112617479
1746163311.448269367,7.3601285417480735,1.2655843107670564
1746163311.452219248,7.3601285417480735,1.2655843107670564
1746163311.457055569,7.387073047584929,1.2551570518870725
1746163311.460175276,7.387073047584929,1.2551570518870725
1746163311.464215279,7.387073047584929,1.2551570518870725
1746163311.468255043,7.413795158466774,1.2446405349456886
1746163311.472253799,7.413795158466774,1.2446405349456886
1746163311.476662159,7.440335859192486,1.2340502995119276
1746163311.480238199,7.440335859192486,1.2340502995119276
1746163311.484465361,7.440335859192486,1.2340502995119276
1746163311.492144585,7.466709155603604,1.223350963227103
1746163311.500086546,7.492945583434887,1.2125619210178655
1746163311.503104210,7.492945583434887,1.2125619210178655
1746163311.506088257,7.492945583434887,1.2125619210178655
1746163311.509913445,7.518941865064787,1.2016975010311224
1746163311.512489557,7.518941865064787,1.2016975010311224
1746163311.517377138,7.544634695959912,1.1908186127318388
1746163311.520241261,7.544634695959912,1.1908186127318388
1746163311.524404287,7.544634695959912,1.1908186127318388
1746163311.529424191,7.5700602969106745,1.1798790706516238
1746163311.532239437,7.5700602969106745,1.1798790706516238
1746163311.537075281,7.595279964177739,1.1689161181106724
1746163311.540256739,7.595279964177739,1.1689161181106724
1746163311.544303179,7.595279964177739,1.1689161181106724
1746163311.548240900,7.620343599718054,1.1579594982829566
1746163311.552283764,7.620343599718054,1.1579594982829566
1746163311.556789637,7.645262670226131,1.1469668436570886
1746163311.560231447,7.645262670226131,1.1469668436570886
1746163311.564233065,7.645262670226131,1.1469668436570886
1746163311.568268299,7.670068235354788,1.1359535806735679
1746163311.572246790,7.670068235354788,1.1359535806735679
1746163311.576810837,7.694644736643132,1.1249420345217644
1746163311.580252886,7.694644736643132,1.1249420345217644
1746163311.584283590,7.694644736643132,1.1249420345217644
1746163311.588224411,7.718920539424293,1.1139995256251236
1746163311.592260838,7.718920539424293,1.1139995256251236
1746163311.596787214,7.742936107056105,1.1030763133733283
1746163311.600229740,7.742936107056105,1.1030763133733283
1746163311.604290724,7.742936107056105,1.1030763133733283
1746163311.608238220,7.766746873575449,1.0921822337025762
1746163311.612401724,7.766746873575449,1.0921822337025762
1746163311.616863489,7.79037582800058,1.0812773201595476
1746163311.620221376,7.79037582800058,1.0812773201595476
1746163311.624197006,7.79037582800058,1.0812773201595476
1746163311.628229380,7.813863668410913,1.0703772969518512
1746163311.632227421,7.813863668410913,1.0703772969518512
1746163311.636785507,7.837221755081419,1.059448293088772
1746163311.640265226,7.837221755081419,1.059448293088772
1746163311.644282341,7.837221755081419,1.059448293088772
1746163311.648245573,7.860363426406216,1.0485657918496099
1746163311.652245045,7.860363426406216,1.0485657918496099
1746163311.656806946,7.8831961183912185,1.0377432608668837
1746163311.660179615,7.8831961183912185,1.0377432608668837
1746163311.664231062,7.8831961183912185,1.0377432608668837
1746163311.668318510,7.905785996904302,1.026985222682325
1746163311.672264576,7.905785996904302,1.026985222682325
1746163311.676804066,7.928163306554544,1.016246281882051
1746163311.680264235,7.928163306554544,1.016246281882051
1746163311.684292793,7.928163306554544,1.016246281882051
1746163311.688237190,7.950375615474774,1.0055379757307088
1746163311.692279339,7.950375615474774,1.0055379757307088
1746163311.696877718,7.972438764953844,0.9948225515033252
1746163311.700237274,7.972438764953844,0.9948225515033252
1746163311.704300165,7.972438764953844,0.9948225515033252
1746163311.708261728,7.994388222238861,0.9841162472836295
1746163311.712246418,7.994388222238861,0.9841162472836295
1746163311.716804028,8.016218667416668,0.9733626286330752
1746163311.720199823,8.016218667416668,0.9733626286330752
1746163311.724263430,8.016218667416668,0.9733626286330752
1746163311.728275061,8.037806560675133,0.9625418159249477
1746163311.732336998,8.037806560675133,0.9625418159249477
1746163311.736814260,8.05904859666897,0.9516345319311383
1746163311.740230083,8.05904859666897,0.9516345319311383
1746163311.744284868,8.05904859666897,0.9516345319311383
1746163311.748274326,8.079963877617734,0.9405721930245339
1746163311.752282858,8.079963877617734,0.9405721930245339
1746163311.756750345,8.100562116609172,0.9292934872810743
1746163311.760241270,8.100562116609172,0.9292934872810743
1746163311.764232874,8.100562116609172,0.9292934872810743
1746163311.768277645,8.120857912361648,0.9177659970240297
1746163311.772276878,8.120857912361648,0.9177659970240297
1746163311.776814938,8.140895717977054,0.9060230178766479
1746163311.780197620,8.140895717977054,0.9060230178766479
1746163311.784217834,8.140895717977054,0.9060230178766479
1746163311.788231850,8.160683147341016,0.8940429393447706
1746163311.792278528,8.160683147341016,0.8940429393447706
1746163311.796809196,8.180250815301743,0.8818501476014632
1746163311.800271273,8.180250815301743,0.8818501476014632
1746163311.804264784,8.180250815301743,0.8818501476014632
1746163311.808255434,8.199595903409007,0.869420596161612
1746163311.812208414,8.199595903409007,0.869420596161612
1746163311.816784859,8.218698253245888,0.8568063679307518
1746163311.820246220,8.218698253245888,0.8568063679307518
1746163311.824562311,8.218698253245888,0.8568063679307518
1746163311.830888033,8.23751339311447,0.8440076938762654
1746163311.835068464,8.23751339311447,0.8440076938762654
1746163311.857047558,8.292480603459834,0.8045171204015826
1746163311.860238791,8.292480603459834,0.8045171204015826
1746163311.864295959,8.292480603459834,0.8045171204015826
1746163311.868279934,8.310341677677938,0.7909561859932762
1746163311.872243166,8.310341677677938,0.7909561859932762
1746163311.876739502,8.327997967058463,0.7772065586300171
1746163311.880258560,8.327997967058463,0.7772065586300171
1746163311.884278059,8.327997967058463,0.7772065586300171
1746163311.888267756,8.345438509078937,0.7632455202868267
1746163311.892285109,8.345438509078937,0.7632455202868267
1746163311.896872997,8.362674335303081,0.7491031026129009
1746163311.900255442,8.362674335303081,0.7491031026129009
1746163311.904297113,8.362674335303081,0.7491031026129009
1746163311.908200264,8.379682731635448,0.7347656125118429
1746163311.912267447,8.379682731635448,0.7347656125118429
1746163311.916759014,8.396487585366714,0.7202521014189278
1746163311.920191050,8.396487585366714,0.7202521014189278
1746163311.924220324,8.396487585366714,0.7202521014189278
1746163311.928197384,8.41307557668423,0.7055407105580965
1746163311.932254553,8.41307557668423,0.7055407105580965
1746163311.936788559,8.429468298610956,0.690651598057677
1746163311.940281630,8.429468298610956,0.690651598057677
1746163311.944217920,8.429468298610956,0.690651598057677
1746163311.948209047,8.445649850601066,0.6755648437994093
1746163311.952226400,8.445649850601066,0.6755648437994093
1746163311.956720829,8.461640472161829,0.6603011322835226
1746163311.960253477,8.461640472161829,0.6603011322835226
1746163311.964256048,8.461640472161829,0.6603011322835226
1746163311.968290091,8.477404363269368,0.6448236608456178
1746163311.972223759,8.477404363269368,0.6448236608456178
1746163311.976737976,8.492911298063238,0.6291048108208659
1746163311.980243683,8.492911298063238,0.6291048108208659
1746163311.984261990,8.492911298063238,0.6291048108208659
1746163311.988254547,8.508161015363353,0.6131970713575728
1746163311.992398500,8.508161015363353,0.6131970713575728
1746163311.996665239,8.523116630658725,0.5971082588676724
1746163312.000299215,8.523116630658725,0.5971082588676724
1746163312.004250050,8.523116630658725,0.5971082588676724
1746163312.008272648,8.537808027270842,0.5808543828125569
1746163312.012223959,8.537808027270842,0.5808543828125569
1746163312.016790867,8.552221526459215,0.5644147656728612
1746163312.020207882,8.552221526459215,0.5644147656728612
1746163312.024212837,8.552221526459215,0.5644147656728612
1746163312.028213024,8.566382738456925,0.5478063026985149
1746163312.032319069,8.566382738456925,0.5478063026985149
1746163312.036741972,8.580274294436073,0.5310108164011751
1746163312.040304661,8.580274294436073,0.5310108164011751
1746163312.044217110,8.580274294436073,0.5310108164011751
1746163312.048214674,8.593919687845137,0.5140460974267327
1746163312.052239180,8.593919687845137,0.5140460974267327
1746163312.056685209,8.607299242449672,0.49689605149251076
1746163312.060258627,8.607299242449672,0.49689605149251076
1746163312.064286232,8.607299242449672,0.49689605149251076
1746163312.068235397,8.620435336920771,0.479578940133653
1746163312.072280884,8.620435336920771,0.479578940133653
1746163312.076692581,8.633283898033467,0.4621108378786882
1746163312.080187559,8.633283898033467,0.4621108378786882
1746163312.084220886,8.633283898033467,0.4621108378786882
1746163312.088260889,8.645849116768927,0.4445354709654547
1746163312.092263937,8.645849116768927,0.4445354709654547
1746163312.096949816,8.658115995919212,0.4268288672811547
1746163312.100273848,8.658115995919212,0.4268288672811547
1746163312.104528189,8.658115995919212,0.4268288672811547
1746163312.110524893,8.670134836184111,0.40901574169770166
1746163312.113638163,8.670134836184111,0.40901574169770166
1746163312.119257927,8.681967399614997,0.3911288844214273
1746163312.123380423,8.681967399614997,0.3911288844214273
1746163312.129956961,8.69366783676606,0.3731960974744371
1746163312.133856058,8.69366783676606,0.3731960974744371
1746163312.137954950,8.705263715519953,0.3552284833093278
1746163312.140381098,8.705263715519953,0.3552284833093278
1746163312.144258499,8.705263715519953,0.3552284833093278
1746163312.148277760,8.716720881635888,0.337198670539343
1746163312.152273655,8.716720881635888,0.337198670539343
1746163312.156915188,8.72805581577374,0.31911319529670856
1746163312.160238504,8.72805581577374,0.31911319529670856
1746163312.164284229,8.72805581577374,0.31911319529670856
1746163312.168211222,8.739220685664435,0.300986588391653
1746163312.172268629,8.739220685664435,0.300986588391653
1746163312.176731348,8.750220001516904,0.28285780817407596
1746163312.180218220,8.750220001516904,0.28285780817407596
1746163312.184357643,8.750220001516904,0.28285780817407596
1746163312.188260794,8.761013355557258,0.2646852596335799
1746163312.192240000,8.761013355557258,0.2646852596335799
1746163312.196773529,8.771547068521686,0.2464250063545616
1746163312.200268507,8.771547068521686,0.2464250063545616
1746163312.204283953,8.771547068521686,0.2464250063545616
1746163312.208219767,8.781773696576876,0.22804242763226856
1746163312.212387323,8.781773696576876,0.22804242763226856
1746163312.216774225,8.791648938076532,0.20950996675132955
1746163312.220192432,8.791648938076532,0.20950996675132955
1746163312.224282503,8.791648938076532,0.20950996675132955
1746163312.228225946,8.801152857013003,0.1908173323055517
1746163312.232305050,8.801152857013003,0.1908173323055517
1746163312.236769676,8.810328506595361,0.17198786173368016
1746163312.240216732,8.810328506595361,0.17198786173368016
1746163312.244261026,8.810328506595361,0.17198786173368016
1746163312.248213768,8.819163449446545,0.15301741553790923
1746163312.252256870,8.819163449446545,0.15301741553790923
1746163312.257153988,8.827690240462449,0.13392357652627696
1746163312.260244370,8.827690240462449,0.13392357652627696
1746163312.264253855,8.827690240462449,0.13392357652627696
1746163312.268228769,8.835873138596067,0.11473696222033021
1746163312.272256136,8.835873138596067,0.11473696222033021
1746163312.277023077,8.843728620590973,0.09550301153950552
1746163312.280262947,8.843728620590973,0.09550301153950552
1746163312.284211636,8.843728620590973,0.09550301153950552
1746163312.288262606,8.851238942047999,0.07620330640543466
1746163312.292289495,8.851238942047999,0.07620330640543466
1746163312.296750069,8.858436165272762,0.05684233593497309
1746163312.300228357,8.858436165272762,0.05684233593497309
1746163312.304232836,8.858436165272762,0.05684233593497309
1746163312.308220148,8.865299239320404,0.03740683899091697
1746163312.312230825,8.865299239320404,0.03740683899091697
1746163312.316782475,8.871857941834241,0.017903927928906587
1746163312.320241690,8.871857941834241,0.017903927928906587
1746163312.324258089,8.871857941834241,0.017903927928906587
1746163312.328280926,8.878089352082117,-0.0016758794183364158
1746163312.332272768,8.878089352082117,-0.0016758794183364158
1746163312.336771488,8.884021944334533,-0.021324005540277673
1746163312.340259552,8.884021944334533,-0.021324005540277673
1746163312.344267607,8.884021944334533,-0.021324005540277673
1746163312.348257303,8.88960686664341,-0.04105409324411395
1746163312.352305651,8.88960686664341,-0.04105409324411395
1746163312.356900215,8.89479384388362,-0.06083336939381104
1746163312.360229969,8.89479384388362,-0.06083336939381104
1746163312.364248753,8.89479384388362,-0.06083336939381104
1746163312.368219137,8.899610978984153,-0.08061507728828995
1746163312.372273445,8.899610978984153,-0.08061507728828995
1746163312.376689672,8.904042067366918,-0.10041353671880589
1746163312.380478382,8.904042067366918,-0.10041353671880589
1746163312.384394169,8.904042067366918,-0.10041353671880589
1746163312.390412569,8.908122165085677,-0.12022817218478943
1746163312.393823862,8.908122165085677,-0.12022817218478943
1746163312.399407864,8.91183014955039,-0.14006808855669187
1746163312.402132511,8.91183014955039,-0.14006808855669187
1746163312.404488802,8.91183014955039,-0.14006808855669187
1746163312.408251524,8.915197794687385,-0.15993008285852806
1746163312.412298441,8.915197794687385,-0.15993008285852806
1746163312.416977167,8.91820183419177,-0.17981920694532727
1746163312.420321226,8.91820183419177,-0.17981920694532727
1746163312.424238205,8.91820183419177,-0.17981920694532727
1746163312.428274155,8.920872424854533,-0.1997307169676195
1746163312.432251930,8.920872424854533,-0.1997307169676195
1746163312.436690092,8.923185080673669,-0.21966666074067037
1746163312.440257549,8.923185080673669,-0.21966666074067037
1746163312.444250345,8.923185080673669,-0.21966666074067037
1746163312.448244572,8.92516899140225,-0.23962158814913243
1746163312.452263832,8.92516899140225,-0.23962158814913243
1746163312.456699371,8.9267949506304,-0.25955078762520184
1746163312.460219622,8.9267949506304,-0.25955078762520184
1746163312.464388609,8.9267949506304,-0.25955078762520184
1746163312.468262672,8.928089709281869,-0.2794125180730689
1746163312.472394466,8.928089709281869,-0.2794125180730689
1746163312.476665974,8.92902855858197,-0.2992200424728996
1746163312.480310678,8.92902855858197,-0.2992200424728996
1746163312.484468460,8.92902855858197,-0.2992200424728996
1746163312.489923477,8.92964225516116,-0.3189802554515167
1746163312.492909193,8.92964225516116,-0.3189802554515167
1746163312.498842478,8.929905877028517,-0.3386996246807721
1746163312.501880407,8.929905877028517,-0.3386996246807721
1746163312.505283594,8.929905877028517,-0.3386996246807721
1746163312.512642622,8.929849624050902,-0.35838131700325593
1746163312.517184019,8.929448539685277,-0.37802711936723216
1746163312.520293713,8.929448539685277,-0.37802711936723216
1746163312.524244070,8.929448539685277,-0.37802711936723216
1746163312.528236389,8.928732351230856,-0.3976381336112849
1746163312.532224178,8.928732351230856,-0.3976381336112849
1746163312.536734343,8.92767597177359,-0.4172128331279552
1746163312.540264845,8.92767597177359,-0.4172128331279552
1746163312.544277668,8.92767597177359,-0.4172128331279552
1746163312.548251629,8.926308657690099,-0.43675130869801604
1746163312.552282095,8.926308657690099,-0.43675130869801604
1746163312.556686163,8.9246091957679,-0.45619996852573685
1746163312.560397625,8.9246091957679,-0.45619996852573685
1746163312.564476967,8.9246091957679,-0.45619996852573685
1746163312.570278883,8.922637241312565,-0.4755212695286113
1746163312.573365450,8.922637241312565,-0.4755212695286113
1746163312.578621626,8.920459704979532,-0.49473807257747426
1746163312.582074404,8.920459704979532,-0.49473807257747426
1746163312.585956573,8.920459704979532,-0.49473807257747426
1746163312.589911938,8.918107019367119,-0.5138673422682208
1746163312.592231274,8.918107019367119,-0.5138673422682208
1746163312.597002029,8.91551018547078,-0.5329106736532617
1746163312.600212574,8.91551018547078,-0.5329106736532617
1746163312.604271889,8.91551018547078,-0.5329106736532617
1746163312.608264446,8.912594569703819,-0.5518636853240521
1746163312.612240076,8.912594569703819,-0.5518636853240521
1746163312.616719246,8.90930015018185,-0.5707186663348641
1746163312.620214701,8.90930015018185,-0.5707186663348641
1746163312.624221563,8.90930015018185,-0.5707186663348641
1746163312.628219366,8.905601506741935,-0.5894694872360379
1746163312.632216215,8.905601506741935,-0.5894694872360379
1746163312.636677027,8.901545395683168,-0.6081226262375254
1746163312.640279055,8.901545395683168,-0.6081226262375254
1746163312.644235849,8.901545395683168,-0.6081226262375254
1746163312.648273945,8.897118977306924,-0.6266721503181341
1746163312.652255058,8.897118977306924,-0.6266721503181341
1746163312.656771660,8.892373266431655,-0.6450662326556235
1746163312.660260439,8.892373266431655,-0.6450662326556235
1746163312.664257050,8.892373266431655,-0.6450662326556235
1746163312.668214798,8.887301469862575,-0.6632499360078739
1746163312.672265291,8.887301469862575,-0.6632499360078739
1746163312.676873684,8.881933240005527,-0.6812481038413102
1746163312.680261612,8.881933240005527,-0.6812481038413102
1746163312.684270382,8.881933240005527,-0.6812481038413102
1746163312.688235998,8.87624377003107,-0.6990656550180575
1746163312.692223072,8.87624377003107,-0.6990656550180575
1746163312.696649313,8.87026198603463,-0.7167206997312785
1746163312.700268745,8.87026198603463,-0.7167206997312785
1746163312.704267263,8.87026198603463,-0.7167206997312785
1746163312.708236217,8.863964205263041,-0.7342112855701294
1746163312.712246656,8.863964205263041,-0.7342112855701294
1746163312.716654062,8.857379186935303,-0.7515515804849576
1746163312.720214605,8.857379186935303,-0.7515515804849576
1746163312.724212885,8.857379186935303,-0.7515515804849576
1746163312.728212833,8.850484141791222,-0.7687348996839477
1746163312.732271671,8.850484141791222,-0.7687348996839477
1746163312.745813608,8.843307471577663,-0.785773122956209
1746163312.760437250,8.835803763769752,-0.8026457298308907
1746163312.764227390,8.835803763769752,-0.8026457298308907
1746163312.768236876,8.827967000236967,-0.8192751647903652
1746163312.772256851,8.827967000236967,-0.8192751647903652
1746163312.776732683,8.819859428650423,-0.8356277056071453
1746163312.780219078,8.819859428650423,-0.8356277056071453
1746163312.784219503,8.819859428650423,-0.8356277056071453
1746163312.788264036,8.811458141676352,-0.8517113211115581
1746163312.792396784,8.811458141676352,-0.8517113211115581
1746163312.796696901,8.802790091911046,-0.8675545824225014
1746163312.800328970,8.802790091911046,-0.8675545824225014
1746163312.804280996,8.802790091911046,-0.8675545824225014
1746163312.808252573,8.793832735052534,-0.8831556595194148
1746163312.812222004,8.793832735052534,-0.8831556595194148
1746163312.816745758,8.784612587270058,-0.8985370292017559
1746163312.820219278,8.784612587270058,-0.8985370292017559
1746163312.824259520,8.784612587270058,-0.8985370292017559
1746163312.828218937,8.7751086554688,-0.9136906876438698
1746163312.832356453,8.7751086554688,-0.9136906876438698
1746163312.836832047,8.765347305209286,-0.9286355765116174
1746163312.840255737,8.765347305209286,-0.9286355765116174
1746163312.844468594,8.765347305209286,-0.9286355765116174
1746163312.850661755,8.755308795936386,-0.9433594106912239
1746163312.853752375,8.755308795936386,-0.9433594106912239
1746163312.859078169,8.745019129171993,-0.9578790593733297
1746163312.862485409,8.745019129171993,-0.9578790593733297
1746163312.865738153,8.745019129171993,-0.9578790593733297
1746163312.869664669,8.734503580815822,-0.9721188958641476
1746163312.872217178,8.734503580815822,-0.9721188958641476
1746163312.877480268,8.723825449488487,-0.9860474462046537
1746163312.880249023,8.723825449488487,-0.9860474462046537
1746163312.884299755,8.723825449488487,-0.9860474462046537
1746163312.888290167,8.712951719937012,-0.9996677217331118
1746163312.892285347,8.712951719937012,-0.9996677217331118
1746163312.896780491,8.701917434095051,-1.0130302263396855
1746163312.900289536,8.701917434095051,-1.0130302263396855
1746163312.904264688,8.701917434095051,-1.0130302263396855
1746163312.908260345,8.690766206746535,-1.026190458709678
1746163312.912219763,8.690766206746535,-1.026190458709678
1746163312.916678667,8.679532871983467,-1.0391950466216644
1746163312.920248508,8.679532871983467,-1.0391950466216644
1746163312.924260378,8.679532871983467,-1.0391950466216644
1746163312.928254843,8.668247014170245,-1.0520843040803654
1746163312.932390213,8.668247014170245,-1.0520843040803654
1746163312.936695337,8.656915870272346,-1.0648769122995914
1746163312.940207243,8.656915870272346,-1.0648769122995914
1746163312.944257021,8.656915870272346,-1.0648769122995914
1746163312.948248625,8.645495673520008,-1.0775436792610615
1746163312.952392817,8.645495673520008,-1.0775436792610615
1746163312.956700325,8.633991442552063,-1.090096307964158
1746163312.960288525,8.633991442552063,-1.090096307964158
1746163312.964262724,8.633991442552063,-1.090096307964158
1746163312.968231678,8.622354307868454,-1.1024947250163961
1746163312.972224951,8.622354307868454,-1.1024947250163961
1746163312.976669550,8.610589396475858,-1.1146280367079977
1746163312.980220079,8.610589396475858,-1.1146280367079977
1746163312.984225750,8.610589396475858,-1.1146280367079977
1746163312.988207340,8.598705096617415,-1.1264053579836495
1746163312.992284775,8.598705096617415,-1.1264053579836495
1746163312.996735334,8.586671770344388,-1.137832522589621
1746163313.000221729,8.586671770344388,-1.137832522589621
1746163313.004257917,8.586671770344388,-1.137832522589621
1746163313.008264065,8.574513940777813,-1.1489636675058572
1746163313.012264967,8.574513940777813,-1.1489636675058572
1746163313.016835213,8.562213970100018,-1.1598022480256265
1746163313.020214319,8.562213970100018,-1.1598022480256265
1746163313.024329185,8.562213970100018,-1.1598022480256265
1746163313.028254986,8.549790758458357,-1.1703876228697885
1746163313.032267809,8.549790758458357,-1.1703876228697885
1746163313.036868334,8.537226309735404,-1.1807124918427696
1746163313.040276289,8.537226309735404,-1.1807124918427696
1746163313.044469118,8.537226309735404,-1.1807124918427696
1746163313.049900532,8.524538425787005,-1.1908089240690487
1746163313.052896261,8.524538425787005,-1.1908089240690487
1746163313.060556173,8.511710385360253,-1.200663430893818
1746163313.065196514,8.511710385360253,-1.200663430893818
1746163313.070301771,8.498759680064003,-1.2103039154760682
1746163313.072189569,8.498759680064003,-1.2103039154760682
1746163313.077019930,8.485670992476622,-1.2197129081997073
1746163313.080201149,8.485670992476622,-1.2197129081997073
1746163313.084243059,8.485670992476622,-1.2197129081997073
1746163313.088257074,8.472498567989096,-1.22889019767513
1746163313.092256069,8.472498567989096,-1.22889019767513
1746163313.096745968,8.459258296848205,-1.237794792214391
1746163313.100338697,8.459258296848205,-1.237794792214391
1746163313.104223728,8.459258296848205,-1.237794792214391
1746163313.108258963,8.445955570827143,-1.246461194745609
1746163313.112257481,8.445955570827143,-1.246461194745609
1746163313.116770506,8.432567480463815,-1.2548748966872265
1746163313.120342255,8.432567480463815,-1.2548748966872265
1746163313.124228477,8.432567480463815,-1.2548748966872265
1746163313.128234863,8.419103343393788,-1.2630666283947996
1746163313.132232904,8.419103343393788,-1.2630666283947996
1746163313.136715412,8.405545043255433,-1.2710185183058076
1746163313.140257359,8.405545043255433,-1.2710185183058076
1746163313.144251823,8.405545043255433,-1.2710185183058076
1746163313.148222685,8.391904111272313,-1.2787588593188812
1746163313.152331829,8.391904111272313,-1.2787588593188812
1746163313.156748533,8.378165677085443,-1.286267298666183
1746163313.160391331,8.378165677085443,-1.286267298666183
1746163313.164219141,8.378165677085443,-1.286267298666183
1746163313.168280840,8.364342370348464,-1.293570508573258
1746163313.172181129,8.364342370348464,-1.293570508573258
1746163313.176674843,8.350421620137809,-1.3006462899044156
1746163313.180252790,8.350421620137809,-1.3006462899044156
1746163313.184317350,8.350421620137809,-1.3006462899044156
1746163313.188213348,8.336416487885858,-1.3075202945615838
1746163313.192222118,8.336416487885858,-1.3075202945615838
1746163313.196727514,8.322316137539376,-1.3141689663022693
1746163313.200212479,8.322316137539376,-1.3141689663022693
1746163313.204224825,8.322316137539376,-1.3141689663022693
1746163313.208215237,8.308091347573303,-1.320636693781309
1746163313.212257385,8.308091347573303,-1.320636693781309
1746163313.216942072,8.293693044606023,-1.3269173788702713
1746163313.220184565,8.293693044606023,-1.3269173788702713
1746163313.224291325,8.293693044606023,-1.3269173788702713
1746163313.228213787,8.279138003678003,-1.3330313659956063
1746163313.232181549,8.279138003678003,-1.3330313659956063
1746163313.236680031,8.264422068743988,-1.3389505731840075
1746163313.240212679,8.264422068743988,-1.3389505731840075
1746163313.244255304,8.264422068743988,-1.3389505731840075
1746163313.248280287,8.24956939501206,-1.3447177025241073
1746163313.252206326,8.24956939501206,-1.3447177025241073
1746163313.256675720,8.234606351587493,-1.3503865408562608
1746163313.260215521,8.234606351587493,-1.3503865408562608
1746163313.264242887,8.234606351587493,-1.3503865408562608
1746163313.268241405,8.219553875434073,-1.3560010796441702
1746163313.272217512,8.219553875434073,-1.3560010796441702
1746163313.276700258,8.204420960956014,-1.3615755556163445
1746163313.280280590,8.204420960956014,-1.3615755556163445
1746163313.284522533,8.204420960956014,-1.3615755556163445
1746163313.290748119,8.18919269118067,-1.3670594039280188
1746163313.294727087,8.18919269118067,-1.3670594039280188
1746163313.301693916,8.173874982986066,-1.3724584596829479
1746163313.305946112,8.173874982986066,-1.3724584596829479
1746163313.313722849,8.158458020206455,-1.3777337150030964
1746163313.318434954,8.142950620483798,-1.3828993455609195
1746163313.320896387,8.142950620483798,-1.3828993455609195
1746163313.324288607,8.142950620483798,-1.3828993455609195
1746163313.328222513,8.127304847746204,-1.3879354179210994
1746163313.332252026,8.127304847746204,-1.3879354179210994
1746163313.337244987,8.111491456730317,-1.3928723322808556
1746163313.340227604,8.111491456730317,-1.3928723322808556
1746163313.344232321,8.111491456730317,-1.3928723322808556
1746163313.348233700,8.095501779297985,-1.3976552489028484
1746163313.352273464,8.095501779297985,-1.3976552489028484
1746163313.356734753,8.079331821120581,-1.4022404021701933
1746163313.360255241,8.079331821120581,-1.4022404021701933
1746163313.364398241,8.079331821120581,-1.4022404021701933
1746163313.368221045,8.062998279500285,-1.406655143914139
1746163313.372254610,8.062998279500285,-1.406655143914139
1746163313.376848221,8.046503016855146,-1.4108750332379414
1746163313.380281448,8.046503016855146,-1.4108750332379414
1746163313.384212732,8.046503016855146,-1.4108750332379414
1746163313.388209343,8.029860169579347,-1.414923768835381
1746163313.392235279,8.029860169579347,-1.414923768835381
1746163313.396743059,8.013070832385967,-1.4187739772679382
1746163313.400223494,8.013070832385967,-1.4187739772679382
1746163313.404352665,8.013070832385967,-1.4187739772679382
1746163313.420218706,7.9790913692510275,-1.4259167851471508
1746163313.424215078,7.9790913692510275,-1.4259167851471508
1746163313.428218603,7.961913671114005,-1.4292024832669343
1746163313.432303905,7.961913671114005,-1.4292024832669343
1746163313.436745405,7.94461568051504,-1.4322756918451789
1746163313.440298080,7.94461568051504,-1.4322756918451789
1746163313.444282770,7.94461568051504,-1.4322756918451789
1746163313.448213100,7.927167228574899,-1.435165365699526
1746163313.452228546,7.927167228574899,-1.435165365699526
1746163313.456717491,7.909531192717901,-1.4378491524329493
1746163313.460236788,7.909531192717901,-1.4378491524329493
1746163313.464245796,7.909531192717901,-1.4378491524329493
1746163313.468219042,7.891720708160125,-1.4403467651924953
1746163313.472259283,7.891720708160125,-1.4403467651924953
1746163313.476717472,7.873741307993277,-1.4426277246631807
1746163313.480250597,7.873741307993277,-1.4426277246631807
1746163313.484473705,7.873741307993277,-1.4426277246631807
1746163313.490501642,7.855604972222348,-1.4447116461741385
1746163313.493760347,7.855604972222348,-1.4447116461741385
1746163313.499454737,7.837317380290294,-1.44656771001708
1746163313.503528118,7.837317380290294,-1.44656771001708
1746163313.510765791,7.818889507448449,-1.448215836912908
1746163313.514225483,7.818889507448449,-1.448215836912908
1746163313.517514944,7.800327322155167,-1.449625205153156
1746163313.520218849,7.800327322155167,-1.449625205153156
1746163313.524297237,7.800327322155167,-1.449625205153156
1746163313.528257847,7.78164086978863,-1.4508162320593505
1746163313.532279730,7.78164086978863,-1.4508162320593505
1746163313.536967516,7.762836497478998,-1.4517582785176635
1746163313.540201187,7.762836497478998,-1.4517582785176635
1746163313.544528723,7.762836497478998,-1.4517582785176635
1746163313.552706718,7.743923357232213,-1.4524723379629316
1746163313.559767723,7.724908235261357,-1.4529280553040809
1746163313.563660145,7.724908235261357,-1.4529280553040809
1746163313.568150759,7.705766469765031,-1.4531476854934613
1746163313.572341204,7.705766469765031,-1.4531476854934613
1746163313.577030182,7.686473937846256,-1.4531021923188592
1746163313.580286980,7.686473937846256,-1.4531021923188592
1746163313.584214926,7.686473937846256,-1.4531021923188592
1746163313.588269949,7.667040655528829,-1.4528362690271557
1746163313.592230082,7.667040655528829,-1.4528362690271557
1746163313.596774101,7.647474492251365,-1.452409422480465
1746163313.600273371,7.647474492251365,-1.452409422480465
1746163313.604233027,7.647474492251365,-1.452409422480465
1746163313.608254910,7.62778242616856,-1.4518492766734805
1746163313.612293243,7.62778242616856,-1.4518492766734805
1746163313.616739511,7.607973019022685,-1.4511125011500596
1746163313.620183945,7.607973019022685,-1.4511125011500596
1746163313.624254465,7.607973019022685,-1.4511125011500596
1746163313.628237724,7.5880530809486855,-1.4502110535101629
1746163313.632557631,7.5880530809486855,-1.4502110535101629
1746163313.636708260,7.568031427609674,-1.4491087763297024
1746163313.640214443,7.568031427609674,-1.4491087763297024
1746163313.644227028,7.568031427609674,-1.4491087763297024
1746163313.648220778,7.547914168273849,-1.4478229019825346
1746163313.652238846,7.547914168273849,-1.4478229019825346
1746163313.656862259,7.5276840999038175,-1.4463192767467077
1746163313.660231590,7.5276840999038175,-1.4463192767467077
1746163313.664299726,7.5276840999038175,-1.4463192767467077
1746163313.668234825,7.507321592810806,-1.4446158040046606
1746163313.672233105,7.507321592810806,-1.4446158040046606
1746163313.676990509,7.4868382689990085,-1.4426823133978597
1746163313.680221319,7.4868382689990085,-1.4426823133978597
1746163313.684228897,7.4868382689990085,-1.4426823133978597
1746163313.688283682,7.466238465147439,-1.4405635953793807
1746163313.692202091,7.466238465147439,-1.4405635953793807
1746163313.697020292,7.445526073566844,-1.4382960791352777
1746163313.700253963,7.445526073566844,-1.4382960791352777
1746163313.704292536,7.445526073566844,-1.4382960791352777
1746163313.708214521,7.4247123524378384,-1.4358433410915659
1746163313.712234497,7.4247123524378384,-1.4358433410915659
1746163313.716676474,7.40380241771787,-1.4332223637920358
1746163313.720202923,7.40380241771787,-1.4332223637920358
1746163313.724520445,7.40380241771787,-1.4332223637920358
1746163313.730410337,7.382807247598186,-1.4304011584309344
1746163313.734156132,7.382807247598186,-1.4304011584309344
1746163313.740089178,7.3617309187644135,-1.4273999548049072
1746163313.743936300,7.3617309187644135,-1.4273999548049072
1746163313.746083498,7.3617309187644135,-1.4273999548049072
1746163313.749661684,7.3405843072871555,-1.4241889587781957
1746163313.752547264,7.3405843072871555,-1.4241889587781957
1746163313.757202625,7.319350346523107,-1.420786959206458
1746163313.760251045,7.319350346523107,-1.420786959206458
1746163313.764294863,7.319350346523107,-1.420786959206458
1746163313.768236637,7.298020629790848,-1.417162649792645
1746163313.772265434,7.298020629790848,-1.417162649792645
1746163313.776680231,7.276599372002208,-1.4133385647966654
1746163313.780257225,7.276599372002208,-1.4133385647966654
1746163313.784192085,7.276599372002208,-1.4133385647966654
1746163313.788218260,7.255099280704971,-1.4092872215964034
1746163313.792277098,7.255099280704971,-1.4092872215964034
1746163313.796683073,7.233523585710954,-1.4050316038943658
1746163313.800395250,7.233523585710954,-1.4050316038943658
1746163313.804262877,7.233523585710954,-1.4050316038943658
1746163313.808214188,7.211890052279266,-1.4005204999590481
1746163313.812263966,7.211890052279266,-1.4005204999590481
1746163313.816732645,7.190215862582498,-1.395711406269801
1746163313.820181608,7.190215862582498,-1.395711406269801
1746163313.824281693,7.190215862582498,-1.395711406269801
1746163313.828255892,7.168502586553215,-1.390634661922054
1746163313.832220554,7.168502586553215,-1.390634661922054
1746163313.836662292,7.146763419936876,-1.3852679898670532
1746163313.840215445,7.146763419936876,-1.3852679898670532
1746163313.844275713,7.146763419936876,-1.3852679898670532
1746163313.848204851,7.124985712431138,-1.3796345899761555
1746163313.852245092,7.124985712431138,-1.3796345899761555
1746163313.856770277,7.103170136381247,-1.3737068017748448
1746163313.860234976,7.103170136381247,-1.3737068017748448
1746163313.864227772,7.103170136381247,-1.3737068017748448
1746163313.868184328,7.081318604666535,-1.3675095462145552
1746163313.872247934,7.081318604666535,-1.3675095462145552
1746163313.876807451,7.059446669622818,-1.3610178350639355
1746163313.880266190,7.059446669622818,-1.3610178350639355
1746163313.884256601,7.059446669622818,-1.3610178350639355
1746163313.888240099,7.037555384583255,-1.3542559457607286
1746163313.892285347,7.037555384583255,-1.3542559457607286
1746163313.896690369,7.015660640253995,-1.3471985999075675
1746163313.900212526,7.015660640253995,-1.3471985999075675
1746163313.904270887,7.015660640253995,-1.3471985999075675
1746163313.908248186,6.993762600969473,-1.3398698323966494
1746163313.912243843,6.993762600969473,-1.3398698323966494
1746163313.916650057,6.971877478430272,-1.3322444084767335
1746163313.920295477,6.971877478430272,-1.3322444084767335
1746163313.924255848,6.971877478430272,-1.3322444084767335
1746163313.928243637,6.9500045368027354,-1.3243463157146595
1746163313.932276487,6.9500045368027354,-1.3243463157146595
1746163313.936742783,6.928151665536716,-1.3161474540389566
1746163313.940222502,6.928151665536716,-1.3161474540389566
1746163313.944217205,6.928151665536716,-1.3161474540389566
1746163313.948259830,6.906309079148757,-1.3076686792237229
1746163313.952296257,6.906309079148757,-1.3076686792237229
1746163313.956703663,6.884494389884941,-1.2988856929082537
1746163313.960294485,6.884494389884941,-1.2988856929082537
1746163313.964220524,6.884494389884941,-1.2988856929082537
1746163313.968242168,6.86270595414048,-1.2898225297944983
1746163313.972215652,6.86270595414048,-1.2898225297944983
1746163313.976709366,6.840961677815519,-1.2804551566934748
1746163313.980219126,6.840961677815519,-1.2804551566934748
1746163313.984273434,6.840961677815519,-1.2804551566934748
1746163313.988219738,6.819258997655761,-1.2708075936797074
1746163313.992246866,6.819258997655761,-1.2708075936797074
1746163313.996653318,6.797616133967272,-1.2608561334412547
1746163314.000242710,6.797616133967272,-1.2608561334412547
1746163314.004267693,6.797616133967272,-1.2608561334412547
1746163314.008263350,6.776029619812121,-1.2506247948067342
1746163314.012260437,6.776029619812121,-1.2506247948067342
1746163314.016836882,6.754508604570591,-1.240085824440793
1746163314.020209551,6.754508604570591,-1.240085824440793
1746163314.024264097,6.754508604570591,-1.240085824440793
1746163314.028232336,6.733039895307989,-1.2292587784326112
1746163314.032226801,6.733039895307989,-1.2292587784326112
1746163314.036857128,6.711643178505917,-1.2181212840305466
1746163314.040302277,6.711643178505917,-1.2181212840305466
1746163314.044197321,6.711643178505917,-1.2181212840305466
1746163314.048260212,6.690302386660863,-1.2067193688914504
1746163314.052234650,6.690302386660863,-1.2067193688914504
1746163314.056645393,6.66899184064234,-1.1951132084260518
1746163314.060245514,6.66899184064234,-1.1951132084260518
1746163314.064315557,6.66899184064234,-1.1951132084260518
1746163314.068252802,6.64768720620436,-1.1833569086295355
1746163314.072226286,6.64768720620436,-1.1833569086295355
1746163314.076633453,6.626364835513635,-1.1715009711758952
1746163314.080247164,6.626364835513635,-1.1715009711758952
1746163314.084249496,6.626364835513635,-1.1715009711758952
1746163314.088226557,6.605001403470534,-1.1595938932481045
1746163314.092272282,6.605001403470534,-1.1595938932481045
1746163314.096712589,6.583574757398233,-1.147654316197412
1746163314.100272655,6.583574757398233,-1.147654316197412
1746163314.104261637,6.583574757398233,-1.147654316197412
1746163314.108264208,6.562096824000884,-1.135640753940521
1746163314.112381697,6.562096824000884,-1.135640753940521
1746163314.116707087,6.5405505883360355,-1.1235915663883604
1746163314.120563984,6.5405505883360355,-1.1235915663883604
1746163314.124882460,6.5405505883360355,-1.1235915663883604
1746163314.130990982,6.518920928065036,-1.111541363097193
1746163314.134927750,6.518920928065036,-1.111541363097193
1746163314.140297174,6.497228106707356,-1.0994610007766281
1746163314.144237280,6.497228106707356,-1.0994610007766281
1746163314.148406506,6.4754649041268415,-1.087370301983953
1746163314.152259111,6.4754649041268415,-1.087370301983953
1746163314.157037735,6.453648256750976,-1.0752453209653345
1746163314.160280228,6.453648256750976,-1.0752453209653345
1746163314.164270401,6.453648256750976,-1.0752453209653345
1746163314.168243170,6.431768787027911,-1.0631091528535292
1746163314.172261238,6.431768787027911,-1.0631091528535292
1746163314.176796913,6.40984206813862,-1.05093965721016
1746163314.180221081,6.40984206813862,-1.05093965721016
1746163314.184235334,6.40984206813862,-1.05093965721016
1746163314.188259363,6.3878390734567,-1.0387505123044183
1746163314.192256689,6.3878390734567,-1.0387505123044183
1746163314.196768761,6.365756736064522,-1.0265104179144764
1746163314.200474739,6.365756736064522,-1.0265104179144764
1746163314.204366684,6.365756736064522,-1.0265104179144764
1746163314.210367918,6.343586279748906,-1.014244454159043
1746163314.213741302,6.343586279748906,-1.014244454159043
1746163314.219232321,6.321343825407859,-1.0019323032699412
1746163314.221792698,6.321343825407859,-1.0019323032699412
1746163314.224282026,6.321343825407859,-1.0019323032699412
1746163314.228297234,6.299020176818216,-0.9895989782562618
1746163314.232281923,6.299020176818216,-0.9895989782562618
1746163314.236835957,6.276631150527946,-0.9772238633317812
1746163314.240218639,6.276631150527946,-0.9772238633317812
1746163314.244414806,6.276631150527946,-0.9772238633317812
1746163314.248725653,6.254167212807356,-0.9648318377599534
1746163314.252356291,6.254167212807356,-0.9648318377599534
1746163314.257363319,6.231643923244437,-0.9524019751748988
1746163314.260457993,6.231643923244437,-0.9524019751748988
1746163314.264326811,6.231643923244437,-0.9524019751748988
1746163314.268819094,6.209028183393187,-0.9399460524563297
1746163314.272282362,6.209028183393187,-0.9399460524563297
1746163314.277193308,6.186312901192094,-0.9274309700929312
1746163314.280262947,6.186312901192094,-0.9274309700929312
1746163314.284295321,6.186312901192094,-0.9274309700929312
1746163314.288273573,6.163490438660619,-0.9148820152571043
1746163314.292263746,6.163490438660619,-0.9148820152571043
1746163314.297035217,6.140577683900268,-0.9022793721595569
1746163314.300221205,6.140577683900268,-0.9022793721595569
1746163314.304276705,6.140577683900268,-0.9022793721595569
1746163314.308248281,6.117566525760362,-0.8896481666605136
1746163314.312217951,6.117566525760362,-0.8896481666605136
1746163314.316808224,6.094473482878899,-0.8769682071312532
1746163314.320220470,6.094473482878899,-0.8769682071312532
1746163314.324263096,6.094473482878899,-0.8769682071312532
1746163314.328198671,6.071290012586124,-0.8642644818398133
1746163314.332199097,6.071290012586124,-0.8642644818398133
1746163314.336855650,6.048037063621339,-0.8514908752915594
1746163314.340203047,6.048037063621339,-0.8514908752915594
1746163314.344244719,6.048037063621339,-0.8514908752915594
1746163314.348256826,6.024732485581035,-0.8386075555804812
1746163314.352256060,6.024732485581035,-0.8386075555804812
1746163314.356784344,6.001365568274499,-0.8256438020759864
1746163314.360260010,6.001365568274499,-0.8256438020759864
1746163314.364200115,6.001365568274499,-0.8256438020759864
1746163314.368266344,5.97795157122392,-0.8125814934262147
1746163314.372272730,5.97795157122392,-0.8125814934262147
1746163314.376669884,5.954481074244298,-0.799446408593275
1746163314.380273342,5.954481074244298,-0.799446408593275
1746163314.384247065,5.954481074244298,-0.799446408593275
1746163314.388263464,5.930970242395509,-0.7862181162130233
1746163314.392258644,5.930970242395509,-0.7862181162130233
1746163314.396659851,5.907409873759663,-0.7729209955753592
1746163314.400282383,5.907409873759663,-0.7729209955753592
1746163314.404278755,5.907409873759663,-0.7729209955753592
1746163314.408200741,5.8838140127964955,-0.7595323840532913
1746163314.412260532,5.8838140127964955,-0.7595323840532913
1746163314.416711330,5.86017105680228,-0.7460748480107626
1746163314.420180798,5.86017105680228,-0.7460748480107626
1746163314.424199581,5.86017105680228,-0.7460748480107626
1746163314.428258896,5.836509991840699,-0.7325050520280868
1746163314.432392597,5.836509991840699,-0.7325050520280868
1746163314.436738253,5.812856554166312,-0.718785849707612
1746163314.440258741,5.812856554166312,-0.718785849707612
1746163314.444485903,5.812856554166312,-0.718785849707612
1746163314.450681210,5.789186073745597,-0.7049670532595547
1746163314.454195499,5.789186073745597,-0.7049670532595547
1746163314.459994793,5.765465420536243,-0.6911117767194032
1746163314.463335514,5.765465420536243,-0.6911117767194032
1746163314.465786695,5.765465420536243,-0.6911117767194032
1746163314.469472647,5.741664472498476,-0.6772775594230863
1746163314.472238064,5.741664472498476,-0.6772775594230863
1746163314.477192879,5.717745478189215,-0.663512962555156
1746163314.480260372,5.717745478189215,-0.663512962555156
1746163314.484283209,5.717745478189215,-0.663512962555156
1746163314.488252401,5.693684668389661,-0.649844255412989
1746163314.492231131,5.693684668389661,-0.649844255412989
1746163314.496877909,5.669503110088192,-0.6362429978532698
1746163314.500244856,5.669503110088192,-0.6362429978532698
1746163314.504259586,5.669503110088192,-0.6362429978532698
1746163314.508233547,5.645181195192479,-0.6227526223571767
1746163314.512270689,5.645181195192479,-0.6227526223571767
1746163314.516755342,5.620701606755037,-0.6094136128730828
1746163314.524578094,5.620701606755037,-0.6094136128730828
1746163314.540476799,5.596082475692457,-0.5962020053508453
1746163314.544266939,5.596082475692457,-0.5962020053508453
1746163314.548223734,5.5713151674600745,-0.5831429293664994
1746163314.552261114,5.5713151674600745,-0.5831429293664994
1746163314.556688547,5.546405097677958,-0.5702117242990973
1746163314.560292959,5.546405097677958,-0.5702117242990973
1746163314.564296961,5.546405097677958,-0.5702117242990973
1746163314.568229198,5.521333243053269,-0.5574313574667813
1746163314.572191238,5.521333243053269,-0.5574313574667813
1746163314.576678991,5.496114189899406,-0.5447840881583407
1746163314.580262423,5.496114189899406,-0.5447840881583407
1746163314.584393024,5.496114189899406,-0.5447840881583407
1746163314.588251352,5.470738829286713,-0.532298822587011
1746163314.592351198,5.470738829286713,-0.532298822587011
1746163314.596665144,5.445221291824939,-0.5199574705617271
1746163314.600327015,5.445221291824939,-0.5199574705617271
1746163314.604270697,5.445221291824939,-0.5199574705617271
1746163314.608252525,5.419552751058479,-0.5077888153947906
1746163314.612313509,5.419552751058479,-0.5077888153947906
1746163314.616705179,5.393747077483914,-0.4957740458779914
1746163314.620181322,5.393747077483914,-0.4957740458779914
1746163314.624251604,5.393747077483914,-0.4957740458779914
1746163314.628226042,5.367788633500579,-0.4839382414126176
1746163314.632346153,5.367788633500579,-0.4839382414126176
1746163314.636703491,5.341684105249519,-0.47225874715026406
1746163314.640254021,5.341684105249519,-0.47225874715026406
1746163314.644472361,5.341684105249519,-0.47225874715026406
1746163314.650058031,5.315426216939351,-0.4607638761936704
1746163314.652903080,5.315426216939351,-0.4607638761936704
1746163314.660188437,5.289028884160554,-0.4494337832534576
1746163314.664780378,5.289028884160554,-0.4494337832534576
1746163314.670300961,5.262485149522936,-0.43829651952669996
1746163314.672532082,5.262485149522936,-0.43829651952669996
1746163314.677143574,5.23580855000647,-0.42733157831278423
1746163314.680278301,5.23580855000647,-0.42733157831278423
1746163314.684290171,5.23580855000647,-0.42733157831278423
1746163314.688259602,5.2089924283339375,-0.41656683561277197
1746163314.692271233,5.2089924283339375,-0.41656683561277197
1746163314.697059155,5.182050185288581,-0.40598131842723306
1746163314.700209856,5.182050185288581,-0.40598131842723306
1746163314.704239845,5.182050185288581,-0.40598131842723306
1746163314.708217859,5.154975719906466,-0.39560288967772383
1746163314.712265730,5.154975719906466,-0.39560288967772383
1746163314.716646910,5.127781707974157,-0.38540993923772743
1746163314.720326424,5.127781707974157,-0.38540993923772743
1746163314.724255800,5.127781707974157,-0.38540993923772743
1746163314.728254557,5.10046206555681,-0.37543013279936527
1746163314.732294798,5.10046206555681,-0.37543013279936527
1746163314.736667633,5.0730290311658734,-0.3656413969110553
1746163314.740253448,5.0730290311658734,-0.3656413969110553
1746163314.744220495,5.0730290311658734,-0.3656413969110553
1746163314.748204708,5.045476834684357,-0.35607133526559515
1746163314.752284050,5.045476834684357,-0.35607133526559515
1746163314.756683111,5.017817270292943,-0.34669744859838353
1746163314.760273457,5.017817270292943,-0.34669744859838353
1746163314.764490604,5.017817270292943,-0.34669744859838353
1746163314.770755053,4.990051002501354,-0.33754937474812785
1746163314.773931742,4.990051002501354,-0.33754937474812785
1746163314.779695034,4.962195244098357,-0.32860605921512054
1746163314.783354521,4.962195244098357,-0.32860605921512054
1746163314.789650917,4.934236708527615,-0.31991948186712904
1746163314.793278933,4.934236708527615,-0.31991948186712904
1746163314.797325134,4.906165437627128,-0.3115351505392293
1746163314.800213337,4.906165437627128,-0.3115351505392293
1746163314.804200172,4.906165437627128,-0.3115351505392293
1746163314.808273792,4.87799411968963,-0.3034251106169976
1746163314.812282085,4.87799411968963,-0.3034251106169976
1746163314.816927671,4.849719553690676,-0.29561515208154354
1746163314.820259333,4.849719553690676,-0.29561515208154354
1746163314.824278593,4.849719553690676,-0.29561515208154354
1746163314.828249216,4.82135259077765,-0.2880810111943549
1746163314.832230568,4.82135259077765,-0.2880810111943549
1746163314.836850643,4.792945966562011,-0.2808659535859088
1746163314.840225935,4.792945966562011,-0.2808659535859088
1746163314.844215155,4.792945966562011,-0.2808659535859088
1746163314.848264217,4.764556591675784,-0.2739577504194585
1746163314.852245331,4.764556591675784,-0.2739577504194585
1746163314.856838942,4.736163895926349,-0.26738174936977566
1746163314.860270739,4.736163895926349,-0.26738174936977566
1746163314.864262104,4.736163895926349,-0.26738174936977566
1746163314.868230343,4.707769033703171,-0.26108432952359195
1746163314.872210979,4.707769033703171,-0.26108432952359195
1746163314.876740456,4.679378148899603,-0.2549947078901341
1746163314.880289078,4.679378148899603,-0.2549947078901341
1746163314.884283304,4.679378148899603,-0.2549947078901341
1746163314.888233662,4.650996918815323,-0.24904766661020775
1746163314.892265320,4.650996918815323,-0.24904766661020775
1746163314.896798372,4.622722593000755,-0.24319275817120148
1746163314.900232792,4.622722593000755,-0.24319275817120148
1746163314.904265404,4.622722593000755,-0.24319275817120148
1746163314.908258200,4.594635729518124,-0.23737856483329992
1746163314.912337065,4.594635729518124,-0.23737856483329992
1746163314.916789055,4.566707099708406,-0.2315663797321698
1746163314.920221329,4.566707099708406,-0.2315663797321698
1746163314.924235344,4.566707099708406,-0.2315663797321698
1746163314.928274393,4.538899510739858,-0.22578998847095408
1746163314.932229042,4.538899510739858,-0.22578998847095408
1746163314.936713934,4.511194749367844,-0.22001946495288957
1746163314.940226793,4.511194749367844,-0.22001946495288957
1746163314.944278002,4.511194749367844,-0.22001946495288957
1746163314.948244572,4.483568579058039,-0.21427618354891834
1746163314.952236891,4.483568579058039,-0.21427618354891834
1746163314.957038879,4.456012301031361,-0.20852495047562014
1746163314.960315228,4.456012301031361,-0.20852495047562014
1746163314.964238405,4.456012301031361,-0.20852495047562014
1746163314.968229294,4.4286322603146,-0.20280996758092734
1746163314.972230434,4.4286322603146,-0.20280996758092734
1746163314.976823807,4.401525402700313,-0.19711522183695815
1746163314.980242252,4.401525402700313,-0.19711522183695815
1746163314.984145641,4.401525402700313,-0.19711522183695815
1746163314.988266706,4.374636040371124,-0.19145471939022699
1746163314.992219448,4.374636040371124,-0.19145471939022699
1746163314.996696472,4.34793033064357,-0.18578639187357385
1746163315.000216484,4.34793033064357,-0.18578639187357385
1746163315.004254818,4.34793033064357,-0.18578639187357385
1746163315.008286953,4.321370063126488,-0.18012737044453617
1746163315.012233973,4.321370063126488,-0.18012737044453617
1746163315.016710997,4.29493520246151,-0.1744403692943941
1746163315.020442009,4.29493520246151,-0.1744403692943941
1746163315.025645494,4.29493520246151,-0.1744403692943941
1746163315.033275127,4.268598800514204,-0.16874537780649074
1746163315.041130066,4.242349813036603,-0.16300875353660293
1746163315.045571804,4.242349813036603,-0.16300875353660293
1746163315.049605370,4.216291235839504,-0.15728026808207676
1746163315.052188873,4.216291235839504,-0.15728026808207676
1746163315.057088614,4.190517697025124,-0.15154918223702485
1746163315.060244322,4.190517697025124,-0.15154918223702485
1746163315.064256668,4.190517697025124,-0.15154918223702485
1746163315.068284035,4.164971435001391,-0.14583234294448139
1746163315.072268248,4.164971435001391,-0.14583234294448139
1746163315.077069283,4.13961744039361,-0.1400907902052352
1746163315.080197573,4.13961744039361,-0.1400907902052352
1746163315.084208012,4.13961744039361,-0.1400907902052352
1746163315.088253260,4.11441573947074,-0.1343446939418392
1746163315.092240334,4.11441573947074,-0.1343446939418392
1746163315.096681356,4.089345513255273,-0.12855968391581482
1746163315.100222826,4.089345513255273,-0.12855968391581482
1746163315.104237556,4.089345513255273,-0.12855968391581482
1746163315.108214378,4.06437836843022,-0.12275828704729524
1746163315.112282515,4.06437836843022,-0.12275828704729524
1746163315.116730452,4.039624208700923,-0.11693737835533968
1746163315.120463371,4.039624208700923,-0.11693737835533968
1746163315.124514341,4.039624208700923,-0.11693737835533968
1746163315.130671263,4.015159949538399,-0.11114616514830132
1746163315.134030581,4.015159949538399,-0.11114616514830132
1746163315.139385223,3.990939082039614,-0.10534304278765909
1746163315.142158508,3.990939082039614,-0.10534304278765909
1746163315.144370317,3.990939082039614,-0.10534304278765909
1746163315.148345709,3.966911416365467,-0.09954698662707147
1746163315.152250528,3.966911416365467,-0.09954698662707147
1746163315.156835556,3.9430487156520497,-0.09372186742541017
1746163315.160247326,3.9430487156520497,-0.09372186742541017
1746163315.164234400,3.9430487156520497,-0.09372186742541017
1746163315.168249846,3.919315753676776,-0.08788941867648718
1746163315.172246456,3.919315753676776,-0.08788941867648718
1746163315.176723242,3.8956962724810165,-0.08201725267154242
1746163315.180216312,3.8956962724810165,-0.08201725267154242
1746163315.184257984,3.8956962724810165,-0.08201725267154242
1746163315.188215971,3.872164816808632,-0.07612890714413213
1746163315.192214727,3.872164816808632,-0.07612890714413213
1746163315.196814299,3.848832206417286,-0.07022416660476442
1746163315.200860739,3.848832206417286,-0.07022416660476442
1746163315.204659700,3.848832206417286,-0.07022416660476442
1746163315.208202839,3.8257753013929867,-0.0643540649612553
1746163315.212328672,3.8257753013929867,-0.0643540649612553
1746163315.216750383,3.802950587981649,-0.05847738831757893
1746163315.220185280,3.802950587981649,-0.05847738831757893
1746163315.224256277,3.802950587981649,-0.05847738831757893
1746163315.228255987,3.7803094656011855,-0.05261300072970779
1746163315.232320547,3.7803094656011855,-0.05261300072970779
1746163315.236745119,3.757825804263258,-0.046725047499291246
1746163315.240281820,3.757825804263258,-0.046725047499291246
1746163315.244218588,3.757825804263258,-0.046725047499291246
1746163315.248266459,3.7354652692929884,-0.04083511700774734
1746163315.252260685,3.7354652692929884,-0.04083511700774734
1746163315.256905079,3.713213130390137,-0.03491099282899396
1746163315.260264158,3.713213130390137,-0.03491099282899396
1746163315.264322042,3.713213130390137,-0.03491099282899396
1746163315.268261433,3.6910443732783644,-0.028976032382298098
1746163315.272283554,3.6910443732783644,-0.028976032382298098
1746163315.276703358,3.66906143647317,-0.023029634455622915
1746163315.280218363,3.66906143647317,-0.023029634455622915
1746163315.284257412,3.66906143647317,-0.023029634455622915
1746163315.288213491,3.647333627261342,-0.017122036404276703
1746163315.292255878,3.647333627261342,-0.017122036404276703
1746163315.296906471,3.6258215925423114,-0.011212477682357419
1746163315.300294399,3.6258215925423114,-0.011212477682357419
1746163315.304264069,3.6258215925423114,-0.011212477682357419
1746163315.308208704,3.6044721800461312,-0.005345648015400783
1746163315.312217712,3.6044721800461312,-0.005345648015400783
1746163315.316711426,3.5832431388146677,0.0004452299582073174
1746163315.320182562,3.5832431388146677,0.0004452299582073174
1746163315.324258566,3.5832431388146677,0.0004452299582073174
1746163315.328217268,3.5621194259822837,0.0062032711285963235
1746163315.332245588,3.5621194259822837,0.0062032711285963235
1746163315.336728334,3.5410747249882695,0.011911599836798008
1746163315.340269327,3.5410747249882695,0.011911599836798008
1746163315.344479799,3.5410747249882695,0.011911599836798008
1746163315.350631952,3.5201007309837036,0.017604406483078205
1746163315.353694677,3.5201007309837036,0.017604406483078205
1746163315.359274149,3.4991773008940057,0.02325993018552005
1746163315.363556147,3.4991773008940057,0.02325993018552005
1746163315.368972540,3.478413839703376,0.028907326626788507
1746163315.372378588,3.478413839703376,0.028907326626788507
1746163315.377043009,3.457905875042348,0.03459440239462529
1746163315.380258083,3.457905875042348,0.03459440239462529
1746163315.384293556,3.457905875042348,0.03459440239462529
1746163315.388244390,3.437626401314782,0.04038822631120188
1746163315.392296553,3.437626401314782,0.04038822631120188
1746163315.396790028,3.4175560638116087,0.04634686342889448
1746163315.400261641,3.4175560638116087,0.04634686342889448
1746163315.404266596,3.4175560638116087,0.04634686342889448
1746163315.408223629,3.3976825851221513,0.052522465872840776
1746163315.412940025,3.3976825851221513,0.052522465872840776
1746163315.416679621,3.378000089729248,0.05896290233304475
1746163315.423639774,3.378000089729248,0.05896290233304475
1746163315.428912640,3.3584998471803176,0.06568798975450842
1746163315.432245493,3.3584998471803176,0.06568798975450842
1746163315.436665297,3.3391536004294946,0.07265008438629321
1746163315.440197706,3.3391536004294946,0.07265008438629321
1746163315.444669485,3.3391536004294946,0.07265008438629321
1746163315.450635195,3.3199566041924795,0.07986201482982831
1746163315.453699350,3.3199566041924795,0.07986201482982831
1746163315.459108829,3.3009811467243386,0.08725329763352141
1746163315.462174416,3.3009811467243386,0.08725329763352141
1746163315.464992285,3.3009811467243386,0.08725329763352141
1746163315.469149828,3.2823146393026477,0.09483952967381618
1746163315.472215414,3.2823146393026477,0.09483952967381618
1746163315.477065802,3.2639359049647587,0.10266447548869047
1746163315.480326176,3.2639359049647587,0.10266447548869047
1746163315.484316349,3.2639359049647587,0.10266447548869047
1746163315.488287926,3.245800404587927,0.11069578700678234
1746163315.492336988,3.245800404587927,0.11069578700678234
1746163315.497192621,3.227894050907002,0.11895697174742784
1746163315.500278711,3.227894050907002,0.11895697174742784
1746163315.504296780,3.227894050907002,0.11895697174742784
1746163315.508283854,3.2101849187485825,0.1274207443813876
1746163315.512315035,3.2101849187485825,0.1274207443813876
1746163315.517111301,3.1926693885904647,0.1361111410555706
1746163315.520257950,3.1926693885904647,0.1361111410555706
1746163315.524352789,3.1926693885904647,0.1361111410555706
1746163315.528313398,3.175322763529485,0.14500189173542796
1746163315.532301426,3.175322763529485,0.14500189173542796
1746163315.537110090,3.158148110008337,0.15411624288835934
1746163315.540277719,3.158148110008337,0.15411624288835934
1746163315.544303894,3.158148110008337,0.15411624288835934
1746163315.548295259,3.1411251360284425,0.16342832504153784
1746163315.552300215,3.1411251360284425,0.16342832504153784
1746163315.557079077,3.124347016376857,0.17291258699857262
1746163315.560284376,3.124347016376857,0.17291258699857262
1746163315.564281940,3.124347016376857,0.17291258699857262
1746163315.568309546,3.1078639995540462,0.18250207065653046
1746163315.572366714,3.1078639995540462,0.18250207065653046
1746163315.577103615,3.0916579434394613,0.1922359850298362
1746163315.580277920,3.0916579434394613,0.1922359850298362
1746163315.584293365,3.0916579434394613,0.1922359850298362
1746163315.588260651,3.0756876220997547,0.20210019899231804
1746163315.592318058,3.0756876220997547,0.20210019899231804
1746163315.597110987,3.0599468460070334,0.21212683230821672
1746163315.600281715,3.0599468460070334,0.21212683230821672
1746163315.604289532,3.0599468460070334,0.21212683230821672
1746163315.608296394,3.0444033564567228,0.2222975857489638
1746163315.612307787,3.0444033564567228,0.2222975857489638
1746163315.617112637,3.029058793718989,0.23263968131279025
1746163315.620334148,3.029058793718989,0.23263968131279025
1746163315.624313116,3.029058793718989,0.23263968131279025
1746163315.628276348,3.013886658281202,0.24313248024256331
1746163315.632309198,3.013886658281202,0.24313248024256331
1746163315.637086630,2.9988940431192317,0.25380020241867685
1746163315.640285015,2.9988940431192317,0.25380020241867685
1746163315.644255877,2.9988940431192317,0.25380020241867685
1746163315.648269892,2.9840582053070004,0.2646211209467808
1746163315.652308464,2.9840582053070004,0.2646211209467808
1746163315.656811953,2.9694681683696333,0.27555941707196124
1746163315.660262108,2.9694681683696333,0.27555941707196124
1746163315.664264441,2.9694681683696333,0.27555941707196124
1746163315.668218136,2.9551650659532323,0.2865435594605732
1746163315.672254086,2.9551650659532323,0.2865435594605732
1746163315.676735640,2.9411363242640727,0.2976153169023887
1746163315.680286169,2.9411363242640727,0.2976153169023887
1746163315.684359074,2.9411363242640727,0.2976153169023887
1746163315.688272715,2.9273395091935797,0.3087663912639033
1746163315.692280531,2.9273395091935797,0.3087663912639033
1746163315.696792603,2.9137726792587753,0.32002988767491203
1746163315.700230598,2.9137726792587753,0.32002988767491203
1746163315.704233408,2.9137726792587753,0.32002988767491203
1746163315.708226681,2.9004016305852467,0.3313921713310397
1746163315.712310314,2.9004016305852467,0.3313921713310397
1746163315.716948271,2.8872314434206516,0.34288053905496413
1746163315.720227003,2.8872314434206516,0.34288053905496413
1746163315.724469185,2.8872314434206516,0.34288053905496413
1746163315.730111122,2.8742162080287854,0.35445920294724
1746163315.732999325,2.8742162080287854,0.35445920294724
1746163315.738104820,2.8613038217624234,0.3660840480686794
1746163315.741397142,2.8613038217624234,0.3660840480686794
1746163315.744642019,2.8613038217624234,0.3660840480686794
1746163315.749113798,2.8484508977566123,0.3777193406404533
1746163315.752428770,2.8484508977566123,0.3777193406404533
1746163315.757506847,2.835620280546991,0.3893344498278613
1746163315.760249853,2.835620280546991,0.3893344498278613
1746163315.764241219,2.835620280546991,0.3893344498278613
1746163315.768281937,2.822966669571817,0.4007567565814667
1746163315.772274017,2.822966669571817,0.4007567565814667
1746163315.776916742,2.81066621118917,0.41190276199947423
1746163315.780220509,2.81066621118917,0.41190276199947423
1746163315.784361839,2.81066621118917,0.41190276199947423
1746163315.789835930,2.798649028528249,0.4228219582958396
1746163315.792845964,2.798649028528249,0.4228219582958396
1746163315.797689438,2.7868935294513144,0.43359279959517216
1746163315.800169230,2.7868935294513144,0.43359279959517216
1746163315.804217815,2.7868935294513144,0.43359279959517216
1746163315.808307409,2.775342487943697,0.4442351107007641
1746163315.812270403,2.775342487943697,0.4442351107007641
1746163315.816812038,2.7639852371403886,0.4548036141275197
1746163315.820221663,2.7639852371403886,0.4548036141275197
1746163315.824267626,2.7639852371403886,0.4548036141275197
1746163315.828259230,2.752775999957705,0.46530241765899566
1746163315.832229376,2.752775999957705,0.46530241765899566
1746163315.836732864,2.7417131422837007,0.47577269095086444
1746163315.840264320,2.7417131422837007,0.47577269095086444
1746163315.844358206,2.7417131422837007,0.47577269095086444
1746163315.848231077,2.730759416951406,0.4862095561564464
1746163315.852228880,2.730759416951406,0.4862095561564464
1746163315.856788158,2.719937602914177,0.4966643816507979
1746163315.860231876,2.719937602914177,0.4966643816507979
1746163315.864208698,2.719937602914177,0.4966643816507979
1746163315.868224859,2.709279324538572,0.5071907009986257
1746163315.872294188,2.709279324538572,0.5071907009986257
1746163315.877000809,2.6988100929398633,0.5178290191909857
1746163315.880223274,2.6988100929398633,0.5178290191909857
1746163315.884271622,2.6988100929398633,0.5178290191909857
1746163315.888206005,2.6885900201040185,0.5285742494773731
1746163315.892228842,2.6885900201040185,0.5285742494773731
1746163315.896659613,2.6786692652501336,0.539420208992242
1746163315.900220394,2.6786692652501336,0.539420208992242
1746163315.904292345,2.6786692652501336,0.539420208992242
1746163315.908262968,2.6690534982121354,0.5503973339625396
1746163315.912203312,2.6690534982121354,0.5503973339625396
1746163315.916868210,2.659750973213286,0.5615298224099049
1746163315.920190096,2.659750973213286,0.5615298224099049
1746163315.924256802,2.659750973213286,0.5615298224099049
1746163315.928251505,2.650772273882685,0.5728367023070708
1746163315.932222128,2.650772273882685,0.5728367023070708
1746163315.936948538,2.642109872250414,0.5843176002787674
1746163315.940284252,2.642109872250414,0.5843176002787674
1746163315.944212675,2.642109872250414,0.5843176002787674
1746163315.948267460,2.63370595339709,0.5959330911043728
1746163315.952280283,2.63370595339709,0.5959330911043728
1746163315.956669807,2.6255579535858455,0.6076848077816024
1746163315.960220814,2.6255579535858455,0.6076848077816024
1746163315.964193583,2.6255579535858455,0.6076848077816024
1746163315.968225241,2.617625729792988,0.6195474479682088
1746163315.972248554,2.617625729792988,0.6195474479682088
1746163315.976704359,2.6099196932895916,0.6315295893600126
1746163315.980260849,2.6099196932895916,0.6315295893600126
1746163315.984267235,2.6099196932895916,0.6315295893600126
1746163315.988284826,2.6024081599775286,0.6436116304529135
1746163315.992264271,2.6024081599775286,0.6436116304529135
1746163315.997058153,2.595108271335133,0.6558042779220239
1746163316.000265837,2.595108271335133,0.6558042779220239
1746163316.004291773,2.595108271335133,0.6558042779220239
1746163316.008271933,2.587992541323353,0.6680905171634883
1746163316.012280703,2.587992541323353,0.6680905171634883
1746163316.017099619,2.581122147900905,0.6804098332896311
1746163316.020200491,2.581122147900905,0.6804098332896311
1746163316.024265766,2.581122147900905,0.6804098332896311
1746163316.028267145,2.5745018353970712,0.6926872660027013
1746163316.032252073,2.5745018353970712,0.6926872660027013
1746163316.036877632,2.5681404419666443,0.7049578066695259
1746163316.040282726,2.5681404419666443,0.7049578066695259
1746163316.044482946,2.5681404419666443,0.7049578066695259
1746163316.050262213,2.561998876359978,0.7172248218577916
1746163316.053547621,2.561998876359978,0.7172248218577916
1746163316.059055090,2.5560910761802154,0.729513677206831
1746163316.061484098,2.5560910761802154,0.729513677206831
1746163316.064371824,2.5560910761802154,0.729513677206831
1746163316.068347216,2.5503823512141772,0.741821895146948
1746163316.072368145,2.5503823512141772,0.741821895146948
1746163316.077327013,2.5448903259547846,0.7541685104037834
1746163316.080285311,2.5448903259547846,0.7541685104037834
1746163316.084258556,2.5448903259547846,0.7541685104037834
1746163316.088253975,2.539583487860373,0.766547700560422
1746163316.092257977,2.539583487860373,0.766547700560422
1746163316.096899033,2.534482286013266,0.7789742903885123
1746163316.100247383,2.534482286013266,0.7789742903885123
1746163316.104305744,2.534482286013266,0.7789742903885123
1746163316.108267307,2.5295342769625804,0.7914315135757641
1746163316.112295866,2.5295342769625804,0.7914315135757641
1746163316.116675615,2.5246810797704295,0.8039007894339628
1746163316.120185852,2.5246810797704295,0.8039007894339628
1746163316.124223471,2.5246810797704295,0.8039007894339628
1746163316.128276825,2.5198780296747394,0.8163690806340544
1746163316.132246494,2.5198780296747394,0.8163690806340544
1746163316.136687279,2.515089635577963,0.8288264945306153
1746163316.140221834,2.515089635577963,0.8288264945306153
1746163316.144222498,2.515089635577963,0.8288264945306153
1746163316.148222685,2.510286632246318,0.841264896814632
1746163316.152221203,2.510286632246318,0.841264896814632
1746163316.156693697,2.505442036488073,0.8536828413621372
1746163316.160340071,2.505442036488073,0.8536828413621372
1746163316.164275408,2.505442036488073,0.8536828413621372
1746163316.168253899,2.5005320091212004,0.8660783498623663
1746163316.172266483,2.5005320091212004,0.8660783498623663
1746163316.176742554,2.495559879236792,0.8784522361601527
1746163316.180222034,2.495559879236792,0.8784522361601527
1746163316.184255838,2.495559879236792,0.8784522361601527
1746163316.188263178,2.490587075812428,0.8908288624295487
1746163316.192255020,2.490587075812428,0.8908288624295487
1746163316.196886539,2.485612637567381,0.9032076827694177
1746163316.200220823,2.485612637567381,0.9032076827694177
1746163316.204274178,2.485612637567381,0.9032076827694177
1746163316.208220005,2.4807006641413696,0.9156141053332955
1746163316.212235689,2.4807006641413696,0.9156141053332955
1746163316.216791153,2.4759170615842776,0.9280731096391689
1746163316.220219612,2.4759170615842776,0.9280731096391689
1746163316.224304914,2.4759170615842776,0.9280731096391689
1746163316.228234529,2.4713117273102045,0.9406014866935145
1746163316.232280493,2.4713117273102045,0.9406014866935145
1746163316.236825466,2.466924153983031,0.9532100304777869
1746163316.240281820,2.466924153983031,0.9532100304777869
1746163316.244471312,2.466924153983031,0.9532100304777869
1746163316.250268221,2.462787019570324,0.965905086673845
1746163316.253409386,2.462787019570324,0.965905086673845
1746163316.259332895,2.458928518052232,0.9786896043913781
1746163316.263360977,2.458928518052232,0.9786896043913781
1746163316.268498659,2.455373882793157,0.9915638278655373
1746163316.272323132,2.455373882793157,0.9915638278655373
1746163316.277086020,2.452146382077646,1.0045257363929168
1746163316.280247688,2.452146382077646,1.0045257363929168
1746163316.284257889,2.452146382077646,1.0045257363929168
1746163316.288397074,2.4492679640143256,1.0175713121138616
1746163316.292273998,2.4492679640143256,1.0175713121138616
1746163316.296805143,2.446741595102321,1.0306913291428481
1746163316.300325871,2.446741595102321,1.0306913291428481
1746163316.304247618,2.446741595102321,1.0306913291428481
1746163316.308244228,2.4445289891115407,1.0438700049678722
1746163316.312231302,2.4445289891115407,1.0438700049678722
1746163316.316730738,2.4425880736220353,1.0570939144852995
1746163316.320358753,2.4425880736220353,1.0570939144852995
1746163316.324219465,2.4425880736220353,1.0570939144852995
1746163316.328256130,2.4408441438978303,1.070347615128544
1746163316.332215786,2.4408441438978303,1.070347615128544
1746163316.336940050,2.4392322436766376,1.0836202318766586
1746163316.340395689,2.4392322436766376,1.0836202318766586
1746163316.344480515,2.4392322436766376,1.0836202318766586
1746163316.351491928,2.437727803705976,1.0969074924812088
1746163316.355619192,2.437727803705976,1.0969074924812088
1746163316.360138416,2.4364024405431857,1.110215673598036
1746163316.364314556,2.4364024405431857,1.110215673598036
1746163316.368326902,2.4353284467858365,1.123548259105763
1746163316.372287750,2.4353284467858365,1.123548259105763
1746163316.376938343,2.434547145422844,1.136902969099375
1746163316.380229235,2.434547145422844,1.136902969099375
1746163316.384354353,2.434547145422844,1.136902969099375
1746163316.388236523,2.4340698717522007,1.1502736567679583
1746163316.392274141,2.4340698717522007,1.1502736567679583
1746163316.396804094,2.433871104011688,1.1636530202796629
1746163316.400263071,2.433871104011688,1.1636530202796629
1746163316.404477358,2.433871104011688,1.1636530202796629
1746163316.410414934,2.4339350359046543,1.1770352547388734
1746163316.414113283,2.4339350359046543,1.1770352547388734
1746163316.420987844,2.434251106743861,1.1904153760661873
1746163316.424189568,2.434251106743861,1.1904153760661873
1746163316.428330183,2.4348122011033677,1.203788857498336
1746163316.432339430,2.4348122011033677,1.203788857498336
1746163316.436953545,2.435613471469035,1.2171514262055794
1746163316.440227985,2.435613471469035,1.2171514262055794
1746163316.444255829,2.435613471469035,1.2171514262055794
1746163316.448266029,2.4366514290912757,1.230497106370102
1746163316.452408075,2.4366514290912757,1.230497106370102
1746163316.456996441,2.437923544939678,1.2438202629416926
1746163316.460282803,2.437923544939678,1.2438202629416926
1746163316.464258194,2.437923544939678,1.2438202629416926
1746163316.468269110,2.439415775978195,1.2571187880331707
1746163316.472306013,2.439415775978195,1.2571187880331707
1746163316.476994038,2.4410718376927756,1.2703964960013119
1746163316.480287552,2.4410718376927756,1.2703964960013119
1746163316.484343290,2.4410718376927756,1.2703964960013119
1746163316.488271713,2.44283935055094,1.2836586647355634
1746163316.492284536,2.44283935055094,1.2836586647355634
1746163316.497005224,2.444702287469594,1.296906768974971
1746163316.500258207,2.444702287469594,1.296906768974971
1746163316.504291296,2.444702287469594,1.296906768974971
1746163316.508276939,2.4467375136504614,1.3101286212883811
1746163316.512304544,2.4467375136504614,1.3101286212883811
1746163316.517015696,2.449019823671938,1.3233093291051001
1746163316.520230293,2.449019823671938,1.3233093291051001
1746163316.524300575,2.449019823671938,1.3233093291051001
1746163316.528230429,2.4515857078729173,1.3364372544907517
1746163316.532261372,2.4515857078729173,1.3364372544907517
1746163316.536921740,2.454418401995791,1.3495098149894182
1746163316.540259600,2.454418401995791,1.3495098149894182
1746163316.544317245,2.454418401995791,1.3495098149894182
1746163316.548302650,2.457502180088943,1.3625251093789312
1746163316.552335262,2.457502180088943,1.3625251093789312
1746163316.557152987,2.4608263244877806,1.3754808312416014
1746163316.560245037,2.4608263244877806,1.3754808312416014
1746163316.564253330,2.4608263244877806,1.3754808312416014
1746163316.568233967,2.4643833599715856,1.3883743378389504
1746163316.572248697,2.4643833599715856,1.3883743378389504
1746163316.577312231,2.4681679234206206,1.4012027236742417
1746163316.580248833,2.4681679234206206,1.4012027236742417
1746163316.584273100,2.4681679234206206,1.4012027236742417
1746163316.588275433,2.472176029158229,1.4139628857948392
1746163316.592316389,2.472176029158229,1.4139628857948392
1746163316.596897364,2.4764244031590628,1.4267127154840096
1746163316.600268841,2.4764244031590628,1.4267127154840096
1746163316.604274273,2.4764244031590628,1.4267127154840096
1746163316.608250380,2.480930234354706,1.4395068520289946
1746163316.612207890,2.480930234354706,1.4395068520289946
1746163316.616888523,2.4856809490916216,1.4523395455713106
1746163316.620274544,2.4856809490916216,1.4523395455713106
1746163316.624272823,2.4856809490916216,1.4523395455713106
1746163316.628268242,2.490625977629504,1.4652205879070412
1746163316.632302046,2.490625977629504,1.4652205879070412
1746163316.636880398,2.495717233371748,1.4781610509313279
1746163316.640332460,2.495717233371748,1.4781610509313279
1746163316.644201994,2.495717233371748,1.4781610509313279
1746163316.648276329,2.5009169106707874,1.4911695265685252
1746163316.652282715,2.5009169106707874,1.4911695265685252
1746163316.657148123,2.506216199965281,1.5042438125357058
1746163316.660271645,2.506216199965281,1.5042438125357058
1746163316.664232969,2.506216199965281,1.5042438125357058
1746163316.668250322,2.511689571071654,1.5173475905153062
1746163316.672296524,2.511689571071654,1.5173475905153062
1746163316.676983833,2.5174112130609507,1.5304421224697016
1746163316.680274963,2.5174112130609507,1.5304421224697016
1746163316.684278727,2.5174112130609507,1.5304421224697016
1746163316.688235998,2.523437029291075,1.5434929702608151
1746163316.692421913,2.523437029291075,1.5434929702608151
1746163316.697147369,2.5297938072033404,1.5564759586142594
1746163316.700244188,2.5297938072033404,1.5564759586142594
1746163316.704363585,2.5297938072033404,1.5564759586142594
1746163316.708275557,2.5364629927696245,1.5693880635211481
1746163316.712283134,2.5364629927696245,1.5693880635211481
1746163316.716908693,2.5434276435580085,1.5822267732518656
1746163316.720241308,2.5434276435580085,1.5822267732518656
1746163316.724505424,2.5434276435580085,1.5822267732518656
1746163316.730568886,2.550675975291005,1.5949879238639546
1746163316.734189749,2.550675975291005,1.5949879238639546
1746163316.739869833,2.5582240366449,1.6077089445035933
1746163316.743819475,2.5582240366449,1.6077089445035933
1746163316.749269962,2.5660896910647946,1.6204240463120223
1746163316.753286600,2.5660896910647946,1.6204240463120223
1746163316.757328033,2.5742679121793266,1.6331215011263622
1746163316.760897636,2.5742679121793266,1.6331215011263622
1746163316.764259338,2.5742679121793266,1.6331215011263622
1746163316.768268824,2.582755303358367,1.645788975053222
1746163316.772270918,2.582755303358367,1.645788975053222
1746163316.776828289,2.5915494142850726,1.6584138080472735
1746163316.780220270,2.5915494142850726,1.6584138080472735
1746163316.784185171,2.5915494142850726,1.6584138080472735
1746163316.788222313,2.600648308027675,1.6709831972269389
1746163316.792283535,2.600648308027675,1.6709831972269389
1746163316.796713114,2.610050279224733,1.6834843208018269
1746163316.800307989,2.610050279224733,1.6834843208018269
1746163316.804284573,2.610050279224733,1.6834843208018269
1746163316.808261871,2.6197536676985402,1.6959044235611531
1746163316.812220573,2.6197536676985402,1.6959044235611531
1746163316.816732645,2.6297567343105106,1.7082308766257936
1746163316.820214987,2.6297567343105106,1.7082308766257936
1746163316.824211836,2.6297567343105106,1.7082308766257936
1746163316.828191042,2.640057578321868,1.7204512195784305
1746163316.832297802,2.640057578321868,1.7204512195784305
1746163316.836744070,2.650654082855107,1.7325531903542484
1746163316.840261221,2.650654082855107,1.7325531903542484
1746163316.844215631,2.650654082855107,1.7325531903542484
1746163316.848259687,2.661543879586153,1.7445247465540605
1746163316.852391720,2.661543879586153,1.7445247465540605
1746163316.856730938,2.672724326702804,1.7563540807120457
1746163316.860241175,2.672724326702804,1.7563540807120457
1746163316.864317656,2.672724326702804,1.7563540807120457
1746163316.868261814,2.6842091259894763,1.7680471816983814
1746163316.872221231,2.6842091259894763,1.7680471816983814
1746163316.876820087,2.696011183649921,1.7796092153410075
1746163316.880256414,2.696011183649921,1.7796092153410075
1746163316.884213209,2.696011183649921,1.7796092153410075
1746163316.888255119,2.7081261599770547,1.791026852388522
1746163316.892280102,2.7081261599770547,1.791026852388522
1746163316.897073030,2.7205416916748844,1.8022957682996312
1746163316.900232792,2.7205416916748844,1.8022957682996312
1746163316.904546022,2.7205416916748844,1.8022957682996312
1746163316.910602093,2.7332168128612144,1.813445283599377
1746163316.913623333,2.7332168128612144,1.813445283599377
1746163316.919072390,2.7461113596663216,1.8245077650226946
1746163316.922681808,2.7461113596663216,1.8245077650226946
1746163316.928516150,2.7591919535771074,1.8355109418617324
1746163316.932285070,2.7591919535771074,1.8355109418617324
1746163316.937424660,2.772429808905831,1.846479397343301
1746163316.940221786,2.772429808905831,1.846479397343301
1746163316.944305182,2.772429808905831,1.846479397343301
1746163316.948283911,2.785814622519467,1.857416783613223
1746163316.952266693,2.785814622519467,1.857416783613223
1746163316.956825972,2.79937838251239,1.8682749068506888
1746163316.960289478,2.79937838251239,1.8682749068506888
1746163316.964226246,2.79937838251239,1.8682749068506888
1746163316.968197584,2.813114882755363,1.8790519826409233
1746163316.972263098,2.813114882755363,1.8790519826409233
1746163316.976764917,2.8270610440311676,1.8896902960722097
1746163316.980229855,2.8270610440311676,1.8896902960722097
1746163316.984225273,2.8270610440311676,1.8896902960722097
1746163316.988230467,2.841256919314278,1.900154609180474
1746163316.992230654,2.841256919314278,1.900154609180474
1746163316.996979475,2.8556952945569942,1.9104705005586105
1746163317.000229836,2.8556952945569942,1.9104705005586105
1746163317.004264355,2.8556952945569942,1.9104705005586105
1746163317.008286715,2.8703849437287943,1.9206093625412335
1746163317.012258291,2.8703849437287943,1.9206093625412335
1746163317.016736269,2.8853054945542245,1.9305844217356922
1746163317.020254135,2.8853054945542245,1.9305844217356922
1746163317.024245739,2.8853054945542245,1.9305844217356922
1746163317.028224707,2.900478963167527,1.9403455108632648
1746163317.032258034,2.900478963167527,1.9403455108632648
1746163317.036806822,2.9159196790710245,1.9498505132029262
1746163317.040220976,2.9159196790710245,1.9498505132029262
1746163317.044224024,2.9159196790710245,1.9498505132029262
1746163317.048226833,2.931602141336807,1.9591203295628739
1746163317.052273273,2.931602141336807,1.9591203295628739
1746163317.056780577,2.947529525904403,1.9681292890250222
1746163317.060247421,2.947529525904403,1.9681292890250222
1746163317.064249516,2.947529525904403,1.9681292890250222
1746163317.068221331,2.9636801487131765,1.9768954246064498
1746163317.072260857,2.9636801487131765,1.9768954246064498
1746163317.076792479,2.980058342808463,1.985390307108183
1746163317.080230236,2.980058342808463,1.985390307108183
1746163317.084277630,2.980058342808463,1.985390307108183
1746163317.088207245,2.99664443834082,1.9936311273473262
1746163317.092265844,2.99664443834082,1.9936311273473262
1746163317.096754789,3.0134427227846725,2.0015881414025034
1746163317.100250244,3.0134427227846725,2.0015881414025034
1746163317.104265690,3.0134427227846725,2.0015881414025034
1746163317.108219624,3.0304509810914504,2.0092861585305606
1746163317.112300873,3.0304509810914504,2.0092861585305606
1746163317.116776705,3.0476883242400628,2.0167020888328167
1746163317.120315552,3.0476883242400628,2.0167020888328167
1746163317.124222040,3.0476883242400628,2.0167020888328167
1746163317.128241062,3.0651361680317426,2.0238521437348753
1746163317.132229328,3.0651361680317426,2.0238521437348753
1746163317.136763096,3.082796106059849,2.0307047281288817
1746163317.140251398,3.082796106059849,2.0307047281288817
1746163317.144265652,3.082796106059849,2.0307047281288817
1746163317.148223877,3.1006505731128784,2.0372765035176115
1746163317.152292967,3.1006505731128784,2.0372765035176115
1746163317.156737089,3.1187004028959415,2.043535583762181
1746163317.160299778,3.1187004028959415,2.043535583762181
1746163317.164262295,3.1187004028959415,2.043535583762181
1746163317.168251514,3.1369288840209095,2.049499309137009
1746163317.172254324,3.1369288840209095,2.049499309137009
1746163317.176792622,3.1553359193253185,2.0551357530089494
1746163317.180265665,3.1553359193253185,2.0551357530089494
1746163317.184234381,3.1553359193253185,2.0551357530089494
1746163317.188282490,3.173905576926374,2.060463065486955
1746163317.192230225,3.173905576926374,2.060463065486955
1746163317.196948528,3.1926367316100284,2.0654494446306617
1746163317.200231075,3.1926367316100284,2.0654494446306617
1746163317.204301119,3.1926367316100284,2.0654494446306617
1746163317.208285093,3.211514212720443,2.0701139088897453
1746163317.212246180,3.211514212720443,2.0701139088897453
1746163317.217104435,3.230555290178002,2.074429678510304
1746163317.220220327,3.230555290178002,2.074429678510304
1746163317.224372387,3.230555290178002,2.074429678510304
1746163317.228227615,3.2497642723856464,2.0784205993557783
1746163317.232257128,3.2497642723856464,2.0784205993557783
1746163317.236852407,3.269136111009941,2.0820548623934965
1746163317.240273952,3.269136111009941,2.0820548623934965
1746163317.244267464,3.269136111009941,2.0820548623934965
1746163317.248259306,3.28865175833068,2.0853758491940804
1746163317.252242088,3.28865175833068,2.0853758491940804
1746163317.256781578,3.308292347244075,2.0884419004444013
1746163317.260180712,3.308292347244075,2.0884419004444013
1746163317.264292717,3.308292347244075,2.0884419004444013
1746163317.268255234,3.32804633523349,2.091279372886714
1746163317.272273302,3.32804633523349,2.091279372886714
1746163317.276712418,3.347912852680755,2.0938433587267338
1746163317.280287743,3.347912852680755,2.0938433587267338
1746163317.284276247,3.347912852680755,2.0938433587267338
1746163317.288267374,3.36788014559494,2.0961698899788033
1746163317.292290926,3.36788014559494,2.0961698899788033
1746163317.296714544,3.3879360411035133,2.0983129236775606
1746163317.300229073,3.3879360411035133,2.0983129236775606
1746163317.304261684,3.3879360411035133,2.0983129236775606
1746163317.308259249,3.4080707118285507,2.1003206540479566
1746163317.312283278,3.4080707118285507,2.1003206540479566
1746163317.316732168,3.428275893401101,2.102237554748665
1746163317.320216179,3.428275893401101,2.102237554748665
1746163317.324260712,3.428275893401101,2.102237554748665
1746163317.328263998,3.4485696799307934,2.104082257048215
1746163317.332225323,3.4485696799307934,2.104082257048215
1746163317.336715698,3.4689752658942803,2.1058058062248866
1746163317.340214968,3.4689752658942803,2.1058058062248866
1746163317.344352245,3.4689752658942803,2.1058058062248866
1746163317.348234177,3.489484470409587,2.107440821879926
1746163317.352260113,3.489484470409587,2.107440821879926
1746163317.356730461,3.5100901353593916,2.1090149698460214
1746163317.360235929,3.5100901353593916,2.1090149698460214
1746163317.364312172,3.5100901353593916,2.1090149698460214
1746163317.368272066,3.53079082565937,2.110484603250923
1746163317.372238159,3.53079082565937,2.110484603250923
1746163317.376920938,3.5515809479505513,2.1118625692369517
1746163317.380265713,3.5515809479505513,2.1118625692369517
1746163317.384289026,3.5515809479505513,2.1118625692369517
1746163317.388232231,3.5724582707145953,2.1131130813302885
1746163317.392259121,3.5724582707145953,2.1131130813302885
1746163317.396867037,3.593417194647792,2.1142546071142805
1746163317.400238752,3.593417194647792,2.1142546071142805
1746163317.404238939,3.593417194647792,2.1142546071142805
1746163317.408230305,3.6144550735259666,2.1152551188899227
1746163317.412349939,3.6144550735259666,2.1152551188899227
1746163317.416860104,3.6355913257241115,2.1161369868357003
1746163317.420205116,3.6355913257241115,2.1161369868357003
1746163317.424297810,3.6355913257241115,2.1161369868357003
1746163317.428589821,3.6568465659645235,2.1168714843963983
1746163317.432239294,3.6568465659645235,2.1168714843963983
1746163317.436818361,3.678213710718678,2.1174806703807603
1746163317.440246344,3.678213710718678,2.1174806703807603
1746163317.444251537,3.678213710718678,2.1174806703807603
1746163317.448359251,3.699687487484285,2.1179356217318985
1746163317.452277422,3.699687487484285,2.1179356217318985
1746163317.456969500,3.721261539298791,2.118259211525966
1746163317.460230589,3.721261539298791,2.118259211525966
1746163317.464234352,3.721261539298791,2.118259211525966
1746163317.468244076,3.742930749643674,2.118398277566679
1746163317.472263098,3.742930749643674,2.118398277566679
1746163317.476871967,3.7646890227847547,2.1183087587144454
1746163317.480248451,3.7646890227847547,2.1183087587144454
1746163317.484251261,3.7646890227847547,2.1183087587144454
1746163317.488255262,3.786530169767775,2.1180214666193016
1746163317.492239952,3.786530169767775,2.1180214666193016
1746163317.496848822,3.808447859517906,2.117512887900471
1746163317.500268221,3.808447859517906,2.117512887900471
1746163317.504278898,3.808447859517906,2.117512887900471
1746163317.508278131,3.8304369437351924,2.1168100532560663
1746163317.512289047,3.8304369437351924,2.1168100532560663
1746163317.516842604,3.852518873298381,2.1158861756634564
1746163317.520220518,3.852518873298381,2.1158861756634564
1746163317.524284840,3.852518873298381,2.1158861756634564
1746163317.528266191,3.874715840287453,2.1147653963123623
1746163317.532236338,3.874715840287453,2.1147653963123623
1746163317.536889791,3.8970187039033117,2.1134210597667975
1746163317.540239334,3.8970187039033117,2.1134210597667975
1746163317.544277191,3.8970187039033117,2.1134210597667975
1746163317.548229218,3.9194214013100965,2.111877263280215
1746163317.552247524,3.9194214013100965,2.111877263280215
1746163317.556902885,3.941914786569405,2.1101067250258607
1746163317.560232162,3.941914786569405,2.1101067250258607
1746163317.564264297,3.941914786569405,2.1101067250258607
1746163317.568233252,3.9644937119339123,2.1081332987057855
1746163317.572289467,3.9644937119339123,2.1081332987057855
1746163317.576840401,3.987148957072104,2.105929418969058
1746163317.580235004,3.987148957072104,2.105929418969058
1746163317.584290028,3.987148957072104,2.105929418969058
1746163317.588280678,4.009876239635149,2.10351892566535
1746163317.592283487,4.009876239635149,2.10351892566535
1746163317.596781731,4.032666213351058,2.100874184348815
1746163317.600228310,4.032666213351058,2.100874184348815
1746163317.604280949,4.032666213351058,2.100874184348815
1746163317.608229160,4.05554350620067,2.0980157781208026
1746163317.612234116,4.05554350620067,2.0980157781208026
1746163317.616898060,4.07852541252576,2.0949133392427304
1746163317.620231867,4.07852541252576,2.0949133392427304
1746163317.624468565,4.07852541252576,2.0949133392427304
1746163317.631205797,4.101606572857559,2.0915903778879565
1746163317.635256052,4.101606572857559,2.0915903778879565
1746163317.642920971,4.124774848883764,2.088019958049321
1746163317.648251534,4.148025865805904,2.0842255757186536
1746163317.652354240,4.148025865805904,2.0842255757186536
1746163317.657145262,4.1713474510621,2.0801801781466325
1746163317.668239594,4.194736163847,2.07590731264688
1746163317.672236204,4.194736163847,2.07590731264688
1746163317.676819563,4.218179744956267,2.0713799295679576
1746163317.680263042,4.218179744956267,2.0713799295679576
1746163317.684211969,4.218179744956267,2.0713799295679576
1746163317.688268423,4.24168059577731,2.066645927491262
1746163317.692220688,4.24168059577731,2.066645927491262
1746163317.696854591,4.26527443515531,2.0617626995827907
1746163317.700202942,4.26527443515531,2.0617626995827907
1746163317.704232454,4.26527443515531,2.0617626995827907
1746163317.708245516,4.288995611066718,2.0567818463216776
1746163317.712228298,4.288995611066718,2.0567818463216776
1746163317.716711998,4.3128486377721345,2.051758879303099
1746163317.720182180,4.3128486377721345,2.051758879303099
1746163317.724268198,4.3128486377721345,2.051758879303099
1746163317.728255987,4.336833101849027,2.0467236719390254
1746163317.732266665,4.336833101849027,2.0467236719390254
1746163317.736690044,4.3609346994871725,2.041638514110328
1746163317.740231752,4.3609346994871725,2.041638514110328
1746163317.744290590,4.3609346994871725,2.041638514110328
1746163317.748254538,4.3851509511379785,2.0365205006547344
1746163317.752213717,4.3851509511379785,2.0365205006547344
1746163317.756776571,4.40946975349316,2.0313398791504067
1746163317.760267973,4.40946975349316,2.0313398791504067
1746163317.764285088,4.40946975349316,2.0313398791504067
1746163317.768261909,4.433890328442553,2.026119044782489
1746163317.772274733,4.433890328442553,2.026119044782489
1746163317.776726961,4.458430336615157,2.0208252924374213
1746163317.780264616,4.458430336615157,2.0208252924374213
1746163317.784215927,4.458430336615157,2.0208252924374213
1746163317.788213253,4.4831223130024815,2.0155005322373016
1746163317.792258978,4.4831223130024815,2.0155005322373016
1746163317.796682119,4.5079678120063065,2.010187134056446
1746163317.800249100,4.5079678120063065,2.010187134056446
1746163317.804505348,4.5079678120063065,2.010187134056446
1746163317.810785055,4.532953466551337,2.0048563658495646
1746163317.813838243,4.532953466551337,2.0048563658495646
1746163317.819379568,4.558077295435271,1.9995311318973266
1746163317.823123932,4.558077295435271,1.9995311318973266
1746163317.825925589,4.558077295435271,1.9995311318973266
1746163317.829726219,4.583327384282578,1.9941860621904601
1746163317.832189560,4.583327384282578,1.9941860621904601
1746163317.837248564,4.608702857610266,1.988846422516121
1746163317.840194941,4.608702857610266,1.988846422516121
1746163317.844278812,4.608702857610266,1.988846422516121
1746163317.848284245,4.6341927010730615,1.9834880330300368
1746163317.852265596,4.6341927010730615,1.9834880330300368
1746163317.856826305,4.659825296384809,1.9781309181963462
1746163317.860223532,4.659825296384809,1.9781309181963462
1746163317.864302635,4.659825296384809,1.9781309181963462
1746163317.868211985,4.6856175653229695,1.9727459163677386
1746163317.872287989,4.6856175653229695,1.9727459163677386
1746163317.876728535,4.711567146094362,1.9673594970585089
1746163317.880225658,4.711567146094362,1.9673594970585089
1746163317.884219885,4.711567146094362,1.9673594970585089
1746163317.888247013,4.737656845539611,1.9619250655831608
1746163317.892229319,4.737656845539611,1.9619250655831608
1746163317.896880150,4.76387097931622,1.9564019519167637
1746163317.900199890,4.76387097931622,1.9564019519167637
1746163317.904263496,4.76387097931622,1.9564019519167637
1746163317.908255816,4.79020915445376,1.9508209973034996
1746163317.912214518,4.79020915445376,1.9508209973034996
1746163317.916680336,4.81666036849959,1.9451612074090205
1746163317.920255899,4.81666036849959,1.9451612074090205
1746163317.924228191,4.81666036849959,1.9451612074090205
1746163317.928169012,4.843251874559645,1.9394441060214331
1746163317.932295561,4.843251874559645,1.9394441060214331
1746163317.936630487,4.869999105124175,1.9336411173687782
1746163317.940254450,4.869999105124175,1.9336411173687782
1746163317.944256306,4.869999105124175,1.9336411173687782
1746163317.948253155,4.896899315474631,1.9277780764054377
1746163317.952279329,4.896899315474631,1.9277780764054377
1746163317.956668139,4.923939441128154,1.9218315561609918
1746163317.960328579,4.923939441128154,1.9218315561609918
1746163317.964271307,4.923939441128154,1.9218315561609918
1746163317.968214035,4.951117489592691,1.9158269922906594
1746163317.972260714,4.951117489592691,1.9158269922906594
1746163317.976634502,4.9784209368889245,1.909740433803041
1746163317.980256081,4.9784209368889245,1.909740433803041
1746163317.984266520,4.9784209368889245,1.909740433803041
1746163317.988285065,5.00585388730488,1.9036211511415013
1746163317.992226362,5.00585388730488,1.9036211511415013
1746163317.996707439,5.033446443519337,1.8975059992218333
1746163318.000273705,5.033446443519337,1.8975059992218333
1746163318.004497051,5.033446443519337,1.8975059992218333
1746163318.010556221,5.061211965764562,1.89136125260417
1746163318.014241457,5.061211965764562,1.89136125260417
1746163318.022805214,5.089147209002059,1.8852109062159188
1746163318.029417276,5.117233594373413,1.8790076150717951
1746163318.032607555,5.117233594373413,1.8790076150717951
1746163318.037371635,5.145448817431353,1.8726861535890653
1746163318.040282249,5.145448817431353,1.8726861535890653
1746163318.044331312,5.145448817431353,1.8726861535890653
1746163318.048274040,5.173776658286695,1.8662088626405477
1746163318.052265644,5.173776658286695,1.8662088626405477
1746163318.056931496,5.202216864579452,1.8596073628213063
1746163318.060273409,5.202216864579452,1.8596073628213063
1746163318.064230204,5.202216864579452,1.8596073628213063
1746163318.068275452,5.230782868736175,1.852855213288351
1746163318.072232723,5.230782868736175,1.852855213288351
1746163318.076721907,5.25950378238608,1.8459963127653263
1746163318.080262423,5.25950378238608,1.8459963127653263
1746163318.084282160,5.25950378238608,1.8459963127653263
1746163318.088268518,5.288381265048792,1.8390739617443965
1746163318.092270374,5.288381265048792,1.8390739617443965
1746163318.096781254,5.3174004623644935,1.832060529999059
1746163318.100201607,5.3174004623644935,1.832060529999059
1746163318.104228973,5.3174004623644935,1.832060529999059
1746163318.108224630,5.3465590011674395,1.8249787007090297
1746163318.112312078,5.3465590011674395,1.8249787007090297
1746163318.116991997,5.375843268600963,1.8178032964512174
1746163318.120211601,5.375843268600963,1.8178032964512174
1746163318.124231577,5.375843268600963,1.8178032964512174
1746163318.128265619,5.4052521242575695,1.8105588559978736
1746163318.132264137,5.4052521242575695,1.8105588559978736
1746163318.136782885,5.434797639393329,1.8032151070456615
1746163318.140233517,5.434797639393329,1.8032151070456615
1746163318.144304276,5.434797639393329,1.8032151070456615
1746163318.148273706,5.464509019636339,1.7958146020398271
1746163318.152262688,5.464509019636339,1.7958146020398271
1746163318.156767607,5.494388744934422,1.7884017445793057
1746163318.160304785,5.494388744934422,1.7884017445793057
1746163318.164474964,5.494388744934422,1.7884017445793057
1746163318.170558214,5.524422297283014,1.780950919024389
1746163318.173747778,5.524422297283014,1.780950919024389
1746163318.179416656,5.554608111861778,1.7734871474886271
1746163318.183144808,5.554608111861778,1.7734871474886271
1746163318.186192274,5.554608111861778,1.7734871474886271
1746163318.189997196,5.584933193982755,1.7659878086995453
1746163318.192271709,5.584933193982755,1.7659878086995453
1746163318.197121859,5.615420431996716,1.75847401202545
1746163318.200261593,5.615420431996716,1.75847401202545
1746163318.204248190,5.615420431996716,1.75847401202545
1746163318.208239555,5.646080020367371,1.7509188583446427
1746163318.212305069,5.646080020367371,1.7509188583446427
1746163318.217112780,5.676910117326833,1.7433501471749326
1746163318.220209360,5.676910117326833,1.7433501471749326
1746163318.224231243,5.676910117326833,1.7433501471749326
1746163318.228217602,5.7078973573741445,1.7357471556699868
1746163318.232222080,5.7078973573741445,1.7357471556699868
1746163318.236666918,5.7390406684948925,1.7281376617078237
1746163318.240286350,5.7390406684948925,1.7281376617078237
1746163318.244268417,5.7390406684948925,1.7281376617078237
1746163318.248265982,5.770327351555183,1.7205004365121452
1746163318.252234697,5.770327351555183,1.7205004365121452
1746163318.256734848,5.801776883665461,1.7128580869255097
1746163318.260402679,5.801776883665461,1.7128580869255097
1746163318.264472485,5.801776883665461,1.7128580869255097
1746163318.270425797,5.83339048236977,1.705160949716409
1746163318.273332357,5.83339048236977,1.705160949716409
1746163318.279052019,5.865149804553646,1.6973685549583257
1746163318.282692432,5.865149804553646,1.6973685549583257
1746163318.288517952,5.8970539650463305,1.6895103239177935
1746163318.292240381,5.8970539650463305,1.6895103239177935
1746163318.297227144,5.929089938007281,1.6815646990047606
1746163318.300230503,5.929089938007281,1.6815646990047606
1746163318.304248095,5.929089938007281,1.6815646990047606
1746163318.308256865,5.961256785852195,1.6735575453001856
1746163318.312305689,5.961256785852195,1.6735575453001856
1746163318.316756487,5.993523223678442,1.6654690976534567
1746163318.325103521,5.993523223678442,1.6654690976534567
1746163318.342875481,6.025871413700158,1.6573284307805167
1746163318.344173431,6.025871413700158,1.6573284307805167
1746163318.348256350,6.058290256789218,1.649109635724618
1746163318.352214813,6.058290256789218,1.649109635724618
1746163318.356675863,6.090781513404148,1.6408368935187576
1746163318.360253572,6.090781513404148,1.6408368935187576
1746163318.364468098,6.090781513404148,1.6408368935187576
1746163318.369994164,6.123334341368385,1.6324840137527883
1746163318.373247862,6.123334341368385,1.6324840137527883
1746163318.378525972,6.155950977500799,1.6240752436035197
1746163318.382077217,6.155950977500799,1.6240752436035197
1746163318.385469675,6.155950977500799,1.6240752436035197
1746163318.390353203,6.188601822856274,1.615589246555452
1746163318.392758369,6.188601822856274,1.615589246555452
1746163318.397347212,6.221271565319015,1.607055494356839
1746163318.400284767,6.221271565319015,1.607055494356839
1746163318.404266596,6.221271565319015,1.607055494356839
1746163318.408271313,6.2539515932056355,1.598447109520353
1746163318.412297249,6.2539515932056355,1.598447109520353
1746163318.416741133,6.286653478474939,1.5898136995029162
1746163318.420187950,6.286653478474939,1.5898136995029162
1746163318.424258471,6.286653478474939,1.5898136995029162
1746163318.428218126,6.3193875001810005,1.5811994027449334
1746163318.432273149,6.3193875001810005,1.5811994027449334
1746163318.436734438,6.352144538895707,1.5725745015362043
1746163318.440263510,6.352144538895707,1.5725745015362043
1746163318.444223642,6.352144538895707,1.5725745015362043
1746163318.448267937,6.384873950500401,1.5639791591922965
1746163318.452220678,6.384873950500401,1.5639791591922965
1746163318.456898689,6.417520694095576,1.5553997134628175
1746163318.460223675,6.417520694095576,1.5553997134628175
1746163318.464334726,6.417520694095576,1.5553997134628175
1746163318.468235970,6.4501074976725,1.5468598271165077
1746163318.472249985,6.4501074976725,1.5468598271165077
1746163318.476739645,6.4826335117458,1.5383053272860763
1746163318.480401754,6.4826335117458,1.5383053272860763
1746163318.484222174,6.4826335117458,1.5383053272860763
1746163318.488219500,6.51509730728225,1.529689948852703
1746163318.492260695,6.51509730728225,1.529689948852703
1746163318.496717691,6.54751564151868,1.5210441797974503
1746163318.500288248,6.54751564151868,1.5210441797974503
1746163318.504243135,6.54751564151868,1.5210441797974503
1746163318.508269310,6.5797971033757365,1.5123662141179157
1746163318.512230873,6.5797971033757365,1.5123662141179157
1746163318.516744375,6.611880707122221,1.503703290364125
1746163318.520187140,6.611880707122221,1.503703290364125
1746163318.524474859,6.611880707122221,1.503703290364125
1746163318.531616688,6.643787546136351,1.4949919281337356
1746163318.539494991,6.675533575023543,1.4861781262801865
1746163318.544953823,6.675533575023543,1.4861781262801865
1746163318.551327705,6.707150532989768,1.4772871159706205
1746163318.554053545,6.707150532989768,1.4772871159706205
1746163318.559693098,6.738649474358889,1.4682871962045907
1746163318.561795712,6.738649474358889,1.4682871962045907
1746163318.565976143,6.738649474358889,1.4682871962045907
1746163318.569248199,6.7699577724112014,1.4592265666673305
1746163318.572273254,6.7699577724112014,1.4592265666673305
1746163318.576795816,6.8010018551114175,1.450093435678047
1746163318.580259323,6.8010018551114175,1.450093435678047
1746163318.584290266,6.8010018551114175,1.450093435678047
1746163318.588261843,6.831831416816473,1.4409013613014663
1746163318.592285156,6.831831416816473,1.4409013613014663
1746163318.596740484,6.862471178181024,1.431609457043662
1746163318.600230932,6.862471178181024,1.431609457043662
1746163318.604227066,6.862471178181024,1.431609457043662
1746163318.608218431,6.892955874214658,1.4222340356589194
1746163318.612293482,6.892955874214658,1.4222340356589194
1746163318.616717577,6.923298327508654,1.4127387624202692
1746163318.620219946,6.923298327508654,1.4127387624202692
1746163318.624348402,6.923298327508654,1.4127387624202692
1746163318.628243685,6.953426625729437,1.4031745065651073
1746163318.632259607,6.953426625729437,1.4031745065651073
1746163318.636723042,6.983266671565734,1.3935327096330479
1746163318.640242338,6.983266671565734,1.3935327096330479
1746163318.644221306,6.983266671565734,1.3935327096330479
1746163318.648266554,7.01287195550888,1.3838260211833957
1746163318.652251959,7.01287195550888,1.3838260211833957
1746163318.657038212,7.042269071572111,1.3740138741423038
1746163318.660303593,7.042269071572111,1.3740138741423038
1746163318.664558649,7.042269071572111,1.3740138741423038
1746163318.671905994,7.071495928167165,1.3641133760378532
1746163318.679587841,7.100566646675516,1.3540896128024205
1746163318.684160471,7.100566646675516,1.3540896128024205
1746163318.690219402,7.129509197148316,1.3439631098359777
1746163318.692716599,7.129509197148316,1.3439631098359777
1746163318.697597742,7.15822921470684,1.333738497191308
1746163318.700257301,7.15822921470684,1.333738497191308
1746163318.704292059,7.15822921470684,1.333738497191308
1746163318.708239555,7.186667783919344,1.3234694514475651
1746163318.712400913,7.186667783919344,1.3234694514475651
1746163318.716731548,7.21485912970349,1.313113051450404
1746163318.720276833,7.21485912970349,1.313113051450404
1746163318.724355459,7.21485912970349,1.313113051450404
1746163318.728243589,7.242853878757355,1.3026974986138413
1746163318.732255697,7.242853878757355,1.3026974986138413
1746163318.736859083,7.270689056500731,1.2922341542937572
1746163318.740264416,7.270689056500731,1.2922341542937572
1746163318.744212389,7.270689056500731,1.2922341542937572
1746163318.748215675,7.298400570101284,1.2817475091133539
1746163318.752277374,7.298400570101284,1.2817475091133539
1746163318.756670713,7.325890303555616,1.2712432121410617
1746163318.760261536,7.325890303555616,1.2712432121410617
1746163318.764472246,7.325890303555616,1.2712432121410617
1746163318.770530224,7.353098127822267,1.2607767570231827
1746163318.773598909,7.353098127822267,1.2607767570231827
1746163318.779055357,7.38006233274799,1.2503017034912027
1746163318.782068014,7.38006233274799,1.2503017034912027
1746163318.785590410,7.38006233274799,1.2503017034912027
1746163318.790533543,7.406833797906932,1.2398319358679366
1746163318.793109417,7.406833797906932,1.2398319358679366
1746163318.797010899,7.43343487630175,1.2293304363100763
1746163318.800253630,7.43343487630175,1.2293304363100763
1746163318.804243803,7.43343487630175,1.2293304363100763
1746163318.808247089,7.459903002642409,1.2188164710020284
1746163318.812232018,7.459903002642409,1.2188164710020284
1746163318.816770554,7.486239780721479,1.2082336014611033
1746163318.820257902,7.486239780721479,1.2082336014611033
1746163318.824479818,7.486239780721479,1.2082336014611033
1746163318.830421448,7.512335763605246,1.197578026331395
1746163318.833381653,7.512335763605246,1.197578026331395
1746163318.837944508,7.538130428509321,1.1869165033904177
1746163318.840189457,7.538130428509321,1.1869165033904177
1746163318.844212055,7.538130428509321,1.1869165033904177
1746163318.848219156,7.563663216242485,1.1762084523047356
1746163318.852305412,7.563663216242485,1.1762084523047356
1746163318.856927156,7.588985941234823,1.1654688534605895
1746163318.860226154,7.588985941234823,1.1654688534605895
1746163318.864261866,7.588985941234823,1.1654688534605895
1746163318.868269682,7.6141195365887375,1.1546602081800492
1746163318.872281551,7.6141195365887375,1.1546602081800492
1746163318.876778364,7.639101169825223,1.143799675213206
1746163318.880229950,7.639101169825223,1.143799675213206
1746163318.884381294,7.639101169825223,1.143799675213206
1746163318.888262987,7.663940352614331,1.1328537986867224
1746163318.892261267,7.663940352614331,1.1328537986867224
1746163318.897188902,7.688544369048859,1.1218969347126044
1746163318.900275946,7.688544369048859,1.1218969347126044
1746163318.904219866,7.688544369048859,1.1218969347126044
1746163318.908226728,7.7128168260266285,1.1109414619246705
1746163318.912352085,7.7128168260266285,1.1109414619246705
1746163318.916780233,7.736834401384686,1.1000181589559317
1746163318.920201302,7.736834401384686,1.1000181589559317
1746163318.924231291,7.736834401384686,1.1000181589559317
1746163318.928261995,7.76065856979326,1.0891497841618478
1746163318.932227612,7.76065856979326,1.0891497841618478
1746163318.936734438,7.7843084023976,1.0782872965586998
1746163318.940233231,7.7843084023976,1.0782872965586998
1746163318.944295168,7.7843084023976,1.0782872965586998
1746163318.948268890,7.807822373549036,1.0674413977856856
1746163318.952258587,7.807822373549036,1.0674413977856856
1746163318.956772327,7.831210759950603,1.0565754864474777
1746163318.960226059,7.831210759950603,1.0565754864474777
1746163318.964466572,7.831210759950603,1.0565754864474777
1746163318.971723795,7.854503894218121,1.0457075116011234
1746163318.975439787,7.854503894218121,1.0457075116011234
1746163318.980328083,7.877587225023232,1.0348620955227625
1746163318.984293222,7.877587225023232,1.0348620955227625
1746163318.988346577,7.900390556143238,1.0241073795594733
1746163318.992301941,7.900390556143238,1.0241073795594733
1746163318.996814489,7.922939872166727,1.0133688089785957
1746163319.000233650,7.922939872166727,1.0133688089785957
1746163319.016671181,7.9673113627841845,0.991624699517075
1746163319.020203829,7.9673113627841845,0.991624699517075
1746163319.024221659,7.9673113627841845,0.991624699517075
1746163319.028216839,7.989138313753148,0.9804887892484767
1746163319.032217264,7.989138313753148,0.9804887892484767
1746163319.036651850,8.010732255033739,0.9691241765425931
1746163319.040289640,8.010732255033739,0.9691241765425931
1746163319.044554472,8.010732255033739,0.9691241765425931
1746163319.050826788,8.032024629258927,0.9576189765758835
1746163319.054328203,8.032024629258927,0.9576189765758835
1746163319.060121298,8.05292064355309,0.9459727215399949
1746163319.064234734,8.05292064355309,0.9459727215399949
1746163319.068244934,8.073446329332157,0.9341322648522599
1746163319.072319984,8.073446329332157,0.9341322648522599
1746163319.077103853,8.09365780352402,0.9221179733842176
1746163319.080234289,8.09365780352402,0.9221179733842176
1746163319.084402323,8.09365780352402,0.9221179733842176
1746163319.088845730,8.113571483329212,0.9098977568992149
1746163319.092338324,8.113571483329212,0.9098977568992149
1746163319.097073317,8.133226407642525,0.8974893037741881
1746163319.100196600,8.133226407642525,0.8974893037741881
1746163319.104290724,8.133226407642525,0.8974893037741881
1746163319.108277798,8.152626142387883,0.8848631372161294
1746163319.112264633,8.152626142387883,0.8848631372161294
1746163319.116728067,8.171800650518584,0.8720387434975047
1746163319.120210171,8.171800650518584,0.8720387434975047
1746163319.124470711,8.171800650518584,0.8720387434975047
1746163319.130188227,8.190745900430967,0.8589902477235859
1746163319.133331776,8.190745900430967,0.8589902477235859
1746163319.138179541,8.209443652189812,0.8457696912202375
1746163319.140672922,8.209443652189812,0.8457696912202375
1746163319.144346476,8.209443652189812,0.8457696912202375
1746163319.148345709,8.227849864768158,0.8323784561679914
1746163319.152253866,8.227849864768158,0.8323784561679914
1746163319.156798363,8.246001618164641,0.8188295117632716
1746163319.160212040,8.246001618164641,0.8188295117632716
1746163319.164371252,8.246001618164641,0.8188295117632716
1746163319.168483496,8.263898113985292,0.8050926655767485
1746163319.172389030,8.263898113985292,0.8050926655767485
1746163319.177199841,8.281569236160646,0.7911847730675707
1746163319.180254698,8.281569236160646,0.7911847730675707
1746163319.184278250,8.281569236160646,0.7911847730675707
1746163319.188299417,8.29900797371796,0.7770803784193615
1746163319.192276239,8.29900797371796,0.7770803784193615
1746163319.196682215,8.316239789628105,0.7627987923446585
1746163319.200360060,8.316239789628105,0.7627987923446585
1746163319.204272985,8.316239789628105,0.7627987923446585
1746163319.208271027,8.333253422546125,0.7483176936413529
1746163319.212267637,8.333253422546125,0.7483176936413529
1746163319.216677427,8.35006115105735,0.7336667909035007
1746163319.220257282,8.35006115105735,0.7336667909035007
1746163319.224266768,8.35006115105735,0.7336667909035007
1746163319.228225470,8.366640166026201,0.7188330578034039
1746163319.232444286,8.366640166026201,0.7188330578034039
1746163319.236728430,8.383015177580333,0.7038347915081544
1746163319.240224361,8.383015177580333,0.7038347915081544
1746163319.244227171,8.383015177580333,0.7038347915081544
1746163319.248250723,8.399172471671433,0.6886504616049431
1746163319.252261639,8.399172471671433,0.6886504616049431
1746163319.256897211,8.415134429624782,0.673299509870954
1746163319.260234356,8.415134429624782,0.673299509870954
1746163319.264302254,8.415134429624782,0.673299509870954
1746163319.268264294,8.43088478165521,0.6577623746973734
1746163319.272222281,8.43088478165521,0.6577623746973734
1746163319.276679993,8.446444519514827,0.6420590500382479
1746163319.280263662,8.446444519514827,0.6420590500382479
1746163319.284472704,8.446444519514827,0.6420590500382479
1746163319.291735411,8.46179552157907,0.6261713737561642
1746163319.295458794,8.46179552157907,0.6261713737561642
1746163319.300641775,8.476957981565352,0.6101194911499032
1746163319.304265976,8.476957981565352,0.6101194911499032
1746163319.308239460,8.491888746923808,0.5939116139809039
1746163319.312286854,8.491888746923808,0.5939116139809039
1746163319.316852570,8.506589107761195,0.5775889083586774
1746163319.320254564,8.506589107761195,0.5775889083586774
1746163319.324231625,8.506589107761195,0.5775889083586774
1746163319.328280926,8.521046275298607,0.5611260688702795
1746163319.332223177,8.521046275298607,0.5611260688702795
1746163319.336873293,8.535287114801472,0.5445364202350692
1746163319.340258360,8.535287114801472,0.5445364202350692
1746163319.344254494,8.535287114801472,0.5445364202350692
1746163319.348259926,8.54929545876806,0.5277986179794536
1746163319.352197886,8.54929545876806,0.5277986179794536
1746163319.356718779,8.563095962302677,0.510928056502688
1746163319.360286951,8.563095962302677,0.510928056502688
1746163319.364269257,8.563095962302677,0.510928056502688
1746163319.368263721,8.576670197713378,0.4939061941596692
1746163319.372266054,8.576670197713378,0.4939061941596692
1746163319.376737356,8.590041504574453,0.47674957694238007
1746163319.380253553,8.590041504574453,0.47674957694238007
1746163319.384253979,8.590041504574453,0.47674957694238007
1746163319.388209581,8.60318981834975,0.45944161996680377
1746163319.392294645,8.60318981834975,0.45944161996680377
1746163319.396839380,8.616115046420859,0.4420300550981153
1746163319.400216341,8.616115046420859,0.4420300550981153
1746163319.404275417,8.616115046420859,0.4420300550981153
1746163319.408213615,8.628777242655426,0.42452432540504675
1746163319.412283659,8.628777242655426,0.42452432540504675
1746163319.416650057,8.641228565703598,0.40694675957113147
1746163319.420205355,8.641228565703598,0.40694675957113147
1746163319.424313307,8.641228565703598,0.40694675957113147
1746163319.428480625,8.65353172073459,0.3893286881478463
1746163319.433079243,8.65353172073459,0.3893286881478463
1746163319.440141916,8.665720024295517,0.371682275684441
1746163319.464310884,8.689683558524282,0.3362238543966054
1746163319.468233109,8.701454111230582,0.3183970497753482
1746163319.472262859,8.701454111230582,0.3183970497753482
1746163319.476905823,8.713098169993089,0.3005090308628567
1746163319.480237007,8.713098169993089,0.3005090308628567
1746163319.484274149,8.713098169993089,0.3005090308628567
1746163319.488256454,8.724571278573407,0.2825759283097668
1746163319.492225409,8.724571278573407,0.2825759283097668
1746163319.496707201,8.735879710634656,0.26463833603681153
1746163319.500255823,8.735879710634656,0.26463833603681153
1746163319.504259825,8.735879710634656,0.26463833603681153
1746163319.508221626,8.74698551982855,0.2466550299225187
1746163319.512218237,8.74698551982855,0.2466550299225187
1746163319.516708851,8.757836929298657,0.2285817563191669
1746163319.520254374,8.757836929298657,0.2285817563191669
1746163319.524295092,8.757836929298657,0.2285817563191669
1746163319.528254271,8.768387881056979,0.2103833786981163
1746163319.532215834,8.768387881056979,0.2103833786981163
1746163319.536700249,8.778595122105587,0.1920316703768519
1746163319.540251732,8.778595122105587,0.1920316703768519
1746163319.544219732,8.778595122105587,0.1920316703768519
1746163319.548225880,8.788439317302975,0.17351596557706592
1746163319.552306175,8.788439317302975,0.17351596557706592
1746163319.556680918,8.797963396772502,0.15486030033995968
1746163319.560215473,8.797963396772502,0.15486030033995968
1746163319.564514399,8.797963396772502,0.15486030033995968
1746163319.571151257,8.807132165938132,0.13604903741738947
1746163319.574276209,8.807132165938132,0.13604903741738947
1746163319.579624176,8.815897540077973,0.11710759124735515
1746163319.583436489,8.815897540077973,0.11710759124735515
1746163319.590073824,8.824283862807086,0.0980879746860345
1746163319.593561172,8.824283862807086,0.0980879746860345
1746163319.597381592,8.832280440943565,0.07897569370994978
1746163319.600291252,8.832280440943565,0.07897569370994978
1746163319.604243279,8.832280440943565,0.07897569370994978
1746163319.608240128,8.839923360581176,0.05977912757292467
1746163319.612301588,8.839923360581176,0.05977912757292467
1746163319.616886854,8.847194529009892,0.040486837171611806
1746163319.620212317,8.847194529009892,0.040486837171611806
1746163319.624221563,8.847194529009892,0.040486837171611806
1746163319.628410578,8.854125342484469,0.02110841796241202
1746163319.632346630,8.854125342484469,0.02110841796241202
1746163319.637293816,8.86069424128287,0.0016355276483806802
1746163319.640279531,8.86069424128287,0.0016355276483806802
1746163319.644276142,8.86069424128287,0.0016355276483806802
1746163319.648277283,8.866930366205331,-0.017921360358618615
1746163319.652293682,8.866930366205331,-0.017921360358618615
1746163319.656952620,8.872810167589579,-0.03756808716909394
1746163319.660259724,8.872810167589579,-0.03756808716909394
1746163319.664426565,8.872810167589579,-0.03756808716909394
1746163319.668299675,8.87835024117863,-0.05725339819289291
1746163319.672261477,8.87835024117863,-0.05725339819289291
1746163319.676965475,8.883516395161248,-0.07694845410864946
1746163319.680274725,8.883516395161248,-0.07694845410864946
1746163319.684296608,8.883516395161248,-0.07694845410864946
1746163319.688240528,8.888341207542437,-0.09665597082742791
1746163319.692248583,8.888341207542437,-0.09665597082742791
1746163319.696822405,8.892802123503436,-0.11638940881491573
1746163319.700263977,8.892802123503436,-0.11638940881491573
1746163319.704241037,8.892802123503436,-0.11638940881491573
1746163319.708256245,8.896929919290262,-0.13614710033601235
1746163319.712276220,8.896929919290262,-0.13614710033601235
1746163319.716741323,8.900700880325317,-0.1559371672484511
1746163319.720211506,8.900700880325317,-0.1559371672484511
1746163319.724241495,8.900700880325317,-0.1559371672484511
1746163319.728257656,8.904144760899046,-0.17575542392156798
1746163319.732256651,8.904144760899046,-0.17575542392156798
1746163319.736665964,8.907236999564297,-0.1956062701844279
1746163319.740234137,8.907236999564297,-0.1956062701844279
1746163319.744308472,8.907236999564297,-0.1956062701844279
1746163319.748470068,8.910006607361442,-0.21548425043405584
1746163319.752612352,8.910006607361442,-0.21548425043405584
1746163319.758284330,8.912428334186439,-0.23539108262270045
1746163319.761484385,8.912428334186439,-0.23539108262270045
1746163319.764389038,8.912428334186439,-0.23539108262270045
1746163319.768382549,8.914526021663262,-0.2552764072700427
1746163319.772334099,8.914526021663262,-0.2552764072700427
1746163319.777505398,8.916269951577911,-0.2751039421471328
1746163319.780304193,8.916269951577911,-0.2751039421471328
1746163319.784286022,8.916269951577911,-0.2751039421471328
1746163319.788259745,8.917691444177633,-0.29488285194311176
1746163319.792267561,8.917691444177633,-0.29488285194311176
1746163319.796745777,8.918765693788785,-0.3146235135961196
1746163319.800268412,8.918765693788785,-0.3146235135961196
1746163319.804239750,8.918765693788785,-0.3146235135961196
1746163319.808264017,8.919523133653389,-0.33433020434504657
1746163319.812285662,8.919523133653389,-0.33433020434504657
1746163319.816793680,8.919938837701245,-0.3540076730277418
1746163319.820192814,8.919938837701245,-0.3540076730277418
1746163319.824262142,8.919938837701245,-0.3540076730277418
1746163319.828230619,8.920042723460169,-0.37365737064213184
1746163319.832293749,8.920042723460169,-0.37365737064213184
1746163319.836768866,8.91980970871696,-0.3932801333735422
1746163319.840263367,8.91980970871696,-0.3932801333735422
1746163319.844234228,8.91980970871696,-0.3932801333735422
1746163319.848227262,8.919269217168576,-0.41287591768744164
1746163319.852276564,8.919269217168576,-0.41287591768744164
1746163319.856762409,8.918395956593594,-0.4324427411797997
1746163319.860220432,8.918395956593594,-0.4324427411797997
1746163319.864245653,8.918395956593594,-0.4324427411797997
1746163319.868239880,8.917221975952494,-0.45193022007282324
1746163319.872246504,8.917221975952494,-0.45193022007282324
1746163319.876845360,8.91572410206896,-0.47129398072765705
1746163319.880228996,8.91572410206896,-0.47129398072765705
1746163319.884273291,8.91572410206896,-0.47129398072765705
1746163319.888261318,8.913957650426392,-0.4905528887994047
1746163319.892261028,8.913957650426392,-0.4905528887994047
1746163319.896937132,8.911989899455381,-0.5097256178685022
1746163319.900230169,8.911989899455381,-0.5097256178685022
1746163319.904294729,8.911989899455381,-0.5097256178685022
1746163319.908228874,8.909851927683803,-0.5288260187676675
1746163319.912228823,8.909851927683803,-0.5288260187676675
1746163319.916763067,8.907475409040964,-0.5478542618818267
1746163319.920227528,8.907475409040964,-0.5478542618818267
1746163319.924250841,8.907475409040964,-0.5478542618818267
1746163319.928219318,8.904785921157698,-0.5668051083698479
1746163319.932252884,8.904785921157698,-0.5668051083698479
1746163319.936940670,8.901723354114997,-0.5856702432515364
1746163319.940264940,8.901723354114997,-0.5856702432515364
1746163319.944290161,8.901723354114997,-0.5856702432515364
1746163319.948479176,8.898236992039608,-0.6044380738342648
1746163319.952562332,8.898236992039608,-0.6044380738342648
1746163319.958334208,8.894307512546924,-0.623099077528242
1746163319.961081982,8.894307512546924,-0.623099077528242
1746163319.965234280,8.894307512546924,-0.623099077528242
1746163319.971815348,8.889998005533586,-0.6416001275367714
1746163319.974252701,8.889998005533586,-0.6416001275367714
1746163319.977366686,8.885309757507322,-0.6598863986982044
1746163319.980301619,8.885309757507322,-0.6598863986982044
1746163319.984256983,8.885309757507322,-0.6598863986982044
1746163319.988214731,8.880279985871423,-0.6779820041385313
1746163319.992262602,8.880279985871423,-0.6779820041385313
1746163319.996761799,8.874888756286891,-0.6958919917380338
1746163320.000280380,8.874888756286891,-0.6958919917380338
1746163320.004276752,8.874888756286891,-0.6958919917380338
1746163320.008532286,8.86916870117549,-0.7136335057840868
1746163320.012999535,8.86916870117549,-0.7136335057840868
1746163320.018924475,8.863098658000215,-0.7312043715573942
1746163320.022202253,8.863098658000215,-0.7312043715573942
1746163320.025861025,8.863098658000215,-0.7312043715573942
1746163320.030802488,8.856709542406245,-0.7486177491217815
1746163320.033331394,8.856709542406245,-0.7486177491217815
1746163320.037371635,8.849980074346997,-0.765866535917001
1746163320.040283203,8.849980074346997,-0.765866535917001
1746163320.044281244,8.849980074346997,-0.765866535917001
1746163320.048269272,8.84294007168776,-0.7829616334153576
1746163320.052255630,8.84294007168776,-0.7829616334153576
1746163320.056918621,8.83556835923106,-0.7998924040166397
1746163320.060223341,8.83556835923106,-0.7998924040166397
1746163320.064280033,8.83556835923106,-0.7998924040166397
1746163320.068224907,8.827920909785034,-0.8166098119803166
1746163320.072214842,8.827920909785034,-0.8166098119803166
1746163320.076727152,8.819998711910904,-0.833052998997403
1746163320.080220938,8.819998711910904,-0.833052998997403
1746163320.084275961,8.819998711910904,-0.833052998997403
1746163320.088527679,8.811823206263481,-0.8492525865381529
1746163320.092791796,8.811823206263481,-0.8492525865381529
1746163320.098463058,8.803366713076109,-0.8652097933168434
1746163320.101915836,8.803366713076109,-0.8652097933168434
1746163320.104704380,8.803366713076109,-0.8652097933168434
1746163320.109082937,8.794653125733824,-0.880948346234715
1746163320.112320185,8.794653125733824,-0.880948346234715
1746163320.117144346,8.78565849991149,-0.8964626882916119
1746163320.120252132,8.78565849991149,-0.8964626882916119
1746163320.124240637,8.78565849991149,-0.8964626882916119
1746163320.128229141,8.776408103936332,-0.9117724518974184
1746163320.132289886,8.776408103936332,-0.9117724518974184
1746163320.136692286,8.76688035163763,-0.9268673488547328
1746163320.140216351,8.76688035163763,-0.9268673488547328
1746163320.144242287,8.76688035163763,-0.9268673488547328
1746163320.148255348,8.75710091161066,-0.9417645301510673
1746163320.152285814,8.75710091161066,-0.9417645301510673
1746163320.156916618,8.747049690456082,-0.9564502593848275
1746163320.160286427,8.747049690456082,-0.9564502593848275
1746163320.164274931,8.747049690456082,-0.9564502593848275
1746163320.168257475,8.736795638890518,-0.9708795559531755
1746163320.172223091,8.736795638890518,-0.9708795559531755
1746163320.176931381,8.726354973947481,-0.984986990738558
1746163320.180260658,8.726354973947481,-0.984986990738558
1746163320.184259415,8.726354973947481,-0.984986990738558
1746163320.188259602,8.715761305180953,-0.9988263549676734
1746163320.192356348,8.715761305180953,-0.9988263549676734
1746163320.196736574,8.705057324058016,-1.0124549709748565
1746163320.200391769,8.705057324058016,-1.0124549709748565
1746163320.204270840,8.705057324058016,-1.0124549709748565
1746163320.208249807,8.694277111003373,-1.0259208574084449
1746163320.212290287,8.694277111003373,-1.0259208574084449
1746163320.216648102,8.68344982183877,-1.039265438948905
1746163320.220218182,8.68344982183877,-1.039265438948905
1746163320.224452257,8.68344982183877,-1.039265438948905
1746163320.228214979,8.672581880882497,-1.052508956521557
1746163320.232228279,8.672581880882497,-1.052508956521557
1746163320.236652851,8.66162720916037,-1.0656253772189057
1746163320.240224838,8.66162720916037,-1.0656253772189057
1746163320.244224310,8.66162720916037,-1.0656253772189057
1746163320.248243332,8.650590519068041,-1.0786276487805038
1746163320.252332211,8.650590519068041,-1.0786276487805038
1746163320.257094622,8.639420740985871,-1.0914786942175854
1746163320.260262728,8.639420740985871,-1.0914786942175854
1746163320.264215231,8.639420740985871,-1.0914786942175854
1746163320.268213987,8.628063446612755,-1.1041338442158166
1746163320.272330284,8.628063446612755,-1.1041338442158166
1746163320.276734114,8.61653266525871,-1.1164897615560416
1746163320.280343771,8.61653266525871,-1.1164897615560416
1746163320.284237146,8.61653266525871,-1.1164897615560416
1746163320.288263321,8.604843453035777,-1.1284606251679812
1746163320.292257786,8.604843453035777,-1.1284606251679812
1746163320.296874523,8.592972799056662,-1.1400565951124857
1746163320.300218821,8.592972799056662,-1.1400565951124857
1746163320.304290056,8.592972799056662,-1.1400565951124857
1746163320.308248043,8.580950545812694,-1.1513339588655271
1746163320.312392473,8.580950545812694,-1.1513339588655271
1746163320.316657543,8.568762424119637,-1.162298095951604
1746163320.320200682,8.568762424119637,-1.162298095951604
1746163320.324242592,8.568762424119637,-1.162298095951604
1746163320.328496695,8.55643026500078,-1.1729893488188854
1746163320.332662821,8.55643026500078,-1.1729893488188854
1746163320.338263750,8.543937997496188,-1.183401377025047
1746163320.341592073,8.543937997496188,-1.183401377025047
1746163320.348435402,8.53130524971275,-1.193566656843027
1746163320.352382421,8.53130524971275,-1.193566656843027
1746163320.357443094,8.518516555994173,-1.2034721188818753
1746163320.360284805,8.518516555994173,-1.2034721188818753
1746163320.364272356,8.518516555994173,-1.2034721188818753
1746163320.368247986,8.505590645301575,-1.213145770816153
1746163320.372295380,8.505590645301575,-1.213145770816153
1746163320.376885653,8.492513134874903,-1.2225702407393297
1746163320.380214930,8.492513134874903,-1.2225702407393297
1746163320.384294510,8.492513134874903,-1.2225702407393297
1746163320.388224363,8.479339170222191,-1.2317452681425782
1746163320.392224789,8.479339170222191,-1.2317452681425782
1746163320.396706581,8.466085470267258,-1.2406298106939704
1746163320.400288105,8.466085470267258,-1.2406298106939704
1746163320.404277563,8.466085470267258,-1.2406298106939704
1746163320.408215284,8.452758169652526,-1.249258322396717
1746163320.412268639,8.452758169652526,-1.249258322396717
1746163320.416853666,8.439335165641726,-1.257616158317831
1746163320.420258045,8.439335165641726,-1.257616158317831
1746163320.424301863,8.439335165641726,-1.257616158317831
1746163320.428221464,8.425826386039759,-1.2657340071403984
1746163320.432247877,8.425826386039759,-1.2657340071403984
1746163320.436722755,8.412214526171063,-1.273593808422054
1746163320.440221071,8.412214526171063,-1.273593808422054
1746163320.444256783,8.412214526171063,-1.273593808422054
1746163320.448255777,8.398511612771946,-1.281223830771556
1746163320.452296495,8.398511612771946,-1.281223830771556
1746163320.456754208,8.384703605077876,-1.2886034877600059
1746163320.460233212,8.384703605077876,-1.2886034877600059
1746163320.464300156,8.384703605077876,-1.2886034877600059
1746163320.468476295,8.3708035256561,-1.2957594414550462
1746163320.472454071,8.3708035256561,-1.2957594414550462
1746163320.478490829,8.356799665459393,-1.3026692220311895
1746163320.481488705,8.356799665459393,-1.3026692220311895
1746163320.484994650,8.356799665459393,-1.3026692220311895
1746163320.491153002,8.342705389068378,-1.3093584863906862
1746163320.494756222,8.342705389068378,-1.3093584863906862
1746163320.499835968,8.328510768358335,-1.3158033816100103
1746163320.502426147,8.328510768358335,-1.3158033816100103
1746163320.504532814,8.328510768358335,-1.3158033816100103
1746163320.508381844,8.314229117781057,-1.322029001968101
1746163320.512296438,8.314229117781057,-1.322029001968101
1746163320.516892910,8.299809748760818,-1.3280285253450705
1746163320.520205736,8.299809748760818,-1.3280285253450705
1746163320.524280071,8.299809748760818,-1.3280285253450705
1746163320.528218031,8.285225407595517,-1.3338425400121248
1746163320.532256126,8.285225407595517,-1.3338425400121248
1746163320.536790133,8.270473404264143,-1.3394431412585905
1746163320.540252686,8.270473404264143,-1.3394431412585905
1746163320.544240236,8.270473404264143,-1.3394431412585905
1746163320.548260212,8.25557779106807,-1.3448733961878163
1746163320.552219629,8.25557779106807,-1.3448733961878163
1746163320.556725979,8.240564347003025,-1.3501873878204589
1746163320.560267210,8.240564347003025,-1.3501873878204589
1746163320.564275026,8.240564347003025,-1.3501873878204589
1746163320.568245649,8.225453396578827,-1.3554292402281334
1746163320.572199345,8.225453396578827,-1.3554292402281334
1746163320.577047110,8.210261759883434,-1.3606362232332094
1746163320.580180883,8.210261759883434,-1.3606362232332094
1746163320.584289312,8.210261759883434,-1.3606362232332094
1746163320.588203192,8.194996129573768,-1.3658177005438368
1746163320.592224836,8.194996129573768,-1.3658177005438368
1746163320.596723318,8.179641535950575,-1.3709191775955545
1746163320.600267649,8.179641535950575,-1.3709191775955545
1746163320.604216576,8.179641535950575,-1.3709191775955545
1746163320.608259916,8.164202762410268,-1.3759441366908054
1746163320.612293959,8.164202762410268,-1.3759441366908054
1746163320.616698742,8.148670226370069,-1.3808515966149455
1746163320.620204687,8.148670226370069,-1.3808515966149455
1746163320.624223471,8.148670226370069,-1.3808515966149455
1746163320.628266811,8.133051885010802,-1.3856547062749804
1746163320.632266045,8.133051885010802,-1.3856547062749804
1746163320.636640072,8.117293167932818,-1.3903086375250922
1746163320.640288591,8.117293167932818,-1.3903086375250922
1746163320.644232273,8.117293167932818,-1.3903086375250922
1746163320.648236036,8.10134699949823,-1.3947815150316785
1746163320.652275562,8.10134699949823,-1.3947815150316785
1746163320.656802416,8.085229866711979,-1.3990992813618286
1746163320.660242319,8.085229866711979,-1.3990992813618286
1746163320.664474249,8.085229866711979,-1.3990992813618286
1746163320.670626163,8.068943739776847,-1.4032366501873084
1746163320.673818350,8.068943739776847,-1.4032366501873084
1746163320.679884911,8.052502761996932,-1.4072164440852317
1746163320.683558702,8.052502761996932,-1.4072164440852317
1746163320.688833237,8.035908203263931,-1.4110107931539226
1746163320.692353487,8.035908203263931,-1.4110107931539226
1746163320.697376966,8.01917271762459,-1.4146413026356675
1746163320.700213671,8.01917271762459,-1.4146413026356675
1746163320.704270840,8.01917271762459,-1.4146413026356675
1746163320.708248138,8.002297463882986,-1.4180789214145348
1746163320.712261677,8.002297463882986,-1.4180789214145348
1746163320.717086315,7.9852940036608056,-1.4213449786463697
1746163320.720199347,7.9852940036608056,-1.4213449786463697
1746163320.724542379,7.9852940036608056,-1.4213449786463697
1746163320.732085466,7.968163676243755,-1.4244099446557308
1746163320.735785723,7.968163676243755,-1.4244099446557308
1746163320.740631342,7.950917134667463,-1.427295321384898
1746163320.744310617,7.950917134667463,-1.427295321384898
1746163320.748337507,7.933556051032307,-1.4299714526482883
1746163320.752265215,7.933556051032307,-1.4299714526482883
1746163320.756908655,7.916049421307726,-1.4324663230227312
1746163320.760233879,7.916049421307726,-1.4324663230227312
1746163320.764400482,7.916049421307726,-1.4324663230227312
1746163320.768361092,7.898360480016633,-1.4347565697950126
1746163320.772378206,7.898360480016633,-1.4347565697950126
1746163320.777155399,7.880501782473577,-1.436862105663925
1746163320.780284882,7.880501782473577,-1.436862105663925
1746163320.784258604,7.880501782473577,-1.436862105663925
1746163320.788263559,7.86247940235695,-1.4387525499622054
1746163320.792302608,7.86247940235695,-1.4387525499622054
1746163320.796778679,7.844304769377677,-1.4404477789228456
1746163320.800276995,7.844304769377677,-1.4404477789228456
1746163320.804238558,7.844304769377677,-1.4404477789228456
1746163320.808238983,7.825984101229777,-1.4419171367589754
1746163320.812258720,7.825984101229777,-1.4419171367589754
1746163320.816843033,7.807527830372868,-1.4431808228780945
1746163320.820230722,7.807527830372868,-1.4431808228780945
1746163320.824263573,7.807527830372868,-1.4431808228780945
1746163320.828195572,7.788942445208809,-1.444208212503146
1746163320.832242250,7.788942445208809,-1.444208212503146
1746163320.836840868,7.770237446121855,-1.445019996470023
1746163320.840271235,7.770237446121855,-1.445019996470023
1746163320.844217777,7.770237446121855,-1.445019996470023
1746163320.848287821,7.7514196742429,-1.4455857483280328
1746163320.852229595,7.7514196742429,-1.4455857483280328
1746163320.856808662,7.732464799119283,-1.445927610426104
1746163320.860275745,7.732464799119283,-1.445927610426104
1746163320.864247084,7.732464799119283,-1.445927610426104
1746163320.868238449,7.713348688162097,-1.446016648194452
1746163320.872222185,7.713348688162097,-1.446016648194452
1746163320.876852274,7.694081845502914,-1.4458971105999971
1746163320.880224943,7.694081845502914,-1.4458971105999971
1746163320.884245396,7.694081845502914,-1.4458971105999971
1746163320.888274908,7.674672798931571,-1.445628048670935
1746163320.892232180,7.674672798931571,-1.445628048670935
1746163320.896941423,7.655128987653888,-1.4452367339577312
1746163320.900231600,7.655128987653888,-1.4452367339577312
1746163320.904557943,7.655128987653888,-1.4452367339577312
1746163320.912334681,7.635458830122522,-1.4446796745293258
1746163320.918237209,7.615669442813208,-1.443968483927817
1746163320.920951128,7.615669442813208,-1.443968483927817
1746163320.924237728,7.615669442813208,-1.443968483927817
1746163320.928288221,7.5957694783184415,-1.4430668200053167
1746163320.932330847,7.5957694783184415,-1.4430668200053167
1746163320.937190771,7.575765374214417,-1.441991612464137
1746163320.940291166,7.575765374214417,-1.441991612464137
1746163320.944478989,7.575765374214417,-1.441991612464137
1746163320.950503588,7.555665959535726,-1.440710158061373
1746163320.953387260,7.555665959535726,-1.440710158061373
1746163320.960222721,7.535476883827852,-1.4392422571923678
1746163320.964245081,7.535476883827852,-1.4392422571923678
1746163320.968319893,7.515180934296148,-1.437555374459912
1746163320.972304821,7.515180934296148,-1.437555374459912
1746163320.977050781,7.494758011410442,-1.4356686169953945
1746163320.980289936,7.494758011410442,-1.4356686169953945
1746163320.984233141,7.494758011410442,-1.4356686169953945
1746163320.988264084,7.474219695945499,-1.433552864545025
1746163320.992273569,7.474219695945499,-1.433552864545025
1746163320.997038841,7.453572381315638,-1.4312297065381079
1746163321.000279665,7.453572381315638,-1.4312297065381079
1746163321.004276991,7.453572381315638,-1.4312297065381079
1746163321.008258104,7.432827672322801,-1.4286704117454412
1746163321.012222052,7.432827672322801,-1.4286704117454412
1746163321.016992807,7.411990967792811,-1.4258970972231324
1746163321.020178318,7.411990967792811,-1.4258970972231324
1746163321.024285793,7.411990967792811,-1.4258970972231324
1746163321.028239965,7.391073958140178,-1.4228813546865786
1746163321.032258749,7.391073958140178,-1.4228813546865786
1746163321.036717415,7.370081081218193,-1.419645748738103
1746163321.040239096,7.370081081218193,-1.419645748738103
1746163321.044261694,7.370081081218193,-1.419645748738103
1746163321.048256874,7.349024164797966,-1.4161621874171533
1746163321.052221775,7.349024164797966,-1.4161621874171533
1746163321.056952953,7.327886559771832,-1.4124502342196512
1746163321.060232878,7.327886559771832,-1.4124502342196512
1746163321.064244747,7.327886559771832,-1.4124502342196512
1746163321.068258524,7.306661023648406,-1.4084791429219976
1746163321.072207212,7.306661023648406,-1.4084791429219976
1746163321.076819420,7.285347391625099,-1.404295678305842
1746163321.080265284,7.285347391625099,-1.404295678305842
1746163321.084256887,7.285347391625099,-1.404295678305842
1746163321.088256598,7.263945728575141,-1.399938250912289
1746163321.092275381,7.263945728575141,-1.399938250912289
1746163321.096752167,7.242470166041152,-1.3953729204724454
1746163321.100223303,7.242470166041152,-1.3953729204724454
1746163321.104254484,7.242470166041152,-1.3953729204724454
1746163321.108258247,7.220923824146437,-1.390618292697653
1746163321.112293720,7.220923824146437,-1.390618292697653
1746163321.116677523,7.199320247609312,-1.3856443964015388
1746163321.120285273,7.199320247609312,-1.3856443964015388
1746163321.124247551,7.199320247609312,-1.3856443964015388
1746163321.128267527,7.1776612835695275,-1.3804725889636404
1746163321.132257223,7.1776612835695275,-1.3804725889636404
1746163321.136685133,7.1559602504400734,-1.3750747700409147
1746163321.140243530,7.1559602504400734,-1.3750747700409147
1746163321.144520044,7.1559602504400734,-1.3750747700409147
1746163321.150610447,7.13420415578294,-1.3694701465511339
1746163321.154155970,7.13420415578294,-1.3694701465511339
1746163321.159711838,7.112393085178397,-1.363628478441616
1746163321.163994789,7.112393085178397,-1.363628478441616
1746163321.168318510,7.090528289014669,-1.357573061823846
1746163321.172322273,7.090528289014669,-1.357573061823846
1746163321.177114964,7.06862428013472,-1.3512777927587238
1746163321.180262804,7.06862428013472,-1.3512777927587238
1746163321.184259415,7.06862428013472,-1.3512777927587238
1746163321.188246250,7.0466813523138745,-1.344766276541603
1746163321.192247868,7.0466813523138745,-1.344766276541603
1746163321.196785450,7.0247140636842325,-1.3380126831958314
1746163321.200255394,7.0247140636842325,-1.3380126831958314
1746163321.204478502,7.0247140636842325,-1.3380126831958314
1746163321.210294247,7.0027218053874805,-1.3310408154765665
1746163321.213474035,7.0027218053874805,-1.3310408154765665
1746163321.218043327,6.980719231916079,-1.3238250914791163
1746163321.220584154,6.980719231916079,-1.3238250914791163
1746163321.224248886,6.980719231916079,-1.3238250914791163
1746163321.228225470,6.95870486769159,-1.3163894655407136
1746163321.232287169,6.95870486769159,-1.3163894655407136
1746163321.236866236,6.936684797362234,-1.3087057006399496
1746163321.240236759,6.936684797362234,-1.3087057006399496
1746163321.244216204,6.936684797362234,-1.3087057006399496
1746163321.248232603,6.914648489453644,-1.3007948876985038
1746163321.252305508,6.914648489453644,-1.3007948876985038
1746163321.256810188,6.892611657920699,-1.2926323548378351
1746163321.260243654,6.892611657920699,-1.2926323548378351
1746163321.264492989,6.892611657920699,-1.2926323548378351
1746163321.271184206,6.870572050184089,-1.2842422289708457
1746163321.274547577,6.870572050184089,-1.2842422289708457
1746163321.279570341,6.8485455232183545,-1.2756000111326884
1746163321.281898499,6.8485455232183545,-1.2756000111326884
1746163321.284212112,6.8485455232183545,-1.2756000111326884
1746163321.288299799,6.826528986084324,-1.2667298342953008
1746163321.292336226,6.826528986084324,-1.2667298342953008
1746163321.296937943,6.804538470549876,-1.2576074026389479
1746163321.300200224,6.804538470549876,-1.2576074026389479
1746163321.304220200,6.804538470549876,-1.2576074026389479
1746163321.308219910,6.7825700720551225,-1.2482568533242335
1746163321.312256813,6.7825700720551225,-1.2482568533242335
1746163321.316678286,6.760630451170851,-1.2386500851929334
1746163321.320224524,6.760630451170851,-1.2386500851929334
1746163321.324217558,6.760630451170851,-1.2386500851929334
1746163321.328200340,6.738705896952113,-1.2288071469121244
1746163321.332219362,6.738705896952113,-1.2288071469121244
1746163321.336709976,6.716813676301458,-1.218704763225555
1746163321.340217113,6.716813676301458,-1.218704763225555
1746163321.344298124,6.716813676301458,-1.218704763225555
1746163321.348247051,6.6949493042661565,-1.2083670941721893
1746163321.352283478,6.6949493042661565,-1.2083670941721893
1746163321.356835842,6.673130233562399,-1.1977710353337154
1746163321.360239506,6.673130233562399,-1.1977710353337154
1746163321.364220858,6.673130233562399,-1.1977710353337154
1746163321.368281364,6.651351175923049,-1.186940642909851
1746163321.372233629,6.651351175923049,-1.186940642909851
1746163321.377019644,6.62962979610561,-1.1758530177121793
1746163321.380230665,6.62962979610561,-1.1758530177121793
1746163321.384592772,6.62962979610561,-1.1758530177121793
1746163321.391082764,6.607960024470296,-1.1645321183752257
1746163321.394404411,6.607960024470296,-1.1645321183752257
1746163321.399728060,6.586359751692369,-1.1529552981020978
1746163321.403259516,6.586359751692369,-1.1529552981020978
1746163321.408857107,6.5648105613978665,-1.1411401265883105
1746163321.412292004,6.5648105613978665,-1.1411401265883105
1746163321.417270422,6.543319454391179,-1.1290584147279972
1746163321.420287848,6.543319454391179,-1.1290584147279972
1746163321.424268723,6.543319454391179,-1.1290584147279972
1746163321.428296566,6.521867641164086,-1.116755778215062
1746163321.432238102,6.521867641164086,-1.116755778215062
1746163321.436729193,6.50043909189798,-1.1042704304632347
1746163321.440226793,6.50043909189798,-1.1042704304632347
1746163321.444285870,6.50043909189798,-1.1042704304632347
1746163321.448267698,6.479055122974712,-1.0915753293343904
1746163321.452258348,6.479055122974712,-1.0915753293343904
1746163321.456682920,6.457709213133573,-1.0786907182490162
1746163321.460268736,6.457709213133573,-1.0786907182490162
1746163321.464229107,6.457709213133573,-1.0786907182490162
1746163321.468200445,6.43642089256008,-1.0655932214446853
1746163321.472246885,6.43642089256008,-1.0655932214446853
1746163321.476714373,6.415168416145765,-1.0523264170946187
1746163321.480271816,6.415168416145765,-1.0523264170946187
1746163321.484224558,6.415168416145765,-1.0523264170946187
1746163321.488218546,6.3939019365159515,-1.038936245343872
1746163321.492261648,6.3939019365159515,-1.038936245343872
1746163321.496672869,6.372574660739801,-1.0254640343467138
1746163321.500391722,6.372574660739801,-1.0254640343467138
1746163321.504281759,6.372574660739801,-1.0254640343467138
1746163321.508237839,6.351159556815265,-1.0119611397313732
1746163321.512228012,6.351159556815265,-1.0119611397313732
1746163321.516715527,6.329630293531671,-0.9984776598188383
1746163321.520212889,6.329630293531671,-0.9984776598188383
1746163321.524487019,6.329630293531671,-0.9984776598188383
1746163321.530828953,6.307974200542025,-0.9850421793613144
1746163321.533952236,6.307974200542025,-0.9850421793613144
1746163321.539415121,6.286215191467457,-0.9716241793195607
1746163321.542358637,6.286215191467457,-0.9716241793195607
1746163321.544861078,6.286215191467457,-0.9716241793195607
1746163321.548550606,6.264346513063841,-0.9582421799717212
1746163321.552224159,6.264346513063841,-0.9582421799717212
1746163321.557198048,6.242386679816764,-0.9448731382359715
1746163321.560268641,6.242386679816764,-0.9448731382359715
1746163321.564274549,6.242386679816764,-0.9448731382359715
1746163321.568283081,6.22030312075271,-0.9315262145205201
1746163321.572273970,6.22030312075271,-0.9315262145205201
1746163321.576678991,6.1980903386147626,-0.9181680560190539
1746163321.580216169,6.1980903386147626,-0.9181680560190539
1746163321.584246635,6.1980903386147626,-0.9181680560190539
1746163321.588214159,6.1757394934139835,-0.9048244922400768
1746163321.592266083,6.1757394934139835,-0.9048244922400768
1746163321.596666574,6.153267749195852,-0.8914774533836092
1746163321.600269556,6.153267749195852,-0.8914774533836092
1746163321.604270458,6.153267749195852,-0.8914774533836092
1746163321.608257055,6.130665694944238,-0.8781530286964254
1746163321.612273693,6.130665694944238,-0.8781530286964254
1746163321.616654158,6.107949967089375,-0.8648328368220283
1746163321.620191097,6.107949967089375,-0.8648328368220283
1746163321.624217272,6.107949967089375,-0.8648328368220283
1746163321.628244638,6.085110854925715,-0.8515428823154071
1746163321.632380247,6.085110854925715,-0.8515428823154071
1746163321.636754036,6.062157575697666,-0.8382602311046743
1746163321.640214205,6.062157575697666,-0.8382602311046743
1746163321.644260406,6.062157575697666,-0.8382602311046743
1746163321.648251772,6.03907359564756,-0.8250067056059588
1746163321.652261019,6.03907359564756,-0.8250067056059588
1746163321.656668186,6.015875405449811,-0.8117634795261348
1746163321.660468578,6.015875405449811,-0.8117634795261348
1746163321.664406300,6.015875405449811,-0.8117634795261348
1746163321.670443296,5.992547538876236,-0.7985672588711832
1746163321.673635721,5.992547538876236,-0.7985672588711832
1746163321.679445505,5.969083013421278,-0.785440074097996
1746163321.683297396,5.969083013421278,-0.785440074097996
1746163321.688907623,5.945469618963853,-0.7724136172474011
1746163321.697421074,5.921725295165974,-0.7594650104871851
1746163321.700330734,5.921725295165974,-0.7594650104871851
1746163321.704287291,5.921725295165974,-0.7594650104871851
1746163321.708230495,5.897839510216469,-0.746617299049362
1746163321.712273121,5.897839510216469,-0.746617299049362
1746163321.716807365,5.873825959342565,-0.7338486695234431
1746163321.720184803,5.873825959342565,-0.7338486695234431
1746163321.724217892,5.873825959342565,-0.7338486695234431
1746163321.728261948,5.849675717643102,-0.7211851671777537
1746163321.732261181,5.849675717643102,-0.7211851671777537
1746163321.736903667,5.825403948911714,-0.7086068782713274
1746163321.740257740,5.825403948911714,-0.7086068782713274
1746163321.744284868,5.825403948911714,-0.7086068782713274
1746163321.748262167,5.801001435153714,-0.6961403557042116
1746163321.752261877,5.801001435153714,-0.6961403557042116
1746163321.756942272,5.776482790953315,-0.683765537486508
1746163321.760281086,5.776482790953315,-0.683765537486508
1746163321.764318705,5.776482790953315,-0.683765537486508
1746163321.768272877,5.751838778909203,-0.6715090626966257
1746163321.772221804,5.751838778909203,-0.6715090626966257
1746163321.776704311,5.727073421906859,-0.6593454697026461
1746163321.780228615,5.727073421906859,-0.6593454697026461
1746163321.784220219,5.727073421906859,-0.6593454697026461
1746163321.788256407,5.702167946479838,-0.6472963869623936
1746163321.792309046,5.702167946479838,-0.6472963869623936
1746163321.796751499,5.6771370442285685,-0.6353416449952284
1746163321.800238371,5.6771370442285685,-0.6353416449952284
1746163321.804268360,5.6771370442285685,-0.6353416449952284
1746163321.808257580,5.6519726856574914,-0.6235079939318358
1746163321.812294245,5.6519726856574914,-0.6235079939318358
1746163321.816913843,5.626689142753083,-0.6117747808667238
1746163321.820186615,5.626689142753083,-0.6117747808667238
1746163321.824312687,5.626689142753083,-0.6117747808667238
1746163321.828284740,5.601278424020429,-0.6001686889778114
1746163321.832270622,5.601278424020429,-0.6001686889778114
1746163321.836731672,5.575754383444774,-0.5886686319411928
1746163321.840333223,5.575754383444774,-0.5886686319411928
1746163321.844476461,5.575754383444774,-0.5886686319411928
1746163321.851970434,5.55009921490313,-0.5772967634241619
1746163321.855626345,5.55009921490313,-0.5772967634241619
1746163321.860812664,5.524316860101307,-0.5660275409526567
1746163321.864347219,5.524316860101307,-0.5660275409526567
1746163321.868435860,5.49840047497851,-0.5548877853050416
1746163321.872256279,5.49840047497851,-0.5548877853050416
1746163321.876865387,5.472373670007482,-0.5438330977782652
1746163321.880274296,5.472373670007482,-0.5438330977782652
1746163321.884211302,5.472373670007482,-0.5438330977782652
1746163321.888273239,5.4462665543072895,-0.53280170842032
1746163321.892251253,5.4462665543072895,-0.53280170842032
1746163321.896786213,5.420097174139511,-0.5217589977775237
1746163321.900257349,5.420097174139511,-0.5217589977775237
1746163321.904482126,5.420097174139511,-0.5217589977775237
1746163321.910367727,5.3938452653350994,-0.5107608295066594
1746163321.913340569,5.3938452653350994,-0.5107608295066594
1746163321.919738293,5.367487638851113,-0.4998500401008244
1746163321.923529148,5.367487638851113,-0.4998500401008244
1746163321.929707050,5.341031397987536,-0.48899764855202066
1746163321.932955027,5.341031397987536,-0.48899764855202066
1746163321.937311411,5.3144708226381265,-0.47822723796131006
1746163321.940282345,5.3144708226381265,-0.47822723796131006
1746163321.944274664,5.3144708226381265,-0.47822723796131006
1746163321.948258877,5.287819530073616,-0.46751450430739855
1746163321.952289820,5.287819530073616,-0.46751450430739855
1746163321.956802845,5.261071153996754,-0.45688420873248026
1746163321.960232496,5.261071153996754,-0.45688420873248026
1746163321.964497328,5.261071153996754,-0.45688420873248026
1746163321.970605850,5.2342385389640596,-0.44631263771494684
1746163321.973601818,5.2342385389640596,-0.44631263771494684
1746163321.977564812,5.207314950400784,-0.4358251795856526
1746163321.980197906,5.207314950400784,-0.4358251795856526
1746163321.984290361,5.207314950400784,-0.4358251795856526
1746163321.988357306,5.180312940478915,-0.4253984341457078
1746163321.992219925,5.180312940478915,-0.4253984341457078
1746163321.996879578,5.1532258218459175,-0.41505823251866725
1746163322.000218391,5.1532258218459175,-0.41505823251866725
1746163322.004241467,5.1532258218459175,-0.41505823251866725
1746163322.008202076,5.126065396370145,-0.40478106262828084
1746163322.012238503,5.126065396370145,-0.40478106262828084
1746163322.017232180,5.098824570029779,-0.3945928291282437
1746163322.020210505,5.098824570029779,-0.3945928291282437
1746163322.024479389,5.098824570029779,-0.3945928291282437
1746163322.030693054,5.071514761571018,-0.38446993113172456
1746163322.034078836,5.071514761571018,-0.38446993113172456
1746163322.039412260,5.044124449278427,-0.37445033860681315
1746163322.041830778,5.044124449278427,-0.37445033860681315
1746163322.044525623,5.044124449278427,-0.37445033860681315
1746163322.048289776,5.01664830077361,-0.36455601511811647
1746163322.052328825,5.01664830077361,-0.36455601511811647
1746163322.057010651,4.989083394752617,-0.35482214836439624
1746163322.060289145,4.989083394752617,-0.35482214836439624
1746163322.064352512,4.989083394752617,-0.35482214836439624
1746163322.068229675,4.961447854516362,-0.34522389887184757
1746163322.072219849,4.961447854516362,-0.34522389887184757
1746163322.076860189,4.9337350531598645,-0.3357863451385952
1746163322.080320358,4.9337350531598645,-0.3357863451385952
1746163322.084320784,4.9337350531598645,-0.3357863451385952
1746163322.088265657,4.905955275030889,-0.32648521797824753
1746163322.092217207,4.905955275030889,-0.32648521797824753
1746163322.096917868,4.87810143554859,-0.3173475808191097
1746163322.100248337,4.87810143554859,-0.3173475808191097
1746163322.104258537,4.87810143554859,-0.3173475808191097
1746163322.108245850,4.850183141828955,-0.3083500513481811
1746163322.112325668,4.850183141828955,-0.3083500513481811
1746163322.116773129,4.822193398046344,-0.29952026021469924
1746163322.120185137,4.822193398046344,-0.29952026021469924
1746163322.124240398,4.822193398046344,-0.29952026021469924
1746163322.128253460,4.794196901974046,-0.29085191634349855
1746163322.132218361,4.794196901974046,-0.29085191634349855
1746163322.136868477,4.766232679269201,-0.2823876807120905
1746163322.140218019,4.766232679269201,-0.2823876807120905
1746163322.144296646,4.766232679269201,-0.2823876807120905
1746163322.148356199,4.738292954169704,-0.2740972915593611
1746163322.152222872,4.738292954169704,-0.2740972915593611
1746163322.156642675,4.71035710758226,-0.2660048668477819
1746163322.160249949,4.71035710758226,-0.2660048668477819
1746163322.164228678,4.71035710758226,-0.2660048668477819
1746163322.168244839,4.6824227244296175,-0.2580819582457352
1746163322.172220469,4.6824227244296175,-0.2580819582457352
1746163322.176994562,4.65447433669298,-0.25035353664373605
1746163322.180323124,4.65447433669298,-0.25035353664373605
1746163322.184258699,4.65447433669298,-0.25035353664373605
1746163322.188269377,4.626601811805171,-0.24281550161048593
1746163322.192398548,4.626601811805171,-0.24281550161048593
1746163322.196695328,4.598864766159129,-0.2355135770123445
1746163322.200271845,4.598864766159129,-0.2355135770123445
1746163322.204228640,4.598864766159129,-0.2355135770123445
1746163322.208285570,4.571236442023691,-0.2284105455983685
1746163322.212292433,4.571236442023691,-0.2284105455983685
1746163322.216872931,4.543682216469765,-0.22152703963419967
1746163322.220210791,4.543682216469765,-0.22152703963419967
1746163322.224231243,4.543682216469765,-0.22152703963419967
1746163322.228217363,4.516186971946101,-0.21482964098947224
1746163322.232266426,4.516186971946101,-0.21482964098947224
1746163322.236756325,4.488726523479779,-0.20834069384693094
1746163322.240285635,4.488726523479779,-0.20834069384693094
1746163322.244267464,4.488726523479779,-0.20834069384693094
1746163322.248204947,4.461293367679325,-0.20202878113535952
1746163322.252209902,4.461293367679325,-0.20202878113535952
1746163322.256675720,4.4338702927204166,-0.19591720933234463
1746163322.260218620,4.4338702927204166,-0.19591720933234463
1746163322.264216185,4.4338702927204166,-0.19591720933234463
1746163322.268234730,4.40657780270236,-0.19000166217256173
1746163322.272305727,4.40657780270236,-0.19000166217256173
1746163322.276692390,4.379502694110056,-0.18432877896554278
1746163322.280253172,4.379502694110056,-0.18432877896554278
1746163322.284273148,4.379502694110056,-0.18432877896554278
1746163322.288247585,4.35260628176803,-0.17884416450340085
1746163322.292253733,4.35260628176803,-0.17884416450340085
1746163322.296803474,4.325854145630142,-0.1735172321500551
1746163322.300230026,4.325854145630142,-0.1735172321500551
1746163322.304297447,4.325854145630142,-0.1735172321500551
1746163322.308251381,4.299221316623651,-0.1683076348097127
1746163322.312215567,4.299221316623651,-0.1683076348097127
1746163322.316736937,4.272675905451056,-0.16324222605169048
1746163322.320237398,4.272675905451056,-0.16324222605169048
1746163322.324255943,4.272675905451056,-0.16324222605169048
1746163322.328215599,4.246202389586726,-0.15828998055703777
1746163322.332250834,4.246202389586726,-0.15828998055703777
1746163322.336761475,4.219902918548711,-0.15349631417968235
1746163322.340262651,4.219902918548711,-0.15349631417968235
1746163322.344215631,4.219902918548711,-0.15349631417968235
1746163322.348264694,4.19387002563779,-0.14884512174967032
1746163322.352219820,4.19387002563779,-0.14884512174967032
1746163322.356664896,4.168045340270366,-0.14435457786022926
1746163322.360268354,4.168045340270366,-0.14435457786022926
1746163322.364257097,4.168045340270366,-0.14435457786022926
1746163322.368228674,4.14239113077306,-0.13998563138095335
1746163322.372242928,4.14239113077306,-0.13998563138095335
1746163322.376872778,4.1168680093872485,-0.13575840983058948
1746163322.380217314,4.1168680093872485,-0.13575840983058948
1746163322.384291649,4.1168680093872485,-0.13575840983058948
1746163322.388260365,4.091452865913015,-0.1316371754083179
1746163322.392243147,4.091452865913015,-0.1316371754083179
1746163322.396761179,4.066118771255779,-0.12764349240078426
1746163322.400256157,4.066118771255779,-0.12764349240078426
1746163322.404304266,4.066118771255779,-0.12764349240078426
1746163322.408218622,4.040975376134545,-0.1237621722353868
1746163322.412264824,4.040975376134545,-0.1237621722353868
1746163322.416696548,4.016103475235279,-0.120032596345493
1746163322.420207977,4.016103475235279,-0.120032596345493
1746163322.424271822,4.016103475235279,-0.120032596345493
1746163322.428216934,3.9914575099561977,-0.11638687903654038
1746163322.432260036,3.9914575099561977,-0.11638687903654038
1746163322.436720848,3.9670039672988797,-0.11274558716585503
1746163322.440267324,3.9670039672988797,-0.11274558716585503
1746163322.444210052,3.9670039672988797,-0.11274558716585503
1746163322.448263884,3.9427164965110677,-0.10904028171347262
1746163322.452219248,3.9427164965110677,-0.10904028171347262
1746163322.456704855,3.918575483303233,-0.10520853801957193
1746163322.460221291,3.918575483303233,-0.10520853801957193
1746163322.464341402,3.918575483303233,-0.10520853801957193
1746163322.468217850,3.894567497990171,-0.10119136528289048
1746163322.472299814,3.894567497990171,-0.10119136528289048
1746163322.476865292,3.8706801075418413,-0.09695786002177054
1746163322.480302334,3.8706801075418413,-0.09695786002177054
1746163322.484221220,3.8706801075418413,-0.09695786002177054
1746163322.488206387,3.847013431544724,-0.09256837622244551
1746163322.492243052,3.847013431544724,-0.09256837622244551
1746163322.496862888,3.8236582911491745,-0.08801887973161794
1746163322.500239611,3.8236582911491745,-0.08801887973161794
1746163322.504294157,3.8236582911491745,-0.08801887973161794
1746163322.508219957,3.8005575329365984,-0.08333669586424455
1746163322.512281179,3.8005575329365984,-0.08333669586424455
1746163322.516950846,3.7776761888826957,-0.07848827492680871
1746163322.520273924,3.7776761888826957,-0.07848827492680871
1746163322.524285078,3.7776761888826957,-0.07848827492680871
1746163322.528284073,3.7549756860278927,-0.07349715815442125
1746163322.532254457,3.7549756860278927,-0.07349715815442125
1746163322.536852360,3.732436173154536,-0.06833115103335707
1746163322.540288687,3.732436173154536,-0.06833115103335707
1746163322.544477463,3.732436173154536,-0.06833115103335707
1746163322.551599026,3.710030530601166,-0.06301459027709982
1746163322.559191465,3.6877486336702674,-0.057517793617584384
1746163322.561924219,3.6877486336702674,-0.057517793617584384
1746163322.564928293,3.6877486336702674,-0.057517793617584384
1746163322.569026947,3.6655705584452942,-0.051866259133113296
1746163322.572221994,3.6655705584452942,-0.051866259133113296
1746163322.576901674,3.643602389200871,-0.04606102184810745
1746163322.580244541,3.643602389200871,-0.04606102184810745
1746163322.584263563,3.643602389200871,-0.04606102184810745
1746163322.588238001,3.6219169183750815,-0.040154331136163415
1746163322.592769384,3.6219169183750815,-0.040154331136163415
1746163322.596892595,3.6004850271473354,-0.03408163836626322
1746163322.600210667,3.6004850271473354,-0.03408163836626322
1746163322.604216576,3.6004850271473354,-0.03408163836626322
1746163322.608200550,3.5792836978001605,-0.027794765233358262
1746163322.612222910,3.5792836978001605,-0.027794765233358262
1746163322.616662502,3.558274285566685,-0.021325769380850835
1746163322.620209932,3.558274285566685,-0.021325769380850835
1746163322.624284983,3.558274285566685,-0.021325769380850835
1746163322.628224134,3.5374412671934334,-0.014649341405933054
1746163322.632250786,3.5374412671934334,-0.014649341405933054
1746163322.636695147,3.5167571826779134,-0.007793259014777006
1746163322.640199184,3.5167571826779134,-0.007793259014777006
1746163322.644215584,3.5167571826779134,-0.007793259014777006
1746163322.648224592,3.4962159497581036,-0.0007315902495604
1746163322.652239561,3.4962159497581036,-0.0007315902495604
1746163322.656794310,3.475899392945165,0.006471676619865466
1746163322.660247087,3.475899392945165,0.006471676619865466
1746163322.664215088,3.475899392945165,0.006471676619865466
1746163322.668272257,3.4558909024614497,0.01381262519266718
1746163322.672219992,3.4558909024614497,0.01381262519266718
1746163322.676762104,3.4361374389176698,0.021274412647522507
1746163322.680222511,3.4361374389176698,0.021274412647522507
1746163322.684256077,3.4361374389176698,0.021274412647522507
1746163322.688250780,3.4166149910050647,0.0288931490021206
1746163322.692283630,3.4166149910050647,0.0288931490021206
1746163322.696690798,3.3972854104674286,0.0366484655389787
1746163322.700267553,3.3972854104674286,0.0366484655389787
1746163322.704238415,3.3972854104674286,0.0366484655389787
1746163322.708232641,3.37813698860458,0.04457135733027108
1746163322.712277889,3.37813698860458,0.04457135733027108
1746163322.716913223,3.359130712470496,0.05261478612913563
1746163322.720346689,3.359130712470496,0.05261478612913563
1746163322.724294662,3.359130712470496,0.05261478612913563
1746163322.728315830,3.340235144105905,0.06074299262757171
1746163322.732256413,3.340235144105905,0.06074299262757171
1746163322.736655474,3.321452613992494,0.06899199487099639
1746163322.740239143,3.321452613992494,0.06899199487099639
1746163322.744237661,3.321452613992494,0.06899199487099639
1746163322.748211861,3.302764426245104,0.07734296704516062
1746163322.752221823,3.302764426245104,0.07734296704516062
1746163322.756751299,3.284265648730102,0.0857838366111347
1746163322.760271072,3.284265648730102,0.0857838366111347
1746163322.764268398,3.284265648730102,0.0857838366111347
1746163322.768224478,3.266011810291914,0.09425687965241814
1746163322.772301435,3.266011810291914,0.09425687965241814
1746163322.776685715,3.2479798143057566,0.10280421333623324
1746163322.780256510,3.2479798143057566,0.10280421333623324
1746163322.784338236,3.2479798143057566,0.10280421333623324
1746163322.788216591,3.230128506979252,0.11141165228486832
1746163322.792298317,3.230128506979252,0.11141165228486832
1746163322.796674013,3.2124469644071723,0.12011407582301971
1746163322.800242901,3.2124469644071723,0.12011407582301971
1746163322.804342508,3.2124469644071723,0.12011407582301971
1746163322.808221102,3.1949037552895554,0.12889300836504383
1746163322.812212944,3.1949037552895554,0.12889300836504383
1746163322.816861629,3.1774960787310875,0.13777870111502447
1746163322.820261955,3.1774960787310875,0.13777870111502447
1746163322.824223757,3.1774960787310875,0.13777870111502447
1746163322.828261375,3.1601869472783655,0.14672727754443965
1746163322.832258940,3.1601869472783655,0.14672727754443965
1746163322.836722374,3.1429353156732147,0.15568307728077055
1746163322.840473652,3.1429353156732147,0.15568307728077055
1746163322.844342470,3.1429353156732147,0.15568307728077055
1746163322.850165367,3.125804142587271,0.16457401902313215
1746163322.853506088,3.125804142587271,0.16457401902313215
1746163322.859416008,3.10887761082609,0.17340567701737378
1746163322.863587856,3.10887761082609,0.17340567701737378
1746163322.868378878,3.0921121734920365,0.18218034538853528
1746163322.872322321,3.0921121734920365,0.18218034538853528
1746163322.877165794,3.0755082072782747,0.1909676185132034
1746163322.880202055,3.0755082072782747,0.1909676185132034
1746163322.884286880,3.0755082072782747,0.1909676185132034
1746163322.888252735,3.059076020372882,0.1998408223407103
1746163322.892270088,3.059076020372882,0.1998408223407103
1746163322.896814585,3.042825410334171,0.20885852938410118
1746163322.900235891,3.042825410334171,0.20885852938410118
1746163322.904527426,3.042825410334171,0.20885852938410118
1746163322.910368204,3.026767409872511,0.21806945621604895
1746163322.913332701,3.026767409872511,0.21806945621604895
1746163322.917967319,3.010915057396156,0.22751528130790283
1746163322.920351028,3.010915057396156,0.22751528130790283
1746163322.924279213,3.010915057396156,0.22751528130790283
1746163322.928282976,2.9952837154317353,0.237232336676161
1746163322.932284355,2.9952837154317353,0.237232336676161
1746163322.937168360,2.979877146239334,0.24723127925555768
1746163322.940232992,2.979877146239334,0.24723127925555768
1746163322.944468498,2.979877146239334,0.24723127925555768
1746163322.948259115,2.9647442754399465,0.2574111753550878
1746163322.952227831,2.9647442754399465,0.2574111753550878
1746163322.956646204,2.9499687659768856,0.2677555148173539
1746163322.960238934,2.9499687659768856,0.2677555148173539
1746163322.964205265,2.9499687659768856,0.2677555148173539
1746163322.968211412,2.935536547961456,0.27829940258266533
1746163322.972213030,2.935536547961456,0.27829940258266533
1746163322.976825953,2.921395136311018,0.28901284560852625
1746163322.980264187,2.921395136311018,0.28901284560852625
1746163322.984253645,2.921395136311018,0.28901284560852625
1746163322.988224506,2.9075349495833347,0.29991548400371976
1746163322.992335558,2.9075349495833347,0.29991548400371976
1746163322.996643066,2.893917815414416,0.3109833575207165
1746163323.000214577,2.893917815414416,0.3109833575207165
1746163323.004216433,2.893917815414416,0.3109833575207165
1746163323.008234978,2.8805453182705194,0.3222369273107825
1746163323.012217283,2.8805453182705194,0.3222369273107825
1746163323.016682625,2.8673870048004697,0.3336536926999106
1746163323.020241737,2.8673870048004697,0.3336536926999106
1746163323.024273872,2.8673870048004697,0.3336536926999106
1746163323.028227568,2.8544513302198813,0.3452533022257794
1746163323.032217264,2.8544513302198813,0.3452533022257794
1746163323.036635637,2.8417124793343627,0.35701387192594025
1746163323.040256500,2.8417124793343627,0.35701387192594025
1746163323.044223070,2.8417124793343627,0.35701387192594025
1746163323.048231363,2.82918350791497,0.3689540871146094
1746163323.052237988,2.82918350791497,0.3689540871146094
1746163323.056869268,2.817008849931172,0.38088584305944967
1746163323.060215712,2.817008849931172,0.38088584305944967
1746163323.064203739,2.817008849931172,0.38088584305944967
1746163323.068258286,2.805338958440354,0.3926905861163406
1746163323.072234869,2.805338958440354,0.3926905861163406
1746163323.077035427,2.7940881778371613,0.4043980046553823
1746163323.080213070,2.7940881778371613,0.4043980046553823
1746163323.084244490,2.7940881778371613,0.4043980046553823
1746163323.088216305,2.7832287588891624,0.41607176117376354
1746163323.092284679,2.7832287588891624,0.41607176117376354
1746163323.096668243,2.772696718848672,0.4277234373582998
1746163323.100256205,2.772696718848672,0.4277234373582998
1746163323.104277372,2.772696718848672,0.4277234373582998
1746163323.108225822,2.762479427570968,0.43939762754532957
1746163323.112267256,2.762479427570968,0.43939762754532957
1746163323.116732836,2.7525258187187296,0.4510936347061125
1746163323.120273590,2.7525258187187296,0.4510936347061125
1746163323.124238729,2.7525258187187296,0.4510936347061125
1746163323.128244400,2.7428338829292986,0.4628443137118386
1746163323.132213831,2.7428338829292986,0.4628443137118386
1746163323.137011528,2.7333618903459196,0.4746422844281115
1746163323.140272141,2.7333618903459196,0.4746422844281115
1746163323.144223452,2.7333618903459196,0.4746422844281115
1746163323.148252964,2.724115850646464,0.486513474781471
1746163323.152296305,2.724115850646464,0.486513474781471
1746163323.156674623,2.71504047682663,0.4984316387379276
1746163323.160255671,2.71504047682663,0.4984316387379276
1746163323.164255619,2.71504047682663,0.4984316387379276
1746163323.168275595,2.706096018821102,0.5103806554694789
1746163323.172257423,2.706096018821102,0.5103806554694789
1746163323.176719904,2.697306527738045,0.5223897136025695
1746163323.180276871,2.697306527738045,0.5223897136025695
1746163323.184271097,2.697306527738045,0.5223897136025695
1746163323.188199043,2.6886801639884914,0.5344083135585962
1746163323.192268848,2.6886801639884914,0.5344083135585962
1746163323.196657896,2.6802635202788134,0.5464239797484326
1746163323.200304031,2.6802635202788134,0.5464239797484326
1746163323.204278946,2.6802635202788134,0.5464239797484326
1746163323.208220005,2.672021257536468,0.5584386476530218
1746163323.212236166,2.672021257536468,0.5584386476530218
1746163323.216690540,2.663966463340217,0.5704823248567226
1746163323.220184565,2.663966463340217,0.5704823248567226
1746163323.224214315,2.663966463340217,0.5704823248567226
1746163323.228245020,2.656067231375424,0.582550168934305
1746163323.232360125,2.656067231375424,0.582550168934305
1746163323.236906767,2.648339681474291,0.5946656133913653
1746163323.240290165,2.648339681474291,0.5946656133913653
1746163323.244506359,2.648339681474291,0.5946656133913653
1746163323.250600815,2.64075457131546,0.606819996154604
1746163323.254052401,2.64075457131546,0.606819996154604
1746163323.259698868,2.633330506094881,0.6190326038769209
1746163323.263874292,2.633330506094881,0.6190326038769209
1746163323.271272421,2.6260186747647523,0.6312799072109885
1746163323.275874853,2.6260186747647523,0.6312799072109885
1746163323.280414343,2.6187637238644603,0.6435344348604777
1746163323.284248829,2.6187637238644603,0.6435344348604777
1746163323.288311720,2.611522381857571,0.6557754927330371
1746163323.292288065,2.611522381857571,0.6557754927330371
1746163323.297065258,2.6042596255310593,0.6679863985494491
1746163323.300231695,2.6042596255310593,0.6679863985494491
1746163323.304264784,2.6042596255310593,0.6679863985494491
1746163323.308272362,2.5969675061076436,0.6801656352090589
1746163323.312410593,2.5969675061076436,0.6801656352090589
1746163323.316833496,2.589737221970764,0.6922747314491945
1746163323.320291281,2.589737221970764,0.6922747314491945
1746163323.324264288,2.589737221970764,0.6922747314491945
1746163323.328253984,2.5825959167716874,0.704254610963745
1746163323.332240105,2.5825959167716874,0.704254610963745
1746163323.336822510,2.575565696159358,0.7161529959867775
1746163323.340264559,2.575565696159358,0.7161529959867775
1746163323.344258547,2.575565696159358,0.7161529959867775
1746163323.348238468,2.5686175173410577,0.7279805581576826
1746163323.352228642,2.5686175173410577,0.7279805581576826
1746163323.356805801,2.5617927207831457,0.7397837607357095
1746163323.360260010,2.5617927207831457,0.7397837607357095
1746163323.364243269,2.5617927207831457,0.7397837607357095
1746163323.368302345,2.555138297508028,0.7516065952585775
1746163323.372254848,2.555138297508028,0.7516065952585775
1746163323.376730204,2.548689600665661,0.7634808253400349
1746163323.380224466,2.548689600665661,0.7634808253400349
1746163323.384483576,2.548689600665661,0.7634808253400349
1746163323.391378641,2.5424751026130585,0.775429487951644
1746163323.396331787,2.5424751026130585,0.775429487951644
1746163323.402891874,2.5365191489562187,0.7874691778997964
1746163323.405903101,2.5365191489562187,0.7874691778997964
1746163323.409804344,2.5308436301356507,0.7996115772868424
1746163323.412357569,2.5308436301356507,0.7996115772868424
1746163323.417278290,2.525469022084686,0.8118644900962642
1746163323.420236826,2.525469022084686,0.8118644900962642
1746163323.424265623,2.525469022084686,0.8118644900962642
1746163323.428227901,2.52041503734537,0.8242325413908456
1746163323.432245255,2.52041503734537,0.8242325413908456
1746163323.436662912,2.515701025851246,0.8367176452691975
1746163323.440217257,2.515701025851246,0.8367176452691975
1746163323.444542170,2.515701025851246,0.8367176452691975
1746163323.450279474,2.5113170359878314,0.8493093651542559
1746163323.453370571,2.5113170359878314,0.8493093651542559
1746163323.458826303,2.507194169256885,0.8619848526818323
1746163323.463448524,2.507194169256885,0.8619848526818323
1746163323.469695091,2.5033338577543063,0.8747459923238409
1746163323.472490788,2.5033338577543063,0.8747459923238409
1746163323.477563143,2.49967205770366,0.8875686685309786
1746163323.480219364,2.49967205770366,0.8875686685309786
1746163323.484276295,2.49967205770366,0.8875686685309786
1746163323.488262653,2.496142169261018,0.9004312322998735
1746163323.492238283,2.496142169261018,0.9004312322998735
1746163323.497798443,2.4926941315140807,0.913318755371402
1746163323.500230312,2.4926941315140807,0.913318755371402
1746163323.504201889,2.4926941315140807,0.913318755371402
1746163323.508268595,2.489312789882278,0.9262265312207913
1746163323.512255669,2.489312789882278,0.9262265312207913
1746163323.516673565,2.4860737790877567,0.9391731607774533
1746163323.520287991,2.4860737790877567,0.9391731607774533
1746163323.524249792,2.4860737790877567,0.9391731607774533
1746163323.528226614,2.483051763947186,0.9521744191827306
1746163323.532230616,2.483051763947186,0.9521744191827306
1746163323.536741257,2.4803027982171275,0.965238284123317
1746163323.540221930,2.4803027982171275,0.965238284123317
1746163323.544254541,2.4803027982171275,0.965238284123317
1746163323.548255205,2.477864085836704,0.9783657241539339
1746163323.552227974,2.477864085836704,0.9783657241539339
1746163323.556835413,2.4757448172736822,0.9915505035362268
1746163323.560243368,2.4757448172736822,0.9915505035362268
1746163323.564341307,2.4757448172736822,0.9915505035362268
1746163323.568250656,2.4739137935968425,1.0047803475113595
1746163323.572222948,2.4739137935968425,1.0047803475113595
1746163323.576688051,2.4723515166182297,1.018046452414681
1746163323.580257177,2.4723515166182297,1.018046452414681
1746163323.584242821,2.4723515166182297,1.018046452414681
1746163323.588218451,2.4710450876763748,1.0313419311404595
1746163323.592296362,2.4710450876763748,1.0313419311404595
1746163323.596732378,2.469985930969875,1.0446614943627064
1746163323.600252390,2.469985930969875,1.0446614943627064
1746163323.604256392,2.469985930969875,1.0446614943627064
1746163323.608220100,2.469156071830868,1.05799980542985
1746163323.612240076,2.469156071830868,1.05799980542985
1746163323.616860628,2.4684965278061686,1.0713500219172858
1746163323.620216370,2.4684965278061686,1.0713500219172858
1746163323.624266148,2.4684965278061686,1.0713500219172858
1746163323.628245592,2.467952886988788,1.0847077136687617
1746163323.632244587,2.467952886988788,1.0847077136687617
1746163323.636633158,2.467483202280351,1.0980703397003626
1746163323.640493155,2.467483202280351,1.0980703397003626
1746163323.644387245,2.467483202280351,1.0980703397003626
1746163323.650051594,2.467078423827101,1.111437075829053
1746163323.653011322,2.467078423827101,1.111437075829053
1746163323.659809589,2.466820984962155,1.1248092961938798
1746163323.664701939,2.466820984962155,1.1248092961938798
1746163323.669316769,2.4667902785375713,1.1381856888785282
1746163323.672348261,2.4667902785375713,1.1381856888785282
1746163323.677173615,2.46704482912639,1.1515613416405652
1746163323.680232286,2.46704482912639,1.1515613416405652
1746163323.684269667,2.46704482912639,1.1515613416405652
1746163323.688257456,2.4676108943317203,1.164929101004241
1746163323.692285538,2.4676108943317203,1.164929101004241
1746163323.696838856,2.468464662676909,1.1782831968240652
1746163323.700290680,2.468464662676909,1.1782831968240652
1746163323.704294920,2.468464662676909,1.1782831968240652
1746163323.712615728,2.469585796743524,1.1916190415059482
1746163323.730577946,2.4709606684550627,1.2049325736987062
1746163323.732219458,2.4709606684550627,1.2049325736987062
1746163323.736629486,2.4725800383587795,1.2182199656968562
1746163323.740252495,2.4725800383587795,1.2182199656968562
1746163323.744328499,2.4725800383587795,1.2182199656968562
1746163323.748216867,2.474437314337211,1.2314757083632903
1746163323.752303362,2.474437314337211,1.2314757083632903
1746163323.756825209,2.476515619551413,1.244696530524159
1746163323.760201216,2.476515619551413,1.244696530524159
1746163323.764392853,2.476515619551413,1.244696530524159
1746163323.768254280,2.478757234402045,1.2578889963976059
1746163323.772214651,2.478757234402045,1.2578889963976059
1746163323.776991367,2.481108959524634,1.271060921694612
1746163323.780254841,2.481108959524634,1.271060921694612
1746163323.784232140,2.481108959524634,1.271060921694612
1746163323.788213253,2.483529862675388,1.2842191968351864
1746163323.792241096,2.483529862675388,1.2842191968351864
1746163323.796696663,2.48598708231596,1.2973698315005606
1746163323.800256968,2.48598708231596,1.2973698315005606
1746163323.804225206,2.48598708231596,1.2973698315005606
1746163323.808252573,2.4884773324991953,1.310513491245377
1746163323.812237740,2.4884773324991953,1.310513491245377
1746163323.816742897,2.49108530219793,1.3236336330015026
1746163323.820548296,2.49108530219793,1.3236336330015026
1746163323.824673176,2.49108530219793,1.3236336330015026
1746163323.830598354,2.4938908956417127,1.3367123647338712
1746163323.833430290,2.4938908956417127,1.3367123647338712
1746163323.837927580,2.4969520663823657,1.3497331640747086
1746163323.840322971,2.4969520663823657,1.3497331640747086
1746163323.844285727,2.4969520663823657,1.3497331640747086
1746163323.848226070,2.500312015520583,1.3626796800124095
1746163323.852255106,2.500312015520583,1.3626796800124095
1746163323.856849194,2.5039862191554736,1.3755403034331022
1746163323.860238791,2.5039862191554736,1.3755403034331022
1746163323.864279032,2.5039862191554736,1.3755403034331022
1746163323.868206739,2.5079445725173044,1.3883161733417244
1746163323.872286320,2.5079445725173044,1.3883161733417244
1746163323.876778364,2.512162516343967,1.4010085656278009
1746163323.880241871,2.512162516343967,1.4010085656278009
1746163323.884264946,2.512162516343967,1.4010085656278009
1746163323.888262033,2.51664414497443,1.4136783435474287
1746163323.892260313,2.51664414497443,1.4136783435474287
1746163323.898399115,2.5213987884653632,1.4263821800838792
1746163323.901411295,2.5213987884653632,1.4263821800838792
1746163323.904843807,2.5213987884653632,1.4263821800838792
1746163323.911057949,2.5264080810212373,1.4391162329668514
1746163323.914862156,2.5264080810212373,1.4391162329668514
1746163323.920667171,2.53161785527462,1.4518925661457076
1746163323.924282312,2.53161785527462,1.4518925661457076
1746163323.928425789,2.536977706714815,1.4647241806418765
1746163323.932348251,2.536977706714815,1.4647241806418765
1746163323.956644773,2.542448286168029,1.4776211439938014
1746163323.960286140,2.547997530258848,1.4905914156319866
1746163323.964262486,2.547997530258848,1.4905914156319866
1746163323.968257904,2.5535981065928723,1.5036415182009883
1746163323.972274065,2.5535981065928723,1.5036415182009883
1746163323.976807356,2.5592478146761675,1.516767517483779
1746163323.980219841,2.5592478146761675,1.516767517483779
1746163323.984225750,2.5592478146761675,1.516767517483779
1746163323.988259315,2.565025052749899,1.5299306057655602
1746163323.992223740,2.565025052749899,1.5299306057655602
1746163323.996685982,2.571006697149296,1.5430908693997571
1746163324.000227690,2.571006697149296,1.5430908693997571
1746163324.004275560,2.571006697149296,1.5430908693997571
1746163324.008261204,2.577250672947264,1.5562139687836742
1746163324.012224913,2.577250672947264,1.5562139687836742
1746163324.016744375,2.583801519602027,1.5692686478121711
1746163324.020338058,2.583801519602027,1.5692686478121711
1746163324.024268150,2.583801519602027,1.5692686478121711
1746163324.028257608,2.5907148510514664,1.5822700226297193
1746163324.032363892,2.5907148510514664,1.5822700226297193
1746163324.036787033,2.5980295151544066,1.5952370537005063
1746163324.040263176,2.5980295151544066,1.5952370537005063
1746163324.044262648,2.5980295151544066,1.5952370537005063
1746163324.048270702,2.6057436834494996,1.6081512728881535
1746163324.052276850,2.6057436834494996,1.6081512728881535
1746163324.056746006,2.613828976809253,1.6210111539217427
1746163324.060257435,2.613828976809253,1.6210111539217427
1746163324.064274549,2.613828976809253,1.6210111539217427
1746163324.068222761,2.6222661671582994,1.6338116705032615
1746163324.072259426,2.6222661671582994,1.6338116705032615
1746163324.078457355,2.63104174043099,1.6465455637726354
1746163324.081687927,2.63104174043099,1.6465455637726354
1746163324.085223675,2.63104174043099,1.6465455637726354
1746163324.090879917,2.640146030702152,1.6592039608630815
1746163324.094629526,2.640146030702152,1.6592039608630815
1746163324.101550579,2.649571917110315,1.6717768669465751
1746163324.104684591,2.649571917110315,1.6717768669465751
1746163324.109287262,2.659313923007003,1.6842535392392566
1746163324.112303257,2.659313923007003,1.6842535392392566
1746163324.117080927,2.669367596093682,1.6966227646526817
1746163324.120240688,2.669367596093682,1.6966227646526817
1746163324.124243498,2.669367596093682,1.6966227646526817
1746163324.128250837,2.6797290828954012,1.7088730633783145
1746163324.132243395,2.6797290828954012,1.7088730633783145
1746163324.137843847,2.6903948371564375,1.7209928372524248
1746163324.140199900,2.6903948371564375,1.7209928372524248
1746163324.144322634,2.6903948371564375,1.7209928372524248
1746163324.148326874,2.7013614204969603,1.7329704776185708
1746163324.152285099,2.7013614204969603,1.7329704776185708
1746163324.156858921,2.712641712871242,1.744812259351038
1746163324.172214508,2.724247999808555,1.7565234895532262
1746163324.176887989,2.7361674321879503,1.7680992497938173
1746163324.180250168,2.7361674321879503,1.7680992497938173
1746163324.184177160,2.7361674321879503,1.7680992497938173
1746163324.188266277,2.7483577606958933,1.7795670429954744
1746163324.192249537,2.7483577606958933,1.7795670429954744
1746163324.196802616,2.760777611191719,1.7909573572682107
1746163324.200270414,2.760777611191719,1.7909573572682107
1746163324.204263210,2.760777611191719,1.7909573572682107
1746163324.208261013,2.7733926659004746,1.8022962195562293
1746163324.212270498,2.7733926659004746,1.8022962195562293
1746163324.216664791,2.7861733889862337,1.813606628972582
1746163324.220213413,2.7861733889862337,1.813606628972582
1746163324.224278927,2.7861733889862337,1.813606628972582
1746163324.228226185,2.7990934680677717,1.8249096101505011
1746163324.232266903,2.7990934680677717,1.8249096101505011
1746163324.236722946,2.812144647645017,1.8362065551400961
1746163324.240253210,2.812144647645017,1.8362065551400961
1746163324.244260311,2.812144647645017,1.8362065551400961
1746163324.248215199,2.8253618229032007,1.8474489112360206
1746163324.252270460,2.8253618229032007,1.8474489112360206
1746163324.257214546,2.8387400377286407,1.8586338992385931
1746163324.260262966,2.8387400377286407,1.8586338992385931
1746163324.264289618,2.8387400377286407,1.8586338992385931
1746163324.268261194,2.8523035000223884,1.869723573037537
1746163324.272258282,2.8523035000223884,1.869723573037537
1746163324.276700497,2.8660544043707747,1.8807347885871502
1746163324.280461073,2.8660544043707747,1.8807347885871502
1746163324.284801960,2.8660544043707747,1.8807347885871502
1746163324.292177916,2.8800247420831364,1.8916458842923956
1746163324.299071074,2.8941983500105506,1.902465171031289
1746163324.301991940,2.8941983500105506,1.902465171031289
1746163324.304759979,2.8941983500105506,1.902465171031289
1746163324.308711052,2.908604014843102,1.913141831865231
1746163324.312258244,2.908604014843102,1.913141831865231
1746163324.316857576,2.923261860800735,1.92363373881392
1746163324.320307970,2.923261860800735,1.92363373881392
1746163324.324267626,2.923261860800735,1.92363373881392
1746163324.328226805,2.938147561999672,1.9339594863148928
1746163324.332235813,2.938147561999672,1.9339594863148928
1746163324.336687088,2.9532681911401015,1.9440937714379425
1746163324.340254784,2.9532681911401015,1.9440937714379425
1746163324.344396353,2.9532681911401015,1.9440937714379425
1746163324.348261356,2.9686025738142554,1.9540532316159733
1746163324.352295160,2.9686025738142554,1.9540532316159733
1746163324.356747150,2.984158827319494,1.963810483801254
1746163324.360229015,2.984158827319494,1.963810483801254
1746163324.364215136,2.984158827319494,1.963810483801254
1746163324.368262768,2.9999174424943242,1.9733817453195475
1746163324.372263670,2.9999174424943242,1.9733817453195475
1746163324.376716614,3.015886585502905,1.9827386296480756
1746163324.380214930,3.015886585502905,1.9827386296480756
1746163324.389088869,3.015886585502905,1.9827386296480756
1746163324.404845953,3.0320632594484205,1.9919065550233699
1746163324.408250809,3.048481511037803,2.000843795340778
1746163324.412255049,3.048481511037803,2.000843795340778
1746163324.417037964,3.065152425723716,2.009507395235708
1746163324.420201302,3.065152425723716,2.009507395235708
1746163324.424285173,3.065152425723716,2.009507395235708
1746163324.428218365,3.0820520633512616,2.017919995032507
1746163324.432310343,3.0820520633512616,2.017919995032507
1746163324.436738968,3.0991816734942867,2.0260558251269574
1746163324.440254211,3.0991816734942867,2.0260558251269574
1746163324.444217682,3.0991816734942867,2.0260558251269574
1746163324.448254108,3.1165208973404797,2.0339343848437936
1746163324.452270031,3.1165208973404797,2.0339343848437936
1746163324.456681728,3.134072002076846,2.0415270634706353
1746163324.460253000,3.134072002076846,2.0415270634706353
1746163324.464271784,3.134072002076846,2.0415270634706353
1746163324.468254805,3.1518165823965694,2.048852343319978
1746163324.472257376,3.1518165823965694,2.048852343319978
1746163324.476686954,3.1697568355391077,2.055880286957468
1746163324.480286837,3.1697568355391077,2.055880286957468
1746163324.484282494,3.1697568355391077,2.055880286957468
1746163324.488215446,3.187875613323025,2.0626293366368347
1746163324.492245913,3.187875613323025,2.0626293366368347
1746163324.496732712,3.206174544711333,2.069068967928452
1746163324.500253677,3.206174544711333,2.069068967928452
1746163324.504259825,3.206174544711333,2.069068967928452
1746163324.508227825,3.224656401499709,2.0752245600885613
1746163324.512245655,3.224656401499709,2.0752245600885613
1746163324.516775608,3.243340046362572,2.0810717219842947
1746163324.520283699,3.243340046362572,2.0810717219842947
1746163324.524256945,3.243340046362572,2.0810717219842947
1746163324.528247833,3.2622087004833875,2.086628378394505
1746163324.532198906,3.2622087004833875,2.086628378394505
1746163324.536773920,3.281260726379332,2.091862924724622
1746163324.540240288,3.281260726379332,2.091862924724622
1746163324.544298649,3.281260726379332,2.091862924724622
1746163324.548265934,3.300480360698761,2.0967937119812246
1746163324.552257061,3.300480360698761,2.0967937119812246
1746163324.556735992,3.3198652053008866,2.1013889748471435
1746163324.560395956,3.3198652053008866,2.1013889748471435
1746163324.564261913,3.3198652053008866,2.1013889748471435
1746163324.568262577,3.339400399192595,2.1056676671783796
1746163324.572253942,3.339400399192595,2.1056676671783796
1746163324.576972008,3.359082654810939,2.1095980856096244
1746163324.580271721,3.359082654810939,2.1095980856096244
1746163324.584300756,3.359082654810939,2.1095980856096244
1746163324.588216305,3.378897959329627,2.113199901035159
1746163324.592226982,3.378897959329627,2.113199901035159
1746163324.596714497,3.3988420591462347,2.116441629692026
1746163324.600231171,3.3988420591462347,2.116441629692026
1746163324.604253531,3.3988420591462347,2.116441629692026
1746163324.608245134,3.418901776509467,2.1193437129165473
1746163324.612228155,3.418901776509467,2.1193437129165473
1746163324.616714716,3.439094732716961,2.121878291081352
1746163324.620208025,3.439094732716961,2.121878291081352
1746163324.624277830,3.439094732716961,2.121878291081352
1746163324.628219604,3.4594304966286527,2.1240690308331587
1746163324.632260323,3.4594304966286527,2.1240690308331587
1746163324.636804581,3.479900716125289,2.1258848133798347
1746163324.640320778,3.479900716125289,2.1258848133798347
1746163324.644243956,3.479900716125289,2.1258848133798347
1746163324.648206949,3.5004904262607295,2.127370525899357
1746163324.652282953,3.5004904262607295,2.127370525899357
1746163324.656731367,3.5211861975332512,2.1285864831195593
1746163324.660221815,3.5211861975332512,2.1285864831195593
1746163324.664212465,3.5211861975332512,2.1285864831195593
1746163324.668186665,3.541977671338524,2.129585657376798
1746163324.672286272,3.541977671338524,2.129585657376798
1746163324.676699400,3.5628575412006662,2.130391514084319
1746163324.680266380,3.5628575412006662,2.130391514084319
1746163324.684255123,3.5628575412006662,2.130391514084319
1746163324.688227177,3.5838214784068465,2.13095713368792
1746163324.692261457,3.5838214784068465,2.13095713368792
1746163324.696791649,3.6048628902138957,2.131293373477077
1746163324.700229883,3.6048628902138957,2.131293373477077
1746163324.704263926,3.6048628902138957,2.131293373477077
1746163324.708278418,3.6259759598646033,2.131362653578568
1746163324.712193251,3.6259759598646033,2.131362653578568
1746163324.716762304,3.6471789008498647,2.1311821815851113
1746163324.720227242,3.6471789008498647,2.1311821815851113
1746163324.724269152,3.6471789008498647,2.1311821815851113
1746163324.728263855,3.6684885201403903,2.130718971272878
1746163324.732247591,3.6684885201403903,2.130718971272878
1746163324.736826420,3.6898965286003134,2.129992718033372
1746163324.740271330,3.6898965286003134,2.129992718033372
1746163324.744212389,3.6898965286003134,2.129992718033372
1746163324.748217583,3.7113932989478573,2.128972450686492
1746163324.752271175,3.7113932989478573,2.128972450686492
1746163324.756690264,3.7329714138414105,2.12767928909963
1746163324.760264397,3.7329714138414105,2.12767928909963
1746163324.764298677,3.7329714138414105,2.12767928909963
1746163324.768219948,3.7546207882449454,2.1260831982669535
1746163324.772226572,3.7546207882449454,2.1260831982669535
1746163324.776779175,3.776337088479945,2.1242308091682864
1746163324.780227900,3.776337088479945,2.1242308091682864
1746163324.784256458,3.776337088479945,2.1242308091682864
1746163324.788217306,3.7981168450785705,2.122160022641743
1746163324.792311192,3.7981168450785705,2.122160022641743
1746163324.798734188,3.8199501989854743,2.119834426521407
1746163324.802109718,3.8199501989854743,2.119834426521407
1746163324.806032181,3.8199501989854743,2.119834426521407
1746163324.813903093,3.841863242957963,2.1172931304505918
1746163324.819705963,3.8638841566966424,2.1145924359305948
1746163324.821896553,3.8638841566966424,2.1145924359305948
1746163324.824169874,3.8638841566966424,2.1145924359305948
1746163324.828292370,3.886012896372629,2.1117867498073895
1746163324.832299709,3.886012896372629,2.1117867498073895
1746163324.836810827,3.908249934612523,2.108926993313792
1746163324.840256691,3.908249934612523,2.108926993313792
1746163324.844231606,3.908249934612523,2.108926993313792
1746163324.848187447,3.9305960239349687,2.106061977869611
1746163324.852248669,3.9305960239349687,2.106061977869611
1746163324.856844902,3.9530489033434435,2.1032149415523396
1746163324.860203505,3.9530489033434435,2.1032149415523396
1746163324.864243746,3.9530489033434435,2.1032149415523396
1746163324.868268967,3.975597919573376,2.100341239500672
1746163324.872256756,3.975597919573376,2.100341239500672
1746163324.876671791,3.9982399601064036,2.097453648816531
1746163324.880230188,3.9982399601064036,2.097453648816531
1746163324.884234905,3.9982399601064036,2.097453648816531
1746163324.888289928,4.0209660986687465,2.0945177482931667
1746163324.892256021,4.0209660986687465,2.0945177482931667
1746163324.896945477,4.043802561572867,2.091549362100752
1746163324.900216579,4.043802561572867,2.091549362100752
1746163324.904287815,4.043802561572867,2.091549362100752
1746163324.908255100,4.066768072877337,2.0885154852148555
1746163324.912251949,4.066768072877337,2.0885154852148555
1746163324.916778088,4.08985901445529,2.085438770708655
1746163324.920218706,4.08985901445529,2.085438770708655
1746163324.924216986,4.08985901445529,2.085438770708655
1746163324.928233385,4.113065473498531,2.0822921949083963
1746163324.932263851,4.113065473498531,2.0822921949083963
1746163324.936888933,4.136384685708508,2.079099786935603
1746163324.940265656,4.136384685708508,2.079099786935603
1746163324.944213867,4.136384685708508,2.079099786935603
1746163324.948226929,4.1598073026877795,2.075835253150145
1746163324.952509880,4.1598073026877795,2.075835253150145
1746163324.958474159,4.1833312892779295,2.0725233424817238
1746163324.961370945,4.1833312892779295,2.0725233424817238
1746163324.964699030,4.1833312892779295,2.0725233424817238
1746163324.969403744,4.206947752287258,2.069138070370871
1746163324.972195864,4.206947752287258,2.069138070370871
1746163324.977206230,4.230655303606086,2.065704594306205
1746163324.980218172,4.230655303606086,2.065704594306205
1746163324.984269381,4.230655303606086,2.065704594306205
1746163324.988243341,4.254474522643674,2.062192949480968
1746163324.992273092,4.254474522643674,2.062192949480968
1746163324.996810675,4.27843222983418,2.058624054399389
1746163325.000302315,4.27843222983418,2.058624054399389
1746163325.004266262,4.27843222983418,2.058624054399389
1746163325.008225679,4.30251762768387,2.054973073781874
1746163325.012265444,4.30251762768387,2.054973073781874
1746163325.018567801,4.3267277734458975,2.051265246827284
1746163325.021928310,4.3267277734458975,2.051265246827284
1746163325.029561758,4.351052381977639,2.0474755750871476
1746163325.034564972,4.351052381977639,2.0474755750871476
1746163325.040148973,4.375489243326555,2.043629398856265
1746163325.044336557,4.375489243326555,2.043629398856265
1746163325.048310995,4.400028522829287,2.039701560190479
1746163325.052238226,4.400028522829287,2.039701560190479
1746163325.057021379,4.424668686315598,2.035717485433422
1746163325.060254335,4.424668686315598,2.035717485433422
1746163325.064208984,4.424668686315598,2.035717485433422
1746163325.068221569,4.44942528512417,2.031623525794271
1746163325.072236061,4.44942528512417,2.031623525794271
1746163325.076894760,4.47431346931942,2.0273734253033315
1746163325.080244541,4.47431346931942,2.0273734253033315
1746163325.084297419,4.47431346931942,2.0273734253033315
1746163325.088267803,4.499330302703047,2.022997239198333
1746163325.092276335,4.499330302703047,2.022997239198333
1746163325.097211361,4.524464304849004,2.018473241898566
1746163325.100271940,4.524464304849004,2.018473241898566
1746163325.104251146,4.524464304849004,2.018473241898566
1746163325.108248472,4.549712954716601,2.0138281267273817
1746163325.112296581,4.549712954716601,2.0138281267273817
1746163325.116885185,4.575064816715026,2.0090377807478847
1746163325.120248318,4.575064816715026,2.0090377807478847
1746163325.124314070,4.575064816715026,2.0090377807478847
1746163325.128290892,4.600517987586119,2.004127550061178
1746163325.132279634,4.600517987586119,2.004127550061178
1746163325.137149811,4.626061210461678,1.9990722966977696
1746163325.140242100,4.626061210461678,1.9990722966977696
1746163325.144265413,4.626061210461678,1.9990722966977696
1746163325.148239374,4.651721884220644,1.9938911643883312
1746163325.152254820,4.651721884220644,1.9938911643883312
1746163325.158563614,4.6775163238106545,1.9885536432002568
1746163325.161988974,4.6775163238106545,1.9885536432002568
1746163325.168570280,4.703441208627801,1.9830842661254815
1746163325.172941208,4.703441208627801,1.9830842661254815
1746163325.178775549,4.729478099649159,1.9774345173613996
1746163325.181744099,4.729478099649159,1.9774345173613996
1746163325.184233189,4.729478099649159,1.9774345173613996
1746163325.188292265,4.755609453175506,1.9715619204154202
1746163325.192257404,4.755609453175506,1.9715619204154202
1746163325.196910381,4.781833641252336,1.9654953831655293
1746163325.200236559,4.781833641252336,1.9654953831655293
1746163325.204289913,4.781833641252336,1.9654953831655293
1746163325.208281994,4.80813763843445,1.9592122000395105
1746163325.212223053,4.80813763843445,1.9592122000395105
1746163325.216776609,4.834553325370786,1.9527547373101948
1746163325.220243454,4.834553325370786,1.9527547373101948
1746163325.224215746,4.834553325370786,1.9527547373101948
1746163325.228206873,4.861116329011918,1.946181816075694
1746163325.232226372,4.861116329011918,1.946181816075694
1746163325.237044096,4.887833378111455,1.9395549233181917
1746163325.240395069,4.887833378111455,1.9395549233181917
1746163325.244279385,4.887833378111455,1.9395549233181917
1746163325.248225212,4.914705412232136,1.932910005854344
1746163325.252254009,4.914705412232136,1.932910005854344
1746163325.256843328,4.941717039684433,1.9262155174369855
1746163325.260272503,4.941717039684433,1.9262155174369855
1746163325.264251709,4.941717039684433,1.9262155174369855
1746163325.268209457,4.9688663169575875,1.9194927773005737
1746163325.272230387,4.9688663169575875,1.9194927773005737
1746163325.276708364,4.996140084743429,1.9127164549130329
1746163325.280313969,4.996140084743429,1.9127164549130329
1746163325.284326077,4.996140084743429,1.9127164549130329
1746163325.288225651,5.023538093222324,1.9059119529670971
1746163325.292220354,5.023538093222324,1.9059119529670971
1746163325.296775341,5.051075254744552,1.8990494184105282
1746163325.300236940,5.051075254744552,1.8990494184105282
1746163325.304229021,5.051075254744552,1.8990494184105282
1746163325.308254242,5.0787778175952205,1.8921488323660403
1746163325.312322378,5.0787778175952205,1.8921488323660403
1746163325.316753149,5.106632144078624,1.8851888619262325
1746163325.320252895,5.106632144078624,1.8851888619262325
1746163325.324238300,5.106632144078624,1.8851888619262325
1746163325.328229189,5.134637102099129,1.8781967115393177
1746163325.332223177,5.134637102099129,1.8781967115393177
1746163325.336736679,5.162779727401641,1.8711507024214227
1746163325.340293646,5.162779727401641,1.8711507024214227
1746163325.344278097,5.162779727401641,1.8711507024214227
1746163325.348221779,5.191059608168868,1.86407792371985
1746163325.352227688,5.191059608168868,1.86407792371985
1746163325.356729746,5.219489589197915,1.8569499962453273
1746163325.360299587,5.219489589197915,1.8569499962453273
1746163325.364257336,5.219489589197915,1.8569499962453273
1746163325.368217945,5.248093800112902,1.8497873939164036
1746163325.372259140,5.248093800112902,1.8497873939164036
1746163325.376926184,5.276858154375408,1.8425686177067209
1746163325.380224228,5.276858154375408,1.8425686177067209
1746163325.384234428,5.276858154375408,1.8425686177067209
1746163325.388225555,5.30578106451662,1.8353203780764797
1746163325.392283440,5.30578106451662,1.8353203780764797
1746163325.396995068,5.334849109527717,1.8280206278349576
1746163325.400263548,5.334849109527717,1.8280206278349576
1746163325.404225588,5.334849109527717,1.8280206278349576
1746163325.408276320,5.364061435923351,1.820695920408341
1746163325.412278652,5.364061435923351,1.820695920408341
1746163325.416696787,5.393405233613855,1.8133237361616865
1746163325.420206785,5.393405233613855,1.8133237361616865
1746163325.424251080,5.393405233613855,1.8133237361616865
1746163325.428268671,5.42290510993456,1.8059241700089816
1746163325.432256460,5.42290510993456,1.8059241700089816
1746163325.436702013,5.452572552894655,1.7984687614447312
1746163325.440362692,5.452572552894655,1.7984687614447312
1746163325.444285154,5.452572552894655,1.7984687614447312
1746163325.448213577,5.482405548402732,1.7909838779555192
1746163325.452276230,5.482405548402732,1.7909838779555192
1746163325.456853151,5.512390303029669,1.7834473401195623
1746163325.460265636,5.512390303029669,1.7834473401195623
1746163325.464205503,5.512390303029669,1.7834473401195623
1746163325.468255997,5.542525590402601,1.7758854554313235
1746163325.472282410,5.542525590402601,1.7758854554313235
1746163325.476710081,5.572798278867175,1.7682756429814466
1746163325.480244398,5.572798278867175,1.7682756429814466
1746163325.484229326,5.572798278867175,1.7682756429814466
1746163325.488255739,5.603207859529144,1.7606441685309722
1746163325.492476225,5.603207859529144,1.7606441685309722
1746163325.498344421,5.63376510391985,1.7529623597872561
1746163325.501500845,5.63376510391985,1.7529623597872561
1746163325.505720377,5.63376510391985,1.7529623597872561
1746163325.511442423,5.664492228647209,1.7452505136653416
1746163325.513815880,5.664492228647209,1.7452505136653416
1746163325.517320871,5.695375226620134,1.7374864534804075
1746163325.520285130,5.695375226620134,1.7374864534804075
1746163325.524273872,5.695375226620134,1.7374864534804075
1746163325.528266907,5.726412650432748,1.7296964061447657
1746163325.532277346,5.726412650432748,1.7296964061447657
1746163325.536875725,5.757591181145816,1.7218578173604704
1746163325.540275097,5.757591181145816,1.7218578173604704
1746163325.544231892,5.757591181145816,1.7218578173604704
1746163325.548215151,5.788910113889629,1.7139968994702108
1746163325.552259445,5.788910113889629,1.7139968994702108
1746163325.556657791,5.820376674113714,1.7060858530814793
1746163325.560387611,5.820376674113714,1.7060858530814793
1746163325.564267159,5.820376674113714,1.7060858530814793
1746163325.568260908,5.852009700802873,1.6981458001535592
1746163325.572261810,5.852009700802873,1.6981458001535592
1746163325.576852798,5.883795333961236,1.6901544563121929
1746163325.580450058,5.883795333961236,1.6901544563121929
1746163325.584574699,5.883795333961236,1.6901544563121929
1746163325.590664625,5.915732286784425,1.6821380239372556
1746163325.593891144,5.915732286784425,1.6821380239372556
1746163325.598029137,5.94780737567244,1.6740738580887287
1746163325.600416660,5.94780737567244,1.6740738580887287
1746163325.604366541,5.94780737567244,1.6740738580887287
1746163325.608313084,5.980020042715334,1.665988154323019
1746163325.612361193,5.980020042715334,1.665988154323019
1746163325.616877079,6.01233948100765,1.6578624326462779
1746163325.620224476,6.01233948100765,1.6578624326462779
1746163325.624353409,6.01233948100765,1.6578624326462779
1746163325.628275394,6.044748517807109,1.6497275334059225
1746163325.632270336,6.044748517807109,1.6497275334059225
1746163325.638841391,6.077230581397541,1.641534970994837
1746163325.642060041,6.077230581397541,1.641534970994837
1746163325.645462751,6.077230581397541,1.641534970994837
1746163325.649966240,6.109770402308798,1.6332412016860312
1746163325.652272463,6.109770402308798,1.6332412016860312
1746163325.657032490,6.142371225890452,1.624875130530997
1746163325.660194397,6.142371225890452,1.624875130530997
1746163325.664275408,6.142371225890452,1.624875130530997
1746163325.668269873,6.175022974092592,1.6164127892202622
1746163325.672293901,6.175022974092592,1.6164127892202622
1746163325.676833868,6.207709346616822,1.6078840673056691
1746163325.680230856,6.207709346616822,1.6078840673056691
1746163325.684231758,6.207709346616822,1.6078840673056691
1746163325.688264608,6.240401641283068,1.5992668394946925
1746163325.692276478,6.240401641283068,1.5992668394946925
1746163325.696888208,6.273104561226282,1.5905848247718215
1746163325.700263500,6.273104561226282,1.5905848247718215
1746163325.704258204,6.273104561226282,1.5905848247718215
1746163325.708264112,6.305809164786768,1.5818099820693756
1746163325.712228775,6.305809164786768,1.5818099820693756
1746163325.717034817,6.338520290606885,1.5729657331639626
1746163325.720260620,6.338520290606885,1.5729657331639626
1746163325.724231482,6.338520290606885,1.5729657331639626
1746163325.728245020,6.371228965727949,1.5640240746928604
1746163325.732249022,6.371228965727949,1.5640240746928604
1746163325.737735748,6.403882046312131,1.555024878906148
1746163325.740205765,6.403882046312131,1.555024878906148
1746163325.744229555,6.403882046312131,1.555024878906148
1746163325.748216629,6.4364216553130875,1.5459530160431814
1746163325.752252102,6.4364216553130875,1.5459530160431814
1746163325.756798983,6.4688710065141635,1.5368289153084342
1746163325.760294914,6.4688710065141635,1.5368289153084342
1746163325.764289379,6.4688710065141635,1.5368289153084342
1746163325.768284082,6.501235171863016,1.527620343121646
1746163325.772234201,6.501235171863016,1.527620343121646
1746163325.776790142,6.533531799759605,1.5183492632102633
1746163325.780274153,6.533531799759605,1.5183492632102633
1746163325.784216642,6.533531799759605,1.5183492632102633
1746163325.788216591,6.565670399436966,1.5090114710706102
1746163325.792258978,6.565670399436966,1.5090114710706102
1746163325.796836615,6.5975919381046495,1.499653065230446
1746163325.800238371,6.5975919381046495,1.499653065230446
1746163325.804244995,6.5975919381046495,1.499653065230446
1746163325.808267117,6.629324629352174,1.4902343243454585
1746163325.812261820,6.629324629352174,1.4902343243454585
1746163325.816735744,6.6609060497661154,1.4807732136771834
1746163325.820210218,6.6609060497661154,1.4807732136771834
1746163325.824227571,6.6609060497661154,1.4807732136771834
1746163325.828241825,6.692351767785464,1.4712346994453704
1746163325.832274914,6.692351767785464,1.4712346994453704
1746163325.836782455,6.723689130326811,1.461639497545018
1746163325.840469122,6.723689130326811,1.461639497545018
1746163325.845053196,6.723689130326811,1.461639497545018
1746163325.852314711,6.754831255735756,1.451984916697139
1746163325.858568430,6.785723189282782,1.4423189239495604
1746163325.861676455,6.785723189282782,1.4423189239495604
1746163325.864442348,6.785723189282782,1.4423189239495604
1746163325.868517876,6.81639857350637,1.4326001215614173
1746163325.872256279,6.81639857350637,1.4326001215614173
1746163325.876849651,6.846900512138153,1.4228455410595562
1746163325.880259752,6.846900512138153,1.4228455410595562
1746163325.884259224,6.846900512138153,1.4228455410595562
1746163325.888253927,6.877248035236024,1.4130193350895248
1746163325.892285347,6.877248035236024,1.4130193350895248
1746163325.896750212,6.907480709607161,1.403167308387972
1746163325.900272608,6.907480709607161,1.403167308387972
1746163325.904256105,6.907480709607161,1.403167308387972
1746163325.908216953,6.9376315054387305,1.3933287078939933
1746163325.912263155,6.9376315054387305,1.3933287078939933
1746163325.916679144,6.967608443808169,1.3835011118668077
1746163325.920384407,6.967608443808169,1.3835011118668077
1746163325.924255848,6.967608443808169,1.3835011118668077
1746163325.928218126,6.997353771527742,1.3737337313642686
1746163325.932328224,6.997353771527742,1.3737337313642686
1746163325.936752319,7.026901282090994,1.3639839847327921
1746163325.940255165,7.026901282090994,1.3639839847327921
1746163325.944262743,7.026901282090994,1.3639839847327921
1746163325.948250771,7.056295452617624,1.3542693785459894
1746163325.952309847,7.056295452617624,1.3542693785459894
1746163325.956944942,7.0855562677225885,1.3445555482763794
1746163325.960208416,7.0855562677225885,1.3445555482763794
1746163325.964217186,7.0855562677225885,1.3445555482763794
1746163325.968212366,7.114716411190494,1.3348644691887206
1746163325.972188234,7.114716411190494,1.3348644691887206
1746163325.976693153,7.1436853890594545,1.3251994978543458
1746163325.980260611,7.1436853890594545,1.3251994978543458
1746163325.984387636,7.1436853890594545,1.3251994978543458
1746163325.988221169,7.17240665857857,1.315613604693069
1746163325.992223024,7.17240665857857,1.315613604693069
1746163325.996685028,7.200909569378605,1.306038742519556
1746163326.000304937,7.200909569378605,1.306038742519556
1746163326.004386902,7.200909569378605,1.306038742519556
1746163326.008214712,7.229217725422852,1.2964201191221156
1746163326.012247324,7.229217725422852,1.2964201191221156
1746163326.016797781,7.257373764745366,1.2867832057910455
1746163326.020270348,7.257373764745366,1.2867832057910455
1746163326.024268150,7.257373764745366,1.2867832057910455
1746163326.028196335,7.285394662597,1.2770971605398103
1746163326.032269955,7.285394662597,1.2770971605398103
1746163326.036711693,7.313202654290491,1.2674214196033726
1746163326.040477753,7.313202654290491,1.2674214196033726
1746163326.044663906,7.313202654290491,1.2674214196033726
1746163326.051196575,7.340717266045179,1.257753775294943
1746163326.054841995,7.340717266045179,1.257753775294943
1746163326.062199831,7.368008011550858,1.248132071510081
1746163326.067759037,7.395130847261094,1.2385855885008539
1746163326.070243359,7.395130847261094,1.2385855885008539
1746163326.072344780,7.395130847261094,1.2385855885008539
1746163326.077625751,7.422101917217362,1.2290552273732214
1746163326.080255747,7.422101917217362,1.2290552273732214
1746163326.084300518,7.422101917217362,1.2290552273732214
1746163326.088241339,7.448939173426035,1.2195073083881591
1746163326.092270374,7.448939173426035,1.2195073083881591
1746163326.096689701,7.475652250067469,1.2099013359843866
1746163326.100215912,7.475652250067469,1.2099013359843866
1746163326.104265213,7.475652250067469,1.2099013359843866
1746163326.108216524,7.502158653541991,1.2003020886137237
1746163326.112257481,7.502158653541991,1.2003020886137237
1746163326.116737127,7.528373538418604,1.1907121134969707
1746163326.120257139,7.528373538418604,1.1907121134969707
1746163326.124308586,7.528373538418604,1.1907121134969707
1746163326.128245115,7.554357385760455,1.1811439382144953
1746163326.132263184,7.554357385760455,1.1811439382144953
1746163326.136622667,7.580130724170487,1.171530751846961
1746163326.140260696,7.580130724170487,1.171530751846961
1746163326.144246340,7.580130724170487,1.171530751846961
1746163326.148190260,7.605700028126152,1.1617935762484026
1746163326.152242899,7.605700028126152,1.1617935762484026
1746163326.156692982,7.6310670060347725,1.1518633778375464
1746163326.160262108,7.6310670060347725,1.1518633778375464
1746163326.164209366,7.6310670060347725,1.1518633778375464
1746163326.168213129,7.656238102013504,1.1417016580004307
1746163326.172256470,7.656238102013504,1.1417016580004307
1746163326.176737547,7.681119740413263,1.1313889511661617
1746163326.180282593,7.681119740413263,1.1313889511661617
1746163326.184214354,7.681119740413263,1.1313889511661617
1746163326.188538551,7.705615418136586,1.1209407197791004
1746163326.192327499,7.705615418136586,1.1209407197791004
1746163326.196833372,7.729790148799601,1.1103687530681414
1746163326.200255632,7.729790148799601,1.1103687530681414
1746163326.204224110,7.729790148799601,1.1103687530681414
1746163326.208224058,7.753673375989845,1.0996300200823035
1746163326.212280035,7.753673375989845,1.0996300200823035
1746163326.216708422,7.777309591610872,1.0887373753226448
1746163326.220212936,7.777309591610872,1.0887373753226448
1746163326.224321842,7.777309591610872,1.0887373753226448
1746163326.228214979,7.800712470909404,1.0776534084706415
1746163326.232255697,7.800712470909404,1.0776534084706415
1746163326.236640215,7.823914628021407,1.0663950502327655
1746163326.240257978,7.823914628021407,1.0663950502327655
1746163326.244281292,7.823914628021407,1.0663950502327655
1746163326.248273373,7.846920031537281,1.0549303995686805
1746163326.252220154,7.846920031537281,1.0549303995686805
1746163326.256655693,7.869638527502505,1.0433400860841595
1746163326.260266781,7.869638527502505,1.0433400860841595
1746163326.264214039,7.869638527502505,1.0433400860841595
1746163326.268219948,7.8919735975298675,1.0316438852659289
1746163326.272296429,7.8919735975298675,1.0316438852659289
1746163326.276785851,7.913987348752855,1.019846257569601
1746163326.280220032,7.913987348752855,1.019846257569601
1746163326.284273624,7.913987348752855,1.019846257569601
1746163326.288254499,7.935704272940727,1.0079032160159158
1746163326.292389870,7.935704272940727,1.0079032160159158
1746163326.296699524,7.957169458972864,0.9958265945671676
1746163326.300301075,7.957169458972864,0.9958265945671676
1746163326.304321527,7.957169458972864,0.9958265945671676
1746163326.308259487,7.9783939583286845,0.983581185276072
1746163326.312273264,7.9783939583286845,0.983581185276072
1746163326.316657066,7.999412360036789,0.9711842753220964
1746163326.320274591,7.999412360036789,0.9711842753220964
1746163326.324262381,7.999412360036789,0.9711842753220964
1746163326.328236580,8.020226913852989,0.9586065575525458
1746163326.332247019,8.020226913852989,0.9586065575525458
1746163326.336921453,8.04076593881118,0.9459312593388742
1746163326.340285778,8.04076593881118,0.9459312593388742
1746163326.344285727,8.04076593881118,0.9459312593388742
1746163326.348277807,8.060944437864123,0.9331824300864989
1746163326.352236032,8.060944437864123,0.9331824300864989
1746163326.357002974,8.080821598235193,0.9203631576840756
1746163326.360238314,8.080821598235193,0.9203631576840756
1746163326.364248037,8.080821598235193,0.9203631576840756
1746163326.368304729,8.100416190842788,0.907431046405829
1746163326.372242212,8.100416190842788,0.907431046405829
1746163326.377078056,8.119772308211813,0.8943966931347759
1746163326.380255222,8.119772308211813,0.8943966931347759
1746163326.384270668,8.119772308211813,0.8943966931347759
1746163326.388479710,8.138896863845545,0.8812261882513662
1746163326.392520666,8.138896863845545,0.8812261882513662
1746163326.398256540,8.157824541839659,0.8679353384890589
1746163326.401383400,8.157824541839659,0.8679353384890589
1746163326.404934645,8.157824541839659,0.8679353384890589
1746163326.410144806,8.176554393002814,0.8544958080571963
1746163326.412480831,8.176554393002814,0.8544958080571963
1746163326.417034626,8.195072561975795,0.840957916993649
1746163326.420268059,8.195072561975795,0.840957916993649
1746163326.424253225,8.195072561975795,0.840957916993649
1746163326.428230047,8.213337934533612,0.8273217225640445
1746163326.432301521,8.213337934533612,0.8273217225640445
1746163326.437020302,8.231390388575814,0.8135979273845573
1746163326.440273523,8.231390388575814,0.8135979273845573
1746163326.444221973,8.231390388575814,0.8135979273845573
1746163326.448519230,8.249231130269115,0.799754496296624
1746163326.452694893,8.249231130269115,0.799754496296624
1746163326.458671331,8.266892210488056,0.7858064026769465
1746163326.462056637,8.266892210488056,0.7858064026769465
1746163326.465531349,8.266892210488056,0.7858064026769465
1746163326.469827175,8.284368361665955,0.771726412543653
1746163326.472200394,8.284368361665955,0.771726412543653
1746163326.477079868,8.301686656226808,0.757532182995183
1746163326.480297565,8.301686656226808,0.757532182995183
1746163326.484241247,8.301686656226808,0.757532182995183
1746163326.488230705,8.318837409073675,0.7431996112682315
1746163326.492230177,8.318837409073675,0.7431996112682315
1746163326.497169018,8.335844457846179,0.7287478627563282
1746163326.500244856,8.335844457846179,0.7287478627563282
1746163326.504228354,8.335844457846179,0.7287478627563282
1746163326.508222580,8.352684531137191,0.7141638416142491
1746163326.512255669,8.352684531137191,0.7141638416142491
1746163326.516659021,8.369371088361142,0.6994749905096475
1746163326.520257235,8.369371088361142,0.6994749905096475
1746163326.524220705,8.369371088361142,0.6994749905096475
1746163326.528300285,8.385892575196614,0.6846572921665649
1746163326.532279730,8.385892575196614,0.6846572921665649
1746163326.536686182,8.402289940702431,0.6697477690083529
1746163326.540231228,8.402289940702431,0.6697477690083529
1746163326.544255257,8.402289940702431,0.6697477690083529
1746163326.548466444,8.418596343084248,0.6547754614955604
1746163326.552278042,8.418596343084248,0.6547754614955604
1746163326.558173656,8.434791543849522,0.6397124130399394
1746163326.561487436,8.434791543849522,0.6397124130399394
1746163326.565260887,8.434791543849522,0.6397124130399394
1746163326.571238995,8.45089360333848,0.6245735714749991
1746163326.574711561,8.45089360333848,0.6245735714749991
1746163326.578529119,8.466884052827606,0.6093359731904248
1746163326.580361605,8.466884052827606,0.6093359731904248
1746163326.584229231,8.466884052827606,0.6093359731904248
1746163326.588199377,8.48275721390085,0.5940414704652334
1746163326.592278719,8.48275721390085,0.5940414704652334
1746163326.597146273,8.498474267542754,0.5786885267651222
1746163326.600238800,8.498474267542754,0.5786885267651222
1746163326.604226351,8.498474267542754,0.5786885267651222
1746163326.608206034,8.514063723649928,0.5632881389792185
1746163326.612265110,8.514063723649928,0.5632881389792185
1746163326.616678953,8.52949514329628,0.5477954374104954
1746163326.620222092,8.52949514329628,0.5477954374104954
1746163326.624291897,8.52949514329628,0.5477954374104954
1746163326.628227711,8.544725495549574,0.5321579592107899
1746163326.632199526,8.544725495549574,0.5321579592107899
1746163326.636839390,8.55971538156865,0.5163321501582651
1746163326.640219927,8.55971538156865,0.5163321501582651
1746163326.644211054,8.55971538156865,0.5163321501582651
1746163326.648211241,8.574426740106507,0.5002808841461774
1746163326.652240992,8.574426740106507,0.5002808841461774
1746163326.657006025,8.588840826979977,0.48398895814468834
1746163326.660209417,8.588840826979977,0.48398895814468834
1746163326.664251328,8.588840826979977,0.48398895814468834
1746163326.668463945,8.602991648547787,0.46748927701378107
1746163326.672667742,8.602991648547787,0.46748927701378107
1746163326.678857088,8.616841959317178,0.45080317014585103
1746163326.682457685,8.616841959317178,0.45080317014585103
1746163326.689371109,8.630398502116728,0.43397971934053914
1746163326.692720890,8.630398502116728,0.43397971934053914
1746163326.697384834,8.643651325106308,0.416997754502885
1746163326.700287104,8.643651325106308,0.416997754502885
1746163326.704314470,8.643651325106308,0.416997754502885
1746163326.708304405,8.656630818416467,0.3998714862485062
1746163326.712238312,8.656630818416467,0.3998714862485062
1746163326.717037916,8.669321244949536,0.3825823952451871
1746163326.720267534,8.669321244949536,0.3825823952451871
1746163326.724269390,8.669321244949536,0.3825823952451871
1746163326.728271961,8.681749366928413,0.365145853321709
1746163326.732284307,8.681749366928413,0.365145853321709
1746163326.736837864,8.693896238764554,0.34754593327570793
1746163326.740273714,8.693896238764554,0.34754593327570793
1746163326.744230509,8.693896238764554,0.34754593327570793
1746163326.748229265,8.705786738266504,0.3297988396173327
1746163326.752437830,8.705786738266504,0.3297988396173327
1746163326.756954908,8.717378268239475,0.311876827481278
1746163326.760298729,8.717378268239475,0.311876827481278
1746163326.764277935,8.717378268239475,0.311876827481278
1746163326.768261671,8.728613836825147,0.2937940609233406
1746163326.772263527,8.728613836825147,0.2937940609233406
1746163326.776749849,8.739506977823952,0.27560139753812185
1746163326.780223131,8.739506977823952,0.27560139753812185
1746163326.784445524,8.739506977823952,0.27560139753812185
1746163326.788234949,8.750045869469815,0.25728016679401156
1746163326.792246580,8.750045869469815,0.25728016679401156
1746163326.796759605,8.76026324298525,0.23884103903625697
1746163326.800274849,8.76026324298525,0.23884103903625697
1746163326.804265022,8.76026324298525,0.23884103903625697
1746163326.808230162,8.770141229217003,0.22026871421556288
1746163326.812293291,8.770141229217003,0.22026871421556288
1746163326.817028046,8.77970877830672,0.20157539314169232
1746163326.820270538,8.77970877830672,0.20157539314169232
1746163326.824229717,8.77970877830672,0.20157539314169232
1746163326.828261375,8.788944930039126,0.18274891039284658
1746163326.832406282,8.788944930039126,0.18274891039284658
1746163326.836965084,8.797876752189762,0.16380249605899674
1746163326.840228319,8.797876752189762,0.16380249605899674
1746163326.844261408,8.797876752189762,0.16380249605899674
1746163326.848233461,8.806481367393047,0.14472642647667713
1746163326.852339268,8.806481367393047,0.14472642647667713
1746163326.856699944,8.814769028758851,0.1255710162185556
1746163326.860216856,8.814769028758851,0.1255710162185556
1746163326.864223003,8.814769028758851,0.1255710162185556
1746163326.868272066,8.822702530054338,0.10635801498352573
1746163326.872223377,8.822702530054338,0.10635801498352573
1746163326.876802683,8.830314037875251,0.08708905709750325
1746163326.880250216,8.830314037875251,0.08708905709750325
1746163326.884280682,8.830314037875251,0.08708905709750325
1746163326.888270855,8.837582715408946,0.06774761757171036
1746163326.892206907,8.837582715408946,0.06774761757171036
1746163326.896752596,8.844538496656371,0.04833932132383463
1746163326.900254250,8.844538496656371,0.04833932132383463
1746163326.904252529,8.844538496656371,0.04833932132383463
1746163326.908269882,8.851158790587638,0.028852580084166114
1746163326.912289619,8.851158790587638,0.028852580084166114
1746163326.916739464,8.857472261031312,0.009295328589092652
1746163326.920197487,8.857472261031312,0.009295328589092652
1746163326.924261332,8.857472261031312,0.009295328589092652
1746163326.928221464,8.863455060133798,-0.010340583002917954
1746163326.932222128,8.863455060133798,-0.010340583002917954
1746163326.936930656,8.869135006172321,-0.030046065299841825
1746163326.940227032,8.869135006172321,-0.030046065299841825
1746163326.944286108,8.869135006172321,-0.030046065299841825
1746163326.948222399,8.87448727152512,-0.04982680367993644
1746163326.952222347,8.87448727152512,-0.04982680367993644
1746163326.956731081,8.87952881409356,-0.0696325823122561
1746163326.960227728,8.87952881409356,-0.0696325823122561
1746163326.964227200,8.87952881409356,-0.0696325823122561
1746163326.968487024,8.884225478226405,-0.08943431046534742
1746163326.972801208,8.884225478226405,-0.08943431046534742
1746163326.979615688,8.888634545273389,-0.10923057649571968
1746163326.983120680,8.888634545273389,-0.10923057649571968
1746163326.985838175,8.888634545273389,-0.10923057649571968
1746163326.989379168,8.892825631899559,-0.12901636600353716
1746163326.992508173,8.892825631899559,-0.12901636600353716
1746163326.997034550,8.89685846685871,-0.14878829790648354
1746163327.000246525,8.89685846685871,-0.14878829790648354
1746163327.004274368,8.89685846685871,-0.14878829790648354
1746163327.008249283,8.900761239150134,-0.16854848252886087
1746163327.012280703,8.900761239150134,-0.16854848252886087
1746163327.016713142,8.904490721832245,-0.18831152331828777
1746163327.020299196,8.904490721832245,-0.18831152331828777
1746163327.024226427,8.904490721832245,-0.18831152331828777
1746163327.028193712,8.908063802163433,-0.20807870924928576
1746163327.032242298,8.908063802163433,-0.20807870924928576
1746163327.036754608,8.91142220723733,-0.2278634451638075
1746163327.040327072,8.91142220723733,-0.2278634451638075
1746163327.044228792,8.91142220723733,-0.2278634451638075
1746163327.048237324,8.91448775862786,-0.24763425142487655
1746163327.052259684,8.91448775862786,-0.24763425142487655
1746163327.056732178,8.917194746767544,-0.2673626355081816
1746163327.060215235,8.917194746767544,-0.2673626355081816
1746163327.064394236,8.917194746767544,-0.2673626355081816
1746163327.068359852,8.919494415715087,-0.28706612665496867
1746163327.072306156,8.919494415715087,-0.28706612665496867
1746163327.076707602,8.921367823694206,-0.3067529988018243
1746163327.080225229,8.921367823694206,-0.3067529988018243
1746163327.084232807,8.921367823694206,-0.3067529988018243
1746163327.088219643,8.922866999668955,-0.3264220105897931
1746163327.092308044,8.922866999668955,-0.3264220105897931
1746163327.096860409,8.923955256808087,-0.3460775522239416
1746163327.100197792,8.923955256808087,-0.3460775522239416
1746163327.104296207,8.923955256808087,-0.3460775522239416
1746163327.108220816,8.92460348643399,-0.3657198918610976
1746163327.112285614,8.92460348643399,-0.3657198918610976
1746163327.116720200,8.924857273369264,-0.38534487794966665
1746163327.120223045,8.924857273369264,-0.38534487794966665
1746163327.124276876,8.924857273369264,-0.38534487794966665
1746163327.128218174,8.924702033165412,-0.40494949558621995
1746163327.132284403,8.924702033165412,-0.40494949558621995
1746163327.136855841,8.924174227204656,-0.42453029513976814
1746163327.140256882,8.924174227204656,-0.42453029513976814
1746163327.144271851,8.924174227204656,-0.42453029513976814
1746163327.148459673,8.923255439389047,-0.4440327610952023
1746163327.152824163,8.923255439389047,-0.4440327610952023
1746163327.159967422,8.92198140476686,-0.46341357481197254
1746163327.164443731,8.92198140476686,-0.46341357481197254
1746163327.170294046,8.92032855523161,-0.4826833006170983
1746163327.172857523,8.92032855523161,-0.4826833006170983
1746163327.177514791,8.918328688508407,-0.5018532203033201
1746163327.180289984,8.918328688508407,-0.5018532203033201
1746163327.184239149,8.918328688508407,-0.5018532203033201
1746163327.188227892,8.915957879117833,-0.5209265134576281
1746163327.192254305,8.915957879117833,-0.5209265134576281
1746163327.196928740,8.913247105491472,-0.539910398509401
1746163327.200264692,8.913247105491472,-0.539910398509401
1746163327.204250813,8.913247105491472,-0.539910398509401
1746163327.208272457,8.910172563578554,-0.5588029769156221
1746163327.212270975,8.910172563578554,-0.5588029769156221
1746163327.216645241,8.906764611433742,-0.577609196158159
1746163327.220319271,8.906764611433742,-0.577609196158159
1746163327.224215508,8.906764611433742,-0.577609196158159
1746163327.228463173,8.902999496033901,-0.5963235429331993
1746163327.232452631,8.902999496033901,-0.5963235429331993
1746163327.238801718,8.898906964962642,-0.6149498214422259
1746163327.242728949,8.898906964962642,-0.6149498214422259
1746163327.245859861,8.898906964962642,-0.6149498214422259
1746163327.250418901,8.894476664815132,-0.6334225950314588
1746163327.252475262,8.894476664815132,-0.6334225950314588
1746163327.257228613,8.889750511515228,-0.651699336511095
1746163327.260260344,8.889750511515228,-0.651699336511095
1746163327.264254093,8.889750511515228,-0.651699336511095
1746163327.268233776,8.884700151389916,-0.6697893885683323
1746163327.272245884,8.884700151389916,-0.6697893885683323
1746163327.276728868,8.879352702056853,-0.6877126548284062
1746163327.280218124,8.879352702056853,-0.6877126548284062
1746163327.284335613,8.879352702056853,-0.6877126548284062
1746163327.288253069,8.873682336126794,-0.705470239619018
1746163327.292293310,8.873682336126794,-0.705470239619018
1746163327.296643496,8.86771709936444,-0.7230770778523934
1746163327.300229311,8.86771709936444,-0.7230770778523934
1746163327.304257870,8.86771709936444,-0.7230770778523934
1746163327.308219194,8.861432967085003,-0.7405287098531069
1746163327.312242985,8.861432967085003,-0.7405287098531069
1746163327.316746712,8.854858253037284,-0.7578371635559394
1746163327.320227385,8.854858253037284,-0.7578371635559394
1746163327.324273109,8.854858253037284,-0.7578371635559394
1746163327.328240871,8.847969992881358,-0.7749940381163108
1746163327.332234383,8.847969992881358,-0.7749940381163108
1746163327.336705685,8.840796315935929,-0.7920097340165997
1746163327.340276241,8.840796315935929,-0.7920097340165997
1746163327.344303846,8.840796315935929,-0.7920097340165997
1746163327.348258495,8.833314927085292,-0.8088729548172213
1746163327.352256298,8.833314927085292,-0.8088729548172213
1746163327.356878996,8.825580922743523,-0.8255346928878738
1746163327.360269308,8.825580922743523,-0.8255346928878738
1746163327.364262581,8.825580922743523,-0.8255346928878738
1746163327.368225336,8.817594654683061,-0.8419339533185923
1746163327.372222662,8.817594654683061,-0.8419339533185923
1746163327.376789093,8.809376494705754,-0.858101411510783
1746163327.380222321,8.809376494705754,-0.858101411510783
1746163327.384388924,8.809376494705754,-0.858101411510783
1746163327.388251305,8.800897932394998,-0.8740382981949881
1746163327.392285824,8.800897932394998,-0.8740382981949881
1746163327.396925688,8.792181996166937,-0.8897685236869984
1746163327.400214911,8.792181996166937,-0.8897685236869984
1746163327.404233694,8.792181996166937,-0.8897685236869984
1746163327.408268929,8.783203986088608,-0.9052867436985804
1746163327.412260294,8.783203986088608,-0.9052867436985804
1746163327.416700840,8.773988443583303,-0.9206128210644778
1746163327.420253038,8.773988443583303,-0.9206128210644778
1746163327.424273252,8.773988443583303,-0.9206128210644778
1746163327.428234577,8.764513074675875,-0.9357368200507727
1746163327.432261944,8.764513074675875,-0.9357368200507727
1746163327.436879635,8.754802940495102,-0.9506761355656341
1746163327.440270185,8.754802940495102,-0.9506761355656341
1746163327.444286346,8.754802940495102,-0.9506761355656341
1746163327.448218346,8.744837267370169,-0.9654174907556239
1746163327.452222347,8.744837267370169,-0.9654174907556239
1746163327.456889629,8.734684077484907,-0.9799158452578094
1746163327.460278749,8.734684077484907,-0.9799158452578094
1746163327.464236498,8.734684077484907,-0.9799158452578094
1746163327.468233824,8.72435850025418,-0.9941060245756989
1746163327.472320080,8.72435850025418,-0.9941060245756989
1746163327.476834774,8.71387310436908,-1.0080260825914547
1746163327.480254173,8.71387310436908,-1.0080260825914547
1746163327.484245062,8.71387310436908,-1.0080260825914547
1746163327.488246441,8.703197507759185,-1.0216755977713836
1746163327.492258787,8.703197507759185,-1.0216755977713836
1746163327.496799946,8.692348798475493,-1.0350851802613181
1746163327.500285387,8.692348798475493,-1.0350851802613181
1746163327.504265547,8.692348798475493,-1.0350851802613181
1746163327.508221149,8.681282581484531,-1.0482311103165403
1746163327.512311220,8.681282581484531,-1.0482311103165403
1746163327.516935110,8.669969198159809,-1.0610951850818862
1746163327.520245075,8.669969198159809,-1.0610951850818862
1746163327.524270296,8.669969198159809,-1.0610951850818862
1746163327.528202772,8.65843924720799,-1.0737080440736475
1746163327.532218456,8.65843924720799,-1.0737080440736475
1746163327.536722660,8.646679712720662,-1.086059679936954
1746163327.540271997,8.646679712720662,-1.086059679936954
1746163327.544219255,8.646679712720662,-1.086059679936954
1746163327.548198223,8.634716313787735,-1.0981748581857773
1746163327.552397490,8.634716313787735,-1.0981748581857773
1746163327.556697607,8.622534620125542,-1.1100382094748797
1746163327.560201168,8.622534620125542,-1.1100382094748797
1746163327.564245462,8.622534620125542,-1.1100382094748797
1746163327.568248987,8.610220442517718,-1.1216134154159796
1746163327.572224855,8.610220442517718,-1.1216134154159796
1746163327.576839447,8.597810011766656,-1.1328348697960517
1746163327.580201626,8.597810011766656,-1.1328348697960517
1746163327.584281683,8.597810011766656,-1.1328348697960517
1746163327.588224649,8.585306949510386,-1.1437459680819224
1746163327.592220306,8.585306949510386,-1.1437459680819224
1746163327.596699238,8.572680666833692,-1.1543426294806571
1746163327.600236177,8.572680666833692,-1.1543426294806571
1746163327.604259968,8.572680666833692,-1.1543426294806571
1746163327.608213663,8.559941028714476,-1.1646607257563528
1746163327.612215757,8.559941028714476,-1.1646607257563528
1746163327.616911888,8.547064720608978,-1.174689897337066
1746163327.620223045,8.547064720608978,-1.174689897337066
1746163327.624220133,8.547064720608978,-1.174689897337066
1746163327.628219128,8.534065307895677,-1.1844613469007028
1746163327.632289648,8.534065307895677,-1.1844613469007028
1746163327.636657476,8.520924154233397,-1.1939601904488084
1746163327.640218258,8.520924154233397,-1.1939601904488084
1746163327.644216776,8.520924154233397,-1.1939601904488084
1746163327.648267508,8.50765664935497,-1.2032144449579147
1746163327.652261019,8.50765664935497,-1.2032144449579147
1746163327.656679869,8.49424723620475,-1.2122058449943682
1746163327.660242796,8.49424723620475,-1.2122058449943682
1746163327.664237022,8.49424723620475,-1.2122058449943682
1746163327.668216705,8.480725711964606,-1.2209815155664145
1746163327.672219515,8.480725711964606,-1.2209815155664145
1746163327.676660538,8.467150991218894,-1.2295525701686925
1746163327.680279970,8.467150991218894,-1.2295525701686925
1746163327.684223175,8.467150991218894,-1.2295525701686925
1746163327.688223362,8.453533237072525,-1.237868441297961
1746163327.692254305,8.453533237072525,-1.237868441297961
1746163327.696691990,8.439884138980084,-1.2459785386400353
1746163327.700259209,8.439884138980084,-1.2459785386400353
1746163327.704228163,8.439884138980084,-1.2459785386400353
1746163327.708229780,8.426222854703388,-1.2539412303670454
1746163327.712289572,8.426222854703388,-1.2539412303670454
1746163327.716697454,8.412551425910092,-1.2617823086520918
1746163327.720294952,8.412551425910092,-1.2617823086520918
1746163327.724255323,8.412551425910092,-1.2617823086520918
1746163327.728246212,8.398825778859845,-1.2694417568114986
1746163327.732214928,8.398825778859845,-1.2694417568114986
1746163327.736691475,8.385016800820939,-1.2768781841092607
1746163327.740194798,8.385016800820939,-1.2768781841092607
1746163327.744220972,8.385016800820939,-1.2768781841092607
1746163327.748215675,8.37113644550131,-1.2841209482187104
1746163327.752227306,8.37113644550131,-1.2841209482187104
1746163327.756704330,8.357171384087467,-1.2911493391448783
1746163327.760253429,8.357171384087467,-1.2911493391448783
1746163327.764234543,8.357171384087467,-1.2911493391448783
1746163327.768214941,8.34313368206125,-1.2979902165735309
1746163327.772231817,8.34313368206125,-1.2979902165735309
1746163327.776769876,8.329011649896492,-1.304620786173149
1746163327.780225039,8.329011649896492,-1.304620786173149
1746163327.784300566,8.329011649896492,-1.304620786173149
1746163327.788221836,8.314817495310077,-1.3110668256878606
1746163327.792220354,8.314817495310077,-1.3110668256878606
1746163327.796724319,8.300498507451772,-1.3173232893807214
1746163327.800223112,8.300498507451772,-1.3173232893807214
1746163327.804219961,8.300498507451772,-1.3173232893807214
1746163327.808217764,8.286026425705664,-1.3234321110465799
1746163327.812266827,8.286026425705664,-1.3234321110465799
1746163327.816745043,8.27139706432333,-1.3293661188835515
1746163327.820268869,8.27139706432333,-1.3293661188835515
1746163327.824268818,8.27139706432333,-1.3293661188835515
1746163327.828472376,8.256625763420947,-1.3351458372342881
1746163327.832429647,8.256625763420947,-1.3351458372342881
1746163327.838284969,8.241708261676713,-1.3407429982266406
1746163327.841336727,8.241708261676713,-1.3407429982266406
1746163327.845431566,8.241708261676713,-1.3407429982266406
1746163327.850452423,8.226658811196103,-1.3461780309027955
1746163327.852890968,8.226658811196103,-1.3461780309027955
1746163327.857266903,8.211473432722027,-1.3514221487285305
1746163327.860268593,8.211473432722027,-1.3514221487285305
1746163327.864281178,8.211473432722027,-1.3514221487285305
1746163327.868240595,8.196165517989876,-1.3564960584073193
1746163327.872252226,8.196165517989876,-1.3564960584073193
1746163327.876823187,8.18073155503685,-1.3613707580040153
1746163327.880267620,8.18073155503685,-1.3613707580040153
1746163327.884202242,8.18073155503685,-1.3613707580040153
1746163327.888257027,8.165184177411236,-1.3660674069372127
1746163327.892227888,8.165184177411236,-1.3660674069372127
1746163327.896780252,8.14952043885323,-1.370556945708784
1746163327.900253057,8.14952043885323,-1.370556945708784
1746163327.904270649,8.14952043885323,-1.370556945708784
1746163327.908270836,8.133752255135402,-1.3748610568385216
1746163327.912239552,8.133752255135402,-1.3748610568385216
1746163327.916800022,8.117835833601937,-1.378961988247715
1746163327.920236349,8.117835833601937,-1.378961988247715
1746163327.924290895,8.117835833601937,-1.378961988247715
1746163327.928476810,8.101742574705073,-1.3828915511537636
1746163327.932433844,8.101742574705073,-1.3828915511537636
1746163327.940096140,8.085474575085643,-1.3866196176908916
1746163327.944580078,8.085474575085643,-1.3866196176908916
1746163327.951310873,8.06905042032838,-1.3901889956612958
1746163327.954726696,8.06905042032838,-1.3901889956612958
1746163327.958676577,8.052489532089188,-1.3936552011840813
1746163327.960764885,8.052489532089188,-1.3936552011840813
1746163327.964297771,8.052489532089188,-1.3936552011840813
1746163327.968223572,8.035802975565009,-1.397040829167368
1746163327.972282410,8.035802975565009,-1.397040829167368
1746163327.977028370,8.018987432309006,-1.400299077228958
1746163327.980230808,8.018987432309006,-1.400299077228958
1746163327.984261990,8.018987432309006,-1.400299077228958
1746163327.988214970,8.002050784007379,-1.403438763886857
1746163327.992252350,8.002050784007379,-1.403438763886857
1746163327.996721983,7.984992089829144,-1.4064215322377123
1746163328.000326157,7.984992089829144,-1.4064215322377123
1746163328.004213810,7.984992089829144,-1.4064215322377123
1746163328.008193970,7.9678240610334825,-1.4092866574432332
1746163328.012271643,7.9678240610334825,-1.4092866574432332
1746163328.016685724,7.950556815233493,-1.4120640544046734
1746163328.020297050,7.950556815233493,-1.4120640544046734
1746163328.024255514,7.950556815233493,-1.4120640544046734
1746163328.028491020,7.933188488824684,-1.4147114614408094
1746163328.032493114,7.933188488824684,-1.4147114614408094
1746163328.038753033,7.9156851514944275,-1.4172480064812418
1746163328.042172909,7.9156851514944275,-1.4172480064812418
1746163328.045847178,7.9156851514944275,-1.4172480064812418
1746163328.050545216,7.898007718989721,-1.4196444542811304
1746163328.053130865,7.898007718989721,-1.4196444542811304
1746163328.057446480,7.880167066416628,-1.4219170190581911
1746163328.060211182,7.880167066416628,-1.4219170190581911
1746163328.064212561,7.880167066416628,-1.4219170190581911
1746163328.068241119,7.862167444410489,-1.4240329595961916
1746163328.072251558,7.862167444410489,-1.4240329595961916
1746163328.076844931,7.844019163519177,-1.4260106501223888
1746163328.080219507,7.844019163519177,-1.4260106501223888
1746163328.084412575,7.844019163519177,-1.4260106501223888
1746163328.088423729,7.825726703558491,-1.4278186533379964
1746163328.092319489,7.825726703558491,-1.4278186533379964
1746163328.097133875,7.807299672635247,-1.4294767632033643
1746163328.100265026,7.807299672635247,-1.4294767632033643
1746163328.104296207,7.807299672635247,-1.4294767632033643
1746163328.108232737,7.788742738395625,-1.430954345670396
1746163328.112348318,7.788742738395625,-1.430954345670396
1746163328.116837978,7.770064748388253,-1.4322722128457905
1746163328.120268583,7.770064748388253,-1.4322722128457905
1746163328.124228477,7.770064748388253,-1.4322722128457905
1746163328.128227472,7.7512691842742,-1.4333759385338791
1746163328.132312536,7.7512691842742,-1.4333759385338791
1746163328.136795998,7.732328608499228,-1.4342240898409913
1746163328.140288591,7.732328608499228,-1.4342240898409913
1746163328.144216299,7.732328608499228,-1.4342240898409913
1746163328.148257017,7.713220949781253,-1.4348482726915155
1746163328.152315855,7.713220949781253,-1.4348482726915155
1746163328.156793833,7.693956007599546,-1.4352243823320843
1746163328.160286903,7.693956007599546,-1.4352243823320843
1746163328.164244413,7.693956007599546,-1.4352243823320843
1746163328.168222189,7.67454439963393,-1.4353769971555463
1746163328.172333479,7.67454439963393,-1.4353769971555463
1746163328.176795959,7.654995673937871,-1.4352790570069287
1746163328.180278063,7.654995673937871,-1.4352790570069287
1746163328.184204340,7.654995673937871,-1.4352790570069287
1746163328.188227415,7.6353191351911445,-1.434953459303789
1746163328.192260742,7.6353191351911445,-1.434953459303789
1746163328.197077751,7.615524382196763,-1.4343717910439673
1746163328.200863838,7.615524382196763,-1.4343717910439673
1746163328.204264402,7.615524382196763,-1.4343717910439673
1746163328.208271742,7.595619613558657,-1.433556359805622
1746163328.212229490,7.595619613558657,-1.433556359805622
1746163328.217061281,7.575614633971439,-1.4324782315552547
1746163328.220262289,7.575614633971439,-1.4324782315552547
1746163328.224380732,7.575614633971439,-1.4324782315552547
1746163328.228283882,7.555516634578368,-1.4311596668984798
1746163328.232273340,7.555516634578368,-1.4311596668984798
1746163328.236764431,7.535309486107143,-1.4295700454985212
1746163328.240218878,7.535309486107143,-1.4295700454985212
1746163328.244268656,7.535309486107143,-1.4295700454985212
1746163328.248216867,7.514974483027405,-1.4277296187389545
1746163328.252262115,7.514974483027405,-1.4277296187389545
1746163328.256908417,7.49452446520538,-1.4256098010575777
1746163328.260233641,7.49452446520538,-1.4256098010575777
1746163328.264257908,7.49452446520538,-1.4256098010575777
1746163328.268263102,7.473964319969427,-1.4232563268947132
1746163328.272402763,7.473964319969427,-1.4232563268947132
1746163328.276861668,7.453295326037889,-1.4207302359970835
1746163328.280262470,7.453295326037889,-1.4207302359970835
1746163328.284256935,7.453295326037889,-1.4207302359970835
1746163328.288239717,7.432521051475548,-1.4180613036953138
1746163328.292251825,7.432521051475548,-1.4180613036953138
1746163328.297069311,7.411653704281931,-1.4152085977323856
1746163328.300282240,7.411653704281931,-1.4152085977323856
1746163328.304321766,7.411653704281931,-1.4152085977323856
1746163328.308473110,7.390698242128656,-1.4121860466589697
1746163328.312608242,7.390698242128656,-1.4121860466589697
1746163328.318351984,7.369666350281404,-1.4089595816851466
1746163328.321635485,7.369666350281404,-1.4089595816851466
1746163328.324816704,7.369666350281404,-1.4089595816851466
1746163328.329906464,7.348561788614285,-1.405547988544375
1746163328.332268476,7.348561788614285,-1.405547988544375
1746163328.337220430,7.32737586266513,-1.4019172916258722
1746163328.340253353,7.32737586266513,-1.4019172916258722
1746163328.344240189,7.32737586266513,-1.4019172916258722
1746163328.348269224,7.306092154660737,-1.3980852087249194
1746163328.352226973,7.306092154660737,-1.3980852087249194
1746163328.356782198,7.284723941195457,-1.3940232834598274
1746163328.360242844,7.284723941195457,-1.3940232834598274
1746163328.364249229,7.284723941195457,-1.3940232834598274
1746163328.368227243,7.263270136448768,-1.3897775637424494
1746163328.372238636,7.263270136448768,-1.3897775637424494
1746163328.376749516,7.241730041459557,-1.3853860257991837
1746163328.380258083,7.241730041459557,-1.3853860257991837
1746163328.384273529,7.241730041459557,-1.3853860257991837
1746163328.388243437,7.220117127845243,-1.3808143344854744
1746163328.392272711,7.220117127845243,-1.3808143344854744
1746163328.396751642,7.198433793061795,-1.3760810505662953
1746163328.400258541,7.198433793061795,-1.3760810505662953
1746163328.404259920,7.198433793061795,-1.3760810505662953
1746163328.408367395,7.176692778182781,-1.3711561100881284
1746163328.412222147,7.176692778182781,-1.3711561100881284
1746163328.416729689,7.154895220870645,-1.3660610343662292
1746163328.420247078,7.154895220870645,-1.3660610343662292
1746163328.424795866,7.154895220870645,-1.3660610343662292
1746163328.428178787,7.1330455068875525,-1.3607407909627267
1746163328.432230711,7.1330455068875525,-1.3607407909627267
1746163328.436800241,7.111147544441235,-1.355149623917011
1746163328.440269709,7.111147544441235,-1.355149623917011
1746163328.444263935,7.111147544441235,-1.355149623917011
1746163328.448256969,7.089201803101958,-1.3493173133853897
1746163328.452258825,7.089201803101958,-1.3493173133853897
1746163328.456798315,7.06722189140407,-1.3432218296112035
1746163328.460272074,7.06722189140407,-1.3432218296112035
1746163328.464255571,7.06722189140407,-1.3432218296112035
1746163328.468255043,7.045207973897518,-1.3368895586772338
1746163328.472218513,7.045207973897518,-1.3368895586772338
1746163328.476686239,7.0231742471115535,-1.3302963629179865
1746163328.480272770,7.0231742471115535,-1.3302963629179865
1746163328.484265804,7.0231742471115535,-1.3302963629179865
1746163328.488257885,7.001120269040574,-1.3234672607277158
1746163328.492221355,7.001120269040574,-1.3234672607277158
1746163328.496688366,6.979060612908233,-1.3163773586917737
1746163328.500268936,6.979060612908233,-1.3163773586917737
1746163328.504265308,6.979060612908233,-1.3163773586917737
1746163328.508221149,6.956994098155713,-1.3090511552273636
1746163328.512289762,6.956994098155713,-1.3090511552273636
1746163328.516757488,6.9349268696282635,-1.3014607272050378
1746163328.520269156,6.9349268696282635,-1.3014607272050378
1746163328.524222851,6.9349268696282635,-1.3014607272050378
1746163328.528259277,6.912848725362797,-1.2936274563913508
1746163328.532219410,6.912848725362797,-1.2936274563913508
1746163328.536720991,6.8907755580929235,-1.2855267536039419
1746163328.540259838,6.8907755580929235,-1.2855267536039419
1746163328.544327497,6.8907755580929235,-1.2855267536039419
1746163328.548236609,6.868705472447884,-1.2771828565519818
1746163328.552233219,6.868705472447884,-1.2771828565519818
1746163328.556747437,6.846654574511396,-1.2685712872972563
1746163328.560239077,6.846654574511396,-1.2685712872972563
1746163328.564227581,6.846654574511396,-1.2685712872972563
1746163328.568205357,6.824620123686123,-1.2597162323033217
1746163328.572204590,6.824620123686123,-1.2597162323033217
1746163328.577051878,6.802618457449369,-1.2505934058524957
1746163328.580232859,6.802618457449369,-1.2505934058524957
1746163328.584244251,6.802618457449369,-1.2505934058524957
1746163328.588267803,6.780646005008881,-1.2412269747605142
1746163328.592263222,6.780646005008881,-1.2412269747605142
1746163328.596905231,6.758709783782327,-1.2315888564612003
1746163328.600219965,6.758709783782327,-1.2315888564612003
1746163328.604279041,6.758709783782327,-1.2315888564612003
1746163328.608290672,6.7367963982080425,-1.221699111412159
1746163328.612292528,6.7367963982080425,-1.221699111412159
1746163328.616900444,6.7149235137954895,-1.211534512008721
1746163328.620216846,6.7149235137954895,-1.211534512008721
1746163328.624319553,6.7149235137954895,-1.211534512008721
1746163328.628244638,6.693086933875549,-1.2011192311234042
1746163328.632222652,6.693086933875549,-1.2011192311234042
1746163328.636917114,6.671304551065907,-1.1904302431870355
1746163328.640273094,6.671304551065907,-1.1904302431870355
1746163328.644263983,6.671304551065907,-1.1904302431870355
1746163328.648231030,6.649571339649853,-1.17949161445708
1746163328.652229071,6.649571339649853,-1.17949161445708
1746163328.656880856,6.627905443435762,-1.1682805609424214
1746163328.660241365,6.627905443435762,-1.1682805609424214
1746163328.664482117,6.627905443435762,-1.1682805609424214
1746163328.670738220,6.606301027830661,-1.1568210506997532
1746163328.674298286,6.606301027830661,-1.1568210506997532
1746163328.682160616,6.584764841656544,-1.1450844344339242
1746163328.688483715,6.563279306283636,-1.1330884346718761
1746163328.692799330,6.563279306283636,-1.1330884346718761
1746163328.698688030,6.541864081773692,-1.1208116208937855
1746163328.702193975,6.541864081773692,-1.1208116208937855
1746163328.705454588,6.541864081773692,-1.1208116208937855
1746163328.709892988,6.520513003509384,-1.108277919566472
1746163328.712487698,6.520513003509384,-1.108277919566472
1746163328.717524290,6.499245965223546,-1.095466096066735
1746163328.720197439,6.499245965223546,-1.095466096066735
1746163328.724274874,6.499245965223546,-1.095466096066735
1746163328.728283167,6.478042803437237,-1.0824211607912255
1746163328.732257843,6.478042803437237,-1.0824211607912255
1746163328.736782074,6.456886302920121,-1.0691807233955728
1746163328.740278721,6.456886302920121,-1.0691807233955728
1746163328.744524717,6.456886302920121,-1.0691807233955728
1746163328.750535250,6.435798731397463,-1.0557181636985078
1746163328.753497839,6.435798731397463,-1.0557181636985078
1746163328.758767843,6.414759188076912,-1.0420745271267187
1746163328.761553049,6.414759188076912,-1.0420745271267187
1746163328.764430046,6.414759188076912,-1.0420745271267187
1746163328.768286228,6.393718085489578,-1.0282935014952899
1746163328.772333622,6.393718085489578,-1.0282935014952899
1746163328.777017593,6.372628516779509,-1.0144147215661434
1746163328.780286551,6.372628516779509,-1.0144147215661434
1746163328.784280777,6.372628516779509,-1.0144147215661434
1746163328.788223028,6.351462811451011,-1.000488508211063
1746163328.792273521,6.351462811451011,-1.000488508211063
1746163328.796725512,6.33019379621484,-0.9865640587051893
1746163328.800250292,6.33019379621484,-0.9865640587051893
1746163328.804327965,6.33019379621484,-0.9865640587051893
1746163328.808243275,6.30879467563716,-0.9726903189038912
1746163328.812292099,6.30879467563716,-0.9726903189038912
1746163328.816715717,6.287252497265164,-0.9588955400138945
1746163328.820269108,6.287252497265164,-0.9588955400138945
1746163328.824219704,6.287252497265164,-0.9588955400138945
1746163328.828253984,6.265591630732271,-0.9451496483115864
1746163328.832336426,6.265591630732271,-0.9451496483115864
1746163328.836776972,6.243782743629918,-0.9314566654442947
1746163328.840284824,6.243782743629918,-0.9314566654442947
1746163328.844257593,6.243782743629918,-0.9314566654442947
1746163328.848278522,6.221822804001139,-0.9177808792402183
1746163328.852230310,6.221822804001139,-0.9177808792402183
1746163328.856683731,6.199703475706922,-0.9041472303906251
1746163328.860218763,6.199703475706922,-0.9041472303906251
1746163328.864280701,6.199703475706922,-0.9041472303906251
1746163328.868248940,6.177442614055697,-0.8905378722586214
1746163328.872260571,6.177442614055697,-0.8905378722586214
1746163328.876744747,6.155030685931019,-0.8769791112527551
1746163328.880337954,6.155030685931019,-0.8769791112527551
1746163328.884217262,6.155030685931019,-0.8769791112527551
1746163328.888253212,6.1324845775180155,-0.8634533733418083
1746163328.892260790,6.1324845775180155,-0.8634533733418083
1746163328.897126436,6.109794315026006,-0.849987263174454
1746163328.900226593,6.109794315026006,-0.849987263174454
1746163328.904287815,6.109794315026006,-0.849987263174454
1746163328.908275843,6.08697626617896,-0.8365628460881536
1746163328.912274122,6.08697626617896,-0.8365628460881536
1746163328.916728020,6.064013322158782,-0.8232024869256976
1746163328.920214415,6.064013322158782,-0.8232024869256976
1746163328.924221277,6.064013322158782,-0.8232024869256976
1746163328.928254128,6.040914742025201,-0.8098838890887581
1746163328.932268620,6.040914742025201,-0.8098838890887581
1746163328.936697245,6.017671102996329,-0.7966336315883146
1746163328.940260410,6.017671102996329,-0.7966336315883146
1746163328.944293261,6.017671102996329,-0.7966336315883146
1746163328.948267698,5.9942986116231,-0.7834331859884364
1746163328.952258825,5.9942986116231,-0.7834331859884364
1746163328.956693172,5.970787774663782,-0.7703089360456957
1746163328.960269690,5.970787774663782,-0.7703089360456957
1746163328.964321375,5.970787774663782,-0.7703089360456957
1746163328.968253136,5.947154431944637,-0.7572417754527139
1746163328.972315788,5.947154431944637,-0.7572417754527139
1746163328.976720810,5.92338904315573,-0.7442579313617571
1746163328.980265379,5.92338904315573,-0.7442579313617571
1746163328.984260321,5.92338904315573,-0.7442579313617571
1746163328.988225222,5.899504742545629,-0.7313365050187043
1746163328.992321253,5.899504742545629,-0.7313365050187043
1746163328.996774912,5.875489757097938,-0.718502353096064
1746163329.000259876,5.875489757097938,-0.718502353096064
1746163329.004230976,5.875489757097938,-0.718502353096064
1746163329.008257627,5.851359387346837,-0.7057355392220809
1746163329.012263298,5.851359387346837,-0.7057355392220809
1746163329.016723633,5.827104294213576,-0.6930621419016693
1746163329.020329475,5.827104294213576,-0.6930621419016693
1746163329.024264574,5.827104294213576,-0.6930621419016693
1746163329.028274775,5.802739403568954,-0.680461771839568
1746163329.032223940,5.802739403568954,-0.680461771839568
1746163329.036984444,5.778255368726361,-0.6679604368804255
1746163329.040258884,5.778255368726361,-0.6679604368804255
1746163329.044206619,5.778255368726361,-0.6679604368804255
1746163329.048215389,5.753666747621161,-0.655537332446174
1746163329.052261591,5.753666747621161,-0.655537332446174
1746163329.056845665,5.7289540837237585,-0.6432132590837164
1746163329.060278416,5.7289540837237585,-0.6432132590837164
1746163329.064221382,5.7289540837237585,-0.6432132590837164
1746163329.068271399,5.704121821584704,-0.6309623359834305
1746163329.072232723,5.704121821584704,-0.6309623359834305
1746163329.076724291,5.679161710075591,-0.6188107496669275
1746163329.080223560,5.679161710075591,-0.6188107496669275
1746163329.084240437,5.679161710075591,-0.6188107496669275
1746163329.088238478,5.6540883673247295,-0.6067376571979602
1746163329.092396498,5.6540883673247295,-0.6067376571979602
1746163329.096829653,5.628882723104317,-0.5947919927749337
1746163329.100252390,5.628882723104317,-0.5947919927749337
1746163329.104226589,5.628882723104317,-0.5947919927749337
1746163329.108222246,5.603529282538583,-0.5830167278440103
1746163329.112230778,5.603529282538583,-0.5830167278440103
1746163329.116845369,5.57804467731553,-0.5713864637310174
1746163329.120272160,5.57804467731553,-0.5713864637310174
1746163329.124223232,5.57804467731553,-0.5713864637310174
1746163329.128220558,5.552412542120566,-0.5599210545475305
1746163329.132236004,5.552412542120566,-0.5599210545475305
1746163329.138462782,5.526637758345524,-0.5485942017623657
1746163329.141308069,5.526637758345524,-0.5485942017623657
1746163329.144743919,5.526637758345524,-0.5485942017623657
1746163329.150790453,5.500713838762975,-0.5374329200906396
1746163329.154096842,5.500713838762975,-0.5374329200906396
1746163329.161350489,5.474664601158266,-0.5263934653678395
1746163329.164834023,5.474664601158266,-0.5263934653678395
1746163329.168538332,5.448520043121886,-0.5154148753970348
1746163329.172284126,5.448520043121886,-0.5154148753970348
1746163329.177289724,5.422307625413822,-0.5044401016911079
1746163329.180262327,5.422307625413822,-0.5044401016911079
1746163329.184311867,5.422307625413822,-0.5044401016911079
1746163329.188242912,5.396043916863196,-0.49343715367319685
1746163329.192221880,5.396043916863196,-0.49343715367319685
1746163329.196731091,5.36970062840071,-0.48246025930504427
1746163329.200257778,5.36970062840071,-0.48246025930504427
1746163329.204258204,5.36970062840071,-0.48246025930504427
1746163329.208225489,5.343245005836602,-0.47157607084313946
1746163329.212282419,5.343245005836602,-0.47157607084313946
1746163329.217193365,5.316665030680653,-0.46082434974276903
1746163329.220252037,5.316665030680653,-0.46082434974276903
1746163329.224215984,5.316665030680653,-0.46082434974276903
1746163329.228235960,5.289976822623624,-0.45017569729001083
1746163329.232259274,5.289976822623624,-0.45017569729001083
1746163329.236719847,5.263175588338426,-0.43965212949197985
1746163329.240226984,5.263175588338426,-0.43965212949197985
1746163329.244258881,5.263175588338426,-0.43965212949197985
1746163329.248314142,5.236274956825252,-0.4292285967910542
1746163329.252222538,5.236274956825252,-0.4292285967910542
1746163329.256779432,5.209268830945143,-0.4189301907897256
1746163329.260256529,5.209268830945143,-0.4189301907897256
1746163329.264261723,5.209268830945143,-0.4189301907897256
1746163329.268258572,5.182169868281893,-0.40873365108841075
1746163329.272228003,5.182169868281893,-0.40873365108841075
1746163329.277016878,5.154971752267279,-0.39866543582072583
1746163329.280369997,5.154971752267279,-0.39866543582072583
1746163329.284280062,5.154971752267279,-0.39866543582072583
1746163329.288269758,5.127686139658501,-0.3887026511450009
1746163329.292392492,5.127686139658501,-0.3887026511450009
1746163329.297110081,5.100306312074176,-0.37887210596639276
1746163329.300226927,5.100306312074176,-0.37887210596639276
1746163329.304321051,5.100306312074176,-0.37887210596639276
1746163329.308250427,5.072843457592132,-0.36915088274809027
1746163329.312304020,5.072843457592132,-0.36915088274809027
1746163329.316700697,5.045290905725838,-0.35956591027368073
1746163329.320264816,5.045290905725838,-0.35956591027368073
1746163329.324270725,5.045290905725838,-0.35956591027368073
1746163329.328268528,5.017659470280848,-0.35009404535266286
1746163329.332489729,5.017659470280848,-0.35009404535266286
1746163329.338494539,4.989948699371217,-0.3407643158000958
1746163329.341464758,4.989948699371217,-0.3407643158000958
1746163329.345084190,4.989948699371217,-0.3407643158000958
1746163329.350546598,4.962174924373264,-0.3315551622977886
1746163329.353690147,4.962174924373264,-0.3315551622977886
1746163329.357676506,4.934331134165022,-0.3224933897264905
1746163329.360255003,4.934331134165022,-0.3224933897264905
1746163329.364278078,4.934331134165022,-0.3224933897264905
1746163329.368281364,4.906426985496719,-0.31355494107707793
1746163329.372434139,4.906426985496719,-0.31355494107707793
1746163329.377489090,4.878455694533006,-0.3047665694479396
1746163329.380339622,4.878455694533006,-0.3047665694479396
1746163329.384296417,4.878455694533006,-0.3047665694479396
1746163329.388314962,4.850426644174926,-0.29610395110011783
1746163329.392283440,4.850426644174926,-0.29610395110011783
1746163329.397164583,4.822333286212301,-0.28759378278214437
1746163329.400281191,4.822333286212301,-0.28759378278214437
1746163329.404334307,4.822333286212301,-0.28759378278214437
1746163329.408271313,4.794240677517397,-0.2792279987033505
1746163329.412358284,4.794240677517397,-0.2792279987033505
1746163329.417155981,4.766188627741971,-0.27104783880120786
1746163329.420284748,4.766188627741971,-0.27104783880120786
1746163329.424292803,4.766188627741971,-0.27104783880120786
1746163329.428319216,4.738168960317361,-0.26302214091298015
1746163329.432286024,4.738168960317361,-0.26302214091298015
1746163329.437458038,4.710161179569436,-0.25517431870701135
1746163329.440290928,4.710161179569436,-0.25517431870701135
1746163329.444296360,4.710161179569436,-0.25517431870701135
1746163329.448240519,4.682162498363471,-0.24747513214556166
1746163329.452260971,4.682162498363471,-0.24747513214556166
1746163329.456857204,4.654157499040523,-0.23994897676118626
1746163329.460269928,4.654157499040523,-0.23994897676118626
1746163329.464245081,4.654157499040523,-0.23994897676118626
1746163329.468278646,4.626235826455892,-0.2325905685940038
1746163329.472297907,4.626235826455892,-0.2325905685940038
1746163329.476911783,4.5984571801256156,-0.22544479120743938
1746163329.480264425,4.5984571801256156,-0.22544479120743938
1746163329.484261513,4.5984571801256156,-0.22544479120743938
1746163329.488268137,4.570794367268303,-0.21847418274304758
1746163329.492267370,4.570794367268303,-0.21847418274304758
1746163329.496853352,4.54321262109933,-0.21169920735862363
1746163329.500288010,4.54321262109933,-0.21169920735862363
1746163329.504275560,4.54321262109933,-0.21169920735862363
1746163329.508244991,4.515696429726185,-0.2050862489257959
1746163329.512303829,4.515696429726185,-0.2050862489257959
1746163329.516856432,4.488221394397439,-0.19865755079974742
1746163329.520240545,4.488221394397439,-0.19865755079974742
1746163329.524242163,4.488221394397439,-0.19865755079974742
1746163329.528247118,4.46077964620033,-0.19238160515474556
1746163329.532283068,4.46077964620033,-0.19238160515474556
1746163329.536849499,4.433476469944299,-0.18630925397299822
1746163329.540282726,4.433476469944299,-0.18630925397299822
1746163329.544249296,4.433476469944299,-0.18630925397299822
1746163329.548300743,4.406408908859679,-0.18042996363595007
1746163329.552469492,4.406408908859679,-0.18042996363595007
1746163329.558298349,4.379521246876459,-0.17476092241277952
1746163329.561574936,4.379521246876459,-0.17476092241277952
1746163329.569595337,4.352779736873994,-0.16926360817290426
1746163329.574106932,4.352779736873994,-0.16926360817290426
1746163329.579116344,4.326146503791308,-0.1639583209749992
1746163329.581755161,4.326146503791308,-0.1639583209749992
1746163329.584472418,4.326146503791308,-0.1639583209749992
1746163329.588250875,4.2996014085983605,-0.15881013811620262
1746163329.592266321,4.2996014085983605,-0.15881013811620262
1746163329.596953630,4.273118456749374,-0.15384087491819165
1746163329.600231171,4.273118456749374,-0.15384087491819165
1746163329.604260683,4.273118456749374,-0.15384087491819165
1746163329.608213902,4.246686338054272,-0.14901779110078042
1746163329.612260103,4.246686338054272,-0.14901779110078042
1746163329.616675854,4.220410692343968,-0.14438574919005998
1746163329.620208263,4.220410692343968,-0.14438574919005998
1746163329.624303341,4.220410692343968,-0.14438574919005998
1746163329.628216743,4.194386564100023,-0.13992867880212165
1746163329.632281303,4.194386564100023,-0.13992867880212165
1746163329.636654854,4.168557946838343,-0.13566534281173737
1746163329.640264750,4.168557946838343,-0.13566534281173737
1746163329.644253016,4.168557946838343,-0.13566534281173737
1746163329.648211241,4.142892848966686,-0.1315308336479348
1746163329.652213335,4.142892848966686,-0.1315308336479348
1746163329.656739950,4.117364784423211,-0.12747351001103144
1746163329.660241604,4.117364784423211,-0.12747351001103144
1746163329.664286137,4.117364784423211,-0.12747351001103144
1746163329.668233633,4.091940816213983,-0.12352321453794497
1746163329.672297239,4.091940816213983,-0.12352321453794497
1746163329.676714420,4.066602765269996,-0.11965049331119378
1746163329.680222750,4.066602765269996,-0.11965049331119378
1746163329.684247017,4.066602765269996,-0.11965049331119378
1746163329.688273191,4.0414517937691725,-0.11589813148217466
1746163329.692255259,4.0414517937691725,-0.11589813148217466
1746163329.696939230,4.016577870140447,-0.11224762998241988
1746163329.700255394,4.016577870140447,-0.11224762998241988
1746163329.704218626,4.016577870140447,-0.11224762998241988
1746163329.708217859,3.9919226559617984,-0.10871958394899255
1746163329.712262154,3.9919226559617984,-0.10871958394899255
1746163329.716699600,3.9674505950489465,-0.10524946933095916
1746163329.720257998,3.9674505950489465,-0.10524946933095916
1746163329.724260569,3.9674505950489465,-0.10524946933095916
1746163329.728246689,3.9431363449886816,-0.10175980597909424
1746163329.732226133,3.9431363449886816,-0.10175980597909424
1746163329.736727238,3.9189603730977867,-0.09818318698708092
1746163329.740213394,3.9189603730977867,-0.09818318698708092
1746163329.744234800,3.9189603730977867,-0.09818318698708092
1746163329.748238087,3.8949087270738953,-0.09445789366608874
1746163329.752217293,3.8949087270738953,-0.09445789366608874
1746163329.756669998,3.870972689518259,-0.09052555883446901
1746163329.760270357,3.870972689518259,-0.09052555883446901
1746163329.764259815,3.870972689518259,-0.09052555883446901
1746163329.768253565,3.847265851576515,-0.08637129730084006
1746163329.772256613,3.847265851576515,-0.08637129730084006
1746163329.776805162,3.8238681932656577,-0.08205565782825883
1746163329.780230045,3.8238681932656577,-0.08205565782825883
1746163329.784274817,3.8238681932656577,-0.08205565782825883
1746163329.788255215,3.8007331612146262,-0.07755348711949935
1746163329.792269945,3.8007331612146262,-0.07755348711949935
1746163329.796896935,3.7778140433016576,-0.07289279519094675
1746163329.800217628,3.7778140433016576,-0.07289279519094675
1746163329.804258347,3.7778140433016576,-0.07289279519094675
1746163329.808208466,3.7550840624217345,-0.06804227617325169
1746163329.812249899,3.7550840624217345,-0.06804227617325169
1746163329.816771030,3.7325113582705836,-0.06302685529715592
1746163329.820262194,3.7325113582705836,-0.06302685529715592
1746163329.824242353,3.7325113582705836,-0.06302685529715592
1746163329.828271389,3.7100814897681533,-0.05781623865859731
1746163329.832286835,3.7100814897681533,-0.05781623865859731
1746163329.836838961,3.6877717335681792,-0.05243581217033758
1746163329.840237141,3.6877717335681792,-0.05243581217033758
1746163329.844237328,3.6877717335681792,-0.05243581217033758
1746163329.848265648,3.665685736350678,-0.04688472592665223
1746163329.852235317,3.665685736350678,-0.04688472592665223
1746163329.857197762,3.643894920238583,-0.041214233551077936
1746163329.860297441,3.643894920238583,-0.041214233551077936
1746163329.864265203,3.643894920238583,-0.041214233551077936
1746163329.868275642,3.622360768366497,-0.0353860663112426
1746163329.872249126,3.622360768366497,-0.0353860663112426
1746163329.876869202,3.6010386096216918,-0.029421223264264502
1746163329.880283356,3.6010386096216918,-0.029421223264264502
1746163329.884234905,3.6010386096216918,-0.029421223264264502
1746163329.888262510,3.579906441572077,-0.02328651552513748
1746163329.892277956,3.579906441572077,-0.02328651552513748
1746163329.896860838,3.5589323073644556,-0.017005690931128803
1746163329.900240183,3.5589323073644556,-0.017005690931128803
1746163329.904255629,3.5589323073644556,-0.017005690931128803
1746163329.908266544,3.538104994005458,-0.010549353942461521
1746163329.912266254,3.538104994005458,-0.010549353942461521
1746163329.916899443,3.5174006833829448,-0.003942922559118508
1746163329.920260906,3.5174006833829448,-0.003942922559118508
1746163329.924275160,3.5174006833829448,-0.003942922559118508
1746163329.928241253,3.4968153996325606,0.0028407295632773416
1746163329.932239294,3.4968153996325606,0.0028407295632773416
1746163329.936788797,3.476433675424031,0.009739804162944614
1746163329.940240622,3.476433675424031,0.009739804162944614
1746163329.944254160,3.476433675424031,0.009739804162944614
1746163329.948239803,3.45634032854708,0.016752323613814027
1746163329.952263832,3.45634032854708,0.016752323613814027
1746163329.956921339,3.436483672309269,0.023861390483511824
1746163329.960233688,3.436483672309269,0.023861390483511824
1746163329.964243889,3.436483672309269,0.023861390483511824
1746163329.968248129,3.4168398039695904,0.031103227529598335
1746163329.972238779,3.4168398039695904,0.031103227529598335
1746163329.976826906,3.397371535936485,0.0384574040839797
1746163329.980224133,3.397371535936485,0.0384574040839797
1746163329.984253407,3.397371535936485,0.0384574040839797
1746163329.988255501,3.378066914503651,0.045955263986383374
1746163329.992282629,3.378066914503651,0.045955263986383374
1746163329.996663332,3.3588979811874795,0.05357388548419735
1746163330.000303745,3.3588979811874795,0.05357388548419735
1746163330.004226446,3.3588979811874795,0.05357388548419735
1746163330.008266926,3.3398607479561475,0.061341493645839074
1746163330.012278557,3.3398607479561475,0.061341493645839074
1746163330.016746759,3.3209332309200152,0.06923385109978558
1746163330.020253181,3.3209332309200152,0.06923385109978558
1746163330.024217129,3.3209332309200152,0.06923385109978558
1746163330.028250456,3.302116869891681,0.0772773468229562
1746163330.032225609,3.302116869891681,0.0772773468229562
1746163330.036699533,3.283484283353487,0.08540702740909951
1746163330.040218830,3.283484283353487,0.08540702740909951
1746163330.044254303,3.283484283353487,0.08540702740909951
1746163330.048291445,3.265125676282419,0.09364129974443236
1746163330.052219391,3.265125676282419,0.09364129974443236
1746163330.056708097,3.247022777484436,0.1020300783574293
1746163330.060229778,3.247022777484436,0.1020300783574293
1746163330.064267159,3.247022777484436,0.1020300783574293
1746163330.068260431,3.229130678056575,0.11054657942671134
1746163330.072475910,3.229130678056575,0.11054657942671134
1746163330.078363180,3.2114361407893153,0.11921793419186609
1746163330.081408262,3.2114361407893153,0.11921793419186609
1746163330.085626364,3.2114361407893153,0.11921793419186609
1746163330.093512297,3.193906613177026,0.1280204780378178
1746163330.099396706,3.1765387452236307,0.1369808035719744
1746163330.102890253,3.1765387452236307,0.1369808035719744
1746163330.105920315,3.1765387452236307,0.1369808035719744
1746163330.109907866,3.1592950339407784,0.14605249363387396
1746163330.112231493,3.1592950339407784,0.14605249363387396
1746163330.117454767,3.1421336550430325,0.1551782143706668
1746163330.120208740,3.1421336550430325,0.1551782143706668
1746163330.124267340,3.1421336550430325,0.1551782143706668
1746163330.128267765,3.125103347061688,0.16425940560498625
1746163330.132260323,3.125103347061688,0.16425940560498625
1746163330.136743546,3.1082546646759126,0.17323749898961663
1746163330.140223980,3.1082546646759126,0.17323749898961663
1746163330.144296169,3.1082546646759126,0.17323749898961663
1746163330.148260593,3.091589775072411,0.1822006502324322
1746163330.152512550,3.091589775072411,0.1822006502324322
1746163330.158432961,3.0751185793893567,0.19123348917429056
1746163330.161551237,3.0751185793893567,0.19123348917429056
1746163330.165176868,3.0751185793893567,0.19123348917429056
1746163330.169584274,3.058849526864043,0.20040165728220471
1746163330.172288895,3.058849526864043,0.20040165728220471
1746163330.177157402,3.0427921289161968,0.20975847512669343
1746163330.180224895,3.0427921289161968,0.20975847512669343
1746163330.184257507,3.0427921289161968,0.20975847512669343
1746163330.188258648,3.0269580410541232,0.21934869845720692
1746163330.192243576,3.0269580410541232,0.21934869845720692
1746163330.196710110,3.011361489974667,0.22921072735446305
1746163330.200225353,3.011361489974667,0.22921072735446305
1746163330.204221249,3.011361489974667,0.22921072735446305
1746163330.208231449,2.9960051496170945,0.23935663287890047
1746163330.212298870,2.9960051496170945,0.23935663287890047
1746163330.216743708,2.980855051308145,0.24973993283469798
1746163330.220234394,2.980855051308145,0.24973993283469798
1746163330.224217892,2.980855051308145,0.24973993283469798
1746163330.228266478,2.965993583329591,0.2603119676562298
1746163330.232472420,2.965993583329591,0.2603119676562298
1746163330.238525867,2.951458051270993,0.27099096833638187
1746163330.241768360,2.951458051270993,0.27099096833638187
1746163330.245283842,2.951458051270993,0.27099096833638187
1746163330.249829292,2.9372306426214023,0.28180967279687796
1746163330.252423048,2.9372306426214023,0.28180967279687796
1746163330.257697582,2.923266210588263,0.2927528273347212
1746163330.260249138,2.923266210588263,0.2927528273347212
1746163330.264258146,2.923266210588263,0.2927528273347212
1746163330.268238783,2.9095603632097102,0.30384888843344615
1746163330.272269249,2.9095603632097102,0.30384888843344615
1746163330.276793242,2.8960777100228285,0.3150802138264459
1746163330.280256271,2.8960777100228285,0.3150802138264459
1746163330.284321070,2.8960777100228285,0.3150802138264459
1746163330.288268566,2.882822132954117,0.3264712917632308
1746163330.292257309,2.882822132954117,0.3264712917632308
1746163330.296662331,2.8697643171022316,0.3380028854819966
1746163330.300257921,2.8697643171022316,0.3380028854819966
1746163330.304265738,2.8697643171022316,0.3380028854819966
1746163330.308260441,2.8569138009536625,0.34969678813934263
1746163330.312498093,2.8569138009536625,0.34969678813934263
1746163330.318302870,2.844245201561561,0.36153302197064446
1746163330.321622610,2.844245201561561,0.36153302197064446
1746163330.325310946,2.844245201561561,0.36153302197064446
1746163330.330805779,2.831772047318515,0.37353155713886005
1746163330.333834648,2.831772047318515,0.37353155713886005
1746163330.337805986,2.819638337802649,0.3855049753432646
1746163330.340241194,2.819638337802649,0.3855049753432646
1746163330.344291687,2.819638337802649,0.3855049753432646
1746163330.348281622,2.8079945657812813,0.39733550738234974
1746163330.352269650,2.8079945657812813,0.39733550738234974
1746163330.356858969,2.7967554170303757,0.40905411855056606
1746163330.360248327,2.7967554170303757,0.40905411855056606
1746163330.364191294,2.7967554170303757,0.40905411855056606
1746163330.368281126,2.7858933951486957,0.42072547973381946
1746163330.372279167,2.7858933951486957,0.42072547973381946
1746163330.376677275,2.775344739803344,0.43236214138357737
1746163330.380266666,2.775344739803344,0.43236214138357737
1746163330.384235859,2.775344739803344,0.43236214138357737
1746163330.388476610,2.765097024542239,0.4440096595619164
1746163330.392463684,2.765097024542239,0.4440096595619164
1746163330.398279905,2.7550994673538147,0.4556681464693213
1746163330.401617050,2.7550994673538147,0.4556681464693213
1746163330.404416084,2.7550994673538147,0.4556681464693213
1746163330.409607172,2.74535020405617,0.4673713289370733
1746163330.412418604,2.74535020405617,0.4673713289370733
1746163330.417098522,2.7358077763261424,0.47911242489452954
1746163330.420200109,2.7358077763261424,0.47911242489452954
1746163330.424261093,2.7358077763261424,0.47911242489452954
1746163330.428223372,2.72647822892895,0.49091812046400773
1746163330.432283163,2.72647822892895,0.49091812046400773
1746163330.436691999,2.717326755245062,0.5027778881426013
1746163330.440264702,2.717326755245062,0.5027778881426013
1746163330.444231510,2.717326755245062,0.5027778881426013
1746163330.448196888,2.7083651497648504,0.5147140023124375
1746163330.452260494,2.7083651497648504,0.5147140023124375
1746163330.456666470,2.6995939618641387,0.5266714416711126
1746163330.460253477,2.6995939618641387,0.5266714416711126
1746163330.464277506,2.6995939618641387,0.5266714416711126
1746163330.468217134,2.6910541905852012,0.5386353026655185
1746163330.472244978,2.6910541905852012,0.5386353026655185
1746163330.476736546,2.6827061920489936,0.5506051815675249
1746163330.480223179,2.6827061920489936,0.5506051815675249
1746163330.484283686,2.6827061920489936,0.5506051815675249
1746163330.488250732,2.6745598606278165,0.5626099553807942
1746163330.492252111,2.6745598606278165,0.5626099553807942
1746163330.496987820,2.666581088900138,0.5746437069940417
1746163330.500284195,2.666581088900138,0.5746437069940417
1746163330.504201889,2.666581088900138,0.5746437069940417
1746163330.508237600,2.658784287147255,0.5867294359402986
1746163330.512313128,2.658784287147255,0.5867294359402986
1746163330.516679049,2.6511390462526547,0.5988579373056535
1746163330.520220995,2.6511390462526547,0.5988579373056535
1746163330.524218798,2.6511390462526547,0.5988579373056535
1746163330.528250694,2.6436630366052,0.6110483385876732
1746163330.532235384,2.6436630366052,0.6110483385876732
1746163330.536767960,2.6363283368786377,0.6232895658389989
1746163330.540349483,2.6363283368786377,0.6232895658389989
1746163330.544220448,2.6363283368786377,0.6232895658389989
1746163330.548469067,2.629154961176485,0.6355981026936351
1746163330.552341938,2.629154961176485,0.6355981026936351
1746163330.558348894,2.622094907710016,0.6479495500953201
1746163330.561185837,2.622094907710016,0.6479495500953201
1746163330.564571381,2.622094907710016,0.6479495500953201
1746163330.568495274,2.6150932811205445,0.6603160556805023
1746163330.572330952,2.6150932811205445,0.6603160556805023
1746163330.577569008,2.608107173523088,0.6726766234480939
1746163330.580250740,2.608107173523088,0.6726766234480939
1746163330.584271431,2.608107173523088,0.6726766234480939
1746163330.588258028,2.60110185107178,0.6850143749984688
1746163330.592374563,2.60110185107178,0.6850143749984688
1746163330.596953869,2.5941088347224865,0.6972549809270662
1746163330.600239038,2.5941088347224865,0.6972549809270662
1746163330.604286671,2.5941088347224865,0.6972549809270662
1746163330.608225346,2.5872129460773214,0.7093721008801931
1746163330.612260103,2.5872129460773214,0.7093721008801931
1746163330.616853476,2.5803938998902325,0.7213881491021036
1746163330.620213270,2.5803938998902325,0.7213881491021036
1746163330.624334812,2.5803938998902325,0.7213881491021036
1746163330.628201246,2.5736769634496075,0.7333448288238819
1746163330.632225513,2.5736769634496075,0.7333448288238819
1746163330.636952639,2.5670356678607478,0.7452492812514312
1746163330.640204668,2.5670356678607478,0.7452492812514312
1746163330.644212961,2.5670356678607478,0.7452492812514312
1746163330.648219585,2.5605137996753395,0.7571433779474922
1746163330.652211666,2.5605137996753395,0.7571433779474922
1746163330.656772137,2.554160721071232,0.7690671400272783
1746163330.660241127,2.554160721071232,0.7690671400272783
1746163330.664265871,2.554160721071232,0.7690671400272783
1746163330.668448925,2.5480137837502976,0.7810491783344299
1746163330.672602415,2.5480137837502976,0.7810491783344299
1746163330.678360224,2.542103087739835,0.7931099357967616
1746163330.682126045,2.542103087739835,0.7931099357967616
1746163330.684734821,2.542103087739835,0.7931099357967616
1746163330.688669920,2.5364542911180092,0.8052638197109442
1746163330.692372084,2.5364542911180092,0.8052638197109442
1746163330.697114944,2.531090339322142,0.8175206286174139
1746163330.700268269,2.531090339322142,0.8175206286174139
1746163330.704297781,2.531090339322142,0.8175206286174139
1746163330.708403111,2.5260325527879424,0.8298865116917815
1746163330.712395906,2.5260325527879424,0.8298865116917815
1746163330.717298031,2.521301313491094,0.8423646107265527
1746163330.720284462,2.521301313491094,0.8423646107265527
1746163330.724318266,2.521301313491094,0.8423646107265527
1746163330.728255749,2.5168930902890945,0.854947452247737
1746163330.732304573,2.5168930902890945,0.854947452247737
1746163330.736848593,2.5127431980038057,0.8676137625300573
1746163330.740243435,2.5127431980038057,0.8676137625300573
1746163330.744276285,2.5127431980038057,0.8676137625300573
1746163330.748267651,2.508851166123983,0.8803649297991852
1746163330.752297163,2.508851166123983,0.8803649297991852
1746163330.756913662,2.505151744488385,0.8931764848750167
1746163330.760301352,2.505151744488385,0.8931764848750167
1746163330.764282465,2.505151744488385,0.8931764848750167
1746163330.768240690,2.501577546728575,0.9060265031866667
1746163330.772284269,2.501577546728575,0.9060265031866667
1746163330.776858568,2.498101783684314,0.9189062416321511
1746163330.780259848,2.498101783684314,0.9189062416321511
1746163330.784227371,2.498101783684314,0.9189062416321511
1746163330.788229227,2.4947921940570814,0.9318322158362664
1746163330.792265415,2.4947921940570814,0.9318322158362664
1746163330.796730042,2.4917182291691926,0.9448186381115452
1746163330.800219059,2.4917182291691926,0.9448186381115452
1746163330.804315805,2.4917182291691926,0.9448186381115452
1746163330.808475256,2.488932520235937,0.9578722036483409
1746163330.813002348,2.488932520235937,0.9578722036483409
1746163330.820397615,2.4864585606002603,0.9709906787881677
1746163330.825867176,2.4864585606002603,0.9709906787881677
1746163330.832112789,2.48427197291534,0.9841622745661451
1746163330.837897539,2.4823523126403186,0.9973774575738287
1746163330.840241671,2.4823523126403186,0.9973774575738287
1746163330.844262362,2.4823523126403186,0.9973774575738287
1746163330.848246574,2.4806861060430987,1.010628915554098
1746163330.852308035,2.4806861060430987,1.010628915554098
1746163330.856853724,2.4792644762337837,1.0239106694743827
1746163330.860231638,2.4792644762337837,1.0239106694743827
1746163330.864229918,2.4792644762337837,1.0239106694743827
1746163330.868231297,2.4780815869152404,1.0372175481638388
1746163330.872224331,2.4780815869152404,1.0372175481638388
1746163330.877007484,2.4771335775768053,1.050545325502729
1746163330.880871058,2.4771335775768053,1.050545325502729
1746163330.884227037,2.4771335775768053,1.050545325502729
1746163330.888262033,2.476405619666666,1.0638894307558584
1746163330.892281771,2.476405619666666,1.0638894307558584
1746163330.896688700,2.475840820651765,1.0772438389602128
1746163330.900243282,2.475840820651765,1.0772438389602128
1746163330.904275894,2.475840820651765,1.0772438389602128
1746163330.908271074,2.4753861768075978,1.0906047086834467
1746163330.912270308,2.4753861768075978,1.0906047086834467
1746163330.916748285,2.475000691380706,1.1039698871383903
1746163330.920242548,2.475000691380706,1.1039698871383903
1746163330.924235582,2.475000691380706,1.1039698871383903
1746163330.928474426,2.474675958354788,1.117338673285566
1746163330.933054447,2.474675958354788,1.117338673285566
1746163330.937922001,2.474494852660002,1.1307120196206901
1746163330.940238953,2.474494852660002,1.1307120196206901
1746163330.944286823,2.474494852660002,1.1307120196206901
1746163330.948208809,2.474537049939871,1.144088262685955
1746163330.952348471,2.474537049939871,1.144088262685955
1746163330.956931114,2.474861243983043,1.157462296986103
1746163330.960231304,2.474861243983043,1.157462296986103
1746163330.964229345,2.474861243983043,1.157462296986103
1746163330.968260050,2.4754937897067655,1.1708269690722042
1746163330.972257376,2.4754937897067655,1.1708269690722042
1746163330.976802349,2.4764109415076336,1.1841767596338573
1746163330.980269909,2.4764109415076336,1.1841767596338573
1746163330.984329939,2.4764109415076336,1.1841767596338573
1746163330.988479614,2.4775924075982245,1.1975072974308432
1746163330.992491007,2.4775924075982245,1.1975072974308432
1746163330.998179436,2.4790245909471924,1.2108146934966928
1746163331.000308514,2.4790245909471924,1.2108146934966928
1746163331.004309416,2.4790245909471924,1.2108146934966928
1746163331.008284807,2.4806982733879397,1.2240952649545143
1746163331.012316704,2.4806982733879397,1.2240952649545143
1746163331.017014503,2.4826068718134517,1.2373436374001243
1746163331.020322800,2.4826068718134517,1.2373436374001243
1746163331.024266243,2.4826068718134517,1.2373436374001243
1746163331.028481483,2.4847335233444228,1.2505567057111568
1746163331.032361507,2.4847335233444228,1.2505567057111568
1746163331.038451433,2.487020554087997,1.2637413224628395
1746163331.041699648,2.487020554087997,1.2637413224628395
1746163331.045128822,2.487020554087997,1.2637413224628395
1746163331.051673412,2.4894148078177403,1.2769055414310577
1746163331.055438519,2.4894148078177403,1.2769055414310577
1746163331.060699701,2.4918753858762037,1.290056420477496
1746163331.064205408,2.4918753858762037,1.290056420477496
1746163331.068283081,2.49436945224723,1.3032000883255979
1746163331.072291374,2.49436945224723,1.3032000883255979
1746163331.077252388,2.4968937280974717,1.3163372335241816
1746163331.080297709,2.4968937280974717,1.3163372335241816
1746163331.084240913,2.4968937280974717,1.3163372335241816
1746163331.088218927,2.4995328672874098,1.329451124958865
1746163331.092215061,2.4995328672874098,1.329451124958865
1746163331.096674204,2.50236674618987,1.3425237457928398
1746163331.100219011,2.50236674618987,1.3425237457928398
1746163331.104258299,2.50236674618987,1.3425237457928398
1746163331.108238935,2.5054533045269354,1.3555385430599098
1746163331.112253428,2.5054533045269354,1.3555385430599098
1746163331.116831541,2.508835740296422,1.3684791980420992
1746163331.120217323,2.508835740296422,1.3684791980420992
1746163331.124217272,2.508835740296422,1.3684791980420992
1746163331.128256559,2.5125349372123487,1.3813326634640957
1746163331.132218122,2.5125349372123487,1.3813326634640957
1746163331.137076855,2.516548000110313,1.3940913976054543
1746163331.140229225,2.516548000110313,1.3940913976054543
1746163331.144267559,2.516548000110313,1.3940913976054543
1746163331.148468494,2.520860305019685,1.4068198954059
1746163331.152439356,2.520860305019685,1.4068198954059
1746163331.158457518,2.5254701673532094,1.4195770855403245
1746163331.161397696,2.5254701673532094,1.4195770855403245
1746163331.164865017,2.5254701673532094,1.4195770855403245
1746163331.169683695,2.5303529111009944,1.4323603074268427
1746163331.172233343,2.5303529111009944,1.4323603074268427
1746163331.177300215,2.5354500116765935,1.445182124042821
1746163331.180298805,2.5354500116765935,1.445182124042821
1746163331.184261084,2.5354500116765935,1.445182124042821
1746163331.188312054,2.5407081502829496,1.4580558692748045
1746163331.192258596,2.5407081502829496,1.4580558692748045
1746163331.196817160,2.546086059561099,1.4709918638462662
1746163331.200277805,2.546086059561099,1.4709918638462662
1746163331.204257011,2.546086059561099,1.4709918638462662
1746163331.208264351,2.5515504210975575,1.4839982354001306
1746163331.212191343,2.5515504210975575,1.4839982354001306
1746163331.216767550,2.5570730905237187,1.4970816051530542
1746163331.220377445,2.5570730905237187,1.4970816051530542
1746163331.224519491,2.5570730905237187,1.4970816051530542
1746163331.230840206,2.5626514032061842,1.5102382053289094
1746163331.234349012,2.5626514032061842,1.5102382053289094
1746163331.239965916,2.5683636486737513,1.5234297191894104
1746163331.242798805,2.5683636486737513,1.5234297191894104
1746163331.245057344,2.5683636486737513,1.5234297191894104
1746163331.248783350,2.5742866736780297,1.5366165537278886
1746163331.252277374,2.5742866736780297,1.5366165537278886
1746163331.257445097,2.580478383802464,1.5497644718271737
1746163331.260239124,2.580478383802464,1.5497644718271737
1746163331.264236689,2.580478383802464,1.5497644718271737
1746163331.268269777,2.5869833009416867,1.562842170021525
1746163331.272286892,2.5869833009416867,1.562842170021525
1746163331.276714087,2.593856860216117,1.5758646834294743
1746163331.280197620,2.593856860216117,1.5758646834294743
1746163331.284512043,2.593856860216117,1.5758646834294743
1746163331.290640831,2.601132945378534,1.5888534577734592
1746163331.293918133,2.601132945378534,1.5888534577734592
1746163331.297750235,2.60878597601279,1.601804128441552
1746163331.300324440,2.60878597601279,1.601804128441552
1746163331.304376602,2.60878597601279,1.601804128441552
1746163331.308395147,2.6167942185667394,1.6147122427203726
1746163331.312270880,2.6167942185667394,1.6147122427203726
1746163331.316906929,2.6251425699933724,1.6275709742955533
1746163331.320239544,2.6251425699933724,1.6275709742955533
1746163331.324223280,2.6251425699933724,1.6275709742955533
1746163331.328276157,2.6338204273690193,1.6403717489810026
1746163331.332271814,2.6338204273690193,1.6403717489810026
1746163331.336730719,2.6428201870478047,1.6531047607543836
1746163331.340260506,2.6428201870478047,1.6531047607543836
1746163331.344221115,2.6428201870478047,1.6531047607543836
1746163331.348253250,2.652136203113255,1.6657593707876224
1746163331.352199554,2.652136203113255,1.6657593707876224
1746163331.356833458,2.6617640696352614,1.6783244061313645
1746163331.360206127,2.6617640696352614,1.6783244061313645
1746163331.364251375,2.6617640696352614,1.6783244061313645
1746163331.368223667,2.671700127700598,1.6907883794900833
1746163331.372249126,2.671700127700598,1.6907883794900833
1746163331.376716137,2.6819411274737677,1.7031396495043851
1746163331.380250454,2.6819411274737677,1.7031396495043851
1746163331.384569883,2.6819411274737677,1.7031396495043851
1746163331.390848398,2.6924839969953323,1.7153665371607167
1746163331.394127131,2.6924839969953323,1.7153665371607167
1746163331.399558306,2.7033256845164404,1.727457410229288
1746163331.403767824,2.7033256845164404,1.727457410229288
1746163331.410892248,2.714479211736271,1.7394187288301146
1746163331.414168596,2.714479211736271,1.7394187288301146
1746163331.417388678,2.725956973607885,1.751256011486586
1746163331.420246840,2.725956973607885,1.751256011486586
1746163331.424241781,2.725956973607885,1.751256011486586
1746163331.428261995,2.737746301517827,1.7629643092815837
1746163331.432263613,2.737746301517827,1.7629643092815837
1746163331.437001467,2.749804735092552,1.7745707676640603
1746163331.440259933,2.749804735092552,1.7745707676640603
1746163331.444250345,2.749804735092552,1.7745707676640603
1746163331.448255301,2.7620906160518945,1.7861055108650672
1746163331.452217340,2.7620906160518945,1.7861055108650672
1746163331.456994772,2.7745693602582224,1.7975942661880109
1746163331.460214615,2.7745693602582224,1.7975942661880109
1746163331.464268684,2.7745693602582224,1.7975942661880109
1746163331.468214512,2.787211174449081,1.8090597736587535
1746163331.472217798,2.787211174449081,1.8090597736587535
1746163331.476703644,2.7999894904358547,1.8205228223881986
1746163331.480269194,2.7999894904358547,1.8205228223881986
1746163331.484474421,2.7999894904358547,1.8205228223881986
1746163331.490475655,2.812896026652375,1.8319847848847977
1746163331.493484497,2.812896026652375,1.8319847848847977
1746163331.499724865,2.825966291872395,1.8433976482527985
1746163331.502634525,2.825966291872395,1.8433976482527985
1746163331.504860878,2.825966291872395,1.8433976482527985
1746163331.508309126,2.8391953774641308,1.854758671627497
1746163331.512344837,2.8391953774641308,1.854758671627497
1746163331.517036438,2.8526080123653217,1.8660303417024577
1746163331.520253181,2.8526080123653217,1.8660303417024577
1746163331.524255276,2.8526080123653217,1.8660303417024577
1746163331.528259277,2.866206192587252,1.877229656636983
1746163331.532235861,2.866206192587252,1.877229656636983
1746163331.536872149,2.8800222412672474,1.888335512896624
1746163331.540265799,2.8800222412672474,1.888335512896624
1746163331.544217348,2.8800222412672474,1.888335512896624
1746163331.548440695,2.8940399172603923,1.899356119118984
1746163331.552273273,2.8940399172603923,1.899356119118984
1746163331.556969166,2.908288777120611,1.9102412082390359
1746163331.560212612,2.908288777120611,1.9102412082390359
1746163331.564261198,2.908288777120611,1.9102412082390359
1746163331.568271399,2.9228040222573255,1.920929405810228
1746163331.572260141,2.9228040222573255,1.920929405810228
1746163331.576723099,2.937598299874465,1.9313856146086188
1746163331.580254078,2.937598299874465,1.9313856146086188
1746163331.584273577,2.937598299874465,1.9313856146086188
1746163331.588239431,2.952642103921205,1.9416335185497993
1746163331.592236996,2.952642103921205,1.9416335185497993
1746163331.596787214,2.967938545808975,1.951651079397441
1746163331.600267410,2.967938545808975,1.951651079397441
1746163331.604254007,2.967938545808975,1.951651079397441
1746163331.608190536,2.9834638208494515,1.9614574893230852
1746163331.612242699,2.9834638208494515,1.9614574893230852
1746163331.616971254,2.999223611379114,1.9710267536763109
1746163331.620273590,2.999223611379114,1.9710267536763109
1746163331.624283075,2.999223611379114,1.9710267536763109
1746163331.628256559,3.0151969661054703,1.9803763937558594
1746163331.632253647,3.0151969661054703,1.9803763937558594
1746163331.636619568,3.0314056813404764,1.9894874926383734
1746163331.640255213,3.0314056813404764,1.9894874926383734
1746163331.644212246,3.0314056813404764,1.9894874926383734
1746163331.648291826,3.047845403176657,1.998385329311081
1746163331.652230024,3.047845403176657,1.998385329311081
1746163331.656704903,3.0645209970240903,2.0070400427778563
1746163331.660183430,3.0645209970240903,2.0070400427778563
1746163331.664234638,3.0645209970240903,2.0070400427778563
1746163331.668173790,3.0814133871187517,2.015467285225633
1746163331.672183752,3.0814133871187517,2.015467285225633
1746163331.676724434,3.098527172801509,2.0236364358875876
1746163331.680213928,3.098527172801509,2.0236364358875876
1746163331.684239149,3.098527172801509,2.0236364358875876
1746163331.688264370,3.115844280836978,2.0315635624575537
1746163331.692201853,3.115844280836978,2.0315635624575537
1746163331.696723938,3.13336871207429,2.039217672541181
1746163331.700295448,3.13336871207429,2.039217672541181
1746163331.704262257,3.13336871207429,2.039217672541181
1746163331.708252192,3.151083197439409,2.0466154957042937
1746163331.712377310,3.151083197439409,2.0466154957042937
1746163331.716787577,3.1689909487240953,2.0537259083811183
1746163331.720276594,3.1689909487240953,2.0537259083811183
1746163331.724252462,3.1689909487240953,2.0537259083811183
1746163331.728219032,3.187075412510163,2.060566429594615
1746163331.732256651,3.187075412510163,2.060566429594615
1746163331.736713886,3.205338904399555,2.0671059512186156
1746163331.740253448,3.205338904399555,2.0671059512186156
1746163331.744294643,3.205338904399555,2.0671059512186156
1746163331.748297215,3.2237844876001964,2.073369456700735
1746163331.752231121,3.2237844876001964,2.073369456700735
1746163331.756681681,3.242431525399154,2.0793323870152483
1746163331.760213375,3.242431525399154,2.0793323870152483
1746163331.764235258,3.242431525399154,2.0793323870152483
1746163331.768211842,3.2612634319214466,2.085012393947293
1746163331.772264481,3.2612634319214466,2.085012393947293
1746163331.776936531,3.2802790456250492,2.090377767054733
1746163331.780232906,3.2802790456250492,2.090377767054733
1746163331.784494162,3.2802790456250492,2.090377767054733
1746163331.790915489,3.299462722821931,2.0954467063934916
1746163331.794173717,3.299462722821931,2.0954467063934916
1746163331.799826145,3.318812524140785,2.1001874268352094
1746163331.803333998,3.318812524140785,2.1001874268352094
1746163331.805944443,3.318812524140785,2.1001874268352094
1746163331.810048342,3.3383136670813762,2.104618794743872
1746163331.812880039,3.3383136670813762,2.104618794743872
1746163331.817254782,3.3579633273021163,2.1087091261513335
1746163331.820254087,3.3579633273021163,2.1087091261513335
1746163331.824245930,3.3579633273021163,2.1087091261513335
1746163331.828270674,3.3777475449609575,2.112478034964156
1746163331.832263470,3.3777475449609575,2.112478034964156
1746163331.836725473,3.397662544477504,2.1158940687189554
1746163331.840280056,3.397662544477504,2.1158940687189554
1746163331.844238281,3.397662544477504,2.1158940687189554
1746163331.848257780,3.417695182824158,2.118977623918775
1746163331.852215290,3.417695182824158,2.118977623918775
1746163331.856746674,3.437863547494873,2.12170107641947
1746163331.860252857,3.437863547494873,2.12170107641947
1746163331.864464045,3.437863547494873,2.12170107641947
1746163331.870570660,3.4581772023043125,2.124088254231564
1746163331.873848200,3.4581772023043125,2.124088254231564
1746163331.879557848,3.4786283138034335,2.1261080424401513
1746163331.882321596,3.4786283138034335,2.1261080424401513
1746163331.884903193,3.4786283138034335,2.1261080424401513
1746163331.888742685,3.4992016807965234,2.127805261450971
1746163331.892282724,3.4992016807965234,2.127805261450971
1746163331.897028446,3.5198834349343704,2.129240167835713
1746163331.900275707,3.5198834349343704,2.129240167835713
1746163331.904303551,3.5198834349343704,2.129240167835713
1746163331.908324003,3.5406628032473466,2.130465702275944
1746163331.912276506,3.5406628032473466,2.130465702275944
1746163331.917185545,3.561532348453702,2.131505328764276
1746163331.920248747,3.561532348453702,2.131505328764276
1746163331.924281120,3.561532348453702,2.131505328764276
1746163331.928270817,3.5824883975864887,2.1323121611966775
1746163331.932286739,3.5824883975864887,2.1323121611966775
1746163331.937001228,3.60352437526763,2.1328970582161855
1746163331.940271854,3.60352437526763,2.1328970582161855
1746163331.944286823,3.60352437526763,2.1328970582161855
1746163331.948268890,3.624635060513777,2.133222449506148
1746163331.952246666,3.624635060513777,2.133222449506148
1746163331.956851721,3.6458386151014244,2.133305836496331
1746163331.960274220,3.6458386151014244,2.133305836496331
1746163331.964200735,3.6458386151014244,2.133305836496331
1746163331.968302011,3.6671524191044904,2.1331145123533974
1746163331.972255945,3.6671524191044904,2.1331145123533974
1746163331.976818800,3.688568101038281,2.13266814201613
1746163331.980216026,3.688568101038281,2.13266814201613
1746163331.984270096,3.688568101038281,2.13266814201613
1746163331.988213539,3.710076611791398,2.1319357086710866
1746163331.992210865,3.710076611791398,2.1319357086710866
1746163331.996711016,3.7316704284061224,2.1309383085750637
1746163332.000285149,3.7316704284061224,2.1309383085750637
1746163332.004309893,3.7316704284061224,2.1309383085750637
1746163332.008253098,3.7533400587695898,2.129645847725946
1746163332.012217522,3.7533400587695898,2.129645847725946
1746163332.016692400,3.775078862193806,2.1280803223452773
1746163332.020215034,3.775078862193806,2.1280803223452773
1746163332.024264336,3.775078862193806,2.1280803223452773
1746163332.028215647,3.7968768900802825,2.1262122691078673
1746163332.032412529,3.7968768900802825,2.1262122691078673
1746163332.036702871,3.8187283917464097,2.124064348163801
1746163332.040257692,3.8187283917464097,2.124064348163801
1746163332.044220686,3.8187283917464097,2.124064348163801
1746163332.048272371,3.840650678353667,2.121604958773994
1746163332.052268982,3.840650678353667,2.121604958773994
1746163332.056670189,3.862668315820153,2.1188782150829804
1746163332.060271263,3.862668315820153,2.1188782150829804
1746163332.064402103,3.862668315820153,2.1188782150829804
1746163332.068270683,3.884780716949768,2.115946845377704
1746163332.072220325,3.884780716949768,2.115946845377704
1746163332.076728106,3.906988327561804,2.1128670374530567
1746163332.080397129,3.906988327561804,2.1128670374530567
1746163332.084184885,3.906988327561804,2.1128670374530567
1746163332.088268042,3.9292923080190465,2.109690820753783
1746163332.092295170,3.9292923080190465,2.109690820753783
1746163332.096848965,3.951694292231951,2.106467671998641
1746163332.100258589,3.951694292231951,2.106467671998641
1746163332.104273558,3.951694292231951,2.106467671998641
1746163332.108226299,3.9741926621982913,2.10322120584037
1746163332.112275600,3.9741926621982913,2.10322120584037
1746163332.116717815,3.9967762010837737,2.0999070106830136
1746163332.120216131,3.9967762010837737,2.0999070106830136
1746163332.124238014,3.9967762010837737,2.0999070106830136
1746163332.128265619,4.019445805910368,2.0965624569574475
1746163332.132277489,4.019445805910368,2.0965624569574475
1746163332.136725903,4.042229891168029,2.0932156777185233
1746163332.140265465,4.042229891168029,2.0932156777185233
1746163332.144514084,4.042229891168029,2.0932156777185233
1746163332.150517702,4.065145412953631,2.089824787543986
1746163332.153530121,4.065145412953631,2.089824787543986
1746163332.158916235,4.088188415835932,2.086407493512413
1746163332.162954092,4.088188415835932,2.086407493512413
1746163332.168631315,4.111348146112977,2.082933632868105
1746163332.172757626,4.111348146112977,2.082933632868105
1746163332.178512335,4.1346218976665785,2.079425110386329
1746163332.180989742,4.1346218976665785,2.079425110386329
1746163332.184271574,4.1346218976665785,2.079425110386329
1746163332.188326359,4.157999791541163,2.0758543454922527
1746163332.192310095,4.157999791541163,2.0758543454922527
1746163332.197227001,4.181480012866888,2.0722451890415274
1746163332.200268030,4.181480012866888,2.0722451890415274
1746163332.204207182,4.181480012866888,2.0722451890415274
1746163332.208194494,4.205053284435987,2.068571176599751
1746163332.212214708,4.205053284435987,2.068571176599751
1746163332.216732025,4.228718502026105,2.06485710533162
1746163332.220235348,4.228718502026105,2.06485710533162
1746163332.224263430,4.228718502026105,2.06485710533162
1746163332.228287458,4.252495884854415,2.061072529685367
1746163332.232201099,4.252495884854415,2.061072529685367
1746163332.236871481,4.276412502871003,2.0572379205812963
1746163332.240265369,4.276412502871003,2.0572379205812963
1746163332.244271040,4.276412502871003,2.0572379205812963
1746163332.248253584,4.300457309537789,2.0533285189953285
1746163332.252239227,4.300457309537789,2.0533285189953285
1746163332.256833553,4.324627666523354,2.04936959507143
1746163332.260205984,4.324627666523354,2.04936959507143
1746163332.264266729,4.324627666523354,2.04936959507143
1746163332.268214941,4.3489130686428075,2.0453362919458447
1746163332.272213221,4.3489130686428075,2.0453362919458447
1746163332.276690245,4.373311602961072,2.041254027424748
1746163332.280216217,4.373311602961072,2.041254027424748
1746163332.284281731,4.373311602961072,2.041254027424748
1746163332.288238049,4.397813238217019,2.0370978124892494
1746163332.292297840,4.397813238217019,2.0370978124892494
1746163332.297037125,4.4224167255389535,2.032893170266768
1746163332.300253630,4.4224167255389535,2.032893170266768
1746163332.304217339,4.4224167255389535,2.032893170266768
1746163332.308215618,4.447141342530398,2.0286101682894904
1746163332.312233686,4.447141342530398,2.0286101682894904
1746163332.316797495,4.472013867298172,2.024269245867699
1746163332.320280313,4.472013867298172,2.024269245867699
1746163332.324269056,4.472013867298172,2.024269245867699
1746163332.328270912,4.497022482842166,2.0198462359444322
1746163332.332229137,4.497022482842166,2.0198462359444322
1746163332.336735010,4.522164441421258,2.0153665659498055
1746163332.340279818,4.522164441421258,2.0153665659498055
1746163332.344235897,4.522164441421258,2.0153665659498055
1746163332.348249674,4.547424114776653,2.0107817821262772
1746163332.352294683,4.547424114776653,2.0107817821262772
1746163332.356793642,4.5727869631117795,2.006049947159392
1746163332.360242367,4.5727869631117795,2.006049947159392
1746163332.364232302,4.5727869631117795,2.006049947159392
1746163332.368226290,4.598251958357997,2.0012014009127395
1746163332.372228861,4.598251958357997,2.0012014009127395
1746163332.377061367,4.62380854334757,1.9962141241241491
1746163332.380223751,4.62380854334757,1.9962141241241491
1746163332.384307384,4.62380854334757,1.9962141241241491
1746163332.388230562,4.649484529450791,1.9911093979693386
1746163332.392271042,4.649484529450791,1.9911093979693386
1746163332.396757841,4.675296637963103,1.9858579701168653
1746163332.400242805,4.675296637963103,1.9858579701168653
1746163332.404244661,4.675296637963103,1.9858579701168653
1746163332.408240318,4.701241676721288,1.9804849908459692
1746163332.412242651,4.701241676721288,1.9804849908459692
1746163332.416899443,4.727301563359469,1.9749422480613807
1746163332.420229435,4.727301563359469,1.9749422480613807
1746163332.424224615,4.727301563359469,1.9749422480613807
1746163332.428239822,4.753459108006307,1.9691874049062785
1746163332.432218552,4.753459108006307,1.9691874049062785
1746163332.436963558,4.779712723029111,1.9632494811698282
1746163332.440205812,4.779712723029111,1.9632494811698282
1746163332.444296598,4.779712723029111,1.9632494811698282
1746163332.448249578,4.806049653220542,1.9571057776479401
1746163332.452229738,4.806049653220542,1.9571057776479401
1746163332.456846476,4.832501696038623,1.9507988788818202
1746163332.460267544,4.832501696038623,1.9507988788818202
1746163332.464215755,4.832501696038623,1.9507988788818202
1746163332.468215942,4.859104237312053,1.9443878462729167
1746163332.472240925,4.859104237312053,1.9443878462729167
1746163332.476928949,4.885863679070437,1.9379342679266558
1746163332.480238199,4.885863679070437,1.9379342679266558
1746163332.484255314,4.885863679070437,1.9379342679266558
1746163332.488275051,4.91278074298749,1.9314741741010313
1746163332.492223024,4.91278074298749,1.9314741741010313
1746163332.496687651,4.939840269373764,1.9249760024605678
1746163332.500205040,4.939840269373764,1.9249760024605678
1746163332.504286766,4.939840269373764,1.9249760024605678
1746163332.508221626,4.967040182474925,1.9184611553241837
1746163332.512302637,4.967040182474925,1.9184611553241837
1746163332.516908169,4.994367544772727,1.9119043083123026
1746163332.520183086,4.994367544772727,1.9119043083123026
1746163332.524260044,4.994367544772727,1.9119043083123026
1746163332.528202772,5.02182193270855,1.9053309746533726
1746163332.532220125,5.02182193270855,1.9053309746533726
1746163332.536917448,5.04941854107055,1.8987115434120276
1746163332.540248394,5.04941854107055,1.8987115434120276
1746163332.544248343,5.04941854107055,1.8987115434120276
1746163332.548217773,5.077183471230109,1.892066338861417
1746163332.552224398,5.077183471230109,1.892066338861417
1746163332.556915998,5.10510331709078,1.885374036363074
1746163332.560255051,5.10510331709078,1.885374036363074
1746163332.564249754,5.10510331709078,1.885374036363074
1746163332.568279505,5.133176720228787,1.8786619661693424
1746163332.572259188,5.133176720228787,1.8786619661693424
1746163332.576796293,5.16139096871594,1.871908463798341
1746163332.580223083,5.16139096871594,1.871908463798341
1746163332.584233522,5.16139096871594,1.871908463798341
1746163332.588250875,5.189745404674577,1.865140759528271
1746163332.592204809,5.189745404674577,1.865140759528271
1746163332.596737623,5.218227906327053,1.8583366979866156
1746163332.600221395,5.218227906327053,1.8583366979866156
1746163332.604251623,5.218227906327053,1.8583366979866156
1746163332.608380318,5.246863676784188,1.8515171645053545
1746163332.612229824,5.246863676784188,1.8515171645053545
1746163332.616827726,5.27566529822728,1.8446541637943927
1746163332.620219231,5.27566529822728,1.8446541637943927
1746163332.624219179,5.27566529822728,1.8446541637943927
1746163332.628211498,5.304630781689045,1.837774546741372
1746163332.632237434,5.304630781689045,1.837774546741372
1746163332.636726379,5.333746915374591,1.8308563162288005
1746163332.640276909,5.333746915374591,1.8308563162288005
1746163332.644256830,5.333746915374591,1.8308563162288005
1746163332.648216724,5.363012435579103,1.8239261762434182
1746163332.652239084,5.363012435579103,1.8239261762434182
1746163332.656794786,5.392414774390206,1.8169616527916783
1746163332.660225391,5.392414774390206,1.8169616527916783
1746163332.664621830,5.392414774390206,1.8169616527916783
1746163332.671225786,5.42197820144481,1.809983333299639
1746163332.674791098,5.42197820144481,1.809983333299639
1746163332.679909229,5.451714550658008,1.8029631166170719
1746163332.682681799,5.451714550658008,1.8029631166170719
1746163332.685013771,5.451714550658008,1.8029631166170719
1746163332.688863039,5.481621376893991,1.7959275082076176
1746163332.692270756,5.481621376893991,1.7959275082076176
1746163332.697333813,5.511685176734854,1.7888543367775107
1746163332.700217485,5.511685176734854,1.7888543367775107
1746163332.704399824,5.511685176734854,1.7888543367775107
1746163332.708238125,5.541904280525826,1.781770060412117
1746163332.712237597,5.541904280525826,1.781770060412117
1746163332.716810465,5.572265878259901,1.7746521055005933
1746163332.720293522,5.572265878259901,1.7746521055005933
1746163332.724236012,5.572265878259901,1.7746521055005933
1746163332.728242874,5.602769004523964,1.7675269014742474
1746163332.732247591,5.602769004523964,1.7675269014742474
1746163332.736808062,5.633424872933531,1.7603661591597533
1746163332.740235806,5.633424872933531,1.7603661591597533
1746163332.744237900,5.633424872933531,1.7603661591597533
1746163332.748224974,5.664255322608294,1.7531907089376328
1746163332.752262115,5.664255322608294,1.7531907089376328
1746163332.756789923,5.6952467108359395,1.7459783424771824
1746163332.760275126,5.6952467108359395,1.7459783424771824
1746163332.764543056,5.6952467108359395,1.7459783424771824
1746163332.771172762,5.7263971036544925,1.7387554341908353
1746163332.774282694,5.7263971036544925,1.7387554341908353
1746163332.779165268,5.757693576812184,1.7314993970984776
1746163332.781559467,5.757693576812184,1.7314993970984776
1746163332.784325123,5.757693576812184,1.7314993970984776
1746163332.788272381,5.789134922743025,1.724236604932428
1746163332.792239904,5.789134922743025,1.724236604932428
1746163332.796814203,5.820728879769836,1.7169395985148688
1746163332.800369024,5.820728879769836,1.7169395985148688
1746163332.804263830,5.820728879769836,1.7169395985148688
1746163332.808216810,5.852493859096993,1.7096300279903638
1746163332.812250614,5.852493859096993,1.7096300279903638
1746163332.817034721,5.884410965194251,1.7022618136970735
1746163332.820183039,5.884410965194251,1.7022618136970735
1746163332.824259520,5.884410965194251,1.7022618136970735
1746163332.828216076,5.916462564822414,1.6947930235883866
1746163332.832318544,5.916462564822414,1.6947930235883866
1746163332.836704731,5.948647720596169,1.6872522567354387
1746163332.840230227,5.948647720596169,1.6872522567354387
1746163332.844323874,5.948647720596169,1.6872522567354387
1746163332.848255157,5.9809538775581155,1.6796168320371465
1746163332.852275610,5.9809538775581155,1.6796168320371465
1746163332.856714249,6.013361786260889,1.6719161687429631
1746163332.860265970,6.013361786260889,1.6719161687429631
1746163332.864269018,6.013361786260889,1.6719161687429631
1746163332.868234158,6.04584140634345,1.6641289458058104
1746163332.872370720,6.04584140634345,1.6641289458058104
1746163332.877074718,6.078394007128642,1.6562791974881088
1746163332.880180597,6.078394007128642,1.6562791974881088
1746163332.884165049,6.078394007128642,1.6562791974881088
1746163332.888253450,6.111008860417256,1.6483402451747993
1746163332.892234802,6.111008860417256,1.6483402451747993
1746163332.896908760,6.143687641753001,1.6403358338011957
1746163332.900246620,6.143687641753001,1.6403358338011957
1746163332.904213190,6.143687641753001,1.6403358338011957
1746163332.908281326,6.176419856210456,1.6322391479798792
1746163332.912203789,6.176419856210456,1.6322391479798792
1746163332.916700840,6.2091886097664375,1.62407889415877
1746163332.920228481,6.2091886097664375,1.62407889415877
1746163332.924267530,6.2091886097664375,1.62407889415877
1746163332.928257465,6.241965428082174,1.6158326083390313
1746163332.932204485,6.241965428082174,1.6158326083390313
1746163332.936870575,6.27475485290961,1.60752453671421
1746163332.940241814,6.27475485290961,1.60752453671421
1746163332.944244862,6.27475485290961,1.60752453671421
1746163332.948255777,6.307548478681322,1.5991274316939543
1746163332.952218294,6.307548478681322,1.5991274316939543
1746163332.956680298,6.340351151545551,1.5906658598536771
1746163332.960377455,6.340351151545551,1.5906658598536771
1746163332.964311838,6.340351151545551,1.5906658598536771
1746163332.968218327,6.373154533550128,1.5821128960760924
1746163332.972273350,6.373154533550128,1.5821128960760924
1746163332.976881027,6.405905931442625,1.5735088330648612
1746163332.980258703,6.405905931442625,1.5735088330648612
1746163332.984274387,6.405905931442625,1.5735088330648612
1746163332.988200426,6.438548425338364,1.5648388696944442
1746163332.992340326,6.438548425338364,1.5648388696944442
1746163332.996675253,6.4711050098889995,1.5561247610074693
1746163333.000248432,6.4711050098889995,1.5561247610074693
1746163333.004292965,6.4711050098889995,1.5561247610074693
1746163333.008200884,6.503581243344601,1.5473353213304342
1746163333.012262106,6.503581243344601,1.5473353213304342
1746163333.016726732,6.535994588954417,1.5384935929045314
1746163333.020213366,6.535994588954417,1.5384935929045314
1746163333.024302006,6.535994588954417,1.5384935929045314
1746163333.028288841,6.568346066812301,1.5295701301478062
1746163333.032299519,6.568346066812301,1.5295701301478062
1746163333.036772728,6.600558547595629,1.5206147679366426
1746163333.040250301,6.600558547595629,1.5206147679366426
1746163333.044224977,6.600558547595629,1.5206147679366426
1746163333.048252344,6.632555875564271,1.5116185991231061
1746163333.052218914,6.632555875564271,1.5116185991231061
1746163333.056847811,6.664381575458448,1.5025993298606504
1746163333.060248852,6.664381575458448,1.5025993298606504
1746163333.064281702,6.664381575458448,1.5025993298606504
1746163333.068216801,6.696056598647811,1.493520845482047
1746163333.072220325,6.696056598647811,1.493520845482047
1746163333.076878786,6.727612032836676,1.484403584855744
1746163333.080267668,6.727612032836676,1.484403584855744
1746163333.084211349,6.727612032836676,1.484403584855744
1746163333.088213444,6.7589642232039076,1.4752424446450996
1746163333.092218876,6.7589642232039076,1.4752424446450996
1746163333.096699715,6.790060106667712,1.4660839259079985
1746163333.100230694,6.790060106667712,1.4660839259079985
1746163333.104244232,6.790060106667712,1.4660839259079985
1746163333.108219862,6.820936126334204,1.4568865053164544
1746163333.112325430,6.820936126334204,1.4568865053164544
1746163333.116784811,6.851636865349898,1.4476675732039175
1746163333.120274782,6.851636865349898,1.4476675732039175
1746163333.124219656,6.851636865349898,1.4476675732039175
1746163333.128239393,6.882183395614034,1.4383911318758118
1746163333.132225513,6.882183395614034,1.4383911318758118
1746163333.136714697,6.912607745014682,1.4290777048375514
1746163333.140221357,6.912607745014682,1.4290777048375514
1746163333.144222736,6.912607745014682,1.4290777048375514
1746163333.148214340,6.942920942697192,1.4196951855972864
1746163333.152243614,6.942920942697192,1.4196951855972864
1746163333.156942844,6.9730494431677705,1.4102973104537988
1746163333.160284519,6.9730494431677705,1.4102973104537988
1746163333.164273500,6.9730494431677705,1.4102973104537988
1746163333.168251038,7.002918229220631,1.400878003838032
1746163333.172248602,7.002918229220631,1.400878003838032
1746163333.176687717,7.032580032867323,1.391452575083633
1746163333.180259943,7.032580032867323,1.391452575083633
1746163333.184384346,7.032580032867323,1.391452575083633
1746163333.188238621,7.062061474819472,1.3819827757988377
1746163333.192208767,7.062061474819472,1.3819827757988377
1746163333.196695089,7.091400046682839,1.372487611904694
1746163333.200265408,7.091400046682839,1.372487611904694
1746163333.204202890,7.091400046682839,1.372487611904694
1746163333.208250761,7.120610273780528,1.3629335074109605
1746163333.212269306,7.120610273780528,1.3629335074109605
1746163333.216804266,7.149618886982933,1.353376056372165
1746163333.220238924,7.149618886982933,1.353376056372165
1746163333.224488974,7.149618886982933,1.353376056372165
1746163333.230632782,7.178341236896598,1.3437838118433711
1746163333.234022141,7.178341236896598,1.3437838118433711
1746163333.239184380,7.206809147699633,1.3340977237453944
1746163333.242493153,7.206809147699633,1.3340977237453944
1746163333.245383978,7.206809147699633,1.3340977237453944
1746163333.249566793,7.2350720364663,1.3243407756808372
1746163333.252380610,7.2350720364663,1.3243407756808372
1746163333.257276773,7.2631519076358915,1.3144792696497678
1746163333.260235548,7.2631519076358915,1.3144792696497678
1746163333.264241219,7.2631519076358915,1.3144792696497678
1746163333.268244982,7.291083029917386,1.3045334312314774
1746163333.272276163,7.291083029917386,1.3045334312314774
1746163333.276750326,7.318875609167222,1.294470431484855
1746163333.280283928,7.318875609167222,1.294470431484855
1746163333.284284830,7.318875609167222,1.294470431484855
1746163333.288264513,7.346447972999159,1.284350829483653
1746163333.292260885,7.346447972999159,1.284350829483653
1746163333.296813726,7.373715929452811,1.2741746075500617
1746163333.300342560,7.373715929452811,1.2741746075500617
1746163333.304288387,7.373715929452811,1.2741746075500617
1746163333.308226109,7.400746525127992,1.2639784896806545
1746163333.312284470,7.400746525127992,1.2639784896806545
1746163333.316783905,7.427594095507836,1.2537912559603044
1746163333.320258856,7.427594095507836,1.2537912559603044
1746163333.324262619,7.427594095507836,1.2537912559603044
1746163333.328226328,7.454276603620608,1.2435673623167895
1746163333.332236290,7.454276603620608,1.2435673623167895
1746163333.336768627,7.4808280537126235,1.2333211583082693
1746163333.340271235,7.4808280537126235,1.2333211583082693
1746163333.344285011,7.4808280537126235,1.2333211583082693
1746163333.348234415,7.507148584502366,1.223061440960402
1746163333.352350950,7.507148584502366,1.223061440960402
1746163333.356717825,7.5331768570866435,1.2128457594948117
1746163333.360228539,7.5331768570866435,1.2128457594948117
1746163333.364257812,7.5331768570866435,1.2128457594948117
1746163333.368257999,7.55894275486175,1.202601238656772
1746163333.372256517,7.55894275486175,1.202601238656772
1746163333.376916647,7.584460265217799,1.1922455464637138
1746163333.380301952,7.584460265217799,1.1922455464637138
1746163333.384275675,7.584460265217799,1.1922455464637138
1746163333.388269424,7.609747964226773,1.1817331820372685
1746163333.392223358,7.609747964226773,1.1817331820372685
1746163333.396698952,7.6348476111613275,1.171093055241845
1746163333.400220633,7.6348476111613275,1.171093055241845
1746163333.404263496,7.6348476111613275,1.171093055241845
1746163333.408274412,7.659760884411695,1.1602732597151186
1746163333.412294149,7.659760884411695,1.1602732597151186
1746163333.416659594,7.684486889194513,1.149229916376374
1746163333.420237303,7.684486889194513,1.149229916376374
1746163333.424226999,7.684486889194513,1.149229916376374
1746163333.428275347,7.708931431140524,1.1380456338491582
1746163333.432229996,7.708931431140524,1.1380456338491582
1746163333.436705589,7.732996139356364,1.1267393527385672
1746163333.440242529,7.732996139356364,1.1267393527385672
1746163333.444311380,7.732996139356364,1.1267393527385672
1746163333.448276520,7.7567442691416195,1.1153202627505745
1746163333.452265024,7.7567442691416195,1.1153202627505745
1746163333.456861973,7.780202470736531,1.1037451588185512
1746163333.460261822,7.780202470736531,1.1037451588185512
1746163333.464224100,7.780202470736531,1.1037451588185512
1746163333.468227148,7.803414882566877,1.0920263567926043
1746163333.472288370,7.803414882566877,1.0920263567926043
1746163333.476853371,7.826393430467327,1.0801272197465006
1746163333.480270624,7.826393430467327,1.0801272197465006
1746163333.484230995,7.826393430467327,1.0801272197465006
1746163333.488258123,7.849171053482714,1.0680645608569839
1746163333.492272139,7.849171053482714,1.0680645608569839
1746163333.496729374,7.871636049798283,1.0558697189162394
1746163333.500270367,7.871636049798283,1.0558697189162394
1746163333.504248857,7.871636049798283,1.0558697189162394
1746163333.508278370,7.893723391682377,1.0436162736760755
1746163333.512316465,7.893723391682377,1.0436162736760755
1746163333.516785145,7.915467921843534,1.0312533310915706
1746163333.520223141,7.915467921843534,1.0312533310915706
1746163333.524472952,7.915467921843534,1.0312533310915706
1746163333.531798601,7.936924125114844,1.018787326949196
1746163333.535532236,7.936924125114844,1.018787326949196
1746163333.540728331,7.958109471553353,1.0061780394129036
1746163333.544268131,7.958109471553353,1.0061780394129036
1746163333.548395395,7.979064788618667,0.9934390309012382
1746163333.552268267,7.979064788618667,0.9934390309012382
1746163333.556921005,7.99979652561133,0.980537851952676
1746163333.560299873,7.99979652561133,0.980537851952676
1746163333.564424038,7.99979652561133,0.980537851952676
1746163333.568665504,8.020336842234867,0.9674926703347667
1746163333.572347164,8.020336842234867,0.9674926703347667
1746163333.577176809,8.04058621715386,0.9543401364985376
1746163333.580263853,8.04058621715386,0.9543401364985376
1746163333.584278107,8.04058621715386,0.9543401364985376
1746163333.588272333,8.060492913778432,0.9411553793790658
1746163333.592220545,8.060492913778432,0.9411553793790658
1746163333.596678019,8.0800835289728,0.9278899391413511
1746163333.600263596,8.0800835289728,0.9278899391413511
1746163333.604274511,8.0800835289728,0.9278899391413511
1746163333.608265162,8.099409346230706,0.9145495910888298
1746163333.612194777,8.099409346230706,0.9145495910888298
1746163333.616776466,8.118482106565184,0.90109610434511
1746163333.620272160,8.118482106565184,0.90109610434511
1746163333.624221087,8.118482106565184,0.90109610434511
1746163333.628185272,8.137341271154076,0.8875419740983764
1746163333.632279396,8.137341271154076,0.8875419740983764
1746163333.636845350,8.155989058961513,0.8738561381472066
1746163333.640282154,8.155989058961513,0.8738561381472066
1746163333.644294500,8.155989058961513,0.8738561381472066
1746163333.648263693,8.174457338488532,0.8600553099003425
1746163333.652207375,8.174457338488532,0.8600553099003425
1746163333.656912565,8.192699829447772,0.8461449291756201
1746163333.660220861,8.192699829447772,0.8461449291756201
1746163333.664303780,8.192699829447772,0.8461449291756201
1746163333.668236732,8.210710080092722,0.8321709109690315
1746163333.672330141,8.210710080092722,0.8321709109690315
1746163333.676964045,8.228493186301028,0.8180977710971782
1746163333.680263042,8.228493186301028,0.8180977710971782
1746163333.684478998,8.228493186301028,0.8180977710971782
1746163333.690044641,8.246085018480104,0.8039377068250727
1746163333.693101168,8.246085018480104,0.8039377068250727
1746163333.698502302,8.263482785027517,0.7896611904457259
1746163333.702228069,8.263482785027517,0.7896611904457259
1746163333.705571651,8.263482785027517,0.7896611904457259
1746163333.709705830,8.28071616616905,0.7752840032695937
1746163333.712198257,8.28071616616905,0.7752840032695937
1746163333.717037439,8.297777117318033,0.7607806115070994
1746163333.720280409,8.297777117318033,0.7607806115070994
1746163333.724273443,8.297777117318033,0.7607806115070994
1746163333.728261232,8.314691315689439,0.7461689330416524
1746163333.732234478,8.314691315689439,0.7461689330416524
1746163333.736802340,8.331447074691578,0.7314260142114551
1746163333.740273237,8.331447074691578,0.7314260142114551
1746163333.744232655,8.331447074691578,0.7314260142114551
1746163333.748269320,8.34805720101722,0.7165801789175889
1746163333.752258062,8.34805720101722,0.7165801789175889
1746163333.756731987,8.36449899241516,0.7016174988744025
1746163333.760281563,8.36449899241516,0.7016174988744025
1746163333.764231920,8.36449899241516,0.7016174988744025
1746163333.768233061,8.380815197270875,0.6865737020190422
1746163333.772236109,8.380815197270875,0.6865737020190422
1746163333.777006865,8.397040337659767,0.671476711399655
1746163333.780254364,8.397040337659767,0.671476711399655
1746163333.784234047,8.397040337659767,0.671476711399655
1746163333.788214445,8.41315483941594,0.6562978710145098
1746163333.792283535,8.41315483941594,0.6562978710145098
1746163333.796792030,8.429177658352607,0.6410514339551142
1746163333.800216198,8.429177658352607,0.6410514339551142
1746163333.804344416,8.429177658352607,0.6410514339551142
1746163333.808254957,8.445090806845018,0.6257140190017771
1746163333.812258720,8.445090806845018,0.6257140190017771
1746163333.816643000,8.46091410280255,0.610302811954387
1746163333.820223093,8.46091410280255,0.610302811954387
1746163333.824282646,8.46091410280255,0.610302811954387
1746163333.828215837,8.476629534044578,0.5947968245563992
1746163333.832285881,8.476629534044578,0.5947968245563992
1746163333.836693764,8.492232523330882,0.5792389572964559
1746163333.840228319,8.492232523330882,0.5792389572964559
1746163333.844253540,8.492232523330882,0.5792389572964559
1746163333.848252296,8.5076844510724,0.5636289906922403
1746163333.852255583,8.5076844510724,0.5636289906922403
1746163333.856966019,8.523014107234099,0.54797785680265
1746163333.860199451,8.523014107234099,0.54797785680265
1746163333.864248037,8.523014107234099,0.54797785680265
1746163333.868272066,8.538190370217656,0.532241456295605
1746163333.872252703,8.538190370217656,0.532241456295605
1746163333.876770973,8.553169397571667,0.5163681407360177
1746163333.880274296,8.553169397571667,0.5163681407360177
1746163333.884191275,8.553169397571667,0.5163681407360177
1746163333.888189077,8.56791114209021,0.5003149831367402
1746163333.892250299,8.56791114209021,0.5003149831367402
1746163333.897071362,8.582377028315245,0.48404536959100924
1746163333.900222301,8.582377028315245,0.48404536959100924
1746163333.904265165,8.582377028315245,0.48404536959100924
1746163333.908282995,8.59654815475108,0.4675442477983508
1746163333.912230730,8.59654815475108,0.4675442477983508
1746163333.916772127,8.610434082056738,0.45087266249057983
1746163333.920275450,8.610434082056738,0.45087266249057983
1746163333.924257517,8.610434082056738,0.45087266249057983
1746163333.928219557,8.624002493388499,0.4340467097066797
1746163333.932216644,8.624002493388499,0.4340467097066797
1746163333.937060833,8.637289512011662,0.4170818105602325
1746163333.940272093,8.637289512011662,0.4170818105602325
1746163333.944269419,8.637289512011662,0.4170818105602325
1746163333.948263407,8.650283510317447,0.39995880337395107
1746163333.952258587,8.650283510317447,0.39995880337395107
1746163333.956896305,8.663013886031857,0.38269289470334716
1746163333.960283279,8.663013886031857,0.38269289470334716
1746163333.964224815,8.663013886031857,0.38269289470334716
1746163333.968222857,8.675463913178474,0.36526701311010895
1746163333.972240686,8.675463913178474,0.36526701311010895
1746163333.976721048,8.687659829178376,0.3476970469104243
1746163333.980260849,8.687659829178376,0.3476970469104243
1746163333.984299421,8.687659829178376,0.3476970469104243
1746163333.988225937,8.699560635285506,0.3299537790186986
1746163333.992286444,8.699560635285506,0.3299537790186986
1746163333.996723652,8.711132609951044,0.31201655366293085
1746163334.000215292,8.711132609951044,0.31201655366293085
1746163334.004288435,8.711132609951044,0.31201655366293085
1746163334.008213520,8.722384657719775,0.29394196149282636
1746163334.012266159,8.722384657719775,0.29394196149282636
1746163334.016875982,8.733280870073163,0.27574948166179
1746163334.020299673,8.733280870073163,0.27574948166179
1746163334.024226904,8.733280870073163,0.27574948166179
1746163334.028254747,8.7438558163285,0.257447702760036
1746163334.032291174,8.7438558163285,0.257447702760036
1746163334.036710262,8.754093170241097,0.23901859387509738
1746163334.040259600,8.754093170241097,0.23901859387509738
1746163334.044467926,8.754093170241097,0.23901859387509738
1746163334.050668001,8.764022869504943,0.22047300281562324
1746163334.053546190,8.764022869504943,0.22047300281562324
1746163334.058861017,8.773625016229264,0.2017967400996613
1746163334.062161922,8.773625016229264,0.2017967400996613
1746163334.065407038,8.773625016229264,0.2017967400996613
1746163334.069397926,8.78292728183968,0.1830022760137677
1746163334.072348833,8.78292728183968,0.1830022760137677
1746163334.077173471,8.791907602191623,0.16407835324112802
1746163334.080260038,8.791907602191623,0.16407835324112802
1746163334.084267378,8.791907602191623,0.16407835324112802
1746163334.088255167,8.800592381345494,0.14503828002049626
1746163334.092402458,8.800592381345494,0.14503828002049626
1746163334.096778154,8.80895805461067,0.1258729793541779
1746163334.100234985,8.80895805461067,0.1258729793541779
1746163334.104280949,8.80895805461067,0.1258729793541779
1746163334.108269691,8.81701493536061,0.10663284450942614
1746163334.112259626,8.81701493536061,0.10663284450942614
1746163334.116853714,8.824725694033244,0.08734021445962319
1746163334.120227337,8.824725694033244,0.08734021445962319
1746163334.124224901,8.824725694033244,0.08734021445962319
1746163334.128218412,8.832122159736869,0.06799642032380766
1746163334.132223129,8.832122159736869,0.06799642032380766
1746163334.136899710,8.839183064342306,0.04858518896987356
1746163334.140223026,8.839183064342306,0.04858518896987356
1746163334.144245386,8.839183064342306,0.04858518896987356
1746163334.148220062,8.84593815630679,0.029111788755112968
1746163334.152325153,8.84593815630679,0.029111788755112968
1746163334.156910658,8.85236455031468,0.009564798129210378
1746163334.160257578,8.85236455031468,0.009564798129210378
1746163334.164253950,8.85236455031468,0.009564798129210378
1746163334.168255806,8.858490817471218,-0.010048232653219951
1746163334.172214270,8.858490817471218,-0.010048232653219951
1746163334.176990032,8.864292911472175,-0.029735342957679788
1746163334.180258274,8.864292911472175,-0.029735342957679788
1746163334.184473991,8.864292911472175,-0.029735342957679788
1746163334.191769361,8.869798618733888,-0.049487835896788984
1746163334.196165562,8.869798618733888,-0.049487835896788984
1746163334.204428434,8.874972113280668,-0.06927077255594338
1746163334.211716175,8.879833019772098,-0.08904187802604856
1746163334.215058565,8.879833019772098,-0.08904187802604856
1746163334.219285250,8.884359076933004,-0.10881893812802698
1746163334.222578049,8.884359076933004,-0.10881893812802698
1746163334.224653959,8.884359076933004,-0.10881893812802698
1746163334.228267193,8.888606825957325,-0.12859848070060673
1746163334.232253551,8.888606825957325,-0.12859848070060673
1746163334.236814022,8.892645494323352,-0.14837395105080742
1746163334.240220308,8.892645494323352,-0.14837395105080742
1746163334.244242191,8.892645494323352,-0.14837395105080742
1746163334.248290062,8.896534581193936,-0.16814070206404946
1746163334.252265692,8.896534581193936,-0.16814070206404946
1746163334.256682873,8.900302095008824,-0.1878996546205387
1746163334.260223389,8.900302095008824,-0.1878996546205387
1746163334.264207840,8.900302095008824,-0.1878996546205387
1746163334.268253565,8.903879417186772,-0.20766854272151436
1746163334.272327423,8.903879417186772,-0.20766854272151436
1746163334.276696920,8.907190582464386,-0.22746321698052704
1746163334.280233622,8.907190582464386,-0.22746321698052704
1746163334.284276485,8.907190582464386,-0.22746321698052704
1746163334.288216114,8.91017234239218,-0.24729358079928965
1746163334.292254210,8.91017234239218,-0.24729358079928965
1746163334.296614408,8.912761310432053,-0.2671205692001514
1746163334.300254107,8.912761310432053,-0.2671205692001514
1746163334.304303169,8.912761310432053,-0.2671205692001514
1746163334.308237314,8.914902004595465,-0.28690879846956924
1746163334.312244415,8.914902004595465,-0.28690879846956924
1746163334.316709757,8.916578082534127,-0.3066674453987893
1746163334.320217371,8.916578082534127,-0.3066674453987893
1746163334.324255466,8.916578082534127,-0.3066674453987893
1746163334.328218699,8.917843533938873,-0.3263965260812383
1746163334.332397938,8.917843533938873,-0.3263965260812383
1746163334.337001085,8.918688389799708,-0.3460994530665338
1746163334.340319395,8.918688389799708,-0.3460994530665338
1746163334.344225407,8.918688389799708,-0.3460994530665338
1746163334.348255157,8.919152663015645,-0.3657756650105662
1746163334.352251768,8.919152663015645,-0.3657756650105662
1746163334.356727362,8.919218088272757,-0.3854253761412599
1746163334.360249043,8.919218088272757,-0.3854253761412599
1746163334.364219189,8.919218088272757,-0.3854253761412599
1746163334.368284941,8.91891906238544,-0.40504711621476913
1746163334.372299194,8.91891906238544,-0.40504711621476913
1746163334.376776934,8.91823381995073,-0.4246382542706617
1746163334.380397081,8.91823381995073,-0.4246382542706617
1746163334.384225607,8.91823381995073,-0.4246382542706617
1746163334.388224602,8.917196779497143,-0.44414712810392337
1746163334.392215967,8.917196779497143,-0.44414712810392337
1746163334.396679878,8.915786610436381,-0.4635285109429903
1746163334.400236845,8.915786610436381,-0.4635285109429903
1746163334.404303551,8.915786610436381,-0.4635285109429903
1746163334.408194780,8.914034659905337,-0.4827975952064913
1746163334.412271500,8.914034659905337,-0.4827975952064913
1746163334.416730404,8.911916113501817,-0.5019613428200387
1746163334.420257568,8.911916113501817,-0.5019613428200387
1746163334.424255610,8.911916113501817,-0.5019613428200387
1746163334.428222895,8.909461667669124,-0.5210294009268897
1746163334.432289839,8.909461667669124,-0.5210294009268897
1746163334.436881065,8.90664701494266,-0.5400025003541169
1746163334.444966078,8.90664701494266,-0.5400025003541169
1746163334.448218107,8.903502487365634,-0.5588870857131574
1746163334.452265024,8.903502487365634,-0.5588870857131574
1746163334.456666708,8.90000408108498,-0.5776795526243508
1746163334.460167885,8.90000408108498,-0.5776795526243508
1746163334.464289665,8.90000408108498,-0.5776795526243508
1746163334.468249083,8.896181645641501,-0.5963846098356859
1746163334.472278118,8.896181645641501,-0.5963846098356859
1746163334.476915836,8.89201130510204,-0.6149955159679081
1746163334.480205536,8.89201130510204,-0.6149955159679081
1746163334.484513760,8.89201130510204,-0.6149955159679081
1746163334.490638971,8.887536344066074,-0.6334590689348789
1746163334.494102240,8.887536344066074,-0.6334590689348789
1746163334.499523878,8.882744215545149,-0.6517198778995436
1746163334.503727674,8.882744215545149,-0.6517198778995436
1746163334.509422779,8.877661292224385,-0.6698018358779032
1746163334.512290478,8.877661292224385,-0.6698018358779032
1746163334.517114162,8.872260360267976,-0.6877098919661724
1746163334.520310163,8.872260360267976,-0.6877098919661724
1746163334.524250031,8.872260360267976,-0.6877098919661724
1746163334.528252125,8.866568906704437,-0.7054614151079373
1746163334.532294035,8.866568906704437,-0.7054614151079373
1746163334.536823034,8.860561990111329,-0.7230546319608218
1746163334.540261507,8.860561990111329,-0.7230546319608218
1746163334.544231415,8.860561990111329,-0.7230546319608218
1746163334.548276186,8.854267719133386,-0.7405030690293299
1746163334.552272081,8.854267719133386,-0.7405030690293299
1746163334.556747437,8.847662553607492,-0.7578002954513903
1746163334.560271025,8.847662553607492,-0.7578002954513903
1746163334.564282656,8.847662553607492,-0.7578002954513903
1746163334.568240643,8.84077462382496,-0.7749576117317853
1746163334.572229624,8.84077462382496,-0.7749576117317853
1746163334.576773882,8.833581221427137,-0.791965226534233
1746163334.580268860,8.833581221427137,-0.791965226534233
1746163334.584262371,8.833581221427137,-0.791965226534233
1746163334.588232517,8.826136523156606,-0.8087741735264211
1746163334.592284679,8.826136523156606,-0.8087741735264211
1746163334.596826553,8.818439681097004,-0.8253242727952418
1746163334.600281715,8.818439681097004,-0.8253242727952418
1746163334.604280710,8.818439681097004,-0.8253242727952418
1746163334.608204842,8.810534960673998,-0.8416580026260545
1746163334.612277269,8.810534960673998,-0.8416580026260545
1746163334.616764307,8.80247690829792,-0.8578204159060014
1746163334.620224714,8.80247690829792,-0.8578204159060014
1746163334.624259472,8.80247690829792,-0.8578204159060014
1746163334.628259659,8.794310173236969,-0.8738499058046773
1746163334.632244825,8.794310173236969,-0.8738499058046773
1746163334.636790991,8.786050684461136,-0.8897681034245056
1746163334.640227318,8.786050684461136,-0.8897681034245056
1746163334.644414902,8.786050684461136,-0.8897681034245056
1746163334.648258686,8.7776517185182,-0.9055612963424877
1746163334.652229786,8.7776517185182,-0.9055612963424877
1746163334.657209396,8.769123336499124,-0.9212427762088281
1746163334.660251141,8.769123336499124,-0.9212427762088281
1746163334.664251804,8.769123336499124,-0.9212427762088281
1746163334.668230772,8.760432118517217,-0.9368002028673716
1746163334.672272444,8.760432118517217,-0.9368002028673716
1746163334.677066326,8.751595872707531,-0.9522477075903488
1746163334.680235386,8.751595872707531,-0.9522477075903488
1746163334.684237480,8.751595872707531,-0.9522477075903488
1746163334.688301086,8.742586965935867,-0.9675723169264301
1746163334.692328453,8.742586965935867,-0.9675723169264301
1746163334.696814537,8.733465159482774,-0.9827243764510576
1746163334.700233459,8.733465159482774,-0.9827243764510576
1746163334.704237938,8.733465159482774,-0.9827243764510576
1746163334.708261967,8.724214331574897,-0.9976240258052321
1746163334.712398052,8.724214331574897,-0.9976240258052321
1746163334.716800690,8.714767471355824,-1.01225764094753
1746163334.720319986,8.714767471355824,-1.01225764094753
1746163334.724281073,8.714767471355824,-1.01225764094753
1746163334.728228331,8.705073121042929,-1.026611446367988
1746163334.732240200,8.705073121042929,-1.026611446367988
1746163334.736811399,8.695090673824541,-1.0406700466250203
1746163334.740259886,8.695090673824541,-1.0406700466250203
1746163334.744401217,8.695090673824541,-1.0406700466250203
1746163334.748231649,8.684787552066881,-1.0544158169815983
1746163334.752376080,8.684787552066881,-1.0544158169815983
1746163334.756740093,8.674157366359388,-1.067844685790677
1746163334.760230541,8.674157366359388,-1.067844685790677
1746163334.764270306,8.674157366359388,-1.067844685790677
1746163334.768271923,8.663248295651796,-1.0809939070630432
1746163334.772265911,8.663248295651796,-1.0809939070630432
1746163334.776763439,8.652057805382995,-1.0938597623984752
1746163334.780225039,8.652057805382995,-1.0938597623984752
1746163334.784292221,8.652057805382995,-1.0938597623984752
1746163334.788257122,8.64062037422739,-1.1064697200175753
1746163334.792249918,8.64062037422739,-1.1064697200175753
1746163334.796773672,8.62892646471991,-1.1188117121752816
1746163334.800242901,8.62892646471991,-1.1188117121752816
1746163334.804259300,8.62892646471991,-1.1188117121752816
1746163334.808219194,8.617064494206518,-1.1308478747533321
1746163334.812237740,8.617064494206518,-1.1308478747533321
1746163334.816792250,8.60507135287212,-1.142512567375186
1746163334.820290089,8.60507135287212,-1.142512567375186
1746163334.824263573,8.60507135287212,-1.142512567375186
1746163334.828219414,8.592954825025338,-1.1538499664368667
1746163334.832220793,8.592954825025338,-1.1538499664368667
1746163334.836719513,8.580686289671249,-1.1648576695440926
1746163334.840225935,8.580686289671249,-1.1648576695440926
1746163334.844225645,8.580686289671249,-1.1648576695440926
1746163334.848253012,8.568278537368354,-1.1755715974882464
1746163334.852294683,8.568278537368354,-1.1755715974882464
1746163334.856836319,8.555709436299267,-1.1859823720861764
1746163334.860265017,8.555709436299267,-1.1859823720861764
1746163334.864235640,8.555709436299267,-1.1859823720861764
1746163334.868266344,8.542994784453807,-1.196120894911451
1746163334.872268677,8.542994784453807,-1.196120894911451
1746163334.876801968,8.530116682613146,-1.2059728487311834
1746163334.880293131,8.530116682613146,-1.2059728487311834
1746163334.884252310,8.530116682613146,-1.2059728487311834
1746163334.888238430,8.517092310395602,-1.2155657742853454
1746163334.892237425,8.517092310395602,-1.2155657742853454
1746163334.896795750,8.503906589800527,-1.224881707229449
1746163334.900231600,8.503906589800527,-1.224881707229449
1746163334.904254913,8.503906589800527,-1.224881707229449
1746163334.908252478,8.49057716995231,-1.233945989999929
1746163334.912320614,8.49057716995231,-1.233945989999929
1746163334.916802168,8.47712859447963,-1.2427131995932637
1746163334.920265436,8.47712859447963,-1.2427131995932637
1746163334.924257994,8.47712859447963,-1.2427131995932637
1746163334.928250313,8.46360976292207,-1.2511885580209257
1746163334.932234526,8.46360976292207,-1.2511885580209257
1746163334.936765909,8.449996494910353,-1.2593581652978154
1746163334.940261126,8.449996494910353,-1.2593581652978154
1746163334.944307327,8.449996494910353,-1.2593581652978154
1746163334.948215723,8.436309449640481,-1.2672761528668648
1746163334.952233315,8.436309449640481,-1.2672761528668648
1746163334.956875563,8.42257386036516,-1.2750041306464104
1746163334.960223913,8.42257386036516,-1.2750041306464104
1746163334.964229345,8.42257386036516,-1.2750041306464104
1746163334.968223333,8.408808564109941,-1.2825922000179149
1746163334.972280741,8.408808564109941,-1.2825922000179149
1746163334.976950645,8.395016674393235,-1.290060344948287
1746163334.980224133,8.395016674393235,-1.290060344948287
1746163334.984212875,8.395016674393235,-1.290060344948287
1746163334.988214016,8.381169216894705,-1.2973658557290078
1746163334.992231846,8.381169216894705,-1.2973658557290078
1746163334.996664286,8.36726858862,-1.3045208701364477
1746163335.000221729,8.36726858862,-1.3045208701364477
1746163335.004334688,8.36726858862,-1.3045208701364477
1746163335.008256674,8.353295629209184,-1.3114930513433962
1746163335.012217999,8.353295629209184,-1.3114930513433962
1746163335.016686440,8.339258370218674,-1.3183012689126916
1746163335.020231485,8.339258370218674,-1.3183012689126916
1746163335.024220228,8.339258370218674,-1.3183012689126916
1746163335.028269053,8.325142581011782,-1.3249171582904367
1746163335.032227278,8.325142581011782,-1.3249171582904367
1746163335.036761761,8.310916358125267,-1.331381786835647
1746163335.040291786,8.310916358125267,-1.331381786835647
1746163335.044234514,8.310916358125267,-1.331381786835647
1746163335.048255682,8.296528673170391,-1.3376868084702687
1746163335.052258730,8.296528673170391,-1.3376868084702687
1746163335.056699038,8.281994872042402,-1.3438511631190815
1746163335.060198069,8.281994872042402,-1.3438511631190815
1746163335.064274788,8.281994872042402,-1.3438511631190815
1746163335.068202257,8.26730954709693,-1.3498459582403157
1746163335.072332382,8.26730954709693,-1.3498459582403157
1746163335.076681852,8.25248725562143,-1.3556905871919644
1746163335.080272436,8.25248725562143,-1.3556905871919644
1746163335.084396124,8.25248725562143,-1.3556905871919644
1746163335.088214636,8.237523016379468,-1.3613560024406377
1746163335.092266560,8.237523016379468,-1.3613560024406377
1746163335.096722364,8.222430676190235,-1.36686215335938
1746163335.100228786,8.222430676190235,-1.36686215335938
1746163335.104291201,8.222430676190235,-1.36686215335938
1746163335.108214140,8.207205771856234,-1.3721799490666897
1746163335.112216711,8.207205771856234,-1.3721799490666897
1746163335.116800547,8.19186147483216,-1.37732994021248
1746163335.120216608,8.19186147483216,-1.37732994021248
1746163335.124228716,8.19186147483216,-1.37732994021248
1746163335.128236055,8.176393897052666,-1.382283056796352
1746163335.132273912,8.176393897052666,-1.382283056796352
1746163335.136935949,8.160815544379643,-1.3870604580240322
1746163335.140217066,8.160815544379643,-1.3870604580240322
1746163335.144247055,8.160815544379643,-1.3870604580240322
1746163335.148265362,8.145116350592584,-1.3916094508206698
1746163335.152254105,8.145116350592584,-1.3916094508206698
1746163335.156665564,8.129250612268976,-1.395902015053749
1746163335.160241842,8.129250612268976,-1.395902015053749
1746163335.164258957,8.129250612268976,-1.395902015053749
1746163335.168231964,8.113194488782245,-1.3999804254387578
1746163335.172252417,8.113194488782245,-1.3999804254387578
1746163335.176752567,8.09695269472257,-1.403820832533049
1746163335.180268049,8.09695269472257,-1.403820832533049
1746163335.184268236,8.09695269472257,-1.403820832533049
1746163335.188221455,8.080546180922548,-1.407470282777113
1746163335.192314386,8.080546180922548,-1.407470282777113
1746163335.196811199,8.063996015084175,-1.4109872192894015
1746163335.200267076,8.063996015084175,-1.4109872192894015
1746163335.204239130,8.063996015084175,-1.4109872192894015
1746163335.208260536,8.047319072243594,-1.4144199860934867
1746163335.212219238,8.047319072243594,-1.4144199860934867
1746163335.216786861,8.030524787681168,-1.4177861576675397
1746163335.220283747,8.030524787681168,-1.4177861576675397
1746163335.224294424,8.030524787681168,-1.4177861576675397
1746163335.228273392,8.01360878739971,-1.4210353213986109
1746163335.232285023,8.01360878739971,-1.4210353213986109
1746163335.236827135,7.996578069970899,-1.4241739394717772
1746163335.240226507,7.996578069970899,-1.4241739394717772
1746163335.244214535,7.996578069970899,-1.4241739394717772
1746163335.248220921,7.979431041055284,-1.4271619394182402
1746163335.252278805,7.979431041055284,-1.4271619394182402
1746163335.256820679,7.962175913700925,-1.4300134397527373
1746163335.260231018,7.962175913700925,-1.4300134397527373
1746163335.264290571,7.962175913700925,-1.4300134397527373
1746163335.268258810,7.94481263802595,-1.4326935520875048
1746163335.272216797,7.94481263802595,-1.4326935520875048
1746163335.276900768,7.927308821331575,-1.4352265773191242
1746163335.280226946,7.927308821331575,-1.4352265773191242
1746163335.284296989,7.927308821331575,-1.4352265773191242
1746163335.288253784,7.909626526026012,-1.4375866591656172
1746163335.292264223,7.909626526026012,-1.4375866591656172
1746163335.296828747,7.891777473949949,-1.439792061460544
1746163335.300237417,7.891777473949949,-1.439792061460544
1746163335.304245710,7.891777473949949,-1.439792061460544
1746163335.308260918,7.873766781434406,-1.4418113649811293
1746163335.312232494,7.873766781434406,-1.4418113649811293
1746163335.316828728,7.85560531288171,-1.4436637894098674
1746163335.320290804,7.85560531288171,-1.4436637894098674
1746163335.324231148,7.85560531288171,-1.4436637894098674
1746163335.345429659,7.8372983623825005,-1.445318353853959
1746163335.349027872,7.818855936218642,-1.446795097775317
1746163335.352215767,7.818855936218642,-1.446795097775317
1746163335.356661081,7.800283551722841,-1.448063418922358
1746163335.360309124,7.800283551722841,-1.448063418922358
1746163335.364274025,7.800283551722841,-1.448063418922358
1746163335.368215322,7.7815903634984736,-1.4491440859401266
1746163335.372290611,7.7815903634984736,-1.4491440859401266
1746163335.376687527,7.762782157203741,-1.450006847725361
1746163335.380240679,7.762782157203741,-1.450006847725361
1746163335.384224415,7.762782157203741,-1.450006847725361
1746163335.388271570,7.743867243725107,-1.450673133982322
1746163335.392277956,7.743867243725107,-1.450673133982322
1746163335.396737099,7.724818796823748,-1.4511143067313157
1746163335.400518417,7.724818796823748,-1.4511143067313157
1746163335.405194283,7.724818796823748,-1.4511143067313157
1746163335.412792921,7.705612903780441,-1.4513527580650607
1746163335.419261456,7.686259029439198,-1.451358947433703
1746163335.422101974,7.686259029439198,-1.451358947433703
1746163335.424964666,7.686259029439198,-1.451358947433703
1746163335.428965807,7.666766697038045,-1.451153742198396
1746163335.432277918,7.666766697038045,-1.451153742198396
1746163335.436917305,7.647145460039017,-1.4507074060400509
1746163335.440261364,7.647145460039017,-1.4507074060400509
1746163335.444234371,7.647145460039017,-1.4507074060400509
1746163335.448236227,7.627403807431875,-1.4500410565179873
1746163335.452260971,7.627403807431875,-1.4500410565179873
1746163335.456918001,7.607551474212243,-1.4491250055208733
1746163335.460386753,7.607551474212243,-1.4491250055208733
1746163335.464436769,7.607551474212243,-1.4491250055208733
1746163335.469093800,7.587595965814254,-1.447980756235449
1746163335.472288609,7.587595965814254,-1.447980756235449
1746163335.476946354,7.567547266718696,-1.44657882188162
1746163335.480257988,7.567547266718696,-1.44657882188162
1746163335.484276295,7.567547266718696,-1.44657882188162
1746163335.488244534,7.547411930211953,-1.444941153798031
1746163335.492274284,7.547411930211953,-1.444941153798031
1746163335.496728420,7.527174042574497,-1.4430365376365273
1746163335.500412464,7.527174042574497,-1.4430365376365273
1746163335.504420280,7.527174042574497,-1.4430365376365273
1746163335.509041071,7.506814325432097,-1.440884773968893
1746163335.512321949,7.506814325432097,-1.440884773968893
1746163335.516951561,7.486345790868969,-1.4384573544839483
1746163335.520251989,7.486345790868969,-1.4384573544839483
1746163335.524282455,7.486345790868969,-1.4384573544839483
1746163335.528283358,7.465772394395676,-1.435800114929349
1746163335.532275677,7.465772394395676,-1.435800114929349
1746163335.536694527,7.445094301444291,-1.4329741960718168
1746163335.540251493,7.445094301444291,-1.4329741960718168
1746163335.544269085,7.445094301444291,-1.4329741960718168
1746163335.548215628,7.424314454315248,-1.4300095161028834
1746163335.552330971,7.424314454315248,-1.4300095161028834
1746163335.556647301,7.403445436140029,-1.426865377084161
1746163335.560217381,7.403445436140029,-1.426865377084161
1746163335.564199448,7.403445436140029,-1.426865377084161
1746163335.568223238,7.382491804703822,-1.423555909158847
1746163335.572241306,7.382491804703822,-1.423555909158847
1746163335.576748610,7.3614654948954374,-1.4200472986281316
1746163335.580275059,7.3614654948954374,-1.4200472986281316
1746163335.584284544,7.3614654948954374,-1.4200472986281316
1746163335.588255644,7.340369804141298,-1.4163585226423039
1746163335.592217445,7.340369804141298,-1.4163585226423039
1746163335.596744061,7.319196266277208,-1.4124555909716043
1746163335.600218058,7.319196266277208,-1.4124555909716043
1746163335.604191542,7.319196266277208,-1.4124555909716043
1746163335.608228207,7.297928026320127,-1.408356143637364
1746163335.612267971,7.297928026320127,-1.408356143637364
1746163335.616751909,7.276578498568218,-1.4040319873376812
1746163335.620227337,7.276578498568218,-1.4040319873376812
1746163335.624284506,7.276578498568218,-1.4040319873376812
1746163335.628244162,7.255150911442357,-1.3995054068888633
1746163335.632275343,7.255150911442357,-1.3995054068888633
1746163335.636660099,7.23365859570362,-1.3947489184710997
1746163335.640263319,7.23365859570362,-1.3947489184710997
1746163335.644309282,7.23365859570362,-1.3947489184710997
1746163335.648251772,7.212103787267881,-1.389785432930198
1746163335.652341604,7.212103787267881,-1.389785432930198
1746163335.656669378,7.19049981913427,-1.3845879216369608
1746163335.660220861,7.19049981913427,-1.3845879216369608
1746163335.664216995,7.19049981913427,-1.3845879216369608
1746163335.668186903,7.16884798931944,-1.3791797160096209
1746163335.672244787,7.16884798931944,-1.3791797160096209
1746163335.676706553,7.147161693710232,-1.3735341441634592
1746163335.680317402,7.147161693710232,-1.3735341441634592
1746163335.684280157,7.147161693710232,-1.3735341441634592
1746163335.688270569,7.125427581562964,-1.3676712141695693
1746163335.692181587,7.125427581562964,-1.3676712141695693
1746163335.696654558,7.1036460048498515,-1.3615612983079823
1746163335.700232983,7.1036460048498515,-1.3615612983079823
1746163335.704223871,7.1036460048498515,-1.3615612983079823
1746163335.708216429,7.0818178958264335,-1.355228158825124
1746163335.712295294,7.0818178958264335,-1.355228158825124
1746163335.716699123,7.059958086197138,-1.3486461513184798
1746163335.720292807,7.059958086197138,-1.3486461513184798
1746163335.724200249,7.059958086197138,-1.3486461513184798
1746163335.728254080,7.038066584633092,-1.341839119142354
1746163335.732265234,7.038066584633092,-1.341839119142354
1746163335.736656189,7.0161583286510405,-1.3347815555188
1746163335.740465403,7.0161583286510405,-1.3347815555188
1746163335.744757891,7.0161583286510405,-1.3347815555188
1746163335.751389265,6.994232438922477,-1.3274973806841301
1746163335.755165577,6.994232438922477,-1.3274973806841301
1746163335.760863066,6.97230399374459,-1.3199612757073176
1746163335.764329195,6.97230399374459,-1.3199612757073176
1746163335.768639565,6.950362585943582,-1.3121942225626353
1746163335.772267103,6.950362585943582,-1.3121942225626353
1746163335.778208256,6.928415163433414,-1.3041683769031545
1746163335.780442476,6.928415163433414,-1.3041683769031545
1746163335.784422159,6.928415163433414,-1.3041683769031545
1746163335.788230658,6.9064600483742,-1.2959078141770535
1746163335.792231321,6.9064600483742,-1.2959078141770535
1746163335.796724081,6.88452247287931,-1.287364935274146
1746163335.800221443,6.88452247287931,-1.287364935274146
1746163335.804231882,6.88452247287931,-1.287364935274146
1746163335.808344364,6.862625917847633,-1.2785003645012591
1746163335.812282324,6.862625917847633,-1.2785003645012591
1746163335.816693544,6.8407662763776385,-1.2693445533134107
1746163335.820255518,6.8407662763776385,-1.2693445533134107
1746163335.824280024,6.8407662763776385,-1.2693445533134107
1746163335.828226089,6.81895989933923,-1.2598774649384106
1746163335.832264662,6.81895989933923,-1.2598774649384106
1746163335.836675882,6.797203000309087,-1.2501256863945074
1746163335.840248585,6.797203000309087,-1.2501256863945074
1746163335.844184875,6.797203000309087,-1.2501256863945074
1746163335.848282099,6.775513095169733,-1.2400671058649202
1746163335.852277756,6.775513095169733,-1.2400671058649202
1746163335.856685400,6.753876634186266,-1.2297223675977544
1746163335.860282660,6.753876634186266,-1.2297223675977544
1746163335.864220619,6.753876634186266,-1.2297223675977544
1746163335.868220568,6.732302815803229,-1.219064709002948
1746163335.872283697,6.732302815803229,-1.219064709002948
1746163335.876672506,6.710776523993482,-1.2081408435085617
1746163335.880249739,6.710776523993482,-1.2081408435085617
1746163335.884214163,6.710776523993482,-1.2081408435085617
1746163335.888192415,6.689273386400451,-1.197011687441941
1746163335.892281294,6.689273386400451,-1.197011687441941
1746163335.896721363,6.66778193850845,-1.185709861722415
1746163335.900257111,6.66778193850845,-1.185709861722415
1746163335.904334307,6.66778193850845,-1.185709861722415
1746163335.908188105,6.6463242120587225,-1.1742033851612073
1746163335.912215710,6.6463242120587225,-1.1742033851612073
1746163335.916646481,6.624883755881559,-1.1625322083570342
1746163335.920248747,6.624883755881559,-1.1625322083570342
1746163335.924324989,6.624883755881559,-1.1625322083570342
1746163335.928209543,6.60343390248814,-1.1507529806559333
1746163335.932223797,6.60343390248814,-1.1507529806559333
1746163335.936781645,6.5819381928618705,-1.138911057525727
1746163335.940262079,6.5819381928618705,-1.138911057525727
1746163335.944268465,6.5819381928618705,-1.138911057525727
1746163335.948224068,6.560373551224356,-1.1270280065468912
1746163335.952224016,6.560373551224356,-1.1270280065468912
1746163335.956687212,6.538762463278876,-1.1150709964883112
1746163335.960215092,6.538762463278876,-1.1150709964883112
1746163335.964270353,6.538762463278876,-1.1150709964883112
1746163335.968252659,6.517087419308254,-1.1030792531215623
1746163335.972256184,6.517087419308254,-1.1030792531215623
1746163335.976783037,6.495332968799962,-1.0910879155478068
1746163335.980257034,6.495332968799962,-1.0910879155478068
1746163335.984227419,6.495332968799962,-1.0910879155478068
1746163335.988234758,6.473518928272425,-1.0790679209105758
1746163335.992240667,6.473518928272425,-1.0790679209105758
1746163335.996753454,6.451637873330873,-1.0670392770327854
1746163336.000285625,6.451637873330873,-1.0670392770327854
1746163336.015028477,6.4297064274074955,-1.0549779761508804
1746163336.017006159,6.407715101465742,-1.0429072013084266
1746163336.020275831,6.407715101465742,-1.0429072013084266
1746163336.024176359,6.407715101465742,-1.0429072013084266
1746163336.028268814,6.385660373354715,-1.0307943754641622
1746163336.032282114,6.385660373354715,-1.0307943754641622
1746163336.036743164,6.3635141057164715,-1.0186536078268704
1746163336.040195704,6.3635141057164715,-1.0186536078268704
1746163336.044225216,6.3635141057164715,-1.0186536078268704
1746163336.048280954,6.341292550698299,-1.006464537449413
1746163336.052256107,6.341292550698299,-1.006464537449413
1746163336.056782246,6.318986806029366,-0.9942522351000425
1746163336.060248613,6.318986806029366,-0.9942522351000425
1746163336.064244270,6.318986806029366,-0.9942522351000425
1746163336.068235874,6.296612729914731,-0.9819961693551467
1746163336.072225809,6.296612729914731,-0.9819961693551467
1746163336.076761484,6.274161023875613,-0.9697213463958774
1746163336.080248117,6.274161023875613,-0.9697213463958774
1746163336.084242105,6.274161023875613,-0.9697213463958774
1746163336.088236094,6.251647258239916,-0.9574069481654588
1746163336.092231512,6.251647258239916,-0.9574069481654588
1746163336.096992016,6.229038499521299,-0.9450649714388376
1746163336.100236416,6.229038499521299,-0.9450649714388376
1746163336.104281187,6.229038499521299,-0.9450649714388376
1746163336.108227253,6.206327611941321,-0.9326624977777235
1746163336.112310410,6.206327611941321,-0.9326624977777235
1746163336.116885424,6.183507161378628,-0.9202249290091968
1746163336.120229959,6.183507161378628,-0.9202249290091968
1746163336.124229431,6.183507161378628,-0.9202249290091968
1746163336.128242254,6.160594037921433,-0.9077325212555599
1746163336.132272959,6.160594037921433,-0.9077325212555599
1746163336.136820555,6.137580327602909,-0.8952105002195049
1746163336.140188217,6.137580327602909,-0.8952105002195049
1746163336.144217014,6.137580327602909,-0.8952105002195049
1746163336.148225307,6.114482547533442,-0.8826387271954439
1746163336.152237892,6.114482547533442,-0.8826387271954439
1746163336.156737089,6.091292345803836,-0.8700422777924621
1746163336.160287380,6.091292345803836,-0.8700422777924621
1746163336.164257765,6.091292345803836,-0.8700422777924621
1746163336.168215036,6.068025895200913,-0.8574006611160419
1746163336.172201395,6.068025895200913,-0.8574006611160419
1746163336.176969767,6.044667315297265,-0.8447349117064654
1746163336.180277824,6.044667315297265,-0.8447349117064654
1746163336.184272528,6.044667315297265,-0.8447349117064654
1746163336.188269615,6.021237449795638,-0.8319988158080429
1746163336.192280769,6.021237449795638,-0.8319988158080429
1746163336.197026014,5.997761269311265,-0.8191562338222219
1746163336.200227499,5.997761269311265,-0.8191562338222219
1746163336.204240322,5.997761269311265,-0.8191562338222219
1746163336.208285093,5.974227873625737,-0.8062364303278853
1746163336.212246895,5.974227873625737,-0.8062364303278853
1746163336.216788769,5.950652220196787,-0.7932210054721972
1746163336.221637487,5.950652220196787,-0.7932210054721972
1746163336.224341154,5.950652220196787,-0.7932210054721972
1746163336.229699612,5.927024733476466,-0.7801356866160045
1746163336.232391596,5.927024733476466,-0.7801356866160045
1746163336.236755371,5.90336129765534,-0.7669597605574329
1746163336.240281582,5.90336129765534,-0.7669597605574329
1746163336.244265556,5.90336129765534,-0.7669597605574329
1746163336.248313665,5.87965025565337,-0.7537162555531548
1746163336.252215624,5.87965025565337,-0.7537162555531548
1746163336.256877184,5.855905475515394,-0.7403823436442896
1746163336.260243893,5.855905475515394,-0.7403823436442896
1746163336.264264822,5.855905475515394,-0.7403823436442896
1746163336.268218756,5.832117676539443,-0.7269818970331174
1746163336.272227049,5.832117676539443,-0.7269818970331174
1746163336.276785612,5.808315509860687,-0.71347123288026
1746163336.280218124,5.808315509860687,-0.71347123288026
1746163336.284272671,5.808315509860687,-0.71347123288026
1746163336.288259745,5.78452439491133,-0.6998129135389173
1746163336.292232037,5.78452439491133,-0.6998129135389173
1746163336.296888828,5.760719650224918,-0.6860568460493588
1746163336.300245762,5.760719650224918,-0.6860568460493588
1746163336.304276943,5.760719650224918,-0.6860568460493588
1746163336.308225632,5.736868204382026,-0.6722662742065135
1746163336.312271118,5.736868204382026,-0.6722662742065135
1746163336.316827536,5.712930432165997,-0.6584926608779906
1746163336.320264101,5.712930432165997,-0.6584926608779906
1746163336.324311972,5.712930432165997,-0.6584926608779906
1746163336.328249454,5.68886901737756,-0.6447850552577967
1746163336.332209110,5.68886901737756,-0.6447850552577967
1746163336.336940527,5.664657817524611,-0.6311982071024487
1746163336.340229750,5.664657817524611,-0.6311982071024487
1746163336.344224930,5.664657817524611,-0.6311982071024487
1746163336.348268747,5.640283678221755,-0.617765232156075
1746163336.352222681,5.640283678221755,-0.617765232156075
1746163336.356793165,5.615767388551903,-0.6044579572209107
1746163336.360236645,5.615767388551903,-0.6044579572209107
1746163336.364247561,5.615767388551903,-0.6044579572209107
1746163336.368258953,5.591101634960912,-0.5912990062739352
1746163336.372301579,5.591101634960912,-0.5912990062739352
1746163336.377005100,5.566302217651321,-0.5782676682232424
1746163336.380295038,5.566302217651321,-0.5782676682232424
1746163336.384293795,5.566302217651321,-0.5782676682232424
1746163336.388197422,5.541349816693269,-0.5653861380712225
1746163336.392231703,5.541349816693269,-0.5653861380712225
1746163336.397074699,5.516249205733152,-0.5526312869242951
1746163336.400278807,5.516249205733152,-0.5526312869242951
1746163336.404268503,5.516249205733152,-0.5526312869242951
1746163336.408215284,5.490991095273424,-0.540032184874082
1746163336.412253618,5.490991095273424,-0.540032184874082
1746163336.416876793,5.465589600970902,-0.527571199225694
1746163336.420279980,5.465589600970902,-0.527571199225694
1746163336.424229145,5.465589600970902,-0.527571199225694
1746163336.428244114,5.440035628527873,-0.5152774330239001
1746163336.432237625,5.440035628527873,-0.5152774330239001
1746163336.437030792,5.414343022435182,-0.5031325831636887
1746163336.440240622,5.414343022435182,-0.5031325831636887
1746163336.444228411,5.414343022435182,-0.5031325831636887
1746163336.457113266,5.362522241010174,-0.4793535223924919
1746163336.460227251,5.362522241010174,-0.4793535223924919
1746163336.464239359,5.362522241010174,-0.4793535223924919
1746163336.468229055,5.336385370861296,-0.46772198722637287
1746163336.472278357,5.336385370861296,-0.46772198722637287
1746163336.476711988,5.3101064859899045,-0.4562513857173253
1746163336.480240822,5.3101064859899045,-0.4562513857173253
1746163336.484262228,5.3101064859899045,-0.4562513857173253
1746163336.488218546,5.2836784665522,-0.44496994892132186
1746163336.492235422,5.2836784665522,-0.44496994892132186
1746163336.496779203,5.257114975004551,-0.43385749762612585
1746163336.500263929,5.257114975004551,-0.43385749762612585
1746163336.504269600,5.257114975004551,-0.43385749762612585
1746163336.508235931,5.230409211385079,-0.42294202832852146
1746163336.512287617,5.230409211385079,-0.42294202832852146
1746163336.516745806,5.203574451641607,-0.4122027325843068
1746163336.520225525,5.203574451641607,-0.4122027325843068
1746163336.524341822,5.203574451641607,-0.4122027325843068
1746163336.528218031,5.176604475268594,-0.40166755796587444
1746163336.532220364,5.176604475268594,-0.40166755796587444
1746163336.536876202,5.149512406775796,-0.39131524424462893
1746163336.540378571,5.149512406775796,-0.39131524424462893
1746163336.544292927,5.149512406775796,-0.39131524424462893
1746163336.548272848,5.122292030285361,-0.38117351398759136
1746163336.552222729,5.122292030285361,-0.38117351398759136
1746163336.556725740,5.094955755536088,-0.37122049964259657
1746163336.560248375,5.094955755536088,-0.37122049964259657
1746163336.564221621,5.094955755536088,-0.37122049964259657
1746163336.568216324,5.0674976800689295,-0.3614838455471707
1746163336.572217703,5.0674976800689295,-0.3614838455471707
1746163336.576763630,5.039929775030416,-0.35194123719251896
1746163336.580278158,5.039929775030416,-0.35194123719251896
1746163336.584241390,5.039929775030416,-0.35194123719251896
1746163336.588293552,5.012246459774955,-0.3426202618620266
1746163336.592220068,5.012246459774955,-0.3426202618620266
1746163336.596666336,4.98446539154009,-0.33350021101161326
1746163336.600254059,4.98446539154009,-0.33350021101161326
1746163336.604220629,4.98446539154009,-0.33350021101161326
1746163336.608348131,4.95657939979018,-0.324635118981731
1746163336.612269640,4.95657939979018,-0.324635118981731
1746163336.616780519,4.928578233733307,-0.31607047874102584
1746163336.620236635,4.928578233733307,-0.31607047874102584
1746163336.624231815,4.928578233733307,-0.31607047874102584
1746163336.628218174,4.900474761609179,-0.30777849997000545
1746163336.632256746,4.900474761609179,-0.30777849997000545
1746163336.636881351,4.8722656139340685,-0.2997850131452201
1746163336.640274525,4.8722656139340685,-0.2997850131452201
1746163336.644275904,4.8722656139340685,-0.2997850131452201
1746163336.648264647,4.843961801179652,-0.29206590087518325
1746163336.652264118,4.843961801179652,-0.29206590087518325
1746163336.656761646,4.815614907268049,-0.28466459953605744
1746163336.660258770,4.815614907268049,-0.28466459953605744
1746163336.664217472,4.815614907268049,-0.28466459953605744
1746163336.668217182,4.787281257774511,-0.27756916864301406
1746163336.672277212,4.787281257774511,-0.27756916864301406
1746163336.676721811,4.758940495423177,-0.2708049448775063
1746163336.681362152,4.758940495423177,-0.2708049448775063
1746163336.684228897,4.758940495423177,-0.2708049448775063
1746163336.688252449,4.730594430377191,-0.2643184672403129
1746163336.692245483,4.730594430377191,-0.2643184672403129
1746163336.696883917,4.7022499238607125,-0.2580391141047001
1746163336.700220108,4.7022499238607125,-0.2580391141047001
1746163336.704296112,4.7022499238607125,-0.2580391141047001
1746163336.708222866,4.673913290873694,-0.25190179691914694
1746163336.712239742,4.673913290873694,-0.25190179691914694
1746163336.716713905,4.645591138422845,-0.2458438053236509
1746163336.720311880,4.645591138422845,-0.2458438053236509
1746163336.724272251,4.645591138422845,-0.2458438053236509
1746163336.728202581,4.617376322447447,-0.23984268726646682
1746163336.732254505,4.617376322447447,-0.23984268726646682
1746163336.736895561,4.589329533851919,-0.23394824763388045
1746163336.740236044,4.589329533851919,-0.23394824763388045
1746163336.744244099,4.589329533851919,-0.23394824763388045
1746163336.748275995,4.561426529066877,-0.22810382303455168
1746163336.752223492,4.561426529066877,-0.22810382303455168
1746163336.756762743,4.533648582629505,-0.22225884242347288
1746163336.760262728,4.533648582629505,-0.22225884242347288
1746163336.764278650,4.533648582629505,-0.22225884242347288
1746163336.768251657,4.505966307206772,-0.21644007907827081
1746163336.772231102,4.505966307206772,-0.21644007907827081
1746163336.777091026,4.478367306928813,-0.21061499954805377
1746163336.780273199,4.478367306928813,-0.21061499954805377
1746163336.784257650,4.478367306928813,-0.21061499954805377
1746163336.788296461,4.450831707194566,-0.20480396673803833
1746163336.792263508,4.450831707194566,-0.20480396673803833
1746163336.796860218,4.423477579776049,-0.19899715217061598
1746163336.800397158,4.423477579776049,-0.19899715217061598
1746163336.804255962,4.423477579776049,-0.19899715217061598
1746163336.808231354,4.396389837928995,-0.19323719230779593
1746163336.812278986,4.396389837928995,-0.19323719230779593
1746163336.816761971,4.369525352781374,-0.18747990009089052
1746163336.820261478,4.369525352781374,-0.18747990009089052
1746163336.824269772,4.369525352781374,-0.18747990009089052
1746163336.828225851,4.342838171451366,-0.1817412209876665
1746163336.832278490,4.342838171451366,-0.1817412209876665
1746163336.836808920,4.3163022849014885,-0.1759820007396432
1746163336.840260029,4.3163022849014885,-0.1759820007396432
1746163336.844304800,4.3163022849014885,-0.1759820007396432
1746163336.848225355,4.289885714159309,-0.17022115781295014
1746163336.852483988,4.289885714159309,-0.17022115781295014
1746163336.858270168,4.263573547743506,-0.16442365845713558
1746163336.861009359,4.263573547743506,-0.16442365845713558
1746163336.864349365,4.263573547743506,-0.16442365845713558
1746163336.869708300,4.237465441573371,-0.15863868364859585
1746163336.872663021,4.237465441573371,-0.15863868364859585
1746163336.878558397,4.211653475697991,-0.15285471589034777
1746163336.880768538,4.211653475697991,-0.15285471589034777
1746163336.884394407,4.211653475697991,-0.15285471589034777
1746163336.888250589,4.18607773212491,-0.14708798087490282
1746163336.892224312,4.18607773212491,-0.14708798087490282
1746163336.896926165,4.160701588215746,-0.1412988244946639
1746163336.900240660,4.160701588215746,-0.1412988244946639
1746163336.904279470,4.160701588215746,-0.1412988244946639
1746163336.908200741,4.135483643742401,-0.1355070016892967
1746163336.912271976,4.135483643742401,-0.1355070016892967
1746163336.916738272,4.110402035105855,-0.12967769523090844
1746163336.920210361,4.110402035105855,-0.12967769523090844
1746163336.924256802,4.110402035105855,-0.12967769523090844
1746163336.928211451,4.085427417591883,-0.12383316545603573
1746163336.932218313,4.085427417591883,-0.12383316545603573
1746163336.936789751,4.060547625723127,-0.11794183046329487
1746163336.940222740,4.060547625723127,-0.11794183046329487
1746163336.944277048,4.060547625723127,-0.11794183046329487
1746163336.948260307,4.0358622515723965,-0.11205712090275714
1746163336.952222347,4.0358622515723965,-0.11205712090275714
1746163336.956913710,4.011464049601112,-0.10617148253663455
1746163336.960273027,4.011464049601112,-0.10617148253663455
1746163336.964226961,4.011464049601112,-0.10617148253663455
1746163336.968217134,3.9872943610811507,-0.10030226925986731
1746163336.972260475,3.9872943610811507,-0.10030226925986731
1746163336.976788521,3.963318389568622,-0.09441115268038847
1746163336.980268478,3.963318389568622,-0.09441115268038847
1746163336.984254360,3.963318389568622,-0.09441115268038847
1746163336.988254786,3.939495373032544,-0.08851867104417668
1746163336.992294073,3.939495373032544,-0.08851867104417668
1746163336.996719122,3.915804776862759,-0.08259095925593839
1746163337.000284672,3.915804776862759,-0.08259095925593839
1746163337.004262924,3.915804776862759,-0.08259095925593839
1746163337.008269310,3.8922175013293887,-0.07665077171046138
1746163337.012476921,3.8922175013293887,-0.07665077171046138
1746163337.019697189,3.8687223935440476,-0.07066718393181017
1746163337.024073124,3.8687223935440476,-0.07066718393181017
1746163337.030589104,3.845416810843012,-0.06469545152092812
1746163337.033616543,3.845416810843012,-0.06469545152092812
1746163337.037722111,3.8223925278642317,-0.05872978722692474
1746163337.040386677,3.8223925278642317,-0.05872978722692474
1746163337.044261456,3.8223925278642317,-0.05872978722692474
1746163337.048257351,3.799591456590012,-0.05278710619969721
1746163337.052265167,3.799591456590012,-0.05278710619969721
1746163337.056857586,3.7769801178076974,-0.04682901361819608
1746163337.060277224,3.7769801178076974,-0.04682901361819608
1746163337.064240694,3.7769801178076974,-0.04682901361819608
1746163337.068270922,3.7545179659609436,-0.04087572203183089
1746163337.072221994,3.7545179659609436,-0.04087572203183089
1746163337.076668024,3.732185470749814,-0.03489334141139187
1746163337.080253363,3.732185470749814,-0.03489334141139187
1746163337.084263086,3.732185470749814,-0.03489334141139187
1746163337.088248014,3.7099535247131086,-0.028904346045131833
1746163337.092234612,3.7099535247131086,-0.028904346045131833
1746163337.096877337,3.6878117771347614,-0.022877797092828084
1746163337.100273371,3.6878117771347614,-0.022877797092828084
1746163337.104218960,3.6878117771347614,-0.022877797092828084
1746163337.108247280,3.6658404826978166,-0.016895312064770802
1746163337.112217188,3.6658404826978166,-0.016895312064770802
1746163337.116612434,3.644104981727917,-0.011021613393894791
1746163337.120239019,3.644104981727917,-0.011021613393894791
1746163337.127565145,3.644104981727917,-0.011021613393894791
1746163337.130361795,3.622568844581664,-0.005204981055409135
1746163337.132200241,3.622568844581664,-0.005204981055409135
1746163337.136900425,3.6011878142063773,0.0005419025779331166
1746163337.140259743,3.6011878142063773,0.0005419025779331166
1746163337.144250154,3.6011878142063773,0.0005419025779331166
1746163337.148240328,3.579939326078683,0.006258061079374459
1746163337.152275324,3.579939326078683,0.006258061079374459
1746163337.156791925,3.558791386906009,0.011924074220736196
1746163337.160268068,3.558791386906009,0.011924074220736196
1746163337.164304733,3.558791386906009,0.011924074220736196
1746163337.168213367,3.537731279204387,0.017573354358071468
1746163337.172212124,3.537731279204387,0.017573354358071468
1746163337.176873207,3.5167354603094245,0.023183552602147387
1746163337.180212736,3.5167354603094245,0.023183552602147387
1746163337.184286594,3.5167354603094245,0.023183552602147387
1746163337.188225031,3.495797889698095,0.028785221630090937
1746163337.192606926,3.495797889698095,0.028785221630090937
1746163337.198535919,3.4750059912170985,0.03432599967126281
1746163337.201488018,3.4750059912170985,0.03432599967126281
1746163337.204669714,3.4750059912170985,0.03432599967126281
1746163337.210973263,3.454451039157198,0.03984009630195728
1746163337.213170052,3.454451039157198,0.03984009630195728
1746163337.218354940,3.4341078491860024,0.04540554234317906
1746163337.220654488,3.4341078491860024,0.04540554234317906
1746163337.224251747,3.4341078491860024,0.04540554234317906
1746163337.228372335,3.4139573480732146,0.0510868275054651
1746163337.232407093,3.4139573480732146,0.0510868275054651
1746163337.237468719,3.3939866435264454,0.05694016135775857
1746163337.240316391,3.3939866435264454,0.05694016135775857
1746163337.244309425,3.3939866435264454,0.05694016135775857
1746163337.248267174,3.374188674806973,0.06301624665674226
1746163337.252275467,3.374188674806973,0.06301624665674226
1746163337.257174730,3.354561754008617,0.06936177831072403
1746163337.260246277,3.354561754008617,0.06936177831072403
1746163337.264236927,3.354561754008617,0.06936177831072403
1746163337.268236876,3.335109124479115,0.07602028084591177
1746163337.272261143,3.335109124479115,0.07602028084591177
1746163337.276780128,3.3158296451399116,0.08300830031309117
1746163337.280307055,3.3158296451399116,0.08300830031309117
1746163337.284281015,3.3158296451399116,0.08300830031309117
1746163337.288230896,3.2967938625340634,0.09024247398805324
1746163337.292311668,3.2967938625340634,0.09024247398805324
1746163337.297071934,3.278077255079111,0.09770422135938522
1746163337.300230265,3.278077255079111,0.09770422135938522
1746163337.304305315,3.278077255079111,0.09770422135938522
1746163337.308216333,3.2596294141392117,0.10536480676811683
1746163337.312329769,3.2596294141392117,0.10536480676811683
1746163337.316893101,3.24143059902766,0.11325155839507252
1746163337.320219755,3.24143059902766,0.11325155839507252
1746163337.324283600,3.24143059902766,0.11325155839507252
1746163337.328253746,3.2234450867631526,0.12133893635833568
1746163337.332219124,3.2234450867631526,0.12133893635833568
1746163337.336655855,3.205665225794237,0.1296530705063714
1746163337.340235949,3.205665225794237,0.1296530705063714
1746163337.344268084,3.205665225794237,0.1296530705063714
1746163337.348207474,3.188063882591723,0.1381683071041264
1746163337.352313042,3.188063882591723,0.1381683071041264
1746163337.356697321,3.170641194427409,0.14690903859587526
1746163337.360257149,3.170641194427409,0.14690903859587526
1746163337.364222288,3.170641194427409,0.14690903859587526
1746163337.368244648,3.153375363172687,0.1558494542498518
1746163337.372261047,3.153375363172687,0.1558494542498518
1746163337.377051592,3.1362718458213057,0.16501274606673827
1746163337.380218744,3.1362718458213057,0.16501274606673827
1746163337.384192467,3.1362718458213057,0.16501274606673827
1746163337.388248205,3.1193978671593063,0.1743253888986744
1746163337.392221928,3.1193978671593063,0.1743253888986744
1746163337.396734953,3.1028322208624664,0.1837714024579223
1746163337.400271416,3.1028322208624664,0.1837714024579223
1746163337.404222250,3.1028322208624664,0.1837714024579223
1746163337.408289194,3.086527395366792,0.1933389516315883
1746163337.412276745,3.086527395366792,0.1933389516315883
1746163337.416658163,3.0704716377545536,0.20306347457392274
1746163337.420274734,3.0704716377545536,0.20306347457392274
1746163337.424253702,3.0704716377545536,0.20306347457392274
1746163337.428217411,3.0546289148705092,0.21292823810640854
1746163337.432213783,3.0546289148705092,0.21292823810640854
1746163337.436770678,3.038997067123413,0.2229626529567252
1746163337.440273523,3.038997067123413,0.2229626529567252
1746163337.444221973,3.038997067123413,0.2229626529567252
1746163337.448252439,3.023547226009386,0.2331468070599458
1746163337.452302456,3.023547226009386,0.2331468070599458
1746163337.456736565,3.008283763332796,0.24350630070819307
1746163337.460210562,3.008283763332796,0.24350630070819307
1746163337.464285374,3.008283763332796,0.24350630070819307
1746163337.468213797,2.993182473381285,0.2540196206508282
1746163337.472351074,2.993182473381285,0.2540196206508282
1746163337.476774693,2.978252337649536,0.26471005124283886
1746163337.480280876,2.978252337649536,0.26471005124283886
1746163337.484282255,2.978252337649536,0.26471005124283886
1746163337.488215923,2.9635503747723297,0.2754974454646831
1746163337.492290974,2.9635503747723297,0.2754974454646831
1746163337.496751785,2.949152455196737,0.2863570003272734
1746163337.500277519,2.949152455196737,0.2863570003272734
1746163337.504322767,2.949152455196737,0.2863570003272734
1746163337.508274317,2.9350103123520284,0.2972835405349017
1746163337.512196064,2.9350103123520284,0.2972835405349017
1746163337.517003298,2.9211169869241354,0.3083141333579778
1746163337.520296812,2.9211169869241354,0.3083141333579778
1746163337.524283886,2.9211169869241354,0.3083141333579778
1746163337.528274059,2.9074347447959634,0.3194371525005432
1746163337.532260656,2.9074347447959634,0.3194371525005432
1746163337.536828041,2.893965200270591,0.3306824943632349
1746163337.540221214,2.893965200270591,0.3306824943632349
1746163337.544195175,2.893965200270591,0.3306824943632349
1746163337.548286438,2.880677269414734,0.34203447180936775
1746163337.552266121,2.880677269414734,0.34203447180936775
1746163337.557363272,2.8675784831360454,0.3535184368338633
1746163337.560229540,2.8675784831360454,0.3535184368338633
1746163337.564193487,2.8675784831360454,0.3535184368338633
1746163337.568165302,2.8546250931196897,0.3650975294008073
1746163337.572212696,2.8546250931196897,0.3650975294008073
1746163337.576731205,2.841766708134375,0.3767267689690738
1746163337.580242634,2.841766708134375,0.3767267689690738
1746163337.584262371,2.841766708134375,0.3767267689690738
1746163337.588263035,2.8289613210293476,0.38836968738341265
1746163337.592570305,2.8289613210293476,0.38836968738341265
1746163337.599061966,2.8163400313239277,0.3998277027699729
1746163337.602669477,2.8163400313239277,0.3998277027699729
1746163337.609303951,2.8040286025037338,0.4109615844930198
1746163337.612575531,2.8040286025037338,0.4109615844930198
1746163337.617214680,2.7920098432023215,0.4218790526547185
1746163337.620283604,2.7920098432023215,0.4218790526547185
1746163337.624292850,2.7920098432023215,0.4218790526547185
1746163337.628241777,2.780224806213322,0.4326175688637635
1746163337.632265091,2.780224806213322,0.4326175688637635
1746163337.636807442,2.7686600432141715,0.4432449702207952
1746163337.640241146,2.7686600432141715,0.4432449702207952
1746163337.644231796,2.7686600432141715,0.4432449702207952
1746163337.648226023,2.757265989984387,0.45377378848910055
1746163337.652268648,2.757265989984387,0.45377378848910055
1746163337.656668663,2.7460377065794925,0.46425222033775
1746163337.660253525,2.7460377065794925,0.46425222033775
1746163337.664350033,2.7460377065794925,0.46425222033775
1746163337.668214798,2.734934719462624,0.47467993168445355
1746163337.672257423,2.734934719462624,0.47467993168445355
1746163337.676671743,2.723959362157123,0.4850940458669709
1746163337.680271864,2.723959362157123,0.4850940458669709
1746163337.684252262,2.723959362157123,0.4850940458669709
1746163337.688247442,2.713078006495407,0.4954869420553296
1746163337.692258596,2.713078006495407,0.4954869420553296
1746163337.696916103,2.702316067870297,0.5059073284639646
1746163337.700295687,2.702316067870297,0.5059073284639646
1746163337.704292297,2.702316067870297,0.5059073284639646
1746163337.708247185,2.6917074546874282,0.5164067332568821
1746163337.712518215,2.6917074546874282,0.5164067332568821
1746163337.718466759,2.6813178064366525,0.5269881626406097
1746163337.721458912,2.6813178064366525,0.5269881626406097
1746163337.725174427,2.6813178064366525,0.5269881626406097
1746163337.731162310,2.6712009373540444,0.5376514971386379
1746163337.733793020,2.6712009373540444,0.5376514971386379
1746163337.737468719,2.661364356014334,0.5484312655801779
1746163337.740239620,2.661364356014334,0.5484312655801779
1746163337.744234800,2.661364356014334,0.5484312655801779
1746163337.748260260,2.651817315359055,0.5593548526034265
1746163337.752266407,2.651817315359055,0.5593548526034265
1746163337.757135868,2.642570873182146,0.5704439165513249
1746163337.760246277,2.642570873182146,0.5704439165513249
1746163337.764267206,2.642570873182146,0.5704439165513249
1746163337.768224239,2.633637868261716,0.5817154394075724
1746163337.772244215,2.633637868261716,0.5817154394075724
1746163337.776690483,2.62503284699293,0.5931824939823787
1746163337.780206680,2.62503284699293,0.5931824939823787
1746163337.784235477,2.62503284699293,0.5931824939823787
1746163337.788213730,2.616751423658814,0.6048404060980734
1746163337.792299986,2.616751423658814,0.6048404060980734
1746163337.796776295,2.6087375734157523,0.6166479475192995
1746163337.800237179,2.6087375734157523,0.6166479475192995
1746163337.804289103,2.6087375734157523,0.6166479475192995
1746163337.808222294,2.6009908284976273,0.6286037278935194
1746163337.812230825,2.6009908284976273,0.6286037278935194
1746163337.816634417,2.593472264754524,0.6406813337102886
1746163337.820255518,2.593472264754524,0.6406813337102886
1746163337.824282169,2.593472264754524,0.6406813337102886
1746163337.828209639,2.5861940649538835,0.6528868889271837
1746163337.832303047,2.5861940649538835,0.6528868889271837
1746163337.836711645,2.5791253647034305,0.6652002035337344
1746163337.840399265,2.5791253647034305,0.6652002035337344
1746163337.844308376,2.5791253647034305,0.6652002035337344
1746163337.848256826,2.5723247643761473,0.6775581456774814
1746163337.852216482,2.5723247643761473,0.6775581456774814
1746163337.856655836,2.5657949567845564,0.6898839175700588
1746163337.860253572,2.5657949567845564,0.6898839175700588
1746163337.864213943,2.5657949567845564,0.6898839175700588
1746163337.868258238,2.559543821777139,0.7022109609354231
1746163337.872390032,2.559543821777139,0.7022109609354231
1746163337.876637220,2.553531424280231,0.7145417688146266
1746163337.880332470,2.553531424280231,0.7145417688146266
1746163337.884262562,2.553531424280231,0.7145417688146266
1746163337.888222456,2.547771319984584,0.7269005127607406
1746163337.892309666,2.547771319984584,0.7269005127607406
1746163337.896743298,2.542228312820868,0.7392842186185609
1746163337.900254011,2.542228312820868,0.7392842186185609
1746163337.904208422,2.542228312820868,0.7392842186185609
1746163337.908491135,2.536919932610004,0.7517108712599637
1746163337.912472963,2.536919932610004,0.7517108712599637
1746163337.918187618,2.5318143380010723,0.7641743844618372
1746163337.921821833,2.5318143380010723,0.7641743844618372
1746163337.925282240,2.5318143380010723,0.7641743844618372
1746163337.932424784,2.5269320498877423,0.7766885782086136
1746163337.938547134,2.522220221992701,0.7892370239658911
1746163337.941067696,2.522220221992701,0.7892370239658911
1746163337.944245577,2.522220221992701,0.7892370239658911
1746163337.948263407,2.5176200187987336,0.80180182659839
1746163337.952296257,2.5176200187987336,0.80180182659839
1746163337.957137108,2.513086402714859,0.8143705892473934
1746163337.960247040,2.513086402714859,0.8143705892473934
1746163337.964291334,2.513086402714859,0.8143705892473934
1746163337.968243122,2.5085835596842663,0.8269340391949359
1746163337.972215414,2.5085835596842663,0.8269340391949359
1746163337.976651907,2.5040819290835468,0.8394846601335735
1746163337.980252743,2.5040819290835468,0.8394846601335735
1746163337.984257698,2.5040819290835468,0.8394846601335735
1746163337.988194704,2.49955438857539,0.8520216841740337
1746163337.992210150,2.49955438857539,0.8520216841740337
1746163337.996684074,2.4949769421816668,0.8645438320388502
1746163338.000181913,2.4949769421816668,0.8645438320388502
1746163338.004218817,2.4949769421816668,0.8645438320388502
1746163338.008211374,2.49035284711869,0.8770519475012881
1746163338.012215853,2.49035284711869,0.8770519475012881
1746163338.016822815,2.485744141896908,0.8895687146503896
1746163338.020243883,2.485744141896908,0.8895687146503896
1746163338.024256229,2.485744141896908,0.8895687146503896
1746163338.028254986,2.481149841911373,0.9020935920454419
1746163338.032267332,2.481149841911373,0.9020935920454419
1746163338.036659002,2.4766348247061827,0.9146499093216298
1746163338.040266991,2.4766348247061827,0.9146499093216298
1746163338.044165134,2.4766348247061827,0.9146499093216298
1746163338.048240185,2.4722658503129606,0.927260270583748
1746163338.052273512,2.4722658503129606,0.927260270583748
1746163338.056720018,2.4680934887887984,0.9399393915987148
1746163338.060256720,2.4680934887887984,0.9399393915987148
1746163338.064217091,2.4680934887887984,0.9399393915987148
1746163338.068248749,2.464157757809749,0.9526961728792824
1746163338.072269440,2.464157757809749,0.9526961728792824
1746163338.076668501,2.4604917374426485,0.9655351686652897
1746163338.080270529,2.4604917374426485,0.9655351686652897
1746163338.084278584,2.4604917374426485,0.9655351686652897
1746163338.088232994,2.457123916977866,0.9784575842350206
1746163338.092257023,2.457123916977866,0.9784575842350206
1746163338.096678734,2.4540797272737254,0.9914619303216932
1746163338.100212097,2.4540797272737254,0.9914619303216932
1746163338.104256630,2.4540797272737254,0.9914619303216932
1746163338.108258486,2.4513825396669735,1.0045444376814896
1746163338.112279654,2.4513825396669735,1.0045444376814896
1746163338.116689920,2.4490361962647262,1.0176961923055756
1746163338.120230675,2.4490361962647262,1.0176961923055756
1746163338.124268293,2.4490361962647262,1.0176961923055756
1746163338.128198385,2.447002959177987,1.0309017036106862
1746163338.132253408,2.447002959177987,1.0309017036106862
1746163338.136788607,2.445253253614546,1.0441498339943143
1746163338.140253782,2.445253253614546,1.0441498339943143
1746163338.144338369,2.445253253614546,1.0441498339943143
1746163338.148244381,2.4437551613941237,1.0574312260935368
1746163338.152268648,2.4437551613941237,1.0574312260935368
1746163338.156730890,2.4424405598825376,1.070734384470876
1746163338.160259724,2.4424405598825376,1.070734384470876
1746163338.164245844,2.4424405598825376,1.070734384470876
1746163338.168258905,2.4412488951607747,1.0840513156821758
1746163338.172266245,2.4412488951607747,1.0840513156821758
1746163338.176843405,2.4401586364898598,1.0973789590666747
1746163338.180237770,2.4401586364898598,1.0973789590666747
1746163338.184293270,2.4401586364898598,1.0973789590666747
1746163338.188233614,2.439243678008286,1.110721644306747
1746163338.192260742,2.439243678008286,1.110721644306747
1746163338.196772575,2.43857780381154,1.1240808367019928
1746163338.200268269,2.43857780381154,1.1240808367019928
1746163338.204217672,2.43857780381154,1.1240808367019928
1746163338.208239079,2.4382032005605794,1.1374531385745787
1746163338.212298870,2.4382032005605794,1.1374531385745787
1746163338.216843843,2.438131652383002,1.1508321524747112
1746163338.220233440,2.438131652383002,1.1508321524747112
1746163338.224236250,2.438131652383002,1.1508321524747112
1746163338.228215933,2.4383378595622767,1.1642114046377354
1746163338.232240915,2.4383378595622767,1.1642114046377354
1746163338.236804247,2.4388061380511656,1.177585597058322
1746163338.240280390,2.4388061380511656,1.177585597058322
1746163338.244275570,2.4388061380511656,1.177585597058322
1746163338.248254538,2.43952597697247,1.1909500795854042
1746163338.252242804,2.43952597697247,1.1909500795854042
1746163338.256827593,2.4404902590523476,1.2043005478022304
1746163338.260269165,2.4404902590523476,1.2043005478022304
1746163338.264282227,2.4404902590523476,1.2043005478022304
1746163338.268469810,2.44169409854662,1.2176328789226998
1746163338.272597313,2.44169409854662,1.2176328789226998
1746163338.279246092,2.443133887574554,1.2309412051363946
1746163338.282577753,2.443133887574554,1.2309412051363946
1746163338.290843010,2.444806968364538,1.2442199695023317
1746163338.293425560,2.444806968364538,1.2442199695023317
1746163338.297300100,2.446699267600202,1.2574674873167457
1746163338.300229073,2.446699267600202,1.2574674873167457
1746163338.304245710,2.446699267600202,1.2574674873167457
1746163338.308275700,2.448754659292711,1.2706892661307794
1746163338.312269926,2.448754659292711,1.2706892661307794
1746163338.316846848,2.450920958793346,1.2838921585426295
1746163338.320232391,2.450920958793346,1.2838921585426295
1746163338.324270010,2.450920958793346,1.2838921585426295
1746163338.328214169,2.453182198817171,1.29707812053708
1746163338.332200527,2.453182198817171,1.29707812053708
1746163338.336781740,2.4556148479190596,1.3102326537053097
1746163338.340228796,2.4556148479190596,1.3102326537053097
1746163338.344339848,2.4556148479190596,1.3102326537053097
1746163338.348246574,2.4582932217117817,1.3233386184426832
1746163338.352217197,2.4582932217117817,1.3233386184426832
1746163338.356654882,2.4612534458221798,1.336383282488969
1746163338.360255718,2.4612534458221798,1.336383282488969
1746163338.364258289,2.4612534458221798,1.336383282488969
1746163338.368261814,2.464478687460588,1.3493645694237963
1746163338.372263908,2.464478687460588,1.3493645694237963
1746163338.376716375,2.4679531716474745,1.3622810525011981
1746163338.380250454,2.4679531716474745,1.3622810525011981
1746163338.384220123,2.4679531716474745,1.3622810525011981
1746163338.388255358,2.4716661168426133,1.3751307491122944
1746163338.392255068,2.4716661168426133,1.3751307491122944
1746163338.396697998,2.4756099720999916,1.38791124282545
1746163338.400251627,2.4756099720999916,1.38791124282545
1746163338.404274702,2.4756099720999916,1.38791124282545
1746163338.408228159,2.4797792895354562,1.4006197909637643
1746163338.412262201,2.4797792895354562,1.4006197909637643
1746163338.416687965,2.4841905833909554,1.4133143032504984
1746163338.420302153,2.4841905833909554,1.4133143032504984
1746163338.424275160,2.4841905833909554,1.4133143032504984
1746163338.428243637,2.4888611190084498,1.4260493630754438
1746163338.432221889,2.4888611190084498,1.4260493630754438
1746163338.436758757,2.493788912887927,1.4388151830265639
1746163338.440258503,2.493788912887927,1.4388151830265639
1746163338.444238901,2.493788912887927,1.4388151830265639
1746163338.448213100,2.4989623443506144,1.4516062518981503
1746163338.452217817,2.4989623443506144,1.4516062518981503
1746163338.456658602,2.5043316567328304,1.4644339130721573
1746163338.460220814,2.5043316567328304,1.4644339130721573
1746163338.464285374,2.5043316567328304,1.4644339130721573
1746163338.468250275,2.5098493077635635,1.4773108252428744
1746163338.472303391,2.5098493077635635,1.4773108252428744
1746163338.476714611,2.5154777852903902,1.4902469352754042
1746163338.480217457,2.5154777852903902,1.4902469352754042
1746163338.484251261,2.5154777852903902,1.4902469352754042
1746163338.488268852,2.521208182233432,1.5032405508144717
1746163338.492217064,2.521208182233432,1.5032405508144717
1746163338.496824503,2.527113926945235,1.5162532829478
1746163338.500240326,2.527113926945235,1.5162532829478
1746163338.504300117,2.527113926945235,1.5162532829478
1746163338.508223534,2.5332680993223247,1.5292442881367418
1746163338.512273550,2.5332680993223247,1.5292442881367418
1746163338.516735315,2.5397256327414683,1.542177539669205
1746163338.520254374,2.5397256327414683,1.542177539669205
1746163338.524255276,2.5397256327414683,1.542177539669205
1746163338.528264046,2.546512640682724,1.5550281418582113
1746163338.532255888,2.546512640682724,1.5550281418582113
1746163338.536816120,2.5536104811326057,1.5677937507215047
1746163338.540220737,2.5536104811326057,1.5677937507215047
1746163338.544259787,2.5536104811326057,1.5677937507215047
1746163338.548252821,2.5610021170676385,1.5804724906032808
1746163338.552267075,2.5610021170676385,1.5804724906032808
1746163338.556708097,2.5687004275695835,1.5931032133257013
1746163338.560259819,2.5687004275695835,1.5931032133257013
1746163338.564245939,2.5687004275695835,1.5931032133257013
1746163338.568221569,2.5767212876619756,1.6057210465518645
1746163338.572256565,2.5767212876619756,1.6057210465518645
1746163338.576671124,2.585057967569285,1.6183150930549068
1746163338.580261946,2.585057967569285,1.6183150930549068
1746163338.584217072,2.585057967569285,1.6183150930549068
1746163338.588378668,2.593705835448053,1.630873621895699
1746163338.592268944,2.593705835448053,1.630873621895699
1746163338.596758604,2.602661531675222,1.6433844103988502
1746163338.600273609,2.602661531675222,1.6433844103988502
1746163338.604261160,2.602661531675222,1.6433844103988502
1746163338.608253956,2.611922436270568,1.6558349744957694
1746163338.612332344,2.611922436270568,1.6558349744957694
1746163338.616679192,2.621486318088422,1.6682127271562712
1746163338.620252848,2.621486318088422,1.6682127271562712
1746163338.624323606,2.621486318088422,1.6682127271562712
1746163338.628234148,2.6313511008891823,1.6805050888443074
1746163338.632283449,2.6313511008891823,1.6805050888443074
1746163338.636729479,2.6415147064751046,1.6926995652072632
1746163338.640212059,2.6415147064751046,1.6926995652072632
1746163338.644210815,2.6415147064751046,1.6926995652072632
1746163338.648214340,2.651974949518699,1.7047838020462707
1746163338.652206421,2.651974949518699,1.7047838020462707
1746163338.656779051,2.662729467483295,1.7167456243821742
1746163338.660254002,2.662729467483295,1.7167456243821742
1746163338.664257050,2.662729467483295,1.7167456243821742
1746163338.680210352,2.6851107322636207,1.7402543809828817
1746163338.684209824,2.6851107322636207,1.7402543809828817
1746163338.688264608,2.6967483905324965,1.7517954050803313
1746163338.692286015,2.6967483905324965,1.7517954050803313
1746163338.696702719,2.708701601805516,1.763201148639434
1746163338.700273037,2.708701601805516,1.763201148639434
1746163338.704295635,2.708701601805516,1.763201148639434
1746163338.708481550,2.720965836983165,1.7744583525365558
1746163338.712693214,2.720965836983165,1.7744583525365558
1746163338.718544722,2.733528666812371,1.7855628640529546
1746163338.722426414,2.733528666812371,1.7855628640529546
1746163338.730257034,2.7463495078772717,1.796544546963808
1746163338.733729124,2.7463495078772717,1.796544546963808
1746163338.738167048,2.7593886210114977,1.8074362988621635
1746163338.740274429,2.7593886210114977,1.8074362988621635
1746163338.744285107,2.7593886210114977,1.8074362988621635
1746163338.748274326,2.772612992275758,1.8182662897745954
1746163338.752287865,2.772612992275758,1.8182662897745954
1746163338.757018089,2.785994159772501,1.829059482563391
1746163338.760253906,2.785994159772501,1.829059482563391
1746163338.764303446,2.785994159772501,1.829059482563391
1746163338.768482924,2.799521867638341,1.839819666746395
1746163338.772495985,2.799521867638341,1.839819666746395
1746163338.778239012,2.813227465288859,1.850498232877841
1746163338.780427933,2.813227465288859,1.850498232877841
1746163338.784253836,2.813227465288859,1.850498232877841
1746163338.788627386,2.827104722723323,1.861093479519557
1746163338.792265415,2.827104722723323,1.861093479519557
1746163338.797504663,2.841175257724086,1.871566906101447
1746163338.800243616,2.841175257724086,1.871566906101447
1746163338.804278612,2.841175257724086,1.871566906101447
1746163338.808263779,2.8554413093083744,1.8819354907843986
1746163338.812236071,2.8554413093083744,1.8819354907843986
1746163338.817298651,2.8699332401237756,1.8921761400981838
1746163338.820202589,2.8699332401237756,1.8921761400981838
1746163338.824255466,2.8699332401237756,1.8921761400981838
1746163338.828561544,2.8846348184999004,1.902297820390153
1746163338.833095312,2.8846348184999004,1.902297820390153
1746163338.838654757,2.8995584295148067,1.9122684140366146
1746163338.840671062,2.8995584295148067,1.9122684140366146
1746163338.844234228,2.8995584295148067,1.9122684140366146
1746163338.848222733,2.914686876891128,1.9220994323946583
1746163338.852322817,2.914686876891128,1.9220994323946583
1746163338.856993198,2.9300309657734616,1.9317599136768582
1746163338.860237360,2.9300309657734616,1.9317599136768582
1746163338.864176750,2.9300309657734616,1.9317599136768582
1746163338.868260145,2.945573226132542,1.9412631704591856
1746163338.872261047,2.945573226132542,1.9412631704591856
1746163338.876746655,2.96132330190699,1.950578877180856
1746163338.880240679,2.96132330190699,1.950578877180856
1746163338.884248495,2.96132330190699,1.950578877180856
1746163338.888257980,2.977263808501278,1.959721748017217
1746163338.892276049,2.977263808501278,1.959721748017217
1746163338.896772861,2.9934034271973653,1.968661823454652
1746163338.900228262,2.9934034271973653,1.968661823454652
1746163338.904237747,2.9934034271973653,1.968661823454652
1746163338.908314705,3.0097250570101886,1.9774149902767082
1746163338.912277937,3.0097250570101886,1.9774149902767082
1746163338.917181492,3.0262365089717744,1.9859515114235058
1746163338.920235634,3.0262365089717744,1.9859515114235058
1746163338.924290657,3.0262365089717744,1.9859515114235058
1746163338.928294897,3.042937011106873,1.9942964073744924
1746163338.932260036,3.042937011106873,1.9942964073744924
1746163338.936795950,3.0598486637799303,2.0024279363159896
1746163338.940265656,3.0598486637799303,2.0024279363159896
1746163338.944282770,3.0598486637799303,2.0024279363159896
1746163338.948216200,3.0769541595807044,2.0103624351411264
1746163338.952245474,3.0769541595807044,2.0103624351411264
1746163338.956752777,3.094258378586142,2.0180695146669017
1746163338.960236549,3.094258378586142,2.0180695146669017
1746163338.964247704,3.094258378586142,2.0180695146669017
1746163338.968261957,3.1117447693682587,2.0255661883771845
1746163338.972279787,3.1117447693682587,2.0255661883771845
1746163338.977098465,3.129417625490989,2.0328219718179463
1746163338.980235815,3.129417625490989,2.0328219718179463
1746163338.984264851,3.129417625490989,2.0328219718179463
1746163338.988476038,3.147261092101886,2.0398546143305945
1746163338.992573500,3.147261092101886,2.0398546143305945
1746163338.998452902,3.1652787836155727,2.0466336340540545
1746163339.001599789,3.1652787836155727,2.0466336340540545
1746163339.005573273,3.1652787836155727,2.0466336340540545
1746163339.012570620,3.1834555130117224,2.0531775506593513
1746163339.018243313,3.201794153469165,2.059455953945503
1746163339.020744801,3.201794153469165,2.059455953945503
1746163339.024284124,3.201794153469165,2.059455953945503
1746163339.028285503,3.2202801814319,2.0654881399177927
1746163339.032284498,3.2202801814319,2.0654881399177927
1746163339.036882401,3.2389347552763716,2.0712500315760844
1746163339.040267706,3.2389347552763716,2.0712500315760844
1746163339.044257402,3.2389347552763716,2.0712500315760844
1746163339.048452616,3.257762367574437,2.0767670515369123
1746163339.052318573,3.257762367574437,2.0767670515369123
1746163339.058325529,3.2767689854685202,2.081984781343298
1746163339.060611725,3.2767689854685202,2.081984781343298
1746163339.064320803,3.2767689854685202,2.081984781343298
1746163339.068278551,3.2959559190138594,2.0868579505643496
1746163339.072286367,3.2959559190138594,2.0868579505643496
1746163339.077026129,3.3153051906892594,2.0914135598990877
1746163339.080344200,3.3153051906892594,2.0914135598990877
1746163339.084273577,3.3153051906892594,2.0914135598990877
1746163339.088185787,3.3348122293218028,2.095625706852914
1746163339.092222929,3.3348122293218028,2.095625706852914
1746163339.096789598,3.354461662579174,2.099517819148074
1746163339.100206137,3.354461662579174,2.099517819148074
1746163339.104299307,3.354461662579174,2.099517819148074
1746163339.108244419,3.374249109919069,2.1030612708612075
1746163339.112266541,3.374249109919069,2.1030612708612075
1746163339.116880178,3.394160774181078,2.1062782661403947
1746163339.120173693,3.394160774181078,2.1062782661403947
1746163339.124226093,3.394160774181078,2.1062782661403947
1746163339.128204823,3.414191806712311,2.1091390829645618
1746163339.132263422,3.414191806712311,2.1091390829645618
1746163339.136942863,3.4343524827052296,2.11166883642503
1746163339.140245438,3.4343524827052296,2.11166883642503
1746163339.144314051,3.4343524827052296,2.11166883642503
1746163339.148259163,3.4546590253058986,2.113840601225619
1746163339.152255297,3.4546590253058986,2.113840601225619
1746163339.156918287,3.4750957337900212,2.115699671800469
1746163339.160255671,3.4750957337900212,2.115699671800469
1746163339.164214611,3.4750957337900212,2.115699671800469
1746163339.168275118,3.4956481270375264,2.1173065746004145
1746163339.172292948,3.4956481270375264,2.1173065746004145
1746163339.176971912,3.516304861897547,2.118714396432598
1746163339.180388212,3.516304861897547,2.118714396432598
1746163339.184265375,3.516304861897547,2.118714396432598
1746163339.188256502,3.5370581789313107,2.119946696369405
1746163339.192257404,3.5370581789313107,2.119946696369405
1746163339.196729422,3.557904766145609,2.120956752628544
1746163339.200261593,3.557904766145609,2.120956752628544
1746163339.204256296,3.557904766145609,2.120956752628544
1746163339.208536863,3.5788378945509405,2.1217553397176125
1746163339.212481260,3.5788378945509405,2.1217553397176125
1746163339.218712330,3.599852705281573,2.1223048783067937
1746163339.221985579,3.599852705281573,2.1223048783067937
1746163339.225754499,3.599852705281573,2.1223048783067937
1746163339.230355740,3.62094211934137,2.1226473825497125
1746163339.232877254,3.62094211934137,2.1226473825497125
1746163339.237512350,3.642124992548779,2.122841324161927
1746163339.240229845,3.642124992548779,2.122841324161927
1746163339.244209528,3.642124992548779,2.122841324161927
1746163339.248295546,3.663420453844424,2.122938776215254
1746163339.252234936,3.663420453844424,2.122938776215254
1746163339.256839275,3.684822695882688,2.1229639997310477
1746163339.260258675,3.684822695882688,2.1229639997310477
1746163339.264291763,3.684822695882688,2.1229639997310477
1746163339.268226862,3.706326263646577,2.122871622934817
1746163339.272233248,3.706326263646577,2.122871622934817
1746163339.276738644,3.7279258011775287,2.1226733496899506
1746163339.280221224,3.7279258011775287,2.1226733496899506
1746163339.284265280,3.7279258011775287,2.1226733496899506
1746163339.288211584,3.7496156637647227,2.122332943627136
1746163339.292216778,3.7496156637647227,2.122332943627136
1746163339.297029257,3.771390952166314,2.1218684814701763
1746163339.300231695,3.771390952166314,2.1218684814701763
1746163339.304272175,3.771390952166314,2.1218684814701763
1746163339.308245659,3.793245923022972,2.1212479362102243
1746163339.312201023,3.793245923022972,2.1212479362102243
1746163339.316827297,3.8151762604552912,2.1204924950510597
1746163339.320267200,3.8151762604552912,2.1204924950510597
1746163339.324214458,3.8151762604552912,2.1204924950510597
1746163339.328321695,3.8371761474430754,2.1195721975972353
1746163339.332340240,3.8371761474430754,2.1195721975972353
1746163339.336693287,3.8592697278392567,2.118508569272363
1746163339.340142012,3.8592697278392567,2.118508569272363
1746163339.344259977,3.8592697278392567,2.118508569272363
1746163339.348214388,3.8814776359989716,2.1172719457521185
1746163339.352194071,3.8814776359989716,2.1172719457521185
1746163339.356712341,3.9037942024448293,2.115885370268166
1746163339.360220671,3.9037942024448293,2.115885370268166
1746163339.364311218,3.9037942024448293,2.115885370268166
1746163339.368248463,3.9262109945034185,2.1143209980219595
1746163339.372213840,3.9262109945034185,2.1143209980219595
1746163339.376680136,3.948723194496937,2.1126023092359216
1746163339.380282640,3.948723194496937,2.1126023092359216
1746163339.384270668,3.948723194496937,2.1126023092359216
1746163339.388242006,3.9713224577035118,2.110701613865252
1746163339.392286062,3.9713224577035118,2.110701613865252
1746163339.396759987,3.994004776898582,2.108642705724574
1746163339.400299549,3.994004776898582,2.108642705724574
1746163339.404271603,3.994004776898582,2.108642705724574
1746163339.408241987,4.016761843343187,2.1063980107894995
1746163339.412226439,4.016761843343187,2.1063980107894995
1746163339.416725397,4.039590424834927,2.103991589781799
1746163339.420210838,4.039590424834927,2.103991589781799
1746163339.424297571,4.039590424834927,2.103991589781799
1746163339.428245306,4.062510340407319,2.1013931244113557
1746163339.432268620,4.062510340407319,2.1013931244113557
1746163339.436677933,4.085547301665616,2.0986356235434718
1746163339.440198898,4.085547301665616,2.0986356235434718
1746163339.444387436,4.085547301665616,2.0986356235434718
1746163339.448248863,4.108696326176668,2.0957380466616753
1746163339.452217817,4.108696326176668,2.0957380466616753
1746163339.456924438,4.131954360134797,2.092729528005418
1746163339.460242271,4.131954360134797,2.092729528005418
1746163339.464229584,4.131954360134797,2.092729528005418
1746163339.468215227,4.155310898770117,2.0895784066235863
1746163339.472255468,4.155310898770117,2.0895784066235863
1746163339.476639748,4.178762583423157,2.086305614588299
1746163339.480211973,4.178762583423157,2.086305614588299
1746163339.484213829,4.178762583423157,2.086305614588299
1746163339.488253832,4.202299444024852,2.082882459387255
1746163339.492373943,4.202299444024852,2.082882459387255
1746163339.496712923,4.225919086703025,2.0793319727007202
1746163339.500255108,4.225919086703025,2.0793319727007202
1746163339.504327059,4.225919086703025,2.0793319727007202
1746163339.508244514,4.249637135996167,2.0755985743247702
1746163339.512264490,4.249637135996167,2.0755985743247702
1746163339.517024994,4.27346841346507,2.0716350053565327
